solid no_name
facet normal -0.132948911797310 0.010229057643207 -0.991070105104398
   outer loop
      vertex 0.046770090314795 0.899518533656439 0.307334182918026
      vertex 0.031610900189611 0.902134631699348 0.309394741538486
      vertex 0.031579648639101 0.904134254841126 0.309419572395443
   endloop
endfacet
facet normal 0.058625937658822 0.961009934328916 -0.270227507028349
   outer loop
      vertex 0.317304492051870 0.794926733404215 0.091562929654484
      vertex 0.321471280488642 0.790233166531949 0.075775186358220
      vertex 0.307703234424404 0.794728318262206 0.088774310309278
   endloop
endfacet
facet normal 0.046833387671660 0.958439029531271 -0.281427185023678
   outer loop
      vertex 0.311745119974731 0.790028663643450 0.073460155577382
      vertex 0.315035739415091 0.785319822398443 0.057971153060499
      vertex 0.302018959460819 0.789824160754951 0.071145124796545
   endloop
endfacet
facet normal -0.885564312182243 -0.025098516463119 0.463838240619014
   outer loop
      vertex 0.279514750867904 0.718700582679747 -0.138084188498677
      vertex 0.272491948133816 0.715797289177757 -0.151649287883679
      vertex 0.272530494188783 0.713798014207723 -0.151683877151425
   endloop
endfacet
facet normal 0.147821213387417 -0.957288563184154 0.248490433758503
   outer loop
      vertex 0.304212200736622 0.724090847290963 -0.132010577450323
      vertex 0.288503007671852 0.718952721185073 -0.142459741782010
      vertex 0.297491264473684 0.719204859796034 -0.146835305064785
   endloop
endfacet
facet normal -0.246112014778066 0.954481232808912 -0.168506535177308
   outer loop
      vertex 0.201025821400137 0.678222206994758 -0.252595446831992
      vertex 0.207277775747428 0.678457048514175 -0.260396504852450
      vertex 0.194409619976981 0.673395642493080 -0.270271548059927
   endloop
endfacet
facet normal -0.971647262092012 -0.024489147012882 0.235163517042247
   outer loop
      vertex 0.304036112055784 0.744983097503785 -0.065762818853675
      vertex 0.300506184043405 0.742155931061173 -0.080642166752797
      vertex 0.300548531623056 0.740156617280753 -0.080675397159315
   endloop
endfacet
facet normal -0.011154751826028 0.960021863438421 -0.279702687208973
   outer loop
      vertex 0.330323437146009 0.771355803343151 0.011199198750664
      vertex 0.330557050346692 0.766606761128606 -0.005110227158512
      vertex 0.320333049821191 0.771130060705269 0.010822807741792
   endloop
endfacet
facet normal 0.217443120664020 -0.950429484758763 0.222266245248991
   outer loop
      vertex 0.238244405461198 0.694027463878202 -0.202131470414708
      vertex 0.228188765759291 0.689043380801751 -0.213606401439135
      vertex 0.245899382900648 0.694275203087799 -0.208560982606782
   endloop
endfacet
facet normal 0.284667791241747 -0.948060275384175 0.141936474762573
   outer loop
      vertex 0.157294788160758 0.658780288646074 -0.270850652577036
      vertex 0.143985872487422 0.653677474330815 -0.278242381293439
      vertex 0.162332301803174 0.659000006707193 -0.279486289882075
   endloop
endfacet
facet normal 0.151302352026006 -0.954820588649388 0.255783583841174
   outer loop
      vertex 0.288503007671852 0.718952721185073 -0.142459741782010
      vertex 0.281293103284000 0.714050273812920 -0.156495365726376
      vertex 0.297491264473684 0.719204859796034 -0.146835305064785
   endloop
endfacet
facet normal -0.091268024523939 0.962859124614216 -0.254111105319392
   outer loop
      vertex 0.319845082858782 0.742649644905421 -0.085717328091966
      vertex 0.339183881706615 0.743143356128218 -0.090792429434318
      vertex 0.334428681364485 0.738310168116438 -0.107398084788786
   endloop
endfacet
facet normal -0.277093209130959 -0.960182164901144 0.035630936828271
   outer loop
      vertex 0.032752293608851 0.900029051098618 0.319307411110622
      vertex 0.046833291522824 0.895519389641305 0.307285622198108
      vertex 0.048430001323529 0.895424907184901 0.317156737147685
   endloop
endfacet
facet normal 0.254689937007390 -0.954163372471513 0.157179179985648
   outer loop
      vertex 0.194475116971462 0.669396731800103 -0.270337867792355
      vertex 0.181139530545655 0.664317183071491 -0.279564787533976
      vertex 0.206197250009342 0.669857370117468 -0.286535847161226
   endloop
endfacet
facet normal -0.095061218770956 0.958438813297503 -0.268995178117853
   outer loop
      vertex 0.323557708970038 0.747471112408012 -0.069850297097497
      vertex 0.339183881706615 0.743143356128218 -0.090792429434318
      vertex 0.319845082858782 0.742649644905421 -0.085717328091966
   endloop
endfacet
facet normal -0.067468908985180 0.958976223238183 -0.275340788086656
   outer loop
      vertex 0.328638814167966 0.757067997214116 -0.037657399771755
      vertex 0.346234685763968 0.752760011377140 -0.056973209404938
      vertex 0.326491290323089 0.752277040331988 -0.053817456102698
   endloop
endfacet
facet normal -0.058610260851207 -0.961019636274326 0.270196402674269
   outer loop
      vertex 0.336604201459254 0.791325112374011 0.097090007657848
      vertex 0.317401688213023 0.790928181058988 0.091512867905303
      vertex 0.321567774377222 0.786234721374704 0.075723125778389
   endloop
endfacet
facet normal -0.697922904392485 -0.006486606587239 -0.716143521550912
   outer loop
      vertex 0.221061944042171 0.838165980174667 0.217004356828094
      vertex 0.210081174951199 0.840707555022314 0.227682724822996
      vertex 0.210041524150002 0.842707056624576 0.227703255933906
   endloop
endfacet
facet normal -0.138188498331143 0.955083776657217 -0.262142935237956
   outer loop
      vertex 0.300746357631517 0.732708552191458 -0.113327788614896
      vertex 0.304132109077540 0.728089344679159 -0.131942068872454
      vertex 0.294939900036590 0.727837769850891 -0.128012981385562
   endloop
endfacet
facet normal -0.081299899887028 0.958767384502175 -0.272314943940316
   outer loop
      vertex 0.313775336770358 0.747226755480040 -0.067790092763291
      vertex 0.323557708970038 0.747471112408012 -0.069850297097497
      vertex 0.319845082858782 0.742649644905421 -0.085717328091966
   endloop
endfacet
facet normal 0.069970408055761 -0.953915512811971 0.291803592186912
   outer loop
      vertex 0.306835485874530 0.747795680302888 -0.050726361605670
      vertex 0.304079159581812 0.742983793411514 -0.065795649283682
      vertex 0.316707134609196 0.748037114316138 -0.052304188787774
   endloop
endfacet
facet normal 0.252474533076515 -0.951889561526600 0.173674617617237
   outer loop
      vertex 0.201092318042547 0.674223323889532 -0.252662496525333
      vertex 0.188614050450406 0.669166412747055 -0.262238888107361
      vertex 0.207344370384667 0.674458267265623 -0.260463543489961
   endloop
endfacet
facet normal -0.971627438493257 -0.024782949913844 0.235214638491315
   outer loop
      vertex 0.303993066517290 0.746982301621391 -0.065729989480222
      vertex 0.300506184043405 0.742155931061173 -0.080642166752797
      vertex 0.304036112055784 0.744983097503785 -0.065762818853675
   endloop
endfacet
facet normal -0.624343225474669 -0.003790244117771 -0.781140941734214
   outer loop
      vertex 0.198473820205646 0.849249247310858 0.237873579984302
      vertex 0.186502774509167 0.851794802085492 0.247429336966982
      vertex 0.186464823393290 0.853794336421385 0.247449968069490
   endloop
endfacet
facet normal 0.249536939714142 -0.949407732309634 0.190673211408367
   outer loop
      vertex 0.206460689632032 0.679023892784700 -0.234996996369847
      vertex 0.194840461687969 0.673988584332423 -0.244861437448488
      vertex 0.213088338785595 0.679262756161749 -0.242481343749337
   endloop
endfacet
facet normal 0.003716560194374 0.957827600115548 -0.287319466164774
   outer loop
      vertex 0.319334740540231 0.775871262088592 0.026615483840929
      vertex 0.320333049821191 0.771130060705269 0.010822807741792
      vertex 0.309374763539986 0.775650292503920 0.025750009515920
   endloop
endfacet
facet normal -0.252478879735497 0.951886066710036 -0.173687452888243
   outer loop
      vertex 0.194773867050732 0.677987365580975 -0.244794398810977
      vertex 0.201025821400137 0.678222206994758 -0.252595446831992
      vertex 0.188548555443457 0.673165223465367 -0.262172569431488
   endloop
endfacet
facet normal -0.019409652415276 -0.955425163467953 0.294594674774263
   outer loop
      vertex 0.317662301397711 0.776602517058458 0.042288137188196
      vertex 0.307756530485864 0.776386770347086 0.040935779384750
      vertex 0.309468456796400 0.771651850847747 0.025692349253311
   endloop
endfacet
facet normal 0.017062311348090 0.960371812306260 -0.278199316424483
   outer loop
      vertex 0.324863504266819 0.785530107985515 0.059807096679189
      vertex 0.347284718724209 0.781248295042161 0.046400972025740
      vertex 0.327473276901927 0.780816802550721 0.043696356413101
   endloop
endfacet
facet normal -0.588571752264524 -0.209343043513628 -0.780870528684954
   outer loop
      vertex -0.206874634244976 0.548982561140786 -0.281676174297211
      vertex -0.219840714464668 0.544353313505273 -0.270662095742361
      vertex -0.207139779931292 0.550982049918651 -0.282012365503544
   endloop
endfacet
facet normal -0.664416659633331 -0.006595764043299 -0.747333257856474
   outer loop
      vertex -0.207139779931292 0.550982049918651 -0.282012365503544
      vertex -0.219840714464668 0.544353313505273 -0.270662095742361
      vertex -0.219868868333621 0.546353082621048 -0.270654714973100
   endloop
endfacet
facet normal -0.488711812175262 -0.207297219198630 -0.847460103811906
   outer loop
      vertex -0.192948644904038 0.555613311356436 -0.291328937337327
      vertex -0.206874634244976 0.548982561140786 -0.281676174297211
      vertex -0.207139779931292 0.550982049918651 -0.282012365503544
   endloop
endfacet
facet normal -0.569253244648240 -0.209175124104847 -0.795107861181848
   outer loop
      vertex -0.206609488558660 0.546983072362921 -0.281339983090877
      vertex -0.219812462605119 0.542353646457441 -0.270669485454675
      vertex -0.206874634244976 0.548982561140786 -0.281676174297211
   endloop
endfacet
facet normal -0.509274702716074 -0.207946348794495 -0.835103342824403
   outer loop
      vertex -0.192922293014146 0.553613623761714 -0.291337956955506
      vertex -0.206609488558660 0.546983072362921 -0.281339983090877
      vertex -0.206874634244976 0.548982561140786 -0.281676174297211
   endloop
endfacet
facet normal 0.223574187282811 -0.960880323437863 -0.163473504919846
   outer loop
      vertex -0.206963175356598 0.542478248400449 -0.255344813599817
      vertex -0.206609488558660 0.546983072362921 -0.281339983090877
      vertex -0.194528454163136 0.547082624413924 -0.265402539033348
   endloop
endfacet
facet normal -0.257399350537487 -0.018249177113984 0.966132776525847
   outer loop
      vertex -0.084170673860328 0.934079705059018 0.341993517171357
      vertex -0.100914957024334 0.940764399932125 0.337658732623422
      vertex -0.100884406351526 0.938764813581238 0.337629102035547
   endloop
endfacet
facet normal -0.568455896443239 -0.003780291364056 -0.822705052370603
   outer loop
      vertex -0.192922293014146 0.553613623761714 -0.291337956955506
      vertex -0.206874634244976 0.548982561140786 -0.281676174297211
      vertex -0.192948644904038 0.555613311356436 -0.291328937337327
   endloop
endfacet
facet normal -0.646084536910177 -0.006307533590744 -0.763239795991773
   outer loop
      vertex -0.206874634244976 0.548982561140786 -0.281676174297211
      vertex -0.219812462605119 0.542353646457441 -0.270669485454675
      vertex -0.219840714464668 0.544353313505273 -0.270662095742361
   endloop
endfacet
facet normal -0.257300320921199 -0.017980751967272 0.966164187606092
   outer loop
      vertex -0.084170673860328 0.934079705059018 0.341993517171357
      vertex -0.084201024678479 0.936079300666905 0.342022647786806
      vertex -0.100914957024334 0.940764399932125 0.337658732623422
   endloop
endfacet
facet normal 0.304922125381631 0.018753418612335 -0.952192631111531
   outer loop
      vertex -0.089752661335572 0.939503897653233 0.299216509020052
      vertex -0.104381882004195 0.946236638702584 0.294664372187627
      vertex -0.089783112028135 0.941503485991765 0.299246139607758
   endloop
endfacet
facet normal 0.851029455124068 0.013233981614820 0.524951167483082
   outer loop
      vertex 0.293044299696025 0.822510364250995 0.191073096467251
      vertex 0.293088549419131 0.820510962531156 0.191051765393359
      vertex 0.302229029773592 0.816018259627460 0.176346851591544
   endloop
endfacet
facet normal 0.797820193945632 0.011540985981644 0.602784989673039
   outer loop
      vertex -0.235731495020562 0.526310041693147 -0.196859340415502
      vertex -0.244736248678331 0.521743565254194 -0.184853606904841
      vertex -0.235698641617847 0.524310342926201 -0.196864537314467
   endloop
endfacet
facet normal -0.102761378800586 -0.014450526259887 0.994601066416991
   outer loop
      vertex 0.043659647810547 0.622215720631983 -0.309999782026006
      vertex 0.043633297597042 0.624215325348594 -0.309973452317463
      vertex 0.028696534508428 0.619682805011323 -0.311582559453982
   endloop
endfacet
facet normal -0.199521910676122 0.960930170476371 0.191844245752647
   outer loop
      vertex -0.216034080018071 0.537450803288634 -0.219456047416338
      vertex -0.230325060539627 0.537276427566346 -0.233445525370299
      vertex -0.241138936855211 0.532680009855151 -0.221669143015774
   endloop
endfacet
facet normal -0.134350843404353 0.965011056453175 0.225174403073853
   outer loop
      vertex -0.310920951534338 0.504831411580956 -0.149490890249481
      vertex -0.285835749029400 0.509745925815591 -0.155585466015105
      vertex -0.303577749857918 0.509428488562597 -0.164810858811823
   endloop
endfacet
facet normal -0.139820637121098 0.008433436085574 -0.990140932691322
   outer loop
      vertex -0.035601054733375 0.597844017205285 -0.350452411761711
      vertex -0.052419328752745 0.593233302553630 -0.348116726461785
      vertex -0.035624404822005 0.599843644957106 -0.350432082779801
   endloop
endfacet
facet normal -0.187719709356805 0.006642591547709 -0.982200176489766
   outer loop
      vertex -0.052465731484803 0.597232689347078 -0.348078467307947
      vertex -0.069121952258869 0.590618604400294 -0.344939833929826
      vertex -0.069145004902295 0.592618363441921 -0.344921903757899
   endloop
endfacet
facet normal -0.877299855796976 -0.015034353239572 -0.479707130696713
   outer loop
      vertex -0.295488223026268 0.514030743693691 -0.179746879215241
      vertex -0.295451390302724 0.512031118689943 -0.179751570149056
      vertex -0.303539497427603 0.507428892417220 -0.164815609744646
   endloop
endfacet
facet normal -0.374903506848224 0.001615155189977 -0.927062431461127
   outer loop
      vertex -0.117953327677077 0.578757951587408 -0.330599986677222
      vertex -0.133663134890528 0.572132734148679 -0.324258492445128
      vertex -0.133686988391901 0.574132527993551 -0.324245362003952
   endloop
endfacet
facet normal -0.463654510477887 -0.000875292111144 -0.886015648155963
   outer loop
      vertex -0.149090236006498 0.569504762371493 -0.317123289170803
      vertex -0.164101123661629 0.562875572445851 -0.309261499980375
      vertex -0.164125975422409 0.564875268622784 -0.309250470476877
   endloop
endfacet
facet normal -0.154263855892371 0.964895039676074 0.212556404687616
   outer loop
      vertex -0.295488223026268 0.514030743693691 -0.179746879215241
      vertex -0.269923565265615 0.518908713244581 -0.183336636690387
      vertex -0.286672875168251 0.518637680868069 -0.194262185308138
   endloop
endfacet
facet normal 0.176742092388695 -0.954156377813684 0.241552974429082
   outer loop
      vertex 0.281293103284000 0.714050273812920 -0.156495365726376
      vertex 0.264892122034291 0.708879691194583 -0.164919193434591
      vertex 0.273408088028771 0.709131632355657 -0.170155056854995
   endloop
endfacet
facet normal -0.223561865883313 0.960884783940822 0.163464137087533
   outer loop
      vertex -0.182501823575613 0.551181536033480 -0.249448775640634
      vertex -0.194582857971137 0.551081983982477 -0.265386219698163
      vertex -0.207019581085100 0.546477684564056 -0.255330043118243
   endloop
endfacet
facet normal -0.938150345915876 -0.018394974151430 -0.345739140659385
   outer loop
      vertex -0.317499045841066 0.500240591034658 -0.133825278251415
      vertex -0.317457902099989 0.498240957639278 -0.133830530217681
      vertex -0.323295152562139 0.495656683614579 -0.117853871677912
   endloop
endfacet
facet normal -0.169676350252260 0.956729449995431 0.236386750213527
   outer loop
      vertex -0.253174265360368 0.519179745390638 -0.172411085072787
      vertex -0.244770351894637 0.523743242196711 -0.184848695987837
      vertex -0.269923565265615 0.518908713244581 -0.183336636690387
   endloop
endfacet
facet normal 0.254681877720928 -0.954166464857766 0.157173466276518
   outer loop
      vertex 0.207344370384667 0.674458267265623 -0.260463543489961
      vertex 0.188614050450406 0.669166412747055 -0.262238888107361
      vertex 0.194475116971462 0.669396731800103 -0.270337867792355
   endloop
endfacet
facet normal -0.151055844180682 0.961278901813149 0.230488621991993
   outer loop
      vertex -0.278221728159458 0.514325211765309 -0.169659010262976
      vertex -0.269923565265615 0.518908713244581 -0.183336636690387
      vertex -0.295488223026268 0.514030743693691 -0.179746879215241
   endloop
endfacet
facet normal -0.345042484563354 -0.019773200244109 0.938378763825383
   outer loop
      vertex 0.116372002217273 0.643423823958436 -0.291008622578872
      vertex 0.116341151849262 0.645423392092821 -0.290977832055249
      vertex 0.102135338737430 0.638274116176047 -0.296351965944526
   endloop
endfacet
facet normal -0.562803322799414 -0.022611210226526 0.826281521648663
   outer loop
      vertex 0.182752985918999 0.668935993613709 -0.254139899479480
      vertex 0.170195411583807 0.665865987873150 -0.262777223345930
      vertex 0.170227659272842 0.663866568244765 -0.262809972705922
   endloop
endfacet
facet normal 0.227398638168755 -0.955112498521501 0.189868308379811
   outer loop
      vertex 0.242848691168915 0.689533819563752 -0.227201892578152
      vertex 0.224573011250877 0.684284490148575 -0.231719947305886
      vertex 0.231560264186750 0.684526765361780 -0.238869596078384
   endloop
endfacet
facet normal -0.521619389540997 -0.022094842738641 0.852892156359309
   outer loop
      vertex 0.170195411583807 0.665865987873150 -0.262777223345930
      vertex 0.157231090452961 0.662779252968846 -0.270786022753266
      vertex 0.157262940299567 0.660779720872945 -0.270818343193149
   endloop
endfacet
facet normal -0.002975492214577 -0.960173092089582 0.279390013553120
   outer loop
      vertex 0.327567972308147 0.776818262838527 0.043640394997389
      vertex 0.319428433796644 0.771872820432418 0.026557823578320
      vertex 0.329388410796889 0.772093790017090 0.027423297903328
   endloop
endfacet
facet normal 0.237012374956600 -0.954796881835070 0.179410279960374
   outer loop
      vertex 0.231560264186750 0.684526765361780 -0.238869596078384
      vertex 0.213088338785595 0.679262756161749 -0.242481343749337
      vertex 0.219715987939158 0.679501619538797 -0.249965691128827
   endloop
endfacet
facet normal -0.521534133145018 -0.022382197430038 0.852936800239547
   outer loop
      vertex 0.170227659272842 0.663866568244765 -0.262809972705922
      vertex 0.170195411583807 0.665865987873150 -0.262777223345930
      vertex 0.157262940299567 0.660779720872945 -0.270818343193149
   endloop
endfacet
facet normal 0.127615961227682 -0.952727554498701 0.275725177194358
   outer loop
      vertex 0.291453983425815 0.728459509186316 -0.109922616099201
      vertex 0.285827782650489 0.723587697845696 -0.124152422475421
      vertex 0.300827951091863 0.728709979150303 -0.113395778280832
   endloop
endfacet
facet normal -0.521587948955603 -0.022090523976979 0.852911496144066
   outer loop
      vertex 0.170227659272842 0.663866568244765 -0.262809972705922
      vertex 0.157262940299567 0.660779720872945 -0.270818343193149
      vertex 0.157294788160758 0.658780288646074 -0.270850652577036
   endloop
endfacet
facet normal 0.040293017166068 -0.954461619079682 0.295600220689106
   outer loop
      vertex 0.310127342436083 0.757377083809517 -0.020264045689915
      vertex 0.308853051761974 0.752593211410311 -0.035536962499942
      vertex 0.320106354376114 0.757611455304958 -0.020867515815815
   endloop
endfacet
facet normal -0.958949699060757 -0.024734771979909 0.282495426027370
   outer loop
      vertex 0.300590777213763 0.738157402543693 -0.080708726503532
      vertex 0.296337403007254 0.735315323569183 -0.095395938077379
      vertex 0.296379048642412 0.733316100603447 -0.095429617401064
   endloop
endfacet
facet normal 0.025367072785058 -0.954720605490231 0.296420439697879
   outer loop
      vertex 0.310655248859481 0.762147718253911 -0.004943808093321
      vertex 0.310127342436083 0.757377083809517 -0.020264045689915
      vertex 0.320651845136636 0.762378062365880 -0.005057397140519
   endloop
endfacet
facet normal 0.262699572964023 -0.953854404870396 0.145432832173012
   outer loop
      vertex 0.194475116971462 0.669396731800103 -0.270337867792355
      vertex 0.175683644898312 0.664091876704768 -0.271187385119753
      vertex 0.181139530545655 0.664317183071491 -0.279564787533976
   endloop
endfacet
facet normal -0.943974914736384 -0.024880746340807 0.329077967676297
   outer loop
      vertex 0.296337403007254 0.735315323569183 -0.095395938077379
      vertex 0.291372289987341 0.732458080134191 -0.109854616433656
      vertex 0.291413135714928 0.730458844541951 -0.109888605738710
   endloop
endfacet
facet normal -0.390757743012733 -0.020502216516091 0.920265203837199
   outer loop
      vertex 0.130302663339589 0.650557945821940 -0.284935851532455
      vertex 0.130271513143029 0.652557502394777 -0.284904531037917
      vertex 0.116310303466669 0.647422860358176 -0.290947052587621
   endloop
endfacet
facet normal -0.435507984121451 -0.020881033732807 0.899942652726672
   outer loop
      vertex 0.143954524425854 0.655676921566354 -0.278210551883589
      vertex 0.130271513143029 0.652557502394777 -0.284904531037917
      vertex 0.130302663339589 0.650557945821940 -0.284935851532455
   endloop
endfacet
facet normal -0.502807160440077 -0.000092446434856 -0.864398606468014
   outer loop
      vertex 0.161192371198517 0.858895255194133 0.264749166086639
      vertex 0.147916002207211 0.863451348478672 0.272471335175003
      vertex 0.161156021817583 0.860894718188664 0.264770096113192
   endloop
endfacet
facet normal -0.237023037228671 0.954792434158150 -0.179419863719853
   outer loop
      vertex 0.231491368266123 0.688525588404317 -0.238801376446365
      vertex 0.232903591961822 0.683978098916758 -0.264866707284193
      vertex 0.219648293654696 0.683500372162661 -0.249898012525212
   endloop
endfacet
facet normal 0.002977026556399 0.960163773695375 -0.279422019525913
   outer loop
      vertex 0.327473276901927 0.780816802550721 0.043696356413101
      vertex 0.349214671519797 0.776534171898949 0.029211806821536
      vertex 0.329294717540475 0.776092231673263 0.027480958165937
   endloop
endfacet
facet normal -0.222836082945773 0.952863243644353 -0.205902207489254
   outer loop
      vertex 0.245827889644182 0.698273866343059 -0.208491994069981
      vertex 0.242778595578487 0.693532614106640 -0.227133232968700
      vertex 0.235448633868500 0.693287344685490 -0.220335482927748
   endloop
endfacet
facet normal 0.014879278969808 0.964708258017432 -0.262900330867632
   outer loop
      vertex 0.347284718724209 0.781248295042161 0.046400972025740
      vertex 0.349214671519797 0.776534171898949 0.029211806821536
      vertex 0.327473276901927 0.780816802550721 0.043696356413101
   endloop
endfacet
facet normal 0.084659154430645 -0.953631357976947 0.288825311657639
   outer loop
      vertex 0.304079159581812 0.742983793411514 -0.065795649283682
      vertex 0.300590777213763 0.738157402543693 -0.080708726503532
      vertex 0.313861429813714 0.743228248326505 -0.067855852561168
   endloop
endfacet
facet normal -0.225721711923738 0.959374148192516 -0.169265922577763
   outer loop
      vertex 0.219648293654696 0.683500372162661 -0.249898012525212
      vertex 0.232903591961822 0.683978098916758 -0.264866707284193
      vertex 0.219781684444127 0.678926731447375 -0.275998610893922
   endloop
endfacet
facet normal -0.034204418688503 -0.955637550050343 0.292552440898994
   outer loop
      vertex 0.315131433059553 0.781321381410531 0.057917192588048
      vertex 0.305303668207825 0.781111095823459 0.056081248969357
      vertex 0.307756530485864 0.776386770347086 0.040935779384750
   endloop
endfacet
facet normal -0.277034449576777 0.953227265410683 -0.120870568069165
   outer loop
      vertex 0.148529822899027 0.657890129723483 -0.287051734756633
      vertex 0.153136669390022 0.658103894831634 -0.295924767038742
      vertex 0.138601391308097 0.652971926495909 -0.303082501082573
   endloop
endfacet
facet normal 0.197827646293466 -0.964791316600463 -0.173326102403341
   outer loop
      vertex -0.218884741260877 0.537876241141486 -0.244687878315075
      vertex -0.232471277650580 0.537726713810332 -0.259362701144960
      vertex -0.219812462605119 0.542353646457441 -0.270669485454675
   endloop
endfacet
facet normal 0.018185863275089 0.958042634695944 -0.286048220553447
   outer loop
      vertex 0.317567607957857 0.780600957852330 0.042343997552935
      vertex 0.319334740540231 0.775871262088592 0.026615483840929
      vertex 0.307661837046010 0.780385211140958 0.040991639749490
   endloop
endfacet
facet normal 0.025320067756444 -0.957366662234495 0.287763736789039
   outer loop
      vertex 0.320651845136636 0.762378062365880 -0.005057397140519
      vertex 0.320106354376114 0.757611455304958 -0.020867515815815
      vertex 0.330648543381569 0.762608308490831 -0.005170987244437
   endloop
endfacet
facet normal -0.011152944556328 0.959947679995243 -0.279957252986011
   outer loop
      vertex 0.329294717540475 0.776092231673263 0.027480958165937
      vertex 0.350303907879846 0.771807482605307 0.011951982882015
      vertex 0.330323437146009 0.771355803343151 0.011199198750664
   endloop
endfacet
facet normal -0.063501201314011 -0.955928082150065 0.286651529192808
   outer loop
      vertex 0.293563810003328 0.795228944579931 0.100574450100849
      vertex 0.298199172979258 0.790531349718627 0.085935729209311
      vertex 0.307800430606724 0.790729764860636 0.088724348554516
   endloop
endfacet
facet normal 0.199303381410670 -0.961020307915827 -0.191619753500629
   outer loop
      vertex -0.215973374590849 0.533451425234527 -0.219468228049615
      vertex -0.230264355114521 0.533277049617872 -0.233457716003018
      vertex -0.218884741260877 0.537876241141486 -0.244687878315075
   endloop
endfacet
facet normal 0.259479012876512 -0.965039070757253 -0.037016669064205
   outer loop
      vertex -0.033424567145199 0.597666691195164 -0.330572735995376
      vertex -0.035601054733375 0.597844017205285 -0.350452411761711
      vertex -0.018686461948354 0.602449783247471 -0.351958823435716
   endloop
endfacet
facet normal -0.875720733861221 -0.014871593414711 -0.482588885071830
   outer loop
      vertex 0.267716008446640 0.813455911696929 0.156190864588225
      vertex 0.275140235409582 0.810906035771874 0.142797210141827
      vertex 0.275186384588001 0.808906680268034 0.142775079109435
   endloop
endfacet
facet normal 0.243172206850416 0.967356141586915 -0.071339842651741
   outer loop
      vertex 0.103607375332339 0.885496370298401 0.334788562898727
      vertex 0.119971124128804 0.880967122143004 0.329150940249692
      vertex 0.097550824890037 0.885613206821857 0.315728215161957
   endloop
endfacet
facet normal 0.998133569317032 0.022296342960588 0.056852888167840
   outer loop
      vertex 0.349261519141769 0.774534901083530 0.029182976161955
      vertex 0.350350255431265 0.769808210302396 0.011922352267917
      vertex 0.350303907879846 0.771807482605307 0.011951982882015
   endloop
endfacet
facet normal 0.290270362079306 0.956649889450906 0.023750913917514
   outer loop
      vertex -0.014693710267736 0.917911201595607 0.321188555402184
      vertex -0.014332206256657 0.918049597524413 0.311196083070131
      vertex -0.029627522353847 0.922713050457155 0.310290231994542
   endloop
endfacet
facet normal -0.054159346959113 -0.013286878812590 0.998443901272566
   outer loop
      vertex 0.028721985132566 0.617683170786142 -0.311607789222429
      vertex 0.028696534508428 0.619682805011323 -0.311582559453982
      vertex 0.013699099296592 0.615143309453621 -0.312456486395063
   endloop
endfacet
facet normal 0.285868754040600 0.957551280264135 -0.037075613653597
   outer loop
      vertex 0.048366800115500 0.899424051200036 0.317205297867603
      vertex 0.046770090314795 0.899518533656439 0.307334182918026
      vertex 0.031579648639101 0.904134254841126 0.309419572395443
   endloop
endfacet
facet normal -0.091091378608450 0.009105237071257 -0.995800911528549
   outer loop
      vertex -0.018710313650575 0.604449487303285 -0.351937193468984
      vertex -0.035624404822005 0.599843644957106 -0.350432082779801
      vertex -0.035647856857247 0.601843369639604 -0.350411652746752
   endloop
endfacet
facet normal 0.104110238626737 0.958432661045789 -0.265646179068647
   outer loop
      vertex 0.275093986272088 0.812905388231727 0.142819441168804
      vertex 0.290990807922025 0.808518435533908 0.133221799442468
      vertex 0.281900720835582 0.808351623632850 0.129057428948561
   endloop
endfacet
facet normal 0.152134440491239 0.015009846157111 -0.988245827987529
   outer loop
      vertex 0.065843523286244 0.627379906986778 -0.346975289968311
      vertex 0.049071462621259 0.622808811956354 -0.349626674294076
      vertex 0.049045212387998 0.624808418660612 -0.349600344585699
   endloop
endfacet
facet normal -0.877333398913375 -0.015037513928894 -0.479645682067443
   outer loop
      vertex -0.295451390302724 0.512031118689943 -0.179751570149056
      vertex -0.295414557577064 0.510031493580560 -0.179756251083429
      vertex -0.303501254995314 0.505429296073077 -0.164820360677452
   endloop
endfacet
facet normal 0.218723733366857 0.963781200136167 -0.152596614399379
   outer loop
      vertex 0.185330964319668 0.858381539716781 0.272912285842579
      vertex 0.198586933161082 0.853860315696466 0.263357187102455
      vertex 0.179667219329101 0.858362039419218 0.264671018666942
   endloop
endfacet
facet normal -0.140590886396018 0.961210230255589 0.237295376934275
   outer loop
      vertex -0.292746359017665 0.505171604593662 -0.141150648044944
      vertex -0.268093750188415 0.510063463043249 -0.146360072161833
      vertex -0.285835749029400 0.509745925815591 -0.155585466015105
   endloop
endfacet
facet normal 0.926902652674620 0.025258834686718 -0.374450882940635
   outer loop
      vertex 0.328868362591089 0.733459864413305 -0.123747306214837
      vertex 0.328909108336316 0.731460626939054 -0.123781305519166
      vertex 0.322556574979688 0.726593145508482 -0.139834484192565
   endloop
endfacet
facet normal 0.055097472050934 0.013251012985739 -0.998393048467610
   outer loop
      vertex 0.032189738793654 0.618229811516506 -0.351452372828959
      vertex 0.015213501870630 0.615642908949494 -0.352423560299057
      vertex 0.032164188168106 0.620229444810383 -0.351427243054763
   endloop
endfacet
facet normal -0.241468326731138 -0.963457814096252 0.115940017433745
   outer loop
      vertex 0.128216357505965 0.872512609818414 0.304300999425628
      vertex 0.138674745652047 0.867992275288097 0.288518854656938
      vertex 0.143068429847724 0.867972086291292 0.297501812804066
   endloop
endfacet
facet normal 0.329939680752564 -0.002831405013454 0.943997770236003
   outer loop
      vertex -0.089889781611033 0.581225801820277 -0.298036840236546
      vertex -0.104084441244707 0.578653090046025 -0.293083335867843
      vertex -0.104060889904432 0.576653401832641 -0.293097565190568
   endloop
endfacet
facet normal 0.995673628574131 0.023832784343241 -0.089811044713181
   outer loop
      vertex 0.349952993307615 0.762313227341012 -0.022615564085615
      vertex 0.349998040798360 0.760313945043840 -0.022646694613830
      vertex 0.348513369591906 0.757544304178608 -0.039841196979887
   endloop
endfacet
facet normal 0.103705797176964 0.014456479847728 -0.994502950132529
   outer loop
      vertex 0.049071462621259 0.622808811956354 -0.349626674294076
      vertex 0.032164188168106 0.620229444810383 -0.351427243054763
      vertex 0.049045212387998 0.624808418660612 -0.349600344585699
   endloop
endfacet
facet normal -0.286181348511985 0.957426034500106 -0.037889632160582
   outer loop
      vertex 0.073183491695181 0.633258824622702 -0.304567975071049
      vertex 0.062145128123137 0.629060146095888 -0.327290559339123
      vertex 0.058473884749025 0.628740709090988 -0.307633359409380
   endloop
endfacet
facet normal -0.998866628632908 -0.023153816642503 0.041585562138959
   outer loop
      vertex 0.310609501337693 0.764146995088301 -0.004913477519291
      vertex 0.310037249442125 0.761375548429199 -0.020201785690039
      vertex 0.310082296932871 0.759376266132027 -0.020232916218254
   endloop
endfacet
facet normal 0.097038127715284 -0.956027092776165 0.276759461712632
   outer loop
      vertex 0.310260276611574 0.738404260459639 -0.083246307173199
      vertex 0.305912181153032 0.733564928924548 -0.098438564702644
      vertex 0.319929676029140 0.738651116387940 -0.085783887842701
   endloop
endfacet
facet normal -0.899662431639196 -0.016780620828376 -0.436263589887654
   outer loop
      vertex -0.303577749857918 0.509428488562597 -0.164810858811823
      vertex -0.310881259428721 0.502831846064722 -0.149495831174089
      vertex -0.310920951534338 0.504831411580956 -0.149490890249481
   endloop
endfacet
facet normal -0.746520042715385 -0.024782883309198 0.664901221625515
   outer loop
      vertex 0.238208756826735 0.696026897415324 -0.202096970090199
      vertex 0.228153718957844 0.691042728085862 -0.213572072162686
      vertex 0.238244405461198 0.694027463878202 -0.202131470414708
   endloop
endfacet
facet normal 0.287795802986604 -0.957365981657311 0.024979050194694
   outer loop
      vertex 0.043685898043808 0.620216113927726 -0.310026111734382
      vertex 0.028747535758115 0.615683537492264 -0.311632918996625
      vertex 0.046391906423175 0.620512611590224 -0.329839558396859
   endloop
endfacet
facet normal 0.111002840594935 -0.955687156392209 0.272654412190283
   outer loop
      vertex 0.310260276611574 0.738404260459639 -0.083246307173199
      vertex 0.296379048642412 0.733316100603447 -0.095429617401064
      vertex 0.305912181153032 0.733564928924548 -0.098438564702644
   endloop
endfacet
facet normal 0.253100268070068 0.965356011414002 0.063466727737516
   outer loop
      vertex -0.050219905017697 0.926756908159335 0.348270927603229
      vertex -0.063636541257843 0.931745150544971 0.325902111768644
      vertex -0.067288871505638 0.931410148185923 0.345562843468924
   endloop
endfacet
facet normal 0.147566261227269 -0.956708314378390 -0.250865301998232
   outer loop
      vertex -0.274492382287641 0.501512666468266 -0.132820277690181
      vertex -0.285759254164679 0.505746733220437 -0.155594957881292
      vertex -0.268017245325669 0.506064270646858 -0.146369564028037
   endloop
endfacet
facet normal 0.713347137368589 0.024569243315632 -0.700380049609450
   outer loop
      vertex 0.257473567791675 0.692023705478894 -0.240763043384724
      vertex 0.257508714571250 0.690024360288062 -0.240797382660780
      vertex 0.245534768075197 0.685011415551584 -0.253168872567944
   endloop
endfacet
facet normal 0.253300755781018 0.963220943086837 -0.089689140477924
   outer loop
      vertex 0.119971124128804 0.880967122143004 0.329150940249692
      vertex 0.112986790380947 0.881058830815147 0.310410641320167
      vertex 0.097550824890037 0.885613206821857 0.315728215161957
   endloop
endfacet
facet normal 0.158920939667883 -0.956643158855582 -0.244086053575150
   outer loop
      vertex -0.268017245325669 0.506064270646858 -0.146369564028037
      vertex -0.278148062710254 0.510325961652178 -0.169668382131164
      vertex -0.260881557845419 0.510620429922561 -0.159580513178916
   endloop
endfacet
facet normal 0.234347930777394 -0.959071958931534 0.158940318772752
   outer loop
      vertex 0.207344370384667 0.674458267265623 -0.260463543489961
      vertex 0.219848279079249 0.674927950304458 -0.276065659530875
      vertex 0.232971288231699 0.679979246423864 -0.264934396943803
   endloop
endfacet
facet normal 0.278935295799653 0.958843519185612 0.053049094930181
   outer loop
      vertex -0.030479621861300 0.922564518232183 0.320252699419710
      vertex -0.044857189127292 0.927389705221096 0.308637264778086
      vertex -0.046197893581256 0.927231529924240 0.318545730745761
   endloop
endfacet
facet normal 0.246924798141698 0.964835223786260 0.090117340195988
   outer loop
      vertex -0.084201024678479 0.936079300666905 0.342022647786806
      vertex -0.095349032528119 0.941133842459110 0.318452485056246
      vertex -0.100914957024334 0.940764399932125 0.337658732623422
   endloop
endfacet
facet normal 0.043338826548143 -0.010291105053709 0.999007427034556
   outer loop
      vertex -0.001274611926671 0.606598162142411 -0.312638693123926
      vertex -0.016309652734407 0.604045975581808 -0.312012735609721
      vertex -0.016285902999963 0.602046369513012 -0.312034364519734
   endloop
endfacet
facet normal 0.267900825236638 -0.956478470170551 -0.115663667319220
   outer loop
      vertex -0.131564749381799 0.565501801028325 -0.281169426824806
      vertex -0.125793563563628 0.570105907273875 -0.305875742310008
      vertex -0.117947845746565 0.570078874666478 -0.287479901731476
   endloop
endfacet
facet normal 0.084248324867816 -0.011372046051988 0.996379895584791
   outer loop
      vertex 0.036082921184227 0.899711081666047 0.349120011335425
      vertex 0.018822496994516 0.906292579110427 0.350654573527311
      vertex 0.018853346509516 0.904293054330783 0.350629143761064
   endloop
endfacet
facet normal 0.236655898925411 -0.964757800419287 -0.115049433001407
   outer loop
      vertex -0.140303141051547 0.565503586412253 -0.299158412443261
      vertex -0.149041530723179 0.565505271293347 -0.317147349121058
      vertex -0.133639283376688 0.570133040278472 -0.324271621829750
   endloop
endfacet
facet normal 0.140506199963703 -0.007837328505859 0.990048778623382
   outer loop
      vertex -0.031248179537267 0.597489363197398 -0.310693060228876
      vertex -0.046147501914921 0.594927658792839 -0.308598850029205
      vertex -0.046124249565004 0.592927916402606 -0.308617980134484
   endloop
endfacet
facet normal 0.260920465268639 0.960913991914701 -0.092546263817357
   outer loop
      vertex 0.109494574500079 0.881104634698235 0.301040441330001
      vertex 0.124200300906683 0.876544919819767 0.295157234085553
      vertex 0.106002358619211 0.881150438581323 0.291670241339835
   endloop
endfacet
facet normal 0.256619881922637 -0.956417737855193 -0.139324609879113
   outer loop
      vertex -0.157787062913915 0.556343093885831 -0.266573899062186
      vertex -0.154465711521119 0.560899389410413 -0.291733826367341
      vertex -0.144855255124214 0.560923101886834 -0.274195251130281
   endloop
endfacet
facet normal 0.678254933352614 0.023912245402222 -0.734437505784301
   outer loop
      vertex 0.245500421088894 0.687010779073165 -0.253134763280378
      vertex 0.232937441091585 0.681978622630162 -0.264900547642554
      vertex 0.232903591961822 0.683978098916758 -0.264866707284193
   endloop
endfacet
facet normal 0.225561216333048 -0.964740935030832 -0.135635784224486
   outer loop
      vertex -0.168246683560372 0.556294090674609 -0.283619654209948
      vertex -0.178706304198363 0.556245087040852 -0.300665369359944
      vertex -0.164076169911906 0.560875777225558 -0.309272430546173
   endloop
endfacet
facet normal 0.236378185208631 -0.005343540007137 0.971646437824822
   outer loop
      vertex -0.060876529604405 0.588363233424428 -0.305814519771340
      vertex -0.075491577312625 0.585795687578454 -0.302273150672348
      vertex -0.075468426401323 0.583796016766695 -0.302289779860450
   endloop
endfacet
facet normal 0.243146707715615 -0.956389812409695 -0.161858596453834
   outer loop
      vertex -0.182447319787367 0.547182178452574 -0.249465094975984
      vertex -0.181612060055087 0.551688171669755 -0.274835359167537
      vertex -0.170328180977686 0.551762507358452 -0.258323760703719
   endloop
endfacet
facet normal 0.885806338798547 0.025416870279984 -0.463358514381127
   outer loop
      vertex 0.315389084240939 0.723707757876848 -0.155517512021120
      vertex 0.315428432155027 0.721708397354436 -0.155551962354562
      vertex 0.307503838449134 0.718805603096745 -0.170860702912949
   endloop
endfacet
facet normal -0.233957230551927 -0.961354738887952 0.145124361463370
   outer loop
      vertex 0.171697930475382 0.858907551635793 0.281767522232513
      vertex 0.166445101830010 0.858901352961980 0.273258293634173
      vertex 0.179741421833199 0.854362940126486 0.264629456481495
   endloop
endfacet
facet normal -0.795458678945183 -0.010575687082588 -0.605915542739676
   outer loop
      vertex 0.241474230985774 0.829085263578433 0.194063432363704
      vertex 0.250817921125020 0.824543987593358 0.181876102975396
      vertex 0.241516681170314 0.827085820799268 0.194042601264891
   endloop
endfacet
facet normal -0.544702207892593 -0.001383719745314 -0.838628398062337
   outer loop
      vertex 0.174040527577410 0.856342889034973 0.256408919344905
      vertex 0.161156021817583 0.860894718188664 0.264770096113192
      vertex 0.174003376345823 0.858342437159345 0.256429750434920
   endloop
endfacet
facet normal -0.124676892428645 0.955429675347499 -0.267600089610799
   outer loop
      vertex 0.291372289987341 0.732458080134191 -0.109854616433656
      vertex 0.300746357631517 0.732708552191458 -0.113327788614896
      vertex 0.294939900036590 0.727837769850891 -0.128012981385562
   endloop
endfacet
facet normal 0.994168503278109 0.021772650174701 0.105616943688667
   outer loop
      vertex 0.347332066437903 0.779249024657893 0.046373041315093
      vertex 0.349261519141769 0.774534901083530 0.029182976161955
      vertex 0.349214671519797 0.776534171898949 0.029211806821536
   endloop
endfacet
facet normal 0.135895750808235 -0.956779329318082 -0.257110209641523
   outer loop
      vertex -0.280290459172517 0.496966303951328 -0.118966562300019
      vertex -0.292666984802338 0.501172473256794 -0.141160519894702
      vertex -0.274492382287641 0.501512666468266 -0.132820277690181
   endloop
endfacet
facet normal -0.249432415514403 -0.958682851122037 0.136786918435839
   outer loop
      vertex 0.152745110688279 0.863444308691206 0.281227927423673
      vertex 0.147916002207211 0.863451348478672 0.272471335175003
      vertex 0.161192371198517 0.858895255194133 0.264749166086639
   endloop
endfacet
facet normal -0.084082356671269 0.011058932962036 -0.996397439427835
   outer loop
      vertex 0.031610900189611 0.902134631699348 0.309394741538486
      vertex 0.016339123346693 0.906761313684960 0.310734822414439
      vertex 0.031579648639101 0.904134254841126 0.309419572395443
   endloop
endfacet
facet normal 0.257705807464257 0.017937157499431 -0.966056921293997
   outer loop
      vertex -0.074910986423054 0.932785572426812 0.303050313068663
      vertex -0.089722210643008 0.937504309314701 0.299186878432346
      vertex -0.074941335274840 0.934785069116376 0.303079342633140
   endloop
endfacet
facet normal 0.113326042432021 -0.965146618875483 -0.235900852435761
   outer loop
      vertex -0.323209959816204 0.491657683909437 -0.117865253453046
      vertex -0.317416760346445 0.496241424218561 -0.133835781127392
      vertex -0.298853615751201 0.496603913920077 -0.126401166185700
   endloop
endfacet
facet normal -0.028186681073022 -0.964819278693010 0.261398681083870
   outer loop
      vertex 0.341020097371411 0.786643628233380 0.080353086289092
      vertex 0.324959097909870 0.781531666066298 0.059753036212486
      vertex 0.344614627592159 0.781952238296783 0.063424823455448
   endloop
endfacet
facet normal 0.078311018508890 -0.963068215414942 0.257617928020507
   outer loop
      vertex 0.346322078783332 0.748761518443236 -0.057037869266371
      vertex 0.323643802034560 0.743472604198136 -0.069915956900955
      vertex 0.343208446474841 0.743961315010093 -0.074036265574786
   endloop
endfacet
facet normal 0.129149411455600 -0.962002120542370 0.240566725863440
   outer loop
      vertex 0.328949956051435 0.729461291372150 -0.123815295880774
      vertex 0.304212200736622 0.724090847290963 -0.132010577450323
      vertex 0.322596720788416 0.724593898854847 -0.139868743481386
   endloop
endfacet
facet normal 0.231347119101070 -0.964746464412635 -0.125470195213669
   outer loop
      vertex -0.154465711521119 0.560899389410413 -0.291733826367341
      vertex -0.164076169911906 0.560875777225558 -0.309272430546173
      vertex -0.149041530723179 0.565505271293347 -0.317147349121058
   endloop
endfacet
facet normal -0.169893842109067 -0.963896761196434 0.205034426788393
   outer loop
      vertex 0.261567328451741 0.831974884590818 0.232241134596524
      vertex 0.246578311161134 0.831800514496951 0.219001326296091
      vertex 0.257136083831971 0.827287254077507 0.206532120135825
   endloop
endfacet
facet normal -0.138129183588192 -0.967868752928676 0.210119979405933
   outer loop
      vertex 0.272755388500915 0.827488585393437 0.219021637950372
      vertex 0.267073456246402 0.822772829719162 0.193564405172130
      vertex 0.283285539456765 0.823001191553314 0.205273839509145
   endloop
endfacet
facet normal -0.164176314501918 -0.961398273816414 0.220815526762468
   outer loop
      vertex 0.239083751531941 0.831713378443527 0.212381422674234
      vertex 0.241516681170314 0.827085820799268 0.194042601264891
      vertex 0.249326333504786 0.827186486457232 0.200287360172164
   endloop
endfacet
facet normal -0.152167802194751 -0.961356098470156 0.229432804780526
   outer loop
      vertex 0.249326333504786 0.827186486457232 0.200287360172164
      vertex 0.250861271089426 0.822544564815686 0.181855071886252
      vertex 0.258967412674853 0.822658747720408 0.187709789054594
   endloop
endfacet
facet normal 0.627811925513611 0.005379871787549 0.778346480150352
   outer loop
      vertex -0.182474571681490 0.549181857243027 -0.249456935308309
      vertex -0.182501823575613 0.551181536033480 -0.249448775640634
      vertex -0.194170293836575 0.546602286507064 -0.240005371263385
   endloop
endfacet
facet normal 0.603043197465219 0.023101144417909 -0.797373964409115
   outer loop
      vertex 0.219814931770507 0.676927339934911 -0.276032140212037
      vertex 0.206164500520451 0.671856875345654 -0.286502676767293
      vertex 0.206131753016977 0.673856280704810 -0.286469517429356
   endloop
endfacet
facet normal 0.954731434937853 0.019467254363729 0.296831455794440
   outer loop
      vertex 0.331377127471155 0.795997411744549 0.113595990811693
      vertex 0.336604201459254 0.791325112374011 0.097090007657848
      vertex 0.336555653368800 0.793324389540448 0.097115038532356
   endloop
endfacet
facet normal -0.278612191946040 -0.955275499927502 -0.099115920705419
   outer loop
      vertex -0.095288035158979 0.937134868775361 0.318393125999356
      vertex -0.104320682919865 0.942237580639222 0.294603912135251
      vertex -0.092505072921455 0.937319590567024 0.308789952218558
   endloop
endfacet
facet normal 0.826348700654689 0.012710166487566 0.563015343125004
   outer loop
      vertex -0.244770351894637 0.523743242196711 -0.184848695987837
      vertex -0.253174265360368 0.519179745390638 -0.172411085072787
      vertex -0.244736248678331 0.521743565254194 -0.184853606904841
   endloop
endfacet
facet normal 0.987839224552353 0.021559962580053 0.153976733467598
   outer loop
      vertex 0.344566781774278 0.783951408275236 0.063451853160607
      vertex 0.344614627592159 0.781952238296783 0.063424823455448
      vertex 0.347379512144308 0.777249856235935 0.046345111660834
   endloop
endfacet
facet normal -0.108550214867661 0.958208068249624 -0.264677442925361
   outer loop
      vertex 0.305829087853554 0.737563478911610 -0.098371214998495
      vertex 0.315362320342301 0.737812309325992 -0.101380172299683
      vertex 0.310120327282981 0.732958922286416 -0.116800961852523
   endloop
endfacet
facet normal -0.121873611291069 0.957919450722443 -0.259879104197484
   outer loop
      vertex 0.300746357631517 0.732708552191458 -0.113327788614896
      vertex 0.310120327282981 0.732958922286416 -0.116800961852523
      vertex 0.304132109077540 0.728089344679159 -0.131942068872454
   endloop
endfacet
facet normal -0.268801700508297 0.961149981412235 0.062740409905489
   outer loop
      vertex -0.060922732883969 0.592362649545370 -0.305778660483874
      vertex -0.065033917900071 0.592490456040661 -0.325350332646288
      vertex -0.080579705597021 0.587898225959838 -0.321603342652157
   endloop
endfacet
facet normal -0.230659375451104 0.960882073406488 0.153303273032756
   outer loop
      vertex -0.170380986725247 0.555761980534915 -0.258305720410642
      vertex -0.181664765824520 0.555687646939498 -0.274817328874067
      vertex -0.194582857971137 0.551081983982477 -0.265386219698163
   endloop
endfacet
facet normal -0.172449272248695 0.956706804469604 -0.234463939194187
   outer loop
      vertex 0.273332395667656 0.713130208855149 -0.170085758328525
      vertex 0.281848263671539 0.713382047948279 -0.175321612805874
      vertex 0.273041111967767 0.708446012480550 -0.188984915692408
   endloop
endfacet
facet normal -0.602595307948358 -0.023393705077871 0.797703973539905
   outer loop
      vertex 0.194840461687969 0.673988584332423 -0.244861437448488
      vertex 0.194807214359473 0.675987975950521 -0.244827918129816
      vertex 0.182720236427991 0.670935498947529 -0.254106739084989
   endloop
endfacet
facet normal 0.003741185650762 0.957748512663317 -0.287582666412859
   outer loop
      vertex 0.317567607957857 0.780600957852330 0.042343997552935
      vertex 0.329294717540475 0.776092231673263 0.027480958165937
      vertex 0.319334740540231 0.775871262088592 0.026615483840929
   endloop
endfacet
facet normal -0.797443295353957 -0.011511377951626 -0.603284078086499
   outer loop
      vertex -0.266954607003268 0.527863241921158 -0.221891312681649
      vertex -0.266921813587429 0.525863541898244 -0.221896503580850
      vertex -0.277153828431117 0.523248688072711 -0.208321551906822
   endloop
endfacet
facet normal -0.132907663276614 0.010229890802367 -0.991075628989292
   outer loop
      vertex 0.046801639945504 0.897519010114210 0.307309953083636
      vertex 0.031642149752588 0.900135108532234 0.309369911738085
      vertex 0.031610900189611 0.902134631699348 0.309394741538486
   endloop
endfacet
facet normal -0.926674961696852 -0.025311807209153 0.375010436894687
   outer loop
      vertex 0.291413135714928 0.730458844541951 -0.109888605738710
      vertex 0.285787734834474 0.725587046461640 -0.124118162130212
      vertex 0.291453983425815 0.728459509186316 -0.109922616099201
   endloop
endfacet
facet normal -0.898304024693195 -0.015874381363868 -0.439087557596800
   outer loop
      vertex 0.275140235409582 0.810906035771874 0.142797210141827
      vertex 0.281947767721666 0.806352392330533 0.129034699004718
      vertex 0.275186384588001 0.808906680268034 0.142775079109435
   endloop
endfacet
facet normal -0.060948331410292 -0.958626900877682 0.278064319559255
   outer loop
      vertex 0.317401688213023 0.790928181058988 0.091512867905303
      vertex 0.307800430606724 0.790729764860636 0.088724348554516
      vertex 0.311841615850843 0.786030118511542 0.073408093940998
   endloop
endfacet
facet normal 0.211924778598234 -0.953207285618930 0.215600924995887
   outer loop
      vertex 0.245899382900648 0.694275203087799 -0.208560982606782
      vertex 0.235518729458927 0.689288550142603 -0.220404142537199
      vertex 0.253554262347387 0.694522840335086 -0.214990495855244
   endloop
endfacet
facet normal 0.926884999488682 0.025303525243711 -0.374491561097318
   outer loop
      vertex 0.328909108336316 0.731460626939054 -0.123781305519166
      vertex 0.328949956051435 0.729461291372150 -0.123815295880774
      vertex 0.322596720788416 0.724593898854847 -0.139868743481386
   endloop
endfacet
facet normal -0.184263162700052 0.956394438137089 -0.226620311473214
   outer loop
      vertex 0.264792580308864 0.708195036341528 -0.183337282700842
      vertex 0.273041111967767 0.708446012480550 -0.188984915692408
      vertex 0.263578475732474 0.703492659448230 -0.202195311488722
   endloop
endfacet
facet normal -0.272591607993654 0.956552539024160 0.103445905370235
   outer loop
      vertex -0.104084441244707 0.578653090046025 -0.293083335867843
      vertex -0.089913034744110 0.583225583295160 -0.298021409924745
      vertex -0.111018885454658 0.578705570804048 -0.311841660744257
   endloop
endfacet
facet normal 0.521988806370066 0.022101335305010 -0.852665946899540
   outer loop
      vertex 0.192019152152483 0.666767316973095 -0.296286801948275
      vertex 0.177444838753242 0.659659360945513 -0.305393209683527
      vertex 0.177412988908752 0.661658892935779 -0.305360879244201
   endloop
endfacet
facet normal 0.032563189884621 0.958246903218774 -0.284081874001437
   outer loop
      vertex 0.315035739415091 0.785319822398443 0.057971153060499
      vertex 0.317567607957857 0.780600957852330 0.042343997552935
      vertex 0.305207974584530 0.785109535755031 0.056135309436227
   endloop
endfacet
facet normal -0.261158044711815 -0.960840882653492 0.092635165590391
   outer loop
      vertex 0.094588652947696 0.881672405988906 0.306152579339254
      vertex 0.106069559883674 0.877151331818332 0.291625680390012
      vertex 0.109561775764543 0.877105527935244 0.300995880380177
   endloop
endfacet
facet normal -0.825991958171328 -0.013305297456740 -0.563524847806983
   outer loop
      vertex -0.277119725214811 0.521249011130195 -0.208326462823825
      vertex -0.286601991179386 0.514638476571655 -0.194271660109353
      vertex -0.286637432180052 0.516638028732531 -0.194266923237022
   endloop
endfacet
facet normal -0.852680338559577 -0.013875994488163 -0.522248692684711
   outer loop
      vertex -0.286672875168251 0.518637680868069 -0.194262185308138
      vertex -0.286637432180052 0.516638028732531 -0.194266923237022
      vertex -0.295488223026268 0.514030743693691 -0.179746879215241
   endloop
endfacet
facet normal 0.122739785132128 0.963572542861750 -0.237619232783586
   outer loop
      vertex 0.276278538155109 0.822255352261254 0.180171842917859
      vertex 0.302183880312953 0.818017639233122 0.176368582644603
      vertex 0.284904645953139 0.817736101573717 0.166301504138656
   endloop
endfacet
facet normal 0.147258120242050 0.963707557279025 -0.222671933718806
   outer loop
      vertex 0.257051185450424 0.831286039661172 0.206573781276897
      vertex 0.283198841515485 0.826999937133995 0.205315900630878
      vertex 0.266986756338756 0.826771674218165 0.193606567344835
   endloop
endfacet
facet normal 0.700826006115794 0.008465296828058 0.713282025500010
   outer loop
      vertex -0.205327358686507 0.540025524895086 -0.230006354676314
      vertex -0.216034080018071 0.537450803288634 -0.219456047416338
      vertex -0.216003728298226 0.535451164248912 -0.219462137204699
   endloop
endfacet
facet normal 0.084368907616315 -0.011054264466828 0.996373268742557
   outer loop
      vertex 0.036082921184227 0.899711081666047 0.349120011335425
      vertex 0.036051671621250 0.901710604833161 0.349144841135827
      vertex 0.018822496994516 0.906292579110427 0.350654573527311
   endloop
endfacet
facet normal -0.852624263228141 -0.014482470809357 -0.522323772954981
   outer loop
      vertex -0.286637432180052 0.516638028732531 -0.194266923237022
      vertex -0.295414557577064 0.510031493580560 -0.179756251083429
      vertex -0.295451390302724 0.512031118689943 -0.179751570149056
   endloop
endfacet
facet normal -0.877213420829951 -0.015636685479460 -0.479845921502967
   outer loop
      vertex -0.295451390302724 0.512031118689943 -0.179751570149056
      vertex -0.303501254995314 0.505429296073077 -0.164820360677452
      vertex -0.303539497427603 0.507428892417220 -0.164815609744646
   endloop
endfacet
facet normal 0.213619694487827 0.967879513702209 -0.132574028687759
   outer loop
      vertex 0.182130885008027 0.862919075978148 0.298827741600985
      vertex 0.196658552314679 0.858420641217875 0.289394921244657
      vertex 0.171625327718694 0.862906679561826 0.281809384398559
   endloop
endfacet
facet normal -0.700572849552098 -0.007861174643391 -0.713537584436643
   outer loop
      vertex -0.232471277650580 0.537726713810332 -0.259362701144960
      vertex -0.244555407609781 0.533102772478896 -0.247447192900309
      vertex -0.232500529460737 0.539726368376102 -0.259356011391914
   endloop
endfacet
facet normal 0.627727983838398 0.005992127062285 0.778409707493072
   outer loop
      vertex -0.182474571681490 0.549181857243027 -0.249456935308309
      vertex -0.194170293836575 0.546602286507064 -0.240005371263385
      vertex -0.194142041977027 0.544602619459233 -0.240012760975699
   endloop
endfacet
facet normal -0.700402059112065 -0.008461096733631 -0.713698371466296
   outer loop
      vertex -0.232500529460737 0.539726368376102 -0.259356011391914
      vertex -0.244555407609781 0.533102772478896 -0.247447192900309
      vertex -0.244585769327651 0.535102411319854 -0.247441103111930
   endloop
endfacet
facet normal 0.227378215088954 -0.955122671957043 0.189841588743355
   outer loop
      vertex 0.231560264186750 0.684526765361780 -0.238869596078384
      vertex 0.219715987939158 0.679501619538797 -0.249965691128827
      vertex 0.245534768075197 0.685011415551584 -0.253168872567944
   endloop
endfacet
facet normal 0.241483740560367 0.963452316443809 -0.115953598409156
   outer loop
      vertex 0.151786095142306 0.871930882245670 0.315510691198159
      vertex 0.142998728759653 0.871971159208276 0.297544873841766
      vertex 0.128147954321704 0.876511801155058 0.304344761478652
   endloop
endfacet
facet normal -0.265929997832012 0.961091391137290 0.074730008262107
   outer loop
      vertex -0.075514728202760 0.587795357333873 -0.302256421489829
      vertex -0.080579705597021 0.587898225959838 -0.321603342652157
      vertex -0.095919896982698 0.583303257269954 -0.317096882713386
   endloop
endfacet
facet normal 0.959138096577785 0.024726377934848 -0.281855846005306
   outer loop
      vertex 0.339183881706615 0.743143356128218 -0.090792429434318
      vertex 0.334470328989293 0.736310845070404 -0.107431755169582
      vertex 0.334428681364485 0.738310168116438 -0.107398084788786
   endloop
endfacet
facet normal -0.256705920671228 -0.965805589004081 -0.036354291917424
   outer loop
      vertex -0.032975019970074 0.918119794150459 0.350085641308432
      vertex -0.050159302811310 0.922757687491028 0.348215266227373
      vertex -0.031270920935412 0.918416856612758 0.330160706458264
   endloop
endfacet
facet normal 0.193677159336010 -0.951103070596224 0.240607786769190
   outer loop
      vertex 0.256618141324413 0.703945452038012 -0.177758961232363
      vertex 0.247728466473110 0.698994772026080 -0.190172857010109
      vertex 0.264866772962714 0.704196430206932 -0.183406598223873
   endloop
endfacet
facet normal 0.261288824947437 -0.965258242119805 -0.002162400834923
   outer loop
      vertex 0.014505851591650 0.611393839609452 -0.332488182481815
      vertex 0.015263103862557 0.611643590363879 -0.352471719962173
      vertex 0.032215189417792 0.616230177291325 -0.351477602597406
   endloop
endfacet
facet normal 0.734957588558449 0.009701197465413 0.678043678377792
   outer loop
      vertex -0.215973374590849 0.533451425234527 -0.219468228049615
      vertex -0.226146341009347 0.530879288880085 -0.208404557803393
      vertex -0.226114787433205 0.528879568435735 -0.208410148678208
   endloop
endfacet
facet normal 0.135183981768029 0.963648095205991 -0.230450948531800
   outer loop
      vertex 0.266986756338756 0.826771674218165 0.193606567344835
      vertex 0.293044299696025 0.822510364250995 0.191073096467251
      vertex 0.276278538155109 0.822255352261254 0.180171842917859
   endloop
endfacet
facet normal 0.277103540702450 0.960179008840525 -0.035635638231879
   outer loop
      vertex 0.049963609896449 0.899329570731278 0.327076412817013
      vertex 0.048366800115500 0.899424051200036 0.317205297867603
      vertex 0.032689892475608 0.904028199395155 0.319357071767813
   endloop
endfacet
facet normal -0.243395828848224 -0.967294358544053 0.071414945411550
   outer loop
      vertex 0.087055701687136 0.886035284363685 0.339573226146323
      vertex 0.097616928168847 0.881613987727179 0.315682753207640
      vertex 0.103673376643371 0.881497249190741 0.334743102001130
   endloop
endfacet
facet normal 0.256632842030789 0.966497939555175 -0.004617058240996
   outer loop
      vertex 0.018791545511738 0.908292201877091 0.350680004350279
      vertex 0.036020420070739 0.903710227974938 0.349169671992782
      vertex 0.017549808697705 0.908526568170533 0.330720128793927
   endloop
endfacet
facet normal -0.734628266650413 -0.009084571617679 -0.678409006718463
   outer loop
      vertex -0.244616121047496 0.537102050359575 -0.247435013323569
      vertex -0.244585769327651 0.535102411319854 -0.247441103111930
      vertex -0.256068509510167 0.530481488406363 -0.234944917863988
   endloop
endfacet
facet normal -0.112332396427693 -0.015533319499871 0.993549268379846
   outer loop
      vertex -0.032975019970074 0.918119794150459 0.350085641308432
      vertex -0.050189653904626 0.924757296831359 0.348243096915384
      vertex -0.050159302811310 0.922757687491028 0.348215266227373
   endloop
endfacet
facet normal 0.255181984342812 0.965602317826909 0.049943154427460
   outer loop
      vertex -0.033035720423171 0.922118925532559 0.350140101694881
      vertex -0.047538496088607 0.927073257696706 0.328454095662298
      vertex -0.050219905017697 0.926756908159335 0.348270927603229
   endloop
endfacet
facet normal -0.325409475026799 -0.009624459244506 0.945524216161085
   outer loop
      vertex -0.285396622345979 0.492426151154681 -0.104843682743910
      vertex -0.285481827077472 0.496425250635723 -0.104832299912206
      vertex -0.323295152562139 0.495656683614579 -0.117853871677912
   endloop
endfacet
facet normal 0.200111674146101 0.016116537051601 -0.979640533616239
   outer loop
      vertex 0.082466615272714 0.631942982916989 -0.343504613089880
      vertex 0.065870773110284 0.625380330722393 -0.347002619622531
      vertex 0.065843523286244 0.627379906986778 -0.346975289968311
   endloop
endfacet
facet normal 0.223370926220197 -0.960953653954537 -0.163320250645642
   outer loop
      vertex -0.182447319787367 0.547182178452574 -0.249465094975984
      vertex -0.194528454163136 0.547082624413924 -0.265402539033348
      vertex -0.181612060055087 0.551688171669755 -0.274835359167537
   endloop
endfacet
facet normal -0.479141328591170 -0.021528708775677 0.877473704411899
   outer loop
      vertex 0.157262940299567 0.660779720872945 -0.270818343193149
      vertex 0.143922976403798 0.657676364826602 -0.278178722473408
      vertex 0.143954524425854 0.655676921566354 -0.278210551883589
   endloop
endfacet
facet normal 0.954710109753634 0.019480738270107 0.296899153199626
   outer loop
      vertex 0.331279330962873 0.799995975403425 0.113643852684666
      vertex 0.336555653368800 0.793324389540448 0.097115038532356
      vertex 0.336507105257179 0.795323667763227 0.097139969412445
   endloop
endfacet
facet normal -0.262390659414381 0.956493869849258 0.127556335761409
   outer loop
      vertex -0.131613354693340 0.569501294516653 -0.281145406872485
      vertex -0.117995548776361 0.574078262512529 -0.287453652961674
      vertex -0.140351846334865 0.569503077490399 -0.299134352493006
   endloop
endfacet
facet normal -0.235447565674576 0.005367958367118 -0.971872228660170
   outer loop
      vertex -0.069145004902295 0.592618363441921 -0.344921903757899
      vertex -0.085621630051524 0.586001320755390 -0.340966794064557
      vertex -0.085644680982582 0.588000993554794 -0.340950164876622
   endloop
endfacet
facet normal -0.258525280340802 0.960994260029232 0.098258392087284
   outer loop
      vertex -0.104084441244707 0.578653090046025 -0.293083335867843
      vertex -0.111018885454658 0.578705570804048 -0.311841660744257
      vertex -0.125841268578840 0.574105394988954 -0.305849482484209
   endloop
endfacet
facet normal 0.250151108260472 -0.956399166156427 -0.150748326728190
   outer loop
      vertex -0.170328180977686 0.551762507358452 -0.258323760703719
      vertex -0.168246683560372 0.556294090674609 -0.283619654209948
      vertex -0.157787062913915 0.556343093885831 -0.266573899062186
   endloop
endfacet
facet normal 0.735032496889861 0.009091959239363 0.677970917365226
   outer loop
      vertex -0.216003728298226 0.535451164248912 -0.219462137204699
      vertex -0.226146341009347 0.530879288880085 -0.208404557803393
      vertex -0.215973374590849 0.533451425234527 -0.219468228049615
   endloop
endfacet
facet normal 0.836166456605810 0.025282613272513 -0.547892732488210
   outer loop
      vertex 0.298917843869794 0.711886537986216 -0.185827981966583
      vertex 0.298955590069683 0.709887247769950 -0.185862633229540
      vertex 0.289612467919455 0.704949360622205 -0.200349498198682
   endloop
endfacet
facet normal 0.987828670070895 0.021509100035672 0.154051540731085
   outer loop
      vertex 0.344519033949109 0.785950680216000 0.063478883922152
      vertex 0.344566781774278 0.783951408275236 0.063451853160607
      vertex 0.347284718724209 0.781248295042161 0.046400972025740
   endloop
endfacet
facet normal -0.134967871796749 0.957622626410111 -0.254445630675903
   outer loop
      vertex 0.294939900036590 0.727837769850891 -0.128012981385562
      vertex 0.304132109077540 0.728089344679159 -0.131942068872454
      vertex 0.297412572620573 0.723203380891532 -0.146766406511009
   endloop
endfacet
facet normal -0.169461680352546 -0.958946513512342 0.227385846337485
   outer loop
      vertex 0.249326333504786 0.827186486457232 0.200287360172164
      vertex 0.241516681170314 0.827085820799268 0.194042601264891
      vertex 0.250861271089426 0.822544564815686 0.181855071886252
   endloop
endfacet
facet normal 0.160325805511351 -0.956986990399400 0.241808883818265
   outer loop
      vertex 0.297491264473684 0.719204859796034 -0.146835305064785
      vertex 0.281293103284000 0.714050273812920 -0.156495365726376
      vertex 0.290055712377100 0.714302533523749 -0.161306864300770
   endloop
endfacet
facet normal -0.158667758233359 0.956794277773084 0.243658064750346
   outer loop
      vertex -0.260955221309208 0.514619580166663 -0.159571152366723
      vertex -0.253174265360368 0.519179745390638 -0.172411085072787
      vertex -0.278221728159458 0.514325211765309 -0.169659010262976
   endloop
endfacet
facet normal 0.257280070999840 0.966070425479705 0.022691365753922
   outer loop
      vertex 0.001511600873438 0.912887185570160 0.351345937813686
      vertex -0.015055114298571 0.917772807654446 0.331181027734071
      vertex -0.015778020374118 0.917495918866157 0.351165871347038
   endloop
endfacet
facet normal 0.276678588570858 0.958572498456118 0.067732738244024
   outer loop
      vertex -0.046197893581256 0.927231529924240 0.318545730745761
      vertex -0.059984111029806 0.932080154891666 0.306241380068196
      vertex -0.061810326143824 0.931912652718318 0.316071745918420
   endloop
endfacet
facet normal -0.218851309075246 0.956506857485460 0.192869738682201
   outer loop
      vertex -0.205356612484197 0.542025279435520 -0.229999663866715
      vertex -0.194170293836575 0.546602286507064 -0.240005371263385
      vertex -0.218943246868725 0.541875650247691 -0.244674497752429
   endloop
endfacet
facet normal 0.216006968087040 -0.960888736865816 -0.173302697908198
   outer loop
      vertex -0.218884741260877 0.537876241141486 -0.244687878315075
      vertex -0.219812462605119 0.542353646457441 -0.270669485454675
      vertex -0.206963175356598 0.542478248400449 -0.255344813599817
   endloop
endfacet
facet normal -0.269221347858492 0.961924048261120 -0.047138002017439
   outer loop
      vertex 0.093300348644965 0.638133520239900 -0.319989000406334
      vertex 0.082438365879061 0.633942527685159 -0.343476183495399
      vertex 0.077810877813816 0.633600724619269 -0.324022028757654
   endloop
endfacet
facet normal -0.419770003256526 0.000348153433821 -0.907630444154008
   outer loop
      vertex -0.133686988391901 0.574132527993551 -0.324245362003952
      vertex -0.149065884358605 0.567505066819752 -0.317135318617654
      vertex -0.149090236006498 0.569504762371493 -0.317123289170803
   endloop
endfacet
facet normal 0.662112771482297 0.005435157173542 0.749384505381937
   outer loop
      vertex 0.237284278756978 0.842947339991312 0.256990562539119
      vertex 0.237244627955781 0.844946841593574 0.257011093650029
      vertex 0.224248462876800 0.849435399265898 0.268461198103791
   endloop
endfacet
facet normal 0.795493605674227 0.010537111020422 0.605870359584260
   outer loop
      vertex 0.272713038296621 0.829488030160247 0.219042469049019
      vertex 0.272755388500915 0.827488585393437 0.219021637950372
      vertex 0.283285539456765 0.823001191553314 0.205273839509145
   endloop
endfacet
facet normal 0.188764579693183 -0.007199160501947 0.981995980409963
   outer loop
      vertex -0.046124249565004 0.592927916402606 -0.308617980134484
      vertex -0.046147501914921 0.594927658792839 -0.308598850029205
      vertex -0.060899582247831 0.590362992466052 -0.305796589599413
   endloop
endfacet
facet normal -0.209506753187911 -0.017422675242991 0.977651968113417
   outer loop
      vertex -0.067258522505687 0.929410644101965 0.345534513865374
      vertex -0.084201024678479 0.936079300666905 0.342022647786806
      vertex -0.084170673860328 0.934079705059018 0.341993517171357
   endloop
endfacet
facet normal -0.102861438392454 -0.013858231555558 0.994599152377473
   outer loop
      vertex 0.043659647810547 0.622215720631983 -0.309999782026006
      vertex 0.028696534508428 0.619682805011323 -0.311582559453982
      vertex 0.028721985132566 0.617683170786142 -0.311607789222429
   endloop
endfacet
facet normal -0.160333602759503 0.956982030179741 -0.241823344074178
   outer loop
      vertex 0.297412572620573 0.723203380891532 -0.146766406511009
      vertex 0.307503838449134 0.718805603096745 -0.170860702912949
      vertex 0.289978620262931 0.718301083675086 -0.161237705764162
   endloop
endfacet
facet normal -0.157121111499274 -0.958906740996257 0.236243134065672
   outer loop
      vertex 0.258967412674853 0.822658747720408 0.187709789054594
      vertex 0.250861271089426 0.822544564815686 0.181855071886252
      vertex 0.259601276039237 0.818001537888180 0.169227827226265
   endloop
endfacet
facet normal 0.188690608366575 -0.007209582516238 0.982010120230028
   outer loop
      vertex -0.046147501914921 0.594927658792839 -0.308598850029205
      vertex -0.046170654284592 0.596927403170717 -0.308579719924092
      vertex -0.060922732883969 0.592362649545370 -0.305778660483874
   endloop
endfacet
facet normal 0.274685800657803 -0.961433457980841 -0.013907436571260
   outer loop
      vertex -0.001274611926671 0.606598162142411 -0.312638693123926
      vertex -0.001496279563706 0.606824090450143 -0.332635475787104
      vertex 0.014505851591650 0.611393839609452 -0.332488182481815
   endloop
endfacet
facet normal 0.624497494787667 0.004083361822604 0.781016136299471
   outer loop
      vertex 0.224326064793873 0.845436363327744 0.268420035890374
      vertex 0.224287313814876 0.847435882818814 0.268440566999791
      vertex 0.210746992078386 0.851926859553978 0.279243876083888
   endloop
endfacet
facet normal 0.035159848512998 -0.012469969675734 0.999303900176933
   outer loop
      vertex 0.018822496994516 0.906292579110427 0.350654573527311
      vertex 0.001511600873438 0.912887185570160 0.351345937813686
      vertex 0.001542250300951 0.910887663153275 0.351319908081261
   endloop
endfacet
facet normal 0.248812431326745 -0.960968889925422 -0.120959359343446
   outer loop
      vertex -0.131564749381799 0.565501801028325 -0.281169426824806
      vertex -0.140303141051547 0.565503586412253 -0.299158412443261
      vertex -0.125793563563628 0.570105907273875 -0.305875742310008
   endloop
endfacet
facet normal 0.261171360963610 0.960836782755115 -0.092640148516803
   outer loop
      vertex 0.112986790380947 0.881058830815147 0.310410641320167
      vertex 0.109494574500079 0.881104634698235 0.301040441330001
      vertex 0.094522651636663 0.885671527096566 0.306198040236851
   endloop
endfacet
facet normal 0.051925952827107 -0.963561237704855 0.262399383794407
   outer loop
      vertex 0.350043186281817 0.758314764708975 -0.022677824085657
      vertex 0.328727607164749 0.753069519431146 -0.037720859702493
      vertex 0.348602162567524 0.753545827451981 -0.039904756905044
   endloop
endfacet
facet normal 0.257805397921346 -0.964976482946522 -0.048546515454542
   outer loop
      vertex -0.049271740173101 0.593080660987443 -0.328367402767148
      vertex -0.052419328752745 0.593233302553630 -0.348116726461785
      vertex -0.035601054733375 0.597844017205285 -0.350452411761711
   endloop
endfacet
facet normal 0.170175348723010 0.963779579803191 -0.205351582027959
   outer loop
      vertex 0.261484327622639 0.835973812139776 0.232282396813323
      vertex 0.246495310332031 0.835799442045910 0.219042588512890
      vertex 0.235343819838660 0.840312684997987 0.230983390663992
   endloop
endfacet
facet normal -0.151284019811355 0.961145971013577 0.230892979005611
   outer loop
      vertex -0.285835749029400 0.509745925815591 -0.155585466015105
      vertex -0.260955221309208 0.514619580166663 -0.159571152366723
      vertex -0.278221728159458 0.514325211765309 -0.169659010262976
   endloop
endfacet
facet normal 0.979114882464802 0.020649247653041 0.202256410299652
   outer loop
      vertex 0.340923601516465 0.790642172308946 0.080405247919895
      vertex 0.344566781774278 0.783951408275236 0.063451853160607
      vertex 0.344519033949109 0.785950680216000 0.063478883922152
   endloop
endfacet
facet normal 0.283545695953678 -0.956697655540983 -0.065813632239316
   outer loop
      vertex -0.075468426401323 0.583796016766695 -0.302289779860450
      vertex -0.064987716586873 0.588491138838041 -0.325386090882782
      vertex -0.060876529604405 0.588363233424428 -0.305814519771340
   endloop
endfacet
facet normal 0.998885161998091 0.023430471716890 -0.040981046047812
   outer loop
      vertex 0.350550344868780 0.767067351365526 -0.005337406309628
      vertex 0.350595990401623 0.765068173574496 -0.005367835821356
      vertex 0.349952993307615 0.762313227341012 -0.022615564085615
   endloop
endfacet
facet normal 0.219305838336410 -0.964741659675155 -0.145528276835779
   outer loop
      vertex -0.181612060055087 0.551688171669755 -0.274835359167537
      vertex -0.192895939134605 0.551613836086694 -0.291346967630796
      vertex -0.178706304198363 0.556245087040852 -0.300665369359944
   endloop
endfacet
facet normal 0.987827863733829 0.021241469257760 0.154093840288412
   outer loop
      vertex 0.344566781774278 0.783951408275236 0.063451853160607
      vertex 0.347332066437903 0.779249024657893 0.046373041315093
      vertex 0.347284718724209 0.781248295042161 0.046400972025740
   endloop
endfacet
facet normal 0.180964093347782 0.963791825487311 -0.195850233705889
   outer loop
      vertex 0.249666346217623 0.840459909151841 0.244941793392900
      vertex 0.235343819838660 0.840312684997987 0.230983390663992
      vertex 0.223623200651588 0.844826699444555 0.242367390350298
   endloop
endfacet
facet normal -0.898321067532654 -0.015898148100700 -0.439051828960957
   outer loop
      vertex 0.275093986272088 0.812905388231727 0.142819441168804
      vertex 0.281900720835582 0.808351623632850 0.129057428948561
      vertex 0.275140235409582 0.810906035771874 0.142797210141827
   endloop
endfacet
facet normal 0.624413194939159 0.003792149311768 0.781085002793850
   outer loop
      vertex 0.224326064793873 0.845436363327744 0.268420035890374
      vertex 0.210746992078386 0.851926859553978 0.279243876083888
      vertex 0.210784943194261 0.849927325218085 0.279223244981381
   endloop
endfacet
facet normal -0.123720356020841 0.957036200600806 0.262249850801961
   outer loop
      vertex -0.280372744667139 0.500965470767423 -0.118956059424042
      vertex -0.274571766500991 0.505511797606370 -0.132810405840407
      vertex -0.298935899258290 0.500602980761510 -0.126390664366277
   endloop
endfacet
facet normal 0.678254054155100 0.023916049178884 -0.734438193869194
   outer loop
      vertex 0.245500421088894 0.687010779073165 -0.253134763280378
      vertex 0.232971288231699 0.679979246423864 -0.264934396943803
      vertex 0.232937441091585 0.681978622630162 -0.264900547642554
   endloop
endfacet
facet normal 0.641325612179762 0.023840441470482 -0.766898358658268
   outer loop
      vertex 0.232971288231699 0.679979246423864 -0.264934396943803
      vertex 0.219848279079249 0.674927950304458 -0.276065659530875
      vertex 0.232937441091585 0.681978622630162 -0.264900547642554
   endloop
endfacet
facet normal 0.152132401241397 0.015017443622622 -0.988246026493184
   outer loop
      vertex 0.065843523286244 0.627379906986778 -0.346975289968311
      vertex 0.049097812834765 0.620809207239742 -0.349653004002618
      vertex 0.049071462621259 0.622808811956354 -0.349626674294076
   endloop
endfacet
facet normal 0.585385172552937 0.002745309273472 0.810750678712119
   outer loop
      vertex 0.210784943194261 0.849927325218085 0.279223244981381
      vertex 0.210746992078386 0.851926859553978 0.279243876083888
      vertex 0.196695701558734 0.856421193068167 0.289374091211195
   endloop
endfacet
facet normal 0.134944051225604 0.963767314726320 -0.230092733705436
   outer loop
      vertex 0.276278538155109 0.822255352261254 0.180171842917859
      vertex 0.284904645953139 0.817736101573717 0.166301504138656
      vertex 0.267895608377712 0.822127795813400 0.174721165617760
   endloop
endfacet
facet normal -0.289093037974761 0.956918715624133 0.027051563407373
   outer loop
      vertex -0.016333404456383 0.606045681625268 -0.311991105643155
      vertex -0.001323112656373 0.610597427969667 -0.312592934385229
      vertex -0.017533683930579 0.606247388492497 -0.331953335101145
   endloop
endfacet
facet normal -0.282335413570464 -0.955605687966068 -0.084288097444966
   outer loop
      vertex -0.077218320070368 0.932609181161055 0.312778881173545
      vertex -0.074910986423054 0.932785572426812 0.303050313068663
      vertex -0.059923511064949 0.928081046874125 0.306184519815875
   endloop
endfacet
facet normal 0.732297803199012 0.007859375707648 0.680939173233107
   outer loop
      vertex 0.249706894853486 0.838460525413051 0.244921263337050
      vertex 0.249747445476882 0.836461041699599 0.244900732224646
      vertex 0.261567328451741 0.831974884590818 0.232241134596524
   endloop
endfacet
facet normal -0.270725657400452 -0.961251942777775 -0.051983852599115
   outer loop
      vertex -0.047477895869751 0.923074137003063 0.328398435342996
      vertex -0.063575941292987 0.927746042527430 0.325845251516323
      vertex -0.046137293362400 0.923232409230596 0.318490070426459
   endloop
endfacet
facet normal 0.746919094782573 0.024501831765026 -0.664463336903805
   outer loop
      vertex 0.268828372604284 0.697017548472418 -0.227815032027100
      vertex 0.257473567791675 0.692023705478894 -0.240763043384724
      vertex 0.257438520990227 0.694023052763007 -0.240728714108275
   endloop
endfacet
facet normal -0.987935756972654 -0.021570505963313 -0.153354665293742
   outer loop
      vertex 0.305207974584530 0.785109535755031 0.056135309436227
      vertex 0.307661837046010 0.780385211140958 0.040991639749490
      vertex 0.305255822389944 0.783110265801913 0.056108278674514
   endloop
endfacet
facet normal -0.189155955725148 -0.967936803505737 0.165282693688123
   outer loop
      vertex 0.210784943194261 0.849927325218085 0.279223244981381
      vertex 0.211438843459707 0.845343288281527 0.253126326824882
      vertex 0.224326064793873 0.845436363327744 0.268420035890374
   endloop
endfacet
facet normal -0.272891594641320 0.961276106914674 0.038450277620406
   outer loop
      vertex -0.033471469249315 0.601666041641838 -0.330531976980251
      vertex -0.017533683930579 0.606247388492497 -0.331953335101145
      vertex -0.035647856857247 0.601843369639604 -0.350411652746752
   endloop
endfacet
facet normal -0.285414690639983 -0.955894645184711 -0.069310040211193
   outer loop
      vertex -0.061749726178967 0.927913544700777 0.316014885666098
      vertex -0.059923511064949 0.928081046874125 0.306184519815875
      vertex -0.044796588908439 0.923390584527452 0.308581604458783
   endloop
endfacet
facet normal -0.170097663411995 -0.967953669451919 0.184749773197007
   outer loop
      vertex 0.237323929558174 0.840947838389050 0.256970031428207
      vertex 0.235425021065696 0.836313719558726 0.230942328439017
      vertex 0.249747445476882 0.836461041699599 0.244900732224646
   endloop
endfacet
facet normal -0.171692888045850 0.961039349837901 0.216621606165269
   outer loop
      vertex -0.269923565265615 0.518908713244581 -0.183336636690387
      vertex -0.244770351894637 0.523743242196711 -0.184848695987837
      vertex -0.260962095162101 0.523495965045893 -0.196585124947265
   endloop
endfacet
facet normal -0.091179823102802 0.009688008218849 -0.995787317832324
   outer loop
      vertex -0.018710313650575 0.604449487303285 -0.351937193468984
      vertex -0.035647856857247 0.601843369639604 -0.350411652746752
      vertex -0.018734065372552 0.606449193346744 -0.351915563502417
   endloop
endfacet
facet normal 0.479430286424583 0.021822033828823 -0.877308611207263
   outer loop
      vertex 0.177412988908752 0.661658892935779 -0.305360879244201
      vertex 0.162381810422291 0.656531979377505 -0.313702621015205
      vertex 0.177381141051795 0.663658324951381 -0.305328549861430
   endloop
endfacet
facet normal -0.276821638249416 0.956596422567883 0.091066266681127
   outer loop
      vertex -0.089913034744110 0.583225583295160 -0.298021409924745
      vertex -0.075514728202760 0.587795357333873 -0.302256421489829
      vertex -0.095919896982698 0.583303257269954 -0.317096882713386
   endloop
endfacet
facet normal 0.999710349303600 0.022704013959775 0.007984061960451
   outer loop
      vertex 0.350350255431265 0.769808210302396 0.011922352267917
      vertex 0.350595990401623 0.765068173574496 -0.005367835821356
      vertex 0.350550344868780 0.767067351365526 -0.005337406309628
   endloop
endfacet
facet normal 0.662086467730796 0.005434396876819 0.749407750545951
   outer loop
      vertex 0.237323929558174 0.840947838389050 0.256970031428207
      vertex 0.237284278756978 0.842947339991312 0.256990562539119
      vertex 0.224287313814876 0.847435882818814 0.268440566999791
   endloop
endfacet
facet normal -0.252856447669285 0.964871326965692 0.071322782275614
   outer loop
      vertex -0.080579705597021 0.587898225959838 -0.321603342652157
      vertex -0.085644680982582 0.588000993554794 -0.340950164876622
      vertex -0.101926659262209 0.583380934288737 -0.336172455496612
   endloop
endfacet
facet normal -0.998169857673548 -0.022580494473091 -0.056098631902382
   outer loop
      vertex 0.309421609174427 0.773651121663165 0.025721179912892
      vertex 0.310389111994404 0.768904948833799 0.010416685067683
      vertex 0.309468456796400 0.771651850847747 0.025692349253311
   endloop
endfacet
facet normal -0.034891497881499 0.012474074494263 -0.999313254610934
   outer loop
      vertex 0.016308173851448 0.908760836476958 0.310760252180853
      vertex 0.001022607509564 0.911399512521621 0.311326892665776
      vertex 0.000991956094518 0.913399134913171 0.311352923454756
   endloop
endfacet
facet normal -0.435475715990528 -0.020880911294660 0.899958270324820
   outer loop
      vertex 0.143985872487422 0.653677474330815 -0.278242381293439
      vertex 0.130302663339589 0.650557945821940 -0.284935851532455
      vertex 0.130333811548617 0.648558489223766 -0.284967170970439
   endloop
endfacet
facet normal -0.998171488062403 -0.022254150487400 -0.056199939549542
   outer loop
      vertex 0.309421609174427 0.773651121663165 0.025721179912892
      vertex 0.310342864444395 0.770904222068013 0.010446415676033
      vertex 0.310389111994404 0.768904948833799 0.010416685067683
   endloop
endfacet
facet normal 0.225643021589662 0.961417081335995 -0.157360803643295
   outer loop
      vertex 0.179667219329101 0.858362039419218 0.264671018666942
      vertex 0.192525879270954 0.853827276071594 0.255403577057695
      vertex 0.174003376345823 0.858342437159345 0.256429750434920
   endloop
endfacet
facet normal -0.274747629566775 0.961515034751152 0.001605613567544
   outer loop
      vertex 0.030430411338974 0.619956125376505 -0.331504851257245
      vertex 0.015213501870630 0.615642908949494 -0.352423560299057
      vertex 0.014456249599722 0.615393158195067 -0.332440022818699
   endloop
endfacet
facet normal 0.641426927743824 0.023525554671422 -0.766823346438096
   outer loop
      vertex 0.232937441091585 0.681978622630162 -0.264900547642554
      vertex 0.219814931770507 0.676927339934911 -0.276032140212037
      vertex 0.219781684444127 0.678926731447375 -0.275998610893922
   endloop
endfacet
facet normal -0.112296503938166 -0.015527202177885 0.993553421410139
   outer loop
      vertex -0.033005371190389 0.920119409828841 0.350112872029933
      vertex -0.050219905017697 0.926756908159335 0.348270927603229
      vertex -0.050189653904626 0.924757296831359 0.348243096915384
   endloop
endfacet
facet normal 0.324348515938773 -0.005408100297202 0.945922191651877
   outer loop
      vertex 0.120004775755508 0.878967519239827 0.329128709243629
      vertex 0.103607375332339 0.885496370298401 0.334788562898727
      vertex 0.103640325003967 0.883496858738081 0.334765832978288
   endloop
endfacet
facet normal -0.280596292656749 -0.959061612255057 -0.038295488585713
   outer loop
      vertex -0.030418821427959 0.918565388837728 0.320198239033096
      vertex -0.046137293362400 0.923232409230596 0.318490070426459
      vertex -0.029566821900750 0.918713919075056 0.310235771608094
   endloop
endfacet
facet normal -0.999714425844325 -0.022765253383535 -0.007267048722447
   outer loop
      vertex 0.310435457558290 0.766905776505552 0.010387055510139
      vertex 0.310609501337693 0.764146995088301 -0.004913477519291
      vertex 0.310655248859481 0.762147718253911 -0.004943808093321
   endloop
endfacet
facet normal -0.161004848131820 -0.016178450480503 0.986821005359178
   outer loop
      vertex -0.050159302811310 0.922757687491028 0.348215266227373
      vertex -0.050189653904626 0.924757296831359 0.348243096915384
      vertex -0.067258522505687 0.929410644101965 0.345534513865374
   endloop
endfacet
facet normal -0.010404088220864 0.954884699215685 -0.296794484706274
   outer loop
      vertex 0.309374763539986 0.775650292503920 0.025750009515920
      vertex 0.320333049821191 0.771130060705269 0.010822807741792
      vertex 0.310342864444395 0.770904222068013 0.010446415676033
   endloop
endfacet
facet normal -0.055197782700905 0.954124535133154 -0.294278059395950
   outer loop
      vertex 0.310037249442125 0.761375548429199 -0.020201785690039
      vertex 0.318701587450467 0.756829794210190 -0.036565451698839
      vertex 0.308764258765191 0.756591689193283 -0.035473502569204
   endloop
endfacet
facet normal 0.131469028756616 0.958635438937514 -0.252455916331688
   outer loop
      vertex 0.259512676612781 0.822000339340210 0.169270489374216
      vertex 0.276265026785701 0.817595432718678 0.161267965942235
      vertex 0.267625509564872 0.817454666932962 0.156234326694676
   endloop
endfacet
facet normal 0.276892952766414 -0.956573653217844 -0.091088630891925
   outer loop
      vertex -0.104037438565567 0.574653712687954 -0.293111894507546
      vertex -0.095873392725244 0.579303795351197 -0.317127842274852
      vertex -0.089866530486655 0.579226121376402 -0.298052369486211
   endloop
endfacet
facet normal 0.265978724448990 0.962763062667061 -0.048400447357736
   outer loop
      vertex 0.070160589064806 0.894582162200196 0.343632813089170
      vertex 0.066001946089066 0.894747631363844 0.324070949365942
      vertex 0.049963609896449 0.899329570731278 0.327076412817013
   endloop
endfacet
facet normal -0.190974694374637 -0.963898104847231 0.185550827485169
   outer loop
      vertex 0.237323929558174 0.840947838389050 0.256970031428207
      vertex 0.223702602255392 0.840827697171334 0.242326428122729
      vertex 0.235425021065696 0.836313719558726 0.230942328439017
   endloop
endfacet
facet normal 0.999703271004063 0.023059129973572 0.007851526516417
   outer loop
      vertex 0.350350255431265 0.769808210302396 0.011922352267917
      vertex 0.350396600995151 0.767809037974149 0.011892722710372
      vertex 0.350641737902245 0.763068897796447 -0.005398266389806
   endloop
endfacet
facet normal 0.627875296939211 0.005380944044625 0.778295353278360
   outer loop
      vertex -0.182447319787367 0.547182178452574 -0.249465094975984
      vertex -0.182474571681490 0.549181857243027 -0.249456935308309
      vertex -0.194142041977027 0.544602619459233 -0.240012760975699
   endloop
endfacet
facet normal -0.304676450748895 -0.019067093417809 0.952265039948255
   outer loop
      vertex -0.100884406351526 0.938764813581238 0.337629102035547
      vertex -0.117389466319408 0.945465744569869 0.332482493047853
      vertex -0.117328167254834 0.941466688494152 0.332422032995310
   endloop
endfacet
facet normal 0.375747247269559 -0.002168958944617 0.926719645732433
   outer loop
      vertex -0.104060889904432 0.576653401832641 -0.293097565190568
      vertex -0.104084441244707 0.578653090046025 -0.293083335867843
      vertex -0.117995548776361 0.574078262512529 -0.287453652961674
   endloop
endfacet
facet normal 0.563122408387095 0.022922968734751 -0.826055500966311
   outer loop
      vertex 0.206164500520451 0.671856875345654 -0.286502676767293
      vertex 0.192019152152483 0.666767316973095 -0.296286801948275
      vertex 0.206131753016977 0.673856280704810 -0.286469517429356
   endloop
endfacet
facet normal 0.151352565270872 -0.954784268491192 0.255889432426714
   outer loop
      vertex 0.295019991693556 0.723839272568330 -0.128081499962872
      vertex 0.279514750867904 0.718700582679747 -0.138084188498677
      vertex 0.288503007671852 0.718952721185073 -0.142459741782010
   endloop
endfacet
facet normal -0.664791705355267 -0.006631849895272 -0.746999335379759
   outer loop
      vertex -0.219812462605119 0.542353646457441 -0.270669485454675
      vertex -0.232471277650580 0.537726713810332 -0.259362701144960
      vertex -0.219840714464668 0.544353313505273 -0.270662095742361
   endloop
endfacet
facet normal 0.216987333575978 0.961372684493685 -0.169348925526536
   outer loop
      vertex 0.179667219329101 0.858362039419218 0.264671018666942
      vertex 0.198586933161082 0.853860315696466 0.263357187102455
      vertex 0.192525879270954 0.853827276071594 0.255403577057695
   endloop
endfacet
facet normal -0.018220240890306 -0.957970214014138 0.286288476686727
   outer loop
      vertex 0.315131433059553 0.781321381410531 0.057917192588048
      vertex 0.307756530485864 0.776386770347086 0.040935779384750
      vertex 0.317662301397711 0.776602517058458 0.042288137188196
   endloop
endfacet
facet normal -0.180674798539375 -0.963905024623771 0.195560018096243
   outer loop
      vertex 0.249747445476882 0.836461041699599 0.244900732224646
      vertex 0.235425021065696 0.836313719558726 0.230942328439017
      vertex 0.246578311161134 0.831800514496951 0.219001326296091
   endloop
endfacet
facet normal -0.259613713465798 0.965484001807240 -0.021008618107235
   outer loop
      vertex 0.046339204008631 0.624511920998112 -0.329786897923220
      vertex 0.049045212387998 0.624808418660612 -0.349600344585699
      vertex 0.032164188168106 0.620229444810383 -0.351427243054763
   endloop
endfacet
facet normal 0.732398104436061 0.008158173598668 0.680827776182787
   outer loop
      vertex 0.249666346217623 0.840459909151841 0.244941793392900
      vertex 0.261525778047068 0.833974347371473 0.232261765705006
      vertex 0.261484327622639 0.835973812139776 0.232282396813323
   endloop
endfacet
facet normal -0.227372028322237 0.956483839312953 0.182867782481730
   outer loop
      vertex -0.194170293836575 0.546602286507064 -0.240005371263385
      vertex -0.182501823575613 0.551181536033480 -0.249448775640634
      vertex -0.207019581085100 0.546477684564056 -0.255330043118243
   endloop
endfacet
facet normal -0.479087136515149 -0.021815061519759 0.877496221482807
   outer loop
      vertex 0.157262940299567 0.660779720872945 -0.270818343193149
      vertex 0.157231090452961 0.662779252968846 -0.270786022753266
      vertex 0.143922976403798 0.657676364826602 -0.278178722473408
   endloop
endfacet
facet normal 0.060948166036635 0.958617347161357 -0.278097290130799
   outer loop
      vertex 0.307703234424404 0.794728318262206 0.088774310309278
      vertex 0.311745119974731 0.790028663643450 0.073460155577382
      vertex 0.298101978805638 0.794529802089192 0.085985789901937
   endloop
endfacet
facet normal -0.677855405957489 -0.024214303178891 0.734796377328964
   outer loop
      vertex 0.217551311346340 0.686041576574942 -0.224536199245096
      vertex 0.217516862392260 0.688041038083542 -0.224502088900810
      vertex 0.206392993360038 0.683022745383228 -0.234929316709678
   endloop
endfacet
facet normal 0.133303457606218 -0.009948517512919 0.991025335291446
   outer loop
      vertex 0.053188683083877 0.897140884314560 0.346794410768501
      vertex 0.053157031506557 0.899140504787465 0.346818741654030
      vertex 0.036020420070739 0.903710227974938 0.349169671992782
   endloop
endfacet
facet normal 0.190649634837296 -0.960956130312414 -0.200539353622664
   outer loop
      vertex -0.251293837881793 0.524087192302455 -0.209383117340557
      vertex -0.256036955934024 0.528481767962013 -0.234950508738804
      vertex -0.241075851686508 0.528680668543586 -0.221680323708819
   endloop
endfacet
facet normal -0.005410721827149 -0.012132946989161 0.999911753949651
   outer loop
      vertex 0.013723848304318 0.613143749669825 -0.312480615167194
      vertex 0.013699099296592 0.615143309453621 -0.312456486395063
      vertex -0.001323112656373 0.610597427969667 -0.312592934385229
   endloop
endfacet
facet normal 0.990063466056326 0.024216278514721 -0.138520413785951
   outer loop
      vertex 0.348557717093943 0.755545014305968 -0.039872927473450
      vertex 0.348602162567524 0.753545827451981 -0.039904756905044
      vertex 0.346322078783332 0.748761518443236 -0.057037869266371
   endloop
endfacet
facet normal -0.506688922513853 -0.001610288739244 -0.862127451582379
   outer loop
      vertex -0.164076169911906 0.560875777225558 -0.309272430546173
      vertex -0.178706304198363 0.556245087040852 -0.300665369359944
      vertex -0.164101123661629 0.562875572445851 -0.309261499980375
   endloop
endfacet
facet normal 0.186559471587583 0.961543213193578 -0.201569374465299
   outer loop
      vertex 0.228182656618840 0.840239075436877 0.224004139302162
      vertex 0.239000750702839 0.835712305992487 0.212422684891033
      vertex 0.221021393439941 0.840165462831777 0.217024987934916
   endloop
endfacet
facet normal -0.808072517148564 -0.024917759151689 0.588555785213299
   outer loop
      vertex 0.256581094985811 0.705944756188922 -0.177724311970456
      vertex 0.247655671533072 0.702993507064140 -0.190103644727026
      vertex 0.247692119986969 0.700994090552129 -0.190138251446924
   endloop
endfacet
facet normal 0.210303364901514 0.963738432704253 -0.164258114076140
   outer loop
      vertex 0.210709042950042 0.853926293915207 0.279264506129841
      vertex 0.198586933161082 0.853860315696466 0.263357187102455
      vertex 0.185330964319668 0.858381539716781 0.272912285842579
   endloop
endfacet
facet normal 0.920214228246691 0.017905268794140 0.391005339454280
   outer loop
      vertex -0.274492382287641 0.501512666468266 -0.132820277690181
      vertex -0.280331600923945 0.498965837266411 -0.118961301390866
      vertex -0.280290459172517 0.496966303951328 -0.118966562300019
   endloop
endfacet
facet normal -0.097085310038832 0.955968588727230 -0.276944940270683
   outer loop
      vertex 0.313775336770358 0.747226755480040 -0.067790092763291
      vertex 0.319845082858782 0.742649644905421 -0.085717328091966
      vertex 0.310175683441215 0.742402788977120 -0.083179747422465
   endloop
endfacet
facet normal -0.207762395717596 0.960993269061587 0.182556083831814
   outer loop
      vertex -0.218943246868725 0.541875650247691 -0.244674497752429
      vertex -0.207019581085100 0.546477684564056 -0.255330043118243
      vertex -0.232529781273012 0.541726023047507 -0.259349331638310
   endloop
endfacet
facet normal -0.209427308482700 -0.017117921068359 0.977674372805174
   outer loop
      vertex -0.067228271540781 0.927411040168380 0.345505983216602
      vertex -0.067258522505687 0.929410644101965 0.345534513865374
      vertex -0.084170673860328 0.934079705059018 0.341993517171357
   endloop
endfacet
facet normal 0.998891963218226 0.023194603339601 -0.040949434598743
   outer loop
      vertex 0.350595990401623 0.765068173574496 -0.005367835821356
      vertex 0.350043186281817 0.758314764708975 -0.022677824085657
      vertex 0.349998040798360 0.760313945043840 -0.022646694613830
   endloop
endfacet
facet normal -0.989983018383008 -0.024167117210026 0.139102745332454
   outer loop
      vertex 0.308808704259938 0.754592501282951 -0.035505232006378
      vertex 0.306791640388247 0.749794873801040 -0.050694032202980
      vertex 0.308853051761974 0.752593211410311 -0.035536962499942
   endloop
endfacet
facet normal 0.979134968668618 0.020997541771728 0.202123270233411
   outer loop
      vertex 0.340923601516465 0.790642172308946 0.080405247919895
      vertex 0.340971849454521 0.788642899742992 0.080379217101702
      vertex 0.344566781774278 0.783951408275236 0.063451853160607
   endloop
endfacet
facet normal -0.034904328552862 0.012170579026564 -0.999316548874496
   outer loop
      vertex 0.016369974849227 0.904761688930652 0.310709391591638
      vertex 0.001053356917321 0.909399992092385 0.311300862933185
      vertex 0.016339123346693 0.906761313684960 0.310734822414439
   endloop
endfacet
facet normal 0.227271547255146 0.967712895845534 -0.108992637469252
   outer loop
      vertex 0.151786095142306 0.871930882245670 0.315510691198159
      vertex 0.167161235191580 0.867422239825506 0.307540065248944
      vertex 0.142998728759653 0.871971159208276 0.297544873841766
   endloop
endfacet
facet normal 0.797777838228555 0.011500344561882 0.602841822459534
   outer loop
      vertex -0.235764246455501 0.528309642473075 -0.196854144573256
      vertex -0.244770351894637 0.523743242196711 -0.184848695987837
      vertex -0.235731495020562 0.526310041693147 -0.196859340415502
   endloop
endfacet
facet normal 0.126759556376805 0.961341234393856 -0.244448452482834
   outer loop
      vertex 0.276265026785701 0.817595432718678 0.161267965942235
      vertex 0.283969488448628 0.813059282723382 0.147423845192089
      vertex 0.267625509564872 0.817454666932962 0.156234326694676
   endloop
endfacet
facet normal -0.171453201931638 0.961157191792137 0.216288354318125
   outer loop
      vertex -0.260962095162101 0.523495965045893 -0.196585124947265
      vertex -0.251359422723821 0.528086492267985 -0.209372726599268
      vertex -0.277153828431117 0.523248688072711 -0.208321551906822
   endloop
endfacet
facet normal 0.877481852997433 0.015647375784390 0.479354521509136
   outer loop
      vertex -0.260881557845419 0.510620429922561 -0.159580513178916
      vertex -0.268055497755984 0.508063866792237 -0.146364813095214
      vertex -0.268017245325669 0.506064270646858 -0.146369564028037
   endloop
endfacet
facet normal -0.188894412331750 0.953833049378546 -0.233498211777023
   outer loop
      vertex 0.273332395667656 0.713130208855149 -0.170085758328525
      vertex 0.273041111967767 0.708446012480550 -0.188984915692408
      vertex 0.264792580308864 0.708195036341528 -0.183337282700842
   endloop
endfacet
facet normal 0.272685320753307 -0.956522645563059 -0.103475332184598
   outer loop
      vertex -0.117947845746565 0.570078874666478 -0.287479901731476
      vertex -0.110971880787986 0.574706093471313 -0.311870220440514
      vertex -0.104037438565567 0.574653712687954 -0.293111894507546
   endloop
endfacet
facet normal -0.280477400987445 0.956644054995601 0.078514836667360
   outer loop
      vertex -0.075514728202760 0.587795357333873 -0.302256421489829
      vertex -0.060922732883969 0.592362649545370 -0.305778660483874
      vertex -0.080579705597021 0.587898225959838 -0.321603342652157
   endloop
endfacet
facet normal -0.641040566728387 -0.023520712108193 0.767146510068626
   outer loop
      vertex 0.206460689632032 0.679023892784700 -0.234996996369847
      vertex 0.194807214359473 0.675987975950521 -0.244827918129816
      vertex 0.194840461687969 0.673988584332423 -0.244861437448488
   endloop
endfacet
facet normal -0.078274126222215 0.963119688682005 -0.257436645482391
   outer loop
      vertex 0.323557708970038 0.747471112408012 -0.069850297097497
      vertex 0.343122353410319 0.747959823219970 -0.073970605771326
      vertex 0.339183881706615 0.743143356128218 -0.090792429434318
   endloop
endfacet
facet normal 0.281220068089605 0.959356479952251 0.023460982019169
   outer loop
      vertex 0.001121842299478 0.913271146816422 0.321351202043134
      vertex -0.014332206256657 0.918049597524413 0.311196083070131
      vertex -0.014693710267736 0.917911201595607 0.321188555402184
   endloop
endfacet
facet normal 0.971798522843033 0.024488988536690 -0.234537673819261
   outer loop
      vertex 0.343122353410319 0.747959823219970 -0.073970605771326
      vertex 0.339226229273566 0.741144042981603 -0.090825719837487
      vertex 0.339183881706615 0.743143356128218 -0.090792429434318
   endloop
endfacet
facet normal 0.824271960757193 0.011916999308095 0.566068652936181
   outer loop
      vertex 0.283198841515485 0.826999937133995 0.205315900630878
      vertex 0.283242191479891 0.825000514356323 0.205294869541734
      vertex 0.293088549419131 0.820510962531156 0.191051765393359
   endloop
endfacet
facet normal 0.271428874439902 -0.961819480104354 0.035066420006594
   outer loop
      vertex 0.058528384375939 0.624741557618561 -0.307688118712239
      vertex 0.062199529736172 0.625060893717493 -0.327345419692787
      vertex 0.077867478568897 0.629601537095911 -0.324078889003336
   endloop
endfacet
facet normal -0.159870688541533 -0.967939082559802 0.193740278203952
   outer loop
      vertex 0.249747445476882 0.836461041699599 0.244900732224646
      vertex 0.246578311161134 0.831800514496951 0.219001326296091
      vertex 0.261567328451741 0.831974884590818 0.232241134596524
   endloop
endfacet
facet normal 0.247339349647547 0.017901457037912 -0.968763533558034
   outer loop
      vertex 0.098931485485233 0.634498246693891 -0.339252268451290
      vertex 0.082494866675065 0.629943337117814 -0.343532943746497
      vertex 0.098902036540313 0.636497757046898 -0.339222838910634
   endloop
endfacet
facet normal 0.176687251234171 -0.954185490770689 0.241478082761176
   outer loop
      vertex 0.273408088028771 0.709131632355657 -0.170155056854995
      vertex 0.264866772962714 0.704196430206932 -0.183406598223873
      vertex 0.281923956032654 0.709383471448786 -0.175390911332344
   endloop
endfacet
facet normal -0.479055428372836 -0.021810599713891 0.877513643362107
   outer loop
      vertex 0.157294788160758 0.658780288646074 -0.270850652577036
      vertex 0.157262940299567 0.660779720872945 -0.270818343193149
      vertex 0.143954524425854 0.655676921566354 -0.278210551883589
   endloop
endfacet
facet normal 0.824330131520782 0.012205384085002 0.565977793615851
   outer loop
      vertex 0.283198841515485 0.826999937133995 0.205315900630878
      vertex 0.293088549419131 0.820510962531156 0.191051765393359
      vertex 0.293044299696025 0.822510364250995 0.191073096467251
   endloop
endfacet
facet normal 0.216709263688351 0.961474743034894 -0.169125437287352
   outer loop
      vertex 0.192525879270954 0.853827276071594 0.255403577057695
      vertex 0.204917479869085 0.849295835815121 0.245520435045243
      vertex 0.186464823393290 0.853794336421385 0.247449968069490
   endloop
endfacet
facet normal -0.200602119134460 0.953532590134535 -0.224798552820271
   outer loop
      vertex 0.247655671533072 0.702993507064140 -0.190103644727026
      vertex 0.255617073632318 0.703243083278897 -0.196149480257754
      vertex 0.245827889644182 0.698273866343059 -0.208491994069981
   endloop
endfacet
facet normal 0.184304143412265 -0.956371431189834 0.226684071617262
   outer loop
      vertex 0.281923956032654 0.709383471448786 -0.175390911332344
      vertex 0.264866772962714 0.704196430206932 -0.183406598223873
      vertex 0.273115404601650 0.704447408344162 -0.189054232215549
   endloop
endfacet
facet normal -0.210016652324622 -0.963838093908911 0.164040039247726
   outer loop
      vertex 0.210784943194261 0.849927325218085 0.279223244981381
      vertex 0.198662833405302 0.849861346999345 0.263315925953995
      vertex 0.211438843459707 0.845343288281527 0.253126326824882
   endloop
endfacet
facet normal -0.209870081036333 0.956535603016646 0.202470218173896
   outer loop
      vertex -0.216034080018071 0.537450803288634 -0.219456047416338
      vertex -0.205356612484197 0.542025279435520 -0.229999663866715
      vertex -0.230325060539627 0.537276427566346 -0.233445525370299
   endloop
endfacet
facet normal -0.175788108577806 0.960878343880481 -0.214035859481868
   outer loop
      vertex 0.273041111967767 0.708446012480550 -0.188984915692408
      vertex 0.289538273278284 0.708948066720902 -0.200280180619153
      vertex 0.279501179950423 0.703991809904885 -0.214286983949934
   endloop
endfacet
facet normal -0.999708648599789 -0.023017366113168 -0.007267652440478
   outer loop
      vertex 0.310342864444395 0.770904222068013 0.010446415676033
      vertex 0.310563855804849 0.766146172879330 -0.004883048007562
      vertex 0.310389111994404 0.768904948833799 0.010416685067683
   endloop
endfacet
facet normal -0.766863898263413 -0.010910135572599 -0.641717017447745
   outer loop
      vertex -0.256068509510167 0.530481488406363 -0.234944917863988
      vertex -0.266921813587429 0.525863541898244 -0.221896503580850
      vertex -0.266954607003268 0.527863241921158 -0.221891312681649
   endloop
endfacet
facet normal -0.278928083317679 -0.958845279627030 -0.053055198366316
   outer loop
      vertex -0.047477895869751 0.923074137003063 0.328398435342996
      vertex -0.046137293362400 0.923232409230596 0.318490070426459
      vertex -0.030418821427959 0.918565388837728 0.320198239033096
   endloop
endfacet
facet normal -0.163743024293882 0.964845961516219 0.205573569655574
   outer loop
      vertex -0.286672875168251 0.518637680868069 -0.194262185308138
      vertex -0.260962095162101 0.523495965045893 -0.196585124947265
      vertex -0.277153828431117 0.523248688072711 -0.208321551906822
   endloop
endfacet
facet normal 0.265594946164988 0.960725899116872 0.080405667323235
   outer loop
      vertex -0.084201024678479 0.936079300666905 0.342022647786806
      vertex -0.079586355396319 0.936431983223756 0.322565510520490
      vertex -0.095349032528119 0.941133842459110 0.318452485056246
   endloop
endfacet
facet normal -0.989993181108745 -0.023960990029895 0.139066071760785
   outer loop
      vertex 0.308853051761974 0.752593211410311 -0.035536962499942
      vertex 0.306791640388247 0.749794873801040 -0.050694032202980
      vertex 0.306835485874530 0.747795680302888 -0.050726361605670
   endloop
endfacet
facet normal 0.188841178180683 -0.953862211553174 0.233422130043874
   outer loop
      vertex 0.264866772962714 0.704196430206932 -0.183406598223873
      vertex 0.255689868572293 0.699244348244005 -0.196218692840820
      vertex 0.273115404601650 0.704447408344162 -0.189054232215549
   endloop
endfacet
facet normal -0.640987654710131 -0.023835518710533 0.767181005080943
   outer loop
      vertex 0.206460689632032 0.679023892784700 -0.234996996369847
      vertex 0.206426840502269 0.681023369071296 -0.234963156011485
      vertex 0.194807214359473 0.675987975950521 -0.244827918129816
   endloop
endfacet
facet normal -0.250064064489617 0.958476276363007 -0.137080966221562
   outer loop
      vertex 0.181074933201924 0.668316120209645 -0.279499277757830
      vertex 0.191986804478970 0.668766734825103 -0.296254072587001
      vertex 0.177381141051795 0.663658324951381 -0.305328549861430
   endloop
endfacet
facet normal 0.181169669374104 -0.951437730709246 0.248885104981633
   outer loop
      vertex 0.264892122034291 0.708879691194583 -0.164919193434591
      vertex 0.256618141324413 0.703945452038012 -0.177758961232363
      vertex 0.273408088028771 0.709131632355657 -0.170155056854995
   endloop
endfacet
facet normal 0.544861466775473 0.001429695802292 0.838524858303672
   outer loop
      vertex 0.196732852811488 0.854421643887453 0.289353360115598
      vertex 0.196695701558734 0.856421193068167 0.289374091211195
      vertex 0.182167236376493 0.860919513008955 0.298806810517879
   endloop
endfacet
facet normal 0.233216914805202 -0.952540882713147 0.195641860062722
   outer loop
      vertex 0.235518729458927 0.689288550142603 -0.220404142537199
      vertex 0.217585758312887 0.684042215041005 -0.224570308532829
      vertex 0.224573011250877 0.684284490148575 -0.231719947305886
   endloop
endfacet
facet normal -0.664616362502754 -0.007222739275592 -0.747149866312619
   outer loop
      vertex -0.219840714464668 0.544353313505273 -0.270662095742361
      vertex -0.232471277650580 0.537726713810332 -0.259362701144960
      vertex -0.232500529460737 0.539726368376102 -0.259356011391914
   endloop
endfacet
facet normal -0.861761626877820 -0.025378236563696 0.506678244598887
   outer loop
      vertex 0.272453402076732 0.717796564253425 -0.151614708615375
      vertex 0.264816527665889 0.712878369656385 -0.164849893851734
      vertex 0.272491948133816 0.715797289177757 -0.151649287883679
   endloop
endfacet
facet normal 0.268403797762796 0.961026544138084 0.066237321870079
   outer loop
      vertex -0.047538496088607 0.927073257696706 0.328454095662298
      vertex -0.061810326143824 0.931912652718318 0.316071745918420
      vertex -0.063636541257843 0.931745150544971 0.325902111768644
   endloop
endfacet
facet normal 0.852946287966444 0.013885221467617 0.521813980714448
   outer loop
      vertex -0.253174265360368 0.519179745390638 -0.172411085072787
      vertex -0.260955221309208 0.514619580166663 -0.159571152366723
      vertex -0.253138812374780 0.517180093485553 -0.172415826001520
   endloop
endfacet
facet normal -0.304631004840031 -0.018750366906602 0.952285868125229
   outer loop
      vertex -0.100853955658962 0.936765225242705 0.337599471447842
      vertex -0.100884406351526 0.938764813581238 0.337629102035547
      vertex -0.117328167254834 0.941466688494152 0.332422032995310
   endloop
endfacet
facet normal -0.767019443452878 -0.010309156400107 -0.641541031158223
   outer loop
      vertex -0.256068509510167 0.530481488406363 -0.234944917863988
      vertex -0.256036955934024 0.528481767962013 -0.234950508738804
      vertex -0.266889012163215 0.523863942154392 -0.221901703422956
   endloop
endfacet
facet normal 0.277228550270082 -0.950912374701482 0.137513586800492
   outer loop
      vertex 0.162332301803174 0.659000006707193 -0.279486289882075
      vertex 0.148592820948311 0.653891141346312 -0.287115404632825
      vertex 0.167369813462291 0.659219824531707 -0.288121906131676
   endloop
endfacet
facet normal -0.994244910973670 -0.021784884793474 -0.104892687054413
   outer loop
      vertex 0.307756530485864 0.776386770347086 0.040935779384750
      vertex 0.309421609174427 0.773651121663165 0.025721179912892
      vertex 0.309468456796400 0.771651850847747 0.025692349253311
   endloop
endfacet
facet normal 0.269196793256786 -0.961931261149459 0.047131044160661
   outer loop
      vertex 0.073240090462730 0.629259737074007 -0.304624834260177
      vertex 0.077867478568897 0.629601537095911 -0.324078889003336
      vertex 0.093359148563260 0.634134396515236 -0.320047760549615
   endloop
endfacet
facet normal 0.778593124614499 0.024701605613644 -0.627042723411363
   outer loop
      vertex 0.279537526435781 0.701992491417921 -0.214321593212912
      vertex 0.268828372604284 0.697017548472418 -0.227815032027100
      vertex 0.268792725957354 0.699016882034876 -0.227780532759144
   endloop
endfacet
facet normal 0.256570360895718 0.965842025759556 0.036343241277005
   outer loop
      vertex -0.015778020374118 0.917495918866157 0.351165871347038
      vertex -0.031331621388509 0.922415987994857 0.330215166844713
      vertex -0.033035720423171 0.922118925532559 0.350140101694881
   endloop
endfacet
facet normal 0.250355483461963 0.965097430767173 0.076870547201964
   outer loop
      vertex -0.067288871505638 0.931410148185923 0.345562843468924
      vertex -0.079586355396319 0.936431983223756 0.322565510520490
      vertex -0.084201024678479 0.936079300666905 0.342022647786806
   endloop
endfacet
facet normal -0.269537617202781 0.951242629757220 -0.149956434490872
   outer loop
      vertex 0.188548555443457 0.673165223465367 -0.262172569431488
      vertex 0.181074933201924 0.668316120209645 -0.279499277757830
      vertex 0.175619047554581 0.668090813842921 -0.271121875343607
   endloop
endfacet
facet normal -0.139598373884032 0.007856082968972 -0.990177042739993
   outer loop
      vertex -0.035624404822005 0.599843644957106 -0.350432082779801
      vertex -0.052419328752745 0.593233302553630 -0.348116726461785
      vertex -0.052442481122417 0.595233046931509 -0.348097596356673
   endloop
endfacet
facet normal -0.981974178805773 -0.024566929905060 0.187411787552885
   outer loop
      vertex 0.306791640388247 0.749794873801040 -0.050694032202980
      vertex 0.304036112055784 0.744983097503785 -0.065762818853675
      vertex 0.306835485874530 0.747795680302888 -0.050726361605670
   endloop
endfacet
facet normal 0.665155043359081 0.006638178969759 0.746675768238092
   outer loop
      vertex -0.194142041977027 0.544602619459233 -0.240012760975699
      vertex -0.194170293836575 0.546602286507064 -0.240005371263385
      vertex -0.205356612484197 0.542025279435520 -0.229999663866715
   endloop
endfacet
facet normal -0.907195112735589 -0.025367577927802 0.419944655185345
   outer loop
      vertex 0.285787734834474 0.725587046461640 -0.124118162130212
      vertex 0.279475404941348 0.720699843227496 -0.138049739221789
      vertex 0.285827782650489 0.723587697845696 -0.124152422475421
   endloop
endfacet
facet normal -0.272060058784703 -0.961545249714401 -0.037603951464362
   outer loop
      vertex -0.032975019970074 0.918119794150459 0.350085641308432
      vertex -0.031270920935412 0.918416856612758 0.330160706458264
      vertex -0.014994113650743 0.913773669559179 0.331127767280146
   endloop
endfacet
facet normal 0.233200977796255 -0.952548092609034 0.195625752961523
   outer loop
      vertex 0.224573011250877 0.684284490148575 -0.231719947305886
      vertex 0.213088338785595 0.679262756161749 -0.242481343749337
      vertex 0.231560264186750 0.684526765361780 -0.238869596078384
   endloop
endfacet
facet normal 0.222824187861442 -0.952865712172276 0.205903656767698
   outer loop
      vertex 0.245899382900648 0.694275203087799 -0.208560982606782
      vertex 0.228188765759291 0.689043380801751 -0.213606401439135
      vertex 0.235518729458927 0.689288550142603 -0.220404142537199
   endloop
endfacet
facet normal 0.046905289804147 0.958349095885738 -0.281721323657579
   outer loop
      vertex 0.307703234424404 0.794728318262206 0.088774310309278
      vertex 0.321471280488642 0.790233166531949 0.075775186358220
      vertex 0.311745119974731 0.790028663643450 0.073460155577382
   endloop
endfacet
facet normal -0.958931458614687 -0.024973493769378 0.282536337995769
   outer loop
      vertex 0.300548531623056 0.740156617280753 -0.080675397159315
      vertex 0.296337403007254 0.735315323569183 -0.095395938077379
      vertex 0.300590777213763 0.738157402543693 -0.080708726503532
   endloop
endfacet
facet normal -0.042606617978040 0.010888996371815 -0.999032584985339
   outer loop
      vertex -0.001717845254130 0.607049921827197 -0.352632359501421
      vertex -0.018686461948354 0.602449783247471 -0.351958823435716
      vertex -0.001742096623331 0.609049605256327 -0.352609529601005
   endloop
endfacet
facet normal 0.035240885648964 -0.012165352238648 0.999304800440579
   outer loop
      vertex 0.018853346509516 0.904293054330783 0.350629143761064
      vertex 0.018822496994516 0.906292579110427 0.350654573527311
      vertex 0.001542250300951 0.910887663153275 0.351319908081261
   endloop
endfacet
facet normal -0.149207711261468 -0.967911081854637 0.202200881608120
   outer loop
      vertex 0.261567328451741 0.831974884590818 0.232241134596524
      vertex 0.257136083831971 0.827287254077507 0.206532120135825
      vertex 0.272755388500915 0.827488585393437 0.219021637950372
   endloop
endfacet
facet normal -0.265900253887445 0.961100584936408 0.074717605806706
   outer loop
      vertex -0.080579705597021 0.587898225959838 -0.321603342652157
      vertex -0.065033917900071 0.592490456040661 -0.325350332646288
      vertex -0.085644680982582 0.588000993554794 -0.340950164876622
   endloop
endfacet
facet normal 0.851072991612092 0.013582752175375 0.524871671736803
   outer loop
      vertex 0.293088549419131 0.820510962531156 0.191051765393359
      vertex 0.302274279235643 0.814018880953102 0.176325220532736
      vertex 0.302229029773592 0.816018259627460 0.176346851591544
   endloop
endfacet
facet normal 0.918744804449057 0.017154962268667 0.394479012835189
   outer loop
      vertex 0.318308116067443 0.807019639934765 0.145692180980346
      vertex 0.318355164962227 0.805020307601442 0.145669549974369
      vertex 0.325256903284310 0.800512401157198 0.129791383946977
   endloop
endfacet
facet normal -0.506492673939243 -0.002190407146105 -0.862241482046886
   outer loop
      vertex -0.164101123661629 0.562875572445851 -0.309261499980375
      vertex -0.178706304198363 0.556245087040852 -0.300665369359944
      vertex -0.178731856053684 0.558244780924027 -0.300655439793886
   endloop
endfacet
facet normal 0.435760926417624 0.021199702271419 -0.899812751427349
   outer loop
      vertex 0.162413360431880 0.654532436142592 -0.313734451481940
      vertex 0.146993567868170 0.649387337954202 -0.321323161056958
      vertex 0.162381810422291 0.656531979377505 -0.313702621015205
   endloop
endfacet
facet normal -0.852624664387630 -0.014479867465231 -0.522323190291289
   outer loop
      vertex -0.286637432180052 0.516638028732531 -0.194266923237022
      vertex -0.295451390302724 0.512031118689943 -0.179751570149056
      vertex -0.295488223026268 0.514030743693691 -0.179746879215241
   endloop
endfacet
facet normal -0.899773840485063 -0.016176696797609 -0.436056590890998
   outer loop
      vertex -0.303577749857918 0.509428488562597 -0.164810858811823
      vertex -0.303539497427603 0.507428892417220 -0.164815609744646
      vertex -0.310881259428721 0.502831846064722 -0.149495831174089
   endloop
endfacet
facet normal 0.201049290066245 0.963772168522921 -0.175278036685959
   outer loop
      vertex 0.224248462876800 0.849435399265898 0.268461198103791
      vertex 0.211361241521468 0.849342325276023 0.253167389043882
      vertex 0.198586933161082 0.853860315696466 0.263357187102455
   endloop
endfacet
facet normal 0.808310654575505 0.025174536742546 -0.588217755936963
   outer loop
      vertex 0.289575421582758 0.706948664678045 -0.200314839937278
      vertex 0.289612467919455 0.704949360622205 -0.200349498198682
      vertex 0.279573972901384 0.699993174918602 -0.214356202476055
   endloop
endfacet
facet normal -0.281420649316268 -0.959545719852079 -0.008627262136132
   outer loop
      vertex 0.001183243122282 0.909272003995634 0.321299141521564
      vertex -0.014632709619908 0.913912063500340 0.321135294948258
      vertex 0.001053356917321 0.909399992092385 0.311300862933185
   endloop
endfacet
facet normal 0.548787265389517 0.002880438527344 0.835957080489295
   outer loop
      vertex -0.157787062913915 0.556343093885831 -0.266573899062186
      vertex -0.157812714745248 0.558342785570091 -0.266563949497078
      vertex -0.170354532867578 0.553762194953174 -0.258314741085540
   endloop
endfacet
facet normal 0.096668394242875 0.963510453215101 -0.249605344693848
   outer loop
      vertex 0.300080895008469 0.808685247434966 0.137386169936375
      vertex 0.306595165743713 0.804151810095249 0.122409366539962
      vertex 0.290990807922025 0.808518435533908 0.133221799442468
   endloop
endfacet
facet normal -0.885553305302594 -0.025376093497636 0.463844152001996
   outer loop
      vertex 0.279436158995035 0.722699105762891 -0.138015289945068
      vertex 0.272453402076732 0.717796564253425 -0.151614708615375
      vertex 0.279475404941348 0.720699843227496 -0.138049739221789
   endloop
endfacet
facet normal 0.602996557544547 0.023399278990887 -0.797400542595835
   outer loop
      vertex 0.219814931770507 0.676927339934911 -0.276032140212037
      vertex 0.206131753016977 0.673856280704810 -0.286469517429356
      vertex 0.219781684444127 0.678926731447375 -0.275998610893922
   endloop
endfacet
facet normal -0.274709638437892 0.961426644659979 0.013907605371782
   outer loop
      vertex 0.014456249599722 0.615393158195067 -0.332440022818699
      vertex -0.001766347992531 0.611049288685457 -0.352586699700588
      vertex -0.001544680334330 0.610823359321385 -0.332589817042991
   endloop
endfacet
facet normal 0.207474523953562 0.961410911047362 -0.180674796331209
   outer loop
      vertex 0.192525879270954 0.853827276071594 0.255403577057695
      vertex 0.211361241521468 0.849342325276023 0.253167389043882
      vertex 0.204917479869085 0.849295835815121 0.245520435045243
   endloop
endfacet
facet normal 0.435910675006041 0.020888885857828 -0.899747485611044
   outer loop
      vertex 0.162350362380479 0.658531424625398 -0.313670791605190
      vertex 0.146962417673726 0.651386894421404 -0.321291830562979
      vertex 0.146931269466815 0.653386350913944 -0.321260501125552
   endloop
endfacet
facet normal -0.419834403501082 0.000347234897450 -0.907600657263323
   outer loop
      vertex -0.133663134890528 0.572132734148679 -0.324258492445128
      vertex -0.149041530723179 0.565505271293347 -0.317147349121058
      vertex -0.149065884358605 0.567505066819752 -0.317135318617654
   endloop
endfacet
facet normal -0.161661197599294 0.961089835738126 0.223991037391286
   outer loop
      vertex -0.278221728159458 0.514325211765309 -0.169659010262976
      vertex -0.253174265360368 0.519179745390638 -0.172411085072787
      vertex -0.269923565265615 0.518908713244581 -0.183336636690387
   endloop
endfacet
facet normal -0.289757089437030 0.957099709172329 0.000987837650717
   outer loop
      vertex 0.028696534508428 0.619682805011323 -0.311582559453982
      vertex 0.014456249599722 0.615393158195067 -0.332440022818699
      vertex 0.013699099296592 0.615143309453621 -0.312456486395063
   endloop
endfacet
facet normal -0.091319835198787 0.009681651044742 -0.995774549449982
   outer loop
      vertex -0.018686461948354 0.602449783247471 -0.351958823435716
      vertex -0.035601054733375 0.597844017205285 -0.350452411761711
      vertex -0.018710313650575 0.604449487303285 -0.351937193468984
   endloop
endfacet
facet normal -0.144459318566639 0.964951163825800 0.219090749942794
   outer loop
      vertex -0.303577749857918 0.509428488562597 -0.164810858811823
      vertex -0.278221728159458 0.514325211765309 -0.169659010262976
      vertex -0.295488223026268 0.514030743693691 -0.179746879215241
   endloop
endfacet
facet normal -0.261164715718996 0.965291817589693 0.002167523426149
   outer loop
      vertex 0.014456249599722 0.615393158195067 -0.332440022818699
      vertex 0.015213501870630 0.615642908949494 -0.352423560299057
      vertex -0.001766347992531 0.611049288685457 -0.352586699700588
   endloop
endfacet
facet normal -0.998173219973773 -0.022307864044913 -0.056147859522358
   outer loop
      vertex 0.309468456796400 0.771651850847747 0.025692349253311
      vertex 0.310389111994404 0.768904948833799 0.010416685067683
      vertex 0.310435457558290 0.766905776505552 0.010387055510139
   endloop
endfacet
facet normal -0.203616253819368 -0.958969520269516 0.197276152574558
   outer loop
      vertex 0.216891937610234 0.840767676549808 0.235004626998265
      vertex 0.210081174951199 0.840707555022314 0.227682724822996
      vertex 0.221102494686733 0.836166495404872 0.216983925710108
   endloop
endfacet
facet normal 0.998129907164372 0.022569307776230 0.056809460220499
   outer loop
      vertex 0.349214671519797 0.776534171898949 0.029211806821536
      vertex 0.349261519141769 0.774534901083530 0.029182976161955
      vertex 0.350303907879846 0.771807482605307 0.011951982882015
   endloop
endfacet
facet normal -0.017015633111667 -0.960460008903008 0.277897534224113
   outer loop
      vertex 0.347379512144308 0.777249856235935 0.046345111660834
      vertex 0.327567972308147 0.776818262838527 0.043640394997389
      vertex 0.329388410796889 0.772093790017090 0.027423297903328
   endloop
endfacet
facet normal -0.255303490183181 -0.965569125035808 -0.049963913756537
   outer loop
      vertex -0.050159302811310 0.922757687491028 0.348215266227373
      vertex -0.067228271540781 0.927411040168380 0.345505983216602
      vertex -0.047477895869751 0.923074137003063 0.328398435342996
   endloop
endfacet
facet normal 0.994166963618172 0.022069497534365 0.105569814477462
   outer loop
      vertex 0.347284718724209 0.781248295042161 0.046400972025740
      vertex 0.347332066437903 0.779249024657893 0.046373041315093
      vertex 0.349214671519797 0.776534171898949 0.029211806821536
   endloop
endfacet
facet normal 0.585301632580981 0.002468391538579 0.810811880735138
   outer loop
      vertex 0.210784943194261 0.849927325218085 0.279223244981381
      vertex 0.196695701558734 0.856421193068167 0.289374091211195
      vertex 0.196732852811488 0.854421643887453 0.289353360115598
   endloop
endfacet
facet normal 0.063535385924269 0.014553392058724 -0.997873465683420
   outer loop
      vertex -0.014332206256657 0.918049597524413 0.311196083070131
      vertex -0.029597171133532 0.920713434778773 0.310263001273040
      vertex -0.029627522353847 0.922713050457155 0.310290231994542
   endloop
endfacet
facet normal 0.548723781249387 0.002851939663779 0.835998850675962
   outer loop
      vertex -0.157812714745248 0.558342785570091 -0.266563949497078
      vertex -0.157838268583869 0.560342579216661 -0.266553998875583
      vertex -0.170380986725247 0.555761980534915 -0.258305720410642
   endloop
endfacet
facet normal -0.265603952724263 -0.960722823815743 -0.080412661296287
   outer loop
      vertex -0.079525653717682 0.932432789895297 0.322507449278428
      vertex -0.095288035158979 0.937134868775361 0.318393125999356
      vertex -0.077218320070368 0.932609181161055 0.312778881173545
   endloop
endfacet
facet normal -0.677826210487772 -0.024214408223405 0.734823305843097
   outer loop
      vertex 0.217585758312887 0.684042215041005 -0.224570308532829
      vertex 0.217551311346340 0.686041576574942 -0.224536199245096
      vertex 0.206426840502269 0.681023369071296 -0.234963156011485
   endloop
endfacet
facet normal 0.415749973267980 -0.002592227343488 0.909475255345121
   outer loop
      vertex 0.151820946658941 0.869931296856189 0.315489060156615
      vertex 0.151786095142306 0.871930882245670 0.315510691198159
      vertex 0.136043461154568 0.876445565688249 0.322720016253351
   endloop
endfacet
facet normal -0.795486155598889 -0.010874189678772 -0.605874185164982
   outer loop
      vertex 0.241516681170314 0.827085820799268 0.194042601264891
      vertex 0.250817921125020 0.824543987593358 0.181876102975396
      vertex 0.250861271089426 0.822544564815686 0.181855071886252
   endloop
endfacet
facet normal 0.287882883028982 0.956129709274112 0.054216461543737
   outer loop
      vertex -0.046197893581256 0.927231529924240 0.318545730745761
      vertex -0.044857189127292 0.927389705221096 0.308637264778086
      vertex -0.059984111029806 0.932080154891666 0.306241380068196
   endloop
endfacet
facet normal 0.459825787265614 -0.001524445518191 0.888007838609221
   outer loop
      vertex 0.167232336130071 0.863423188397507 0.307497604175432
      vertex 0.151820946658941 0.869931296856189 0.315489060156615
      vertex 0.151855896189454 0.867931812372674 0.315467530165875
   endloop
endfacet
facet normal 0.209758314708078 0.017073033412389 -0.977604194416599
   outer loop
      vertex -0.059953860043732 0.930080549901740 0.306212949413841
      vertex -0.074941335274840 0.934785069116376 0.303079342633140
      vertex -0.059984111029806 0.932080154891666 0.306241380068196
   endloop
endfacet
facet normal 0.415652641254375 -0.002876397736592 0.909518888288925
   outer loop
      vertex 0.151820946658941 0.869931296856189 0.315489060156615
      vertex 0.136043461154568 0.876445565688249 0.322720016253351
      vertex 0.136077610758460 0.874446069528938 0.322698086286267
   endloop
endfacet
facet normal -0.170163677474182 -0.963785675630384 0.205332643089567
   outer loop
      vertex 0.235425021065696 0.836313719558726 0.230942328439017
      vertex 0.239083751531941 0.831713378443527 0.212381422674234
      vertex 0.246578311161134 0.831800514496951 0.219001326296091
   endloop
endfacet
facet normal 0.114668502871361 0.967846364368635 -0.223885125516762
   outer loop
      vertex 0.302183880312953 0.818017639233122 0.176368582644603
      vertex 0.310595998995651 0.813520764136334 0.161237255137671
      vertex 0.284904645953139 0.817736101573717 0.166301504138656
   endloop
endfacet
facet normal 0.283557752374713 -0.957618054066670 0.050622757666541
   outer loop
      vertex 0.073240090462730 0.629259737074007 -0.304624834260177
      vertex 0.058528384375939 0.624741557618561 -0.307688118712239
      vertex 0.077867478568897 0.629601537095911 -0.324078889003336
   endloop
endfacet
facet normal -0.861795364252280 -0.025094026845139 0.506635016525679
   outer loop
      vertex 0.272491948133816 0.715797289177757 -0.151649287883679
      vertex 0.264816527665889 0.712878369656385 -0.164849893851734
      vertex 0.264854373846446 0.710879081406639 -0.164884543114969
   endloop
endfacet
facet normal 0.200010841074170 0.016754438205517 -0.979650423494636
   outer loop
      vertex 0.082466615272714 0.631942982916989 -0.343504613089880
      vertex 0.065816371476082 0.629379584157130 -0.346947859263285
      vertex 0.082438365879061 0.633942527685159 -0.343476183495399
   endloop
endfacet
facet normal -0.262445641603074 0.961056911099745 0.086555755620104
   outer loop
      vertex -0.095919896982698 0.583303257269954 -0.317096882713386
      vertex -0.080579705597021 0.587898225959838 -0.321603342652157
      vertex -0.101926659262209 0.583380934288737 -0.336172455496612
   endloop
endfacet
facet normal -0.123961673331348 0.965080743882992 0.230765381569992
   outer loop
      vertex -0.317499045841066 0.500240591034658 -0.133825278251415
      vertex -0.292746359017665 0.505171604593662 -0.141150648044944
      vertex -0.310920951534338 0.504831411580956 -0.149490890249481
   endloop
endfacet
facet normal -0.118126922477920 0.961510911098255 0.248078209492289
   outer loop
      vertex -0.298935899258290 0.500602980761510 -0.126390664366277
      vertex -0.292746359017665 0.505171604593662 -0.141150648044944
      vertex -0.317499045841066 0.500240591034658 -0.133825278251415
   endloop
endfacet
facet normal 0.330038321704301 -0.003445972175021 0.943961244693010
   outer loop
      vertex -0.089889781611033 0.581225801820277 -0.298036840236546
      vertex -0.089913034744110 0.583225583295160 -0.298021409924745
      vertex -0.104084441244707 0.578653090046025 -0.293083335867843
   endloop
endfacet
facet normal -0.998167481297627 -0.022579992849479 -0.056141100834148
   outer loop
      vertex 0.309374763539986 0.775650292503920 0.025750009515920
      vertex 0.310342864444395 0.770904222068013 0.010446415676033
      vertex 0.309421609174427 0.773651121663165 0.025721179912892
   endloop
endfacet
facet normal 0.151065738196062 -0.961273215201674 -0.230505853459552
   outer loop
      vertex -0.260881557845419 0.510620429922561 -0.159580513178916
      vertex -0.278148062710254 0.510325961652178 -0.169668382131164
      vertex -0.269852679289217 0.514909408973502 -0.183346112548156
   endloop
endfacet
facet normal -0.255588379194281 0.964922464238040 0.059993486560032
   outer loop
      vertex -0.065033917900071 0.592490456040661 -0.325350332646288
      vertex -0.069145004902295 0.592618363441921 -0.344921903757899
      vertex -0.085644680982582 0.588000993554794 -0.340950164876622
   endloop
endfacet
facet normal -0.261129640815870 0.965205095991401 0.013799759403904
   outer loop
      vertex -0.001544680334330 0.610823359321385 -0.332589817042991
      vertex -0.001766347992531 0.611049288685457 -0.352586699700588
      vertex -0.018734065372552 0.606449193346744 -0.351915563502417
   endloop
endfacet
facet normal -0.435446755471730 -0.021197318377596 0.899964886449878
   outer loop
      vertex 0.143954524425854 0.655676921566354 -0.278210551883589
      vertex 0.143922976403798 0.657676364826602 -0.278178722473408
      vertex 0.130271513143029 0.652557502394777 -0.284904531037917
   endloop
endfacet
facet normal 0.077504282150727 0.967556435510705 -0.240473762290440
   outer loop
      vertex 0.325160908132795 0.804510914351472 0.129837944832971
      vertex 0.331279330962873 0.799995975403425 0.113643852684666
      vertex 0.306595165743713 0.804151810095249 0.122409366539962
   endloop
endfacet
facet normal 0.464428786359598 0.000313788676355 0.885610413182466
   outer loop
      vertex -0.131589103021458 0.567501596765998 -0.281157416320286
      vertex -0.131613354693340 0.569501294516653 -0.281145406872485
      vertex -0.144905158638012 0.564922491849920 -0.274173342114581
   endloop
endfacet
facet normal -0.273117482477898 0.961707856061979 -0.022909394439998
   outer loop
      vertex 0.062145128123137 0.629060146095888 -0.327290559339123
      vertex 0.049045212387998 0.624808418660612 -0.349600344585699
      vertex 0.046339204008631 0.624511920998112 -0.329786897923220
   endloop
endfacet
facet normal -0.999715183376638 -0.022714195599180 -0.007322393358622
   outer loop
      vertex 0.310389111994404 0.768904948833799 0.010416685067683
      vertex 0.310563855804849 0.766146172879330 -0.004883048007562
      vertex 0.310609501337693 0.764146995088301 -0.004913477519291
   endloop
endfacet
facet normal -0.258041159105677 0.965587090638611 -0.032501239968049
   outer loop
      vertex 0.062145128123137 0.629060146095888 -0.327290559339123
      vertex 0.065816371476082 0.629379584157130 -0.346947859263285
      vertex 0.049045212387998 0.624808418660612 -0.349600344585699
   endloop
endfacet
facet normal -0.274068463247047 0.961651107223393 -0.010659522945479
   outer loop
      vertex 0.028696534508428 0.619682805011323 -0.311582559453982
      vertex 0.030430411338974 0.619956125376505 -0.331504851257245
      vertex 0.014456249599722 0.615393158195067 -0.332440022818699
   endloop
endfacet
facet normal -0.018179212881048 -0.958051181753859 0.286020015661596
   outer loop
      vertex 0.327567972308147 0.776818262838527 0.043640394997389
      vertex 0.317662301397711 0.776602517058458 0.042288137188196
      vertex 0.319428433796644 0.771872820432418 0.026557823578320
   endloop
endfacet
facet normal 0.464332817958801 0.000944331786207 0.885660286116475
   outer loop
      vertex -0.131589103021458 0.567501596765998 -0.281157416320286
      vertex -0.144905158638012 0.564922491849920 -0.274173342114581
      vertex -0.144880206880054 0.562922796815560 -0.274184291622710
   endloop
endfacet
facet normal 0.236405211277132 -0.005974847652971 0.971636185656204
   outer loop
      vertex -0.060899582247831 0.590362992466052 -0.305796589599413
      vertex -0.060922732883969 0.592362649545370 -0.305778660483874
      vertex -0.075514728202760 0.587795357333873 -0.302256421489829
   endloop
endfacet
facet normal -0.375114023536601 0.002196994087884 -0.926976074428656
   outer loop
      vertex -0.117929876317047 0.576758261386379 -0.330614215999781
      vertex -0.133663134890528 0.572132734148679 -0.324258492445128
      vertex -0.117953327677077 0.578757951587408 -0.330599986677222
   endloop
endfacet
facet normal -0.280804498836518 0.957673159410607 -0.063332086478168
   outer loop
      vertex 0.102074137665568 0.642273274214074 -0.296291504835595
      vertex 0.093300348644965 0.638133520239900 -0.319989000406334
      vertex 0.087728111703237 0.637769672048889 -0.300784492504827
   endloop
endfacet
facet normal 0.624439379201401 0.003792843969503 0.781064066538201
   outer loop
      vertex 0.224287313814876 0.847435882818814 0.268440566999791
      vertex 0.210709042950042 0.853926293915207 0.279264506129841
      vertex 0.210746992078386 0.851926859553978 0.279243876083888
   endloop
endfacet
facet normal 0.276800832381192 0.958535645438647 0.067754819877234
   outer loop
      vertex -0.063636541257843 0.931745150544971 0.325902111768644
      vertex -0.061810326143824 0.931912652718318 0.316071745918420
      vertex -0.077279019761472 0.936608274514848 0.312836941359053
   endloop
endfacet
facet normal -0.713079720395463 -0.024239026373361 0.700663815221822
   outer loop
      vertex 0.228188765759291 0.689043380801751 -0.213606401439135
      vertex 0.217551311346340 0.686041576574942 -0.224536199245096
      vertex 0.217585758312887 0.684042215041005 -0.224570308532829
   endloop
endfacet
facet normal 0.152041662484316 0.015620830476382 -0.988250637502569
   outer loop
      vertex 0.065843523286244 0.627379906986778 -0.346975289968311
      vertex 0.049045212387998 0.624808418660612 -0.349600344585699
      vertex 0.065816371476082 0.629379584157130 -0.346947859263285
   endloop
endfacet
facet normal -0.375170941933681 0.002177407490346 -0.926953085773609
   outer loop
      vertex -0.117906324976771 0.574758573172995 -0.330628445322507
      vertex -0.133639283376688 0.570133040278472 -0.324271621829750
      vertex -0.117929876317047 0.576758261386379 -0.330614215999781
   endloop
endfacet
facet normal -0.329441597621008 0.003454520013714 -0.944169635207780
   outer loop
      vertex -0.101880155004755 0.579381472369979 -0.336203415058079
      vertex -0.117906324976771 0.574758573172995 -0.330628445322507
      vertex -0.101903406150299 0.581381153870197 -0.336187985802832
   endloop
endfacet
facet normal -0.329385348749862 0.003502540151848 -0.944189082886165
   outer loop
      vertex -0.101903406150299 0.581381153870197 -0.336187985802832
      vertex -0.117929876317047 0.576758261386379 -0.330614215999781
      vertex -0.101926659262209 0.583380934288737 -0.336172455496612
   endloop
endfacet
facet normal -0.003714111361587 -0.957835460784162 0.287293291674529
   outer loop
      vertex 0.329388410796889 0.772093790017090 0.027423297903328
      vertex 0.319428433796644 0.771872820432418 0.026557823578320
      vertex 0.320425742936498 0.767131616074111 0.010763547570150
   endloop
endfacet
facet normal 0.370530709403510 -0.003840051761938 0.928812277799662
   outer loop
      vertex 0.136111862330130 0.872446475382610 0.322676155262463
      vertex 0.136077610758460 0.874446069528938 0.322698086286267
      vertex 0.120004775755508 0.878967519239827 0.329128709243629
   endloop
endfacet
facet normal -0.390720648179908 -0.020502035828012 0.920280957975758
   outer loop
      vertex 0.130333811548617 0.648558489223766 -0.284967170970439
      vertex 0.130302663339589 0.650557945821940 -0.284935851532455
      vertex 0.116341151849262 0.645423392092821 -0.290977832055249
   endloop
endfacet
facet normal 0.370551159573292 -0.003858205357474 0.928804044128958
   outer loop
      vertex 0.136077610758460 0.874446069528938 0.322698086286267
      vertex 0.136043461154568 0.876445565688249 0.322720016253351
      vertex 0.119971124128804 0.880967122143004 0.329150940249692
   endloop
endfacet
facet normal -0.191251954819514 -0.963794869310370 0.185801344636472
   outer loop
      vertex 0.211438843459707 0.845343288281527 0.253126326824882
      vertex 0.216891937610234 0.840767676549808 0.235004626998265
      vertex 0.223702602255392 0.840827697171334 0.242326428122729
   endloop
endfacet
facet normal -0.641063654432826 -0.023552836140017 0.767126231382419
   outer loop
      vertex 0.206426840502269 0.681023369071296 -0.234963156011485
      vertex 0.194773867050732 0.677987365580975 -0.244794398810977
      vertex 0.194807214359473 0.675987975950521 -0.244827918129816
   endloop
endfacet
facet normal -0.209526848832817 -0.017384524630881 0.977648340622306
   outer loop
      vertex -0.067228271540781 0.927411040168380 0.345505983216602
      vertex -0.084170673860328 0.934079705059018 0.341993517171357
      vertex -0.084140223040765 0.932080110382434 0.341964486550161
   endloop
endfacet
facet normal 0.063509316083807 0.955919350849471 -0.286678847217741
   outer loop
      vertex 0.293466015482579 0.799227408264143 0.100622310917269
      vertex 0.317304492051870 0.794926733404215 0.091562929654484
      vertex 0.307703234424404 0.794728318262206 0.088774310309278
   endloop
endfacet
facet normal -0.004521846494768 -0.955203045818337 0.295916701393568
   outer loop
      vertex 0.319428433796644 0.771872820432418 0.026557823578320
      vertex 0.309468456796400 0.771651850847747 0.025692349253311
      vertex 0.310435457558290 0.766905776505552 0.010387055510139
   endloop
endfacet
facet normal -0.151926537836117 -0.961476963008313 0.229085959206237
   outer loop
      vertex 0.267073456246402 0.822772829719162 0.193564405172130
      vertex 0.258967412674853 0.822658747720408 0.187709789054594
      vertex 0.267984105836390 0.818129092348388 0.174678504526529
   endloop
endfacet
facet normal -0.734511691440651 -0.009692810919879 -0.678526804594679
   outer loop
      vertex -0.244585769327651 0.535102411319854 -0.247441103111930
      vertex -0.256036955934024 0.528481767962013 -0.234950508738804
      vertex -0.256068509510167 0.530481488406363 -0.234944917863988
   endloop
endfacet
facet normal 0.370469255724068 -0.004091842096696 0.928835716039985
   outer loop
      vertex 0.136077610758460 0.874446069528938 0.322698086286267
      vertex 0.119971124128804 0.880967122143004 0.329150940249692
      vertex 0.120004775755508 0.878967519239827 0.329128709243629
   endloop
endfacet
facet normal 0.122520175499886 0.963697194276359 -0.237226736139396
   outer loop
      vertex 0.284904645953139 0.817736101573717 0.166301504138656
      vertex 0.292844992633868 0.813213076184030 0.152028348153238
      vertex 0.276265026785701 0.817595432718678 0.161267965942235
   endloop
endfacet
facet normal -0.995614767691106 -0.023841545969878 0.090458913552795
   outer loop
      vertex 0.310037249442125 0.761375548429199 -0.020201785690039
      vertex 0.308764258765191 0.756591689193283 -0.035473502569204
      vertex 0.310082296932871 0.759376266132027 -0.020232916218254
   endloop
endfacet
facet normal -0.943960541631330 -0.024884309901055 0.329118925259296
   outer loop
      vertex 0.296379048642412 0.733316100603447 -0.095429617401064
      vertex 0.291413135714928 0.730458844541951 -0.109888605738710
      vertex 0.291453983425815 0.728459509186316 -0.109922616099201
   endloop
endfacet
facet normal 0.415623075458138 -0.002856196869088 0.909532463019415
   outer loop
      vertex 0.151855896189454 0.867931812372674 0.315467530165875
      vertex 0.136077610758460 0.874446069528938 0.322698086286267
      vertex 0.136111862330130 0.872446475382610 0.322676155262463
   endloop
endfacet
facet normal 0.138128864616978 -0.955131329700952 0.262001068286592
   outer loop
      vertex 0.295019991693556 0.723839272568330 -0.128081499962872
      vertex 0.288503007671852 0.718952721185073 -0.142459741782010
      vertex 0.304212200736622 0.724090847290963 -0.132010577450323
   endloop
endfacet
facet normal 0.137899114506561 0.967971595410700 -0.209797103641521
   outer loop
      vertex 0.283198841515485 0.826999937133995 0.205315900630878
      vertex 0.293044299696025 0.822510364250995 0.191073096467251
      vertex 0.266986756338756 0.826771674218165 0.193606567344835
   endloop
endfacet
facet normal 0.270593241381488 0.961290162068982 0.051966547201554
   outer loop
      vertex -0.031331621388509 0.922415987994857 0.330215166844713
      vertex -0.046197893581256 0.927231529924240 0.318545730745761
      vertex -0.047538496088607 0.927073257696706 0.328454095662298
   endloop
endfacet
facet normal -0.293843556098457 0.952359271877132 -0.081656486631937
   outer loop
      vertex 0.102074137665568 0.642273274214074 -0.296291504835595
      vertex 0.123736180103887 0.647823312788791 -0.309513000531222
      vertex 0.115081623988067 0.643044066384480 -0.334109626752208
   endloop
endfacet
facet normal 0.113851989657958 0.961121930790887 -0.251559850937548
   outer loop
      vertex 0.276265026785701 0.817595432718678 0.161267965942235
      vertex 0.292844992633868 0.813213076184030 0.152028348153238
      vertex 0.283969488448628 0.813059282723382 0.147423845192089
   endloop
endfacet
facet normal 0.247469829562542 0.963420340976652 -0.102858786930033
   outer loop
      vertex 0.128147954321704 0.876511801155058 0.304344761478652
      vertex 0.142998728759653 0.871971159208276 0.297544873841766
      vertex 0.124200300906683 0.876544919819767 0.295157234085553
   endloop
endfacet
facet normal 0.272840083699926 0.962019422412234 0.008770383586234
   outer loop
      vertex 0.001251728483272 0.913143159776012 0.331349380637096
      vertex 0.017549808697705 0.908526568170533 0.330720128793927
      vertex 0.001121842299478 0.913271146816422 0.321351202043134
   endloop
endfacet
facet normal -0.054325240671098 0.956788233504051 -0.285665966566240
   outer loop
      vertex 0.320016161401912 0.761609917936996 -0.020805255815773
      vertex 0.328638814167966 0.757067997214116 -0.037657399771755
      vertex 0.318701587450467 0.756829794210190 -0.036565451698839
   endloop
endfacet
facet normal 0.239348484715071 -0.949746158660982 0.201728869954969
   outer loop
      vertex 0.217585758312887 0.684042215041005 -0.224570308532829
      vertex 0.206460689632032 0.679023892784700 -0.234996996369847
      vertex 0.224573011250877 0.684284490148575 -0.231719947305886
   endloop
endfacet
facet normal 0.168277740450159 -0.951765170770267 0.256565121904036
   outer loop
      vertex 0.272530494188783 0.713798014207723 -0.151683877151425
      vertex 0.264892122034291 0.708879691194583 -0.164919193434591
      vertex 0.281293103284000 0.714050273812920 -0.156495365726376
   endloop
endfacet
facet normal -0.797528724448591 -0.011514146107547 -0.603171085280799
   outer loop
      vertex -0.266921813587429 0.525863541898244 -0.221896503580850
      vertex -0.266889012163215 0.523863942154392 -0.221901703422956
      vertex -0.277085631996529 0.519249333988914 -0.208331373740813
   endloop
endfacet
facet normal 0.271098236904109 -0.961218880774925 -0.050636046343330
   outer loop
      vertex -0.064987716586873 0.588491138838041 -0.325386090882782
      vertex -0.052419328752745 0.593233302553630 -0.348116726461785
      vertex -0.049271740173101 0.593080660987443 -0.328367402767148
   endloop
endfacet
facet normal 0.926950304576851 0.024982139319343 -0.374351473297372
   outer loop
      vertex 0.328868362591089 0.733459864413305 -0.123747306214837
      vertex 0.322556574979688 0.726593145508482 -0.139834484192565
      vertex 0.322516529151206 0.728592394149763 -0.139800224903910
   endloop
endfacet
facet normal -0.225620840144841 -0.961424779002503 0.157345577670061
   outer loop
      vertex 0.185405264816476 0.854382542386359 0.272870724713519
      vertex 0.179741421833199 0.854362940126486 0.264629456481495
      vertex 0.192601779515172 0.849828307374473 0.255362315909236
   endloop
endfacet
facet normal 0.824253177217608 0.011916379864235 0.566096016359071
   outer loop
      vertex 0.283242191479891 0.825000514356323 0.205294869541734
      vertex 0.283285539456765 0.823001191553314 0.205273839509145
      vertex 0.293132799142237 0.818511560811318 0.191030434319466
   endloop
endfacet
facet normal 0.294385732682819 0.018399282815871 -0.955509553476396
   outer loop
      vertex 0.115142923052642 0.639045010308764 -0.334170086804751
      vertex 0.098931485485233 0.634498246693891 -0.339252268451290
      vertex 0.098902036540313 0.636497757046898 -0.339222838910634
   endloop
endfacet
facet normal -0.097042283255971 0.956021025895512 -0.276778961097407
   outer loop
      vertex 0.300506184043405 0.742155931061173 -0.080642166752797
      vertex 0.310175683441215 0.742402788977120 -0.083179747422465
      vertex 0.305829087853554 0.737563478911610 -0.098371214998495
   endloop
endfacet
facet normal 0.272878796305404 -0.961279794801907 -0.038448909380085
   outer loop
      vertex -0.031248179537267 0.597489363197398 -0.310693060228876
      vertex -0.033424567145199 0.597666691195164 -0.330572735995376
      vertex -0.017486182474159 0.602248076380241 -0.331996593977724
   endloop
endfacet
facet normal 0.159621955962033 0.968036194574370 -0.193459962702436
   outer loop
      vertex 0.261484327622639 0.835973812139776 0.232282396813323
      vertex 0.272670588112080 0.831487472939412 0.219063300147832
      vertex 0.246495310332031 0.835799442045910 0.219042588512890
   endloop
endfacet
facet normal 0.293845471054581 -0.952358778369836 0.081655351341018
   outer loop
      vertex 0.102135338737430 0.638274116176047 -0.296351965944526
      vertex 0.115142923052642 0.639045010308764 -0.334170086804751
      vertex 0.123797878856607 0.643824276283416 -0.309574560523031
   endloop
endfacet
facet normal 0.588964138106406 0.004145608576508 0.808148537061170
   outer loop
      vertex -0.170354532867578 0.553762194953174 -0.258314741085540
      vertex -0.170380986725247 0.555761980534915 -0.258305720410642
      vertex -0.182501823575613 0.551181536033480 -0.249448775640634
   endloop
endfacet
facet normal 0.031064116029213 0.960565057351607 -0.276314659926736
   outer loop
      vertex 0.321471280488642 0.790233166531949 0.075775186358220
      vertex 0.344519033949109 0.785950680216000 0.063478883922152
      vertex 0.324863504266819 0.785530107985515 0.059807096679189
   endloop
endfacet
facet normal -0.907223553441795 -0.025089676048186 0.419899907402038
   outer loop
      vertex 0.285827782650489 0.723587697845696 -0.124152422475421
      vertex 0.279475404941348 0.720699843227496 -0.138049739221789
      vertex 0.279514750867904 0.718700582679747 -0.138084188498677
   endloop
endfacet
facet normal -0.063284612077027 -0.014549803400287 0.997889453344043
   outer loop
      vertex -0.015717019705124 0.913496779714548 0.351112710887531
      vertex -0.033005371190389 0.920119409828841 0.350112872029933
      vertex -0.032975019970074 0.918119794150459 0.350085641308432
   endloop
endfacet
facet normal -0.463696383672457 -0.000943372320470 -0.885993664660053
   outer loop
      vertex -0.149065884358605 0.567505066819752 -0.317135318617654
      vertex -0.164076169911906 0.560875777225558 -0.309272430546173
      vertex -0.164101123661629 0.562875572445851 -0.309261499980375
   endloop
endfacet
facet normal 0.746910502072063 0.024542519758410 -0.664471494210524
   outer loop
      vertex 0.268828372604284 0.697017548472418 -0.227815032027100
      vertex 0.257508714571250 0.690024360288062 -0.240797382660780
      vertex 0.257473567791675 0.692023705478894 -0.240763043384724
   endloop
endfacet
facet normal 0.808384647671645 0.024876798299998 -0.588128732774663
   outer loop
      vertex 0.289575421582758 0.706948664678045 -0.200314839937278
      vertex 0.279537526435781 0.701992491417921 -0.214321593212912
      vertex 0.279501179950423 0.703991809904885 -0.214286983949934
   endloop
endfacet
facet normal 0.099171486612513 -0.953337593705694 0.285153377448874
   outer loop
      vertex 0.300590777213763 0.738157402543693 -0.080708726503532
      vertex 0.296379048642412 0.733316100603447 -0.095429617401064
      vertex 0.310260276611574 0.738404260459639 -0.083246307173199
   endloop
endfacet
facet normal -0.190638657380782 0.960960767502662 0.200527568261195
   outer loop
      vertex -0.226177792617713 0.532878911337416 -0.208398967985297
      vertex -0.241138936855211 0.532680009855151 -0.221669143015774
      vertex -0.251359422723821 0.528086492267985 -0.209372726599268
   endloop
endfacet
facet normal 0.188670012624500 -0.006630004749396 0.982018161427422
   outer loop
      vertex -0.046124249565004 0.592927916402606 -0.308617980134484
      vertex -0.060899582247831 0.590362992466052 -0.305796589599413
      vertex -0.060876529604405 0.588363233424428 -0.305814519771340
   endloop
endfacet
facet normal 0.277569850699015 -0.006346773344816 0.960684493708021
   outer loop
      vertex 0.103640325003967 0.883496858738081 0.334765832978288
      vertex 0.103607375332339 0.885496370298401 0.334788562898727
      vertex 0.086990700369045 0.890034415840723 0.339619586992024
   endloop
endfacet
facet normal -0.981994456710800 -0.024220045079810 0.187350677622455
   outer loop
      vertex 0.306835485874530 0.747795680302888 -0.050726361605670
      vertex 0.304036112055784 0.744983097503785 -0.065762818853675
      vertex 0.304079159581812 0.742983793411514 -0.065795649283682
   endloop
endfacet
facet normal -0.070013848912509 0.953850427143539 -0.292005862267428
   outer loop
      vertex 0.308764258765191 0.756591689193283 -0.035473502569204
      vertex 0.316619641588421 0.752035606318738 -0.052239628920592
      vertex 0.306747994862454 0.751794071274483 -0.050661702800623
   endloop
endfacet
facet normal -0.588549648563876 -0.004113376982739 -0.808450611543548
   outer loop
      vertex -0.192895939134605 0.551613836086694 -0.291346967630796
      vertex -0.206609488558660 0.546983072362921 -0.281339983090877
      vertex -0.192922293014146 0.553613623761714 -0.291337956955506
   endloop
endfacet
facet normal -0.084028569488110 0.011371482407819 -0.996398458899667
   outer loop
      vertex 0.031579648639101 0.904134254841126 0.309419572395443
      vertex 0.016339123346693 0.906761313684960 0.310734822414439
      vertex 0.016308173851448 0.908760836476958 0.310760252180853
   endloop
endfacet
facet normal -0.246118938848348 0.954478432647908 -0.168512283083920
   outer loop
      vertex 0.219648293654696 0.683500372162661 -0.249898012525212
      vertex 0.219781684444127 0.678926731447375 -0.275998610893922
      vertex 0.207277775747428 0.678457048514175 -0.260396504852450
   endloop
endfacet
facet normal 0.262715638497891 -0.953848194187788 0.145444545216865
   outer loop
      vertex 0.181139530545655 0.664317183071491 -0.279564787533976
      vertex 0.167369813462291 0.659219824531707 -0.288121906131676
      vertex 0.192051401812116 0.664767798215119 -0.296319632360355
   endloop
endfacet
facet normal 0.877500598305195 0.015041443313393 0.479339602950845
   outer loop
      vertex -0.260955221309208 0.514619580166663 -0.159571152366723
      vertex -0.268093750188415 0.510063463043249 -0.146360072161833
      vertex -0.260918390571080 0.512620055031944 -0.159575832244542
   endloop
endfacet
facet normal -0.268264672012547 0.948732035378449 -0.167157383314843
   outer loop
      vertex 0.194773867050732 0.677987365580975 -0.244794398810977
      vertex 0.188548555443457 0.673165223465367 -0.262172569431488
      vertex 0.182687488924517 0.672934904306685 -0.254073579747052
   endloop
endfacet
facet normal -0.926691225691597 -0.025307854996726 0.374970511776154
   outer loop
      vertex 0.291372289987341 0.732458080134191 -0.109854616433656
      vertex 0.285747689005991 0.727586295102921 -0.124083902841556
      vertex 0.291413135714928 0.730458844541951 -0.109888605738710
   endloop
endfacet
facet normal 0.124719446942250 -0.955391808340292 0.267715431215098
   outer loop
      vertex 0.305912181153032 0.733564928924548 -0.098438564702644
      vertex 0.291453983425815 0.728459509186316 -0.109922616099201
      vertex 0.300827951091863 0.728709979150303 -0.113395778280832
   endloop
endfacet
facet normal 0.290663691835176 -0.950302662849334 0.111532359565336
   outer loop
      vertex 0.130333811548617 0.648558489223766 -0.284967170970439
      vertex 0.134498701633737 0.648765650345995 -0.294056161520682
      vertex 0.148592820948311 0.653891141346312 -0.287115404632825
   endloop
endfacet
facet normal 0.133283213046683 -0.009905965750218 0.991028484435492
   outer loop
      vertex 0.053220234702119 0.895141260797667 0.346770179877558
      vertex 0.053188683083877 0.897140884314560 0.346794410768501
      vertex 0.036051671621250 0.901710604833161 0.349144841135827
   endloop
endfacet
facet normal 0.282451779529890 0.955568923753250 0.084315029487363
   outer loop
      vertex -0.077279019761472 0.936608274514848 0.312836941359053
      vertex -0.074971686114158 0.936784665780606 0.303108373254171
      vertex -0.089783112028135 0.941503485991765 0.299246139607758
   endloop
endfacet
facet normal 0.875769370270752 0.014873693799400 0.482500552671531
   outer loop
      vertex 0.302229029773592 0.816018259627460 0.176346851591544
      vertex 0.310688295364953 0.809522153103317 0.161192994129441
      vertex 0.310642146186536 0.811521508607158 0.161215125161833
   endloop
endfacet
facet normal 0.290722201489737 -0.950282461364909 0.111551984219066
   outer loop
      vertex 0.134498701633737 0.648765650345995 -0.294056161520682
      vertex 0.120084940541172 0.643624049909657 -0.300291571552068
      vertex 0.138663689709452 0.648972913536167 -0.303145161013979
   endloop
endfacet
facet normal -0.463847395352708 -0.000319238760833 -0.885915059083613
   outer loop
      vertex -0.149065884358605 0.567505066819752 -0.317135318617654
      vertex -0.164101123661629 0.562875572445851 -0.309261499980375
      vertex -0.149090236006498 0.569504762371493 -0.317123289170803
   endloop
endfacet
facet normal -0.147322883564315 0.956869919493494 0.250391543680713
   outer loop
      vertex -0.268093750188415 0.510063463043249 -0.146360072161833
      vertex -0.260955221309208 0.514619580166663 -0.159571152366723
      vertex -0.285835749029400 0.509745925815591 -0.155585466015105
   endloop
endfacet
facet normal 0.095056947629240 -0.958444896686445 0.268975011335852
   outer loop
      vertex 0.323643802034560 0.743472604198136 -0.069915956900955
      vertex 0.310260276611574 0.738404260459639 -0.083246307173199
      vertex 0.319929676029140 0.738651116387940 -0.085783887842701
   endloop
endfacet
facet normal -0.585185031674807 -0.002465322545900 -0.810896048139649
   outer loop
      vertex 0.186502774509167 0.851794802085492 0.247429336966982
      vertex 0.174077676842632 0.854343439828923 0.256388189305861
      vertex 0.174040527577410 0.856342889034973 0.256408919344905
   endloop
endfacet
facet normal 0.507171928643990 0.001609280337507 0.861843399355319
   outer loop
      vertex -0.144880206880054 0.562922796815560 -0.274184291622710
      vertex -0.144905158638012 0.564922491849920 -0.274173342114581
      vertex -0.157838268583869 0.560342579216661 -0.266553998875583
   endloop
endfacet
facet normal -0.110970506903004 0.955729302921170 -0.272519808702972
   outer loop
      vertex 0.296295857350224 0.737314548628199 -0.095362268753302
      vertex 0.305829087853554 0.737563478911610 -0.098371214998495
      vertex 0.300746357631517 0.732708552191458 -0.113327788614896
   endloop
endfacet
facet normal -0.207185592716404 -0.961518814132783 0.180431982307568
   outer loop
      vertex 0.211438843459707 0.845343288281527 0.253126326824882
      vertex 0.204995081807324 0.845296798820624 0.245479372826243
      vertex 0.216891937610234 0.840767676549808 0.235004626998265
   endloop
endfacet
facet normal 0.055176494403808 0.012733329031207 -0.998395421061760
   outer loop
      vertex 0.032189738793654 0.618229811516506 -0.351452372828959
      vertex 0.015238352846132 0.613643251178680 -0.352447690127907
      vertex 0.015213501870630 0.615642908949494 -0.352423560299057
   endloop
endfacet
facet normal -0.979271633428392 -0.021009490682868 -0.201458852532561
   outer loop
      vertex 0.302018959460819 0.789824160754951 0.071145124796545
      vertex 0.305207974584530 0.785109535755031 0.056135309436227
      vertex 0.302067207398876 0.787824888188996 0.071119093978352
   endloop
endfacet
facet normal -0.282698867563590 0.004113988848221 -0.959199888122398
   outer loop
      vertex -0.085621630051524 0.586001320755390 -0.340966794064557
      vertex -0.101880155004755 0.579381472369979 -0.336203415058079
      vertex -0.101903406150299 0.581381153870197 -0.336187985802832
   endloop
endfacet
facet normal -0.419983221076345 0.000949206326010 -0.907531373023373
   outer loop
      vertex -0.133663134890528 0.572132734148679 -0.324258492445128
      vertex -0.149065884358605 0.567505066819752 -0.317135318617654
      vertex -0.133686988391901 0.574132527993551 -0.324245362003952
   endloop
endfacet
facet normal -0.677904366207794 -0.023911921037373 0.734761111048150
   outer loop
      vertex 0.217551311346340 0.686041576574942 -0.224536199245096
      vertex 0.206392993360038 0.683022745383228 -0.234929316709678
      vertex 0.206426840502269 0.681023369071296 -0.234963156011485
   endloop
endfacet
facet normal -0.268799410855435 0.961150396213852 0.062743864893117
   outer loop
      vertex -0.065033917900071 0.592490456040661 -0.325350332646288
      vertex -0.049318142883992 0.597080046724550 -0.328329043618892
      vertex -0.069145004902295 0.592618363441921 -0.344921903757899
   endloop
endfacet
facet normal -0.229638438561262 0.007880927811398 -0.973244100168081
   outer loop
      vertex 0.076795545226625 0.888317651047587 0.300927550375081
      vertex 0.061907102426954 0.890914057849477 0.304461525922537
      vertex 0.061875152769435 0.892913578722833 0.304485255785499
   endloop
endfacet
facet normal -0.235685278425040 0.005996506675680 -0.971810933999716
   outer loop
      vertex -0.069121952258869 0.590618604400294 -0.344939833929826
      vertex -0.085621630051524 0.586001320755390 -0.340966794064557
      vertex -0.069145004902295 0.592618363441921 -0.344921903757899
   endloop
endfacet
facet normal 0.084404996356125 -0.011053552512814 0.996370220132541
   outer loop
      vertex 0.036051671621250 0.901710604833161 0.349144841135827
      vertex 0.036020420070739 0.903710227974938 0.349169671992782
      vertex 0.018791545511738 0.908292201877091 0.350680004350279
   endloop
endfacet
facet normal 0.241794785988313 0.958669147740098 -0.149962484108994
   outer loop
      vertex 0.166372499094489 0.862900479831670 0.273300255794638
      vertex 0.161119670470283 0.862894280101515 0.264791127190716
      vertex 0.147844799300943 0.867450497893688 0.272513797305236
   endloop
endfacet
facet normal -0.218705169058723 -0.963786439023612 0.152590133957545
   outer loop
      vertex 0.196732852811488 0.854421643887453 0.289353360115598
      vertex 0.185405264816476 0.854382542386359 0.272870724713519
      vertex 0.198662833405302 0.849861346999345 0.263315925953995
   endloop
endfacet
facet normal -0.217276470692132 0.955439772135234 -0.199814356605685
   outer loop
      vertex 0.235448633868500 0.693287344685490 -0.220335482927748
      vertex 0.242778595578487 0.693532614106640 -0.227133232968700
      vertex 0.231491368266123 0.688525588404317 -0.238801376446365
   endloop
endfacet
facet normal -0.269561613139157 0.951232883541587 -0.149975124573956
   outer loop
      vertex 0.170163061929111 0.667865505382919 -0.262744462929777
      vertex 0.175619047554581 0.668090813842921 -0.271121875343607
      vertex 0.162268604095378 0.662998971029964 -0.279421660058305
   endloop
endfacet
facet normal -0.266186628930994 0.962113770048261 -0.059006542534503
   outer loop
      vertex 0.087728111703237 0.637769672048889 -0.300784492504827
      vertex 0.093300348644965 0.638133520239900 -0.319989000406334
      vertex 0.077810877813816 0.633600724619269 -0.324022028757654
   endloop
endfacet
facet normal 0.258209105030149 0.963083658529216 -0.076144105179001
   outer loop
      vertex 0.103607375332339 0.885496370298401 0.334788562898727
      vertex 0.097550824890037 0.885613206821857 0.315728215161957
      vertex 0.081876847975426 0.890175790558751 0.320285183629486
   endloop
endfacet
facet normal 0.123765649147957 -0.965209255261553 -0.230332710765149
   outer loop
      vertex -0.292666984802338 0.501172473256794 -0.141160519894702
      vertex -0.310841577321129 0.500832280349722 -0.149500772098681
      vertex -0.303501254995314 0.505429296073077 -0.164820360677452
   endloop
endfacet
facet normal 0.662028480829119 0.005130349000942 0.749461119798897
   outer loop
      vertex 0.237284278756978 0.842947339991312 0.256990562539119
      vertex 0.224248462876800 0.849435399265898 0.268461198103791
      vertex 0.224287313814876 0.847435882818814 0.268440566999791
   endloop
endfacet
facet normal 0.228636039686632 -0.950087731258740 0.212270733423222
   outer loop
      vertex 0.228188765759291 0.689043380801751 -0.213606401439135
      vertex 0.217585758312887 0.684042215041005 -0.224570308532829
      vertex 0.235518729458927 0.689288550142603 -0.220404142537199
   endloop
endfacet
facet normal -0.919981726856581 -0.017900816577511 -0.391552273669611
   outer loop
      vertex -0.310920951534338 0.504831411580956 -0.149490890249481
      vertex -0.317457902099989 0.498240957639278 -0.133830530217681
      vertex -0.317499045841066 0.500240591034658 -0.133825278251415
   endloop
endfacet
facet normal -0.926721315707530 -0.024987254527643 0.374917644456052
   outer loop
      vertex 0.291413135714928 0.730458844541951 -0.109888605738710
      vertex 0.285747689005991 0.727586295102921 -0.124083902841556
      vertex 0.285787734834474 0.725587046461640 -0.124118162130212
   endloop
endfacet
facet normal 0.048959408333747 0.955736908364659 -0.290120558260135
   outer loop
      vertex 0.298101978805638 0.794529802089192 0.085985789901937
      vertex 0.311745119974731 0.790028663643450 0.073460155577382
      vertex 0.302018959460819 0.789824160754951 0.071145124796545
   endloop
endfacet
facet normal -0.034944349418746 0.012168324193844 -0.999315177674198
   outer loop
      vertex 0.016339123346693 0.906761313684960 0.310734822414439
      vertex 0.001022607509564 0.911399512521621 0.311326892665776
      vertex 0.016308173851448 0.908760836476958 0.310760252180853
   endloop
endfacet
facet normal 0.852989597870748 0.013877624267288 0.521743382774516
   outer loop
      vertex -0.253138812374780 0.517180093485553 -0.172415826001520
      vertex -0.260918390571080 0.512620055031944 -0.159575832244542
      vertex -0.253103379385241 0.515180441182940 -0.172420566930221
   endloop
endfacet
facet normal 0.276996176947576 -0.953240930127032 0.120850515460129
   outer loop
      vertex 0.148592820948311 0.653891141346312 -0.287115404632825
      vertex 0.153199667441423 0.654104906348828 -0.295988426915492
      vertex 0.167369813462291 0.659219824531707 -0.288121906131676
   endloop
endfacet
facet normal -0.243214424602258 0.960951834877028 0.131978463060704
   outer loop
      vertex -0.154515517042205 0.564898881335809 -0.291711916295254
      vertex -0.140351846334865 0.569503077490399 -0.299134352493006
      vertex -0.164125975422409 0.564875268622784 -0.309250470476877
   endloop
endfacet
facet normal 0.289015838211923 -0.957248843223879 0.012020707516809
   outer loop
      vertex 0.028747535758115 0.615683537492264 -0.311632918996625
      vertex 0.013748699300987 0.611144090842669 -0.312504645001626
      vertex 0.030481412567492 0.615956858913789 -0.331555310794307
   endloop
endfacet
facet normal 0.990092882044002 0.023902294524868 -0.138364609789676
   outer loop
      vertex 0.348513369591906 0.757544304178608 -0.039841196979887
      vertex 0.346278431270006 0.750760815891343 -0.057005538807460
      vertex 0.346234685763968 0.752760011377140 -0.056973209404938
   endloop
endfacet
facet normal 0.034260693765024 0.955541574878206 -0.292859187224880
   outer loop
      vertex 0.302018959460819 0.789824160754951 0.071145124796545
      vertex 0.315035739415091 0.785319822398443 0.057971153060499
      vertex 0.305207974584530 0.785109535755031 0.056135309436227
   endloop
endfacet
facet normal 0.270334040115105 0.960605627015605 -0.064469652558405
   outer loop
      vertex 0.079319920795434 0.890246527376927 0.310618032473703
      vertex 0.094522651636663 0.885671527096566 0.306198040236851
      vertex 0.076763093574519 0.890317267239089 0.300950781323335
   endloop
endfacet
facet normal -0.265743688195937 -0.962830690998035 0.048346175197917
   outer loop
      vertex 0.070224692336565 0.890582923423105 0.343585451244225
      vertex 0.066065947371882 0.890748491630113 0.324023488583299
      vertex 0.081941849272350 0.886176660138056 0.320238722789366
   endloop
endfacet
facet normal -0.039854873073284 0.957042823323492 -0.287194400045182
   outer loop
      vertex 0.320560452082004 0.766376516991300 -0.004996637054760
      vertex 0.329995171354409 0.761844389407100 -0.021408724885119
      vertex 0.320016161401912 0.761609917936996 -0.020805255815773
   endloop
endfacet
facet normal 0.211959015717389 -0.953193008760936 0.215630386785789
   outer loop
      vertex 0.255689868572293 0.699244348244005 -0.196218692840820
      vertex 0.238244405461198 0.694027463878202 -0.202131470414708
      vertex 0.245899382900648 0.694275203087799 -0.208560982606782
   endloop
endfacet
facet normal -0.995611528398355 -0.023842180061664 0.090494391926785
   outer loop
      vertex 0.310082296932871 0.759376266132027 -0.020232916218254
      vertex 0.308808704259938 0.754592501282951 -0.035505232006378
      vertex 0.310127342436083 0.757377083809517 -0.020264045689915
   endloop
endfacet
facet normal 0.161668728825466 -0.961083736964761 -0.224011769025219
   outer loop
      vertex -0.278148062710254 0.510325961652178 -0.169668382131164
      vertex -0.286601991179386 0.514638476571655 -0.194271660109353
      vertex -0.269852679289217 0.514909408973502 -0.183346112548156
   endloop
endfacet
facet normal -0.242949383244424 0.956463068751200 0.161721969120436
   outer loop
      vertex -0.170380986725247 0.555761980534915 -0.258305720410642
      vertex -0.157838268583869 0.560342579216661 -0.266553998875583
      vertex -0.181664765824520 0.555687646939498 -0.274817328874067
   endloop
endfacet
facet normal 0.698107030164703 0.006806380801290 0.715961065711681
   outer loop
      vertex 0.249706894853486 0.838460525413051 0.244921263337050
      vertex 0.249666346217623 0.840459909151841 0.244941793392900
      vertex 0.237244627955781 0.844946841593574 0.257011093650029
   endloop
endfacet
facet normal -0.140364905211798 0.961349034760229 0.236866474517729
   outer loop
      vertex -0.285835749029400 0.509745925815591 -0.155585466015105
      vertex -0.278221728159458 0.514325211765309 -0.169659010262976
      vertex -0.303577749857918 0.509428488562597 -0.164810858811823
   endloop
endfacet
facet normal -0.324126235939361 0.005412629017318 -0.945998354450420
   outer loop
      vertex 0.106035908256972 0.879150934721507 0.291647911396074
      vertex 0.091560377726545 0.881730824250634 0.296622405470869
      vertex 0.091527428054917 0.883730335810955 0.296645135391308
   endloop
endfacet
facet normal -0.943951208212918 -0.025158989916004 0.329124811796040
   outer loop
      vertex 0.296295857350224 0.737314548628199 -0.095362268753302
      vertex 0.291372289987341 0.732458080134191 -0.109854616433656
      vertex 0.296337403007254 0.735315323569183 -0.095395938077379
   endloop
endfacet
facet normal 0.764889430490979 0.009490677978863 0.644091675271997
   outer loop
      vertex 0.261525778047068 0.833974347371473 0.232261765705006
      vertex 0.272755388500915 0.827488585393437 0.219021637950372
      vertex 0.272713038296621 0.829488030160247 0.219042469049019
   endloop
endfacet
facet normal -0.248815078615983 0.960968680465729 0.120955577867569
   outer loop
      vertex -0.140351846334865 0.569503077490399 -0.299134352493006
      vertex -0.125841268578840 0.574105394988954 -0.305849482484209
      vertex -0.149090236006498 0.569504762371493 -0.317123289170803
   endloop
endfacet
facet normal -0.063244920045358 -0.014549372584852 0.997891976040414
   outer loop
      vertex -0.015747569046560 0.915496298837368 0.351139240591882
      vertex -0.033035720423171 0.922118925532559 0.350140101694881
      vertex -0.033005371190389 0.920119409828841 0.350112872029933
   endloop
endfacet
facet normal -0.990003625458236 -0.023861225720789 0.139008861180325
   outer loop
      vertex 0.308808704259938 0.754592501282951 -0.035505232006378
      vertex 0.306747994862454 0.751794071274483 -0.050661702800623
      vertex 0.306791640388247 0.749794873801040 -0.050694032202980
   endloop
endfacet
facet normal 0.826284142857015 0.013314638005549 0.563096115843316
   outer loop
      vertex -0.244736248678331 0.521743565254194 -0.184853606904841
      vertex -0.253174265360368 0.519179745390638 -0.172411085072787
      vertex -0.253138812374780 0.517180093485553 -0.172415826001520
   endloop
endfacet
facet normal 0.272819555189250 0.961785743520321 0.023187795656417
   outer loop
      vertex 0.001251728483272 0.913143159776012 0.331349380637096
      vertex -0.014693710267736 0.917911201595607 0.321188555402184
      vertex -0.015055114298571 0.917772807654446 0.331181027734071
   endloop
endfacet
facet normal 0.172447681091797 -0.956710448188829 0.234450241229118
   outer loop
      vertex 0.281923956032654 0.709383471448786 -0.175390911332344
      vertex 0.273115404601650 0.704447408344162 -0.189054232215549
      vertex 0.298955590069683 0.709887247769950 -0.185862633229540
   endloop
endfacet
facet normal 0.250050662993434 -0.958481102306782 0.137071669054258
   outer loop
      vertex 0.181139530545655 0.664317183071491 -0.279564787533976
      vertex 0.192051401812116 0.664767798215119 -0.296319632360355
      vertex 0.206197250009342 0.669857370117468 -0.286535847161226
   endloop
endfacet
facet normal 0.103790135566768 0.013868832455463 -0.994502520482152
   outer loop
      vertex 0.049071462621259 0.622808811956354 -0.349626674294076
      vertex 0.032215189417792 0.616230177291325 -0.351477602597406
      vertex 0.032189738793654 0.618229811516506 -0.351452372828959
   endloop
endfacet
facet normal -0.044882642178006 -0.960844363352433 0.273429438511984
   outer loop
      vertex 0.341020097371411 0.786643628233380 0.080353086289092
      vertex 0.321567774377222 0.786234721374704 0.075723125778389
      vertex 0.324959097909870 0.781531666066298 0.059753036212486
   endloop
endfacet
facet normal -0.920083347062174 -0.017296988176212 -0.391340578855425
   outer loop
      vertex -0.310920951534338 0.504831411580956 -0.149490890249481
      vertex -0.310881259428721 0.502831846064722 -0.149495831174089
      vertex -0.317457902099989 0.498240957639278 -0.133830530217681
   endloop
endfacet
facet normal -0.463912552605313 -0.000320214489561 -0.885880940644906
   outer loop
      vertex -0.149041530723179 0.565505271293347 -0.317147349121058
      vertex -0.164076169911906 0.560875777225558 -0.309272430546173
      vertex -0.149065884358605 0.567505066819752 -0.317135318617654
   endloop
endfacet
facet normal 0.092129179406300 -0.009675837440876 0.995700051457134
   outer loop
      vertex -0.016285902999963 0.602046369513012 -0.312034364519734
      vertex -0.016309652734407 0.604045975581808 -0.312012735609721
      vertex -0.031271629584976 0.599488987905232 -0.310672631252382
   endloop
endfacet
facet normal 0.826395416330635 0.012703146557779 0.562946929945664
   outer loop
      vertex -0.244736248678331 0.521743565254194 -0.184853606904841
      vertex -0.253138812374780 0.517180093485553 -0.172415826001520
      vertex -0.244702165457862 0.519743887903586 -0.184858516821867
   endloop
endfacet
facet normal 0.936991315068912 0.018464899731651 0.348864333177427
   outer loop
      vertex 0.325160908132795 0.804510914351472 0.129837944832971
      vertex 0.325208954715492 0.802511708207318 0.129814714915377
      vertex 0.331279330962873 0.799995975403425 0.113643852684666
   endloop
endfacet
facet normal -0.151024562834453 -0.015567411186524 0.988407424663338
   outer loop
      vertex 0.058528384375939 0.624741557618561 -0.307688118712239
      vertex 0.058501134551899 0.626741133882945 -0.307660789058020
      vertex 0.043659647810547 0.622215720631983 -0.309999782026006
   endloop
endfacet
facet normal 0.280546554744890 -0.957753711882894 0.063257078618213
   outer loop
      vertex 0.087786811641287 0.633770546336580 -0.300843252647942
      vertex 0.073240090462730 0.629259737074007 -0.304624834260177
      vertex 0.093359148563260 0.634134396515236 -0.320047760549615
   endloop
endfacet
facet normal -0.713034486691504 -0.024530051811726 0.700699719813486
   outer loop
      vertex 0.228153718957844 0.691042728085862 -0.213572072162686
      vertex 0.217551311346340 0.686041576574942 -0.224536199245096
      vertex 0.228188765759291 0.689043380801751 -0.213606401439135
   endloop
endfacet
facet normal 0.268975843611302 -0.961995695448803 0.047077356463199
   outer loop
      vertex 0.077867478568897 0.629601537095911 -0.324078889003336
      vertex 0.062199529736172 0.625060893717493 -0.327345419692787
      vertex 0.082494866675065 0.629943337117814 -0.343532943746497
   endloop
endfacet
facet normal 0.263584863247618 -0.957903031760563 0.113775224063309
   outer loop
      vertex 0.153199667441423 0.654104906348828 -0.295988426915492
      vertex 0.162413360431880 0.654532436142592 -0.313734451481940
      vertex 0.177444838753242 0.659659360945513 -0.305393209683527
   endloop
endfacet
facet normal 0.885834490338656 0.025136765390455 -0.463319974480012
   outer loop
      vertex 0.315428432155027 0.721708397354436 -0.155551962354562
      vertex 0.307542484486462 0.716806330008722 -0.170895282181419
      vertex 0.307503838449134 0.718805603096745 -0.170860702912949
   endloop
endfacet
facet normal 0.117948544386396 0.958541360219526 -0.259396610667200
   outer loop
      vertex 0.267625509564872 0.817454666932962 0.156234326694676
      vertex 0.283969488448628 0.813059282723382 0.147423845192089
      vertex 0.275093986272088 0.812905388231727 0.142819441168804
   endloop
endfacet
facet normal 0.280451649844454 0.959104267572487 0.038286760424025
   outer loop
      vertex -0.014693710267736 0.917911201595607 0.321188555402184
      vertex -0.029627522353847 0.922713050457155 0.310290231994542
      vertex -0.030479621861300 0.922564518232183 0.320252699419710
   endloop
endfacet
facet normal -0.415486602908541 0.002880065427501 -0.909594738345959
   outer loop
      vertex 0.134211260409223 0.872011534157899 0.279579057542092
      vertex 0.120286699081676 0.874578441419198 0.285947675674566
      vertex 0.120252549477784 0.876577937578509 0.285969605641651
   endloop
endfacet
facet normal 0.092045506399032 -0.009676865645154 0.995707779934972
   outer loop
      vertex -0.016309652734407 0.604045975581808 -0.312012735609721
      vertex -0.016333404456383 0.606045681625268 -0.311991105643155
      vertex -0.031295081641384 0.601488713644072 -0.310652301213751
   endloop
endfacet
facet normal -0.151310283657557 0.954815536140225 -0.255797752149474
   outer loop
      vertex 0.279436158995035 0.722699105762891 -0.138015289945068
      vertex 0.288424315818740 0.722951242280571 -0.142390843228234
      vertex 0.281216011169830 0.718048823964255 -0.156426207189768
   endloop
endfacet
facet normal -0.261300371991219 0.951559829854991 -0.162037050712455
   outer loop
      vertex 0.182687488924517 0.672934904306685 -0.254073579747052
      vertex 0.188548555443457 0.673165223465367 -0.262172569431488
      vertex 0.175619047554581 0.668090813842921 -0.271121875343607
   endloop
endfacet
facet normal 0.502895620111613 -0.000236217525331 0.864347117467188
   outer loop
      vertex 0.182203587723793 0.858919951096104 0.298785779440355
      vertex 0.167196784667059 0.865422764098838 0.307518835240464
      vertex 0.167232336130071 0.863423188397507 0.307497604175432
   endloop
endfacet
facet normal -0.262703216174669 0.953852797215162 -0.145436795400256
   outer loop
      vertex 0.194409619976981 0.673395642493080 -0.270271548059927
      vertex 0.191986804478970 0.668766734825103 -0.296254072587001
      vertex 0.181074933201924 0.668316120209645 -0.279499277757830
   endloop
endfacet
facet normal 0.852927836806328 0.014489223795956 0.521827718308130
   outer loop
      vertex -0.253103379385241 0.515180441182940 -0.172420566930221
      vertex -0.260918390571080 0.512620055031944 -0.159575832244542
      vertex -0.260881557845419 0.510620429922561 -0.159580513178916
   endloop
endfacet
facet normal -0.084695411019192 0.953569351513542 -0.289019340540271
   outer loop
      vertex 0.306747994862454 0.751794071274483 -0.050661702800623
      vertex 0.313775336770358 0.747226755480040 -0.067790092763291
      vertex 0.303993066517290 0.746982301621391 -0.065729989480222
   endloop
endfacet
facet normal 0.135013405800776 -0.957587112542601 0.254555106305881
   outer loop
      vertex 0.310201918753678 0.728960449325559 -0.116868960461348
      vertex 0.295019991693556 0.723839272568330 -0.128081499962872
      vertex 0.304212200736622 0.724090847290963 -0.132010577450323
   endloop
endfacet
facet normal 0.247583721757782 0.017271028709526 -0.968712554005511
   outer loop
      vertex 0.098902036540313 0.636497757046898 -0.339222838910634
      vertex 0.082466615272714 0.631942982916989 -0.343504613089880
      vertex 0.082438365879061 0.633942527685159 -0.343476183495399
   endloop
endfacet
facet normal 0.257571276390323 0.960186157250595 0.108164601432243
   outer loop
      vertex -0.117389466319408 0.945465744569869 0.332482493047853
      vertex -0.095349032528119 0.941133842459110 0.318452485056246
      vertex -0.104381882004195 0.946236638702584 0.294664372187627
   endloop
endfacet
facet normal -0.109728694269647 -0.963619248967546 0.243716139541684
   outer loop
      vertex 0.310688295364953 0.809522153103317 0.161192994129441
      vertex 0.292937290969537 0.809214366232692 0.151983986094035
      vertex 0.300174990789339 0.804686683799327 0.137340808986555
   endloop
endfacet
facet normal 0.091309963028843 -0.962811638470655 0.254275912105578
   outer loop
      vertex 0.343208446474841 0.743961315010093 -0.074036265574786
      vertex 0.319929676029140 0.738651116387940 -0.085783887842701
      vertex 0.339268574852984 0.739144829809651 -0.090859009184102
   endloop
endfacet
facet normal 0.280601733580586 0.959060002744607 0.038295929902330
   outer loop
      vertex -0.031331621388509 0.922415987994857 0.330215166844713
      vertex -0.030479621861300 0.922564518232183 0.320252699419710
      vertex -0.046197893581256 0.927231529924240 0.318545730745761
   endloop
endfacet
facet normal -0.053465657893839 0.959295645243730 -0.277296390965324
   outer loop
      vertex 0.318701587450467 0.756829794210190 -0.036565451698839
      vertex 0.328638814167966 0.757067997214116 -0.037657399771755
      vertex 0.326491290323089 0.752277040331988 -0.053817456102698
   endloop
endfacet
facet normal -0.054293792859158 0.956852562661660 -0.285456401898400
   outer loop
      vertex 0.308764258765191 0.756591689193283 -0.035473502569204
      vertex 0.318701587450467 0.756829794210190 -0.036565451698839
      vertex 0.316619641588421 0.752035606318738 -0.052239628920592
   endloop
endfacet
facet normal 0.126989974880279 0.961213886877683 -0.244829348635747
   outer loop
      vertex 0.267895608377712 0.822127795813400 0.174721165617760
      vertex 0.284904645953139 0.817736101573717 0.166301504138656
      vertex 0.276265026785701 0.817595432718678 0.161267965942235
   endloop
endfacet
facet normal 0.273799285225442 0.958259021011980 0.082301883691680
   outer loop
      vertex -0.079586355396319 0.936431983223756 0.322565510520490
      vertex -0.077279019761472 0.936608274514848 0.312836941359053
      vertex -0.092566072278127 0.941318664225437 0.308849312332001
   endloop
endfacet
facet normal 0.734980828338814 0.009091086566914 0.678026942030642
   outer loop
      vertex -0.216034080018071 0.537450803288634 -0.219456047416338
      vertex -0.226177792617713 0.532878911337416 -0.208398967985297
      vertex -0.216003728298226 0.535451164248912 -0.219462137204699
   endloop
endfacet
facet normal -0.778222464454882 -0.025047477940129 0.627488979717260
   outer loop
      vertex 0.247655671533072 0.702993507064140 -0.190103644727026
      vertex 0.238173010197443 0.698026229095771 -0.202062480821519
      vertex 0.247692119986969 0.700994090552129 -0.190138251446924
   endloop
endfacet
facet normal 0.181735806936219 -0.009047861192501 0.983305767645590
   outer loop
      vertex 0.070224692336565 0.890582923423105 0.343585451244225
      vertex 0.053188683083877 0.897140884314560 0.346794410768501
      vertex 0.053220234702119 0.895141260797667 0.346770179877558
   endloop
endfacet
facet normal 0.151943999630871 0.961469451341718 -0.229105903705752
   outer loop
      vertex 0.258880714733574 0.826657493301089 0.187751850176327
      vertex 0.267895608377712 0.822127795813400 0.174721165617760
      vertex 0.250774671140858 0.826543412358676 0.181897134064373
   endloop
endfacet
facet normal -0.014053654115270 -0.013529390357955 0.999809707095581
   outer loop
      vertex 0.001542250300951 0.910887663153275 0.351319908081261
      vertex -0.015778020374118 0.917495918866157 0.351165871347038
      vertex -0.015747569046560 0.915496298837368 0.351139240591882
   endloop
endfacet
facet normal 0.920263995389121 0.017301624782931 0.390915377761381
   outer loop
      vertex -0.274532074393257 0.503512231984501 -0.132815336765573
      vertex -0.280331600923945 0.498965837266411 -0.118961301390866
      vertex -0.274492382287641 0.501512666468266 -0.132820277690181
   endloop
endfacet
facet normal 0.875788518533035 0.014874648965864 0.482465766271405
   outer loop
      vertex 0.302183880312953 0.818017639233122 0.176368582644603
      vertex 0.310642146186536 0.811521508607158 0.161215125161833
      vertex 0.310595998995651 0.813520764136334 0.161237255137671
   endloop
endfacet
facet normal 0.274596384100970 -0.961459098992775 -0.013900604399617
   outer loop
      vertex -0.017486182474159 0.602248076380241 -0.331996593977724
      vertex -0.001717845254130 0.607049921827197 -0.352632359501421
      vertex -0.001496279563706 0.606824090450143 -0.332635475787104
   endloop
endfacet
facet normal 0.808376981814671 0.024917261141918 -0.588137556503059
   outer loop
      vertex 0.289575421582758 0.706948664678045 -0.200314839937278
      vertex 0.279573972901384 0.699993174918602 -0.214356202476055
      vertex 0.279537526435781 0.701992491417921 -0.214321593212912
   endloop
endfacet
facet normal -0.274222618273912 0.961607019861402 -0.010672159119573
   outer loop
      vertex 0.046339204008631 0.624511920998112 -0.329786897923220
      vertex 0.032164188168106 0.620229444810383 -0.351427243054763
      vertex 0.030430411338974 0.619956125376505 -0.331504851257245
   endloop
endfacet
facet normal 0.370419292126756 -0.004157873508187 0.928855349399573
   outer loop
      vertex 0.136111862330130 0.872446475382610 0.322676155262463
      vertex 0.120004775755508 0.878967519239827 0.329128709243629
      vertex 0.120038327380801 0.876967915405349 0.329106378243313
   endloop
endfacet
facet normal 0.109752661393541 0.963610176935897 -0.243741215682955
   outer loop
      vertex 0.292844992633868 0.813213076184030 0.152028348153238
      vertex 0.300080895008469 0.808685247434966 0.137386169936375
      vertex 0.283969488448628 0.813059282723382 0.147423845192089
   endloop
endfacet
facet normal 0.234332182181465 0.963630850880441 -0.128467940068755
   outer loop
      vertex 0.157503016241912 0.867436419375100 0.290026881808158
      vertex 0.171625327718694 0.862906679561826 0.281809384398559
      vertex 0.152673909769544 0.867443358131560 0.281270388497352
   endloop
endfacet
facet normal 0.273688174004895 0.958292131233610 0.082285932124584
   outer loop
      vertex -0.061810326143824 0.931912652718318 0.316071745918420
      vertex -0.074971686114158 0.936784665780606 0.303108373254171
      vertex -0.077279019761472 0.936608274514848 0.312836941359053
   endloop
endfacet
facet normal -0.293427985773712 -0.018327036489270 0.955805491142577
   outer loop
      vertex 0.102135338737430 0.638274116176047 -0.296351965944526
      vertex 0.087757462655445 0.635770059733574 -0.300813923101871
      vertex 0.087786811641287 0.633770546336580 -0.300843252647942
   endloop
endfacet
facet normal 0.157397418248420 0.958772496853005 -0.236603786966707
   outer loop
      vertex 0.241431780801234 0.831084706357597 0.194084263462517
      vertex 0.258880714733574 0.826657493301089 0.187751850176327
      vertex 0.250774671140858 0.826543412358676 0.181897134064373
   endloop
endfacet
facet normal 0.898330141102425 0.015875709009331 0.439034075500237
   outer loop
      vertex 0.310595998995651 0.813520764136334 0.161237255137671
      vertex 0.310642146186536 0.811521508607158 0.161215125161833
      vertex 0.318308116067443 0.807019639934765 0.145692180980346
   endloop
endfacet
facet normal 0.224042577886612 0.958792935576790 -0.174702690253937
   outer loop
      vertex 0.174003376345823 0.858342437159345 0.256429750434920
      vertex 0.192525879270954 0.853827276071594 0.255403577057695
      vertex 0.186464823393290 0.853794336421385 0.247449968069490
   endloop
endfacet
facet normal 0.603042238654014 0.023104992830083 -0.797374578040632
   outer loop
      vertex 0.219814931770507 0.676927339934911 -0.276032140212037
      vertex 0.206197250009342 0.669857370117468 -0.286535847161226
      vertex 0.206164500520451 0.671856875345654 -0.286502676767293
   endloop
endfacet
facet normal -0.139761116834127 -0.961295413246911 0.237440431880774
   outer loop
      vertex 0.258967412674853 0.822658747720408 0.187709789054594
      vertex 0.259601276039237 0.818001537888180 0.169227827226265
      vertex 0.267984105836390 0.818129092348388 0.174678504526529
   endloop
endfacet
facet normal 0.209809892188663 0.017377447564973 -0.977587762533834
   outer loop
      vertex -0.059984111029806 0.932080154891666 0.306241380068196
      vertex -0.074941335274840 0.934785069116376 0.303079342633140
      vertex -0.074971686114158 0.936784665780606 0.303108373254171
   endloop
endfacet
facet normal -0.113559633087345 0.952980116159499 -0.280950365612319
   outer loop
      vertex 0.300506184043405 0.742155931061173 -0.080642166752797
      vertex 0.305829087853554 0.737563478911610 -0.098371214998495
      vertex 0.296295857350224 0.737314548628199 -0.095362268753302
   endloop
endfacet
facet normal 0.200634088199708 -0.953515777246713 0.224841333375048
   outer loop
      vertex 0.264866772962714 0.704196430206932 -0.183406598223873
      vertex 0.247728466473110 0.698994772026080 -0.190172857010109
      vertex 0.255689868572293 0.699244348244005 -0.196218692840820
   endloop
endfacet
facet normal 0.262441389295259 0.962929943190594 -0.062373405324180
   outer loop
      vertex 0.086990700369045 0.890034415840723 0.339619586992024
      vertex 0.081876847975426 0.890175790558751 0.320285183629486
      vertex 0.066001946089066 0.894747631363844 0.324070949365942
   endloop
endfacet
facet normal 0.959099753782367 0.025009662310633 -0.281961307781248
   outer loop
      vertex 0.339183881706615 0.743143356128218 -0.090792429434318
      vertex 0.339226229273566 0.741144042981603 -0.090825719837487
      vertex 0.334470328989293 0.736310845070404 -0.107431755169582
   endloop
endfacet
facet normal -0.562747764909388 -0.022920917050583 0.826310828109525
   outer loop
      vertex 0.182752985918999 0.668935993613709 -0.254139899479480
      vertex 0.182720236427991 0.670935498947529 -0.254106739084989
      vertex 0.170195411583807 0.665865987873150 -0.262777223345930
   endloop
endfacet
facet normal 0.039398707390203 -0.959554323135083 0.278753013990440
   outer loop
      vertex 0.330085264369534 0.757845923731075 -0.021470884890577
      vertex 0.328727607164749 0.753069519431146 -0.037720859702493
      vertex 0.350043186281817 0.758314764708975 -0.022677824085657
   endloop
endfacet
facet normal 0.248766866775448 0.961161208026407 -0.119516434769219
   outer loop
      vertex 0.138604944583732 0.871991346217435 0.288561915694803
      vertex 0.152673909769544 0.867443358131560 0.281270388497352
      vertex 0.134211260409223 0.872011534157899 0.279579057542092
   endloop
endfacet
facet normal 0.959133626352382 0.024680162939310 -0.281875107729326
   outer loop
      vertex 0.339226229273566 0.741144042981603 -0.090825719837487
      vertex 0.334511874644207 0.734311620117021 -0.107465434493101
      vertex 0.334470328989293 0.736310845070404 -0.107431755169582
   endloop
endfacet
facet normal -0.766928787357064 -0.010303679148765 -0.641649491014388
   outer loop
      vertex -0.256100051100752 0.532481109074814 -0.234939328045743
      vertex -0.256068509510167 0.530481488406363 -0.234944917863988
      vertex -0.266954607003268 0.527863241921158 -0.221891312681649
   endloop
endfacet
facet normal 0.253261470141395 0.966878122531101 -0.031706843307921
   outer loop
      vertex 0.053157031506557 0.899140504787465 0.346818741654030
      vertex 0.070160589064806 0.894582162200196 0.343632813089170
      vertex 0.049963609896449 0.899329570731278 0.327076412817013
   endloop
endfacet
facet normal 0.227100708674811 0.963625689909916 -0.140892859524663
   outer loop
      vertex 0.182130885008027 0.862919075978148 0.298827741600985
      vertex 0.171625327718694 0.862906679561826 0.281809384398559
      vertex 0.157503016241912 0.867436419375100 0.290026881808158
   endloop
endfacet
facet normal 0.234243005091691 0.961258232577141 -0.145302528774569
   outer loop
      vertex 0.171625327718694 0.862906679561826 0.281809384398559
      vertex 0.166372499094489 0.862900479831670 0.273300255794638
      vertex 0.152673909769544 0.867443358131560 0.281270388497352
   endloop
endfacet
facet normal 0.241690923494583 0.961263760658612 -0.132504641219843
   outer loop
      vertex 0.152673909769544 0.867443358131560 0.281270388497352
      vertex 0.166372499094489 0.862900479831670 0.273300255794638
      vertex 0.147844799300943 0.867450497893688 0.272513797305236
   endloop
endfacet
facet normal 0.241215387415740 0.963535723514403 -0.115819024281210
   outer loop
      vertex 0.142998728759653 0.871971159208276 0.297544873841766
      vertex 0.157503016241912 0.867436419375100 0.290026881808158
      vertex 0.138604944583732 0.871991346217435 0.288561915694803
   endloop
endfacet
facet normal 0.298566598777576 -0.947408255795582 0.115219715955049
   outer loop
      vertex 0.130333811548617 0.648558489223766 -0.284967170970439
      vertex 0.116372002217273 0.643423823958436 -0.291008622578872
      vertex 0.134498701633737 0.648765650345995 -0.294056161520682
   endloop
endfacet
facet normal -0.042378137174044 0.010300822228777 -0.999048540638076
   outer loop
      vertex -0.001742096623331 0.609049605256327 -0.352609529601005
      vertex -0.018686461948354 0.602449783247471 -0.351958823435716
      vertex -0.018710313650575 0.604449487303285 -0.351937193468984
   endloop
endfacet
facet normal 0.218994179455950 0.963689377450481 -0.152788524286088
   outer loop
      vertex 0.196658552314679 0.858420641217875 0.289394921244657
      vertex 0.185330964319668 0.858381539716781 0.272912285842579
      vertex 0.171625327718694 0.862906679561826 0.281809384398559
   endloop
endfacet
facet normal -0.875700577356623 -0.014572936953712 -0.482634570172734
   outer loop
      vertex 0.267670759005756 0.815455289314946 0.156212595641451
      vertex 0.275140235409582 0.810906035771874 0.142797210141827
      vertex 0.267716008446640 0.813455911696929 0.156190864588225
   endloop
endfacet
facet normal 0.982093423077847 0.024461221794344 -0.186799777771721
   outer loop
      vertex 0.346278431270006 0.750760815891343 -0.057005538807460
      vertex 0.346322078783332 0.748761518443236 -0.057037869266371
      vertex 0.343208446474841 0.743961315010093 -0.074036265574786
   endloop
endfacet
facet normal 0.274728179593119 -0.961520588776843 -0.001607698878476
   outer loop
      vertex 0.013748699300987 0.611144090842669 -0.312504645001626
      vertex 0.014505851591650 0.611393839609452 -0.332488182481815
      vertex 0.030481412567492 0.615956858913789 -0.331555310794307
   endloop
endfacet
facet normal 0.713457986134887 0.024203292083955 -0.700279874530640
   outer loop
      vertex 0.257473567791675 0.692023705478894 -0.240763043384724
      vertex 0.245534768075197 0.685011415551584 -0.253168872567944
      vertex 0.245500421088894 0.687010779073165 -0.253134763280378
   endloop
endfacet
facet normal 0.207769017727694 -0.960990667662450 -0.182562241271704
   outer loop
      vertex -0.205298206856594 0.538025868341670 -0.230013044429194
      vertex -0.218884741260877 0.537876241141486 -0.244687878315075
      vertex -0.206963175356598 0.542478248400449 -0.255344813599817
   endloop
endfacet
facet normal 0.276775162587108 -0.948392375500282 0.154749512011547
   outer loop
      vertex 0.170227659272842 0.663866568244765 -0.262809972705922
      vertex 0.157294788160758 0.658780288646074 -0.270850652577036
      vertex 0.175683644898312 0.664091876704768 -0.271187385119753
   endloop
endfacet
facet normal -0.936951194712050 -0.018462505984069 -0.348972197460558
   outer loop
      vertex 0.288077471882526 0.801793401832894 0.114957357283969
      vertex 0.293563810003328 0.795228944579931 0.100574450100849
      vertex 0.288125520452755 0.799794095714077 0.114934126309821
   endloop
endfacet
facet normal 0.982117678988883 0.024212090406191 -0.186704684718010
   outer loop
      vertex 0.346278431270006 0.750760815891343 -0.057005538807460
      vertex 0.343208446474841 0.743961315010093 -0.074036265574786
      vertex 0.343165398948814 0.745960619102364 -0.074003435144779
   endloop
endfacet
facet normal 0.181620934131809 0.958843456554670 -0.218249999100532
   outer loop
      vertex 0.221021393439941 0.840165462831777 0.217024987934916
      vertex 0.239000750702839 0.835712305992487 0.212422684891033
      vertex 0.231506293041424 0.835625071952044 0.205802780212456
   endloop
endfacet
facet normal 0.279070533466583 0.958802800273245 0.053073793334003
   outer loop
      vertex -0.047538496088607 0.927073257696706 0.328454095662298
      vertex -0.046197893581256 0.927231529924240 0.318545730745761
      vertex -0.061810326143824 0.931912652718318 0.316071745918420
   endloop
endfacet
facet normal -0.390780327775202 -0.020199899315351 0.920262299288391
   outer loop
      vertex 0.130333811548617 0.648558489223766 -0.284967170970439
      vertex 0.116341151849262 0.645423392092821 -0.290977832055249
      vertex 0.116372002217273 0.643423823958436 -0.291008622578872
   endloop
endfacet
facet normal 0.233973399466549 0.961349022251019 -0.145136162823315
   outer loop
      vertex 0.166372499094489 0.862900479831670 0.273300255794638
      vertex 0.179667219329101 0.858362039419218 0.264671018666942
      vertex 0.161119670470283 0.862894280101515 0.264791127190716
   endloop
endfacet
facet normal 0.002953248700828 0.960242460234749 -0.279151743473738
   outer loop
      vertex 0.329294717540475 0.776092231673263 0.027480958165937
      vertex 0.330323437146009 0.771355803343151 0.011199198750664
      vertex 0.319334740540231 0.775871262088592 0.026615483840929
   endloop
endfacet
facet normal 0.035143843514527 -0.012420121190721 0.999305083972174
   outer loop
      vertex 0.018853346509516 0.904293054330783 0.350629143761064
      vertex 0.001542250300951 0.910887663153275 0.351319908081261
      vertex 0.001572901737163 0.908888039705387 0.351293977286700
   endloop
endfacet
facet normal 0.184259106607021 -0.956396646544216 0.226614289292092
   outer loop
      vertex 0.273115404601650 0.704447408344162 -0.189054232215549
      vertex 0.263651270670967 0.699493924487282 -0.202264531071397
      vertex 0.289612467919455 0.704949360622205 -0.200349498198682
   endloop
endfacet
facet normal 0.268598831284871 0.962643519242603 -0.034236277435155
   outer loop
      vertex 0.049963609896449 0.899329570731278 0.327076412817013
      vertex 0.066001946089066 0.894747631363844 0.324070949365942
      vertex 0.048366800115500 0.899424051200036 0.317205297867603
   endloop
endfacet
facet normal 0.294534537371122 0.018338162923582 -0.955464870142365
   outer loop
      vertex 0.115081623988067 0.643044066384480 -0.334109626752208
      vertex 0.098902036540313 0.636497757046898 -0.339222838910634
      vertex 0.098872685566938 0.638497370418556 -0.339193508308008
   endloop
endfacet
facet normal 0.006420781162261 0.011493636530848 -0.999913331188540
   outer loop
      vertex 0.015238352846132 0.613643251178680 -0.352447690127907
      vertex -0.001742096623331 0.609049605256327 -0.352609529601005
      vertex -0.001766347992531 0.611049288685457 -0.352586699700588
   endloop
endfacet
facet normal 0.265756772559317 0.962827052734685 -0.048346709930422
   outer loop
      vertex 0.066001946089066 0.894747631363844 0.324070949365942
      vertex 0.081876847975426 0.890175790558751 0.320285183629486
      vertex 0.063922472622131 0.894830463995206 0.314289918566712
   endloop
endfacet
facet normal 0.795523273911710 0.010577942508886 0.605830692353130
   outer loop
      vertex 0.272670588112080 0.831487472939412 0.219063300147832
      vertex 0.272713038296621 0.829488030160247 0.219042469049019
      vertex 0.283242191479891 0.825000514356323 0.205294869541734
   endloop
endfacet
facet normal 0.272921242799152 -0.961764369643495 0.022875587713017
   outer loop
      vertex 0.046391906423175 0.620512611590224 -0.329839558396859
      vertex 0.030481412567492 0.615956858913789 -0.331555310794307
      vertex 0.049097812834765 0.620809207239742 -0.349653004002618
   endloop
endfacet
facet normal 0.345432580928007 0.019749009185560 -0.938235742587973
   outer loop
      vertex 0.131223755487476 0.644224729030932 -0.328140538464955
      vertex 0.115142923052642 0.639045010308764 -0.334170086804751
      vertex 0.131192907094299 0.646224197824459 -0.328109808994537
   endloop
endfacet
facet normal 0.926932315426571 0.025028868550637 -0.374392893037529
   outer loop
      vertex 0.328909108336316 0.731460626939054 -0.123781305519166
      vertex 0.322596720788416 0.724593898854847 -0.139868743481386
      vertex 0.322556574979688 0.726593145508482 -0.139834484192565
   endloop
endfacet
facet normal 0.479548072578251 0.021507596388874 -0.877251998791714
   outer loop
      vertex 0.177381141051795 0.663658324951381 -0.305328549861430
      vertex 0.162381810422291 0.656531979377505 -0.313702621015205
      vertex 0.162350362380479 0.658531424625398 -0.313670791605190
   endloop
endfacet
facet normal 0.084286018641528 -0.011367095946165 0.996376764176740
   outer loop
      vertex 0.036051671621250 0.901710604833161 0.349144841135827
      vertex 0.018791545511738 0.908292201877091 0.350680004350279
      vertex 0.018822496994516 0.906292579110427 0.350654573527311
   endloop
endfacet
facet normal 0.999702699290954 0.023057823068539 0.007927788198563
   outer loop
      vertex 0.350303907879846 0.771807482605307 0.011951982882015
      vertex 0.350350255431265 0.769808210302396 0.011922352267917
      vertex 0.350550344868780 0.767067351365526 -0.005337406309628
   endloop
endfacet
facet normal 0.548631680028227 0.003486187230695 0.836056891705342
   outer loop
      vertex -0.157812714745248 0.558342785570091 -0.266563949497078
      vertex -0.170380986725247 0.555761980534915 -0.258305720410642
      vertex -0.170354532867578 0.553762194953174 -0.258314741085540
   endloop
endfacet
facet normal 0.200692801518659 -0.956456152807875 -0.211929297584245
   outer loop
      vertex -0.235698641617847 0.524310342926201 -0.196864537314467
      vertex -0.241075851686508 0.528680668543586 -0.221680323708819
      vertex -0.226114787433205 0.528879568435735 -0.208410148678208
   endloop
endfacet
facet normal 0.210118399728697 -0.956427096280687 -0.202725103515931
   outer loop
      vertex -0.226114787433205 0.528879568435735 -0.208410148678208
      vertex -0.230264355114521 0.533277049617872 -0.233457716003018
      vertex -0.215973374590849 0.533451425234527 -0.219468228049615
   endloop
endfacet
facet normal 0.918781465479586 0.017432517550556 0.394381447361605
   outer loop
      vertex 0.318308116067443 0.807019639934765 0.145692180980346
      vertex 0.325256903284310 0.800512401157198 0.129791383946977
      vertex 0.325208954715492 0.802511708207318 0.129814714915377
   endloop
endfacet
facet normal 0.420562650399439 -0.000327263628092 0.907263440235259
   outer loop
      vertex -0.117947845746565 0.570078874666478 -0.287479901731476
      vertex -0.131589103021458 0.567501596765998 -0.281157416320286
      vertex -0.131564749381799 0.565501801028325 -0.281169426824806
   endloop
endfacet
facet normal 0.227605178183765 -0.956392047171749 -0.183057736713224
   outer loop
      vertex -0.205298206856594 0.538025868341670 -0.230013044429194
      vertex -0.206963175356598 0.542478248400449 -0.255344813599817
      vertex -0.194113890095606 0.542602950318121 -0.240020140688405
   endloop
endfacet
facet normal 0.241952798691943 0.961174714846520 -0.132672569677564
   outer loop
      vertex 0.157503016241912 0.867436419375100 0.290026881808158
      vertex 0.152673909769544 0.867443358131560 0.281270388497352
      vertex 0.138604944583732 0.871991346217435 0.288561915694803
   endloop
endfacet
facet normal -0.127668892038292 0.952677391420071 -0.275873960138982
   outer loop
      vertex 0.296295857350224 0.737314548628199 -0.095362268753302
      vertex 0.300746357631517 0.732708552191458 -0.113327788614896
      vertex 0.291372289987341 0.732458080134191 -0.109854616433656
   endloop
endfacet
facet normal 0.330032968394815 -0.002893778924349 0.943964970650947
   outer loop
      vertex -0.089866530486655 0.579226121376402 -0.298052369486211
      vertex -0.104060889904432 0.576653401832641 -0.293097565190568
      vertex -0.104037438565567 0.574653712687954 -0.293111894507546
   endloop
endfacet
facet normal -0.205617015757728 0.964697688438003 0.164560058195360
   outer loop
      vertex -0.207019581085100 0.546477684564056 -0.255330043118243
      vertex -0.219868868333621 0.546353082621048 -0.270654714973100
      vertex -0.232529781273012 0.541726023047507 -0.259349331638310
   endloop
endfacet
facet normal -0.011832006938331 0.964300659110751 -0.264545350460715
   outer loop
      vertex 0.350303907879846 0.771807482605307 0.011951982882015
      vertex 0.350550344868780 0.767067351365526 -0.005337406309628
      vertex 0.330323437146009 0.771355803343151 0.011199198750664
   endloop
endfacet
facet normal -0.063416067077959 -0.956019629733182 0.286364924530211
   outer loop
      vertex 0.307800430606724 0.790729764860636 0.088724348554516
      vertex 0.298199172979258 0.790531349718627 0.085935729209311
      vertex 0.302115455336932 0.785825615623043 0.071093063160159
   endloop
endfacet
facet normal 0.065175533059942 -0.963318303712216 0.260326709392967
   outer loop
      vertex 0.348602162567524 0.753545827451981 -0.039904756905044
      vertex 0.326578783322697 0.748278549385730 -0.053882115964298
      vertex 0.346322078783332 0.748761518443236 -0.057037869266371
   endloop
endfacet
facet normal -0.284288524373752 0.950594444391356 -0.124700590221875
   outer loop
      vertex 0.143922976403798 0.657676364826602 -0.278178722473408
      vertex 0.148529822899027 0.657890129723483 -0.287051734756633
      vertex 0.134436403232382 0.652764663305737 -0.293993501589277
   endloop
endfacet
facet normal -0.253460390885428 -0.966824871096605 0.031741122872999
   outer loop
      vertex 0.036082921184227 0.899711081666047 0.349120011335425
      vertex 0.050026713132933 0.895330323697492 0.327027951035127
      vertex 0.053220234702119 0.895141260797667 0.346770179877558
   endloop
endfacet
facet normal -0.025368134815001 0.954642082542444 -0.296673139962204
   outer loop
      vertex 0.310342864444395 0.770904222068013 0.010446415676033
      vertex 0.320560452082004 0.766376516991300 -0.004996637054760
      vertex 0.310563855804849 0.766146172879330 -0.004883048007562
   endloop
endfacet
facet normal -0.063498869419110 -0.955927467000359 0.286654097156786
   outer loop
      vertex 0.293563810003328 0.795228944579931 0.100574450100849
      vertex 0.307800430606724 0.790729764860636 0.088724348554516
      vertex 0.317401688213023 0.790928181058988 0.091512867905303
   endloop
endfacet
facet normal -0.025282924897624 0.959790538119081 -0.279576280549166
   outer loop
      vertex 0.320560452082004 0.766376516991300 -0.004996637054760
      vertex 0.330557050346692 0.766606761128606 -0.005110227158512
      vertex 0.329995171354409 0.761844389407100 -0.021408724885119
   endloop
endfacet
facet normal -0.041362092350332 -0.964990119152831 0.259004338291479
   outer loop
      vertex 0.336604201459254 0.791325112374011 0.097090007657848
      vertex 0.321567774377222 0.786234721374704 0.075723125778389
      vertex 0.341020097371411 0.786643628233380 0.080353086289092
   endloop
endfacet
facet normal -0.697949014292794 -0.006487385715088 -0.716118067970849
   outer loop
      vertex 0.221021393439941 0.840165462831777 0.217024987934916
      vertex 0.210041524150002 0.842707056624576 0.227703255933906
      vertex 0.210001873348806 0.844706558226839 0.227723787044817
   endloop
endfacet
facet normal 0.205924778942602 0.967942006584576 -0.143816749047062
   outer loop
      vertex 0.196658552314679 0.858420641217875 0.289394921244657
      vertex 0.210709042950042 0.853926293915207 0.279264506129841
      vertex 0.185330964319668 0.858381539716781 0.272912285842579
   endloop
endfacet
facet normal -0.283291281035650 0.952923576345458 -0.108086575180098
   outer loop
      vertex 0.134436403232382 0.652764663305737 -0.293993501589277
      vertex 0.138601391308097 0.652971926495909 -0.303082501082573
      vertex 0.123736180103887 0.647823312788791 -0.309513000531222
   endloop
endfacet
facet normal 0.778501045864001 0.025047849766465 -0.627143306438595
   outer loop
      vertex 0.279537526435781 0.701992491417921 -0.214321593212912
      vertex 0.279573972901384 0.699993174918602 -0.214356202476055
      vertex 0.268864121221109 0.695018116817306 -0.227849522352334
   endloop
endfacet
facet normal 0.971757235290771 0.024776791230855 -0.234678474250068
   outer loop
      vertex 0.343165398948814 0.745960619102364 -0.074003435144779
      vertex 0.343208446474841 0.743961315010093 -0.074036265574786
      vertex 0.339268574852984 0.739144829809651 -0.090859009184102
   endloop
endfacet
facet normal -0.164174746309998 0.954500452856028 -0.248948866580440
   outer loop
      vertex 0.272453402076732 0.717796564253425 -0.151614708615375
      vertex 0.281216011169830 0.718048823964255 -0.156426207189768
      vertex 0.273332395667656 0.713130208855149 -0.170085758328525
   endloop
endfacet
facet normal 0.971765028211033 0.024776578368269 -0.234646225433890
   outer loop
      vertex 0.343122353410319 0.747959823219970 -0.073970605771326
      vertex 0.343165398948814 0.745960619102364 -0.074003435144779
      vertex 0.339226229273566 0.741144042981603 -0.090825719837487
   endloop
endfacet
facet normal -0.226808138283885 -0.963720630944676 0.140714654175726
   outer loop
      vertex 0.182203587723793 0.858919951096104 0.298785779440355
      vertex 0.171697930475382 0.858907551635793 0.281767522232513
      vertex 0.185405264816476 0.854382542386359 0.272870724713519
   endloop
endfacet
facet normal 0.063475399470933 0.014206555235935 -0.997882281359046
   outer loop
      vertex -0.014301756895465 0.916050076413949 0.311169553365946
      vertex -0.029597171133532 0.920713434778773 0.310263001273040
      vertex -0.014332206256657 0.918049597524413 0.311196083070131
   endloop
endfacet
facet normal -0.025329789058449 0.957358597539784 -0.287789710557748
   outer loop
      vertex 0.310563855804849 0.766146172879330 -0.004883048007562
      vertex 0.320560452082004 0.766376516991300 -0.004996637054760
      vertex 0.320016161401912 0.761609917936996 -0.020805255815773
   endloop
endfacet
facet normal 0.226830808323151 0.963713252644651 -0.140728643397616
   outer loop
      vertex 0.171625327718694 0.862906679561826 0.281809384398559
      vertex 0.185330964319668 0.858381539716781 0.272912285842579
      vertex 0.166372499094489 0.862900479831670 0.273300255794638
   endloop
endfacet
facet normal -0.918767481592589 -0.017431801661361 -0.394414055351544
   outer loop
      vertex 0.281947767721666 0.806352392330533 0.129034699004718
      vertex 0.288029523313707 0.803792708883014 0.114980688252369
      vertex 0.288077471882526 0.801793401832894 0.114957357283969
   endloop
endfacet
facet normal 0.189825127119240 -0.964821031858215 -0.181897766886275
   outer loop
      vertex -0.230264355114521 0.533277049617872 -0.233457716003018
      vertex -0.244555407609781 0.533102772478896 -0.247447192900309
      vertex -0.232471277650580 0.537726713810332 -0.259362701144960
   endloop
endfacet
facet normal 0.255285057266798 0.966694378544123 -0.018207636515473
   outer loop
      vertex 0.036020420070739 0.903710227974938 0.349169671992782
      vertex 0.053157031506557 0.899140504787465 0.346818741654030
      vertex 0.033800034344338 0.903922241936202 0.329294572196904
   endloop
endfacet
facet normal -0.851030888748953 -0.013554797392583 -0.524940657467883
   outer loop
      vertex 0.259557026316131 0.820000939608018 0.169249158300158
      vertex 0.267625509564872 0.817454666932962 0.156234326694676
      vertex 0.267670759005756 0.815455289314946 0.156212595641451
   endloop
endfacet
facet normal -0.945525516421709 -0.009573682606595 -0.325407194752681
   outer loop
      vertex -0.117389466319408 0.945465744569869 0.332482493047853
      vertex -0.104320682919865 0.942237580639222 0.294603912135251
      vertex -0.117328167254834 0.941466688494152 0.332422032995310
   endloop
endfacet
facet normal 0.255437494955825 0.960965076560744 -0.106291146391860
   outer loop
      vertex 0.128147954321704 0.876511801155058 0.304344761478652
      vertex 0.124200300906683 0.876544919819767 0.295157234085553
      vertex 0.109494574500079 0.881104634698235 0.301040441330001
   endloop
endfacet
facet normal -0.141517219071889 0.952367024251098 -0.270129464933514
   outer loop
      vertex 0.291372289987341 0.732458080134191 -0.109854616433656
      vertex 0.294939900036590 0.727837769850891 -0.128012981385562
      vertex 0.285747689005991 0.727586295102921 -0.124083902841556
   endloop
endfacet
facet normal 0.014320975192709 0.013235745935321 -0.999809844269932
   outer loop
      vertex 0.001053356917321 0.909399992092385 0.311300862933185
      vertex -0.014271205587663 0.914050458372805 0.311142922610623
      vertex 0.001022607509564 0.911399512521621 0.311326892665776
   endloop
endfacet
facet normal -0.602677244712273 -0.023099739141838 0.797650638285711
   outer loop
      vertex 0.194807214359473 0.675987975950521 -0.244827918129816
      vertex 0.182687488924517 0.672934904306685 -0.254073579747052
      vertex 0.182720236427991 0.670935498947529 -0.254106739084989
   endloop
endfacet
facet normal 0.100392254883138 0.961013110931115 -0.257633840513973
   outer loop
      vertex 0.283969488448628 0.813059282723382 0.147423845192089
      vertex 0.300080895008469 0.808685247434966 0.137386169936375
      vertex 0.290990807922025 0.808518435533908 0.133221799442468
   endloop
endfacet
facet normal 0.112640699733455 0.015531866037047 -0.993514385351800
   outer loop
      vertex -0.029597171133532 0.920713434778773 0.310263001273040
      vertex -0.044796588908439 0.923390584527452 0.308581604458783
      vertex -0.044826840021510 0.925390195855429 0.308609435146628
   endloop
endfacet
facet normal -0.147832146147108 0.957283658155727 -0.248502825725441
   outer loop
      vertex 0.304132109077540 0.728089344679159 -0.131942068872454
      vertex 0.315389084240939 0.723707757876848 -0.155517512021120
      vertex 0.297412572620573 0.723203380891532 -0.146766406511009
   endloop
endfacet
facet normal -0.121934992661735 0.957872847614851 -0.260022047847483
   outer loop
      vertex 0.315362320342301 0.737812309325992 -0.101380172299683
      vertex 0.328868362591089 0.733459864413305 -0.123747306214837
      vertex 0.310120327282981 0.732958922286416 -0.116800961852523
   endloop
endfacet
facet normal 0.260627712855000 -0.965104595482463 -0.025422727442255
   outer loop
      vertex -0.017486182474159 0.602248076380241 -0.331996593977724
      vertex -0.018686461948354 0.602449783247471 -0.351958823435716
      vertex -0.001717845254130 0.607049921827197 -0.352632359501421
   endloop
endfacet
facet normal 0.112552113233066 0.015238230553438 -0.993528971966279
   outer loop
      vertex -0.029597171133532 0.920713434778773 0.310263001273040
      vertex -0.044826840021510 0.925390195855429 0.308609435146628
      vertex -0.029627522353847 0.922713050457155 0.310290231994542
   endloop
endfacet
facet normal -0.898335822334913 -0.016148793692700 -0.439012490451155
   outer loop
      vertex 0.275140235409582 0.810906035771874 0.142797210141827
      vertex 0.281900720835582 0.808351623632850 0.129057428948561
      vertex 0.281947767721666 0.806352392330533 0.129034699004718
   endloop
endfacet
facet normal 0.010792153834059 -0.957606783335390 0.287876324010278
   outer loop
      vertex 0.330416030281071 0.767357356724348 0.011139938579188
      vertex 0.320425742936498 0.767131616074111 0.010763547570150
      vertex 0.320651845136636 0.762378062365880 -0.005057397140519
   endloop
endfacet
facet normal -0.104095523933748 0.962590318994036 -0.250167942942173
   outer loop
      vertex 0.315362320342301 0.737812309325992 -0.101380172299683
      vertex 0.334428681364485 0.738310168116438 -0.107398084788786
      vertex 0.328868362591089 0.733459864413305 -0.123747306214837
   endloop
endfacet
facet normal -0.054098325243038 -0.013238934886946 0.998447846313946
   outer loop
      vertex 0.028747535758115 0.615683537492264 -0.311632918996625
      vertex 0.028721985132566 0.617683170786142 -0.311607789222429
      vertex 0.013723848304318 0.613143749669825 -0.312480615167194
   endloop
endfacet
facet normal 0.261289737383750 -0.951566098271831 0.162017387207841
   outer loop
      vertex 0.201092318042547 0.674223323889532 -0.252662496525333
      vertex 0.182752985918999 0.668935993613709 -0.254139899479480
      vertex 0.188614050450406 0.669166412747055 -0.262238888107361
   endloop
endfacet
facet normal -0.835887084313587 -0.025284031023364 0.548318794181761
   outer loop
      vertex 0.264854373846446 0.710879081406639 -0.164884543114969
      vertex 0.256581094985811 0.705944756188922 -0.177724311970456
      vertex 0.264892122034291 0.708879691194583 -0.164919193434591
   endloop
endfacet
facet normal -0.661984464065047 -0.005431448673141 -0.749497877716691
   outer loop
      vertex 0.210041524150002 0.842707056624576 0.227703255933906
      vertex 0.198512671164890 0.847249729807433 0.237853048874719
      vertex 0.210001873348806 0.844706558226839 0.227723787044817
   endloop
endfacet
facet normal -0.875742120923685 -0.014892195739976 -0.482549438033169
   outer loop
      vertex 0.267670759005756 0.815455289314946 0.156212595641451
      vertex 0.275093986272088 0.812905388231727 0.142819441168804
      vertex 0.275140235409582 0.810906035771874 0.142797210141827
   endloop
endfacet
facet normal 0.014324765162745 0.013483603604927 -0.999806478043055
   outer loop
      vertex 0.000991956094518 0.913399134913171 0.311352923454756
      vertex -0.014301756895465 0.916050076413949 0.311169553365946
      vertex -0.014332206256657 0.918049597524413 0.311196083070131
   endloop
endfacet
facet normal 0.190836700166358 -0.956492755579279 -0.220687476749301
   outer loop
      vertex -0.244702165457862 0.519743887903586 -0.184858516821867
      vertex -0.251293837881793 0.524087192302455 -0.209383117340557
      vertex -0.235698641617847 0.524310342926201 -0.196864537314467
   endloop
endfacet
facet normal 0.257756522217378 0.018240319340195 -0.966037714587153
   outer loop
      vertex -0.074941335274840 0.934785069116376 0.303079342633140
      vertex -0.089722210643008 0.937504309314701 0.299186878432346
      vertex -0.089752661335572 0.939503897653233 0.299216509020052
   endloop
endfacet
facet normal 0.282871659112324 0.957745222484927 -0.052035692349948
   outer loop
      vertex 0.063922472622131 0.894830463995206 0.314289918566712
      vertex 0.061843101144139 0.894913197583208 0.304508986705181
      vertex 0.046770090314795 0.899518533656439 0.307334182918026
   endloop
endfacet
facet normal 0.053458493687846 -0.959302177807904 0.277275172176737
   outer loop
      vertex 0.328727607164749 0.753069519431146 -0.037720859702493
      vertex 0.326578783322697 0.748278549385730 -0.053882115964298
      vertex 0.348602162567524 0.753545827451981 -0.039904756905044
   endloop
endfacet
facet normal -0.260915426131276 -0.960916705607433 0.092532293234809
   outer loop
      vertex 0.113053893631533 0.877059623146189 0.310365979319537
      vertex 0.109561775764543 0.877105527935244 0.300995880380177
      vertex 0.124268704069778 0.872545729539464 0.295113372038112
   endloop
endfacet
facet normal -0.797382055349792 -0.012113106810331 -0.603353238534064
   outer loop
      vertex -0.266921813587429 0.525863541898244 -0.221896503580850
      vertex -0.277085631996529 0.519249333988914 -0.208331373740813
      vertex -0.277119725214811 0.521249011130195 -0.208326462823825
   endloop
endfacet
facet normal -0.994239951029654 -0.022080893748536 -0.104877804648153
   outer loop
      vertex 0.307661837046010 0.780385211140958 0.040991639749490
      vertex 0.309374763539986 0.775650292503920 0.025750009515920
      vertex 0.307709184759704 0.778385940756690 0.040963709038843
   endloop
endfacet
facet normal -0.217303720000367 0.955425786404053 -0.199851594810245
   outer loop
      vertex 0.253482867083632 0.698521605552655 -0.214921506262055
      vertex 0.257438520990227 0.694023052763007 -0.240728714108275
      vertex 0.242778595578487 0.693532614106640 -0.227133232968700
   endloop
endfacet
facet normal 0.028134224807350 0.964894512232961 -0.261126493594972
   outer loop
      vertex 0.344519033949109 0.785950680216000 0.063478883922152
      vertex 0.347284718724209 0.781248295042161 0.046400972025740
      vertex 0.324863504266819 0.785530107985515 0.059807096679189
   endloop
endfacet
facet normal -0.181496572914675 0.009092281564973 -0.983349543365009
   outer loop
      vertex 0.061875152769435 0.892913578722833 0.304485255785499
      vertex 0.046833291522824 0.895519389641305 0.307285622198108
      vertex 0.046801639945504 0.897519010114210 0.307309953083636
   endloop
endfacet
facet normal -0.197024296974393 0.960281098213349 -0.197589571627431
   outer loop
      vertex 0.253482867083632 0.698521605552655 -0.214921506262055
      vertex 0.268792725957354 0.699016882034876 -0.227780532759144
      vertex 0.257438520990227 0.694023052763007 -0.240728714108275
   endloop
endfacet
facet normal -0.290082262223287 -0.956707089083905 -0.023745038219000
   outer loop
      vertex -0.014632709619908 0.913912063500340 0.321135294948258
      vertex -0.014271205587663 0.914050458372805 0.311142922610623
      vertex 0.001053356917321 0.909399992092385 0.311300862933185
   endloop
endfacet
facet normal -0.054394954192535 -0.965151307673118 0.255976839294616
   outer loop
      vertex 0.331377127471155 0.795997411744549 0.113595990811693
      vertex 0.317401688213023 0.790928181058988 0.091512867905303
      vertex 0.336604201459254 0.791325112374011 0.097090007657848
   endloop
endfacet
facet normal -0.216690801684134 -0.961479263122361 0.169123395930810
   outer loop
      vertex 0.198662833405302 0.849861346999345 0.263315925953995
      vertex 0.192601779515172 0.849828307374473 0.255362315909236
      vertex 0.204995081807324 0.845296798820624 0.245479372826243
   endloop
endfacet
facet normal -0.147250304456563 -0.963712660135705 0.222655016857051
   outer loop
      vertex 0.257136083831971 0.827287254077507 0.206532120135825
      vertex 0.258967412674853 0.822658747720408 0.187709789054594
      vertex 0.267073456246402 0.822772829719162 0.193564405172130
   endloop
endfacet
facet normal 0.055174591460124 -0.954195729527652 0.294051482241462
   outer loop
      vertex 0.308853051761974 0.752593211410311 -0.035536962499942
      vertex 0.306835485874530 0.747795680302888 -0.050726361605670
      vertex 0.318790380447250 0.752831316427220 -0.036628911629577
   endloop
endfacet
facet normal -0.764826993283147 -0.009526842467376 -0.644165281288943
   outer loop
      vertex 0.231547743465853 0.833625607183742 0.205782149104140
      vertex 0.241431780801234 0.831084706357597 0.194084263462517
      vertex 0.241474230985774 0.829085263578433 0.194063432363704
   endloop
endfacet
facet normal -0.281385450431305 -0.959307852126487 -0.023466425676671
   outer loop
      vertex -0.014632709619908 0.913912063500340 0.321135294948258
      vertex -0.030418821427959 0.918565388837728 0.320198239033096
      vertex -0.014271205587663 0.914050458372805 0.311142922610623
   endloop
endfacet
facet normal 0.038596056219169 -0.963795956706044 0.263832708892223
   outer loop
      vertex 0.350641737902245 0.763068897796447 -0.005398266389806
      vertex 0.330085264369534 0.757845923731075 -0.021470884890577
      vertex 0.350043186281817 0.758314764708975 -0.022677824085657
   endloop
endfacet
facet normal -0.206706020100215 0.955759193928486 -0.209277290873856
   outer loop
      vertex 0.245827889644182 0.698273866343059 -0.208491994069981
      vertex 0.253482867083632 0.698521605552655 -0.214921506262055
      vertex 0.242778595578487 0.693532614106640 -0.227133232968700
   endloop
endfacet
facet normal -0.132954693148602 0.009954607348424 -0.991072124197982
   outer loop
      vertex 0.046833291522824 0.895519389641305 0.307285622198108
      vertex 0.031642149752588 0.900135108532234 0.309369911738085
      vertex 0.046801639945504 0.897519010114210 0.307309953083636
   endloop
endfacet
facet normal 0.104135612784041 -0.962547520806508 0.250315889106818
   outer loop
      vertex 0.339268574852984 0.739144829809651 -0.090859009184102
      vertex 0.315445411654246 0.733813859313594 -0.101447520947278
      vertex 0.334511874644207 0.734311620117021 -0.107465434493101
   endloop
endfacet
facet normal -0.981988457624187 -0.024467974625190 0.187349906086475
   outer loop
      vertex 0.306747994862454 0.751794071274483 -0.050661702800623
      vertex 0.303993066517290 0.746982301621391 -0.065729989480222
      vertex 0.306791640388247 0.749794873801040 -0.050694032202980
   endloop
endfacet
facet normal -0.158664789890065 -0.963870037255141 0.213962697054684
   outer loop
      vertex 0.272755388500915 0.827488585393437 0.219021637950372
      vertex 0.257136083831971 0.827287254077507 0.206532120135825
      vertex 0.267073456246402 0.822772829719162 0.193564405172130
   endloop
endfacet
facet normal -0.126742265105963 -0.961348982825992 0.244426945027018
   outer loop
      vertex 0.284995142847373 0.813737446312347 0.166258043088759
      vertex 0.276355525667468 0.813596677482644 0.161224503835784
      vertex 0.284061786805463 0.809060571715700 0.147379583127304
   endloop
endfacet
facet normal -0.262430935178668 -0.962933269266760 0.062366042045971
   outer loop
      vertex 0.066065947371882 0.890748491630113 0.324023488583299
      vertex 0.079384922092358 0.886247396956231 0.310571571633583
      vertex 0.081941849272350 0.886176660138056 0.320238722789366
   endloop
endfacet
facet normal -0.227404224767512 0.955109719020859 -0.189875599247986
   outer loop
      vertex 0.242778595578487 0.693532614106640 -0.227133232968700
      vertex 0.245465974122347 0.689010140607102 -0.253100653992645
      vertex 0.231491368266123 0.688525588404317 -0.238801376446365
   endloop
endfacet
facet normal -0.273796505867073 -0.958259029969271 -0.082311025126249
   outer loop
      vertex -0.077218320070368 0.932609181161055 0.312778881173545
      vertex -0.092505072921455 0.937319590567024 0.308789952218558
      vertex -0.074910986423054 0.932785572426812 0.303050313068663
   endloop
endfacet
facet normal 0.283288466512788 -0.952924128435965 0.108089084487700
   outer loop
      vertex 0.138663689709452 0.648972913536167 -0.303145161013979
      vertex 0.123797878856607 0.643824276283416 -0.309574560523031
      vertex 0.146993567868170 0.649387337954202 -0.321323161056958
   endloop
endfacet
facet normal -0.257426480678365 -0.966031312141281 -0.022696057105719
   outer loop
      vertex -0.015717019705124 0.913496779714548 0.351112710887531
      vertex -0.032975019970074 0.918119794150459 0.350085641308432
      vertex -0.014994113650743 0.913773669559179 0.331127767280146
   endloop
endfacet
facet normal -0.255166389651672 -0.961050149152672 0.106173087012469
   outer loop
      vertex 0.128216357505965 0.872512609818414 0.304300999425628
      vertex 0.124268704069778 0.872545729539464 0.295113372038112
      vertex 0.138674745652047 0.867992275288097 0.288518854656938
   endloop
endfacet
facet normal -0.732273973914596 -0.008190851092968 -0.680960892478928
   outer loop
      vertex 0.221102494686733 0.836166495404872 0.216983925710108
      vertex 0.231547743465853 0.833625607183742 0.205782149104140
      vertex 0.231589293870526 0.831626144403085 0.205761517995657
   endloop
endfacet
facet normal -0.222808071550952 0.952876353770377 -0.205871847703898
   outer loop
      vertex 0.228118672156396 0.693042075369975 -0.213537742886238
      vertex 0.235448633868500 0.693287344685490 -0.220335482927748
      vertex 0.224504115330250 0.688283313191113 -0.231651727673867
   endloop
endfacet
facet normal 0.141282849357183 -0.961720393084148 0.234804263171661
   outer loop
      vertex 0.322596720788416 0.724593898854847 -0.139868743481386
      vertex 0.297491264473684 0.719204859796034 -0.146835305064785
      vertex 0.315467778079466 0.719709136912321 -0.155586421630892
   endloop
endfacet
facet normal -0.270320936003243 -0.960609296444663 0.064469924324600
   outer loop
      vertex 0.081941849272350 0.886176660138056 0.320238722789366
      vertex 0.079384922092358 0.886247396956231 0.310571571633583
      vertex 0.094588652947696 0.881672405988906 0.306152579339254
   endloop
endfacet
facet normal -0.544637393706074 -0.001122215439976 -0.838670883010470
   outer loop
      vertex 0.174040527577410 0.856342889034973 0.256408919344905
      vertex 0.161192371198517 0.858895255194133 0.264749166086639
      vertex 0.161156021817583 0.860894718188664 0.264770096113192
   endloop
endfacet
facet normal 0.521873274751488 0.022418224266619 -0.852728390708841
   outer loop
      vertex 0.192051401812116 0.664767798215119 -0.296319632360355
      vertex 0.177444838753242 0.659659360945513 -0.305393209683527
      vertex 0.192019152152483 0.666767316973095 -0.296286801948275
   endloop
endfacet
facet normal -0.175466788008432 -0.961540851312858 0.211306880064392
   outer loop
      vertex 0.246578311161134 0.831800514496951 0.219001326296091
      vertex 0.239083751531941 0.831713378443527 0.212381422674234
      vertex 0.249326333504786 0.827186486457232 0.200287360172164
   endloop
endfacet
facet normal -0.277226028871789 0.950911770869109 -0.137522845151462
   outer loop
      vertex 0.157231090452961 0.662779252968846 -0.270786022753266
      vertex 0.162268604095378 0.662998971029964 -0.279421660058305
      vertex 0.148529822899027 0.657890129723483 -0.287051734756633
   endloop
endfacet
facet normal -0.732293369039519 -0.008154839570246 -0.680940467480333
   outer loop
      vertex 0.221061944042171 0.838165980174667 0.217004356828094
      vertex 0.231506293041424 0.835625071952044 0.205802780212456
      vertex 0.231547743465853 0.833625607183742 0.205782149104140
   endloop
endfacet
facet normal 0.272213259775621 0.961501402818875 0.037616400408146
   outer loop
      vertex -0.033035720423171 0.922118925532559 0.350140101694881
      vertex -0.031331621388509 0.922415987994857 0.330215166844713
      vertex -0.047538496088607 0.927073257696706 0.328454095662298
   endloop
endfacet
facet normal -0.262198403512915 -0.963000352804846 0.062308247391659
   outer loop
      vertex 0.087055701687136 0.886035284363685 0.339573226146323
      vertex 0.081941849272350 0.886176660138056 0.320238722789366
      vertex 0.097616928168847 0.881613987727179 0.315682753207640
   endloop
endfacet
facet normal -0.697963007467149 -0.006837812701574 -0.716101169196693
   outer loop
      vertex 0.221102494686733 0.836166495404872 0.216983925710108
      vertex 0.210081174951199 0.840707555022314 0.227682724822996
      vertex 0.221061944042171 0.838165980174667 0.217004356828094
   endloop
endfacet
facet normal -0.216966768599080 -0.961380080934338 0.169333284697249
   outer loop
      vertex 0.179741421833199 0.854362940126486 0.264629456481495
      vertex 0.186540725625043 0.849795267749600 0.247408705864475
      vertex 0.192601779515172 0.849828307374473 0.255362315909236
   endloop
endfacet
facet normal -0.272837311854137 -0.962020207994515 -0.008770442998941
   outer loop
      vertex 0.001572901737163 0.908888039705387 0.351293977286700
      vertex 0.001313129327242 0.909144015898885 0.331297420109943
      vertex 0.017611711663261 0.904527322637208 0.330669267147992
   endloop
endfacet
facet normal -0.277305883446814 0.006351903820114 -0.960760688373354
   outer loop
      vertex 0.091527428054917 0.883730335810955 0.296645135391308
      vertex 0.076795545226625 0.888317651047587 0.300927550375081
      vertex 0.091494476395757 0.885729947345939 0.296667866368300
   endloop
endfacet
facet normal -0.144366065012939 -0.958850937396421 0.244465374085337
   outer loop
      vertex 0.267984105836390 0.818129092348388 0.174678504526529
      vertex 0.259601276039237 0.818001537888180 0.169227827226265
      vertex 0.267716008446640 0.813455911696929 0.156190864588225
   endloop
endfacet
facet normal 0.678170152843878 0.024181000942452 -0.734506993149236
   outer loop
      vertex 0.245534768075197 0.685011415551584 -0.253168872567944
      vertex 0.232971288231699 0.679979246423864 -0.264934396943803
      vertex 0.245500421088894 0.687010779073165 -0.253134763280378
   endloop
endfacet
facet normal -0.269215440658320 -0.958318339678158 0.095650438303462
   outer loop
      vertex 0.109561775764543 0.877105527935244 0.300995880380177
      vertex 0.106069559883674 0.877151331818332 0.291625680390012
      vertex 0.120320950653346 0.872578847272869 0.285925744650763
   endloop
endfacet
facet normal -0.040305658423205 0.954388629908448 -0.295834070046957
   outer loop
      vertex 0.310563855804849 0.766146172879330 -0.004883048007562
      vertex 0.320016161401912 0.761609917936996 -0.020805255815773
      vertex 0.310037249442125 0.761375548429199 -0.020201785690039
   endloop
endfacet
facet normal -0.273013736628720 -0.961970181641882 -0.008767510701989
   outer loop
      vertex 0.001313129327242 0.909144015898885 0.331297420109943
      vertex -0.014994113650743 0.913773669559179 0.331127767280146
      vertex 0.001183243122282 0.909272003995634 0.321299141521564
   endloop
endfacet
facet normal -0.276884553846056 -0.960244004058436 0.035586465282360
   outer loop
      vertex 0.050026713132933 0.895330323697492 0.327027951035127
      vertex 0.048430001323529 0.895424907184901 0.317156737147685
      vertex 0.063986475892479 0.890831224286811 0.314242456727515
   endloop
endfacet
facet normal -0.936987811866183 -0.018741097256133 -0.348859014055619
   outer loop
      vertex 0.288077471882526 0.801793401832894 0.114957357283969
      vertex 0.293466015482579 0.799227408264143 0.100622310917269
      vertex 0.293563810003328 0.795228944579931 0.100574450100849
   endloop
endfacet
facet normal -0.278614019912925 -0.955275137783657 -0.099114272637071
   outer loop
      vertex -0.092505072921455 0.937319590567024 0.308789952218558
      vertex -0.104320682919865 0.942237580639222 0.294603912135251
      vertex -0.089722210643008 0.937504309314701 0.299186878432346
   endloop
endfacet
facet normal 0.998880683819389 0.023481404532669 -0.041060968494219
   outer loop
      vertex 0.350595990401623 0.765068173574496 -0.005367835821356
      vertex 0.350641737902245 0.763068897796447 -0.005398266389806
      vertex 0.350043186281817 0.758314764708975 -0.022677824085657
   endloop
endfacet
facet normal 0.998893694624154 0.023144306889889 -0.040935655591368
   outer loop
      vertex 0.350595990401623 0.765068173574496 -0.005367835821356
      vertex 0.349998040798360 0.760313945043840 -0.022646694613830
      vertex 0.349952993307615 0.762313227341012 -0.022615564085615
   endloop
endfacet
facet normal -0.281241562652568 -0.959598198227854 -0.008630260401564
   outer loop
      vertex 0.001313129327242 0.909144015898885 0.331297420109943
      vertex 0.001183243122282 0.909272003995634 0.321299141521564
      vertex 0.016990842273061 0.904644555243090 0.320689379895302
   endloop
endfacet
facet normal 0.216633287125334 -0.959667734459500 0.179186657836578
   outer loop
      vertex 0.231560264186750 0.684526765361780 -0.238869596078384
      vertex 0.245534768075197 0.685011415551584 -0.253168872567944
      vertex 0.257508714571250 0.690024360288062 -0.240797382660780
   endloop
endfacet
facet normal -0.795502937495827 -0.010834988425294 -0.605852852977796
   outer loop
      vertex 0.241474230985774 0.829085263578433 0.194063432363704
      vertex 0.250774671140858 0.826543412358676 0.181897134064373
      vertex 0.250817921125020 0.824543987593358 0.181876102975396
   endloop
endfacet
facet normal 0.169917209871481 0.963888273920675 -0.205054961382825
   outer loop
      vertex 0.246495310332031 0.835799442045910 0.219042588512890
      vertex 0.257051185450424 0.831286039661172 0.206573781276897
      vertex 0.239000750702839 0.835712305992487 0.212422684891033
   endloop
endfacet
facet normal -0.005432547465462 -0.011531720585713 0.999918750123413
   outer loop
      vertex 0.013748699300987 0.611144090842669 -0.312504645001626
      vertex -0.001298863274705 0.608597844515200 -0.312615763229091
      vertex -0.001274611926671 0.606598162142411 -0.312638693123926
   endloop
endfacet
facet normal -0.197936310045357 -0.967906164436537 0.154851135001908
   outer loop
      vertex 0.196732852811488 0.854421643887453 0.289353360115598
      vertex 0.198662833405302 0.849861346999345 0.263315925953995
      vertex 0.210784943194261 0.849927325218085 0.279223244981381
   endloop
endfacet
facet normal -0.192735939345339 -0.958977988848111 0.207879952351113
   outer loop
      vertex 0.228263757865632 0.836240108009969 0.223963077077353
      vertex 0.221102494686733 0.836166495404872 0.216983925710108
      vertex 0.231589293870526 0.831626144403085 0.205761517995657
   endloop
endfacet
facet normal -0.250443849491683 -0.965072952291260 -0.076890018907649
   outer loop
      vertex -0.084140223040765 0.932080110382434 0.341964486550161
      vertex -0.100853955658962 0.936765225242705 0.337599471447842
      vertex -0.079525653717682 0.932432789895297 0.322507449278428
   endloop
endfacet
facet normal -0.113622857283153 -0.961261831364300 0.251128528576433
   outer loop
      vertex 0.292937290969537 0.809214366232692 0.151983986094035
      vertex 0.284061786805463 0.809060571715700 0.147379583127304
      vertex 0.291084903702895 0.804519871898269 0.133176438492648
   endloop
endfacet
facet normal 0.968094767201316 0.020393663725361 0.249753118493618
   outer loop
      vertex 0.336507105257179 0.795323667763227 0.097139969412445
      vertex 0.336555653368800 0.793324389540448 0.097115038532356
      vertex 0.340971849454521 0.788642899742992 0.080379217101702
   endloop
endfacet
facet normal 0.968102351737631 0.020381712836281 0.249724693096071
   outer loop
      vertex 0.336555653368800 0.793324389540448 0.097115038532356
      vertex 0.336604201459254 0.791325112374011 0.097090007657848
      vertex 0.341020097371411 0.786643628233380 0.080353086289092
   endloop
endfacet
facet normal -0.502759255865534 0.000239484263755 -0.864426441803362
   outer loop
      vertex 0.161156021817583 0.860894718188664 0.264770096113192
      vertex 0.147916002207211 0.863451348478672 0.272471335175003
      vertex 0.147880450744200 0.865450924180003 0.272492566240037
   endloop
endfacet
facet normal -0.246544325160361 -0.017260115534915 0.968977803741109
   outer loop
      vertex 0.087786811641287 0.633770546336580 -0.300843252647942
      vertex 0.073211841069077 0.631259281842177 -0.304596404665696
      vertex 0.073240090462730 0.629259737074007 -0.304624834260177
   endloop
endfacet
facet normal 0.954740446538384 0.019798561585374 0.296780553107575
   outer loop
      vertex 0.331279330962873 0.799995975403425 0.113643852684666
      vertex 0.331377127471155 0.795997411744549 0.113595990811693
      vertex 0.336555653368800 0.793324389540448 0.097115038532356
   endloop
endfacet
facet normal 0.158932367955756 0.963750013155259 -0.214304490291766
   outer loop
      vertex 0.272670588112080 0.831487472939412 0.219063300147832
      vertex 0.257051185450424 0.831286039661172 0.206573781276897
      vertex 0.246495310332031 0.835799442045910 0.219042588512890
   endloop
endfacet
facet normal 0.982095056452387 0.024510301840034 -0.186784756325276
   outer loop
      vertex 0.346234685763968 0.752760011377140 -0.056973209404938
      vertex 0.346278431270006 0.750760815891343 -0.057005538807460
      vertex 0.343165398948814 0.745960619102364 -0.074003435144779
   endloop
endfacet
facet normal 0.212583528472181 -0.964752103821955 -0.155118089188297
   outer loop
      vertex -0.194528454163136 0.547082624413924 -0.265402539033348
      vertex -0.206609488558660 0.546983072362921 -0.281339983090877
      vertex -0.192895939134605 0.551613836086694 -0.291346967630796
   endloop
endfacet
facet normal -0.548071497979956 -0.003453897653488 -0.836424356228946
   outer loop
      vertex -0.178731856053684 0.558244780924027 -0.300655439793886
      vertex -0.192895939134605 0.551613836086694 -0.291346967630796
      vertex -0.192922293014146 0.553613623761714 -0.291337956955506
   endloop
endfacet
facet normal -0.502833475879934 -0.000049891967348 -0.864383302155528
   outer loop
      vertex 0.161156021817583 0.860894718188664 0.264770096113192
      vertex 0.147880450744200 0.865450924180003 0.272492566240037
      vertex 0.161119670470283 0.862894280101515 0.264791127190716
   endloop
endfacet
facet normal -0.241676013683438 -0.961267140062064 0.132507319975099
   outer loop
      vertex 0.157574219169346 0.863437268903741 0.289984519672343
      vertex 0.152745110688279 0.863444308691206 0.281227927423673
      vertex 0.166445101830010 0.858901352961980 0.273258293634173
   endloop
endfacet
facet normal 0.968072945937821 0.020109035790234 0.249860757268636
   outer loop
      vertex 0.336507105257179 0.795323667763227 0.097139969412445
      vertex 0.340971849454521 0.788642899742992 0.080379217101702
      vertex 0.340923601516465 0.790642172308946 0.080405247919895
   endloop
endfacet
facet normal -0.206175652706500 -0.967862994372876 0.143988973031337
   outer loop
      vertex 0.182203587723793 0.858919951096104 0.298785779440355
      vertex 0.185405264816476 0.854382542386359 0.272870724713519
      vertex 0.196732852811488 0.854421643887453 0.289353360115598
   endloop
endfacet
facet normal -0.228672557934716 0.950073156232188 -0.212296629871044
   outer loop
      vertex 0.238173010197443 0.698026229095771 -0.202062480821519
      vertex 0.235448633868500 0.693287344685490 -0.220335482927748
      vertex 0.228118672156396 0.693042075369975 -0.213537742886238
   endloop
endfacet
facet normal 0.971790698390768 0.024489496272669 -0.234570038780518
   outer loop
      vertex 0.343165398948814 0.745960619102364 -0.074003435144779
      vertex 0.339268574852984 0.739144829809651 -0.090859009184102
      vertex 0.339226229273566 0.741144042981603 -0.090825719837487
   endloop
endfacet
facet normal -0.249008705008996 -0.961082329596048 0.119647066691899
   outer loop
      vertex 0.124268704069778 0.872545729539464 0.295113372038112
      vertex 0.134280963463660 0.868012362322593 0.279535895453421
      vertex 0.138674745652047 0.867992275288097 0.288518854656938
   endloop
endfacet
facet normal -0.274190862163954 -0.960366345904809 0.050158277076000
   outer loop
      vertex 0.048430001323529 0.895424907184901 0.317156737147685
      vertex 0.061907102426954 0.890914057849477 0.304461525922537
      vertex 0.063986475892479 0.890831224286811 0.314242456727515
   endloop
endfacet
facet normal -0.234323754822778 -0.963635276076056 0.128450117273506
   outer loop
      vertex 0.167232336130071 0.863423188397507 0.307497604175432
      vertex 0.157574219169346 0.863437268903741 0.289984519672343
      vertex 0.171697930475382 0.858907551635793 0.281767522232513
   endloop
endfacet
facet normal -0.207036046833690 0.959979254309322 -0.188615764471573
   outer loop
      vertex 0.242778595578487 0.693532614106640 -0.227133232968700
      vertex 0.257438520990227 0.694023052763007 -0.240728714108275
      vertex 0.245465974122347 0.689010140607102 -0.253100653992645
   endloop
endfacet
facet normal -0.285632938960035 -0.957623151878509 0.037036781276511
   outer loop
      vertex 0.048430001323529 0.895424907184901 0.317156737147685
      vertex 0.046833291522824 0.895519389641305 0.307285622198108
      vertex 0.061907102426954 0.890914057849477 0.304461525922537
   endloop
endfacet
facet normal -0.272972472025683 -0.961742235260001 -0.023192723714248
   outer loop
      vertex -0.014994113650743 0.913773669559179 0.331127767280146
      vertex -0.031270920935412 0.918416856612758 0.330160706458264
      vertex -0.014632709619908 0.913912063500340 0.321135294948258
   endloop
endfacet
facet normal -0.227087445655558 -0.963629930369234 0.140885234578428
   outer loop
      vertex 0.157574219169346 0.863437268903741 0.289984519672343
      vertex 0.166445101830010 0.858901352961980 0.273258293634173
      vertex 0.171697930475382 0.858907551635793 0.281767522232513
   endloop
endfacet
facet normal 0.994175146359345 0.022120831097796 0.105481975677919
   outer loop
      vertex 0.347332066437903 0.779249024657893 0.046373041315093
      vertex 0.347379512144308 0.777249856235935 0.046345111660834
      vertex 0.349308364776211 0.772535730242775 0.029154146558927
   endloop
endfacet
facet normal -0.096854929202285 -0.963387423575671 0.250007589455703
   outer loop
      vertex 0.292937290969537 0.809214366232692 0.151983986094035
      vertex 0.291084903702895 0.804519871898269 0.133176438492648
      vertex 0.300174990789339 0.804686683799327 0.137340808986555
   endloop
endfacet
facet normal -0.370289243849295 0.003845243751162 -0.928908547699940
   outer loop
      vertex 0.120320950653346 0.872578847272869 0.285925744650763
      vertex 0.106069559883674 0.877151331818332 0.291625680390012
      vertex 0.120286699081676 0.874578441419198 0.285947675674566
   endloop
endfacet
facet normal 0.944165005292678 0.024875226392344 -0.328532594870901
   outer loop
      vertex 0.334470328989293 0.736310845070404 -0.107431755169582
      vertex 0.328949956051435 0.729461291372150 -0.123815295880774
      vertex 0.328909108336316 0.731460626939054 -0.123781305519166
   endloop
endfacet
facet normal -0.281212193634997 -0.959358867815417 -0.023457725697813
   outer loop
      vertex -0.014994113650743 0.913773669559179 0.331127767280146
      vertex -0.014632709619908 0.913912063500340 0.321135294948258
      vertex 0.001183243122282 0.909272003995634 0.321299141521564
   endloop
endfacet
facet normal -0.287891873950007 -0.957411491350011 0.021943225480771
   outer loop
      vertex 0.032752293608851 0.900029051098618 0.319307411110622
      vertex 0.031642149752588 0.900135108532234 0.309369911738085
      vertex 0.046833291522824 0.895519389641305 0.307285622198108
   endloop
endfacet
facet normal 0.025330682277922 -0.957297949343801 0.287991306669989
   outer loop
      vertex 0.320425742936498 0.767131616074111 0.010763547570150
      vertex 0.310655248859481 0.762147718253911 -0.004943808093321
      vertex 0.320651845136636 0.762378062365880 -0.005057397140519
   endloop
endfacet
facet normal -0.370267580708163 0.004161179685891 -0.928915821406949
   outer loop
      vertex 0.120252549477784 0.876577937578509 0.285969605641651
      vertex 0.106035908256972 0.879150934721507 0.291647911396074
      vertex 0.106002358619211 0.881150438581323 0.291670241339835
   endloop
endfacet
facet normal -0.255469163587344 -0.966645249500610 0.018233707080183
   outer loop
      vertex 0.018853346509516 0.904293054330783 0.350629143761064
      vertex 0.033862537466523 0.899922994596305 0.329245010477411
      vertex 0.036082921184227 0.899711081666047 0.349120011335425
   endloop
endfacet
facet normal -0.877178519999740 -0.015640254158097 -0.479909602426266
   outer loop
      vertex -0.295488223026268 0.514030743693691 -0.179746879215241
      vertex -0.303539497427603 0.507428892417220 -0.164815609744646
      vertex -0.303577749857918 0.509428488562597 -0.164810858811823
   endloop
endfacet
facet normal -0.283790189940643 0.957546467639339 -0.050674356482129
   outer loop
      vertex 0.087728111703237 0.637769672048889 -0.300784492504827
      vertex 0.077810877813816 0.633600724619269 -0.324022028757654
      vertex 0.073183491695181 0.633258824622702 -0.304567975071049
   endloop
endfacet
facet normal 0.151916493140427 0.015577695707911 -0.988270567460322
   outer loop
      vertex 0.065870773110284 0.625380330722393 -0.347002619622531
      vertex 0.049097812834765 0.620809207239742 -0.349653004002618
      vertex 0.065843523286244 0.627379906986778 -0.346975289968311
   endloop
endfacet
facet normal 0.082926278274252 -0.956311212622940 0.280342820459566
   outer loop
      vertex 0.313861429813714 0.743228248326505 -0.067855852561168
      vertex 0.310260276611574 0.738404260459639 -0.083246307173199
      vertex 0.323643802034560 0.743472604198136 -0.069915956900955
   endloop
endfacet
facet normal 0.269487706750360 0.958231635063973 -0.095752334034515
   outer loop
      vertex 0.109494574500079 0.881104634698235 0.301040441330001
      vertex 0.106002358619211 0.881150438581323 0.291670241339835
      vertex 0.091494476395757 0.885729947345939 0.296667866368300
   endloop
endfacet
facet normal -0.276798563156293 -0.958536329704500 -0.067754409976301
   outer loop
      vertex -0.061749726178967 0.927913544700777 0.316014885666098
      vertex -0.077218320070368 0.932609181161055 0.312778881173545
      vertex -0.059923511064949 0.928081046874125 0.306184519815875
   endloop
endfacet
facet normal 0.507148725289951 0.002217443900592 0.861855703339791
   outer loop
      vertex -0.144855255124214 0.560923101886834 -0.274195251130281
      vertex -0.157812714745248 0.558342785570091 -0.266563949497078
      vertex -0.157787062913915 0.556343093885831 -0.266573899062186
   endloop
endfacet
facet normal -0.287730491524152 -0.956176706304486 -0.054196591848335
   outer loop
      vertex -0.046137293362400 0.923232409230596 0.318490070426459
      vertex -0.044796588908439 0.923390584527452 0.308581604458783
      vertex -0.029566821900750 0.918713919075056 0.310235771608094
   endloop
endfacet
facet normal -0.968258155928465 -0.020122877403047 -0.249140950634436
   outer loop
      vertex 0.298150524908560 0.792530624897419 0.085960760083984
      vertex 0.302018959460819 0.789824160754951 0.071145124796545
      vertex 0.302067207398876 0.787824888188996 0.071119093978352
   endloop
endfacet
facet normal 0.507239734490398 0.001606034990636 0.861803499880176
   outer loop
      vertex -0.144855255124214 0.560923101886834 -0.274195251130281
      vertex -0.144880206880054 0.562922796815560 -0.274184291622710
      vertex -0.157812714745248 0.558342785570091 -0.266563949497078
   endloop
endfacet
facet normal -0.181355118502455 0.960996843646010 0.208795084940632
   outer loop
      vertex -0.260962095162101 0.523495965045893 -0.196585124947265
      vertex -0.235764246455501 0.528309642473075 -0.196854144573256
      vertex -0.251359422723821 0.528086492267985 -0.209372726599268
   endloop
endfacet
facet normal 0.014281599619139 0.013234301428442 -0.999810426619977
   outer loop
      vertex 0.001022607509564 0.911399512521621 0.311326892665776
      vertex -0.014301756895465 0.916050076413949 0.311169553365946
      vertex 0.000991956094518 0.913399134913171 0.311352923454756
   endloop
endfacet
facet normal -0.272209584819534 -0.961502397763225 -0.037617562759258
   outer loop
      vertex -0.031270920935412 0.918416856612758 0.330160706458264
      vertex -0.047477895869751 0.923074137003063 0.328398435342996
      vertex -0.030418821427959 0.918565388837728 0.320198239033096
   endloop
endfacet
facet normal -0.374967166504445 0.001614190404168 -0.927036686670472
   outer loop
      vertex -0.117929876317047 0.576758261386379 -0.330614215999781
      vertex -0.133639283376688 0.570133040278472 -0.324271621829750
      vertex -0.133663134890528 0.572132734148679 -0.324258492445128
   endloop
endfacet
facet normal 0.197674364949107 0.967991551111370 -0.154651874928728
   outer loop
      vertex 0.210709042950042 0.853926293915207 0.279264506129841
      vertex 0.224248462876800 0.849435399265898 0.268461198103791
      vertex 0.198586933161082 0.853860315696466 0.263357187102455
   endloop
endfacet
facet normal -0.180949669051633 -0.963797828145248 0.195834020876372
   outer loop
      vertex 0.223702602255392 0.840827697171334 0.242326428122729
      vertex 0.228263757865632 0.836240108009969 0.223963077077353
      vertex 0.235425021065696 0.836313719558726 0.230942328439017
   endloop
endfacet
facet normal -0.031003285117281 -0.960657589483654 0.275999623331974
   outer loop
      vertex 0.344614627592159 0.781952238296783 0.063424823455448
      vertex 0.324959097909870 0.781531666066298 0.059753036212486
      vertex 0.327567972308147 0.776818262838527 0.043640394997389
   endloop
endfacet
facet normal 0.304999200530655 0.018754226318374 -0.952167929868918
   outer loop
      vertex -0.089722210643008 0.937504309314701 0.299186878432346
      vertex -0.104320682919865 0.942237580639222 0.294603912135251
      vertex -0.089752661335572 0.939503897653233 0.299216509020052
   endloop
endfacet
facet normal 0.415736050990374 -0.002526328701913 0.909481804969302
   outer loop
      vertex 0.151855896189454 0.867931812372674 0.315467530165875
      vertex 0.151820946658941 0.869931296856189 0.315489060156615
      vertex 0.136077610758460 0.874446069528938 0.322698086286267
   endloop
endfacet
facet normal 0.090161461326421 0.967666824385667 -0.235567034779578
   outer loop
      vertex 0.318260969201114 0.809018869249436 0.145714910924355
      vertex 0.325160908132795 0.804510914351472 0.129837944832971
      vertex 0.300080895008469 0.808685247434966 0.137386169936375
   endloop
endfacet
facet normal -0.181334018559682 -0.958971248788627 0.217926863212817
   outer loop
      vertex 0.239083751531941 0.831713378443527 0.212381422674234
      vertex 0.231589293870526 0.831626144403085 0.205761517995657
      vertex 0.241516681170314 0.827085820799268 0.194042601264891
   endloop
endfacet
facet normal 0.283627824234190 -0.004690705949740 0.958922965935154
   outer loop
      vertex -0.075468426401323 0.583796016766695 -0.302289779860450
      vertex -0.075491577312625 0.585795687578454 -0.302273150672348
      vertex -0.089889781611033 0.581225801820277 -0.298036840236546
   endloop
endfacet
facet normal -0.713106508727276 -0.024238889973739 0.700636555871614
   outer loop
      vertex 0.228153718957844 0.691042728085862 -0.213572072162686
      vertex 0.217516862392260 0.688041038083542 -0.224502088900810
      vertex 0.217551311346340 0.686041576574942 -0.224536199245096
   endloop
endfacet
facet normal -0.158909341442778 -0.963758161406073 0.214284921367343
   outer loop
      vertex 0.246578311161134 0.831800514496951 0.219001326296091
      vertex 0.249326333504786 0.827186486457232 0.200287360172164
      vertex 0.257136083831971 0.827287254077507 0.206532120135825
   endloop
endfacet
facet normal 0.089798699392403 0.958453977615749 -0.270743728237574
   outer loop
      vertex 0.297312395512599 0.803972210495623 0.118695026867805
      vertex 0.293466015482579 0.799227408264143 0.100622310917269
      vertex 0.288029523313707 0.803792708883014 0.114980688252369
   endloop
endfacet
facet normal 0.257667437578637 0.017936593633400 -0.966067166516123
   outer loop
      vertex -0.074941335274840 0.934785069116376 0.303079342633140
      vertex -0.089752661335572 0.939503897653233 0.299216509020052
      vertex -0.074971686114158 0.936784665780606 0.303108373254171
   endloop
endfacet
facet normal 0.289630777335210 -0.957137939961954 -0.000988284164425
   outer loop
      vertex 0.013748699300987 0.611144090842669 -0.312504645001626
      vertex -0.001274611926671 0.606598162142411 -0.312638693123926
      vertex 0.014505851591650 0.611393839609452 -0.332488182481815
   endloop
endfacet
facet normal -0.195731333131292 0.956056271703624 -0.218278836735982
   outer loop
      vertex 0.273041111967767 0.708446012480550 -0.188984915692408
      vertex 0.279501179950423 0.703991809904885 -0.214286983949934
      vertex 0.263578475732474 0.703492659448230 -0.202195311488722
   endloop
endfacet
facet normal 0.544795590556017 0.001126209187918 0.838568122553908
   outer loop
      vertex 0.196695701558734 0.856421193068167 0.289374091211195
      vertex 0.182130885008027 0.862919075978148 0.298827741600985
      vertex 0.182167236376493 0.860919513008955 0.298806810517879
   endloop
endfacet
facet normal -0.193726096816116 0.951074620611302 -0.240680837295909
   outer loop
      vertex 0.264816527665889 0.712878369656385 -0.164849893851734
      vertex 0.264792580308864 0.708195036341528 -0.183337282700842
      vertex 0.256543948669081 0.707944058246552 -0.177689652708942
   endloop
endfacet
facet normal -0.938199560436983 -0.018396507653595 -0.345605487951223
   outer loop
      vertex -0.317457902099989 0.498240957639278 -0.133830530217681
      vertex -0.317416760346445 0.496241424218561 -0.133835781127392
      vertex -0.323209959816204 0.491657683909437 -0.117865253453046
   endloop
endfacet
facet normal 0.069892773916220 0.963127512853338 -0.259808379655544
   outer loop
      vertex 0.306595165743713 0.804151810095249 0.122409366539962
      vertex 0.331279330962873 0.799995975403425 0.113643852684666
      vertex 0.293466015482579 0.799227408264143 0.100622310917269
   endloop
endfacet
facet normal 0.161382148385081 0.016175235015489 -0.986759425571811
   outer loop
      vertex -0.044796588908439 0.923390584527452 0.308581604458783
      vertex -0.059923511064949 0.928081046874125 0.306184519815875
      vertex -0.044826840021510 0.925390195855429 0.308609435146628
   endloop
endfacet
facet normal 0.235626210164705 -0.956387037947596 -0.172638705767976
   outer loop
      vertex -0.194113890095606 0.542602950318121 -0.240020140688405
      vertex -0.194528454163136 0.547082624413924 -0.265402539033348
      vertex -0.182447319787367 0.547182178452574 -0.249465094975984
   endloop
endfacet
facet normal 0.764919357988473 0.009529946658014 0.644055553420042
   outer loop
      vertex 0.261484327622639 0.835973812139776 0.232282396813323
      vertex 0.272713038296621 0.829488030160247 0.219042469049019
      vertex 0.272670588112080 0.831487472939412 0.219063300147832
   endloop
endfacet
facet normal -0.851008840671623 -0.013553909673913 -0.524976422928965
   outer loop
      vertex 0.259601276039237 0.818001537888180 0.169227827226265
      vertex 0.267670759005756 0.815455289314946 0.156212595641451
      vertex 0.267716008446640 0.813455911696929 0.156190864588225
   endloop
endfacet
facet normal -0.850984417938443 -0.013232205522122 -0.525024217691898
   outer loop
      vertex 0.259557026316131 0.820000939608018 0.169249158300158
      vertex 0.267670759005756 0.815455289314946 0.156212595641451
      vertex 0.259601276039237 0.818001537888180 0.169227827226265
   endloop
endfacet
facet normal 0.257298098985863 0.966289929097264 0.009025584937540
   outer loop
      vertex 0.001511600873438 0.912887185570160 0.351345937813686
      vertex 0.018791545511738 0.908292201877091 0.350680004350279
      vertex 0.001251728483272 0.913143159776012 0.331349380637096
   endloop
endfacet
facet normal -0.176694658997828 0.954181138474047 -0.241489859956921
   outer loop
      vertex 0.264816527665889 0.712878369656385 -0.164849893851734
      vertex 0.273332395667656 0.713130208855149 -0.170085758328525
      vertex 0.264792580308864 0.708195036341528 -0.183337282700842
   endloop
endfacet
facet normal -0.164598689132564 0.961175257290501 -0.221470982994119
   outer loop
      vertex 0.281848263671539 0.713382047948279 -0.175321612805874
      vertex 0.298879997689448 0.713885826225399 -0.185793331703404
      vertex 0.289538273278284 0.708948066720902 -0.200280180619153
   endloop
endfacet
facet normal -0.257776650507791 0.964984399874291 0.048541801081532
   outer loop
      vertex -0.049318142883992 0.597080046724550 -0.328329043618892
      vertex -0.052465731484803 0.597232689347078 -0.348078467307947
      vertex -0.069145004902295 0.592618363441921 -0.344921903757899
   endloop
endfacet
facet normal 0.153124368399721 -0.961435758453438 0.228460522124170
   outer loop
      vertex 0.315467778079466 0.719709136912321 -0.155586421630892
      vertex 0.290055712377100 0.714302533523749 -0.161306864300770
      vertex 0.307580930563302 0.714807052945409 -0.170929861449557
   endloop
endfacet
facet normal 0.010787953332186 -0.957533991409730 0.288118509224682
   outer loop
      vertex 0.319428433796644 0.771872820432418 0.026557823578320
      vertex 0.310435457558290 0.766905776505552 0.010387055510139
      vertex 0.320425742936498 0.767131616074111 0.010763547570150
   endloop
endfacet
facet normal -0.002949498745899 -0.960249627049310 0.279127129116483
   outer loop
      vertex 0.349308364776211 0.772535730242775 0.029154146558927
      vertex 0.329388410796889 0.772093790017090 0.027423297903328
      vertex 0.330416030281071 0.767357356724348 0.011139938579188
   endloop
endfacet
facet normal 0.188901123705114 0.968023315092190 -0.165067340503417
   outer loop
      vertex 0.224248462876800 0.849435399265898 0.268461198103791
      vertex 0.237244627955781 0.844946841593574 0.257011093650029
      vertex 0.211361241521468 0.849342325276023 0.253167389043882
   endloop
endfacet
facet normal 0.258230519652133 -0.965535239664198 0.032537665662891
   outer loop
      vertex 0.062199529736172 0.625060893717493 -0.327345419692787
      vertex 0.065870773110284 0.625380330722393 -0.347002619622531
      vertex 0.082494866675065 0.629943337117814 -0.343532943746497
   endloop
endfacet
facet normal -0.135665572692530 0.956948526941289 0.256601576711651
   outer loop
      vertex -0.274571766500991 0.505511797606370 -0.132810405840407
      vertex -0.268093750188415 0.510063463043249 -0.146360072161833
      vertex -0.292746359017665 0.505171604593662 -0.141150648044944
   endloop
endfacet
facet normal -0.994240855894301 -0.021784390505138 -0.104931219381491
   outer loop
      vertex 0.307709184759704 0.778385940756690 0.040963709038843
      vertex 0.309374763539986 0.775650292503920 0.025750009515920
      vertex 0.309421609174427 0.773651121663165 0.025721179912892
   endloop
endfacet
facet normal -0.390818272866936 -0.020195770428568 0.920246275977307
   outer loop
      vertex 0.130302663339589 0.650557945821940 -0.284935851532455
      vertex 0.116310303466669 0.647422860358176 -0.290947052587621
      vertex 0.116341151849262 0.645423392092821 -0.290977832055249
   endloop
endfacet
facet normal -0.172506912480634 0.956675366082681 -0.234549800846148
   outer loop
      vertex 0.289978620262931 0.718301083675086 -0.161237705764162
      vertex 0.298879997689448 0.713885826225399 -0.185793331703404
      vertex 0.281848263671539 0.713382047948279 -0.175321612805874
   endloop
endfacet
facet normal -0.938107876598391 -0.019000732138721 -0.345821607251846
   outer loop
      vertex -0.317457902099989 0.498240957639278 -0.133830530217681
      vertex -0.323209959816204 0.491657683909437 -0.117865253453046
      vertex -0.323295152562139 0.495656683614579 -0.117853871677912
   endloop
endfacet
facet normal -0.835936323951143 -0.025035773214548 0.548255116126242
   outer loop
      vertex 0.264854373846446 0.710879081406639 -0.164884543114969
      vertex 0.256543948669081 0.707944058246552 -0.177689652708942
      vertex 0.256581094985811 0.705944756188922 -0.177724311970456
   endloop
endfacet
facet normal -0.113313928855000 0.965152313705242 0.235883371344531
   outer loop
      vertex -0.323295152562139 0.495656683614579 -0.117853871677912
      vertex -0.298935899258290 0.500602980761510 -0.126390664366277
      vertex -0.317499045841066 0.500240591034658 -0.133825278251415
   endloop
endfacet
facet normal 0.764832564042482 0.009247139427827 0.644162742940482
   outer loop
      vertex 0.261525778047068 0.833974347371473 0.232261765705006
      vertex 0.261567328451741 0.831974884590818 0.232241134596524
      vertex 0.272755388500915 0.827488585393437 0.219021637950372
   endloop
endfacet
facet normal -0.067431951292175 0.959036992564431 -0.275138108661633
   outer loop
      vertex 0.316619641588421 0.752035606318738 -0.052239628920592
      vertex 0.326491290323089 0.752277040331988 -0.053817456102698
      vertex 0.323557708970038 0.747471112408012 -0.069850297097497
   endloop
endfacet
facet normal 0.126458339093196 0.967916522090236 -0.217131054293326
   outer loop
      vertex 0.293044299696025 0.822510364250995 0.191073096467251
      vertex 0.302183880312953 0.818017639233122 0.176368582644603
      vertex 0.276278538155109 0.822255352261254 0.180171842917859
   endloop
endfacet
facet normal -0.065145921787136 0.963372184328943 -0.260134663848910
   outer loop
      vertex 0.326491290323089 0.752277040331988 -0.053817456102698
      vertex 0.346234685763968 0.752760011377140 -0.056973209404938
      vertex 0.343122353410319 0.747959823219970 -0.073970605771326
   endloop
endfacet
facet normal -0.329216041851485 0.002841724970968 -0.944250349423727
   outer loop
      vertex -0.101903406150299 0.581381153870197 -0.336187985802832
      vertex -0.117906324976771 0.574758573172995 -0.330628445322507
      vertex -0.117929876317047 0.576758261386379 -0.330614215999781
   endloop
endfacet
facet normal 0.006420781162392 0.011493636530362 -0.999913331188545
   outer loop
      vertex 0.015238352846132 0.613643251178680 -0.352447690127907
      vertex -0.001717845254130 0.607049921827197 -0.352632359501421
      vertex -0.001742096623331 0.609049605256327 -0.352609529601005
   endloop
endfacet
facet normal -0.091079238346626 0.009060156994456 -0.995802433165050
   outer loop
      vertex -0.018710313650575 0.604449487303285 -0.351937193468984
      vertex -0.035601054733375 0.597844017205285 -0.350452411761711
      vertex -0.035624404822005 0.599843644957106 -0.350432082779801
   endloop
endfacet
facet normal -0.044941507661334 -0.960757470232944 0.273724942744939
   outer loop
      vertex 0.317401688213023 0.790928181058988 0.091512867905303
      vertex 0.311841615850843 0.786030118511542 0.073408093940998
      vertex 0.321567774377222 0.786234721374704 0.075723125778389
   endloop
endfacet
facet normal -0.861781449580753 -0.025050961514845 0.506660816015682
   outer loop
      vertex 0.272530494188783 0.713798014207723 -0.151683877151425
      vertex 0.264854373846446 0.710879081406639 -0.164884543114969
      vertex 0.264892122034291 0.708879691194583 -0.164919193434591
   endloop
endfacet
facet normal -0.999707866276051 -0.023068711033554 -0.007212258802629
   outer loop
      vertex 0.310389111994404 0.768904948833799 0.010416685067683
      vertex 0.310609501337693 0.764146995088301 -0.004913477519291
      vertex 0.310435457558290 0.766905776505552 0.010387055510139
   endloop
endfacet
facet normal 0.502989476433899 0.000053682692643 0.864292533645247
   outer loop
      vertex 0.182203587723793 0.858919951096104 0.298785779440355
      vertex 0.182167236376493 0.860919513008955 0.298806810517879
      vertex 0.167196784667059 0.865422764098838 0.307518835240464
   endloop
endfacet
facet normal 0.330128951829811 -0.003491880801007 0.943929383975423
   outer loop
      vertex -0.089866530486655 0.579226121376402 -0.298052369486211
      vertex -0.089889781611033 0.581225801820277 -0.298036840236546
      vertex -0.104060889904432 0.576653401832641 -0.293097565190568
   endloop
endfacet
facet normal -0.249612752628911 0.964822395965509 0.082530103407132
   outer loop
      vertex -0.095919896982698 0.583303257269954 -0.317096882713386
      vertex -0.101926659262209 0.583380934288737 -0.336172455496612
      vertex -0.117953327677077 0.578757951587408 -0.330599986677222
   endloop
endfacet
facet normal 0.236309467845725 -0.005393066075521 0.971662878906453
   outer loop
      vertex -0.060899582247831 0.590362992466052 -0.305796589599413
      vertex -0.075514728202760 0.587795357333873 -0.302256421489829
      vertex -0.075491577312625 0.585795687578454 -0.302273150672348
   endloop
endfacet
facet normal -0.998857811574968 -0.023439832761759 0.041637080778645
   outer loop
      vertex 0.310563855804849 0.766146172879330 -0.004883048007562
      vertex 0.310037249442125 0.761375548429199 -0.020201785690039
      vertex 0.310609501337693 0.764146995088301 -0.004913477519291
   endloop
endfacet
facet normal 0.852885365268702 0.014488431340380 0.521897153726448
   outer loop
      vertex -0.253138812374780 0.517180093485553 -0.172415826001520
      vertex -0.260955221309208 0.514619580166663 -0.159571152366723
      vertex -0.260918390571080 0.512620055031944 -0.159575832244542
   endloop
endfacet
facet normal -0.258446131116555 0.961019060075861 0.098224047370247
   outer loop
      vertex -0.111018885454658 0.578705570804048 -0.311841660744257
      vertex -0.095919896982698 0.583303257269954 -0.317096882713386
      vertex -0.117953327677077 0.578757951587408 -0.330599986677222
   endloop
endfacet
facet normal 0.278606066692929 0.955276441633119 0.099124061976197
   outer loop
      vertex -0.095349032528119 0.941133842459110 0.318452485056246
      vertex -0.092566072278127 0.941318664225437 0.308849312332001
      vertex -0.104381882004195 0.946236638702584 0.294664372187627
   endloop
endfacet
facet normal -0.982002960770015 -0.024219632914426 0.187306151581880
   outer loop
      vertex 0.306791640388247 0.749794873801040 -0.050694032202980
      vertex 0.303993066517290 0.746982301621391 -0.065729989480222
      vertex 0.304036112055784 0.744983097503785 -0.065762818853675
   endloop
endfacet
facet normal 0.247007241879529 0.964811930634254 0.090140784137207
   outer loop
      vertex -0.100914957024334 0.940764399932125 0.337658732623422
      vertex -0.095349032528119 0.941133842459110 0.318452485056246
      vertex -0.117389466319408 0.945465744569869 0.332482493047853
   endloop
endfacet
facet normal 0.507085337440931 0.002191028660724 0.861893067581951
   outer loop
      vertex -0.144880206880054 0.562922796815560 -0.274184291622710
      vertex -0.157838268583869 0.560342579216661 -0.266553998875583
      vertex -0.157812714745248 0.558342785570091 -0.266563949497078
   endloop
endfacet
facet normal 0.502924462129300 -0.000235581519861 0.864330336094540
   outer loop
      vertex 0.182167236376493 0.860919513008955 0.298806810517879
      vertex 0.167161235191580 0.867422239825506 0.307540065248944
      vertex 0.167196784667059 0.865422764098838 0.307518835240464
   endloop
endfacet
facet normal -0.230472565594032 0.960947098743585 0.153176597183748
   outer loop
      vertex -0.181664765824520 0.555687646939498 -0.274817328874067
      vertex -0.168297887238560 0.560293475819509 -0.283599735081016
      vertex -0.192948644904038 0.555613311356436 -0.291328937337327
   endloop
endfacet
facet normal -0.282855260984211 0.004715684144746 -0.959151011914496
   outer loop
      vertex -0.085621630051524 0.586001320755390 -0.340966794064557
      vertex -0.101903406150299 0.581381153870197 -0.336187985802832
      vertex -0.085644680982582 0.588000993554794 -0.340950164876622
   endloop
endfacet
facet normal 0.121929400433744 -0.957878377877249 0.260004297089716
   outer loop
      vertex 0.315445411654246 0.733813859313594 -0.101447520947278
      vertex 0.300827951091863 0.728709979150303 -0.113395778280832
      vertex 0.310201918753678 0.728960449325559 -0.116868960461348
   endloop
endfacet
facet normal 0.171704388657415 -0.961033717243057 -0.216637478839130
   outer loop
      vertex -0.269852679289217 0.514909408973502 -0.183346112548156
      vertex -0.277085631996529 0.519249333988914 -0.208331373740813
      vertex -0.260893898727301 0.519496610951532 -0.196594945781312
   endloop
endfacet
facet normal 0.035276807735086 -0.012162915371561 0.999303562650352
   outer loop
      vertex 0.018822496994516 0.906292579110427 0.350654573527311
      vertex 0.018791545511738 0.908292201877091 0.350680004350279
      vertex 0.001511600873438 0.912887185570160 0.351345937813686
   endloop
endfacet
facet normal 0.164191756956341 0.961391226821220 -0.220834725391589
   outer loop
      vertex 0.239000750702839 0.835712305992487 0.212422684891033
      vertex 0.257051185450424 0.831286039661172 0.206573781276897
      vertex 0.249241533115951 0.831185374003208 0.200329022369625
   endloop
endfacet
facet normal -0.979279450805822 -0.021010175074350 -0.201420777907325
   outer loop
      vertex 0.302067207398876 0.787824888188996 0.071119093978352
      vertex 0.305255822389944 0.783110265801913 0.056108278674514
      vertex 0.302115455336932 0.785825615623043 0.071093063160159
   endloop
endfacet
facet normal 0.219094801739444 -0.956405692781854 -0.193094843704373
   outer loop
      vertex -0.215973374590849 0.533451425234527 -0.219468228049615
      vertex -0.218884741260877 0.537876241141486 -0.244687878315075
      vertex -0.205298206856594 0.538025868341670 -0.230013044429194
   endloop
endfacet
facet normal 0.375734890952528 -0.001598357659118 0.926725815424220
   outer loop
      vertex -0.104037438565567 0.574653712687954 -0.293111894507546
      vertex -0.117971697262521 0.572078568642320 -0.287466782346296
      vertex -0.117947845746565 0.570078874666478 -0.287479901731476
   endloop
endfacet
facet normal 0.200101341020291 0.016155299963792 -0.979642005839358
   outer loop
      vertex 0.082466615272714 0.631942982916989 -0.343504613089880
      vertex 0.065843523286244 0.627379906986778 -0.346975289968311
      vertex 0.065816371476082 0.629379584157130 -0.346947859263285
   endloop
endfacet
facet normal 0.205419904908082 -0.964767953794425 -0.164394215223261
   outer loop
      vertex -0.206963175356598 0.542478248400449 -0.255344813599817
      vertex -0.219812462605119 0.542353646457441 -0.270669485454675
      vertex -0.206609488558660 0.546983072362921 -0.281339983090877
   endloop
endfacet
facet normal -0.229727199015082 0.007578417017712 -0.973225555371513
   outer loop
      vertex 0.076795545226625 0.888317651047587 0.300927550375081
      vertex 0.061875152769435 0.892913578722833 0.304485255785499
      vertex 0.076763093574519 0.890317267239089 0.300950781323335
   endloop
endfacet
facet normal 0.795567702515782 0.010877157779241 0.605767049411245
   outer loop
      vertex 0.272713038296621 0.829488030160247 0.219042469049019
      vertex 0.283285539456765 0.823001191553314 0.205273839509145
      vertex 0.283242191479891 0.825000514356323 0.205294869541734
   endloop
endfacet
facet normal -0.260554042154540 0.965124438846424 0.025424568006279
   outer loop
      vertex -0.017533683930579 0.606247388492497 -0.331953335101145
      vertex -0.018734065372552 0.606449193346744 -0.351915563502417
      vertex -0.035647856857247 0.601843369639604 -0.350411652746752
   endloop
endfacet
facet normal 0.283539905045429 -0.004150250619196 0.958951457408886
   outer loop
      vertex -0.075468426401323 0.583796016766695 -0.302289779860450
      vertex -0.089889781611033 0.581225801820277 -0.298036840236546
      vertex -0.089866530486655 0.579226121376402 -0.298052369486211
   endloop
endfacet
facet normal -0.778266192585202 -0.024738557244380 0.627446999566019
   outer loop
      vertex 0.247692119986969 0.700994090552129 -0.190138251446924
      vertex 0.238173010197443 0.698026229095771 -0.202062480821519
      vertex 0.238208756826735 0.696026897415324 -0.202096970090199
   endloop
endfacet
facet normal -0.042468253383560 0.010890741446392 -0.999038457320486
   outer loop
      vertex -0.001742096623331 0.609049605256327 -0.352609529601005
      vertex -0.018734065372552 0.606449193346744 -0.351915563502417
      vertex -0.001766347992531 0.611049288685457 -0.352586699700588
   endloop
endfacet
facet normal 0.544752976335699 0.001083202283178 0.838595863003277
   outer loop
      vertex 0.196732852811488 0.854421643887453 0.289353360115598
      vertex 0.182167236376493 0.860919513008955 0.298806810517879
      vertex 0.182203587723793 0.858919951096104 0.298785779440355
   endloop
endfacet
facet normal -0.885528669459903 -0.025420687533586 0.463888741197599
   outer loop
      vertex 0.279475404941348 0.720699843227496 -0.138049739221789
      vertex 0.272491948133816 0.715797289177757 -0.151649287883679
      vertex 0.279514750867904 0.718700582679747 -0.138084188498677
   endloop
endfacet
facet normal -0.269001279189226 0.961988524153756 -0.047078564029061
   outer loop
      vertex 0.073183491695181 0.633258824622702 -0.304567975071049
      vertex 0.077810877813816 0.633600724619269 -0.324022028757654
      vertex 0.062145128123137 0.629060146095888 -0.327290559339123
   endloop
endfacet
facet normal -0.181546074721098 0.009051392653742 -0.983340782762715
   outer loop
      vertex 0.061843101144139 0.894913197583208 0.304508986705181
      vertex 0.046801639945504 0.897519010114210 0.307309953083636
      vertex 0.046770090314795 0.899518533656439 0.307334182918026
   endloop
endfacet
facet normal -0.918752657208827 -0.017135767389192 -0.394461557503014
   outer loop
      vertex 0.281900720835582 0.808351623632850 0.129057428948561
      vertex 0.288029523313707 0.803792708883014 0.114980688252369
      vertex 0.281947767721666 0.806352392330533 0.129034699004718
   endloop
endfacet
facet normal 0.025289047105933 -0.959797268531915 0.279552620118554
   outer loop
      vertex 0.330648543381569 0.762608308490831 -0.005170987244437
      vertex 0.330085264369534 0.757845923731075 -0.021470884890577
      vertex 0.350641737902245 0.763068897796447 -0.005398266389806
   endloop
endfacet
facet normal 0.144246692103526 -0.965066288740798 -0.218723455882658
   outer loop
      vertex -0.278148062710254 0.510325961652178 -0.169668382131164
      vertex -0.295414557577064 0.510031493580560 -0.179756251083429
      vertex -0.286601991179386 0.514638476571655 -0.194271660109353
   endloop
endfacet
facet normal -0.031057545327251 -0.960573646255081 0.276285538887696
   outer loop
      vertex 0.321567774377222 0.786234721374704 0.075723125778389
      vertex 0.315131433059553 0.781321381410531 0.057917192588048
      vertex 0.324959097909870 0.781531666066298 0.059753036212486
   endloop
endfacet
facet normal 0.055190700305577 0.012680800383440 -0.998395304426766
   outer loop
      vertex 0.032189738793654 0.618229811516506 -0.351452372828959
      vertex 0.015263103862557 0.611643590363879 -0.352471719962173
      vertex 0.015238352846132 0.613643251178680 -0.352447690127907
   endloop
endfacet
facet normal 0.266163463204466 -0.962120520161194 0.059000979142363
   outer loop
      vertex 0.093359148563260 0.634134396515236 -0.320047760549615
      vertex 0.077867478568897 0.629601537095911 -0.324078889003336
      vertex 0.098931485485233 0.634498246693891 -0.339252268451290
   endloop
endfacet
facet normal 0.698023766602087 0.006489616455884 0.716045184424063
   outer loop
      vertex 0.249706894853486 0.838460525413051 0.244921263337050
      vertex 0.237244627955781 0.844946841593574 0.257011093650029
      vertex 0.237284278756978 0.842947339991312 0.256990562539119
   endloop
endfacet
facet normal -0.096657967831541 -0.963517323564909 0.249582860879890
   outer loop
      vertex 0.318355164962227 0.805020307601442 0.145669549974369
      vertex 0.300174990789339 0.804686683799327 0.137340808986555
      vertex 0.306691162882760 0.800153196926312 0.122362804597414
   endloop
endfacet
facet normal 0.006321452145973 0.012144408815242 -0.999906271896169
   outer loop
      vertex 0.015238352846132 0.613643251178680 -0.352447690127907
      vertex -0.001766347992531 0.611049288685457 -0.352586699700588
      vertex 0.015213501870630 0.615642908949494 -0.352423560299057
   endloop
endfacet
facet normal 0.345539746853876 0.019480846764314 -0.938201886564669
   outer loop
      vertex 0.131192907094299 0.646224197824459 -0.328109808994537
      vertex 0.115142923052642 0.639045010308764 -0.334170086804751
      vertex 0.115081623988067 0.643044066384480 -0.334109626752208
   endloop
endfacet
facet normal 0.091939061325835 -0.009044709471280 0.995723557134762
   outer loop
      vertex -0.016309652734407 0.604045975581808 -0.312012735609721
      vertex -0.031295081641384 0.601488713644072 -0.310652301213751
      vertex -0.031271629584976 0.599488987905232 -0.310672631252382
   endloop
endfacet
facet normal 0.459838047624962 -0.001591500530242 0.888001372230092
   outer loop
      vertex 0.167196784667059 0.865422764098838 0.307518835240464
      vertex 0.151786095142306 0.871930882245670 0.315510691198159
      vertex 0.151820946658941 0.869931296856189 0.315489060156615
   endloop
endfacet
facet normal 0.851081308512750 0.013514243343015 0.524859954204063
   outer loop
      vertex 0.293044299696025 0.822510364250995 0.191073096467251
      vertex 0.302229029773592 0.816018259627460 0.176346851591544
      vertex 0.302183880312953 0.818017639233122 0.176368582644603
   endloop
endfacet
facet normal 0.544877603391610 0.001388136607480 0.838514442570296
   outer loop
      vertex 0.196695701558734 0.856421193068167 0.289374091211195
      vertex 0.196658552314679 0.858420641217875 0.289394921244657
      vertex 0.182130885008027 0.862919075978148 0.298827741600985
   endloop
endfacet
facet normal 0.134138507054632 -0.965136848636996 -0.224761483195413
   outer loop
      vertex -0.285759254164679 0.505746733220437 -0.155594957881292
      vertex -0.303501254995314 0.505429296073077 -0.164820360677452
      vertex -0.295414557577064 0.510031493580560 -0.179756251083429
   endloop
endfacet
facet normal -0.954960802337218 -0.019812557457221 -0.296069803537041
   outer loop
      vertex 0.293466015482579 0.799227408264143 0.100622310917269
      vertex 0.298150524908560 0.792530624897419 0.085960760083984
      vertex 0.293563810003328 0.795228944579931 0.100574450100849
   endloop
endfacet
facet normal -0.995624443372810 -0.023519878935621 0.090436624513722
   outer loop
      vertex 0.310127342436083 0.757377083809517 -0.020264045689915
      vertex 0.308808704259938 0.754592501282951 -0.035505232006378
      vertex 0.308853051761974 0.752593211410311 -0.035536962499942
   endloop
endfacet
facet normal -0.253295227484767 0.965813023620708 -0.055197202266653
   outer loop
      vertex 0.093300348644965 0.638133520239900 -0.319989000406334
      vertex 0.098872685566938 0.638497370418556 -0.339193508308008
      vertex 0.082438365879061 0.633942527685159 -0.343476183495399
   endloop
endfacet
facet normal -0.274629455510017 0.961548776024951 0.001616629577273
   outer loop
      vertex 0.013699099296592 0.615143309453621 -0.312456486395063
      vertex 0.014456249599722 0.615393158195067 -0.332440022818699
      vertex -0.001544680334330 0.610823359321385 -0.332589817042991
   endloop
endfacet
facet normal 0.039412580977069 -0.959489358040285 0.278974587136837
   outer loop
      vertex 0.330648543381569 0.762608308490831 -0.005170987244437
      vertex 0.320106354376114 0.757611455304958 -0.020867515815815
      vertex 0.330085264369534 0.757845923731075 -0.021470884890577
   endloop
endfacet
facet normal -0.042378705011276 0.010302923467863 -0.999048494883798
   outer loop
      vertex -0.001742096623331 0.609049605256327 -0.352609529601005
      vertex -0.018710313650575 0.604449487303285 -0.351937193468984
      vertex -0.018734065372552 0.606449193346744 -0.351915563502417
   endloop
endfacet
facet normal -0.106631905636991 0.961600344178959 0.252892101053258
   outer loop
      vertex -0.285481827077472 0.496425250635723 -0.104832299912206
      vertex -0.298935899258290 0.500602980761510 -0.126390664366277
      vertex -0.323295152562139 0.495656683614579 -0.117853871677912
   endloop
endfacet
facet normal -0.245836771737573 0.964784086413140 0.093573224084731
   outer loop
      vertex -0.111018885454658 0.578705570804048 -0.311841660744257
      vertex -0.117953327677077 0.578757951587408 -0.330599986677222
      vertex -0.133686988391901 0.574132527993551 -0.324245362003952
   endloop
endfacet
facet normal 0.294302761250006 0.018957355455387 -0.955524203458374
   outer loop
      vertex 0.115142923052642 0.639045010308764 -0.334170086804751
      vertex 0.098902036540313 0.636497757046898 -0.339222838910634
      vertex 0.115081623988067 0.643044066384480 -0.334109626752208
   endloop
endfacet
facet normal 0.732324063180603 0.007860223234829 0.680910921763890
   outer loop
      vertex 0.249666346217623 0.840459909151841 0.244941793392900
      vertex 0.249706894853486 0.838460525413051 0.244921263337050
      vertex 0.261525778047068 0.833974347371473 0.232261765705006
   endloop
endfacet
facet normal 0.277427181741339 -0.006659153760463 0.960723589021448
   outer loop
      vertex 0.103673376643371 0.881497249190741 0.334743102001130
      vertex 0.087023252022562 0.888034800580524 0.339596456038021
      vertex 0.087055701687136 0.886035284363685 0.339573226146323
   endloop
endfacet
facet normal -0.324208076383163 0.005124489295537 -0.945971914391431
   outer loop
      vertex 0.106035908256972 0.879150934721507 0.291647911396074
      vertex 0.091527428054917 0.883730335810955 0.296645135391308
      vertex 0.106002358619211 0.881150438581323 0.291670241339835
   endloop
endfacet
facet normal -0.285993313802176 0.956766197761155 0.052974213369454
   outer loop
      vertex -0.046170654284592 0.596927403170717 -0.308579719924092
      vertex -0.031295081641384 0.601488713644072 -0.310652301213751
      vertex -0.049318142883992 0.597080046724550 -0.328329043618892
   endloop
endfacet
facet normal -0.899805476416700 -0.016172956127487 -0.435991444985580
   outer loop
      vertex -0.303539497427603 0.507428892417220 -0.164815609744646
      vertex -0.303501254995314 0.505429296073077 -0.164820360677452
      vertex -0.310841577321129 0.500832280349722 -0.149500772098681
   endloop
endfacet
facet normal -0.102757401081144 -0.967652127242207 0.230413274718885
   outer loop
      vertex 0.302274279235643 0.814018880953102 0.176325220532736
      vertex 0.292937290969537 0.809214366232692 0.151983986094035
      vertex 0.310688295364953 0.809522153103317 0.161192994129441
   endloop
endfacet
facet normal 0.624521402172414 0.004076190936097 0.780997056906141
   outer loop
      vertex 0.224287313814876 0.847435882818814 0.268440566999791
      vertex 0.224248462876800 0.849435399265898 0.268461198103791
      vertex 0.210709042950042 0.853926293915207 0.279264506129841
   endloop
endfacet
facet normal 0.283457084580270 -0.004103466148324 0.958976142960201
   outer loop
      vertex -0.075491577312625 0.585795687578454 -0.302273150672348
      vertex -0.089913034744110 0.583225583295160 -0.298021409924745
      vertex -0.089889781611033 0.581225801820277 -0.298036840236546
   endloop
endfacet
facet normal 0.144631393947776 0.958711350004653 -0.244855686593103
   outer loop
      vertex 0.250774671140858 0.826543412358676 0.181897134064373
      vertex 0.267895608377712 0.822127795813400 0.174721165617760
      vertex 0.259512676612781 0.822000339340210 0.169270489374216
   endloop
endfacet
facet normal -0.271455963230670 0.961811778614947 -0.035067970344195
   outer loop
      vertex 0.077810877813816 0.633600724619269 -0.324022028757654
      vertex 0.065816371476082 0.629379584157130 -0.346947859263285
      vertex 0.062145128123137 0.629060146095888 -0.327290559339123
   endloop
endfacet
facet normal -0.231482505475044 0.964704286880311 0.125544767050429
   outer loop
      vertex -0.154515517042205 0.564898881335809 -0.291711916295254
      vertex -0.164125975422409 0.564875268622784 -0.309250470476877
      vertex -0.178757509876783 0.560244572794221 -0.300645509171109
   endloop
endfacet
facet normal 0.284286059248105 -0.950595372375762 0.124699136063444
   outer loop
      vertex 0.148592820948311 0.653891141346312 -0.287115404632825
      vertex 0.134498701633737 0.648765650345995 -0.294056161520682
      vertex 0.153199667441423 0.654104906348828 -0.295988426915492
   endloop
endfacet
facet normal 0.158676777781537 0.963864754638154 -0.213977603872930
   outer loop
      vertex 0.257051185450424 0.831286039661172 0.206573781276897
      vertex 0.266986756338756 0.826771674218165 0.193606567344835
      vertex 0.249241533115951 0.831185374003208 0.200329022369625
   endloop
endfacet
facet normal -0.083986622028001 0.011376238304291 -0.996401941247792
   outer loop
      vertex 0.031610900189611 0.902134631699348 0.309394741538486
      vertex 0.016369974849227 0.904761688930652 0.310709391591638
      vertex 0.016339123346693 0.906761313684960 0.310734822414439
   endloop
endfacet
facet normal -0.003738413668810 -0.957757418886339 0.287553040031607
   outer loop
      vertex 0.317662301397711 0.776602517058458 0.042288137188196
      vertex 0.309468456796400 0.771651850847747 0.025692349253311
      vertex 0.319428433796644 0.771872820432418 0.026557823578320
   endloop
endfacet
facet normal -0.989986126050875 -0.024216383565034 0.139072056840376
   outer loop
      vertex 0.308764258765191 0.756591689193283 -0.035473502569204
      vertex 0.306747994862454 0.751794071274483 -0.050661702800623
      vertex 0.308808704259938 0.754592501282951 -0.035505232006378
   endloop
endfacet
facet normal -0.213970543833129 -0.958942661321059 0.186133228280822
   outer loop
      vertex 0.204995081807324 0.845296798820624 0.245479372826243
      vertex 0.198551420156353 0.845250310291026 0.237832518821856
      vertex 0.210081174951199 0.840707555022314 0.227682724822996
   endloop
endfacet
facet normal -0.225714716833665 0.964691026156702 0.135735369957235
   outer loop
      vertex -0.168297887238560 0.560293475819509 -0.283599735081016
      vertex -0.178757509876783 0.560244572794221 -0.300645509171109
      vertex -0.192948644904038 0.555613311356436 -0.291328937337327
   endloop
endfacet
facet normal 0.274816478492443 -0.957343613317984 0.089269867190892
   outer loop
      vertex 0.123797878856607 0.643824276283416 -0.309574560523031
      vertex 0.131223755487476 0.644224729030932 -0.328140538464955
      vertex 0.146993567868170 0.649387337954202 -0.321323161056958
   endloop
endfacet
facet normal -0.246449527259930 -0.017830901777944 0.968991583789634
   outer loop
      vertex 0.087786811641287 0.633770546336580 -0.300843252647942
      vertex 0.087757462655445 0.635770059733574 -0.300813923101871
      vertex 0.073211841069077 0.631259281842177 -0.304596404665696
   endloop
endfacet
facet normal -0.521560767212881 -0.022412564714389 0.852919716648193
   outer loop
      vertex 0.170195411583807 0.665865987873150 -0.262777223345930
      vertex 0.170163061929111 0.667865505382919 -0.262744462929777
      vertex 0.157231090452961 0.662779252968846 -0.270786022753266
   endloop
endfacet
facet normal 0.140521358334008 -0.008417191546158 0.990041867164435
   outer loop
      vertex -0.031271629584976 0.599488987905232 -0.310672631252382
      vertex -0.031295081641384 0.601488713644072 -0.310652301213751
      vertex -0.046170654284592 0.596927403170717 -0.308579719924092
   endloop
endfacet
facet normal -0.256453928520191 0.956474901055362 0.139237732665021
   outer loop
      vertex -0.144905158638012 0.564922491849920 -0.274173342114581
      vertex -0.131613354693340 0.569501294516653 -0.281145406872485
      vertex -0.154515517042205 0.564898881335809 -0.291711916295254
   endloop
endfacet
facet normal -0.146992485873979 -0.963831026198398 0.222312757245127
   outer loop
      vertex 0.283285539456765 0.823001191553314 0.205273839509145
      vertex 0.267073456246402 0.822772829719162 0.193564405172130
      vertex 0.276367037580156 0.818256549877920 0.180129080775656
   endloop
endfacet
facet normal 0.108601180225582 -0.958165496273235 0.264810621775404
   outer loop
      vertex 0.319929676029140 0.738651116387940 -0.085783887842701
      vertex 0.305912181153032 0.733564928924548 -0.098438564702644
      vertex 0.315445411654246 0.733813859313594 -0.101447520947278
   endloop
endfacet
facet normal 0.289026683060389 -0.956938866503085 -0.027047777263587
   outer loop
      vertex -0.031248179537267 0.597489363197398 -0.310693060228876
      vertex -0.017486182474159 0.602248076380241 -0.331996593977724
      vertex -0.016285902999963 0.602046369513012 -0.312034364519734
   endloop
endfacet
facet normal 0.257097093210862 -0.958190104518297 0.125589841411400
   outer loop
      vertex 0.167369813462291 0.659219824531707 -0.288121906131676
      vertex 0.177444838753242 0.659659360945513 -0.305393209683527
      vertex 0.192051401812116 0.664767798215119 -0.296319632360355
   endloop
endfacet
facet normal 0.161435389361671 -0.961209061620342 -0.223642024048675
   outer loop
      vertex -0.253103379385241 0.515180441182940 -0.172420566930221
      vertex -0.269852679289217 0.514909408973502 -0.183346112548156
      vertex -0.260893898727301 0.519496610951532 -0.196594945781312
   endloop
endfacet
facet normal -0.051903659708793 0.963617616390866 -0.262196680928688
   outer loop
      vertex 0.328638814167966 0.757067997214116 -0.037657399771755
      vertex 0.348513369591906 0.757544304178608 -0.039841196979887
      vertex 0.346234685763968 0.752760011377140 -0.056973209404938
   endloop
endfacet
facet normal 0.242462790743686 -0.958774580985824 0.148199520782763
   outer loop
      vertex 0.194475116971462 0.669396731800103 -0.270337867792355
      vertex 0.206197250009342 0.669857370117468 -0.286535847161226
      vertex 0.219848279079249 0.674927950304458 -0.276065659530875
   endloop
endfacet
facet normal 0.195685386620128 -0.956081533880816 0.218209372015586
   outer loop
      vertex 0.263651270670967 0.699493924487282 -0.202264531071397
      vertex 0.253554262347387 0.694522840335086 -0.214990495855244
      vertex 0.279573972901384 0.699993174918602 -0.214356202476055
   endloop
endfacet
facet normal 0.936961579465587 0.018398714389736 0.348947683634893
   outer loop
      vertex 0.325208954715492 0.802511708207318 0.129814714915377
      vertex 0.325256903284310 0.800512401157198 0.129791383946977
      vertex 0.331377127471155 0.795997411744549 0.113595990811693
   endloop
endfacet
facet normal 0.097079604620547 -0.955974748576681 0.276925676762683
   outer loop
      vertex 0.313861429813714 0.743228248326505 -0.067855852561168
      vertex 0.300590777213763 0.738157402543693 -0.080708726503532
      vertex 0.310260276611574 0.738404260459639 -0.083246307173199
   endloop
endfacet
facet normal 0.067435052323169 -0.959042756977267 0.275117255016138
   outer loop
      vertex 0.326578783322697 0.748278549385730 -0.053882115964298
      vertex 0.323643802034560 0.743472604198136 -0.069915956900955
      vertex 0.346322078783332 0.748761518443236 -0.057037869266371
   endloop
endfacet
facet normal 0.274607357101524 -0.961555096039756 -0.001611429703966
   outer loop
      vertex 0.014505851591650 0.611393839609452 -0.332488182481815
      vertex -0.001496279563706 0.606824090450143 -0.332635475787104
      vertex 0.015263103862557 0.611643590363879 -0.352471719962173
   endloop
endfacet
facet normal -0.235529323427638 0.005403682110851 -0.971852220260552
   outer loop
      vertex -0.069121952258869 0.590618604400294 -0.344939833929826
      vertex -0.085598479161389 0.584001650999971 -0.340983523247077
      vertex -0.085621630051524 0.586001320755390 -0.340966794064557
   endloop
endfacet
facet normal 0.205777579136499 -0.950766920868404 0.231727965742456
   outer loop
      vertex 0.247728466473110 0.698994772026080 -0.190172857010109
      vertex 0.238244405461198 0.694027463878202 -0.202131470414708
      vertex 0.255689868572293 0.699244348244005 -0.196218692840820
   endloop
endfacet
facet normal 0.289589900469134 0.957126811082104 -0.006779163228562
   outer loop
      vertex 0.016928941273871 0.908643701858093 0.320740140490264
      vertex 0.016308173851448 0.908760836476958 0.310760252180853
      vertex 0.000991956094518 0.913399134913171 0.311352923454756
   endloop
endfacet
facet normal 0.225733667154260 -0.959368321915385 0.169283000972775
   outer loop
      vertex 0.219715987939158 0.679501619538797 -0.249965691128827
      vertex 0.232971288231699 0.679979246423864 -0.264934396943803
      vertex 0.245534768075197 0.685011415551584 -0.253168872567944
   endloop
endfacet
facet normal 0.011144569072795 -0.959955430094411 0.279931010808798
   outer loop
      vertex 0.329388410796889 0.772093790017090 0.027423297903328
      vertex 0.320425742936498 0.767131616074111 0.010763547570150
      vertex 0.330416030281071 0.767357356724348 0.011139938579188
   endloop
endfacet
facet normal -0.987942098745347 -0.021571389433109 -0.153313680682987
   outer loop
      vertex 0.305255822389944 0.783110265801913 0.056108278674514
      vertex 0.307709184759704 0.778385940756690 0.040963709038843
      vertex 0.305303668207825 0.781111095823459 0.056081248969357
   endloop
endfacet
facet normal 0.464496804042649 0.000338028760447 0.885574731330294
   outer loop
      vertex -0.131564749381799 0.565501801028325 -0.281169426824806
      vertex -0.131589103021458 0.567501596765998 -0.281157416320286
      vertex -0.144880206880054 0.562922796815560 -0.274184291622710
   endloop
endfacet
facet normal -0.293327208751990 -0.018939523537469 0.955824483393233
   outer loop
      vertex 0.102135338737430 0.638274116176047 -0.296351965944526
      vertex 0.102074137665568 0.642273274214074 -0.296291504835595
      vertex 0.087757462655445 0.635770059733574 -0.300813923101871
   endloop
endfacet
facet normal -0.287974173449000 0.957311848417546 -0.024998006035412
   outer loop
      vertex 0.058473884749025 0.628740709090988 -0.307633359409380
      vertex 0.046339204008631 0.624511920998112 -0.329786897923220
      vertex 0.043633297597042 0.624215325348594 -0.309973452317463
   endloop
endfacet
facet normal 0.247596509881363 0.017222621717200 -0.968710147358721
   outer loop
      vertex 0.098902036540313 0.636497757046898 -0.339222838910634
      vertex 0.082494866675065 0.629943337117814 -0.343532943746497
      vertex 0.082466615272714 0.631942982916989 -0.343504613089880
   endloop
endfacet
facet normal 0.283560568948256 -0.004739605845601 0.958942615527212
   outer loop
      vertex -0.075491577312625 0.585795687578454 -0.302273150672348
      vertex -0.075514728202760 0.587795357333873 -0.302256421489829
      vertex -0.089913034744110 0.583225583295160 -0.298021409924745
   endloop
endfacet
facet normal -0.246614210411481 -0.017273195030557 0.968959786552857
   outer loop
      vertex 0.087757462655445 0.635770059733574 -0.300813923101871
      vertex 0.073183491695181 0.633258824622702 -0.304567975071049
      vertex 0.073211841069077 0.631259281842177 -0.304596404665696
   endloop
endfacet
facet normal -0.954951340728838 -0.019529287275865 -0.296119137812286
   outer loop
      vertex 0.293563810003328 0.795228944579931 0.100574450100849
      vertex 0.298150524908560 0.792530624897419 0.085960760083984
      vertex 0.298199172979258 0.790531349718627 0.085935729209311
   endloop
endfacet
facet normal 0.938299929194960 0.018400846413648 0.345332668196905
   outer loop
      vertex -0.280372744667139 0.500965470767423 -0.118956059424042
      vertex -0.285481827077472 0.496425250635723 -0.104832299912206
      vertex -0.280331600923945 0.498965837266411 -0.118961301390866
   endloop
endfacet
facet normal -0.100380880709487 -0.961023337095148 0.257600124896113
   outer loop
      vertex 0.284061786805463 0.809060571715700 0.147379583127304
      vertex 0.281994916575528 0.804353063041199 0.129011968004157
      vertex 0.291084903702895 0.804519871898269 0.133176438492648
   endloop
endfacet
facet normal 0.279141543392170 0.957922364641394 -0.066818725462829
   outer loop
      vertex 0.079319920795434 0.890246527376927 0.310618032473703
      vertex 0.076763093574519 0.890317267239089 0.300950781323335
      vertex 0.061843101144139 0.894913197583208 0.304508986705181
   endloop
endfacet
facet normal 0.169846989803454 0.968047608938089 -0.184488012846240
   outer loop
      vertex 0.249666346217623 0.840459909151841 0.244941793392900
      vertex 0.261484327622639 0.835973812139776 0.232282396813323
      vertex 0.235343819838660 0.840312684997987 0.230983390663992
   endloop
endfacet
facet normal 0.112603606111038 0.015537147862286 -0.993518507591628
   outer loop
      vertex -0.029627522353847 0.922713050457155 0.310290231994542
      vertex -0.044826840021510 0.925390195855429 0.308609435146628
      vertex -0.044857189127292 0.927389705221096 0.308637264778086
   endloop
endfacet
facet normal -0.232938848364960 -0.958843376858161 0.162354154790213
   outer loop
      vertex 0.179741421833199 0.854362940126486 0.264629456481495
      vertex 0.174077676842632 0.854343439828923 0.256388189305861
      vertex 0.186540725625043 0.849795267749600 0.247408705864475
   endloop
endfacet
facet normal -0.267774289815202 0.956519779888202 0.115615052638443
   outer loop
      vertex -0.117995548776361 0.574078262512529 -0.287453652961674
      vertex -0.104084441244707 0.578653090046025 -0.293083335867843
      vertex -0.125841268578840 0.574105394988954 -0.305849482484209
   endloop
endfacet
facet normal -0.126685664346029 -0.967809329568589 0.217476076958369
   outer loop
      vertex 0.283285539456765 0.823001191553314 0.205273839509145
      vertex 0.276367037580156 0.818256549877920 0.180129080775656
      vertex 0.293132799142237 0.818511560811318 0.191030434319466
   endloop
endfacet
facet normal 0.877539338123152 0.015042189878743 0.479268653857137
   outer loop
      vertex -0.260918390571080 0.512620055031944 -0.159575832244542
      vertex -0.268055497755984 0.508063866792237 -0.146364813095214
      vertex -0.260881557845419 0.510620429922561 -0.159580513178916
   endloop
endfacet
facet normal -0.287846571219259 0.956838813021077 0.040047937946070
   outer loop
      vertex -0.031295081641384 0.601488713644072 -0.310652301213751
      vertex -0.016333404456383 0.606045681625268 -0.311991105643155
      vertex -0.033471469249315 0.601666041641838 -0.330531976980251
   endloop
endfacet
facet normal 0.420495144786631 -0.000349251938449 0.907294721264239
   outer loop
      vertex -0.117971697262521 0.572078568642320 -0.287466782346296
      vertex -0.131613354693340 0.569501294516653 -0.281145406872485
      vertex -0.131589103021458 0.567501596765998 -0.281157416320286
   endloop
endfacet
facet normal -0.147773545184472 0.957321832361191 -0.248390596899772
   outer loop
      vertex 0.288424315818740 0.722951242280571 -0.142390843228234
      vertex 0.297412572620573 0.723203380891532 -0.146766406511009
      vertex 0.289978620262931 0.718301083675086 -0.161237705764162
   endloop
endfacet
facet normal 0.797755450701967 0.012116997483114 0.602859369378378
   outer loop
      vertex -0.235698641617847 0.524310342926201 -0.196864537314467
      vertex -0.244736248678331 0.521743565254194 -0.184853606904841
      vertex -0.244702165457862 0.519743887903586 -0.184858516821867
   endloop
endfacet
facet normal -0.108609024387045 0.958157977587159 -0.264834608402638
   outer loop
      vertex 0.319845082858782 0.742649644905421 -0.085717328091966
      vertex 0.334428681364485 0.738310168116438 -0.107398084788786
      vertex 0.315362320342301 0.737812309325992 -0.101380172299683
   endloop
endfacet
facet normal -0.994244002586766 -0.022081699962991 -0.104839219030819
   outer loop
      vertex 0.307709184759704 0.778385940756690 0.040963709038843
      vertex 0.309421609174427 0.773651121663165 0.025721179912892
      vertex 0.307756530485864 0.776386770347086 0.040935779384750
   endloop
endfacet
facet normal 0.081294923952117 -0.958773194739658 0.272295972038387
   outer loop
      vertex 0.323643802034560 0.743472604198136 -0.069915956900955
      vertex 0.319929676029140 0.738651116387940 -0.085783887842701
      vertex 0.343208446474841 0.743961315010093 -0.074036265574786
   endloop
endfacet
facet normal 0.272145705532396 0.962239544415684 -0.005636853995835
   outer loop
      vertex 0.017549808697705 0.908526568170533 0.330720128793927
      vertex 0.033800034344338 0.903922241936202 0.329294572196904
      vertex 0.016928941273871 0.908643701858093 0.320740140490264
   endloop
endfacet
facet normal 0.280727233919823 0.959767567395838 -0.006199734736316
   outer loop
      vertex 0.017549808697705 0.908526568170533 0.330720128793927
      vertex 0.016928941273871 0.908643701858093 0.320740140490264
      vertex 0.001121842299478 0.913271146816422 0.321351202043134
   endloop
endfacet
facet normal 0.420586883226155 -0.000940155746842 0.907251778595821
   outer loop
      vertex -0.117971697262521 0.572078568642320 -0.287466782346296
      vertex -0.117995548776361 0.574078262512529 -0.287453652961674
      vertex -0.131613354693340 0.569501294516653 -0.281145406872485
   endloop
endfacet
facet normal 0.268783158389152 -0.961155078896457 -0.062741757051412
   outer loop
      vertex -0.060876529604405 0.588363233424428 -0.305814519771340
      vertex -0.064987716586873 0.588491138838041 -0.325386090882782
      vertex -0.049271740173101 0.593080660987443 -0.328367402767148
   endloop
endfacet
facet normal 0.281390073423805 0.959306569248335 0.023463434862262
   outer loop
      vertex -0.015055114298571 0.917772807654446 0.331181027734071
      vertex -0.014693710267736 0.917911201595607 0.321188555402184
      vertex -0.030479621861300 0.922564518232183 0.320252699419710
   endloop
endfacet
facet normal 0.268800330562208 -0.961150466378164 -0.062738849771780
   outer loop
      vertex -0.080533501788295 0.583898783430349 -0.321636702079165
      vertex -0.069098801622731 0.588618947320978 -0.344957763045366
      vertex -0.064987716586873 0.588491138838041 -0.325386090882782
   endloop
endfacet
facet normal 0.163931134382882 0.961509398278533 -0.220513628154801
   outer loop
      vertex 0.249241533115951 0.831185374003208 0.200329022369625
      vertex 0.258880714733574 0.826657493301089 0.187751850176327
      vertex 0.241431780801234 0.831084706357597 0.194084263462517
   endloop
endfacet
facet normal -0.479117876758140 -0.021480602847586 0.877487688729635
   outer loop
      vertex 0.157294788160758 0.658780288646074 -0.270850652577036
      vertex 0.143954524425854 0.655676921566354 -0.278210551883589
      vertex 0.143985872487422 0.653677474330815 -0.278242381293439
   endloop
endfacet
facet normal -0.713061255821164 -0.024530053309094 0.700672478360180
   outer loop
      vertex 0.228118672156396 0.693042075369975 -0.213537742886238
      vertex 0.217516862392260 0.688041038083542 -0.224502088900810
      vertex 0.228153718957844 0.691042728085862 -0.213572072162686
   endloop
endfacet
facet normal -0.808018498103355 -0.025173429987690 0.588619066243571
   outer loop
      vertex 0.256581094985811 0.705944756188922 -0.177724311970456
      vertex 0.247692119986969 0.700994090552129 -0.190138251446924
      vertex 0.256618141324413 0.703945452038012 -0.177758961232363
   endloop
endfacet
facet normal 0.987828904137630 0.021291268039947 0.154080297427998
   outer loop
      vertex 0.344566781774278 0.783951408275236 0.063451853160607
      vertex 0.347379512144308 0.777249856235935 0.046345111660834
      vertex 0.347332066437903 0.779249024657893 0.046373041315093
   endloop
endfacet
facet normal -0.293563685679892 -0.018376085006586 0.955762879562640
   outer loop
      vertex 0.102074137665568 0.642273274214074 -0.296291504835595
      vertex 0.087728111703237 0.637769672048889 -0.300784492504827
      vertex 0.087757462655445 0.635770059733574 -0.300813923101871
   endloop
endfacet
facet normal 0.269495847559477 -0.957620430046011 0.101661694392193
   outer loop
      vertex 0.138663689709452 0.648972913536167 -0.303145161013979
      vertex 0.146993567868170 0.649387337954202 -0.321323161056958
      vertex 0.162413360431880 0.654532436142592 -0.313734451481940
   endloop
endfacet
facet normal -0.218969297435819 -0.963696433162038 0.152779682848308
   outer loop
      vertex 0.171697930475382 0.858907551635793 0.281767522232513
      vertex 0.179741421833199 0.854362940126486 0.264629456481495
      vertex 0.185405264816476 0.854382542386359 0.272870724713519
   endloop
endfacet
facet normal -0.126973401241186 -0.961220467212428 0.244812109155503
   outer loop
      vertex 0.267984105836390 0.818129092348388 0.174678504526529
      vertex 0.267716008446640 0.813455911696929 0.156190864588225
      vertex 0.276355525667468 0.813596677482644 0.161224503835784
   endloop
endfacet
facet normal 0.054312995445389 -0.956795614176283 0.285643573739684
   outer loop
      vertex 0.320106354376114 0.757611455304958 -0.020867515815815
      vertex 0.308853051761974 0.752593211410311 -0.035536962499942
      vertex 0.318790380447250 0.752831316427220 -0.036628911629577
   endloop
endfacet
facet normal 0.113131091909793 -0.965290036603507 -0.235407096913619
   outer loop
      vertex -0.298853615751201 0.496603913920077 -0.126401166185700
      vertex -0.317416760346445 0.496241424218561 -0.133835781127392
      vertex -0.310841577321129 0.500832280349722 -0.149500772098681
   endloop
endfacet
facet normal 0.230659621498496 -0.960881782928612 -0.153304723495730
   outer loop
      vertex -0.194528454163136 0.547082624413924 -0.265402539033348
      vertex -0.192895939134605 0.551613836086694 -0.291346967630796
      vertex -0.181612060055087 0.551688171669755 -0.274835359167537
   endloop
endfacet
facet normal 0.175832410125125 -0.960853993288802 0.214108774062511
   outer loop
      vertex 0.298955590069683 0.709887247769950 -0.185862633229540
      vertex 0.273115404601650 0.704447408344162 -0.189054232215549
      vertex 0.289612467919455 0.704949360622205 -0.200349498198682
   endloop
endfacet
facet normal -0.077671822666335 -0.967437043417909 0.240899678261519
   outer loop
      vertex 0.318355164962227 0.805020307601442 0.145669549974369
      vertex 0.306691162882760 0.800153196926312 0.122362804597414
      vertex 0.325256903284310 0.800512401157198 0.129791383946977
   endloop
endfacet
facet normal 0.172654763637508 -0.964901127616364 -0.197879120975269
   outer loop
      vertex -0.251293837881793 0.524087192302455 -0.209383117340557
      vertex -0.266889012163215 0.523863942154392 -0.221901703422956
      vertex -0.256036955934024 0.528481767962013 -0.234950508738804
   endloop
endfacet
facet normal -0.746561718581266 -0.024502460847108 0.664864820667647
   outer loop
      vertex 0.238244405461198 0.694027463878202 -0.202131470414708
      vertex 0.228153718957844 0.691042728085862 -0.213572072162686
      vertex 0.228188765759291 0.689043380801751 -0.213606401439135
   endloop
endfacet
facet normal 0.375835140141778 -0.002232801753410 0.926683852255417
   outer loop
      vertex -0.104037438565567 0.574653712687954 -0.293111894507546
      vertex -0.104060889904432 0.576653401832641 -0.293097565190568
      vertex -0.117971697262521 0.572078568642320 -0.287466782346296
   endloop
endfacet
facet normal -0.225901802539398 -0.961329600883051 0.157523884142962
   outer loop
      vertex 0.166445101830010 0.858901352961980 0.273258293634173
      vertex 0.174077676842632 0.854343439828923 0.256388189305861
      vertex 0.179741421833199 0.854362940126486 0.264629456481495
   endloop
endfacet
facet normal 0.129393230382986 -0.961420492364078 -0.242750960437791
   outer loop
      vertex -0.274492382287641 0.501512666468266 -0.132820277690181
      vertex -0.292666984802338 0.501172473256794 -0.141160519894702
      vertex -0.285759254164679 0.505746733220437 -0.155594957881292
   endloop
endfacet
facet normal -0.898322776720762 -0.016192993598513 -0.439037556232970
   outer loop
      vertex 0.275186384588001 0.808906680268034 0.142775079109435
      vertex 0.281947767721666 0.806352392330533 0.129034699004718
      vertex 0.281994916575528 0.804353063041199 0.129011968004157
   endloop
endfacet
facet normal -0.875720634603495 -0.014573786726880 -0.482598150504218
   outer loop
      vertex 0.267625509564872 0.817454666932962 0.156234326694676
      vertex 0.275093986272088 0.812905388231727 0.142819441168804
      vertex 0.267670759005756 0.815455289314946 0.156212595641451
   endloop
endfacet
facet normal -0.271132034724163 0.961209078932305 0.050641152479437
   outer loop
      vertex -0.049318142883992 0.597080046724550 -0.328329043618892
      vertex -0.033471469249315 0.601666041641838 -0.330531976980251
      vertex -0.052465731484803 0.597232689347078 -0.348078467307947
   endloop
endfacet
facet normal 0.665142623886941 0.007198740693251 0.746681637661745
   outer loop
      vertex -0.194113890095606 0.542602950318121 -0.240020140688405
      vertex -0.205327358686507 0.540025524895086 -0.230006354676314
      vertex -0.205298206856594 0.538025868341670 -0.230013044429194
   endloop
endfacet
facet normal -0.253558407801303 0.965739516001884 -0.055274958758142
   outer loop
      vertex 0.093300348644965 0.638133520239900 -0.319989000406334
      vertex 0.115081623988067 0.643044066384480 -0.334109626752208
      vertex 0.098872685566938 0.638497370418556 -0.339193508308008
   endloop
endfacet
facet normal 0.253533418511965 -0.965746499234161 0.055267575617172
   outer loop
      vertex 0.093359148563260 0.634134396515236 -0.320047760549615
      vertex 0.098931485485233 0.634498246693891 -0.339252268451290
      vertex 0.115142923052642 0.639045010308764 -0.334170086804751
   endloop
endfacet
facet normal 0.169931487487892 -0.956586527448363 -0.236781555583271
   outer loop
      vertex -0.260881557845419 0.510620429922561 -0.159580513178916
      vertex -0.269852679289217 0.514909408973502 -0.183346112548156
      vertex -0.253103379385241 0.515180441182940 -0.172420566930221
   endloop
endfacet
facet normal 0.039839036568080 -0.957116937429867 0.286949506447039
   outer loop
      vertex 0.320106354376114 0.757611455304958 -0.020867515815815
      vertex 0.318790380447250 0.752831316427220 -0.036628911629577
      vertex 0.330085264369534 0.757845923731075 -0.021470884890577
   endloop
endfacet
facet normal 0.118136056096150 -0.961503697006792 -0.248101819607028
   outer loop
      vertex -0.280290459172517 0.496966303951328 -0.118966562300019
      vertex -0.298853615751201 0.496603913920077 -0.126401166185700
      vertex -0.292666984802338 0.501172473256794 -0.141160519894702
   endloop
endfacet
facet normal 0.250560351821967 0.967050529530811 -0.045086399601548
   outer loop
      vertex 0.070160589064806 0.894582162200196 0.343632813089170
      vertex 0.086990700369045 0.890034415840723 0.339619586992024
      vertex 0.066001946089066 0.894747631363844 0.324070949365942
   endloop
endfacet
facet normal 0.180580061680670 -0.956535555724919 -0.228977230216075
   outer loop
      vertex -0.253103379385241 0.515180441182940 -0.172420566930221
      vertex -0.260893898727301 0.519496610951532 -0.196594945781312
      vertex -0.244702165457862 0.519743887903586 -0.184858516821867
   endloop
endfacet
facet normal 0.245763465270361 -0.964804840287742 -0.093551800066321
   outer loop
      vertex -0.110971880787986 0.574706093471313 -0.311870220440514
      vertex -0.117906324976771 0.574758573172995 -0.330628445322507
      vertex -0.101880155004755 0.579381472369979 -0.336203415058079
   endloop
endfacet
facet normal -0.005339342259533 -0.012082273989546 0.999912751233565
   outer loop
      vertex 0.013748699300987 0.611144090842669 -0.312504645001626
      vertex 0.013723848304318 0.613143749669825 -0.312480615167194
      vertex -0.001298863274705 0.608597844515200 -0.312615763229091
   endloop
endfacet
facet normal -0.005520791547680 -0.011482824867074 0.999918829502555
   outer loop
      vertex 0.013723848304318 0.613143749669825 -0.312480615167194
      vertex -0.001323112656373 0.610597427969667 -0.312592934385229
      vertex -0.001298863274705 0.608597844515200 -0.312615763229091
   endloop
endfacet
facet normal -0.014075275527942 -0.013480569129328 0.999810062399235
   outer loop
      vertex 0.001572901737163 0.908888039705387 0.351293977286700
      vertex -0.015747569046560 0.915496298837368 0.351139240591882
      vertex -0.015717019705124 0.913496779714548 0.351112710887531
   endloop
endfacet
facet normal 0.280520946802027 -0.956630654451003 -0.078522540521432
   outer loop
      vertex -0.089866530486655 0.579226121376402 -0.298052369486211
      vertex -0.080533501788295 0.583898783430349 -0.321636702079165
      vertex -0.075468426401323 0.583796016766695 -0.302289779860450
   endloop
endfacet
facet normal -0.259437400085098 0.965050475792232 0.037011006609800
   outer loop
      vertex -0.033471469249315 0.601666041641838 -0.330531976980251
      vertex -0.035647856857247 0.601843369639604 -0.350411652746752
      vertex -0.052465731484803 0.597232689347078 -0.348078467307947
   endloop
endfacet
facet normal 0.252833695078533 -0.964877356446419 -0.071321873572597
   outer loop
      vertex -0.080533501788295 0.583898783430349 -0.321636702079165
      vertex -0.085598479161389 0.584001650999971 -0.340983523247077
      vertex -0.069098801622731 0.588618947320978 -0.344957763045366
   endloop
endfacet
facet normal -0.274089663950069 0.961347179538326 0.026200315063847
   outer loop
      vertex -0.017533683930579 0.606247388492497 -0.331953335101145
      vertex -0.001544680334330 0.610823359321385 -0.332589817042991
      vertex -0.018734065372552 0.606449193346744 -0.351915563502417
   endloop
endfacet
facet normal 0.161394608481074 0.016471435675446 -0.986752487790140
   outer loop
      vertex -0.044857189127292 0.927389705221096 0.308637264778086
      vertex -0.059953860043732 0.930080549901740 0.306212949413841
      vertex -0.059984111029806 0.932080154891666 0.306241380068196
   endloop
endfacet
facet normal 0.764844480233556 0.009209273405449 0.644149136721929
   outer loop
      vertex 0.261484327622639 0.835973812139776 0.232282396813323
      vertex 0.261525778047068 0.833974347371473 0.232261765705006
      vertex 0.272713038296621 0.829488030160247 0.219042469049019
   endloop
endfacet
facet normal 0.004548583456809 0.955114550507457 -0.296201799112488
   outer loop
      vertex 0.307661837046010 0.780385211140958 0.040991639749490
      vertex 0.319334740540231 0.775871262088592 0.026615483840929
      vertex 0.309374763539986 0.775650292503920 0.025750009515920
   endloop
endfacet
facet normal -0.139524839882719 -0.961421177530419 0.237069902036772
   outer loop
      vertex 0.276367037580156 0.818256549877920 0.180129080775656
      vertex 0.267984105836390 0.818129092348388 0.174678504526529
      vertex 0.276355525667468 0.813596677482644 0.161224503835784
   endloop
endfacet
facet normal 0.420656935009824 -0.000934569962498 0.907219306235888
   outer loop
      vertex -0.117947845746565 0.570078874666478 -0.287479901731476
      vertex -0.117971697262521 0.572078568642320 -0.287466782346296
      vertex -0.131589103021458 0.567501596765998 -0.281157416320286
   endloop
endfacet
facet normal -0.220989105325866 -0.967729452315721 0.121093032202467
   outer loop
      vertex 0.151855896189454 0.867931812372674 0.315467530165875
      vertex 0.157574219169346 0.863437268903741 0.289984519672343
      vertex 0.167232336130071 0.863423188397507 0.307497604175432
   endloop
endfacet
facet normal 0.255583884362843 -0.964924036931798 -0.059987340374813
   outer loop
      vertex -0.064987716586873 0.588491138838041 -0.325386090882782
      vertex -0.069098801622731 0.588618947320978 -0.344957763045366
      vertex -0.052419328752745 0.593233302553630 -0.348116726461785
   endloop
endfacet
facet normal -0.129383601223592 0.961427188464407 0.242729571778638
   outer loop
      vertex -0.292746359017665 0.505171604593662 -0.141150648044944
      vertex -0.285835749029400 0.509745925815591 -0.155585466015105
      vertex -0.310920951534338 0.504831411580956 -0.149490890249481
   endloop
endfacet
facet normal -0.795479130844327 -0.010576401168844 -0.605888679651196
   outer loop
      vertex 0.241431780801234 0.831084706357597 0.194084263462517
      vertex 0.250774671140858 0.826543412358676 0.181897134064373
      vertex 0.241474230985774 0.829085263578433 0.194063432363704
   endloop
endfacet
facet normal 0.289451327192914 0.956397233933942 0.039016151908719
   outer loop
      vertex -0.030479621861300 0.922564518232183 0.320252699419710
      vertex -0.029627522353847 0.922713050457155 0.310290231994542
      vertex -0.044857189127292 0.927389705221096 0.308637264778086
   endloop
endfacet
facet normal 0.181888838913699 -0.008753822695259 0.983280133464948
   outer loop
      vertex 0.070192640690102 0.892582543339821 0.343609082169488
      vertex 0.070160589064806 0.894582162200196 0.343632813089170
      vertex 0.053157031506557 0.899140504787465 0.346818741654030
   endloop
endfacet
facet normal 0.006187879581831 0.012092437546723 -0.999907737294026
   outer loop
      vertex 0.015263103862557 0.611643590363879 -0.352471719962173
      vertex -0.001717845254130 0.607049921827197 -0.352632359501421
      vertex 0.015238352846132 0.613643251178680 -0.352447690127907
   endloop
endfacet
facet normal -0.068681579984700 0.956582814536428 -0.283252819058120
   outer loop
      vertex 0.306747994862454 0.751794071274483 -0.050661702800623
      vertex 0.316619641588421 0.752035606318738 -0.052239628920592
      vertex 0.313775336770358 0.747226755480040 -0.067790092763291
   endloop
endfacet
facet normal 0.279080502511121 0.960039503142767 -0.020933836808598
   outer loop
      vertex 0.032689892475608 0.904028199395155 0.319357071767813
      vertex 0.048366800115500 0.899424051200036 0.317205297867603
      vertex 0.031579648639101 0.904134254841126 0.309419572395443
   endloop
endfacet
facet normal 0.247498049617220 0.017842234215344 -0.968724093905936
   outer loop
      vertex 0.098902036540313 0.636497757046898 -0.339222838910634
      vertex 0.082438365879061 0.633942527685159 -0.343476183495399
      vertex 0.098872685566938 0.638497370418556 -0.339193508308008
   endloop
endfacet
facet normal -0.324161770308365 0.005411812149345 -0.945986183281663
   outer loop
      vertex 0.106002358619211 0.881150438581323 0.291670241339835
      vertex 0.091527428054917 0.883730335810955 0.296645135391308
      vertex 0.091494476395757 0.885729947345939 0.296667866368300
   endloop
endfacet
facet normal 0.521909072289227 0.022402068990594 -0.852706906015859
   outer loop
      vertex 0.192019152152483 0.666767316973095 -0.296286801948275
      vertex 0.177412988908752 0.661658892935779 -0.305360879244201
      vertex 0.191986804478970 0.668766734825103 -0.296254072587001
   endloop
endfacet
facet normal 0.229894039166244 -0.007864534283206 0.973183887996681
   outer loop
      vertex 0.087023252022562 0.888034800580524 0.339596456038021
      vertex 0.070160589064806 0.894582162200196 0.343632813089170
      vertex 0.070192640690102 0.892582543339821 0.343609082169488
   endloop
endfacet
facet normal 0.258441166579427 -0.961020582312926 -0.098222216366712
   outer loop
      vertex -0.104037438565567 0.574653712687954 -0.293111894507546
      vertex -0.110971880787986 0.574706093471313 -0.311870220440514
      vertex -0.095873392725244 0.579303795351197 -0.317127842274852
   endloop
endfacet
facet normal 0.017015628977694 0.960450970112572 -0.277928772134719
   outer loop
      vertex 0.327473276901927 0.780816802550721 0.043696356413101
      vertex 0.329294717540475 0.776092231673263 0.027480958165937
      vertex 0.317567607957857 0.780600957852330 0.042343997552935
   endloop
endfacet
facet normal -0.123924064787279 0.956868067095589 0.262766680420767
   outer loop
      vertex -0.285481827077472 0.496425250635723 -0.104832299912206
      vertex -0.280372744667139 0.500965470767423 -0.118956059424042
      vertex -0.298935899258290 0.500602980761510 -0.126390664366277
   endloop
endfacet
facet normal 0.885848160451122 0.025048011309325 -0.463298644240204
   outer loop
      vertex 0.315428432155027 0.721708397354436 -0.155551962354562
      vertex 0.307580930563302 0.714807052945409 -0.170929861449557
      vertex 0.307542484486462 0.716806330008722 -0.170895282181419
   endloop
endfacet
facet normal 0.161434319572860 0.016480172311723 -0.986745845891749
   outer loop
      vertex -0.044826840021510 0.925390195855429 0.308609435146628
      vertex -0.059923511064949 0.928081046874125 0.306184519815875
      vertex -0.059953860043732 0.930080549901740 0.306212949413841
   endloop
endfacet
facet normal -0.276751213345367 0.948401951343992 -0.154733656968273
   outer loop
      vertex 0.182687488924517 0.672934904306685 -0.254073579747052
      vertex 0.175619047554581 0.668090813842921 -0.271121875343607
      vertex 0.170163061929111 0.667865505382919 -0.262744462929777
   endloop
endfacet
facet normal 0.262503179633545 -0.961039571120630 -0.086573803327298
   outer loop
      vertex -0.110971880787986 0.574706093471313 -0.311870220440514
      vertex -0.101880155004755 0.579381472369979 -0.336203415058079
      vertex -0.095873392725244 0.579303795351197 -0.317127842274852
   endloop
endfacet
facet normal 0.210024844721454 0.963834038025894 -0.164053380771101
   outer loop
      vertex 0.198586933161082 0.853860315696466 0.263357187102455
      vertex 0.211361241521468 0.849342325276023 0.253167389043882
      vertex 0.192525879270954 0.853827276071594 0.255403577057695
   endloop
endfacet
facet normal 0.998133475691230 0.022570469068226 0.056746265344829
   outer loop
      vertex 0.349261519141769 0.774534901083530 0.029182976161955
      vertex 0.349308364776211 0.772535730242775 0.029154146558927
      vertex 0.350396600995151 0.767809037974149 0.011892722710372
   endloop
endfacet
facet normal 0.851008318894514 0.013233148064769 0.524985452145703
   outer loop
      vertex 0.293088549419131 0.820510962531156 0.191051765393359
      vertex 0.293132799142237 0.818511560811318 0.191030434319466
      vertex 0.302274279235643 0.814018880953102 0.176325220532736
   endloop
endfacet
facet normal 0.998133568287316 0.022296496280168 0.056852846117486
   outer loop
      vertex 0.349261519141769 0.774534901083530 0.029182976161955
      vertex 0.350396600995151 0.767809037974149 0.011892722710372
      vertex 0.350350255431265 0.769808210302396 0.011922352267917
   endloop
endfacet
facet normal -0.233433446520966 -0.967540523959338 0.096820248614807
   outer loop
      vertex 0.120038327380801 0.876967915405349 0.329106378243313
      vertex 0.128216357505965 0.872512609818414 0.304300999425628
      vertex 0.136111862330130 0.872446475382610 0.322676155262463
   endloop
endfacet
facet normal -0.700352827949239 -0.008456699401857 -0.713746734226316
   outer loop
      vertex -0.232529781273012 0.541726023047507 -0.259349331638310
      vertex -0.244585769327651 0.535102411319854 -0.247441103111930
      vertex -0.244616121047496 0.537102050359575 -0.247435013323569
   endloop
endfacet
facet normal 0.277545785149569 -0.006333293497270 0.960691535582148
   outer loop
      vertex 0.103673376643371 0.881497249190741 0.334743102001130
      vertex 0.103640325003967 0.883496858738081 0.334765832978288
      vertex 0.087023252022562 0.888034800580524 0.339596456038021
   endloop
endfacet
facet normal 0.109958674351182 0.963483886653620 -0.244147271321562
   outer loop
      vertex 0.284904645953139 0.817736101573717 0.166301504138656
      vertex 0.310595998995651 0.813520764136334 0.161237255137671
      vertex 0.292844992633868 0.813213076184030 0.152028348153238
   endloop
endfacet
facet normal 0.767270665145108 0.010939169634710 0.641230115462060
   outer loop
      vertex -0.226114787433205 0.528879568435735 -0.208410148678208
      vertex -0.235731495020562 0.526310041693147 -0.196859340415502
      vertex -0.235698641617847 0.524310342926201 -0.196864537314467
   endloop
endfacet
facet normal 0.014372775416768 0.013534920870447 -0.999805095628068
   outer loop
      vertex 0.001022607509564 0.911399512521621 0.311326892665776
      vertex -0.014271205587663 0.914050458372805 0.311142922610623
      vertex -0.014301756895465 0.916050076413949 0.311169553365946
   endloop
endfacet
facet normal 0.207987556066346 -0.960903487133846 -0.182772166741995
   outer loop
      vertex -0.230264355114521 0.533277049617872 -0.233457716003018
      vertex -0.232471277650580 0.537726713810332 -0.259362701144960
      vertex -0.218884741260877 0.537876241141486 -0.244687878315075
   endloop
endfacet
facet normal 0.151299999083154 -0.961139223210542 -0.230910597166248
   outer loop
      vertex -0.285759254164679 0.505746733220437 -0.155594957881292
      vertex -0.295414557577064 0.510031493580560 -0.179756251083429
      vertex -0.278148062710254 0.510325961652178 -0.169668382131164
   endloop
endfacet
facet normal 0.271118804290027 -0.961212729679193 -0.050642692098869
   outer loop
      vertex -0.046124249565004 0.592927916402606 -0.308617980134484
      vertex -0.049271740173101 0.593080660987443 -0.328367402767148
      vertex -0.033424567145199 0.597666691195164 -0.330572735995376
   endloop
endfacet
facet normal 0.994168504399586 0.021772807066168 0.105616900789357
   outer loop
      vertex 0.347332066437903 0.779249024657893 0.046373041315093
      vertex 0.349308364776211 0.772535730242775 0.029154146558927
      vertex 0.349261519141769 0.774534901083530 0.029182976161955
   endloop
endfacet
facet normal 0.248949305800737 -0.960925707199424 -0.121020776665076
   outer loop
      vertex -0.154465711521119 0.560899389410413 -0.291733826367341
      vertex -0.149041530723179 0.565505271293347 -0.317147349121058
      vertex -0.140303141051547 0.565503586412253 -0.299158412443261
   endloop
endfacet
facet normal 0.147007155404534 0.963824134912306 -0.222332933278927
   outer loop
      vertex 0.266986756338756 0.826771674218165 0.193606567344835
      vertex 0.276278538155109 0.822255352261254 0.180171842917859
      vertex 0.258880714733574 0.826657493301089 0.187751850176327
   endloop
endfacet
facet normal 0.140378880797770 -0.961342867974869 -0.236883220215826
   outer loop
      vertex -0.268017245325669 0.506064270646858 -0.146369564028037
      vertex -0.285759254164679 0.505746733220437 -0.155594957881292
      vertex -0.278148062710254 0.510325961652178 -0.169668382131164
   endloop
endfacet
facet normal -0.825991981386840 -0.013305155965687 -0.563524817119327
   outer loop
      vertex -0.277119725214811 0.521249011130195 -0.208326462823825
      vertex -0.286637432180052 0.516638028732531 -0.194266923237022
      vertex -0.286672875168251 0.518637680868069 -0.194262185308138
   endloop
endfacet
facet normal 0.305050105363728 0.019063377347590 -0.952145483033807
   outer loop
      vertex -0.089752661335572 0.939503897653233 0.299216509020052
      vertex -0.104320682919865 0.942237580639222 0.294603912135251
      vertex -0.104381882004195 0.946236638702584 0.294664372187627
   endloop
endfacet
facet normal -0.013960437359172 -0.013179442693648 0.999815687253919
   outer loop
      vertex 0.001572901737163 0.908888039705387 0.351293977286700
      vertex 0.001542250300951 0.910887663153275 0.351319908081261
      vertex -0.015747569046560 0.915496298837368 0.351139240591882
   endloop
endfacet
facet normal -0.034852036273587 0.012473097605977 -0.999314643845319
   outer loop
      vertex 0.016339123346693 0.906761313684960 0.310734822414439
      vertex 0.001053356917321 0.909399992092385 0.311300862933185
      vertex 0.001022607509564 0.911399512521621 0.311326892665776
   endloop
endfacet
facet normal -0.236768436055379 0.964723667527603 0.115104096364905
   outer loop
      vertex -0.140351846334865 0.569503077490399 -0.299134352493006
      vertex -0.149090236006498 0.569504762371493 -0.317123289170803
      vertex -0.164125975422409 0.564875268622784 -0.309250470476877
   endloop
endfacet
facet normal -0.979274897286140 -0.020712812776692 -0.201473707793592
   outer loop
      vertex 0.302115455336932 0.785825615623043 0.071093063160159
      vertex 0.305255822389944 0.783110265801913 0.056108278674514
      vertex 0.305303668207825 0.781111095823459 0.056081248969357
   endloop
endfacet
facet normal 0.215801258448872 -0.960967299509345 -0.173123268585134
   outer loop
      vertex -0.194113890095606 0.542602950318121 -0.240020140688405
      vertex -0.206963175356598 0.542478248400449 -0.255344813599817
      vertex -0.194528454163136 0.547082624413924 -0.265402539033348
   endloop
endfacet
facet normal 0.181373644579237 -0.960989994128321 -0.208810517544722
   outer loop
      vertex -0.260893898727301 0.519496610951532 -0.196594945781312
      vertex -0.266889012163215 0.523863942154392 -0.221901703422956
      vertex -0.251293837881793 0.524087192302455 -0.209383117340557
   endloop
endfacet
facet normal 0.522018595160316 0.022101650429950 -0.852647701782585
   outer loop
      vertex 0.191986804478970 0.668766734825103 -0.296254072587001
      vertex 0.177412988908752 0.661658892935779 -0.305360879244201
      vertex 0.177381141051795 0.663658324951381 -0.305328549861430
   endloop
endfacet
facet normal 0.253999911336579 -0.960957710808294 -0.109746631288128
   outer loop
      vertex -0.140303141051547 0.565503586412253 -0.299158412443261
      vertex -0.133639283376688 0.570133040278472 -0.324271621829750
      vertex -0.125793563563628 0.570105907273875 -0.305875742310008
   endloop
endfacet
facet normal 0.243358579228010 -0.960904524708090 -0.132057170618046
   outer loop
      vertex -0.168246683560372 0.556294090674609 -0.283619654209948
      vertex -0.164076169911906 0.560875777225558 -0.309272430546173
      vertex -0.154465711521119 0.560899389410413 -0.291733826367341
   endloop
endfacet
facet normal 0.237092808246912 -0.960946050358823 -0.142722417921539
   outer loop
      vertex -0.157787062913915 0.556343093885831 -0.266573899062186
      vertex -0.168246683560372 0.556294090674609 -0.283619654209948
      vertex -0.154465711521119 0.560899389410413 -0.291733826367341
   endloop
endfacet
facet normal 0.043446522475790 -0.010928353599107 0.998995981359472
   outer loop
      vertex -0.001274611926671 0.606598162142411 -0.312638693123926
      vertex -0.001298863274705 0.608597844515200 -0.312615763229091
      vertex -0.016309652734407 0.604045975581808 -0.312012735609721
   endloop
endfacet
facet normal 0.345479719917622 0.019813519746074 -0.938217025831931
   outer loop
      vertex 0.131192907094299 0.646224197824459 -0.328109808994537
      vertex 0.115081623988067 0.643044066384480 -0.334109626752208
      vertex 0.131161956754512 0.648223763548662 -0.328078978472981
   endloop
endfacet
facet normal -0.199079264300514 -0.016105344746390 0.979851041942685
   outer loop
      vertex 0.073240090462730 0.629259737074007 -0.304624834260177
      vertex 0.058501134551899 0.626741133882945 -0.307660789058020
      vertex 0.058528384375939 0.624741557618561 -0.307688118712239
   endloop
endfacet
facet normal -0.054194314164263 -0.012671847088358 0.998449999050345
   outer loop
      vertex 0.028747535758115 0.615683537492264 -0.311632918996625
      vertex 0.013723848304318 0.613143749669825 -0.312480615167194
      vertex 0.013748699300987 0.611144090842669 -0.312504645001626
   endloop
endfacet
facet normal -0.197397945815146 -0.961434934562190 0.191512186534845
   outer loop
      vertex 0.204995081807324 0.845296798820624 0.245479372826243
      vertex 0.210081174951199 0.840707555022314 0.227682724822996
      vertex 0.216891937610234 0.840767676549808 0.235004626998265
   endloop
endfacet
facet normal 0.272331034968866 0.962187065711775 -0.005644286469514
   outer loop
      vertex 0.018791545511738 0.908292201877091 0.350680004350279
      vertex 0.017549808697705 0.908526568170533 0.330720128793927
      vertex 0.001251728483272 0.913143159776012 0.331349380637096
   endloop
endfacet
facet normal 0.190415991272872 -0.961057780974828 -0.200274041990740
   outer loop
      vertex -0.226114787433205 0.528879568435735 -0.208410148678208
      vertex -0.241075851686508 0.528680668543586 -0.221680323708819
      vertex -0.230264355114521 0.533277049617872 -0.233457716003018
   endloop
endfacet
facet normal 0.836196074745146 0.025323923472204 -0.547845620116456
   outer loop
      vertex 0.298879997689448 0.713885826225399 -0.185793331703404
      vertex 0.298917843869794 0.711886537986216 -0.185827981966583
      vertex 0.289538273278284 0.708948066720902 -0.200280180619153
   endloop
endfacet
facet normal 0.253895598456004 -0.960990926095372 -0.109697151499144
   outer loop
      vertex -0.117947845746565 0.570078874666478 -0.287479901731476
      vertex -0.125793563563628 0.570105907273875 -0.305875742310008
      vertex -0.110971880787986 0.574706093471313 -0.311870220440514
   endloop
endfacet
facet normal 0.907476643789875 0.025087327421330 -0.419352795362948
   outer loop
      vertex 0.322556574979688 0.726593145508482 -0.139834484192565
      vertex 0.315467778079466 0.719709136912321 -0.155586421630892
      vertex 0.315428432155027 0.721708397354436 -0.155551962354562
   endloop
endfacet
facet normal -0.151090003319435 -0.015617589680466 0.988396631818171
   outer loop
      vertex 0.058501134551899 0.626741133882945 -0.307660789058020
      vertex 0.058473884749025 0.628740709090988 -0.307633359409380
      vertex 0.043633297597042 0.624215325348594 -0.309973452317463
   endloop
endfacet
facet normal 0.262799067683657 -0.962251273431325 0.070775255593982
   outer loop
      vertex 0.102135338737430 0.638274116176047 -0.296351965944526
      vertex 0.093359148563260 0.634134396515236 -0.320047760549615
      vertex 0.115142923052642 0.639045010308764 -0.334170086804751
   endloop
endfacet
facet normal 0.273020287109399 0.961968336848851 0.008765941304675
   outer loop
      vertex 0.001511600873438 0.912887185570160 0.351345937813686
      vertex 0.001251728483272 0.913143159776012 0.331349380637096
      vertex -0.015055114298571 0.917772807654446 0.331181027734071
   endloop
endfacet
facet normal -0.198972600983376 -0.016742778564127 0.979862022645976
   outer loop
      vertex 0.073240090462730 0.629259737074007 -0.304624834260177
      vertex 0.073211841069077 0.631259281842177 -0.304596404665696
      vertex 0.058501134551899 0.626741133882945 -0.307660789058020
   endloop
endfacet
facet normal 0.262439109627701 -0.961058728502293 -0.086555381735483
   outer loop
      vertex -0.089866530486655 0.579226121376402 -0.298052369486211
      vertex -0.095873392725244 0.579303795351197 -0.317127842274852
      vertex -0.080533501788295 0.583898783430349 -0.321636702079165
   endloop
endfacet
facet normal 0.270725427641697 0.962449212859742 -0.019981378678249
   outer loop
      vertex 0.033800034344338 0.903922241936202 0.329294572196904
      vertex 0.049963609896449 0.899329570731278 0.327076412817013
      vertex 0.032689892475608 0.904028199395155 0.319357071767813
   endloop
endfacet
facet normal 0.907437488946011 0.025363602442033 -0.419420899963891
   outer loop
      vertex 0.322516529151206 0.728592394149763 -0.139800224903910
      vertex 0.322556574979688 0.726593145508482 -0.139834484192565
      vertex 0.315428432155027 0.721708397354436 -0.155551962354562
   endloop
endfacet
facet normal 0.995683241381960 0.023565132640326 -0.089775093175988
   outer loop
      vertex 0.349998040798360 0.760313945043840 -0.022646694613830
      vertex 0.348602162567524 0.753545827451981 -0.039904756905044
      vertex 0.348557717093943 0.755545014305968 -0.039872927473450
   endloop
endfacet
facet normal 0.274194588404582 0.960365115698383 -0.050161461693955
   outer loop
      vertex 0.066001946089066 0.894747631363844 0.324070949365942
      vertex 0.063922472622131 0.894830463995206 0.314289918566712
      vertex 0.048366800115500 0.899424051200036 0.317205297867603
   endloop
endfacet
facet normal 0.220740856015768 0.967803845049288 -0.120951196741661
   outer loop
      vertex 0.167161235191580 0.867422239825506 0.307540065248944
      vertex 0.182130885008027 0.862919075978148 0.298827741600985
      vertex 0.157503016241912 0.867436419375100 0.290026881808158
   endloop
endfacet
facet normal -0.141236220932216 0.961753704758416 -0.234695848451239
   outer loop
      vertex 0.297412572620573 0.723203380891532 -0.146766406511009
      vertex 0.315389084240939 0.723707757876848 -0.155517512021120
      vertex 0.307503838449134 0.718805603096745 -0.170860702912949
   endloop
endfacet
facet normal 0.148962512774316 0.968010631287961 -0.201904897170537
   outer loop
      vertex 0.272670588112080 0.831487472939412 0.219063300147832
      vertex 0.283198841515485 0.826999937133995 0.205315900630878
      vertex 0.257051185450424 0.831286039661172 0.206573781276897
   endloop
endfacet
facet normal 0.191263703785709 0.963789159897448 -0.185818865776177
   outer loop
      vertex 0.237244627955781 0.844946841593574 0.257011093650029
      vertex 0.223623200651588 0.844826699444555 0.242367390350298
      vertex 0.211361241521468 0.849342325276023 0.253167389043882
   endloop
endfacet
facet normal 0.241462755219756 -0.964777322118030 -0.104405251632509
   outer loop
      vertex -0.125793563563628 0.570105907273875 -0.305875742310008
      vertex -0.133639283376688 0.570133040278472 -0.324271621829750
      vertex -0.117906324976771 0.574758573172995 -0.330628445322507
   endloop
endfacet
facet normal -0.241943582313764 -0.961179466718665 0.132654949909933
   outer loop
      vertex 0.138674745652047 0.867992275288097 0.288518854656938
      vertex 0.147916002207211 0.863451348478672 0.272471335175003
      vertex 0.152745110688279 0.863444308691206 0.281227927423673
   endloop
endfacet
facet normal 0.746831480784941 0.024816423541038 -0.664550136882993
   outer loop
      vertex 0.268828372604284 0.697017548472418 -0.227815032027100
      vertex 0.268864121221109 0.695018116817306 -0.227849522352334
      vertex 0.257508714571250 0.690024360288062 -0.240797382660780
   endloop
endfacet
facet normal 0.163520575527332 -0.964949488445583 -0.205264478485243
   outer loop
      vertex -0.260893898727301 0.519496610951532 -0.196594945781312
      vertex -0.277085631996529 0.519249333988914 -0.208331373740813
      vertex -0.266889012163215 0.523863942154392 -0.221901703422956
   endloop
endfacet
facet normal 0.263584074629393 0.958365553368939 -0.109813030727753
   outer loop
      vertex 0.124200300906683 0.876544919819767 0.295157234085553
      vertex 0.120252549477784 0.876577937578509 0.285969605641651
      vertex 0.106002358619211 0.881150438581323 0.291670241339835
   endloop
endfacet
facet normal -0.824235551677254 -0.011874415593885 -0.566122560587014
   outer loop
      vertex 0.250774671140858 0.826543412358676 0.181897134064373
      vertex 0.259512676612781 0.822000339340210 0.169270489374216
      vertex 0.250817921125020 0.824543987593358 0.181876102975396
   endloop
endfacet
facet normal 0.092031099165491 -0.009093354696521 0.995714611566364
   outer loop
      vertex -0.016285902999963 0.602046369513012 -0.312034364519734
      vertex -0.031271629584976 0.599488987905232 -0.310672631252382
      vertex -0.031248179537267 0.597489363197398 -0.310693060228876
   endloop
endfacet
facet normal 0.190987946498393 0.963891856644605 -0.185569644571905
   outer loop
      vertex 0.223623200651588 0.844826699444555 0.242367390350298
      vertex 0.235343819838660 0.840312684997987 0.230983390663992
      vertex 0.216812537993963 0.844766578848365 0.235045588169280
   endloop
endfacet
facet normal 0.274074487758662 -0.961351696693360 -0.026193327864665
   outer loop
      vertex -0.016285902999963 0.602046369513012 -0.312034364519734
      vertex -0.017486182474159 0.602248076380241 -0.331996593977724
      vertex -0.001496279563706 0.606824090450143 -0.332635475787104
   endloop
endfacet
facet normal 0.039843884121895 -0.957051335185548 0.287167558609326
   outer loop
      vertex 0.320651845136636 0.762378062365880 -0.005057397140519
      vertex 0.310127342436083 0.757377083809517 -0.020264045689915
      vertex 0.320106354376114 0.757611455304958 -0.020867515815815
   endloop
endfacet
facet normal -0.246513436946296 -0.017879915844675 0.968974423818458
   outer loop
      vertex 0.087757462655445 0.635770059733574 -0.300813923101871
      vertex 0.087728111703237 0.637769672048889 -0.300784492504827
      vertex 0.073183491695181 0.633258824622702 -0.304567975071049
   endloop
endfacet
facet normal -0.155089655608642 0.952049699438617 -0.263720625894206
   outer loop
      vertex 0.285747689005991 0.727586295102921 -0.124083902841556
      vertex 0.288424315818740 0.722951242280571 -0.142390843228234
      vertex 0.279436158995035 0.722699105762891 -0.138015289945068
   endloop
endfacet
facet normal -0.325409402909945 -0.009623472826641 0.945524251020854
   outer loop
      vertex -0.285396622345979 0.492426151154681 -0.104843682743910
      vertex -0.323295152562139 0.495656683614579 -0.117853871677912
      vertex -0.323209959816204 0.491657683909437 -0.117865253453046
   endloop
endfacet
facet normal 0.129606861981011 -0.961272627543100 -0.243222114257360
   outer loop
      vertex -0.298853615751201 0.496603913920077 -0.126401166185700
      vertex -0.310841577321129 0.500832280349722 -0.149500772098681
      vertex -0.292666984802338 0.501172473256794 -0.141160519894702
   endloop
endfacet
facet normal 0.287812666488194 -0.956849163436364 -0.040044318449525
   outer loop
      vertex -0.046124249565004 0.592927916402606 -0.308617980134484
      vertex -0.033424567145199 0.597666691195164 -0.330572735995376
      vertex -0.031248179537267 0.597489363197398 -0.310693060228876
   endloop
endfacet
facet normal 0.247194377109243 0.967209883835111 -0.058309352056467
   outer loop
      vertex 0.086990700369045 0.890034415840723 0.339619586992024
      vertex 0.103607375332339 0.885496370298401 0.334788562898727
      vertex 0.081876847975426 0.890175790558751 0.320285183629486
   endloop
endfacet
facet normal -0.207463518393507 -0.961415111861423 0.180665080245948
   outer loop
      vertex 0.192601779515172 0.849828307374473 0.255362315909236
      vertex 0.198551420156353 0.845250310291026 0.237832518821856
      vertex 0.204995081807324 0.845296798820624 0.245479372826243
   endloop
endfacet
facet normal 0.274194606417427 -0.961615021660227 0.010670891668149
   outer loop
      vertex 0.028747535758115 0.615683537492264 -0.311632918996625
      vertex 0.030481412567492 0.615956858913789 -0.331555310794307
      vertex 0.046391906423175 0.620512611590224 -0.329839558396859
   endloop
endfacet
facet normal 0.290305077477206 0.956896591393971 0.008477934273858
   outer loop
      vertex 0.001121842299478 0.913271146816422 0.321351202043134
      vertex 0.000991956094518 0.913399134913171 0.311352923454756
      vertex -0.014332206256657 0.918049597524413 0.311196083070131
   endloop
endfacet
facet normal 0.968080532798519 0.020097094027052 0.249832321424198
   outer loop
      vertex 0.336555653368800 0.793324389540448 0.097115038532356
      vertex 0.341020097371411 0.786643628233380 0.080353086289092
      vertex 0.340971849454521 0.788642899742992 0.080379217101702
   endloop
endfacet
facet normal 0.139773702320149 0.961288124495887 -0.237462531450539
   outer loop
      vertex 0.258880714733574 0.826657493301089 0.187751850176327
      vertex 0.276278538155109 0.822255352261254 0.180171842917859
      vertex 0.267895608377712 0.822127795813400 0.174721165617760
   endloop
endfacet
facet normal -0.968264774906027 -0.020393752101596 -0.249093196517687
   outer loop
      vertex 0.298101978805638 0.794529802089192 0.085985789901937
      vertex 0.302018959460819 0.789824160754951 0.071145124796545
      vertex 0.298150524908560 0.792530624897419 0.085960760083984
   endloop
endfacet
facet normal -0.835924122338583 -0.024991334119466 0.548275747148639
   outer loop
      vertex 0.264892122034291 0.708879691194583 -0.164919193434591
      vertex 0.256581094985811 0.705944756188922 -0.177724311970456
      vertex 0.256618141324413 0.703945452038012 -0.177758961232363
   endloop
endfacet
facet normal -0.280719751981451 -0.959769758966618 0.006199243553328
   outer loop
      vertex 0.001183243122282 0.909272003995634 0.321299141521564
      vertex 0.016369974849227 0.904761688930652 0.310709391591638
      vertex 0.016990842273061 0.904644555243090 0.320689379895302
   endloop
endfacet
facet normal 0.269971341663094 0.958002906298358 0.096674227199021
   outer loop
      vertex -0.077279019761472 0.936608274514848 0.312836941359053
      vertex -0.089783112028135 0.941503485991765 0.299246139607758
      vertex -0.092566072278127 0.941318664225437 0.308849312332001
   endloop
endfacet
facet normal 0.011165310423807 -0.960028724269127 0.279678716425352
   outer loop
      vertex 0.350396600995151 0.767809037974149 0.011892722710372
      vertex 0.330416030281071 0.767357356724348 0.011139938579188
      vertex 0.330648543381569 0.762608308490831 -0.005170987244437
   endloop
endfacet
facet normal -0.277254873583750 0.006662426684434 -0.960773306844405
   outer loop
      vertex 0.091494476395757 0.885729947345939 0.296667866368300
      vertex 0.076795545226625 0.888317651047587 0.300927550375081
      vertex 0.076763093574519 0.890317267239089 0.300950781323335
   endloop
endfacet
facet normal -0.602646475875179 -0.023099486414480 0.797673892541692
   outer loop
      vertex 0.194840461687969 0.673988584332423 -0.244861437448488
      vertex 0.182720236427991 0.670935498947529 -0.254106739084989
      vertex 0.182752985918999 0.668935993613709 -0.254139899479480
   endloop
endfacet
facet normal -0.131227252322419 -0.958776710392729 0.252044892541794
   outer loop
      vertex 0.276355525667468 0.813596677482644 0.161224503835784
      vertex 0.267716008446640 0.813455911696929 0.156190864588225
      vertex 0.275186384588001 0.808906680268034 0.142775079109435
   endloop
endfacet
facet normal -0.084041089175557 0.011059731050990 -0.996400912122859
   outer loop
      vertex 0.031642149752588 0.900135108532234 0.309369911738085
      vertex 0.016369974849227 0.904761688930652 0.310709391591638
      vertex 0.031610900189611 0.902134631699348 0.309394741538486
   endloop
endfacet
facet normal -0.077491563685485 -0.967562063812944 0.240455214598509
   outer loop
      vertex 0.325256903284310 0.800512401157198 0.129791383946977
      vertex 0.306691162882760 0.800153196926312 0.122362804597414
      vertex 0.331377127471155 0.795997411744549 0.113595990811693
   endloop
endfacet
facet normal -0.114885432151944 -0.967738195450813 0.224241215089611
   outer loop
      vertex 0.293132799142237 0.818511560811318 0.191030434319466
      vertex 0.284995142847373 0.813737446312347 0.166258043088759
      vertex 0.302274279235643 0.814018880953102 0.176325220532736
   endloop
endfacet
facet normal -0.122723846356217 -0.963581258895495 0.237592119063131
   outer loop
      vertex 0.276367037580156 0.818256549877920 0.180129080775656
      vertex 0.276355525667468 0.813596677482644 0.161224503835784
      vertex 0.284995142847373 0.813737446312347 0.166258043088759
   endloop
endfacet
facet normal -0.296451373982465 0.949998195137087 -0.098081660366178
   outer loop
      vertex 0.134436403232382 0.652764663305737 -0.293993501589277
      vertex 0.123736180103887 0.647823312788791 -0.309513000531222
      vertex 0.120023241788452 0.647623086415032 -0.300230011560259
   endloop
endfacet
facet normal -0.277266883488568 0.006352759948661 -0.960771938475293
   outer loop
      vertex 0.091560377726545 0.881730824250634 0.296622405470869
      vertex 0.076827996878732 0.886318034856084 0.300904319426827
      vertex 0.091527428054917 0.883730335810955 0.296645135391308
   endloop
endfacet
facet normal -0.290720896454585 0.950282000470044 -0.111559311342865
   outer loop
      vertex 0.130271513143029 0.652557502394777 -0.284904531037917
      vertex 0.134436403232382 0.652764663305737 -0.293993501589277
      vertex 0.120023241788452 0.647623086415032 -0.300230011560259
   endloop
endfacet
facet normal -0.122506679938888 -0.963703178081946 0.237209396789225
   outer loop
      vertex 0.302274279235643 0.814018880953102 0.176325220532736
      vertex 0.284995142847373 0.813737446312347 0.166258043088759
      vertex 0.292937290969537 0.809214366232692 0.151983986094035
   endloop
endfacet
facet normal -0.089787323298480 -0.958463767997966 0.270712840497150
   outer loop
      vertex 0.306691162882760 0.800153196926312 0.122362804597414
      vertex 0.297408390664113 0.799973697301349 0.118648465981811
      vertex 0.293563810003328 0.795228944579931 0.100574450100849
   endloop
endfacet
facet normal 0.281250195344749 0.959595669393298 0.008630115883843
   outer loop
      vertex 0.001121842299478 0.913271146816422 0.321351202043134
      vertex 0.016928941273871 0.908643701858093 0.320740140490264
      vertex 0.000991956094518 0.913399134913171 0.311352923454756
   endloop
endfacet
facet normal -0.324182833598466 0.005061418702631 -0.945980904902835
   outer loop
      vertex 0.106069559883674 0.877151331818332 0.291625680390012
      vertex 0.091560377726545 0.881730824250634 0.296622405470869
      vertex 0.106035908256972 0.879150934721507 0.291647911396074
   endloop
endfacet
facet normal -0.234341431851246 0.959074404284563 -0.158935145150841
   outer loop
      vertex 0.207277775747428 0.678457048514175 -0.260396504852450
      vertex 0.219781684444127 0.678926731447375 -0.275998610893922
      vertex 0.206131753016977 0.673856280704810 -0.286469517429356
   endloop
endfacet
facet normal 0.274678117347497 0.958084124339619 -0.081404806607599
   outer loop
      vertex 0.094522651636663 0.885671527096566 0.306198040236851
      vertex 0.091494476395757 0.885729947345939 0.296667866368300
      vertex 0.076763093574519 0.890317267239089 0.300950781323335
   endloop
endfacet
facet normal -0.254683876935103 0.954165706373126 -0.157174831352790
   outer loop
      vertex 0.207277775747428 0.678457048514175 -0.260396504852450
      vertex 0.206131753016977 0.673856280704810 -0.286469517429356
      vertex 0.194409619976981 0.673395642493080 -0.270271548059927
   endloop
endfacet
facet normal -0.459654636743565 0.001595724359064 -0.888096317177316
   outer loop
      vertex 0.147880450744200 0.865450924180003 0.272492566240037
      vertex 0.134280963463660 0.868012362322593 0.279535895453421
      vertex 0.134246111947025 0.870011947712076 0.279557526494966
   endloop
endfacet
facet normal -0.370249646399145 0.004096511194196 -0.928923257291658
   outer loop
      vertex 0.120286699081676 0.874578441419198 0.285947675674566
      vertex 0.106069559883674 0.877151331818332 0.291625680390012
      vertex 0.106035908256972 0.879150934721507 0.291647911396074
   endloop
endfacet
facet normal -0.273684922839467 -0.958293124424356 -0.082285179050420
   outer loop
      vertex -0.079525653717682 0.932432789895297 0.322507449278428
      vertex -0.077218320070368 0.932609181161055 0.312778881173545
      vertex -0.061749726178967 0.927913544700777 0.316014885666098
   endloop
endfacet
facet normal -0.277200925948390 0.950922845995842 -0.137496864024322
   outer loop
      vertex 0.175619047554581 0.668090813842921 -0.271121875343607
      vertex 0.167306115750261 0.663218789065746 -0.288057296306789
      vertex 0.162268604095378 0.662998971029964 -0.279421660058305
   endloop
endfacet
facet normal -0.415493521109240 0.002597964686517 -0.909592427681615
   outer loop
      vertex 0.134280963463660 0.868012362322593 0.279535895453421
      vertex 0.120320950653346 0.872578847272869 0.285925744650763
      vertex 0.134246111947025 0.870011947712076 0.279557526494966
   endloop
endfacet
facet normal -0.544679504556068 -0.001425062305866 -0.838643074563894
   outer loop
      vertex 0.174077676842632 0.854343439828923 0.256388189305861
      vertex 0.161192371198517 0.858895255194133 0.264749166086639
      vertex 0.174040527577410 0.856342889034973 0.256408919344905
   endloop
endfacet
facet normal 0.207066243698363 -0.959967406517916 0.188642914375062
   outer loop
      vertex 0.242848691168915 0.689533819563752 -0.227201892578152
      vertex 0.257508714571250 0.690024360288062 -0.240797382660780
      vertex 0.268864121221109 0.695018116817306 -0.227849522352334
   endloop
endfacet
facet normal -0.200638645755446 0.953513337142949 -0.224847614441288
   outer loop
      vertex 0.264792580308864 0.708195036341528 -0.183337282700842
      vertex 0.263578475732474 0.703492659448230 -0.202195311488722
      vertex 0.255617073632318 0.703243083278897 -0.196149480257754
   endloop
endfacet
facet normal -0.304529749420394 0.947092735078213 -0.101375455017587
   outer loop
      vertex 0.102074137665568 0.642273274214074 -0.296291504835595
      vertex 0.120023241788452 0.647623086415032 -0.300230011560259
      vertex 0.123736180103887 0.647823312788791 -0.309513000531222
   endloop
endfacet
facet normal 0.010412884615219 -0.954966488834425 0.296530904017171
   outer loop
      vertex 0.320425742936498 0.767131616074111 0.010763547570150
      vertex 0.310435457558290 0.766905776505552 0.010387055510139
      vertex 0.310655248859481 0.762147718253911 -0.004943808093321
   endloop
endfacet
facet normal 0.548703108757954 0.003459976355195 0.836010123744311
   outer loop
      vertex -0.157787062913915 0.556343093885831 -0.266573899062186
      vertex -0.170354532867578 0.553762194953174 -0.258314741085540
      vertex -0.170328180977686 0.551762507358452 -0.258323760703719
   endloop
endfacet
facet normal 0.001543923235815 0.964510851640294 -0.264038696726742
   outer loop
      vertex 0.349214671519797 0.776534171898949 0.029211806821536
      vertex 0.350303907879846 0.771807482605307 0.011951982882015
      vertex 0.329294717540475 0.776092231673263 0.027480958165937
   endloop
endfacet
facet normal -0.808058197373996 -0.024877536555190 0.588577146881896
   outer loop
      vertex 0.256618141324413 0.703945452038012 -0.177758961232363
      vertex 0.247692119986969 0.700994090552129 -0.190138251446924
      vertex 0.247728466473110 0.698994772026080 -0.190172857010109
   endloop
endfacet
facet normal 0.899894471344726 0.016788590204203 0.435784446351808
   outer loop
      vertex -0.268055497755984 0.508063866792237 -0.146364813095214
      vertex -0.274571766500991 0.505511797606370 -0.132810405840407
      vertex -0.274532074393257 0.503512231984501 -0.132815336765573
   endloop
endfacet
facet normal -0.899694074884633 -0.016776909641691 -0.436198471937213
   outer loop
      vertex -0.303539497427603 0.507428892417220 -0.164815609744646
      vertex -0.310841577321129 0.500832280349722 -0.149500772098681
      vertex -0.310881259428721 0.502831846064722 -0.149495831174089
   endloop
endfacet
facet normal 0.289632085828994 -0.957035317186655 -0.014023427390814
   outer loop
      vertex -0.016285902999963 0.602046369513012 -0.312034364519734
      vertex -0.001496279563706 0.606824090450143 -0.332635475787104
      vertex -0.001274611926671 0.606598162142411 -0.312638693123926
   endloop
endfacet
facet normal 0.920232260426834 0.017302765700136 0.390990026942945
   outer loop
      vertex -0.274571766500991 0.505511797606370 -0.132810405840407
      vertex -0.280372744667139 0.500965470767423 -0.118956059424042
      vertex -0.274532074393257 0.503512231984501 -0.132815336765573
   endloop
endfacet
facet normal -0.181647440028024 0.964768123679607 0.190333063504469
   outer loop
      vertex -0.241138936855211 0.532680009855151 -0.221669143015774
      vertex -0.256100051100752 0.532481109074814 -0.234939328045743
      vertex -0.266954607003268 0.527863241921158 -0.221891312681649
   endloop
endfacet
facet normal -0.151120285585763 -0.014998583615711 0.988401589321871
   outer loop
      vertex 0.058528384375939 0.624741557618561 -0.307688118712239
      vertex 0.043659647810547 0.622215720631983 -0.309999782026006
      vertex 0.043685898043808 0.620216113927726 -0.310026111734382
   endloop
endfacet
facet normal 0.797707776782203 0.012123708031974 0.602922315530575
   outer loop
      vertex -0.235731495020562 0.526310041693147 -0.196859340415502
      vertex -0.244770351894637 0.523743242196711 -0.184848695987837
      vertex -0.244736248678331 0.521743565254194 -0.184853606904841
   endloop
endfacet
facet normal 0.920182345499813 0.017908139908474 0.391080234166189
   outer loop
      vertex -0.274532074393257 0.503512231984501 -0.132815336765573
      vertex -0.280372744667139 0.500965470767423 -0.118956059424042
      vertex -0.280331600923945 0.498965837266411 -0.118961301390866
   endloop
endfacet
facet normal -0.734675898107411 -0.009089126087800 -0.678357363435401
   outer loop
      vertex -0.244585769327651 0.535102411319854 -0.247441103111930
      vertex -0.244555407609781 0.533102772478896 -0.247447192900309
      vertex -0.256036955934024 0.528481767962013 -0.234950508738804
   endloop
endfacet
facet normal -0.161132586402080 -0.016517423323052 0.986794540077185
   outer loop
      vertex -0.050159302811310 0.922757687491028 0.348215266227373
      vertex -0.067258522505687 0.929410644101965 0.345534513865374
      vertex -0.067228271540781 0.927411040168380 0.345505983216602
   endloop
endfacet
facet normal -0.257428547217454 -0.018236621678722 0.966125234484256
   outer loop
      vertex -0.084140223040765 0.932080110382434 0.341964486550161
      vertex -0.100884406351526 0.938764813581238 0.337629102035547
      vertex -0.100853955658962 0.936765225242705 0.337599471447842
   endloop
endfacet
facet normal 0.898315118162132 0.015874888852092 0.439064843030375
   outer loop
      vertex 0.310642146186536 0.811521508607158 0.161215125161833
      vertex 0.310688295364953 0.809522153103317 0.161192994129441
      vertex 0.318355164962227 0.805020307601442 0.145669549974369
   endloop
endfacet
facet normal -0.063153332875481 -0.014205094104670 0.997902736667355
   outer loop
      vertex -0.015717019705124 0.913496779714548 0.351112710887531
      vertex -0.015747569046560 0.915496298837368 0.351139240591882
      vertex -0.033005371190389 0.920119409828841 0.350112872029933
   endloop
endfacet
facet normal 0.938253884408394 0.019007218235844 0.345424918104491
   outer loop
      vertex -0.280331600923945 0.498965837266411 -0.118961301390866
      vertex -0.285481827077472 0.496425250635723 -0.104832299912206
      vertex -0.285396622345979 0.492426151154681 -0.104843682743910
   endloop
endfacet
facet normal 0.641379869737376 0.023836608871782 -0.766853101169423
   outer loop
      vertex 0.232937441091585 0.681978622630162 -0.264900547642554
      vertex 0.219781684444127 0.678926731447375 -0.275998610893922
      vertex 0.232903591961822 0.683978098916758 -0.264866707284193
   endloop
endfacet
facet normal 0.193024469895590 0.958856004752855 -0.208174725101102
   outer loop
      vertex 0.210001873348806 0.844706558226839 0.227723787044817
      vertex 0.228182656618840 0.840239075436877 0.224004139302162
      vertex 0.221021393439941 0.840165462831777 0.217024987934916
   endloop
endfacet
facet normal -0.063131433567516 -0.014251386926635 0.997903462298021
   outer loop
      vertex -0.015747569046560 0.915496298837368 0.351139240591882
      vertex -0.015778020374118 0.917495918866157 0.351165871347038
      vertex -0.033035720423171 0.922118925532559 0.350140101694881
   endloop
endfacet
facet normal -0.201040291396590 -0.963775994290550 0.175267321724375
   outer loop
      vertex 0.198662833405302 0.849861346999345 0.263315925953995
      vertex 0.204995081807324 0.845296798820624 0.245479372826243
      vertex 0.211438843459707 0.845343288281527 0.253126326824882
   endloop
endfacet
facet normal 0.253054656467043 0.963293634655396 -0.089603092986473
   outer loop
      vertex 0.112986790380947 0.881058830815147 0.310410641320167
      vertex 0.128147954321704 0.876511801155058 0.304344761478652
      vertex 0.109494574500079 0.881104634698235 0.301040441330001
   endloop
endfacet
facet normal -0.013939185188663 -0.013229235760095 0.999815326166528
   outer loop
      vertex 0.001542250300951 0.910887663153275 0.351319908081261
      vertex 0.001511600873438 0.912887185570160 0.351345937813686
      vertex -0.015778020374118 0.917495918866157 0.351165871347038
   endloop
endfacet
facet normal -0.272811868136766 -0.961787779413102 -0.023193791741368
   outer loop
      vertex -0.015717019705124 0.913496779714548 0.351112710887531
      vertex -0.014994113650743 0.913773669559179 0.331127767280146
      vertex 0.001313129327242 0.909144015898885 0.331297420109943
   endloop
endfacet
facet normal 0.270568455139739 0.960535175944465 -0.064535934615002
   outer loop
      vertex 0.081876847975426 0.890175790558751 0.320285183629486
      vertex 0.079319920795434 0.890246527376927 0.310618032473703
      vertex 0.063922472622131 0.894830463995206 0.314289918566712
   endloop
endfacet
facet normal -0.270589026150712 -0.961291492527354 -0.051963884779152
   outer loop
      vertex -0.050159302811310 0.922757687491028 0.348215266227373
      vertex -0.047477895869751 0.923074137003063 0.328398435342996
      vertex -0.031270920935412 0.918416856612758 0.330160706458264
   endloop
endfacet
facet normal 0.257970664700250 0.963153011293294 -0.076075048411232
   outer loop
      vertex 0.097550824890037 0.885613206821857 0.315728215161957
      vertex 0.112986790380947 0.881058830815147 0.310410641320167
      vertex 0.094522651636663 0.885671527096566 0.306198040236851
   endloop
endfacet
facet normal 0.563224902283638 0.022633217234910 -0.825993611915482
   outer loop
      vertex 0.206131753016977 0.673856280704810 -0.286469517429356
      vertex 0.192019152152483 0.666767316973095 -0.296286801948275
      vertex 0.191986804478970 0.668766734825103 -0.296254072587001
   endloop
endfacet
facet normal 0.230479361527500 -0.960944712954868 -0.153181338791519
   outer loop
      vertex -0.170328180977686 0.551762507358452 -0.258323760703719
      vertex -0.181612060055087 0.551688171669755 -0.274835359167537
      vertex -0.168246683560372 0.556294090674609 -0.283619654209948
   endloop
endfacet
facet normal 0.262207283001037 0.962998053822478 -0.062306412794626
   outer loop
      vertex 0.081876847975426 0.890175790558751 0.320285183629486
      vertex 0.097550824890037 0.885613206821857 0.315728215161957
      vertex 0.079319920795434 0.890246527376927 0.310618032473703
   endloop
endfacet
facet normal 0.233222733609156 0.958738872786460 -0.162563619349535
   outer loop
      vertex 0.161119670470283 0.862894280101515 0.264791127190716
      vertex 0.179667219329101 0.858362039419218 0.264671018666942
      vertex 0.174003376345823 0.858342437159345 0.256429750434920
   endloop
endfacet
facet normal 0.169736313844791 0.958816212389122 -0.227730223339287
   outer loop
      vertex 0.231506293041424 0.835625071952044 0.205802780212456
      vertex 0.249241533115951 0.831185374003208 0.200329022369625
      vertex 0.241431780801234 0.831084706357597 0.194084263462517
   endloop
endfacet
facet normal 0.278606066692815 0.955276441633142 0.099124061976300
   outer loop
      vertex -0.092566072278127 0.941318664225437 0.308849312332001
      vertex -0.089783112028135 0.941503485991765 0.299246139607758
      vertex -0.104381882004195 0.946236638702584 0.294664372187627
   endloop
endfacet
facet normal 0.214259095128513 0.958828713470465 -0.186388139052044
   outer loop
      vertex 0.186464823393290 0.853794336421385 0.247449968069490
      vertex 0.204917479869085 0.849295835815121 0.245520435045243
      vertex 0.198473820205646 0.849249247310858 0.237873579984302
   endloop
endfacet
facet normal 0.112590228556073 0.015238875171186 -0.993524643437297
   outer loop
      vertex -0.029566821900750 0.918713919075056 0.310235771608094
      vertex -0.044796588908439 0.923390584527452 0.308581604458783
      vertex -0.029597171133532 0.920713434778773 0.310263001273040
   endloop
endfacet
facet normal -0.238737866013164 -0.967423132540184 0.084241996400955
   outer loop
      vertex 0.103673376643371 0.881497249190741 0.334743102001130
      vertex 0.113053893631533 0.877059623146189 0.310365979319537
      vertex 0.120038327380801 0.876967915405349 0.329106378243313
   endloop
endfacet
facet normal -0.257118767107128 0.958182554866733 -0.125603069828607
   outer loop
      vertex 0.167306115750261 0.663218789065746 -0.288057296306789
      vertex 0.177381141051795 0.663658324951381 -0.305328549861430
      vertex 0.162350362380479 0.658531424625398 -0.313670791605190
   endloop
endfacet
facet normal -0.133003258744946 0.009910942299522 -0.991066045420768
   outer loop
      vertex 0.046801639945504 0.897519010114210 0.307309953083636
      vertex 0.031610900189611 0.902134631699348 0.309394741538486
      vertex 0.046770090314795 0.899518533656439 0.307334182918026
   endloop
endfacet
facet normal -0.502795464221588 0.000213477100193 -0.864405388452505
   outer loop
      vertex 0.161119670470283 0.862894280101515 0.264791127190716
      vertex 0.147880450744200 0.865450924180003 0.272492566240037
      vertex 0.147844799300943 0.867450497893688 0.272513797305236
   endloop
endfacet
facet normal -0.206735318549366 0.955742132634802 -0.209326262019299
   outer loop
      vertex 0.263578475732474 0.703492659448230 -0.202195311488722
      vertex 0.268792725957354 0.699016882034876 -0.227780532759144
      vertex 0.253482867083632 0.698521605552655 -0.214921506262055
   endloop
endfacet
facet normal -0.283238993082851 0.952941450645387 -0.108066018892522
   outer loop
      vertex 0.153136669390022 0.658103894831634 -0.295924767038742
      vertex 0.146931269466815 0.653386350913944 -0.321260501125552
      vertex 0.138601391308097 0.652971926495909 -0.303082501082573
   endloop
endfacet
facet normal -0.187936586954486 0.007210334810665 -0.982154697772106
   outer loop
      vertex -0.052442481122417 0.595233046931509 -0.348097596356673
      vertex -0.069121952258869 0.590618604400294 -0.344939833929826
      vertex -0.052465731484803 0.597232689347078 -0.348078467307947
   endloop
endfacet
facet normal -0.219303460244221 0.964742445945541 0.145526648129911
   outer loop
      vertex -0.181664765824520 0.555687646939498 -0.274817328874067
      vertex -0.192948644904038 0.555613311356436 -0.291328937337327
      vertex -0.207139779931292 0.550982049918651 -0.282012365503544
   endloop
endfacet
facet normal -0.223557325247281 0.960953477598885 0.163066048639472
   outer loop
      vertex -0.194582857971137 0.551081983982477 -0.265386219698163
      vertex -0.181664765824520 0.555687646939498 -0.274817328874067
      vertex -0.207139779931292 0.550982049918651 -0.282012365503544
   endloop
endfacet
facet normal -0.212689558350891 0.964774179216675 0.154835186199052
   outer loop
      vertex -0.194582857971137 0.551081983982477 -0.265386219698163
      vertex -0.207139779931292 0.550982049918651 -0.282012365503544
      vertex -0.219868868333621 0.546353082621048 -0.270654714973100
   endloop
endfacet
facet normal -0.852754646927173 -0.013877721309894 -0.522127303437924
   outer loop
      vertex -0.286637432180052 0.516638028732531 -0.194266923237022
      vertex -0.286601991179386 0.514638476571655 -0.194271660109353
      vertex -0.295414557577064 0.510031493580560 -0.179756251083429
   endloop
endfacet
facet normal 0.249562233910604 -0.964836820020039 -0.082514254157495
   outer loop
      vertex -0.095873392725244 0.579303795351197 -0.317127842274852
      vertex -0.101880155004755 0.579381472369979 -0.336203415058079
      vertex -0.085598479161389 0.584001650999971 -0.340983523247077
   endloop
endfacet
facet normal 0.256147805295939 -0.965637426110372 0.043962064749158
   outer loop
      vertex 0.077867478568897 0.629601537095911 -0.324078889003336
      vertex 0.082494866675065 0.629943337117814 -0.343532943746497
      vertex 0.098931485485233 0.634498246693891 -0.339252268451290
   endloop
endfacet
facet normal -0.175724725338934 -0.961427322837325 0.211608893495548
   outer loop
      vertex 0.228263757865632 0.836240108009969 0.223963077077353
      vertex 0.231589293870526 0.831626144403085 0.205761517995657
      vertex 0.239083751531941 0.831713378443527 0.212381422674234
   endloop
endfacet
facet normal 0.698080907925820 0.006805564708611 0.715986543364091
   outer loop
      vertex 0.249747445476882 0.836461041699599 0.244900732224646
      vertex 0.249706894853486 0.838460525413051 0.244921263337050
      vertex 0.237284278756978 0.842947339991312 0.256990562539119
   endloop
endfacet
facet normal -0.289164460182713 0.957203786484100 -0.012034371929711
   outer loop
      vertex 0.043633297597042 0.624215325348594 -0.309973452317463
      vertex 0.030430411338974 0.619956125376505 -0.331504851257245
      vertex 0.028696534508428 0.619682805011323 -0.311582559453982
   endloop
endfacet
facet normal -0.283537876726731 0.956700442647400 0.065806804356134
   outer loop
      vertex -0.060922732883969 0.592362649545370 -0.305778660483874
      vertex -0.046170654284592 0.596927403170717 -0.308579719924092
      vertex -0.065033917900071 0.592490456040661 -0.325350332646288
   endloop
endfacet
facet normal -0.282935838281264 0.004748381838555 -0.959127084533637
   outer loop
      vertex -0.085598479161389 0.584001650999971 -0.340983523247077
      vertex -0.101880155004755 0.579381472369979 -0.336203415058079
      vertex -0.085621630051524 0.586001320755390 -0.340966794064557
   endloop
endfacet
facet normal 0.063580690432550 0.014554177475717 -0.997870568622066
   outer loop
      vertex -0.014301756895465 0.916050076413949 0.311169553365946
      vertex -0.029566821900750 0.918713919075056 0.310235771608094
      vertex -0.029597171133532 0.920713434778773 0.310263001273040
   endloop
endfacet
facet normal -0.199147745239903 -0.016155082490246 0.979836307183805
   outer loop
      vertex 0.073211841069077 0.631259281842177 -0.304596404665696
      vertex 0.058473884749025 0.628740709090988 -0.307633359409380
      vertex 0.058501134551899 0.626741133882945 -0.307660789058020
   endloop
endfacet
facet normal -0.641016099706827 -0.023835747121753 0.767157231000135
   outer loop
      vertex 0.206426840502269 0.681023369071296 -0.234963156011485
      vertex 0.206392993360038 0.683022745383228 -0.234929316709678
      vertex 0.194773867050732 0.677987365580975 -0.244794398810977
   endloop
endfacet
facet normal -0.260659973639486 0.965384516176619 -0.009440024825018
   outer loop
      vertex 0.030430411338974 0.619956125376505 -0.331504851257245
      vertex 0.032164188168106 0.620229444810383 -0.351427243054763
      vertex 0.015213501870630 0.615642908949494 -0.352423560299057
   endloop
endfacet
facet normal 0.391205948532802 0.020241655050259 -0.920080529754530
   outer loop
      vertex 0.146931269466815 0.653386350913944 -0.321260501125552
      vertex 0.131192907094299 0.646224197824459 -0.328109808994537
      vertex 0.131161956754512 0.648223763548662 -0.328078978472981
   endloop
endfacet
facet normal -0.289727704242846 0.957006383896529 0.014022787720691
   outer loop
      vertex 0.013699099296592 0.615143309453621 -0.312456486395063
      vertex -0.001544680334330 0.610823359321385 -0.332589817042991
      vertex -0.001323112656373 0.610597427969667 -0.312592934385229
   endloop
endfacet
facet normal -0.304566604735801 -0.018764934369105 0.952306180027112
   outer loop
      vertex -0.100884406351526 0.938764813581238 0.337629102035547
      vertex -0.100914957024334 0.940764399932125 0.337658732623422
      vertex -0.117389466319408 0.945465744569869 0.332482493047853
   endloop
endfacet
facet normal 0.697997654186753 0.006488837197334 0.716070645775692
   outer loop
      vertex 0.249747445476882 0.836461041699599 0.244900732224646
      vertex 0.237284278756978 0.842947339991312 0.256990562539119
      vertex 0.237323929558174 0.840947838389050 0.256970031428207
   endloop
endfacet
facet normal -0.032558111565148 -0.958255670273614 0.284052881977595
   outer loop
      vertex 0.324959097909870 0.781531666066298 0.059753036212486
      vertex 0.315131433059553 0.781321381410531 0.057917192588048
      vertex 0.317662301397711 0.776602517058458 0.042288137188196
   endloop
endfacet
facet normal 0.025216711750059 -0.964019408790794 0.264633136479851
   outer loop
      vertex 0.350396600995151 0.767809037974149 0.011892722710372
      vertex 0.330648543381569 0.762608308490831 -0.005170987244437
      vertex 0.350641737902245 0.763068897796447 -0.005398266389806
   endloop
endfacet
facet normal 0.089788883947383 0.958455383053892 -0.270742008219080
   outer loop
      vertex 0.306595165743713 0.804151810095249 0.122409366539962
      vertex 0.293466015482579 0.799227408264143 0.100622310917269
      vertex 0.297312395512599 0.803972210495623 0.118695026867805
   endloop
endfacet
facet normal 0.778553869275101 0.025008746316418 -0.627079289439900
   outer loop
      vertex 0.279501179950423 0.703991809904885 -0.214286983949934
      vertex 0.279537526435781 0.701992491417921 -0.214321593212912
      vertex 0.268792725957354 0.699016882034876 -0.227780532759144
   endloop
endfacet
facet normal -0.824266657392780 -0.012244231718430 -0.566069391771150
   outer loop
      vertex 0.250817921125020 0.824543987593358 0.181876102975396
      vertex 0.259512676612781 0.822000339340210 0.169270489374216
      vertex 0.259557026316131 0.820000939608018 0.169249158300158
   endloop
endfacet
facet normal 0.979141337542530 0.020987977209434 0.202093408917962
   outer loop
      vertex 0.340971849454521 0.788642899742992 0.080379217101702
      vertex 0.341020097371411 0.786643628233380 0.080353086289092
      vertex 0.344614627592159 0.781952238296783 0.063424823455448
   endloop
endfacet
facet normal 0.662003400796188 0.005134012122475 0.749483248147554
   outer loop
      vertex 0.237323929558174 0.840947838389050 0.256970031428207
      vertex 0.224287313814876 0.847435882818814 0.268440566999791
      vertex 0.224326064793873 0.845436363327744 0.268420035890374
   endloop
endfacet
facet normal -0.102791322091486 -0.013812848989869 0.994607032604067
   outer loop
      vertex 0.043685898043808 0.620216113927726 -0.310026111734382
      vertex 0.028721985132566 0.617683170786142 -0.311607789222429
      vertex 0.028747535758115 0.615683537492264 -0.311632918996625
   endloop
endfacet
facet normal 0.197417940787552 0.961427177125353 -0.191530519082411
   outer loop
      vertex 0.204917479869085 0.849295835815121 0.245520435045243
      vertex 0.223623200651588 0.844826699444555 0.242367390350298
      vertex 0.216812537993963 0.844766578848365 0.235045588169280
   endloop
endfacet
facet normal 0.391195743230730 0.020176121386807 -0.920086308236320
   outer loop
      vertex 0.146962417673726 0.651386894421404 -0.321291830562979
      vertex 0.131223755487476 0.644224729030932 -0.328140538464955
      vertex 0.131192907094299 0.646224197824459 -0.328109808994537
   endloop
endfacet
facet normal 0.100189846652356 0.961151089556339 -0.257197546007812
   outer loop
      vertex 0.290990807922025 0.808518435533908 0.133221799442468
      vertex 0.297312395512599 0.803972210495623 0.118695026867805
      vertex 0.281900720835582 0.808351623632850 0.129057428948561
   endloop
endfacet
facet normal 0.103802107450085 0.013824443097518 -0.994501889018801
   outer loop
      vertex 0.049071462621259 0.622808811956354 -0.349626674294076
      vertex 0.032189738793654 0.618229811516506 -0.351452372828959
      vertex 0.032164188168106 0.620229444810383 -0.351427243054763
   endloop
endfacet
facet normal 0.255181994883208 0.961043784581299 -0.106193190012729
   outer loop
      vertex 0.124200300906683 0.876544919819767 0.295157234085553
      vertex 0.138604944583732 0.871991346217435 0.288561915694803
      vertex 0.120252549477784 0.876577937578509 0.285969605641651
   endloop
endfacet
facet normal 0.236483838049171 -0.005985562141028 0.971616985950426
   outer loop
      vertex -0.060876529604405 0.588363233424428 -0.305814519771340
      vertex -0.060899582247831 0.590362992466052 -0.305796589599413
      vertex -0.075491577312625 0.585795687578454 -0.302273150672348
   endloop
endfacet
facet normal -0.274416482420396 -0.958165935775553 0.081324250352369
   outer loop
      vertex 0.094588652947696 0.881672405988906 0.306152579339254
      vertex 0.091560377726545 0.881730824250634 0.296622405470869
      vertex 0.106069559883674 0.877151331818332 0.291625680390012
   endloop
endfacet
facet normal 0.180695728740101 0.963898739327857 -0.195571659340639
   outer loop
      vertex 0.235343819838660 0.840312684997987 0.230983390663992
      vertex 0.246495310332031 0.835799442045910 0.219042588512890
      vertex 0.228182656618840 0.840239075436877 0.224004139302162
   endloop
endfacet
facet normal 0.479400643177954 0.021821672758313 -0.877324818934580
   outer loop
      vertex 0.177444838753242 0.659659360945513 -0.305393209683527
      vertex 0.162413360431880 0.654532436142592 -0.313734451481940
      vertex 0.177412988908752 0.661658892935779 -0.305360879244201
   endloop
endfacet
facet normal 0.186830495471679 0.961433745867836 -0.201840328647049
   outer loop
      vertex 0.216812537993963 0.844766578848365 0.235045588169280
      vertex 0.235343819838660 0.840312684997987 0.230983390663992
      vertex 0.228182656618840 0.840239075436877 0.224004139302162
   endloop
endfacet
facet normal 0.767225207283494 0.010900030693515 0.641285171074211
   outer loop
      vertex -0.226146341009347 0.530879288880085 -0.208404557803393
      vertex -0.235764246455501 0.528309642473075 -0.196854144573256
      vertex -0.235731495020562 0.526310041693147 -0.196859340415502
   endloop
endfacet
facet normal 0.140611387201333 -0.008465552897256 0.990028672414825
   outer loop
      vertex -0.031248179537267 0.597489363197398 -0.310693060228876
      vertex -0.031271629584976 0.599488987905232 -0.310672631252382
      vertex -0.046147501914921 0.594927658792839 -0.308598850029205
   endloop
endfacet
facet normal 0.154035730120835 -0.965007114495788 -0.212212777227609
   outer loop
      vertex -0.269852679289217 0.514909408973502 -0.183346112548156
      vertex -0.286601991179386 0.514638476571655 -0.194271660109353
      vertex -0.277085631996529 0.519249333988914 -0.208331373740813
   endloop
endfacet
facet normal -0.826050480658458 -0.012704005869641 -0.563452936489637
   outer loop
      vertex -0.277153828431117 0.523248688072711 -0.208321551906822
      vertex -0.277119725214811 0.521249011130195 -0.208326462823825
      vertex -0.286672875168251 0.518637680868069 -0.194262185308138
   endloop
endfacet
facet normal 0.995685876314570 0.023510506015660 -0.089760190589005
   outer loop
      vertex 0.349998040798360 0.760313945043840 -0.022646694613830
      vertex 0.348557717093943 0.755545014305968 -0.039872927473450
      vertex 0.348513369591906 0.757544304178608 -0.039841196979887
   endloop
endfacet
facet normal -0.102684623833574 -0.014444471672348 0.994609081632711
   outer loop
      vertex 0.043685898043808 0.620216113927726 -0.310026111734382
      vertex 0.043659647810547 0.622215720631983 -0.309999782026006
      vertex 0.028721985132566 0.617683170786142 -0.311607789222429
   endloop
endfacet
facet normal 0.268804309337164 0.962585244342631 -0.034262087729845
   outer loop
      vertex 0.053157031506557 0.899140504787465 0.346818741654030
      vertex 0.049963609896449 0.899329570731278 0.327076412817013
      vertex 0.033800034344338 0.903922241936202 0.329294572196904
   endloop
endfacet
facet normal 0.778585967728493 0.024737298088983 -0.627050202886135
   outer loop
      vertex 0.279537526435781 0.701992491417921 -0.214321593212912
      vertex 0.268864121221109 0.695018116817306 -0.227849522352334
      vertex 0.268828372604284 0.697017548472418 -0.227815032027100
   endloop
endfacet
facet normal 0.918759719430890 0.017182107136644 0.394443092404490
   outer loop
      vertex 0.318260969201114 0.809018869249436 0.145714910924355
      vertex 0.318308116067443 0.807019639934765 0.145692180980346
      vertex 0.325208954715492 0.802511708207318 0.129814714915377
   endloop
endfacet
facet normal 0.937000560397004 0.018741724322992 0.348824737633530
   outer loop
      vertex 0.325208954715492 0.802511708207318 0.129814714915377
      vertex 0.331377127471155 0.795997411744549 0.113595990811693
      vertex 0.331279330962873 0.799995975403425 0.113643852684666
   endloop
endfacet
facet normal 0.459951848710736 -0.001250322756435 0.887942978777681
   outer loop
      vertex 0.167196784667059 0.865422764098838 0.307518835240464
      vertex 0.167161235191580 0.867422239825506 0.307540065248944
      vertex 0.151786095142306 0.871930882245670 0.315510691198159
   endloop
endfacet
facet normal 0.200779824620844 0.963870072353351 -0.175048409437988
   outer loop
      vertex 0.211361241521468 0.849342325276023 0.253167389043882
      vertex 0.223623200651588 0.844826699444555 0.242367390350298
      vertex 0.204917479869085 0.849295835815121 0.245520435045243
   endloop
endfacet
facet normal 0.464405034558871 0.000941011222627 0.885622424272473
   outer loop
      vertex -0.131564749381799 0.565501801028325 -0.281169426824806
      vertex -0.144880206880054 0.562922796815560 -0.274184291622710
      vertex -0.144855255124214 0.560923101886834 -0.274195251130281
   endloop
endfacet
facet normal 0.225917426263768 0.961324171968487 -0.157534608576836
   outer loop
      vertex 0.166372499094489 0.862900479831670 0.273300255794638
      vertex 0.185330964319668 0.858381539716781 0.272912285842579
      vertex 0.179667219329101 0.858362039419218 0.264671018666942
   endloop
endfacet
facet normal 0.175746363709554 0.961420524423762 -0.211621810926018
   outer loop
      vertex 0.228182656618840 0.840239075436877 0.224004139302162
      vertex 0.246495310332031 0.835799442045910 0.219042588512890
      vertex 0.239000750702839 0.835712305992487 0.212422684891033
   endloop
endfacet
facet normal -0.263315175437531 -0.958453922503565 0.109686812433547
   outer loop
      vertex 0.124268704069778 0.872545729539464 0.295113372038112
      vertex 0.120320950653346 0.872578847272869 0.285925744650763
      vertex 0.134280963463660 0.868012362322593 0.279535895453421
   endloop
endfacet
facet normal -0.247448019585085 -0.963426145444084 0.102856890280495
   outer loop
      vertex 0.136111862330130 0.872446475382610 0.322676155262463
      vertex 0.128216357505965 0.872512609818414 0.304300999425628
      vertex 0.143068429847724 0.867972086291292 0.297501812804066
   endloop
endfacet
facet normal -0.262826255644335 0.962243006897084 -0.070786686754196
   outer loop
      vertex 0.102074137665568 0.642273274214074 -0.296291504835595
      vertex 0.115081623988067 0.643044066384480 -0.334109626752208
      vertex 0.093300348644965 0.638133520239900 -0.319989000406334
   endloop
endfacet
facet normal 0.247722032886034 0.963343738485643 -0.102969101886513
   outer loop
      vertex 0.136043461154568 0.876445565688249 0.322720016253351
      vertex 0.128147954321704 0.876511801155058 0.304344761478652
      vertex 0.112986790380947 0.881058830815147 0.310410641320167
   endloop
endfacet
facet normal 0.203916482500073 0.958851150875364 -0.197541232733291
   outer loop
      vertex 0.198473820205646 0.849249247310858 0.237873579984302
      vertex 0.216812537993963 0.844766578848365 0.235045588169280
      vertex 0.210001873348806 0.844706558226839 0.227723787044817
   endloop
endfacet
facet normal -0.329148524331546 0.002859141092274 -0.944273834352398
   outer loop
      vertex -0.101926659262209 0.583380934288737 -0.336172455496612
      vertex -0.117929876317047 0.576758261386379 -0.330614215999781
      vertex -0.117953327677077 0.578757951587408 -0.330599986677222
   endloop
endfacet
facet normal 0.503032440951549 0.000097952520161 0.864267524413379
   outer loop
      vertex 0.182167236376493 0.860919513008955 0.298806810517879
      vertex 0.182130885008027 0.862919075978148 0.298827741600985
      vertex 0.167161235191580 0.867422239825506 0.307540065248944
   endloop
endfacet
facet normal -0.253897280927818 0.960989824519533 0.109702907470033
   outer loop
      vertex -0.125841268578840 0.574105394988954 -0.305849482484209
      vertex -0.111018885454658 0.578705570804048 -0.311841660744257
      vertex -0.133686988391901 0.574132527993551 -0.324245362003952
   endloop
endfacet
facet normal 0.898378182796321 0.016195739196949 0.438924069410012
   outer loop
      vertex 0.310595998995651 0.813520764136334 0.161237255137671
      vertex 0.318308116067443 0.807019639934765 0.145692180980346
      vertex 0.318260969201114 0.809018869249436 0.145714910924355
   endloop
endfacet
facet normal 0.700902532122174 0.007867007491583 0.713213678120276
   outer loop
      vertex -0.205327358686507 0.540025524895086 -0.230006354676314
      vertex -0.205356612484197 0.542025279435520 -0.229999663866715
      vertex -0.216034080018071 0.537450803288634 -0.219456047416338
   endloop
endfacet
facet normal -0.054255339929155 -0.012719821560957 0.998446074772508
   outer loop
      vertex 0.028721985132566 0.617683170786142 -0.311607789222429
      vertex 0.013699099296592 0.615143309453621 -0.312456486395063
      vertex 0.013723848304318 0.613143749669825 -0.312480615167194
   endloop
endfacet
facet normal 0.288104928864451 0.957346767683109 -0.021970807238554
   outer loop
      vertex 0.032689892475608 0.904028199395155 0.319357071767813
      vertex 0.031579648639101 0.904134254841126 0.309419572395443
      vertex 0.016308173851448 0.908760836476958 0.310760252180853
   endloop
endfacet
facet normal 0.280536030577421 0.959823572037970 -0.006184343791878
   outer loop
      vertex 0.016928941273871 0.908643701858093 0.320740140490264
      vertex 0.032689892475608 0.904028199395155 0.319357071767813
      vertex 0.016308173851448 0.908760836476958 0.310760252180853
   endloop
endfacet
facet normal 0.435880366373863 0.020888508198291 -0.899762177708664
   outer loop
      vertex 0.162381810422291 0.656531979377505 -0.313702621015205
      vertex 0.146993567868170 0.649387337954202 -0.321323161056958
      vertex 0.146962417673726 0.651386894421404 -0.321291830562979
   endloop
endfacet
facet normal 0.602932687188577 0.023425198416600 -0.797448076553392
   outer loop
      vertex 0.219848279079249 0.674927950304458 -0.276065659530875
      vertex 0.206197250009342 0.669857370117468 -0.286535847161226
      vertex 0.219814931770507 0.676927339934911 -0.276032140212037
   endloop
endfacet
facet normal 0.274050750534036 -0.961656187168688 0.010656632296982
   outer loop
      vertex 0.030481412567492 0.615956858913789 -0.331555310794307
      vertex 0.014505851591650 0.611393839609452 -0.332488182481815
      vertex 0.032215189417792 0.616230177291325 -0.351477602597406
   endloop
endfacet
facet normal 0.375657985753559 -0.001604114147404 0.926756982470260
   outer loop
      vertex -0.104060889904432 0.576653401832641 -0.293097565190568
      vertex -0.117995548776361 0.574078262512529 -0.287453652961674
      vertex -0.117971697262521 0.572078568642320 -0.287466782346296
   endloop
endfacet
facet normal -0.112218736622120 -0.015233684870098 0.993566751655979
   outer loop
      vertex -0.032975019970074 0.918119794150459 0.350085641308432
      vertex -0.033005371190389 0.920119409828841 0.350112872029933
      vertex -0.050189653904626 0.924757296831359 0.348243096915384
   endloop
endfacet
facet normal 0.589033957531473 0.004117355362125 0.808097793747534
   outer loop
      vertex -0.170328180977686 0.551762507358452 -0.258323760703719
      vertex -0.170354532867578 0.553762194953174 -0.258314741085540
      vertex -0.182474571681490 0.549181857243027 -0.249456935308309
   endloop
endfacet
facet normal 0.281427546083393 0.959543698273371 0.008627132162046
   outer loop
      vertex 0.001251728483272 0.913143159776012 0.331349380637096
      vertex 0.001121842299478 0.913271146816422 0.321351202043134
      vertex -0.014693710267736 0.917911201595607 0.321188555402184
   endloop
endfacet
facet normal 0.140598167593710 -0.961203122641553 -0.237319852295205
   outer loop
      vertex -0.292666984802338 0.501172473256794 -0.141160519894702
      vertex -0.303501254995314 0.505429296073077 -0.164820360677452
      vertex -0.285759254164679 0.505746733220437 -0.155594957881292
   endloop
endfacet
facet normal -0.257321165462920 -0.017945559256697 0.966159290545699
   outer loop
      vertex -0.084140223040765 0.932080110382434 0.341964486550161
      vertex -0.084170673860328 0.934079705059018 0.341993517171357
      vertex -0.100884406351526 0.938764813581238 0.337629102035547
   endloop
endfacet
facet normal 0.918801617552505 0.017499440469452 0.394331532046520
   outer loop
      vertex 0.318260969201114 0.809018869249436 0.145714910924355
      vertex 0.325208954715492 0.802511708207318 0.129814714915377
      vertex 0.325160908132795 0.804510914351472 0.129837944832971
   endloop
endfacet
facet normal 0.199886985381694 0.016703942274304 -0.979676564682199
   outer loop
      vertex 0.082494866675065 0.629943337117814 -0.343532943746497
      vertex 0.065870773110284 0.625380330722393 -0.347002619622531
      vertex 0.082466615272714 0.631942982916989 -0.343504613089880
   endloop
endfacet
facet normal -0.851009712387496 -0.013275782451615 -0.524982116859658
   outer loop
      vertex 0.259512676612781 0.822000339340210 0.169270489374216
      vertex 0.267625509564872 0.817454666932962 0.156234326694676
      vertex 0.259557026316131 0.820000939608018 0.169249158300158
   endloop
endfacet
facet normal 0.284238344325002 -0.950611136606257 0.124687732257596
   outer loop
      vertex 0.143985872487422 0.653677474330815 -0.278242381293439
      vertex 0.148592820948311 0.653891141346312 -0.287115404632825
      vertex 0.162332301803174 0.659000006707193 -0.279486289882075
   endloop
endfacet
facet normal 0.285978586885995 -0.956770469963136 -0.052976557543973
   outer loop
      vertex -0.060876529604405 0.588363233424428 -0.305814519771340
      vertex -0.049271740173101 0.593080660987443 -0.328367402767148
      vertex -0.046124249565004 0.592927916402606 -0.308617980134484
   endloop
endfacet
facet normal -0.129595588775975 0.961280372010460 0.243197511823702
   outer loop
      vertex -0.298935899258290 0.500602980761510 -0.126390664366277
      vertex -0.274571766500991 0.505511797606370 -0.132810405840407
      vertex -0.292746359017665 0.505171604593662 -0.141150648044944
   endloop
endfacet
facet normal 0.106639192492337 -0.961591870190254 -0.252921248234685
   outer loop
      vertex -0.285396622345979 0.492426151154681 -0.104843682743910
      vertex -0.323209959816204 0.491657683909437 -0.117865253453046
      vertex -0.298853615751201 0.496603913920077 -0.126401166185700
   endloop
endfacet
facet normal -0.826131114765609 -0.012701539492071 -0.563334760254206
   outer loop
      vertex -0.277119725214811 0.521249011130195 -0.208326462823825
      vertex -0.277085631996529 0.519249333988914 -0.208331373740813
      vertex -0.286601991179386 0.514638476571655 -0.194271660109353
   endloop
endfacet
facet normal -0.271112867971560 0.961214700235591 0.050637070128894
   outer loop
      vertex -0.046170654284592 0.596927403170717 -0.308579719924092
      vertex -0.049318142883992 0.597080046724550 -0.328329043618892
      vertex -0.065033917900071 0.592490456040661 -0.325350332646288
   endloop
endfacet
facet normal -0.025214123799171 0.964083951425002 -0.264398151592999
   outer loop
      vertex 0.330557050346692 0.766606761128606 -0.005110227158512
      vertex 0.350550344868780 0.767067351365526 -0.005337406309628
      vertex 0.349952993307615 0.762313227341012 -0.022615564085615
   endloop
endfacet
facet normal 0.133162745941277 -0.010225479605039 0.991041433372100
   outer loop
      vertex 0.053220234702119 0.895141260797667 0.346770179877558
      vertex 0.036051671621250 0.901710604833161 0.349144841135827
      vertex 0.036082921184227 0.899711081666047 0.349120011335425
   endloop
endfacet
facet normal 0.700967066091394 0.007833180759528 0.713150624717116
   outer loop
      vertex -0.205298206856594 0.538025868341670 -0.230013044429194
      vertex -0.205327358686507 0.540025524895086 -0.230006354676314
      vertex -0.216003728298226 0.535451164248912 -0.219462137204699
   endloop
endfacet
facet normal 0.274000768473981 -0.961372825419942 -0.026189108800129
   outer loop
      vertex -0.033424567145199 0.597666691195164 -0.330572735995376
      vertex -0.018686461948354 0.602449783247471 -0.351958823435716
      vertex -0.017486182474159 0.602248076380241 -0.331996593977724
   endloop
endfacet
facet normal 0.086647938851865 0.960894261537007 -0.263010176301174
   outer loop
      vertex 0.290990807922025 0.808518435533908 0.133221799442468
      vertex 0.306595165743713 0.804151810095249 0.122409366539962
      vertex 0.297312395512599 0.803972210495623 0.118695026867805
   endloop
endfacet
facet normal 0.139540357653597 0.961414198784043 -0.237089069681296
   outer loop
      vertex 0.267895608377712 0.822127795813400 0.174721165617760
      vertex 0.276265026785701 0.817595432718678 0.161267965942235
      vertex 0.259512676612781 0.822000339340210 0.169270489374216
   endloop
endfacet
facet normal 0.265896788143647 -0.961101540684284 -0.074717645500830
   outer loop
      vertex -0.075468426401323 0.583796016766695 -0.302289779860450
      vertex -0.080533501788295 0.583898783430349 -0.321636702079165
      vertex -0.064987716586873 0.588491138838041 -0.325386090882782
   endloop
endfacet
facet normal 0.836236833882230 0.024991326820851 -0.547798677656634
   outer loop
      vertex 0.298917843869794 0.711886537986216 -0.185827981966583
      vertex 0.289612467919455 0.704949360622205 -0.200349498198682
      vertex 0.289575421582758 0.706948664678045 -0.200314839937278
   endloop
endfacet
facet normal 0.237264362365688 -0.960887994306193 -0.142828165112572
   outer loop
      vertex -0.181612060055087 0.551688171669755 -0.274835359167537
      vertex -0.178706304198363 0.556245087040852 -0.300665369359944
      vertex -0.168246683560372 0.556294090674609 -0.283619654209948
   endloop
endfacet
facet normal 0.025283866957610 -0.959727565076287 0.279792292432104
   outer loop
      vertex 0.330416030281071 0.767357356724348 0.011139938579188
      vertex 0.320651845136636 0.762378062365880 -0.005057397140519
      vertex 0.330648543381569 0.762608308490831 -0.005170987244437
   endloop
endfacet
facet normal 0.435799575753412 0.021178360616091 -0.899794535888477
   outer loop
      vertex 0.162381810422291 0.656531979377505 -0.313702621015205
      vertex 0.146962417673726 0.651386894421404 -0.321291830562979
      vertex 0.162350362380479 0.658531424625398 -0.313670791605190
   endloop
endfacet
facet normal 0.665076450840107 0.007230744914831 0.746740270017563
   outer loop
      vertex -0.194142041977027 0.544602619459233 -0.240012760975699
      vertex -0.205356612484197 0.542025279435520 -0.229999663866715
      vertex -0.205327358686507 0.540025524895086 -0.230006354676314
   endloop
endfacet
facet normal 0.181432320039550 -0.964856701286016 -0.190089082349654
   outer loop
      vertex -0.241075851686508 0.528680668543586 -0.221680323708819
      vertex -0.256036955934024 0.528481767962013 -0.234950508738804
      vertex -0.244555407609781 0.533102772478896 -0.247447192900309
   endloop
endfacet
facet normal 0.283237101482061 -0.952942546287824 0.108061315087865
   outer loop
      vertex 0.134498701633737 0.648765650345995 -0.294056161520682
      vertex 0.138663689709452 0.648972913536167 -0.303145161013979
      vertex 0.153199667441423 0.654104906348828 -0.295988426915492
   endloop
endfacet
facet normal -0.778205732731071 -0.025008733885262 0.627511275415791
   outer loop
      vertex 0.247692119986969 0.700994090552129 -0.190138251446924
      vertex 0.238208756826735 0.696026897415324 -0.202096970090199
      vertex 0.247728466473110 0.698994772026080 -0.190172857010109
   endloop
endfacet
facet normal 0.238506610558120 0.967487775901704 -0.084154620793220
   outer loop
      vertex 0.119971124128804 0.880967122143004 0.329150940249692
      vertex 0.136043461154568 0.876445565688249 0.322720016253351
      vertex 0.112986790380947 0.881058830815147 0.310410641320167
   endloop
endfacet
facet normal 0.199527814942848 -0.960926170560951 -0.191858139767900
   outer loop
      vertex -0.241075851686508 0.528680668543586 -0.221680323708819
      vertex -0.244555407609781 0.533102772478896 -0.247447192900309
      vertex -0.230264355114521 0.533277049617872 -0.233457716003018
   endloop
endfacet
facet normal 0.140425616121139 -0.007845387187092 0.990060147787438
   outer loop
      vertex -0.031271629584976 0.599488987905232 -0.310672631252382
      vertex -0.046170654284592 0.596927403170717 -0.308579719924092
      vertex -0.046147501914921 0.594927658792839 -0.308598850029205
   endloop
endfacet
facet normal -0.199047589012846 -0.016753588231755 0.979846607683842
   outer loop
      vertex 0.073211841069077 0.631259281842177 -0.304596404665696
      vertex 0.073183491695181 0.633258824622702 -0.304567975071049
      vertex 0.058473884749025 0.628740709090988 -0.307633359409380
   endloop
endfacet
facet normal 0.959088962041430 0.025010192293483 -0.281997966609220
   outer loop
      vertex 0.339226229273566 0.741144042981603 -0.090825719837487
      vertex 0.339268574852984 0.739144829809651 -0.090859009184102
      vertex 0.334511874644207 0.734311620117021 -0.107465434493101
   endloop
endfacet
facet normal 0.678210783678456 0.024214978572543 -0.734468357191095
   outer loop
      vertex 0.245500421088894 0.687010779073165 -0.253134763280378
      vertex 0.232903591961822 0.683978098916758 -0.264866707284193
      vertex 0.245465974122347 0.689010140607102 -0.253100653992645
   endloop
endfacet
facet normal -0.907212886381367 -0.025367420837288 0.419906266616317
   outer loop
      vertex 0.285747689005991 0.727586295102921 -0.124083902841556
      vertex 0.279436158995035 0.722699105762891 -0.138015289945068
      vertex 0.285787734834474 0.725587046461640 -0.124118162130212
   endloop
endfacet
facet normal 0.767344144041210 0.010315366050353 0.641152523062110
   outer loop
      vertex -0.226146341009347 0.530879288880085 -0.208404557803393
      vertex -0.235731495020562 0.526310041693147 -0.196859340415502
      vertex -0.226114787433205 0.528879568435735 -0.208410148678208
   endloop
endfacet
facet normal 0.261229477614159 -0.965178155477107 -0.013794499456082
   outer loop
      vertex -0.001496279563706 0.606824090450143 -0.332635475787104
      vertex -0.001717845254130 0.607049921827197 -0.352632359501421
      vertex 0.015263103862557 0.611643590363879 -0.352471719962173
   endloop
endfacet
facet normal 0.265925386976245 -0.961092734304480 -0.074729141763254
   outer loop
      vertex -0.095873392725244 0.579303795351197 -0.317127842274852
      vertex -0.085598479161389 0.584001650999971 -0.340983523247077
      vertex -0.080533501788295 0.583898783430349 -0.321636702079165
   endloop
endfacet
facet normal 0.279284732096259 0.959979454795333 -0.020963892500574
   outer loop
      vertex 0.033800034344338 0.903922241936202 0.329294572196904
      vertex 0.032689892475608 0.904028199395155 0.319357071767813
      vertex 0.016928941273871 0.908643701858093 0.320740140490264
   endloop
endfacet
facet normal 0.665220723775543 0.006609789575474 0.746617505380975
   outer loop
      vertex -0.194113890095606 0.542602950318121 -0.240020140688405
      vertex -0.194142041977027 0.544602619459233 -0.240012760975699
      vertex -0.205327358686507 0.540025524895086 -0.230006354676314
   endloop
endfacet
facet normal 0.588881917543448 0.004727489934580 0.808205257363048
   outer loop
      vertex -0.170354532867578 0.553762194953174 -0.258314741085540
      vertex -0.182501823575613 0.551181536033480 -0.249448775640634
      vertex -0.182474571681490 0.549181857243027 -0.249456935308309
   endloop
endfacet
facet normal 0.824311330344706 0.012204675688635 0.566005191280678
   outer loop
      vertex 0.283242191479891 0.825000514356323 0.205294869541734
      vertex 0.293132799142237 0.818511560811318 0.191030434319466
      vertex 0.293088549419131 0.820510962531156 0.191051765393359
   endloop
endfacet
facet normal 0.899948249059557 0.016183068199749 0.435696290227815
   outer loop
      vertex -0.268093750188415 0.510063463043249 -0.146360072161833
      vertex -0.274571766500991 0.505511797606370 -0.132810405840407
      vertex -0.268055497755984 0.508063866792237 -0.146364813095214
   endloop
endfacet
facet normal 0.875723122295947 0.014598037425698 0.482592903366342
   outer loop
      vertex 0.302229029773592 0.816018259627460 0.176346851591544
      vertex 0.302274279235643 0.814018880953102 0.176325220532736
      vertex 0.310688295364953 0.809522153103317 0.161192994129441
   endloop
endfacet
facet normal 0.836229404585026 0.025033064444270 -0.547808112929977
   outer loop
      vertex 0.298917843869794 0.711886537986216 -0.185827981966583
      vertex 0.289575421582758 0.706948664678045 -0.200314839937278
      vertex 0.289538273278284 0.708948066720902 -0.200280180619153
   endloop
endfacet
facet normal -0.160973503910481 -0.016169983010364 0.986826257599699
   outer loop
      vertex -0.050189653904626 0.924757296831359 0.348243096915384
      vertex -0.050219905017697 0.926756908159335 0.348270927603229
      vertex -0.067288871505638 0.931410148185923 0.345562843468924
   endloop
endfacet
facet normal 0.083502277552061 0.963260863912837 -0.255256493937989
   outer loop
      vertex 0.300080895008469 0.808685247434966 0.137386169936375
      vertex 0.325160908132795 0.804510914351472 0.129837944832971
      vertex 0.306595165743713 0.804151810095249 0.122409366539962
   endloop
endfacet
facet normal 0.265501523812129 0.960753943715759 0.080379104797542
   outer loop
      vertex -0.063636541257843 0.931745150544971 0.325902111768644
      vertex -0.077279019761472 0.936608274514848 0.312836941359053
      vertex -0.079586355396319 0.936431983223756 0.322565510520490
   endloop
endfacet
facet normal 0.261875235476211 0.960476238770518 0.094375610204747
   outer loop
      vertex -0.079586355396319 0.936431983223756 0.322565510520490
      vertex -0.092566072278127 0.941318664225437 0.308849312332001
      vertex -0.095349032528119 0.941133842459110 0.318452485056246
   endloop
endfacet
facet normal -0.734464029643317 -0.009688354285186 -0.678578458950286
   outer loop
      vertex -0.244616121047496 0.537102050359575 -0.247435013323569
      vertex -0.256068509510167 0.530481488406363 -0.234944917863988
      vertex -0.256100051100752 0.532481109074814 -0.234939328045743
   endloop
endfacet
facet normal 0.181764181863165 -0.009087444728975 0.983300157906990
   outer loop
      vertex 0.070192640690102 0.892582543339821 0.343609082169488
      vertex 0.053157031506557 0.899140504787465 0.346818741654030
      vertex 0.053188683083877 0.897140884314560 0.346794410768501
   endloop
endfacet
facet normal 0.260806290846478 -0.965344866802088 0.009453401174249
   outer loop
      vertex 0.030481412567492 0.615956858913789 -0.331555310794307
      vertex 0.032215189417792 0.616230177291325 -0.351477602597406
      vertex 0.049097812834765 0.620809207239742 -0.349653004002618
   endloop
endfacet
facet normal -0.279068667338679 -0.958803746764671 -0.053066506384371
   outer loop
      vertex -0.046137293362400 0.923232409230596 0.318490070426459
      vertex -0.061749726178967 0.927913544700777 0.316014885666098
      vertex -0.044796588908439 0.923390584527452 0.308581604458783
   endloop
endfacet
facet normal -0.995625676611430 -0.023569439582954 0.090410140967578
   outer loop
      vertex 0.310082296932871 0.759376266132027 -0.020232916218254
      vertex 0.308764258765191 0.756591689193283 -0.035473502569204
      vertex 0.308808704259938 0.754592501282951 -0.035505232006378
   endloop
endfacet
facet normal -0.046897482173819 -0.958358866413598 0.281689384486173
   outer loop
      vertex 0.307800430606724 0.790729764860636 0.088724348554516
      vertex 0.302115455336932 0.785825615623043 0.071093063160159
      vertex 0.311841615850843 0.786030118511542 0.073408093940998
   endloop
endfacet
facet normal -0.958964134176830 -0.024684925635838 0.282450781214772
   outer loop
      vertex 0.300548531623056 0.740156617280753 -0.080675397159315
      vertex 0.296295857350224 0.737314548628199 -0.095362268753302
      vertex 0.296337403007254 0.735315323569183 -0.095395938077379
   endloop
endfacet
facet normal -0.602620858747721 -0.023423949091447 0.797683783971519
   outer loop
      vertex 0.194807214359473 0.675987975950521 -0.244827918129816
      vertex 0.194773867050732 0.677987365580975 -0.244794398810977
      vertex 0.182687488924517 0.672934904306685 -0.254073579747052
   endloop
endfacet
facet normal 0.734910428991606 0.009663666951890 0.678095328770533
   outer loop
      vertex -0.216003728298226 0.535451164248912 -0.219462137204699
      vertex -0.226177792617713 0.532878911337416 -0.208398967985297
      vertex -0.226146341009347 0.530879288880085 -0.208404557803393
   endloop
endfacet
facet normal 0.324322911494891 -0.005392319431742 0.945931060897475
   outer loop
      vertex 0.120038327380801 0.876967915405349 0.329106378243313
      vertex 0.103640325003967 0.883496858738081 0.334765832978288
      vertex 0.103673376643371 0.881497249190741 0.334743102001130
   endloop
endfacet
facet normal 0.096868962575587 0.963378516786917 -0.250036472305481
   outer loop
      vertex 0.292844992633868 0.813213076184030 0.152028348153238
      vertex 0.318260969201114 0.809018869249436 0.145714910924355
      vertex 0.300080895008469 0.808685247434966 0.137386169936375
   endloop
endfacet
facet normal -0.211928462984749 0.953205458362532 -0.215605381947663
   outer loop
      vertex 0.238173010197443 0.698026229095771 -0.202062480821519
      vertex 0.245827889644182 0.698273866343059 -0.208491994069981
      vertex 0.235448633868500 0.693287344685490 -0.220335482927748
   endloop
endfacet
facet normal -0.243360333098593 0.960904095411327 0.132057062271890
   outer loop
      vertex -0.144905158638012 0.564922491849920 -0.274173342114581
      vertex -0.154515517042205 0.564898881335809 -0.291711916295254
      vertex -0.168297887238560 0.560293475819509 -0.283599735081016
   endloop
endfacet
facet normal -0.764775378731116 -0.009245250264290 -0.644230661668807
   outer loop
      vertex 0.231547743465853 0.833625607183742 0.205782149104140
      vertex 0.241474230985774 0.829085263578433 0.194063432363704
      vertex 0.231589293870526 0.831626144403085 0.205761517995657
   endloop
endfacet
facet normal -0.420047593385977 0.000948228300220 -0.907501581350545
   outer loop
      vertex -0.133639283376688 0.570133040278472 -0.324271621829750
      vertex -0.149041530723179 0.565505271293347 -0.317147349121058
      vertex -0.133663134890528 0.572132734148679 -0.324258492445128
   endloop
endfacet
facet normal -0.918742089699330 -0.017181069748213 -0.394484199249115
   outer loop
      vertex 0.281947767721666 0.806352392330533 0.129034699004718
      vertex 0.288077471882526 0.801793401832894 0.114957357283969
      vertex 0.281994916575528 0.804353063041199 0.129011968004157
   endloop
endfacet
facet normal 0.133199315810597 -0.010224727178944 0.991036526683908
   outer loop
      vertex 0.053188683083877 0.897140884314560 0.346794410768501
      vertex 0.036020420070739 0.903710227974938 0.349169671992782
      vertex 0.036051671621250 0.901710604833161 0.349144841135827
   endloop
endfacet
facet normal 0.288859014641237 -0.952647779478889 0.094987777710798
   outer loop
      vertex 0.120084940541172 0.643624049909657 -0.300291571552068
      vertex 0.123797878856607 0.643824276283416 -0.309574560523031
      vertex 0.138663689709452 0.648972913536167 -0.303145161013979
   endloop
endfacet
facet normal -0.548203587423818 -0.002879370218751 -0.836339964346317
   outer loop
      vertex -0.178731856053684 0.558244780924027 -0.300655439793886
      vertex -0.192922293014146 0.553613623761714 -0.291337956955506
      vertex -0.178757509876783 0.560244572794221 -0.300645509171109
   endloop
endfacet
facet normal 0.588947599614207 0.004728580385029 0.808157389025310
   outer loop
      vertex -0.170328180977686 0.551762507358452 -0.258323760703719
      vertex -0.182474571681490 0.549181857243027 -0.249456935308309
      vertex -0.182447319787367 0.547182178452574 -0.249465094975984
   endloop
endfacet
facet normal 0.272838861987880 -0.961291249806965 -0.038445915696242
   outer loop
      vertex -0.049271740173101 0.593080660987443 -0.328367402767148
      vertex -0.035601054733375 0.597844017205285 -0.350452411761711
      vertex -0.033424567145199 0.597666691195164 -0.330572735995376
   endloop
endfacet
facet normal 0.944127186665162 0.025201177554595 -0.328616426932051
   outer loop
      vertex 0.334428681364485 0.738310168116438 -0.107398084788786
      vertex 0.334470328989293 0.736310845070404 -0.107431755169582
      vertex 0.328909108336316 0.731460626939054 -0.123781305519166
   endloop
endfacet
facet normal 0.767298675808283 0.010276211754429 0.641207565126016
   outer loop
      vertex -0.226177792617713 0.532878911337416 -0.208398967985297
      vertex -0.235764246455501 0.528309642473075 -0.196854144573256
      vertex -0.226146341009347 0.530879288880085 -0.208404557803393
   endloop
endfacet
facet normal -0.258202440961048 -0.963085613549937 0.076141975643517
   outer loop
      vertex 0.081941849272350 0.886176660138056 0.320238722789366
      vertex 0.094588652947696 0.881672405988906 0.306152579339254
      vertex 0.097616928168847 0.881613987727179 0.315682753207640
   endloop
endfacet
facet normal -0.215998715090678 0.960891844673475 0.173295752744208
   outer loop
      vertex -0.194170293836575 0.546602286507064 -0.240005371263385
      vertex -0.207019581085100 0.546477684564056 -0.255330043118243
      vertex -0.218943246868725 0.541875650247691 -0.244674497752429
   endloop
endfacet
facet normal 0.627795124034519 0.005965772906380 0.778355761713185
   outer loop
      vertex -0.182447319787367 0.547182178452574 -0.249465094975984
      vertex -0.194142041977027 0.544602619459233 -0.240012760975699
      vertex -0.194113890095606 0.542602950318121 -0.240020140688405
   endloop
endfacet
facet normal 0.277479094702567 -0.006596125429966 0.960709031461845
   outer loop
      vertex 0.103640325003967 0.883496858738081 0.334765832978288
      vertex 0.086990700369045 0.890034415840723 0.339619586992024
      vertex 0.087023252022562 0.888034800580524 0.339596456038021
   endloop
endfacet
facet normal -0.562777851131933 -0.022921219892429 0.826290329093816
   outer loop
      vertex 0.182720236427991 0.670935498947529 -0.254106739084989
      vertex 0.182687488924517 0.672934904306685 -0.254073579747052
      vertex 0.170163061929111 0.667865505382919 -0.262744462929777
   endloop
endfacet
facet normal 0.265978472288998 0.960767248695768 -0.078624080995420
   outer loop
      vertex 0.094522651636663 0.885671527096566 0.306198040236851
      vertex 0.109494574500079 0.881104634698235 0.301040441330001
      vertex 0.091494476395757 0.885729947345939 0.296667866368300
   endloop
endfacet
facet normal -0.971640689301835 -0.024452806834245 0.235194453869521
   outer loop
      vertex 0.304079159581812 0.742983793411514 -0.065795649283682
      vertex 0.300548531623056 0.740156617280753 -0.080675397159315
      vertex 0.300590777213763 0.738157402543693 -0.080708726503532
   endloop
endfacet
facet normal 0.152186902760047 0.961347501376512 -0.229456157523484
   outer loop
      vertex 0.249241533115951 0.831185374003208 0.200329022369625
      vertex 0.266986756338756 0.826771674218165 0.193606567344835
      vertex 0.258880714733574 0.826657493301089 0.187751850176327
   endloop
endfacet
facet normal -0.797381364968324 -0.012117080957259 -0.603354071130980
   outer loop
      vertex -0.266921813587429 0.525863541898244 -0.221896503580850
      vertex -0.277119725214811 0.521249011130195 -0.208326462823825
      vertex -0.277153828431117 0.523248688072711 -0.208321551906822
   endloop
endfacet
facet normal -0.958939539890066 -0.025006858272241 0.282505957237684
   outer loop
      vertex 0.300506184043405 0.742155931061173 -0.080642166752797
      vertex 0.296295857350224 0.737314548628199 -0.095362268753302
      vertex 0.300548531623056 0.740156617280753 -0.080675397159315
   endloop
endfacet
facet normal 0.324474687540264 -0.005055394887945 0.945880869945140
   outer loop
      vertex 0.120004775755508 0.878967519239827 0.329128709243629
      vertex 0.119971124128804 0.880967122143004 0.329150940249692
      vertex 0.103607375332339 0.885496370298401 0.334788562898727
   endloop
endfacet
facet normal -0.269972367070474 -0.958003587843206 -0.096664609335110
   outer loop
      vertex -0.095288035158979 0.937134868775361 0.318393125999356
      vertex -0.092505072921455 0.937319590567024 0.308789952218558
      vertex -0.077218320070368 0.932609181161055 0.312778881173545
   endloop
endfacet
facet normal 0.123931382186740 -0.956858419561899 -0.262798358866239
   outer loop
      vertex -0.285396622345979 0.492426151154681 -0.104843682743910
      vertex -0.298853615751201 0.496603913920077 -0.126401166185700
      vertex -0.280290459172517 0.496966303951328 -0.118966562300019
   endloop
endfacet
facet normal 0.324420316185638 -0.005120037102911 0.945899172040062
   outer loop
      vertex 0.120038327380801 0.876967915405349 0.329106378243313
      vertex 0.120004775755508 0.878967519239827 0.329128709243629
      vertex 0.103640325003967 0.883496858738081 0.334765832978288
   endloop
endfacet
facet normal 0.563094390674807 0.022926806697487 -0.826074493447912
   outer loop
      vertex 0.206197250009342 0.669857370117468 -0.286535847161226
      vertex 0.192051401812116 0.664767798215119 -0.296319632360355
      vertex 0.206164500520451 0.671856875345654 -0.286502676767293
   endloop
endfacet
facet normal -0.548016235951429 -0.003448892931276 -0.836460585007552
   outer loop
      vertex -0.178757509876783 0.560244572794221 -0.300645509171109
      vertex -0.192922293014146 0.553613623761714 -0.291337956955506
      vertex -0.192948644904038 0.555613311356436 -0.291328937337327
   endloop
endfacet
facet normal 0.229879452854311 -0.007816141096263 0.973187723460261
   outer loop
      vertex 0.087055701687136 0.886035284363685 0.339573226146323
      vertex 0.070192640690102 0.892582543339821 0.343609082169488
      vertex 0.070224692336565 0.890582923423105 0.343585451244225
   endloop
endfacet
facet normal -0.190039513610450 0.964738625681172 0.182110865643724
   outer loop
      vertex -0.230325060539627 0.537276427566346 -0.233445525370299
      vertex -0.244616121047496 0.537102050359575 -0.247435013323569
      vertex -0.256100051100752 0.532481109074814 -0.234939328045743
   endloop
endfacet
facet normal 0.043254197867935 -0.010292120053625 0.999011084338709
   outer loop
      vertex -0.001298863274705 0.608597844515200 -0.312615763229091
      vertex -0.016333404456383 0.606045681625268 -0.311991105643155
      vertex -0.016309652734407 0.604045975581808 -0.312012735609721
   endloop
endfacet
facet normal 0.296448675070129 -0.949999102689139 0.098081027416091
   outer loop
      vertex 0.116372002217273 0.643423823958436 -0.291008622578872
      vertex 0.120084940541172 0.643624049909657 -0.300291571552068
      vertex 0.134498701633737 0.648765650345995 -0.294056161520682
   endloop
endfacet
facet normal 0.990091855226025 0.023852855001132 -0.138380488232200
   outer loop
      vertex 0.348557717093943 0.755545014305968 -0.039872927473450
      vertex 0.346322078783332 0.748761518443236 -0.057037869266371
      vertex 0.346278431270006 0.750760815891343 -0.057005538807460
   endloop
endfacet
facet normal -0.068697935406557 0.956525290617255 -0.283443049095320
   outer loop
      vertex 0.318701587450467 0.756829794210190 -0.036565451698839
      vertex 0.326491290323089 0.752277040331988 -0.053817456102698
      vertex 0.316619641588421 0.752035606318738 -0.052239628920592
   endloop
endfacet
facet normal -0.835899603398892 -0.025325873524817 0.548297777824951
   outer loop
      vertex 0.264816527665889 0.712878369656385 -0.164849893851734
      vertex 0.256543948669081 0.707944058246552 -0.177689652708942
      vertex 0.264854373846446 0.710879081406639 -0.164884543114969
   endloop
endfacet
facet normal 0.229968896660197 -0.007573924795683 0.973168506596921
   outer loop
      vertex 0.087055701687136 0.886035284363685 0.339573226146323
      vertex 0.087023252022562 0.888034800580524 0.339596456038021
      vertex 0.070192640690102 0.892582543339821 0.343609082169488
   endloop
endfacet
facet normal -0.766863761777485 -0.010910881381178 -0.641717167870683
   outer loop
      vertex -0.256068509510167 0.530481488406363 -0.234944917863988
      vertex -0.266889012163215 0.523863942154392 -0.221901703422956
      vertex -0.266921813587429 0.525863541898244 -0.221896503580850
   endloop
endfacet
facet normal -0.664560573194486 -0.007225493999558 -0.747199462521139
   outer loop
      vertex -0.219868868333621 0.546353082621048 -0.270654714973100
      vertex -0.232500529460737 0.539726368376102 -0.259356011391914
      vertex -0.232529781273012 0.541726023047507 -0.259349331638310
   endloop
endfacet
facet normal -0.253998963560805 0.960957976545938 0.109746497997768
   outer loop
      vertex -0.117995548776361 0.574078262512529 -0.287453652961674
      vertex -0.125841268578840 0.574105394988954 -0.305849482484209
      vertex -0.140351846334865 0.569503077490399 -0.299134352493006
   endloop
endfacet
facet normal 0.113501562210279 -0.953034176993183 0.280790407348171
   outer loop
      vertex 0.296379048642412 0.733316100603447 -0.095429617401064
      vertex 0.291453983425815 0.728459509186316 -0.109922616099201
      vertex 0.305912181153032 0.733564928924548 -0.098438564702644
   endloop
endfacet
facet normal 0.276887994176558 0.960242615504285 -0.035597163515823
   outer loop
      vertex 0.048366800115500 0.899424051200036 0.317205297867603
      vertex 0.063922472622131 0.894830463995206 0.314289918566712
      vertex 0.046770090314795 0.899518533656439 0.307334182918026
   endloop
endfacet
facet normal -0.200439171956081 0.956572792679206 0.211642695719613
   outer loop
      vertex -0.226177792617713 0.532878911337416 -0.208398967985297
      vertex -0.216034080018071 0.537450803288634 -0.219456047416338
      vertex -0.241138936855211 0.532680009855151 -0.221669143015774
   endloop
endfacet
facet normal 0.258523221085828 -0.960994843681132 -0.098258101842472
   outer loop
      vertex -0.125793563563628 0.570105907273875 -0.305875742310008
      vertex -0.117906324976771 0.574758573172995 -0.330628445322507
      vertex -0.110971880787986 0.574706093471313 -0.311870220440514
   endloop
endfacet
facet normal -0.181120548927719 0.961106603295093 0.208493270535746
   outer loop
      vertex -0.251359422723821 0.528086492267985 -0.209372726599268
      vertex -0.241138936855211 0.532680009855151 -0.221669143015774
      vertex -0.266954607003268 0.527863241921158 -0.221891312681649
   endloop
endfacet
facet normal 0.249031912262951 0.961076224623014 -0.119647804572549
   outer loop
      vertex 0.142998728759653 0.871971159208276 0.297544873841766
      vertex 0.138604944583732 0.871991346217435 0.288561915694803
      vertex 0.124200300906683 0.876544919819767 0.295157234085553
   endloop
endfacet
facet normal -0.861742280995735 -0.025380965044499 0.506711010101100
   outer loop
      vertex 0.272491948133816 0.715797289177757 -0.151649287883679
      vertex 0.264854373846446 0.710879081406639 -0.164884543114969
      vertex 0.272530494188783 0.713798014207723 -0.151683877151425
   endloop
endfacet
facet normal -0.257464395652648 -0.966245645816510 -0.009024240236828
   outer loop
      vertex 0.001572901737163 0.908888039705387 0.351293977286700
      vertex -0.015717019705124 0.913496779714548 0.351112710887531
      vertex 0.001313129327242 0.909144015898885 0.331297420109943
   endloop
endfacet
facet normal 0.206728432099423 -0.955745768233565 0.209316463435983
   outer loop
      vertex 0.263651270670967 0.699493924487282 -0.202264531071397
      vertex 0.245899382900648 0.694275203087799 -0.208560982606782
      vertex 0.253554262347387 0.694522840335086 -0.214990495855244
   endloop
endfacet
facet normal -0.100176408626399 -0.961160240932195 0.257168579740765
   outer loop
      vertex 0.300174990789339 0.804686683799327 0.137340808986555
      vertex 0.291084903702895 0.804519871898269 0.133176438492648
      vertex 0.297408390664113 0.799973697301349 0.118648465981811
   endloop
endfacet
facet normal -0.112185036042083 -0.015233350374178 0.993570562529212
   outer loop
      vertex -0.033005371190389 0.920119409828841 0.350112872029933
      vertex -0.033035720423171 0.922118925532559 0.350140101694881
      vertex -0.050219905017697 0.926756908159335 0.348270927603229
   endloop
endfacet
facet normal -0.237258555104381 0.960890825326444 0.142818765690108
   outer loop
      vertex -0.157838268583869 0.560342579216661 -0.266553998875583
      vertex -0.168297887238560 0.560293475819509 -0.283599735081016
      vertex -0.181664765824520 0.555687646939498 -0.274817328874067
   endloop
endfacet
facet normal -0.920009558360297 -0.017901748541705 -0.391486832377337
   outer loop
      vertex -0.310881259428721 0.502831846064722 -0.149495831174089
      vertex -0.317416760346445 0.496241424218561 -0.133835781127392
      vertex -0.317457902099989 0.498240957639278 -0.133830530217681
   endloop
endfacet
facet normal 0.862012109971354 0.025332599843014 -0.506254265807142
   outer loop
      vertex 0.307542484486462 0.716806330008722 -0.170895282181419
      vertex 0.307580930563302 0.714807052945409 -0.170929861449557
      vertex 0.298955590069683 0.709887247769950 -0.185862633229540
   endloop
endfacet
facet normal -0.229678763360551 0.007868587748493 -0.973234684435369
   outer loop
      vertex 0.076763093574519 0.890317267239089 0.300950781323335
      vertex 0.061875152769435 0.892913578722833 0.304485255785499
      vertex 0.061843101144139 0.894913197583208 0.304508986705181
   endloop
endfacet
facet normal -0.700521619342026 -0.007863825743848 -0.713587850988997
   outer loop
      vertex -0.232500529460737 0.539726368376102 -0.259356011391914
      vertex -0.244585769327651 0.535102411319854 -0.247441103111930
      vertex -0.232529781273012 0.541726023047507 -0.259349331638310
   endloop
endfacet
facet normal -0.213870798430656 -0.967802517434583 0.132731190102089
   outer loop
      vertex 0.167232336130071 0.863423188397507 0.307497604175432
      vertex 0.171697930475382 0.858907551635793 0.281767522232513
      vertex 0.182203587723793 0.858919951096104 0.298785779440355
   endloop
endfacet
facet normal -0.506418223168249 -0.002214497933636 -0.862285149612363
   outer loop
      vertex -0.164125975422409 0.564875268622784 -0.309250470476877
      vertex -0.178731856053684 0.558244780924027 -0.300655439793886
      vertex -0.178757509876783 0.560244572794221 -0.300645509171109
   endloop
endfacet
facet normal -0.248751897667205 -0.961166173356977 0.119507659174088
   outer loop
      vertex 0.143068429847724 0.867972086291292 0.297501812804066
      vertex 0.138674745652047 0.867992275288097 0.288518854656938
      vertex 0.152745110688279 0.863444308691206 0.281227927423673
   endloop
endfacet
facet normal -0.207981445758217 0.960906922950491 0.182761056152948
   outer loop
      vertex -0.205356612484197 0.542025279435520 -0.229999663866715
      vertex -0.218943246868725 0.541875650247691 -0.244674497752429
      vertex -0.230325060539627 0.537276427566346 -0.233445525370299
   endloop
endfacet
facet normal -0.103899153653043 -0.958584119321475 0.265181922564214
   outer loop
      vertex 0.291084903702895 0.804519871898269 0.133176438492648
      vertex 0.281994916575528 0.804353063041199 0.129011968004157
      vertex 0.288125520452755 0.799794095714077 0.114934126309821
   endloop
endfacet
facet normal 0.175477973916697 0.961533521559787 -0.211330943278371
   outer loop
      vertex 0.239000750702839 0.835712305992487 0.212422684891033
      vertex 0.249241533115951 0.831185374003208 0.200329022369625
      vertex 0.231506293041424 0.835625071952044 0.205802780212456
   endloop
endfacet
facet normal -0.661952318735410 -0.005165665221837 -0.749528147319119
   outer loop
      vertex 0.210001873348806 0.844706558226839 0.227723787044817
      vertex 0.198512671164890 0.847249729807433 0.237853048874719
      vertex 0.198473820205646 0.849249247310858 0.237873579984302
   endloop
endfacet
facet normal -0.235415295888814 0.956468157505867 0.172476961182978
   outer loop
      vertex -0.182501823575613 0.551181536033480 -0.249448775640634
      vertex -0.170380986725247 0.555761980534915 -0.258305720410642
      vertex -0.194582857971137 0.551081983982477 -0.265386219698163
   endloop
endfacet
facet normal 0.907490508789168 0.025084857407803 -0.419322938063740
   outer loop
      vertex 0.322516529151206 0.728592394149763 -0.139800224903910
      vertex 0.315428432155027 0.721708397354436 -0.155551962354562
      vertex 0.315389084240939 0.723707757876848 -0.155517512021120
   endloop
endfacet
facet normal -0.998864792738596 -0.023154597639024 0.041629201715341
   outer loop
      vertex 0.310655248859481 0.762147718253911 -0.004943808093321
      vertex 0.310082296932871 0.759376266132027 -0.020232916218254
      vertex 0.310127342436083 0.757377083809517 -0.020264045689915
   endloop
endfacet
facet normal -0.664745750640143 -0.006601477687349 -0.747040499235628
   outer loop
      vertex -0.219840714464668 0.544353313505273 -0.270662095742361
      vertex -0.232500529460737 0.539726368376102 -0.259356011391914
      vertex -0.219868868333621 0.546353082621048 -0.270654714973100
   endloop
endfacet
facet normal -0.270175645711527 0.953534282483478 -0.133332263886422
   outer loop
      vertex 0.162268604095378 0.662998971029964 -0.279421660058305
      vertex 0.167306115750261 0.663218789065746 -0.288057296306789
      vertex 0.153136669390022 0.658103894831634 -0.295924767038742
   endloop
endfacet
facet normal -0.237093138875768 0.960945118831828 0.142728140502560
   outer loop
      vertex -0.168297887238560 0.560293475819509 -0.283599735081016
      vertex -0.154515517042205 0.564898881335809 -0.291711916295254
      vertex -0.178757509876783 0.560244572794221 -0.300645509171109
   endloop
endfacet
facet normal 0.899983647633129 0.016181740102960 0.435623214808633
   outer loop
      vertex -0.268055497755984 0.508063866792237 -0.146364813095214
      vertex -0.274532074393257 0.503512231984501 -0.132815336765573
      vertex -0.268017245325669 0.506064270646858 -0.146369564028037
   endloop
endfacet
facet normal -0.188007012527775 0.007218750495757 -0.982141157309712
   outer loop
      vertex -0.052419328752745 0.593233302553630 -0.348116726461785
      vertex -0.069098801622731 0.588618947320978 -0.344957763045366
      vertex -0.052442481122417 0.595233046931509 -0.348097596356673
   endloop
endfacet
facet normal -0.270717293098605 -0.962451490070970 0.019981903751469
   outer loop
      vertex 0.036082921184227 0.899711081666047 0.349120011335425
      vertex 0.033862537466523 0.899922994596305 0.329245010477411
      vertex 0.050026713132933 0.895330323697492 0.327027951035127
   endloop
endfacet
facet normal -0.163903953914770 -0.961518284911584 0.220495083101167
   outer loop
      vertex 0.257136083831971 0.827287254077507 0.206532120135825
      vertex 0.249326333504786 0.827186486457232 0.200287360172164
      vertex 0.258967412674853 0.822658747720408 0.187709789054594
   endloop
endfacet
facet normal 0.272066958645110 0.961543332618042 0.037603051889291
   outer loop
      vertex -0.015055114298571 0.917772807654446 0.331181027734071
      vertex -0.030479621861300 0.922564518232183 0.320252699419710
      vertex -0.031331621388509 0.922415987994857 0.330215166844713
   endloop
endfacet
facet normal -0.282648685164668 0.004162673467723 -0.959214466594560
   outer loop
      vertex -0.085644680982582 0.588000993554794 -0.340950164876622
      vertex -0.101903406150299 0.581381153870197 -0.336187985802832
      vertex -0.101926659262209 0.583380934288737 -0.336172455496612
   endloop
endfacet
facet normal 0.243111241405390 -0.952213908626194 0.184893473441212
   outer loop
      vertex 0.224573011250877 0.684284490148575 -0.231719947305886
      vertex 0.206460689632032 0.679023892784700 -0.234996996369847
      vertex 0.213088338785595 0.679262756161749 -0.242481343749337
   endloop
endfacet
facet normal 0.188884720156608 -0.953837791404614 0.233486680947177
   outer loop
      vertex 0.273408088028771 0.709131632355657 -0.170155056854995
      vertex 0.256618141324413 0.703945452038012 -0.177758961232363
      vertex 0.264866772962714 0.704196430206932 -0.183406598223873
   endloop
endfacet
facet normal 0.121871847165878 -0.957924293506032 0.259862080302893
   outer loop
      vertex 0.310201918753678 0.728960449325559 -0.116868960461348
      vertex 0.304212200736622 0.724090847290963 -0.132010577450323
      vertex 0.328949956051435 0.729461291372150 -0.123815295880774
   endloop
endfacet
facet normal -0.199295600233754 0.961023308551091 0.191612797456178
   outer loop
      vertex -0.230325060539627 0.537276427566346 -0.233445525370299
      vertex -0.218943246868725 0.541875650247691 -0.244674497752429
      vertex -0.244616121047496 0.537102050359575 -0.247435013323569
   endloop
endfacet
facet normal -0.082968604223053 0.956250630507215 -0.280536882366351
   outer loop
      vertex 0.316619641588421 0.752035606318738 -0.052239628920592
      vertex 0.323557708970038 0.747471112408012 -0.069850297097497
      vertex 0.313775336770358 0.747226755480040 -0.067790092763291
   endloop
endfacet
facet normal -0.345118690988860 -0.019769402078936 0.938350819188419
   outer loop
      vertex 0.116341151849262 0.645423392092821 -0.290977832055249
      vertex 0.116310303466669 0.647422860358176 -0.290947052587621
      vertex 0.102074137665568 0.642273274214074 -0.296291504835595
   endloop
endfacet
facet normal -0.943932926799586 -0.025208306861908 0.329173466380150
   outer loop
      vertex 0.296337403007254 0.735315323569183 -0.095395938077379
      vertex 0.291413135714928 0.730458844541951 -0.109888605738710
      vertex 0.296379048642412 0.733316100603447 -0.095429617401064
   endloop
endfacet
facet normal -0.215787725896144 0.960971251691010 0.173118198858421
   outer loop
      vertex -0.207019581085100 0.546477684564056 -0.255330043118243
      vertex -0.194582857971137 0.551081983982477 -0.265386219698163
      vertex -0.219868868333621 0.546353082621048 -0.270654714973100
   endloop
endfacet
facet normal -0.039410554699667 0.959482292716992 -0.278999172294130
   outer loop
      vertex 0.330557050346692 0.766606761128606 -0.005110227158512
      vertex 0.349952993307615 0.762313227341012 -0.022615564085615
      vertex 0.329995171354409 0.761844389407100 -0.021408724885119
   endloop
endfacet
facet normal 0.304533845464692 -0.947091239202586 0.101377125586581
   outer loop
      vertex 0.102135338737430 0.638274116176047 -0.296351965944526
      vertex 0.123797878856607 0.643824276283416 -0.309574560523031
      vertex 0.120084940541172 0.643624049909657 -0.300291571552068
   endloop
endfacet
facet normal -0.234585395120504 -0.963552274117270 0.128595129921764
   outer loop
      vertex 0.143068429847724 0.867972086291292 0.297501812804066
      vertex 0.152745110688279 0.863444308691206 0.281227927423673
      vertex 0.157574219169346 0.863437268903741 0.289984519672343
   endloop
endfacet
facet normal -0.289296185461886 -0.956444811922999 -0.039000497724791
   outer loop
      vertex -0.030418821427959 0.918565388837728 0.320198239033096
      vertex -0.029566821900750 0.918713919075056 0.310235771608094
      vertex -0.014271205587663 0.914050458372805 0.311142922610623
   endloop
endfacet
facet normal -0.197130750250798 -0.961541688733669 0.191251269623920
   outer loop
      vertex 0.223702602255392 0.840827697171334 0.242326428122729
      vertex 0.216891937610234 0.840767676549808 0.235004626998265
      vertex 0.228263757865632 0.836240108009969 0.223963077077353
   endloop
endfacet
facet normal -0.624384132415104 -0.004111460322160 -0.781106619535552
   outer loop
      vertex 0.198512671164890 0.847249729807433 0.237853048874719
      vertex 0.186502774509167 0.851794802085492 0.247429336966982
      vertex 0.198473820205646 0.849249247310858 0.237873579984302
   endloop
endfacet
facet normal -0.117720475822904 -0.958689300052162 0.258953114554594
   outer loop
      vertex 0.284061786805463 0.809060571715700 0.147379583127304
      vertex 0.275186384588001 0.808906680268034 0.142775079109435
      vertex 0.281994916575528 0.804353063041199 0.129011968004157
   endloop
endfacet
facet normal -0.223740254862696 -0.958903214847569 0.174484735461225
   outer loop
      vertex 0.192601779515172 0.849828307374473 0.255362315909236
      vertex 0.186540725625043 0.849795267749600 0.247408705864475
      vertex 0.198551420156353 0.845250310291026 0.237832518821856
   endloop
endfacet
facet normal 0.181863872541830 -0.008705105406204 0.983285183964426
   outer loop
      vertex 0.070224692336565 0.890582923423105 0.343585451244225
      vertex 0.070192640690102 0.892582543339821 0.343609082169488
      vertex 0.053188683083877 0.897140884314560 0.346794410768501
   endloop
endfacet
facet normal -0.259190317011216 0.949065472600559 -0.179151076706511
   outer loop
      vertex 0.206392993360038 0.683022745383228 -0.234929316709678
      vertex 0.201025821400137 0.678222206994758 -0.252595446831992
      vertex 0.194773867050732 0.677987365580975 -0.244794398810977
   endloop
endfacet
facet normal -0.262719829999617 0.953846782853712 -0.145446229805372
   outer loop
      vertex 0.175619047554581 0.668090813842921 -0.271121875343607
      vertex 0.181074933201924 0.668316120209645 -0.279499277757830
      vertex 0.167306115750261 0.663218789065746 -0.288057296306789
   endloop
endfacet
facet normal -0.278508163575602 -0.955309119688493 -0.099084250321344
   outer loop
      vertex -0.092505072921455 0.937319590567024 0.308789952218558
      vertex -0.089722210643008 0.937504309314701 0.299186878432346
      vertex -0.074910986423054 0.932785572426812 0.303050313068663
   endloop
endfacet
facet normal 0.271231685512116 -0.961876605343820 0.035025260405951
   outer loop
      vertex 0.062199529736172 0.625060893717493 -0.327345419692787
      vertex 0.046391906423175 0.620512611590224 -0.329839558396859
      vertex 0.065870773110284 0.625380330722393 -0.347002619622531
   endloop
endfacet
facet normal 0.147766794825312 -0.957326464706871 0.248376758813901
   outer loop
      vertex 0.297491264473684 0.719204859796034 -0.146835305064785
      vertex 0.290055712377100 0.714302533523749 -0.161306864300770
      vertex 0.315467778079466 0.719709136912321 -0.155586421630892
   endloop
endfacet
facet normal -0.585221804071350 -0.002740991579428 -0.810868624997068
   outer loop
      vertex 0.186540725625043 0.849795267749600 0.247408705864475
      vertex 0.174077676842632 0.854343439828923 0.256388189305861
      vertex 0.186502774509167 0.851794802085492 0.247429336966982
   endloop
endfacet
facet normal -0.289379418649752 -0.957190546827230 0.006768243976145
   outer loop
      vertex 0.016990842273061 0.904644555243090 0.320689379895302
      vertex 0.016369974849227 0.904761688930652 0.310709391591638
      vertex 0.031642149752588 0.900135108532234 0.309369911738085
   endloop
endfacet
facet normal -0.198035816518646 0.964715031849993 0.173512889142161
   outer loop
      vertex -0.218943246868725 0.541875650247691 -0.244674497752429
      vertex -0.232529781273012 0.541726023047507 -0.259349331638310
      vertex -0.244616121047496 0.537102050359575 -0.247435013323569
   endloop
endfacet
facet normal 0.269558774981088 -0.951234427283983 0.149970434354266
   outer loop
      vertex 0.175683644898312 0.664091876704768 -0.271187385119753
      vertex 0.162332301803174 0.659000006707193 -0.279486289882075
      vertex 0.181139530545655 0.664317183071491 -0.279564787533976
   endloop
endfacet
facet normal -0.210285798480412 -0.963743331050156 0.164251863958390
   outer loop
      vertex 0.185405264816476 0.854382542386359 0.272870724713519
      vertex 0.192601779515172 0.849828307374473 0.255362315909236
      vertex 0.198662833405302 0.849861346999345 0.263315925953995
   endloop
endfacet
facet normal -0.209360118733088 -0.017029947117206 0.977690299422702
   outer loop
      vertex -0.067258522505687 0.929410644101965 0.345534513865374
      vertex -0.067288871505638 0.931410148185923 0.345562843468924
      vertex -0.084201024678479 0.936079300666905 0.342022647786806
   endloop
endfacet
facet normal -0.243109844328224 0.952214509258403 -0.184892217111714
   outer loop
      vertex 0.206392993360038 0.683022745383228 -0.234929316709678
      vertex 0.213020642513601 0.683261608760277 -0.242413664089169
      vertex 0.201025821400137 0.678222206994758 -0.252595446831992
   endloop
endfacet
facet normal -0.161070037760956 -0.016426145556417 0.986806275151229
   outer loop
      vertex -0.050189653904626 0.924757296831359 0.348243096915384
      vertex -0.067288871505638 0.931410148185923 0.345562843468924
      vertex -0.067258522505687 0.929410644101965 0.345534513865374
   endloop
endfacet
facet normal -0.263618952240937 0.957891515546153 -0.113793200429924
   outer loop
      vertex 0.153136669390022 0.658103894831634 -0.295924767038742
      vertex 0.162350362380479 0.658531424625398 -0.313670791605190
      vertex 0.146931269466815 0.653386350913944 -0.321260501125552
   endloop
endfacet
facet normal 0.246117647598460 -0.954480592178656 0.168501936768938
   outer loop
      vertex 0.219715987939158 0.679501619538797 -0.249965691128827
      vertex 0.201092318042547 0.674223323889532 -0.252662496525333
      vertex 0.207344370384667 0.674458267265623 -0.260463543489961
   endloop
endfacet
facet normal 0.018215500067498 0.957960861312023 -0.286320072212233
   outer loop
      vertex 0.315035739415091 0.785319822398443 0.057971153060499
      vertex 0.327473276901927 0.780816802550721 0.043696356413101
      vertex 0.317567607957857 0.780600957852330 0.042343997552935
   endloop
endfacet
facet normal -0.926705402979132 -0.024987479408681 0.374956960146209
   outer loop
      vertex 0.291453983425815 0.728459509186316 -0.109922616099201
      vertex 0.285787734834474 0.725587046461640 -0.124118162130212
      vertex 0.285827782650489 0.723587697845696 -0.124152422475421
   endloop
endfacet
facet normal -0.277215889507963 0.006663189980140 -0.960784550512547
   outer loop
      vertex 0.091527428054917 0.883730335810955 0.296645135391308
      vertex 0.076827996878732 0.886318034856084 0.300904319426827
      vertex 0.076795545226625 0.888317651047587 0.300927550375081
   endloop
endfacet
facet normal -0.548269142253858 -0.002853050028082 -0.836297081041035
   outer loop
      vertex -0.178706304198363 0.556245087040852 -0.300665369359944
      vertex -0.192895939134605 0.551613836086694 -0.291346967630796
      vertex -0.178731856053684 0.558244780924027 -0.300655439793886
   endloop
endfacet
facet normal -0.261299484186669 0.951562165617991 -0.162024765169339
   outer loop
      vertex 0.201025821400137 0.678222206994758 -0.252595446831992
      vertex 0.194409619976981 0.673395642493080 -0.270271548059927
      vertex 0.188548555443457 0.673165223465367 -0.262172569431488
   endloop
endfacet
facet normal -0.248945809599830 0.960925996772710 0.121025669215502
   outer loop
      vertex -0.131613354693340 0.569501294516653 -0.281145406872485
      vertex -0.140351846334865 0.569503077490399 -0.299134352493006
      vertex -0.154515517042205 0.564898881335809 -0.291711916295254
   endloop
endfacet
facet normal 0.269536281358929 -0.951242704328311 0.149958362532275
   outer loop
      vertex 0.188614050450406 0.669166412747055 -0.262238888107361
      vertex 0.170227659272842 0.663866568244765 -0.262809972705922
      vertex 0.175683644898312 0.664091876704768 -0.271187385119753
   endloop
endfacet
facet normal 0.217300293917064 -0.955428899438216 0.199840437303958
   outer loop
      vertex 0.253554262347387 0.694522840335086 -0.214990495855244
      vertex 0.235518729458927 0.689288550142603 -0.220404142537199
      vertex 0.242848691168915 0.689533819563752 -0.227201892578152
   endloop
endfacet
facet normal -0.046815818408542 -0.958449193636983 0.281395491014614
   outer loop
      vertex 0.321567774377222 0.786234721374704 0.075723125778389
      vertex 0.311841615850843 0.786030118511542 0.073408093940998
      vertex 0.315131433059553 0.781321381410531 0.057917192588048
   endloop
endfacet
facet normal -0.279068712559818 -0.960042966697840 0.020932170556707
   outer loop
      vertex 0.033862537466523 0.899922994596305 0.329245010477411
      vertex 0.032752293608851 0.900029051098618 0.319307411110622
      vertex 0.048430001323529 0.895424907184901 0.317156737147685
   endloop
endfacet
facet normal -0.506645994969190 -0.001541197965803 -0.862152805766187
   outer loop
      vertex -0.164101123661629 0.562875572445851 -0.309261499980375
      vertex -0.178731856053684 0.558244780924027 -0.300655439793886
      vertex -0.164125975422409 0.564875268622784 -0.309250470476877
   endloop
endfacet
facet normal 0.054307858619401 0.965232551774270 -0.255688829414791
   outer loop
      vertex 0.336507105257179 0.795323667763227 0.097139969412445
      vertex 0.340923601516465 0.790642172308946 0.080405247919895
      vertex 0.317304492051870 0.794926733404215 0.091562929654484
   endloop
endfacet
facet normal -0.585250982551711 -0.002741762704588 -0.810847562837509
   outer loop
      vertex 0.186502774509167 0.851794802085492 0.247429336966982
      vertex 0.174040527577410 0.856342889034973 0.256408919344905
      vertex 0.186464823393290 0.853794336421385 0.247449968069490
   endloop
endfacet
facet normal 0.081329873899911 -0.958718873355186 0.272476739344824
   outer loop
      vertex 0.326578783322697 0.748278549385730 -0.053882115964298
      vertex 0.313861429813714 0.743228248326505 -0.067855852561168
      vertex 0.323643802034560 0.743472604198136 -0.069915956900955
   endloop
endfacet
facet normal -0.095019181241677 0.958490253157736 -0.268826691007012
   outer loop
      vertex 0.310175683441215 0.742402788977120 -0.083179747422465
      vertex 0.319845082858782 0.742649644905421 -0.085717328091966
      vertex 0.315362320342301 0.737812309325992 -0.101380172299683
   endloop
endfacet
facet normal 0.108549552119414 -0.958213235304549 0.264659007823017
   outer loop
      vertex 0.315445411654246 0.733813859313594 -0.101447520947278
      vertex 0.310201918753678 0.728960449325559 -0.116868960461348
      vertex 0.334511874644207 0.734311620117021 -0.107465434493101
   endloop
endfacet
facet normal -0.172876162433510 0.964804500492750 0.198156777050895
   outer loop
      vertex -0.277153828431117 0.523248688072711 -0.208321551906822
      vertex -0.251359422723821 0.528086492267985 -0.209372726599268
      vertex -0.266954607003268 0.527863241921158 -0.221891312681649
   endloop
endfacet
facet normal -0.216604170927845 0.959678171602793 -0.179165956827129
   outer loop
      vertex 0.231491368266123 0.688525588404317 -0.238801376446365
      vertex 0.245465974122347 0.689010140607102 -0.253100653992645
      vertex 0.232903591961822 0.683978098916758 -0.264866707284193
   endloop
endfacet
facet normal -0.256807668664272 -0.966451430077007 0.004631912923368
   outer loop
      vertex 0.001572901737163 0.908888039705387 0.351293977286700
      vertex 0.017611711663261 0.904527322637208 0.330669267147992
      vertex 0.018853346509516 0.904293054330783 0.350629143761064
   endloop
endfacet
facet normal 0.155031855602828 -0.952091804676893 0.263602578165389
   outer loop
      vertex 0.279514750867904 0.718700582679747 -0.138084188498677
      vertex 0.272530494188783 0.713798014207723 -0.151683877151425
      vertex 0.288503007671852 0.718952721185073 -0.142459741782010
   endloop
endfacet
facet normal -0.585208781001655 -0.002425414443010 -0.810879029204318
   outer loop
      vertex 0.186464823393290 0.853794336421385 0.247449968069490
      vertex 0.174040527577410 0.856342889034973 0.256408919344905
      vertex 0.174003376345823 0.858342437159345 0.256429750434920
   endloop
endfacet
facet normal 0.217270163445958 -0.955442310678418 0.199809076474650
   outer loop
      vertex 0.242848691168915 0.689533819563752 -0.227201892578152
      vertex 0.231560264186750 0.684526765361780 -0.238869596078384
      vertex 0.257508714571250 0.690024360288062 -0.240797382660780
   endloop
endfacet
facet normal 0.072183860343134 0.961170799742409 -0.266345985568585
   outer loop
      vertex 0.331279330962873 0.799995975403425 0.113643852684666
      vertex 0.317304492051870 0.794926733404215 0.091562929654484
      vertex 0.293466015482579 0.799227408264143 0.100622310917269
   endloop
endfacet
facet normal -0.109952114725898 -0.963489727417109 0.244127175113728
   outer loop
      vertex 0.284995142847373 0.813737446312347 0.166258043088759
      vertex 0.284061786805463 0.809060571715700 0.147379583127304
      vertex 0.292937290969537 0.809214366232692 0.151983986094035
   endloop
endfacet
facet normal -0.187783022871955 0.006632371318608 -0.982188142858466
   outer loop
      vertex -0.052442481122417 0.595233046931509 -0.348097596356673
      vertex -0.069098801622731 0.588618947320978 -0.344957763045366
      vertex -0.069121952258869 0.590618604400294 -0.344939833929826
   endloop
endfacet
facet normal 0.243103578056237 -0.952217203207004 0.184886582133174
   outer loop
      vertex 0.213088338785595 0.679262756161749 -0.242481343749337
      vertex 0.201092318042547 0.674223323889532 -0.252662496525333
      vertex 0.219715987939158 0.679501619538797 -0.249965691128827
   endloop
endfacet
facet normal 0.277031871528386 -0.953228149646746 0.120869503509036
   outer loop
      vertex 0.153199667441423 0.654104906348828 -0.295988426915492
      vertex 0.138663689709452 0.648972913536167 -0.303145161013979
      vertex 0.162413360431880 0.654532436142592 -0.313734451481940
   endloop
endfacet
facet normal -0.139596515617677 0.007849144058919 -0.990177359751750
   outer loop
      vertex -0.035624404822005 0.599843644957106 -0.350432082779801
      vertex -0.052442481122417 0.595233046931509 -0.348097596356673
      vertex -0.052465731484803 0.597232689347078 -0.348078467307947
   endloop
endfacet
facet normal 0.252469241179512 -0.951888401289477 0.173688669028252
   outer loop
      vertex 0.213088338785595 0.679262756161749 -0.242481343749337
      vertex 0.194840461687969 0.673988584332423 -0.244861437448488
      vertex 0.201092318042547 0.674223323889532 -0.252662496525333
   endloop
endfacet
facet normal -0.151359935735263 0.954779125733574 -0.255904261233863
   outer loop
      vertex 0.294939900036590 0.727837769850891 -0.128012981385562
      vertex 0.297412572620573 0.723203380891532 -0.146766406511009
      vertex 0.288424315818740 0.722951242280571 -0.142390843228234
   endloop
endfacet
facet normal -0.190407503357974 0.961061363341421 0.200264920935523
   outer loop
      vertex -0.241138936855211 0.532680009855151 -0.221669143015774
      vertex -0.230325060539627 0.537276427566346 -0.233445525370299
      vertex -0.256100051100752 0.532481109074814 -0.234939328045743
   endloop
endfacet
facet normal -0.129097287489037 0.962040487147058 -0.240441243244215
   outer loop
      vertex 0.304132109077540 0.728089344679159 -0.131942068872454
      vertex 0.322516529151206 0.728592394149763 -0.139800224903910
      vertex 0.315389084240939 0.723707757876848 -0.155517512021120
   endloop
endfacet
facet normal -0.746539421040131 -0.024817008099130 0.664878191056131
   outer loop
      vertex 0.238173010197443 0.698026229095771 -0.202062480821519
      vertex 0.228118672156396 0.693042075369975 -0.213537742886238
      vertex 0.238208756826735 0.696026897415324 -0.202096970090199
   endloop
endfacet
facet normal 0.031009020794481 0.960651037404841 -0.276021783492482
   outer loop
      vertex 0.324863504266819 0.785530107985515 0.059807096679189
      vertex 0.327473276901927 0.780816802550721 0.043696356413101
      vertex 0.315035739415091 0.785319822398443 0.057971153060499
   endloop
endfacet
facet normal -0.111008370636775 0.955680760251490 -0.272674579184975
   outer loop
      vertex 0.310175683441215 0.742402788977120 -0.083179747422465
      vertex 0.315362320342301 0.737812309325992 -0.101380172299683
      vertex 0.305829087853554 0.737563478911610 -0.098371214998495
   endloop
endfacet
facet normal -0.168331112203270 0.951729165701450 -0.256663655038326
   outer loop
      vertex 0.279436158995035 0.722699105762891 -0.138015289945068
      vertex 0.281216011169830 0.718048823964255 -0.156426207189768
      vertex 0.272453402076732 0.717796564253425 -0.151614708615375
   endloop
endfacet
facet normal 0.270171534508002 -0.953535045244721 0.133335139523457
   outer loop
      vertex 0.167369813462291 0.659219824531707 -0.288121906131676
      vertex 0.153199667441423 0.654104906348828 -0.295988426915492
      vertex 0.177444838753242 0.659659360945513 -0.305393209683527
   endloop
endfacet
facet normal -0.164225501527634 0.954467152626268 -0.249043046892502
   outer loop
      vertex 0.288424315818740 0.722951242280571 -0.142390843228234
      vertex 0.289978620262931 0.718301083675086 -0.161237705764162
      vertex 0.281216011169830 0.718048823964255 -0.156426207189768
   endloop
endfacet
facet normal 0.291938911576323 -0.947730841027996 0.128755290656344
   outer loop
      vertex 0.143985872487422 0.653677474330815 -0.278242381293439
      vertex 0.130333811548617 0.648558489223766 -0.284967170970439
      vertex 0.148592820948311 0.653891141346312 -0.287115404632825
   endloop
endfacet
facet normal 0.041288863054760 0.965069882854499 -0.258718671523431
   outer loop
      vertex 0.340923601516465 0.790642172308946 0.080405247919895
      vertex 0.344519033949109 0.785950680216000 0.063478883922152
      vertex 0.321471280488642 0.790233166531949 0.075775186358220
   endloop
endfacet
facet normal 0.261301055121193 -0.951559520390803 0.162037766419361
   outer loop
      vertex 0.188614050450406 0.669166412747055 -0.262238888107361
      vertex 0.175683644898312 0.664091876704768 -0.271187385119753
      vertex 0.194475116971462 0.669396731800103 -0.270337867792355
   endloop
endfacet
facet normal 0.124670235512824 -0.955436795738262 0.267577767623881
   outer loop
      vertex 0.300827951091863 0.728709979150303 -0.113395778280832
      vertex 0.295019991693556 0.723839272568330 -0.128081499962872
      vertex 0.310201918753678 0.728960449325559 -0.116868960461348
   endloop
endfacet
facet normal 0.044886187910167 0.960836029549409 -0.273458140223730
   outer loop
      vertex 0.321471280488642 0.790233166531949 0.075775186358220
      vertex 0.324863504266819 0.785530107985515 0.059807096679189
      vertex 0.311745119974731 0.790028663643450 0.073460155577382
   endloop
endfacet
facet normal -0.082939966805598 0.956305259127117 -0.280359079168311
   outer loop
      vertex 0.303993066517290 0.746982301621391 -0.065729989480222
      vertex 0.313775336770358 0.747226755480040 -0.067790092763291
      vertex 0.310175683441215 0.742402788977120 -0.083179747422465
   endloop
endfacet
facet normal 0.141469656120728 -0.952413356122344 0.269990991473524
   outer loop
      vertex 0.285827782650489 0.723587697845696 -0.124152422475421
      vertex 0.279514750867904 0.718700582679747 -0.138084188498677
      vertex 0.295019991693556 0.723839272568330 -0.128081499962872
   endloop
endfacet
facet normal -0.124717319181016 0.955386100582429 -0.267736790729628
   outer loop
      vertex 0.305829087853554 0.737563478911610 -0.098371214998495
      vertex 0.310120327282981 0.732958922286416 -0.116800961852523
      vertex 0.300746357631517 0.732708552191458 -0.113327788614896
   endloop
endfacet
facet normal 0.222802405152904 -0.952879088737613 0.205865321277427
   outer loop
      vertex 0.235518729458927 0.689288550142603 -0.220404142537199
      vertex 0.224573011250877 0.684284490148575 -0.231719947305886
      vertex 0.242848691168915 0.689533819563752 -0.227201892578152
   endloop
endfacet
facet normal -0.288861944628620 0.952646917281368 -0.094987514651548
   outer loop
      vertex 0.138601391308097 0.652971926495909 -0.303082501082573
      vertex 0.131161956754512 0.648223763548662 -0.328078978472981
      vertex 0.123736180103887 0.647823312788791 -0.309513000531222
   endloop
endfacet
facet normal -0.677875216423929 -0.023911749317578 0.734788009702652
   outer loop
      vertex 0.217585758312887 0.684042215041005 -0.224570308532829
      vertex 0.206426840502269 0.681023369071296 -0.234963156011485
      vertex 0.206460689632032 0.679023892784700 -0.234996996369847
   endloop
endfacet
facet normal -0.010780276734062 0.957526010434505 -0.288145319196610
   outer loop
      vertex 0.319334740540231 0.775871262088592 0.026615483840929
      vertex 0.330323437146009 0.771355803343151 0.011199198750664
      vertex 0.320333049821191 0.771130060705269 0.010822807741792
   endloop
endfacet
facet normal -0.370314533904583 0.003863281486397 -0.928898391125310
   outer loop
      vertex 0.120286699081676 0.874578441419198 0.285947675674566
      vertex 0.106035908256972 0.879150934721507 0.291647911396074
      vertex 0.120252549477784 0.876577937578509 0.285969605641651
   endloop
endfacet
facet normal -0.099216889333356 0.953279409530139 -0.285332045583532
   outer loop
      vertex 0.303993066517290 0.746982301621391 -0.065729989480222
      vertex 0.310175683441215 0.742402788977120 -0.083179747422465
      vertex 0.300506184043405 0.742155931061173 -0.080642166752797
   endloop
endfacet
facet normal 0.206693398324654 -0.955762299233453 0.209275575385635
   outer loop
      vertex 0.253554262347387 0.694522840335086 -0.214990495855244
      vertex 0.242848691168915 0.689533819563752 -0.227201892578152
      vertex 0.268864121221109 0.695018116817306 -0.227849522352334
   endloop
endfacet
facet normal -0.205818104359930 0.950744916299374 -0.231782251366626
   outer loop
      vertex 0.256543948669081 0.707944058246552 -0.177689652708942
      vertex 0.255617073632318 0.703243083278897 -0.196149480257754
      vertex 0.247655671533072 0.702993507064140 -0.190103644727026
   endloop
endfacet
facet normal -0.188844873701471 0.953860093834605 -0.233427794117400
   outer loop
      vertex 0.256543948669081 0.707944058246552 -0.177689652708942
      vertex 0.264792580308864 0.708195036341528 -0.183337282700842
      vertex 0.255617073632318 0.703243083278897 -0.196149480257754
   endloop
endfacet
facet normal -0.284635651943540 0.948072779280383 -0.141917408481997
   outer loop
      vertex 0.170163061929111 0.667865505382919 -0.262744462929777
      vertex 0.162268604095378 0.662998971029964 -0.279421660058305
      vertex 0.157231090452961 0.662779252968846 -0.270786022753266
   endloop
endfacet
facet normal 0.246110905053452 -0.954481678326695 0.168505632405645
   outer loop
      vertex 0.207344370384667 0.674458267265623 -0.260463543489961
      vertex 0.194475116971462 0.669396731800103 -0.270337867792355
      vertex 0.219848279079249 0.674927950304458 -0.276065659530875
   endloop
endfacet
facet normal -0.252481206737969 0.951885147141266 -0.173689109894629
   outer loop
      vertex 0.213020642513601 0.683261608760277 -0.242413664089169
      vertex 0.207277775747428 0.678457048514175 -0.260396504852450
      vertex 0.201025821400137 0.678222206994758 -0.252595446831992
   endloop
endfacet
facet normal -0.291900778117224 0.947747183755035 -0.128721448946784
   outer loop
      vertex 0.157231090452961 0.662779252968846 -0.270786022753266
      vertex 0.148529822899027 0.657890129723483 -0.287051734756633
      vertex 0.143922976403798 0.657676364826602 -0.278178722473408
   endloop
endfacet
facet normal -0.562827676324646 -0.022643480178090 0.826264049543742
   outer loop
      vertex 0.182720236427991 0.670935498947529 -0.254106739084989
      vertex 0.170163061929111 0.667865505382919 -0.262744462929777
      vertex 0.170195411583807 0.665865987873150 -0.262777223345930
   endloop
endfacet
facet normal -0.243111798557855 0.952211176312278 -0.184906811956598
   outer loop
      vertex 0.224504115330250 0.688283313191113 -0.231651727673867
      vertex 0.219648293654696 0.683500372162661 -0.249898012525212
      vertex 0.213020642513601 0.683261608760277 -0.242413664089169
   endloop
endfacet
facet normal -0.186601357702989 0.960580724290216 -0.206069418947805
   outer loop
      vertex 0.263578475732474 0.703492659448230 -0.202195311488722
      vertex 0.279501179950423 0.703991809904885 -0.214286983949934
      vertex 0.268792725957354 0.699016882034876 -0.227780532759144
   endloop
endfacet
facet normal 0.899929873144986 0.016787294140038 0.435711384033864
   outer loop
      vertex -0.268017245325669 0.506064270646858 -0.146369564028037
      vertex -0.274532074393257 0.503512231984501 -0.132815336765573
      vertex -0.274492382287641 0.501512666468266 -0.132820277690181
   endloop
endfacet
facet normal -0.195687440219252 0.956078281956604 -0.218221778270057
   outer loop
      vertex 0.255617073632318 0.703243083278897 -0.196149480257754
      vertex 0.263578475732474 0.703492659448230 -0.202195311488722
      vertex 0.253482867083632 0.698521605552655 -0.214921506262055
   endloop
endfacet
facet normal -0.032613657730742 -0.958172344899591 0.284327464025269
   outer loop
      vertex 0.311841615850843 0.786030118511542 0.073408093940998
      vertex 0.305303668207825 0.781111095823459 0.056081248969357
      vertex 0.315131433059553 0.781321381410531 0.057917192588048
   endloop
endfacet
facet normal -0.272850218281555 0.961288028990951 0.038445854164006
   outer loop
      vertex -0.031295081641384 0.601488713644072 -0.310652301213751
      vertex -0.033471469249315 0.601666041641838 -0.330531976980251
      vertex -0.049318142883992 0.597080046724550 -0.328329043618892
   endloop
endfacet
facet normal 0.053484931730605 -0.959240363207092 0.277483851191560
   outer loop
      vertex 0.330085264369534 0.757845923731075 -0.021470884890577
      vertex 0.318790380447250 0.752831316427220 -0.036628911629577
      vertex 0.328727607164749 0.753069519431146 -0.037720859702493
   endloop
endfacet
facet normal -0.885584293975659 -0.025095923984374 0.463800229477093
   outer loop
      vertex 0.279475404941348 0.720699843227496 -0.138049739221789
      vertex 0.272453402076732 0.717796564253425 -0.151614708615375
      vertex 0.272491948133816 0.715797289177757 -0.151649287883679
   endloop
endfacet
facet normal 0.138178907892960 -0.955091263683019 0.262120711600368
   outer loop
      vertex 0.300827951091863 0.728709979150303 -0.113395778280832
      vertex 0.285827782650489 0.723587697845696 -0.124152422475421
      vertex 0.295019991693556 0.723839272568330 -0.128081499962872
   endloop
endfacet
facet normal 0.274877606705657 -0.957323743455227 0.089294745358504
   outer loop
      vertex 0.123797878856607 0.643824276283416 -0.309574560523031
      vertex 0.115142923052642 0.639045010308764 -0.334170086804751
      vertex 0.131223755487476 0.644224729030932 -0.328140538464955
   endloop
endfacet
facet normal 0.234596948670806 0.963549340064986 -0.128596037787629
   outer loop
      vertex 0.167161235191580 0.867422239825506 0.307540065248944
      vertex 0.157503016241912 0.867436419375100 0.290026881808158
      vertex 0.142998728759653 0.871971159208276 0.297544873841766
   endloop
endfacet
facet normal -0.998854495231648 -0.023488282091647 0.041689302703594
   outer loop
      vertex 0.310609501337693 0.764146995088301 -0.004913477519291
      vertex 0.310082296932871 0.759376266132027 -0.020232916218254
      vertex 0.310655248859481 0.762147718253911 -0.004943808093321
   endloop
endfacet
facet normal -0.180317427416891 0.956672415231664 0.228612150387003
   outer loop
      vertex -0.244770351894637 0.523743242196711 -0.184848695987837
      vertex -0.235764246455501 0.528309642473075 -0.196854144573256
      vertex -0.260962095162101 0.523495965045893 -0.196585124947265
   endloop
endfacet
facet normal -0.233223881551964 0.952537816311763 -0.195648484711367
   outer loop
      vertex 0.235448633868500 0.693287344685490 -0.220335482927748
      vertex 0.231491368266123 0.688525588404317 -0.238801376446365
      vertex 0.224504115330250 0.688283313191113 -0.231651727673867
   endloop
endfacet
facet normal -0.048881705366832 -0.955837234801919 0.289802966593944
   outer loop
      vertex 0.311841615850843 0.786030118511542 0.073408093940998
      vertex 0.302115455336932 0.785825615623043 0.071093063160159
      vertex 0.305303668207825 0.781111095823459 0.056081248969357
   endloop
endfacet
facet normal 0.268277526378188 -0.948728816597093 0.167155022056415
   outer loop
      vertex 0.182752985918999 0.668935993613709 -0.254139899479480
      vertex 0.170227659272842 0.663866568244765 -0.262809972705922
      vertex 0.188614050450406 0.669166412747055 -0.262238888107361
   endloop
endfacet
facet normal 0.862068881005392 0.025091391674759 -0.506169602471282
   outer loop
      vertex 0.307542484486462 0.716806330008722 -0.170895282181419
      vertex 0.298917843869794 0.711886537986216 -0.185827981966583
      vertex 0.298879997689448 0.713885826225399 -0.185793331703404
   endloop
endfacet
facet normal 0.044959077109250 0.960747639114469 -0.273756562152322
   outer loop
      vertex 0.317304492051870 0.794926733404215 0.091562929654484
      vertex 0.340923601516465 0.790642172308946 0.080405247919895
      vertex 0.321471280488642 0.790233166531949 0.075775186358220
   endloop
endfacet
facet normal -0.624347391686233 -0.004079216544862 -0.781136156176999
   outer loop
      vertex 0.198551420156353 0.845250310291026 0.237832518821856
      vertex 0.186540725625043 0.849795267749600 0.247408705864475
      vertex 0.198512671164890 0.847249729807433 0.237853048874719
   endloop
endfacet
facet normal 0.700886098851155 0.008466285327461 0.713222965453274
   outer loop
      vertex -0.205298206856594 0.538025868341670 -0.230013044429194
      vertex -0.216003728298226 0.535451164248912 -0.219462137204699
      vertex -0.215973374590849 0.533451425234527 -0.219468228049615
   endloop
endfacet
facet normal -0.151192766373956 -0.015006962122742 0.988390377575600
   outer loop
      vertex 0.058501134551899 0.626741133882945 -0.307660789058020
      vertex 0.043633297597042 0.624215325348594 -0.309973452317463
      vertex 0.043659647810547 0.622215720631983 -0.309999782026006
   endloop
endfacet
facet normal -0.241557200114546 0.964749324227079 0.104445490454183
   outer loop
      vertex -0.125841268578840 0.574105394988954 -0.305849482484209
      vertex -0.133686988391901 0.574132527993551 -0.324245362003952
      vertex -0.149090236006498 0.569504762371493 -0.317123289170803
   endloop
endfacet
facet normal -0.345179160308632 -0.019468623239614 0.938334865598514
   outer loop
      vertex 0.116341151849262 0.645423392092821 -0.290977832055249
      vertex 0.102074137665568 0.642273274214074 -0.296291504835595
      vertex 0.102135338737430 0.638274116176047 -0.296351965944526
   endloop
endfacet
facet normal -0.274011894604946 0.961369636946181 0.026189745569128
   outer loop
      vertex -0.016333404456383 0.606045681625268 -0.311991105643155
      vertex -0.017533683930579 0.606247388492497 -0.331953335101145
      vertex -0.033471469249315 0.601666041641838 -0.330531976980251
   endloop
endfacet
facet normal 0.272977946890871 0.961740524863182 0.023199210054144
   outer loop
      vertex -0.015778020374118 0.917495918866157 0.351165871347038
      vertex -0.015055114298571 0.917772807654446 0.331181027734071
      vertex -0.031331621388509 0.922415987994857 0.330215166844713
   endloop
endfacet
facet normal -0.697980917812606 -0.006766716892347 -0.716084387423697
   outer loop
      vertex 0.221061944042171 0.838165980174667 0.217004356828094
      vertex 0.210041524150002 0.842707056624576 0.227703255933906
      vertex 0.221021393439941 0.840165462831777 0.217024987934916
   endloop
endfacet
facet normal 0.938356164474259 0.018399121216227 0.345179925447046
   outer loop
      vertex -0.280331600923945 0.498965837266411 -0.118961301390866
      vertex -0.285396622345979 0.492426151154681 -0.104843682743910
      vertex -0.280290459172517 0.496966303951328 -0.118966562300019
   endloop
endfacet
facet normal -0.971618399863815 -0.024783218834639 0.235251943903285
   outer loop
      vertex 0.304036112055784 0.744983097503785 -0.065762818853675
      vertex 0.300548531623056 0.740156617280753 -0.080675397159315
      vertex 0.304079159581812 0.742983793411514 -0.065795649283682
   endloop
endfacet
facet normal 0.063529865836659 0.014260306744780 -0.997878048560204
   outer loop
      vertex -0.014271205587663 0.914050458372805 0.311142922610623
      vertex -0.029566821900750 0.918713919075056 0.310235771608094
      vertex -0.014301756895465 0.916050076413949 0.311169553365946
   endloop
endfacet
facet normal 0.236997977860732 -0.954801702036227 0.179403646224508
   outer loop
      vertex 0.219715987939158 0.679501619538797 -0.249965691128827
      vertex 0.207344370384667 0.674458267265623 -0.260463543489961
      vertex 0.232971288231699 0.679979246423864 -0.264934396943803
   endloop
endfacet
facet normal 0.019450748398148 0.955335857213015 -0.294881447890208
   outer loop
      vertex 0.305207974584530 0.785109535755031 0.056135309436227
      vertex 0.317567607957857 0.780600957852330 0.042343997552935
      vertex 0.307661837046010 0.780385211140958 0.040991639749490
   endloop
endfacet
facet normal 0.304533934034428 -0.947091155337317 0.101377643015314
   outer loop
      vertex 0.116372002217273 0.643423823958436 -0.291008622578872
      vertex 0.102135338737430 0.638274116176047 -0.296351965944526
      vertex 0.120084940541172 0.643624049909657 -0.300291571552068
   endloop
endfacet
facet normal 0.270928674359062 0.962391607243907 -0.020001192877697
   outer loop
      vertex 0.036020420070739 0.903710227974938 0.349169671992782
      vertex 0.033800034344338 0.903922241936202 0.329294572196904
      vertex 0.017549808697705 0.908526568170533 0.330720128793927
   endloop
endfacet
facet normal 0.243215954854967 -0.960952108709759 -0.131973649151090
   outer loop
      vertex -0.144855255124214 0.560923101886834 -0.274195251130281
      vertex -0.154465711521119 0.560899389410413 -0.291733826367341
      vertex -0.140303141051547 0.565503586412253 -0.299158412443261
   endloop
endfacet
facet normal -0.211969904511004 0.953187607450993 -0.215643559104945
   outer loop
      vertex 0.255617073632318 0.703243083278897 -0.196149480257754
      vertex 0.253482867083632 0.698521605552655 -0.214921506262055
      vertex 0.245827889644182 0.698273866343059 -0.208491994069981
   endloop
endfacet
facet normal 0.877442896060653 0.015648858813001 0.479425778792239
   outer loop
      vertex -0.260918390571080 0.512620055031944 -0.159575832244542
      vertex -0.268093750188415 0.510063463043249 -0.146360072161833
      vertex -0.268055497755984 0.508063866792237 -0.146364813095214
   endloop
endfacet
facet normal -0.176742663119739 0.954152007827483 -0.241569818048791
   outer loop
      vertex 0.281216011169830 0.718048823964255 -0.156426207189768
      vertex 0.281848263671539 0.713382047948279 -0.175321612805874
      vertex 0.273332395667656 0.713130208855149 -0.170085758328525
   endloop
endfacet
facet normal -0.239363764232859 0.949739085136568 -0.201744042133170
   outer loop
      vertex 0.228118672156396 0.693042075369975 -0.213537742886238
      vertex 0.224504115330250 0.688283313191113 -0.231651727673867
      vertex 0.217516862392260 0.688041038083542 -0.224502088900810
   endloop
endfacet
facet normal -0.290670219733968 0.950301208769422 -0.111527736331291
   outer loop
      vertex 0.148529822899027 0.657890129723483 -0.287051734756633
      vertex 0.138601391308097 0.652971926495909 -0.303082501082573
      vertex 0.134436403232382 0.652764663305737 -0.293993501589277
   endloop
endfacet
facet normal 0.862033659620555 0.025418573157600 -0.506213261205023
   outer loop
      vertex 0.307503838449134 0.718805603096745 -0.170860702912949
      vertex 0.307542484486462 0.716806330008722 -0.170895282181419
      vertex 0.298879997689448 0.713885826225399 -0.185793331703404
   endloop
endfacet
facet normal 0.990072836240156 0.024158963132621 -0.138463437194550
   outer loop
      vertex 0.348513369591906 0.757544304178608 -0.039841196979887
      vertex 0.348557717093943 0.755545014305968 -0.039872927473450
      vertex 0.346278431270006 0.750760815891343 -0.057005538807460
   endloop
endfacet
facet normal 0.054401092495558 0.965143880525708 -0.256003537122180
   outer loop
      vertex 0.331279330962873 0.799995975403425 0.113643852684666
      vertex 0.336507105257179 0.795323667763227 0.097139969412445
      vertex 0.317304492051870 0.794926733404215 0.091562929654484
   endloop
endfacet
facet normal 0.113631124091626 0.961251356997655 -0.251164878730766
   outer loop
      vertex 0.283969488448628 0.813059282723382 0.147423845192089
      vertex 0.290990807922025 0.808518435533908 0.133221799442468
      vertex 0.275093986272088 0.812905388231727 0.142819441168804
   endloop
endfacet
facet normal 0.268525318077498 0.960991182723290 0.066257831834973
   outer loop
      vertex -0.067288871505638 0.931410148185923 0.345562843468924
      vertex -0.063636541257843 0.931745150544971 0.325902111768644
      vertex -0.079586355396319 0.936431983223756 0.322565510520490
   endloop
endfacet
facet normal 0.885770910552348 0.025419800967916 -0.463426075807152
   outer loop
      vertex 0.315428432155027 0.721708397354436 -0.155551962354562
      vertex 0.315467778079466 0.719709136912321 -0.155586421630892
      vertex 0.307580930563302 0.714807052945409 -0.170929861449557
   endloop
endfacet
facet normal 0.907415384399745 0.025409335863758 -0.419465953094677
   outer loop
      vertex 0.322556574979688 0.726593145508482 -0.139834484192565
      vertex 0.322596720788416 0.724593898854847 -0.139868743481386
      vertex 0.315467778079466 0.719709136912321 -0.155586421630892
   endloop
endfacet
facet normal 0.134957094729770 -0.957627203891377 0.254434119074631
   outer loop
      vertex 0.304212200736622 0.724090847290963 -0.132010577450323
      vertex 0.297491264473684 0.719204859796034 -0.146835305064785
      vertex 0.322596720788416 0.724593898854847 -0.139868743481386
   endloop
endfacet
facet normal -0.274609986234055 0.961455142620486 0.013905545266286
   outer loop
      vertex -0.001323112656373 0.610597427969667 -0.312592934385229
      vertex -0.001544680334330 0.610823359321385 -0.332589817042991
      vertex -0.017533683930579 0.606247388492497 -0.331953335101145
   endloop
endfacet
facet normal 0.195725704621752 -0.956058823872855 0.218272705222553
   outer loop
      vertex 0.273115404601650 0.704447408344162 -0.189054232215549
      vertex 0.255689868572293 0.699244348244005 -0.196218692840820
      vertex 0.263651270670967 0.699493924487282 -0.202264531071397
   endloop
endfacet
facet normal 0.277190882898265 -0.950925030092281 0.137502005738372
   outer loop
      vertex 0.157294788160758 0.658780288646074 -0.270850652577036
      vertex 0.162332301803174 0.659000006707193 -0.279486289882075
      vertex 0.175683644898312 0.664091876704768 -0.271187385119753
   endloop
endfacet
facet normal 0.280767505858378 -0.957684639590632 0.063322497946839
   outer loop
      vertex 0.102135338737430 0.638274116176047 -0.296351965944526
      vertex 0.087786811641287 0.633770546336580 -0.300843252647942
      vertex 0.093359148563260 0.634134396515236 -0.320047760549615
   endloop
endfacet
facet normal 0.110965355355006 -0.955734956047932 0.272502080173704
   outer loop
      vertex 0.305912181153032 0.733564928924548 -0.098438564702644
      vertex 0.300827951091863 0.728709979150303 -0.113395778280832
      vertex 0.315445411654246 0.733813859313594 -0.101447520947278
   endloop
endfacet
facet normal 0.795588614592644 0.010877827055055 0.605739572101013
   outer loop
      vertex 0.272670588112080 0.831487472939412 0.219063300147832
      vertex 0.283242191479891 0.825000514356323 0.205294869541734
      vertex 0.283198841515485 0.826999937133995 0.205315900630878
   endloop
endfacet
facet normal 0.862076013333711 0.025048470626269 -0.506159580916869
   outer loop
      vertex 0.307542484486462 0.716806330008722 -0.170895282181419
      vertex 0.298955590069683 0.709887247769950 -0.185862633229540
      vertex 0.298917843869794 0.711886537986216 -0.185827981966583
   endloop
endfacet
facet normal 0.259187787414394 -0.949064866026289 0.179157949669374
   outer loop
      vertex 0.194840461687969 0.673988584332423 -0.244861437448488
      vertex 0.182752985918999 0.668935993613709 -0.254139899479480
      vertex 0.201092318042547 0.674223323889532 -0.252662496525333
   endloop
endfacet
facet normal 0.067462371351744 -0.958983055434999 0.275318593342608
   outer loop
      vertex 0.328727607164749 0.753069519431146 -0.037720859702493
      vertex 0.316707134609196 0.748037114316138 -0.052304188787774
      vertex 0.326578783322697 0.748278549385730 -0.053882115964298
   endloop
endfacet
facet normal -0.290119749626315 -0.956952769201026 -0.008481060974430
   outer loop
      vertex 0.001183243122282 0.909272003995634 0.321299141521564
      vertex 0.001053356917321 0.909399992092385 0.311300862933185
      vertex 0.016369974849227 0.904761688930652 0.310709391591638
   endloop
endfacet
facet normal -0.254698722432474 0.954161886203120 -0.157173966383014
   outer loop
      vertex 0.188548555443457 0.673165223465367 -0.262172569431488
      vertex 0.194409619976981 0.673395642493080 -0.270271548059927
      vertex 0.181074933201924 0.668316120209645 -0.279499277757830
   endloop
endfacet
facet normal 0.808343663061371 0.025214634185753 -0.588170676429387
   outer loop
      vertex 0.289538273278284 0.708948066720902 -0.200280180619153
      vertex 0.289575421582758 0.706948664678045 -0.200314839937278
      vertex 0.279501179950423 0.703991809904885 -0.214286983949934
   endloop
endfacet
facet normal 0.164168176950865 -0.954504762002995 0.248936676667454
   outer loop
      vertex 0.281293103284000 0.714050273812920 -0.156495365726376
      vertex 0.273408088028771 0.709131632355657 -0.170155056854995
      vertex 0.290055712377100 0.714302533523749 -0.161306864300770
   endloop
endfacet
facet normal 0.172495416238406 -0.956679770618487 0.234540290496319
   outer loop
      vertex 0.290055712377100 0.714302533523749 -0.161306864300770
      vertex 0.273408088028771 0.709131632355657 -0.170155056854995
      vertex 0.281923956032654 0.709383471448786 -0.175390911332344
   endloop
endfacet
facet normal -0.257960494374052 -0.963156273811823 0.076068229631167
   outer loop
      vertex 0.103673376643371 0.881497249190741 0.334743102001130
      vertex 0.097616928168847 0.881613987727179 0.315682753207640
      vertex 0.113053893631533 0.877059623146189 0.310365979319537
   endloop
endfacet
facet normal -0.262506052512203 0.961038554294299 0.086576379887266
   outer loop
      vertex -0.089913034744110 0.583225583295160 -0.298021409924745
      vertex -0.095919896982698 0.583303257269954 -0.317096882713386
      vertex -0.111018885454658 0.578705570804048 -0.311841660744257
   endloop
endfacet
facet normal -0.017057709151417 -0.960378642785950 0.278176018087688
   outer loop
      vertex 0.324959097909870 0.781531666066298 0.059753036212486
      vertex 0.317662301397711 0.776602517058458 0.042288137188196
      vertex 0.327567972308147 0.776818262838527 0.043640394997389
   endloop
endfacet
facet normal 0.391064986175616 0.020509558027622 -0.920134519848580
   outer loop
      vertex 0.146993567868170 0.649387337954202 -0.321323161056958
      vertex 0.131223755487476 0.644224729030932 -0.328140538464955
      vertex 0.146962417673726 0.651386894421404 -0.321291830562979
   endloop
endfacet
facet normal 0.230023991171099 -0.007512627455505 0.973155960735191
   outer loop
      vertex 0.087023252022562 0.888034800580524 0.339596456038021
      vertex 0.086990700369045 0.890034415840723 0.339619586992024
      vertex 0.070160589064806 0.894582162200196 0.343632813089170
   endloop
endfacet
facet normal -0.161425655543070 0.961214181062199 0.223627046345954
   outer loop
      vertex -0.269923565265615 0.518908713244581 -0.183336636690387
      vertex -0.260962095162101 0.523495965045893 -0.196585124947265
      vertex -0.286672875168251 0.518637680868069 -0.194262185308138
   endloop
endfacet
facet normal -0.278887181549082 -0.958000278886733 0.066763804718965
   outer loop
      vertex 0.079384922092358 0.886247396956231 0.310571571633583
      vertex 0.076827996878732 0.886318034856084 0.300904319426827
      vertex 0.091560377726545 0.881730824250634 0.296622405470869
   endloop
endfacet
facet normal 0.285543591243744 0.955854461081766 0.069333301736707
   outer loop
      vertex -0.061810326143824 0.931912652718318 0.316071745918420
      vertex -0.059984111029806 0.932080154891666 0.306241380068196
      vertex -0.074971686114158 0.936784665780606 0.303108373254171
   endloop
endfacet
facet normal 0.063499507607898 0.955916762434530 -0.286689650720497
   outer loop
      vertex 0.293466015482579 0.799227408264143 0.100622310917269
      vertex 0.307703234424404 0.794728318262206 0.088774310309278
      vertex 0.298101978805638 0.794529802089192 0.085985789901937
   endloop
endfacet
facet normal 0.181125682333776 -0.961102512328459 -0.208507668911838
   outer loop
      vertex -0.235698641617847 0.524310342926201 -0.196864537314467
      vertex -0.251293837881793 0.524087192302455 -0.209383117340557
      vertex -0.241075851686508 0.528680668543586 -0.221680323708819
   endloop
endfacet
facet normal -0.247008598965159 -0.964810653044528 -0.090150739370573
   outer loop
      vertex -0.100853955658962 0.936765225242705 0.337599471447842
      vertex -0.117328167254834 0.941466688494152 0.332422032995310
      vertex -0.095288035158979 0.937134868775361 0.318393125999356
   endloop
endfacet
facet normal 0.944184436282265 0.024829265280046 -0.328480224470203
   outer loop
      vertex 0.334428681364485 0.738310168116438 -0.107398084788786
      vertex 0.328909108336316 0.731460626939054 -0.123781305519166
      vertex 0.328868362591089 0.733459864413305 -0.123747306214837
   endloop
endfacet
facet normal -0.435422935926627 -0.021153554378039 0.899977440831831
   outer loop
      vertex 0.143985872487422 0.653677474330815 -0.278242381293439
      vertex 0.143954524425854 0.655676921566354 -0.278210551883589
      vertex 0.130302663339589 0.650557945821940 -0.284935851532455
   endloop
endfacet
facet normal -0.081335720578100 0.958712656096446 -0.272496868970158
   outer loop
      vertex 0.326491290323089 0.752277040331988 -0.053817456102698
      vertex 0.343122353410319 0.747959823219970 -0.073970605771326
      vertex 0.323557708970038 0.747471112408012 -0.069850297097497
   endloop
endfacet
facet normal 0.171465926068317 -0.961150949827955 -0.216306005100077
   outer loop
      vertex -0.244702165457862 0.519743887903586 -0.184858516821867
      vertex -0.260893898727301 0.519496610951532 -0.196594945781312
      vertex -0.251293837881793 0.524087192302455 -0.209383117340557
   endloop
endfacet
facet normal 0.944121791854578 0.025155936439066 -0.328635392201107
   outer loop
      vertex 0.334470328989293 0.736310845070404 -0.107431755169582
      vertex 0.334511874644207 0.734311620117021 -0.107465434493101
      vertex 0.328949956051435 0.729461291372150 -0.123815295880774
   endloop
endfacet
facet normal -0.025321256396429 0.957290273998488 -0.288017647519046
   outer loop
      vertex 0.320333049821191 0.771130060705269 0.010822807741792
      vertex 0.330557050346692 0.766606761128606 -0.005110227158512
      vertex 0.320560452082004 0.766376516991300 -0.004996637054760
   endloop
endfacet
facet normal -0.217477354876318 0.950409194405664 -0.222319507252909
   outer loop
      vertex 0.247655671533072 0.702993507064140 -0.190103644727026
      vertex 0.245827889644182 0.698273866343059 -0.208491994069981
      vertex 0.238173010197443 0.698026229095771 -0.202062480821519
   endloop
endfacet
facet normal -0.298504214434707 0.947431420122445 -0.115190876936872
   outer loop
      vertex 0.143922976403798 0.657676364826602 -0.278178722473408
      vertex 0.134436403232382 0.652764663305737 -0.293993501589277
      vertex 0.130271513143029 0.652557502394777 -0.284904531037917
   endloop
endfacet
facet normal -0.936973773756954 -0.018399389371726 -0.348914903325151
   outer loop
      vertex 0.288029523313707 0.803792708883014 0.114980688252369
      vertex 0.293466015482579 0.799227408264143 0.100622310917269
      vertex 0.288077471882526 0.801793401832894 0.114957357283969
   endloop
endfacet
facet normal 0.249725384479665 0.958585051257250 -0.136937693322985
   outer loop
      vertex 0.152673909769544 0.867443358131560 0.281270388497352
      vertex 0.147844799300943 0.867450497893688 0.272513797305236
      vertex 0.134211260409223 0.872011534157899 0.279579057542092
   endloop
endfacet
facet normal -0.181551221146719 0.008769141177154 -0.983342390148594
   outer loop
      vertex 0.061907102426954 0.890914057849477 0.304461525922537
      vertex 0.046833291522824 0.895519389641305 0.307285622198108
      vertex 0.061875152769435 0.892913578722833 0.304485255785499
   endloop
endfacet
facet normal -0.227384591149089 0.955118612882151 -0.189854373228636
   outer loop
      vertex 0.224504115330250 0.688283313191113 -0.231651727673867
      vertex 0.231491368266123 0.688525588404317 -0.238801376446365
      vertex 0.219648293654696 0.683500372162661 -0.249898012525212
   endloop
endfacet
facet normal -0.304529815825859 0.947092672188961 -0.101375843074382
   outer loop
      vertex 0.116310303466669 0.647422860358176 -0.290947052587621
      vertex 0.120023241788452 0.647623086415032 -0.300230011560259
      vertex 0.102074137665568 0.642273274214074 -0.296291504835595
   endloop
endfacet
facet normal 0.391100703913104 0.020510026960265 -0.920119328235617
   outer loop
      vertex 0.146962417673726 0.651386894421404 -0.321291830562979
      vertex 0.131192907094299 0.646224197824459 -0.328109808994537
      vertex 0.146931269466815 0.653386350913944 -0.321260501125552
   endloop
endfacet
facet normal -0.181595493936138 0.008759167564631 -0.983334304072458
   outer loop
      vertex 0.061875152769435 0.892913578722833 0.304485255785499
      vertex 0.046801639945504 0.897519010114210 0.307309953083636
      vertex 0.061843101144139 0.894913197583208 0.304508986705181
   endloop
endfacet
facet normal -0.304464873584587 0.947116386042110 -0.101349356404737
   outer loop
      vertex 0.130271513143029 0.652557502394777 -0.284904531037917
      vertex 0.120023241788452 0.647623086415032 -0.300230011560259
      vertex 0.116310303466669 0.647422860358176 -0.290947052587621
   endloop
endfacet
facet normal -0.255925435715655 0.965698797929812 -0.043909031310973
   outer loop
      vertex 0.077810877813816 0.633600724619269 -0.324022028757654
      vertex 0.082438365879061 0.633942527685159 -0.343476183495399
      vertex 0.065816371476082 0.629379584157130 -0.346947859263285
   endloop
endfacet
facet normal -0.038583245560944 0.963854935163219 -0.263619037862389
   outer loop
      vertex 0.329995171354409 0.761844389407100 -0.021408724885119
      vertex 0.349952993307615 0.762313227341012 -0.022615564085615
      vertex 0.348513369591906 0.757544304178608 -0.039841196979887
   endloop
endfacet
facet normal 0.257718175183783 0.018239887098580 -0.966047953622682
   outer loop
      vertex -0.074971686114158 0.936784665780606 0.303108373254171
      vertex -0.089752661335572 0.939503897653233 0.299216509020052
      vertex -0.089783112028135 0.941503485991765 0.299246139607758
   endloop
endfacet
facet normal -0.276998902023169 0.953239937139770 -0.120852101842403
   outer loop
      vertex 0.167306115750261 0.663218789065746 -0.288057296306789
      vertex 0.162350362380479 0.658531424625398 -0.313670791605190
      vertex 0.153136669390022 0.658103894831634 -0.295924767038742
   endloop
endfacet
facet normal -0.284247100735871 0.950609740948715 -0.124678410868393
   outer loop
      vertex 0.162268604095378 0.662998971029964 -0.279421660058305
      vertex 0.153136669390022 0.658103894831634 -0.295924767038742
      vertex 0.148529822899027 0.657890129723483 -0.287051734756633
   endloop
endfacet
facet normal 0.898359684032826 0.016171728738991 0.438962815388767
   outer loop
      vertex 0.310642146186536 0.811521508607158 0.161215125161833
      vertex 0.318355164962227 0.805020307601442 0.145669549974369
      vertex 0.318308116067443 0.807019639934765 0.145692180980346
   endloop
endfacet
facet normal -0.732241935386551 -0.007891690052924 -0.680998876129371
   outer loop
      vertex 0.221061944042171 0.838165980174667 0.217004356828094
      vertex 0.231547743465853 0.833625607183742 0.205782149104140
      vertex 0.221102494686733 0.836166495404872 0.216983925710108
   endloop
endfacet
facet normal -0.270145113152648 0.953544662187956 -0.133319897436953
   outer loop
      vertex 0.181074933201924 0.668316120209645 -0.279499277757830
      vertex 0.177381141051795 0.663658324951381 -0.305328549861430
      vertex 0.167306115750261 0.663218789065746 -0.288057296306789
   endloop
endfacet
facet normal 0.563193706460288 0.022646050504181 -0.826014530986039
   outer loop
      vertex 0.206164500520451 0.671856875345654 -0.286502676767293
      vertex 0.192051401812116 0.664767798215119 -0.296319632360355
      vertex 0.192019152152483 0.666767316973095 -0.296286801948275
   endloop
endfacet
facet normal -0.732257931062155 -0.007824063002992 -0.680982456774547
   outer loop
      vertex 0.221021393439941 0.840165462831777 0.217024987934916
      vertex 0.231506293041424 0.835625071952044 0.205802780212456
      vertex 0.221061944042171 0.838165980174667 0.217004356828094
   endloop
endfacet
facet normal -0.274878966021050 0.957323430321080 -0.089293918031851
   outer loop
      vertex 0.123736180103887 0.647823312788791 -0.309513000531222
      vertex 0.131161956754512 0.648223763548662 -0.328078978472981
      vertex 0.115081623988067 0.643044066384480 -0.334109626752208
   endloop
endfacet
facet normal -0.186543345253378 -0.961550430262227 0.201549870762064
   outer loop
      vertex 0.235425021065696 0.836313719558726 0.230942328439017
      vertex 0.228263757865632 0.836240108009969 0.223963077077353
      vertex 0.239083751531941 0.831713378443527 0.212381422674234
   endloop
endfacet
facet normal 0.032620413893593 0.958161742807438 -0.284362415269009
   outer loop
      vertex 0.311745119974731 0.790028663643450 0.073460155577382
      vertex 0.324863504266819 0.785530107985515 0.059807096679189
      vertex 0.315035739415091 0.785319822398443 0.057971153060499
   endloop
endfacet
facet normal -0.233206816048204 0.952545413746044 -0.195631837133010
   outer loop
      vertex 0.217516862392260 0.688041038083542 -0.224502088900810
      vertex 0.224504115330250 0.688283313191113 -0.231651727673867
      vertex 0.213020642513601 0.683261608760277 -0.242413664089169
   endloop
endfacet
facet normal 0.043353492482435 -0.010879632078827 0.999000554702251
   outer loop
      vertex -0.001298863274705 0.608597844515200 -0.312615763229091
      vertex -0.001323112656373 0.610597427969667 -0.312592934385229
      vertex -0.016333404456383 0.606045681625268 -0.311991105643155
   endloop
endfacet
facet normal 0.103561124154157 0.014459970971474 -0.994517975103231
   outer loop
      vertex 0.049097812834765 0.620809207239742 -0.349653004002618
      vertex 0.032215189417792 0.616230177291325 -0.351477602597406
      vertex 0.049071462621259 0.622808811956354 -0.349626674294076
   endloop
endfacet
facet normal -0.253292347289972 -0.963224008650687 0.089679964112605
   outer loop
      vertex 0.097616928168847 0.881613987727179 0.315682753207640
      vertex 0.109561775764543 0.877105527935244 0.300995880380177
      vertex 0.113053893631533 0.877059623146189 0.310365979319537
   endloop
endfacet
facet normal -0.907245984664723 -0.025043934365354 0.419854170708403
   outer loop
      vertex 0.285787734834474 0.725587046461640 -0.124118162130212
      vertex 0.279436158995035 0.722699105762891 -0.138015289945068
      vertex 0.279475404941348 0.720699843227496 -0.138049739221789
   endloop
endfacet
facet normal -0.459703353376333 0.001550187376782 -0.888071181726809
   outer loop
      vertex 0.147844799300943 0.867450497893688 0.272513797305236
      vertex 0.134246111947025 0.870011947712076 0.279557526494966
      vertex 0.134211260409223 0.872011534157899 0.279579057542092
   endloop
endfacet
facet normal -0.920111974350935 -0.017293119979070 -0.391273437198866
   outer loop
      vertex -0.310881259428721 0.502831846064722 -0.149495831174089
      vertex -0.310841577321129 0.500832280349722 -0.149500772098681
      vertex -0.317416760346445 0.496241424218561 -0.133835781127392
   endloop
endfacet
facet normal -0.249554389224523 0.949399992735800 -0.190688910563876
   outer loop
      vertex 0.217516862392260 0.688041038083542 -0.224502088900810
      vertex 0.213020642513601 0.683261608760277 -0.242413664089169
      vertex 0.206392993360038 0.683022745383228 -0.234929316709678
   endloop
endfacet
facet normal -0.261884280065283 -0.960473520295554 -0.094378178970326
   outer loop
      vertex -0.100853955658962 0.936765225242705 0.337599471447842
      vertex -0.095288035158979 0.937134868775361 0.318393125999356
      vertex -0.079525653717682 0.932432789895297 0.322507449278428
   endloop
endfacet
facet normal 0.875730751558148 0.014530395088111 0.482581100328209
   outer loop
      vertex 0.302183880312953 0.818017639233122 0.176368582644603
      vertex 0.302229029773592 0.816018259627460 0.176346851591544
      vertex 0.310642146186536 0.811521508607158 0.161215125161833
   endloop
endfacet
facet normal 0.102561774856301 0.967763571556732 -0.230032067125616
   outer loop
      vertex 0.310595998995651 0.813520764136334 0.161237255137671
      vertex 0.318260969201114 0.809018869249436 0.145714910924355
      vertex 0.292844992633868 0.813213076184030 0.152028348153238
   endloop
endfacet
facet normal 0.270142847801146 -0.953546246052446 0.133313159219844
   outer loop
      vertex 0.162332301803174 0.659000006707193 -0.279486289882075
      vertex 0.167369813462291 0.659219824531707 -0.288121906131676
      vertex 0.181139530545655 0.664317183071491 -0.279564787533976
   endloop
endfacet
facet normal -0.415537075243677 0.002551500482657 -0.909572662816566
   outer loop
      vertex 0.134246111947025 0.870011947712076 0.279557526494966
      vertex 0.120286699081676 0.874578441419198 0.285947675674566
      vertex 0.134211260409223 0.872011534157899 0.279579057542092
   endloop
endfacet
facet normal -0.272947318001538 0.961756882490700 -0.022879260860814
   outer loop
      vertex 0.043633297597042 0.624215325348594 -0.309973452317463
      vertex 0.046339204008631 0.624511920998112 -0.329786897923220
      vertex 0.030430411338974 0.619956125376505 -0.331504851257245
   endloop
endfacet
facet normal -0.236999791439369 0.954799712606110 -0.179411838140593
   outer loop
      vertex 0.213020642513601 0.683261608760277 -0.242413664089169
      vertex 0.219648293654696 0.683500372162661 -0.249898012525212
      vertex 0.207277775747428 0.678457048514175 -0.260396504852450
   endloop
endfacet
facet normal -0.266210813231076 -0.960696571832002 0.078701332829176
   outer loop
      vertex 0.079384922092358 0.886247396956231 0.310571571633583
      vertex 0.091560377726545 0.881730824250634 0.296622405470869
      vertex 0.094588652947696 0.881672405988906 0.306152579339254
   endloop
endfacet
facet normal 0.200592515995305 -0.953537665689257 0.224785592595602
   outer loop
      vertex 0.255689868572293 0.699244348244005 -0.196218692840820
      vertex 0.245899382900648 0.694275203087799 -0.208560982606782
      vertex 0.263651270670967 0.699493924487282 -0.202264531071397
   endloop
endfacet
facet normal 0.089978142124033 0.958312288934160 -0.271185344031861
   outer loop
      vertex 0.281900720835582 0.808351623632850 0.129057428948561
      vertex 0.297312395512599 0.803972210495623 0.118695026867805
      vertex 0.288029523313707 0.803792708883014 0.114980688252369
   endloop
endfacet
facet normal 0.479509465663133 0.021531178405399 -0.877272523618477
   outer loop
      vertex 0.177412988908752 0.661658892935779 -0.305360879244201
      vertex 0.162413360431880 0.654532436142592 -0.313734451481940
      vertex 0.162381810422291 0.656531979377505 -0.313702621015205
   endloop
endfacet
facet normal 0.116758831188530 -0.962276006036788 0.245748374451135
   outer loop
      vertex 0.334511874644207 0.734311620117021 -0.107465434493101
      vertex 0.310201918753678 0.728960449325559 -0.116868960461348
      vertex 0.328949956051435 0.729461291372150 -0.123815295880774
   endloop
endfacet
facet normal -0.661919043839689 -0.005131606806741 -0.749557766962583
   outer loop
      vertex 0.210041524150002 0.842707056624576 0.227703255933906
      vertex 0.198551420156353 0.845250310291026 0.237832518821856
      vertex 0.198512671164890 0.847249729807433 0.237853048874719
   endloop
endfacet
facet normal -0.069884513693172 -0.963136426548520 0.259777555999774
   outer loop
      vertex 0.306691162882760 0.800153196926312 0.122362804597414
      vertex 0.293563810003328 0.795228944579931 0.100574450100849
      vertex 0.331377127471155 0.795997411744549 0.113595990811693
   endloop
endfacet
facet normal 0.207201123574192 0.961510763940297 -0.180457045350242
   outer loop
      vertex 0.204917479869085 0.849295835815121 0.245520435045243
      vertex 0.216812537993963 0.844766578848365 0.235045588169280
      vertex 0.198473820205646 0.849249247310858 0.237873579984302
   endloop
endfacet
facet normal -0.253213276960037 -0.965325029544677 -0.063487193241844
   outer loop
      vertex -0.067228271540781 0.927411040168380 0.345505983216602
      vertex -0.084140223040765 0.932080110382434 0.341964486550161
      vertex -0.063575941292987 0.927746042527430 0.325845251516323
   endloop
endfacet
facet normal 0.256993295148273 0.958483591108909 -0.123546152606231
   outer loop
      vertex 0.138604944583732 0.871991346217435 0.288561915694803
      vertex 0.134211260409223 0.872011534157899 0.279579057542092
      vertex 0.120252549477784 0.876577937578509 0.285969605641651
   endloop
endfacet
facet normal 0.266219855394594 0.960693253963804 -0.078711246859131
   outer loop
      vertex 0.097550824890037 0.885613206821857 0.315728215161957
      vertex 0.094522651636663 0.885671527096566 0.306198040236851
      vertex 0.079319920795434 0.890246527376927 0.310618032473703
   endloop
endfacet
facet normal -0.153073728945423 0.961466109924016 -0.228366707237117
   outer loop
      vertex 0.289978620262931 0.718301083675086 -0.161237705764162
      vertex 0.307503838449134 0.718805603096745 -0.170860702912949
      vertex 0.298879997689448 0.713885826225399 -0.185793331703404
   endloop
endfacet
facet normal -0.181216362808474 0.951404603616086 -0.248977730065535
   outer loop
      vertex 0.272453402076732 0.717796564253425 -0.151614708615375
      vertex 0.273332395667656 0.713130208855149 -0.170085758328525
      vertex 0.264816527665889 0.712878369656385 -0.164849893851734
   endloop
endfacet
facet normal -0.459705317396245 0.001256010816675 -0.888070629845648
   outer loop
      vertex 0.147916002207211 0.863451348478672 0.272471335175003
      vertex 0.134280963463660 0.868012362322593 0.279535895453421
      vertex 0.147880450744200 0.865450924180003 0.272492566240037
   endloop
endfacet
facet normal 0.746881467030466 0.024782467364643 -0.664495224601155
   outer loop
      vertex 0.268792725957354 0.699016882034876 -0.227780532759144
      vertex 0.268828372604284 0.697017548472418 -0.227815032027100
      vertex 0.257438520990227 0.694023052763007 -0.240728714108275
   endloop
endfacet
facet normal -0.624310474885493 -0.003789352390519 -0.781167121528236
   outer loop
      vertex 0.198512671164890 0.847249729807433 0.237853048874719
      vertex 0.186540725625043 0.849795267749600 0.247408705864475
      vertex 0.186502774509167 0.851794802085492 0.247429336966982
   endloop
endfacet
facet normal -0.968276321881036 -0.020442898148931 -0.249044277990489
   outer loop
      vertex 0.298150524908560 0.792530624897419 0.085960760083984
      vertex 0.302067207398876 0.787824888188996 0.071119093978352
      vertex 0.298199172979258 0.790531349718627 0.085935729209311
   endloop
endfacet
facet normal -0.184316225552685 0.956367221597668 -0.226692007912871
   outer loop
      vertex 0.281848263671539 0.713382047948279 -0.175321612805874
      vertex 0.289538273278284 0.708948066720902 -0.200280180619153
      vertex 0.273041111967767 0.708446012480550 -0.188984915692408
   endloop
endfacet
facet normal -0.139691358384995 0.008477632219634 -0.990158802488017
   outer loop
      vertex -0.035624404822005 0.599843644957106 -0.350432082779801
      vertex -0.052465731484803 0.597232689347078 -0.348078467307947
      vertex -0.035647856857247 0.601843369639604 -0.350411652746752
   endloop
endfacet
facet normal -0.415453274359040 0.002859956114923 -0.909610024942213
   outer loop
      vertex 0.134246111947025 0.870011947712076 0.279557526494966
      vertex 0.120320950653346 0.872578847272869 0.285925744650763
      vertex 0.120286699081676 0.874578441419198 0.285947675674566
   endloop
endfacet
facet normal -0.271250378945479 0.961871203607783 -0.035028839433382
   outer loop
      vertex 0.058473884749025 0.628740709090988 -0.307633359409380
      vertex 0.062145128123137 0.629060146095888 -0.327290559339123
      vertex 0.046339204008631 0.624511920998112 -0.329786897923220
   endloop
endfacet
facet normal 0.585414839608127 0.002746077194008 0.810729254823480
   outer loop
      vertex 0.210746992078386 0.851926859553978 0.279243876083888
      vertex 0.210709042950042 0.853926293915207 0.279264506129841
      vertex 0.196658552314679 0.858420641217875 0.289394921244657
   endloop
endfacet
facet normal 0.273974597681463 0.960429983563827 -0.050121517304123
   outer loop
      vertex 0.063922472622131 0.894830463995206 0.314289918566712
      vertex 0.079319920795434 0.890246527376927 0.310618032473703
      vertex 0.061843101144139 0.894913197583208 0.304508986705181
   endloop
endfacet
facet normal -0.160281217275599 0.957015349216563 -0.241726193765907
   outer loop
      vertex 0.281216011169830 0.718048823964255 -0.156426207189768
      vertex 0.289978620262931 0.718301083675086 -0.161237705764162
      vertex 0.281848263671539 0.713382047948279 -0.175321612805874
   endloop
endfacet
facet normal -0.265962991320452 -0.960771694348040 0.078622125304987
   outer loop
      vertex 0.097616928168847 0.881613987727179 0.315682753207640
      vertex 0.094588652947696 0.881672405988906 0.306152579339254
      vertex 0.109561775764543 0.877105527935244 0.300995880380177
   endloop
endfacet
facet normal 0.270729577427595 0.961251185830776 0.051977433995937
   outer loop
      vertex -0.050219905017697 0.926756908159335 0.348270927603229
      vertex -0.047538496088607 0.927073257696706 0.328454095662298
      vertex -0.063636541257843 0.931745150544971 0.325902111768644
   endloop
endfacet
facet normal 0.188592906826455 -0.006621604279595 0.982033028900511
   outer loop
      vertex -0.046147501914921 0.594927658792839 -0.308598850029205
      vertex -0.060922732883969 0.592362649545370 -0.305778660483874
      vertex -0.060899582247831 0.590362992466052 -0.305796589599413
   endloop
endfacet
facet normal -0.268798039229012 -0.962587212487945 0.034255984314092
   outer loop
      vertex 0.033862537466523 0.899922994596305 0.329245010477411
      vertex 0.048430001323529 0.895424907184901 0.317156737147685
      vertex 0.050026713132933 0.895330323697492 0.327027951035127
   endloop
endfacet
facet normal 0.197143251948894 0.961536820462501 -0.191262858668064
   outer loop
      vertex 0.216812537993963 0.844766578848365 0.235045588169280
      vertex 0.228182656618840 0.840239075436877 0.224004139302162
      vertex 0.210001873348806 0.844706558226839 0.227723787044817
   endloop
endfacet
facet normal -0.242464347169063 0.958773995593592 -0.148200761554651
   outer loop
      vertex 0.194409619976981 0.673395642493080 -0.270271548059927
      vertex 0.206131753016977 0.673856280704810 -0.286469517429356
      vertex 0.191986804478970 0.668766734825103 -0.296254072587001
   endloop
endfacet
facet normal -0.269537335734298 0.957606701648230 -0.101681018895638
   outer loop
      vertex 0.138601391308097 0.652971926495909 -0.303082501082573
      vertex 0.146931269466815 0.653386350913944 -0.321260501125552
      vertex 0.131161956754512 0.648223763548662 -0.328078978472981
   endloop
endfacet
facet normal -0.086635365499136 -0.960903099677100 0.262982026906349
   outer loop
      vertex 0.291084903702895 0.804519871898269 0.133176438492648
      vertex 0.288125520452755 0.799794095714077 0.114934126309821
      vertex 0.297408390664113 0.799973697301349 0.118648465981811
   endloop
endfacet
facet normal -0.090347953081006 -0.967551049848023 0.235970789107596
   outer loop
      vertex 0.310688295364953 0.809522153103317 0.161192994129441
      vertex 0.300174990789339 0.804686683799327 0.137340808986555
      vertex 0.318355164962227 0.805020307601442 0.145669549974369
   endloop
endfacet
facet normal 0.161345254648311 0.016182969822268 -0.986765331925582
   outer loop
      vertex -0.044826840021510 0.925390195855429 0.308609435146628
      vertex -0.059953860043732 0.930080549901740 0.306212949413841
      vertex -0.044857189127292 0.927389705221096 0.308637264778086
   endloop
endfacet
facet normal 0.164217053920123 -0.954472553517962 0.249027917677310
   outer loop
      vertex 0.288503007671852 0.718952721185073 -0.142459741782010
      vertex 0.272530494188783 0.713798014207723 -0.151683877151425
      vertex 0.281293103284000 0.714050273812920 -0.156495365726376
   endloop
endfacet
facet normal -0.272137077920124 -0.962241995876583 0.005634908388410
   outer loop
      vertex 0.018853346509516 0.904293054330783 0.350629143761064
      vertex 0.017611711663261 0.904527322637208 0.330669267147992
      vertex 0.033862537466523 0.899922994596305 0.329245010477411
   endloop
endfacet
facet normal -0.249966001623446 0.956466352161218 0.150629064976852
   outer loop
      vertex -0.157838268583869 0.560342579216661 -0.266553998875583
      vertex -0.144905158638012 0.564922491849920 -0.274173342114581
      vertex -0.168297887238560 0.560293475819509 -0.283599735081016
   endloop
endfacet
facet normal 0.732381019575002 0.008194263959916 0.680845721294065
   outer loop
      vertex 0.249706894853486 0.838460525413051 0.244921263337050
      vertex 0.261567328451741 0.831974884590818 0.232241134596524
      vertex 0.261525778047068 0.833974347371473 0.232261765705006
   endloop
endfacet
facet normal -0.235748738217903 0.005983877338023 -0.971795619274274
   outer loop
      vertex -0.069098801622731 0.588618947320978 -0.344957763045366
      vertex -0.085598479161389 0.584001650999971 -0.340983523247077
      vertex -0.069121952258869 0.590618604400294 -0.344939833929826
   endloop
endfacet
facet normal 0.095012292246858 -0.958497458497883 0.268803434455544
   outer loop
      vertex 0.319929676029140 0.738651116387940 -0.085783887842701
      vertex 0.315445411654246 0.733813859313594 -0.101447520947278
      vertex 0.339268574852984 0.739144829809651 -0.090859009184102
   endloop
endfacet
facet normal -0.229688813948549 0.007579145155794 -0.973234609590933
   outer loop
      vertex 0.076827996878732 0.886318034856084 0.300904319426827
      vertex 0.061907102426954 0.890914057849477 0.304461525922537
      vertex 0.076795545226625 0.888317651047587 0.300927550375081
   endloop
endfacet
facet normal -0.824238910516113 -0.012201947228032 -0.566110705494125
   outer loop
      vertex 0.250861271089426 0.822544564815686 0.181855071886252
      vertex 0.259557026316131 0.820000939608018 0.169249158300158
      vertex 0.259601276039237 0.818001537888180 0.169227827226265
   endloop
endfacet
facet normal -0.113832617961292 -0.961129255845798 0.251540630207886
   outer loop
      vertex 0.276355525667468 0.813596677482644 0.161224503835784
      vertex 0.275186384588001 0.808906680268034 0.142775079109435
      vertex 0.284061786805463 0.809060571715700 0.147379583127304
   endloop
endfacet
facet normal -0.918757895959904 -0.017497034906699 -0.394433495510719
   outer loop
      vertex 0.281994916575528 0.804353063041199 0.129011968004157
      vertex 0.288077471882526 0.801793401832894 0.114957357283969
      vertex 0.288125520452755 0.799794095714077 0.114934126309821
   endloop
endfacet
facet normal 0.160274984399827 -0.957019312610856 0.241714634777209
   outer loop
      vertex 0.290055712377100 0.714302533523749 -0.161306864300770
      vertex 0.281923956032654 0.709383471448786 -0.175390911332344
      vertex 0.307580930563302 0.714807052945409 -0.170929861449557
   endloop
endfacet
facet normal 0.585318957295501 0.002428258104339 0.810799495432185
   outer loop
      vertex 0.210746992078386 0.851926859553978 0.279243876083888
      vertex 0.196658552314679 0.858420641217875 0.289394921244657
      vertex 0.196695701558734 0.856421193068167 0.289374091211195
   endloop
endfacet
facet normal -0.234240098980228 -0.961261357593934 0.145286539040611
   outer loop
      vertex 0.152745110688279 0.863444308691206 0.281227927423673
      vertex 0.161192371198517 0.858895255194133 0.264749166086639
      vertex 0.166445101830010 0.858901352961980 0.273258293634173
   endloop
endfacet
facet normal -0.134930944011453 -0.963776347931786 0.230062581736898
   outer loop
      vertex 0.293132799142237 0.818511560811318 0.191030434319466
      vertex 0.276367037580156 0.818256549877920 0.180129080775656
      vertex 0.284995142847373 0.813737446312347 0.166258043088759
   endloop
endfacet
facet normal -0.945525109676499 -0.009550004215514 -0.325409072385403
   outer loop
      vertex -0.104381882004195 0.946236638702584 0.294664372187627
      vertex -0.104320682919865 0.942237580639222 0.294603912135251
      vertex -0.117389466319408 0.945465744569869 0.332482493047853
   endloop
endfacet
facet normal -0.186816321310281 -0.961438286463045 0.201831819629853
   outer loop
      vertex 0.216891937610234 0.840767676549808 0.235004626998265
      vertex 0.221102494686733 0.836166495404872 0.216983925710108
      vertex 0.228263757865632 0.836240108009969 0.223963077077353
   endloop
endfacet
facet normal -0.764803378192456 -0.009526048865510 -0.644193330529289
   outer loop
      vertex 0.231589293870526 0.831626144403085 0.205761517995657
      vertex 0.241474230985774 0.829085263578433 0.194063432363704
      vertex 0.241516681170314 0.827085820799268 0.194042601264891
   endloop
endfacet
facet normal 0.179617710189004 0.968041945573134 -0.175020769617324
   outer loop
      vertex 0.237244627955781 0.844946841593574 0.257011093650029
      vertex 0.249666346217623 0.840459909151841 0.244941793392900
      vertex 0.223623200651588 0.844826699444555 0.242367390350298
   endloop
endfacet
facet normal -0.256705798248293 -0.958577202526187 0.123417502578748
   outer loop
      vertex 0.138674745652047 0.867992275288097 0.288518854656938
      vertex 0.134280963463660 0.868012362322593 0.279535895453421
      vertex 0.147916002207211 0.863451348478672 0.272471335175003
   endloop
endfacet
facet normal -0.200761190529973 -0.963876004994069 0.175037114274832
   outer loop
      vertex 0.224326064793873 0.845436363327744 0.268420035890374
      vertex 0.211438843459707 0.845343288281527 0.253126326824882
      vertex 0.223702602255392 0.840827697171334 0.242326428122729
   endloop
endfacet
facet normal -0.179873495044759 -0.967951552046813 0.175257863362957
   outer loop
      vertex 0.224326064793873 0.845436363327744 0.268420035890374
      vertex 0.223702602255392 0.840827697171334 0.242326428122729
      vertex 0.237323929558174 0.840947838389050 0.256970031428207
   endloop
endfacet
facet normal -0.253042364325899 -0.963297766685206 0.089593384552959
   outer loop
      vertex 0.120038327380801 0.876967915405349 0.329106378243313
      vertex 0.113053893631533 0.877059623146189 0.310365979319537
      vertex 0.128216357505965 0.872512609818414 0.304300999425628
   endloop
endfacet
facet normal -0.764795160116859 -0.009207646515133 -0.644207716740090
   outer loop
      vertex 0.231506293041424 0.835625071952044 0.205802780212456
      vertex 0.241431780801234 0.831084706357597 0.194084263462517
      vertex 0.231547743465853 0.833625607183742 0.205782149104140
   endloop
endfacet
facet normal -0.190579350245517 0.956618562247578 0.220364329289869
   outer loop
      vertex -0.235764246455501 0.528309642473075 -0.196854144573256
      vertex -0.226177792617713 0.532878911337416 -0.208398967985297
      vertex -0.251359422723821 0.528086492267985 -0.209372726599268
   endloop
endfacet
facet normal -0.270548927457642 -0.960540414642352 0.064539830261765
   outer loop
      vertex 0.063986475892479 0.890831224286811 0.314242456727515
      vertex 0.076827996878732 0.886318034856084 0.300904319426827
      vertex 0.079384922092358 0.886247396956231 0.310571571633583
   endloop
endfacet
facet normal -0.241508588158455 -0.958771119712643 0.149771632329607
   outer loop
      vertex 0.166445101830010 0.858901352961980 0.273258293634173
      vertex 0.161192371198517 0.858895255194133 0.264749166086639
      vertex 0.174077676842632 0.854343439828923 0.256388189305861
   endloop
endfacet
facet normal -0.661955210554670 -0.005430603208838 -0.749523720617507
   outer loop
      vertex 0.210081174951199 0.840707555022314 0.227682724822996
      vertex 0.198551420156353 0.845250310291026 0.237832518821856
      vertex 0.210041524150002 0.842707056624576 0.227703255933906
   endloop
endfacet
facet normal -0.257564278078176 -0.960188382960915 -0.108161508333472
   outer loop
      vertex -0.117328167254834 0.941466688494152 0.332422032995310
      vertex -0.104320682919865 0.942237580639222 0.294603912135251
      vertex -0.095288035158979 0.937134868775361 0.318393125999356
   endloop
endfacet
facet normal -0.273955361656713 -0.960435562342312 0.050119760651326
   outer loop
      vertex 0.066065947371882 0.890748491630113 0.324023488583299
      vertex 0.063986475892479 0.890831224286811 0.314242456727515
      vertex 0.079384922092358 0.886247396956231 0.310571571633583
   endloop
endfacet
facet normal -0.135015696046106 0.957582040256279 -0.254572971856415
   outer loop
      vertex 0.310120327282981 0.732958922286416 -0.116800961852523
      vertex 0.322516529151206 0.728592394149763 -0.139800224903910
      vertex 0.304132109077540 0.728089344679159 -0.131942068872454
   endloop
endfacet
facet normal -0.135173149021456 -0.963654797276084 0.230429276504556
   outer loop
      vertex 0.267073456246402 0.822772829719162 0.193564405172130
      vertex 0.267984105836390 0.818129092348388 0.174678504526529
      vertex 0.276367037580156 0.818256549877920 0.180129080775656
   endloop
endfacet
facet normal 0.979124704080180 0.020699347906273 0.202203736009389
   outer loop
      vertex 0.340971849454521 0.788642899742992 0.080379217101702
      vertex 0.344614627592159 0.781952238296783 0.063424823455448
      vertex 0.344566781774278 0.783951408275236 0.063451853160607
   endloop
endfacet
facet normal 0.641420141321746 0.023553784734722 -0.766828156454536
   outer loop
      vertex 0.232937441091585 0.681978622630162 -0.264900547642554
      vertex 0.219848279079249 0.674927950304458 -0.276065659530875
      vertex 0.219814931770507 0.676927339934911 -0.276032140212037
   endloop
endfacet
facet normal 0.054951475325525 0.013296413023436 -0.998400491165874
   outer loop
      vertex 0.032215189417792 0.616230177291325 -0.351477602597406
      vertex 0.015263103862557 0.611643590363879 -0.352471719962173
      vertex 0.032189738793654 0.618229811516506 -0.351452372828959
   endloop
endfacet
facet normal 0.186645896789736 -0.960561019485824 0.206120928233671
   outer loop
      vertex 0.289612467919455 0.704949360622205 -0.200349498198682
      vertex 0.263651270670967 0.699493924487282 -0.202264531071397
      vertex 0.279573972901384 0.699993174918602 -0.214356202476055
   endloop
endfacet
facet normal -0.270921365002395 -0.962393755199929 0.019996848187079
   outer loop
      vertex 0.017611711663261 0.904527322637208 0.330669267147992
      vertex 0.032752293608851 0.900029051098618 0.319307411110622
      vertex 0.033862537466523 0.899922994596305 0.329245010477411
   endloop
endfacet
facet normal -0.014913873082306 -0.964634555580550 0.263168673229927
   outer loop
      vertex 0.344614627592159 0.781952238296783 0.063424823455448
      vertex 0.327567972308147 0.776818262838527 0.043640394997389
      vertex 0.347379512144308 0.777249856235935 0.046345111660834
   endloop
endfacet
facet normal 0.273096937426351 -0.961713759399424 0.022906500172965
   outer loop
      vertex 0.043685898043808 0.620216113927726 -0.310026111734382
      vertex 0.046391906423175 0.620512611590224 -0.329839558396859
      vertex 0.062199529736172 0.625060893717493 -0.327345419692787
   endloop
endfacet
facet normal 0.713409304676986 0.024530069519253 -0.700318098930536
   outer loop
      vertex 0.257438520990227 0.694023052763007 -0.240728714108275
      vertex 0.257473567791675 0.692023705478894 -0.240763043384724
      vertex 0.245465974122347 0.689010140607102 -0.253100653992645
   endloop
endfacet
facet normal -0.276674627931293 -0.958573692183255 -0.067732022804889
   outer loop
      vertex -0.063575941292987 0.927746042527430 0.325845251516323
      vertex -0.061749726178967 0.927913544700777 0.316014885666098
      vertex -0.046137293362400 0.923232409230596 0.318490070426459
   endloop
endfacet
facet normal -0.039404590658788 0.959547610692090 -0.278775287732100
   outer loop
      vertex 0.320016161401912 0.761609917936996 -0.020805255815773
      vertex 0.329995171354409 0.761844389407100 -0.021408724885119
      vertex 0.328638814167966 0.757067997214116 -0.037657399771755
   endloop
endfacet
facet normal -0.954924156831857 -0.019479895608778 -0.296210040960865
   outer loop
      vertex 0.293466015482579 0.799227408264143 0.100622310917269
      vertex 0.298101978805638 0.794529802089192 0.085985789901937
      vertex 0.298150524908560 0.792530624897419 0.085960760083984
   endloop
endfacet
facet normal -0.979267074128208 -0.020711941575356 -0.201511818523274
   outer loop
      vertex 0.302067207398876 0.787824888188996 0.071119093978352
      vertex 0.305207974584530 0.785109535755031 0.056135309436227
      vertex 0.305255822389944 0.783110265801913 0.056108278674514
   endloop
endfacet
facet normal -0.039833675634427 0.957110295087639 -0.286972405158936
   outer loop
      vertex 0.310037249442125 0.761375548429199 -0.020201785690039
      vertex 0.320016161401912 0.761609917936996 -0.020805255815773
      vertex 0.318701587450467 0.756829794210190 -0.036565451698839
   endloop
endfacet
facet normal -0.010800495400050 0.957599060359394 -0.287901700060836
   outer loop
      vertex 0.320333049821191 0.771130060705269 0.010822807741792
      vertex 0.320560452082004 0.766376516991300 -0.004996637054760
      vertex 0.310342864444395 0.770904222068013 0.010446415676033
   endloop
endfacet
facet normal 0.713450087171192 0.024238973590614 -0.700286687917664
   outer loop
      vertex 0.257473567791675 0.692023705478894 -0.240763043384724
      vertex 0.245500421088894 0.687010779073165 -0.253134763280378
      vertex 0.245465974122347 0.689010140607102 -0.253100653992645
   endloop
endfacet
facet normal 0.999709320861569 0.022754070132716 0.007970324641854
   outer loop
      vertex 0.350350255431265 0.769808210302396 0.011922352267917
      vertex 0.350641737902245 0.763068897796447 -0.005398266389806
      vertex 0.350595990401623 0.765068173574496 -0.005367835821356
   endloop
endfacet
facet normal 0.285973931846924 -0.957489450963272 0.037853158363120
   outer loop
      vertex 0.058528384375939 0.624741557618561 -0.307688118712239
      vertex 0.043685898043808 0.620216113927726 -0.310026111734382
      vertex 0.062199529736172 0.625060893717493 -0.327345419692787
   endloop
endfacet
facet normal 0.209799077275728 0.017084159058210 -0.977595252997644
   outer loop
      vertex -0.059923511064949 0.928081046874125 0.306184519815875
      vertex -0.074910986423054 0.932785572426812 0.303050313068663
      vertex -0.059953860043732 0.930080549901740 0.306212949413841
   endloop
endfacet
facet normal -0.544660091545365 -0.001080879088607 -0.838656196768491
   outer loop
      vertex 0.174003376345823 0.858342437159345 0.256429750434920
      vertex 0.161156021817583 0.860894718188664 0.264770096113192
      vertex 0.161119670470283 0.862894280101515 0.264791127190716
   endloop
endfacet
facet normal -0.241202667429719 -0.963539021710833 0.115818076591345
   outer loop
      vertex 0.151855896189454 0.867931812372674 0.315467530165875
      vertex 0.143068429847724 0.867972086291292 0.297501812804066
      vertex 0.157574219169346 0.863437268903741 0.289984519672343
   endloop
endfacet
facet normal -0.116712885847964 0.962317633985752 -0.245607152984403
   outer loop
      vertex 0.310120327282981 0.732958922286416 -0.116800961852523
      vertex 0.328868362591089 0.733459864413305 -0.123747306214837
      vertex 0.322516529151206 0.728592394149763 -0.139800224903910
   endloop
endfacet
facet normal -0.255428739919160 -0.960967630495641 0.106289096161852
   outer loop
      vertex 0.109561775764543 0.877105527935244 0.300995880380177
      vertex 0.120320950653346 0.872578847272869 0.285925744650763
      vertex 0.124268704069778 0.872545729539464 0.295113372038112
   endloop
endfacet
facet normal -0.968268532066790 -0.020123653715490 -0.249100558751609
   outer loop
      vertex 0.298199172979258 0.790531349718627 0.085935729209311
      vertex 0.302067207398876 0.787824888188996 0.071119093978352
      vertex 0.302115455336932 0.785825615623043 0.071093063160159
   endloop
endfacet
facet normal 0.233200858222475 0.967607209994004 -0.096714253819799
   outer loop
      vertex 0.136043461154568 0.876445565688249 0.322720016253351
      vertex 0.151786095142306 0.871930882245670 0.315510691198159
      vertex 0.128147954321704 0.876511801155058 0.304344761478652
   endloop
endfacet
facet normal -0.987933803632354 -0.021253510800039 -0.153411498653727
   outer loop
      vertex 0.305255822389944 0.783110265801913 0.056108278674514
      vertex 0.307661837046010 0.780385211140958 0.040991639749490
      vertex 0.307709184759704 0.778385940756690 0.040963709038843
   endloop
endfacet
facet normal -0.824214764851110 -0.011914882817150 -0.566151973386018
   outer loop
      vertex 0.250817921125020 0.824543987593358 0.181876102975396
      vertex 0.259557026316131 0.820000939608018 0.169249158300158
      vertex 0.250861271089426 0.822544564815686 0.181855071886252
   endloop
endfacet
facet normal -0.053480982717186 0.959233609232104 -0.277507959178029
   outer loop
      vertex 0.329995171354409 0.761844389407100 -0.021408724885119
      vertex 0.348513369591906 0.757544304178608 -0.039841196979887
      vertex 0.328638814167966 0.757067997214116 -0.037657399771755
   endloop
endfacet
facet normal -0.138126216038064 0.955126663954879 -0.262019473027158
   outer loop
      vertex 0.285747689005991 0.727586295102921 -0.124083902841556
      vertex 0.294939900036590 0.727837769850891 -0.128012981385562
      vertex 0.288424315818740 0.722951242280571 -0.142390843228234
   endloop
endfacet
facet normal 0.262533548613686 -0.956445616798900 -0.127624127650210
   outer loop
      vertex -0.144855255124214 0.560923101886834 -0.274195251130281
      vertex -0.140303141051547 0.565503586412253 -0.299158412443261
      vertex -0.131564749381799 0.565501801028325 -0.281169426824806
   endloop
endfacet
facet normal 0.459916962515480 -0.001251084351661 0.887961047782210
   outer loop
      vertex 0.167232336130071 0.863423188397507 0.307497604175432
      vertex 0.167196784667059 0.865422764098838 0.307518835240464
      vertex 0.151820946658941 0.869931296856189 0.315489060156615
   endloop
endfacet
facet normal 0.068694556207069 -0.956532106988060 0.283420864172871
   outer loop
      vertex 0.318790380447250 0.752831316427220 -0.036628911629577
      vertex 0.306835485874530 0.747795680302888 -0.050726361605670
      vertex 0.316707134609196 0.748037114316138 -0.052304188787774
   endloop
endfacet
facet normal -0.268400273305502 -0.961027673040674 -0.066235224311227
   outer loop
      vertex -0.067228271540781 0.927411040168380 0.345505983216602
      vertex -0.063575941292987 0.927746042527430 0.325845251516323
      vertex -0.047477895869751 0.923074137003063 0.328398435342996
   endloop
endfacet
facet normal 0.259787291724618 -0.965436912360252 0.021026918716045
   outer loop
      vertex 0.046391906423175 0.620512611590224 -0.329839558396859
      vertex 0.049097812834765 0.620809207239742 -0.349653004002618
      vertex 0.065870773110284 0.625380330722393 -0.347002619622531
   endloop
endfacet
facet normal -0.227515607306330 -0.967641843942410 0.109114207524797
   outer loop
      vertex 0.136111862330130 0.872446475382610 0.322676155262463
      vertex 0.143068429847724 0.867972086291292 0.297501812804066
      vertex 0.151855896189454 0.867931812372674 0.315467530165875
   endloop
endfacet
facet normal 0.054301408732168 -0.956858912757603 0.285433666700407
   outer loop
      vertex 0.318790380447250 0.752831316427220 -0.036628911629577
      vertex 0.316707134609196 0.748037114316138 -0.052304188787774
      vertex 0.328727607164749 0.753069519431146 -0.037720859702493
   endloop
endfacet
facet normal -0.778249042738692 -0.024702708256421 0.627469683475711
   outer loop
      vertex 0.247728466473110 0.698994772026080 -0.190172857010109
      vertex 0.238208756826735 0.696026897415324 -0.202096970090199
      vertex 0.238244405461198 0.694027463878202 -0.202131470414708
   endloop
endfacet
facet normal -0.247710230579849 -0.963347627262508 0.102961112628870
   outer loop
      vertex 0.113053893631533 0.877059623146189 0.310365979319537
      vertex 0.124268704069778 0.872545729539464 0.295113372038112
      vertex 0.128216357505965 0.872512609818414 0.304300999425628
   endloop
endfacet
facet normal -0.987940148186352 -0.021254395391387 -0.153370513065831
   outer loop
      vertex 0.305303668207825 0.781111095823459 0.056081248969357
      vertex 0.307709184759704 0.778385940756690 0.040963709038843
      vertex 0.307756530485864 0.776386770347086 0.040935779384750
   endloop
endfacet
facet normal -0.459750823248896 0.001231965396758 -0.888047106173554
   outer loop
      vertex 0.147880450744200 0.865450924180003 0.272492566240037
      vertex 0.134246111947025 0.870011947712076 0.279557526494966
      vertex 0.147844799300943 0.867450497893688 0.272513797305236
   endloop
endfacet
facet normal -0.268582559621988 -0.962648378640782 0.034227295645061
   outer loop
      vertex 0.053220234702119 0.895141260797667 0.346770179877558
      vertex 0.050026713132933 0.895330323697492 0.327027951035127
      vertex 0.066065947371882 0.890748491630113 0.324023488583299
   endloop
endfacet
facet normal -0.250767832590678 -0.966994846618677 0.045127162005760
   outer loop
      vertex 0.053220234702119 0.895141260797667 0.346770179877558
      vertex 0.066065947371882 0.890748491630113 0.324023488583299
      vertex 0.070224692336565 0.890582923423105 0.343585451244225
   endloop
endfacet
facet normal -0.808032400260647 -0.025216701885495 0.588598129520504
   outer loop
      vertex 0.256543948669081 0.707944058246552 -0.177689652708942
      vertex 0.247655671533072 0.702993507064140 -0.190103644727026
      vertex 0.256581094985811 0.705944756188922 -0.177724311970456
   endloop
endfacet
facet normal -0.265961728966149 -0.962767751721976 0.048400567863889
   outer loop
      vertex 0.050026713132933 0.895330323697492 0.327027951035127
      vertex 0.063986475892479 0.890831224286811 0.314242456727515
      vertex 0.066065947371882 0.890748491630113 0.324023488583299
   endloop
endfacet
facet normal -0.072176676860592 -0.961179020654329 0.266318263683409
   outer loop
      vertex 0.331377127471155 0.795997411744549 0.113595990811693
      vertex 0.293563810003328 0.795228944579931 0.100574450100849
      vertex 0.317401688213023 0.790928181058988 0.091512867905303
   endloop
endfacet
facet normal -0.280446211407181 -0.959105875420618 -0.038286319240794
   outer loop
      vertex -0.031270920935412 0.918416856612758 0.330160706458264
      vertex -0.030418821427959 0.918565388837728 0.320198239033096
      vertex -0.014632709619908 0.913912063500340 0.321135294948258
   endloop
endfacet
facet normal 0.995664502418770 0.023883913948191 -0.089898594414479
   outer loop
      vertex 0.349998040798360 0.760313945043840 -0.022646694613830
      vertex 0.350043186281817 0.758314764708975 -0.022677824085657
      vertex 0.348602162567524 0.753545827451981 -0.039904756905044
   endloop
endfacet
facet normal 0.982124123108172 0.024211808785227 -0.186670820227352
   outer loop
      vertex 0.346234685763968 0.752760011377140 -0.056973209404938
      vertex 0.343165398948814 0.745960619102364 -0.074003435144779
      vertex 0.343122353410319 0.747959823219970 -0.073970605771326
   endloop
endfacet
facet normal -0.280528902098865 -0.959825700752832 0.006177318313008
   outer loop
      vertex 0.017611711663261 0.904527322637208 0.330669267147992
      vertex 0.016990842273061 0.904644555243090 0.320689379895302
      vertex 0.032752293608851 0.900029051098618 0.319307411110622
   endloop
endfacet
facet normal -0.268517528760188 -0.960993355591466 -0.066257884493662
   outer loop
      vertex -0.063575941292987 0.927746042527430 0.325845251516323
      vertex -0.079525653717682 0.932432789895297 0.322507449278428
      vertex -0.061749726178967 0.927913544700777 0.316014885666098
   endloop
endfacet
facet normal -0.279278898668469 -0.959981376141470 0.020953620690878
   outer loop
      vertex 0.016990842273061 0.904644555243090 0.320689379895302
      vertex 0.031642149752588 0.900135108532234 0.309369911738085
      vertex 0.032752293608851 0.900029051098618 0.319307411110622
   endloop
endfacet
facet normal -0.265492374388934 -0.960756331034487 -0.080380790730609
   outer loop
      vertex -0.084140223040765 0.932080110382434 0.341964486550161
      vertex -0.079525653717682 0.932432789895297 0.322507449278428
      vertex -0.063575941292987 0.927746042527430 0.325845251516323
   endloop
endfacet
facet normal 0.164652074337873 -0.961146115091086 0.221557757394202
   outer loop
      vertex 0.307580930563302 0.714807052945409 -0.170929861449557
      vertex 0.281923956032654 0.709383471448786 -0.175390911332344
      vertex 0.298955590069683 0.709887247769950 -0.185862633229540
   endloop
endfacet
facet normal -0.746586179417543 -0.024502418027288 0.664837354706797
   outer loop
      vertex 0.238208756826735 0.696026897415324 -0.202096970090199
      vertex 0.228118672156396 0.693042075369975 -0.213537742886238
      vertex 0.228153718957844 0.691042728085862 -0.213572072162686
   endloop
endfacet
facet normal -0.247405593155587 -0.967152504128319 0.058365282777131
   outer loop
      vertex 0.070224692336565 0.890582923423105 0.343585451244225
      vertex 0.081941849272350 0.886176660138056 0.320238722789366
      vertex 0.087055701687136 0.886035284363685 0.339573226146323
   endloop
endfacet
facet normal 0.082973560361442 -0.956258060201801 0.280510089979015
   outer loop
      vertex 0.316707134609196 0.748037114316138 -0.052304188787774
      vertex 0.304079159581812 0.742983793411514 -0.065795649283682
      vertex 0.313861429813714 0.743228248326505 -0.067855852561168
   endloop
endfacet
facet normal 0.197065773880835 -0.960262275722547 0.197639678680429
   outer loop
      vertex 0.279573972901384 0.699993174918602 -0.214356202476055
      vertex 0.253554262347387 0.694522840335086 -0.214990495855244
      vertex 0.268864121221109 0.695018116817306 -0.227849522352334
   endloop
endfacet
facet normal -0.272329355461735 -0.962187569349675 0.005639462985091
   outer loop
      vertex 0.001313129327242 0.909144015898885 0.331297420109943
      vertex 0.016990842273061 0.904644555243090 0.320689379895302
      vertex 0.017611711663261 0.904527322637208 0.330669267147992
   endloop
endfacet
facet normal 0.068668516892865 -0.956590378065153 0.283230442186044
   outer loop
      vertex 0.316707134609196 0.748037114316138 -0.052304188787774
      vertex 0.313861429813714 0.743228248326505 -0.067855852561168
      vertex 0.326578783322697 0.748278549385730 -0.053882115964298
   endloop
endfacet
facet normal -0.282640988138157 -0.957816544918736 0.051976322534600
   outer loop
      vertex 0.063986475892479 0.890831224286811 0.314242456727515
      vertex 0.061907102426954 0.890914057849477 0.304461525922537
      vertex 0.076827996878732 0.886318034856084 0.300904319426827
   endloop
endfacet
facet normal -0.001567674454853 -0.964440840611328 0.264294168224952
   outer loop
      vertex 0.347379512144308 0.777249856235935 0.046345111660834
      vertex 0.329388410796889 0.772093790017090 0.027423297903328
      vertex 0.349308364776211 0.772535730242775 0.029154146558927
   endloop
endfacet
facet normal -0.089774979381836 -0.958465534882028 0.270710678622584
   outer loop
      vertex 0.297408390664113 0.799973697301349 0.118648465981811
      vertex 0.288125520452755 0.799794095714077 0.114934126309821
      vertex 0.293563810003328 0.795228944579931 0.100574450100849
   endloop
endfacet
facet normal 0.826330894153633 0.013307363390517 0.563027679112537
   outer loop
      vertex -0.244702165457862 0.519743887903586 -0.184858516821867
      vertex -0.253138812374780 0.517180093485553 -0.172415826001520
      vertex -0.253103379385241 0.515180441182940 -0.172420566930221
   endloop
endfacet
facet normal -0.083499920024996 -0.963267641060227 0.255231688945720
   outer loop
      vertex 0.300174990789339 0.804686683799327 0.137340808986555
      vertex 0.297408390664113 0.799973697301349 0.118648465981811
      vertex 0.306691162882760 0.800153196926312 0.122362804597414
   endloop
endfacet
facet normal 0.209848874656950 0.017378061362342 -0.977579384392131
   outer loop
      vertex -0.059953860043732 0.930080549901740 0.306212949413841
      vertex -0.074910986423054 0.932785572426812 0.303050313068663
      vertex -0.074941335274840 0.934785069116376 0.303079342633140
   endloop
endfacet
facet normal -0.025288797874624 0.959720148328593 -0.279817286088976
   outer loop
      vertex 0.330323437146009 0.771355803343151 0.011199198750664
      vertex 0.350550344868780 0.767067351365526 -0.005337406309628
      vertex 0.330557050346692 0.766606761128606 -0.005110227158512
   endloop
endfacet
facet normal 0.011821670514515 -0.964235884311520 0.264781811143112
   outer loop
      vertex 0.349308364776211 0.772535730242775 0.029154146558927
      vertex 0.330416030281071 0.767357356724348 0.011139938579188
      vertex 0.350396600995151 0.767809037974149 0.011892722710372
   endloop
endfacet
end solid no_name
