solid no_name
facet normal -0.236596738086050 0.000164773609760 -0.971607923175135
   outer loop
      vertex 0.078169452759480 0.390290564561072 0.291379921812482
      vertex 0.063445092644025 0.384125338976421 0.294964412659227
      vertex 0.063471050105714 0.386125074746708 0.294958430876921
   endloop
endfacet
facet normal -0.127600877182866 0.967257188792653 0.219389030881440
   outer loop
      vertex 0.282571653162697 0.459174023870888 0.157872649899123
      vertex 0.290288129756420 0.463396325997628 0.143745129982696
      vertex 0.265299756319669 0.459182472868089 0.147789732206404
   endloop
endfacet
facet normal -0.886034194804052 0.002189265526157 0.463614724479702
   outer loop
      vertex -0.308006380431299 0.267151213412103 0.161595845028707
      vertex -0.316015362129391 0.262260708649188 0.146312626738911
      vertex -0.308016881142397 0.265151290255534 0.161585220633016
   endloop
endfacet
facet normal -0.043571204427156 0.000001630458681 -0.999050324128924
   outer loop
      vertex 0.018586295758863 0.375615034787181 0.301337465509708
      vertex 0.003443231727199 0.369440569382346 0.301997884164736
      vertex 0.003468088058317 0.371440351497380 0.301996803378617
   endloop
endfacet
facet normal -0.092280510402995 0.000034310756352 -0.995733049678746
   outer loop
      vertex 0.033655341028941 0.379787277738478 0.299941071128256
      vertex 0.018560939184262 0.373615260050219 0.301339746546642
      vertex 0.018586295758863 0.375615034787181 0.301337465509708
   endloop
endfacet
facet normal -0.140763404111240 0.000025888032716 -0.990043263394497
   outer loop
      vertex 0.048638213988832 0.383957209835159 0.297810929620469
      vertex 0.033629783974003 0.377787525283647 0.299944652515582
      vertex 0.033655341028941 0.379787277738478 0.299941071128256
   endloop
endfacet
facet normal -0.201943293266812 0.971493113435402 0.124177440995314
   outer loop
      vertex 0.182077337886887 0.417279244469214 0.289414211164521
      vertex 0.196373165122928 0.421449074451902 0.280040409683121
      vertex 0.171613972691450 0.417282756306930 0.272370711673692
   endloop
endfacet
facet normal -0.188947059963389 0.000104539096316 -0.981987269572660
   outer loop
      vertex 0.063497007546234 0.388124811573335 0.294952349100198
      vertex 0.048612256670653 0.381957466746042 0.297815711258443
      vertex 0.048638213988832 0.383957209835159 0.297810929620469
   endloop
endfacet
facet normal -0.236658858131869 0.000117039276069 -0.971592801110387
   outer loop
      vertex 0.078195410343510 0.392290294068869 0.291372639891427
      vertex 0.063471050105714 0.386125074746708 0.294958430876921
      vertex 0.063497007546234 0.388124811573335 0.294952349100198
   endloop
endfacet
facet normal -0.330328619529811 0.000267863881221 -0.943865949893559
   outer loop
      vertex 0.106976843357450 0.400618616582345 0.282084705005935
      vertex 0.092673939836276 0.394454851172090 0.287088601296318
      vertex 0.092699797384816 0.396454581370878 0.287080119336754
   endloop
endfacet
facet normal -0.420883834564203 0.000403996720571 -0.907114455065722
   outer loop
      vertex 0.134716428991760 0.408948798977596 0.270032455994297
      vertex 0.120968269405494 0.402783420398357 0.276408594418551
      vertex 0.120993427003002 0.404783140984556 0.276397812377217
   endloop
endfacet
facet normal -0.464743736918440 0.000492599943598 -0.885445095045638
   outer loop
      vertex 0.148112927134271 0.413116380938489 0.263003351996141
      vertex 0.134691669560529 0.406949174696881 0.270044339030123
      vertex 0.134716428991760 0.408948798977596 0.270032455994297
   endloop
endfacet
facet normal -0.507487122059936 0.000536846997466 -0.861659174348318
   outer loop
      vertex 0.161150607496014 0.417286268144644 0.255327212182862
      vertex 0.148088769804870 0.411116656989222 0.263016333913017
      vertex 0.148112927134271 0.413116380938489 0.263003351996141
   endloop
endfacet
facet normal -0.549038839123426 0.000596559995875 -0.835796624335234
   outer loop
      vertex 0.173797558389637 0.421458732947915 0.247022347208060
      vertex 0.161127150239988 0.415286547545478 0.255341194042761
      vertex 0.161150607496014 0.417286268144644 0.255327212182862
   endloop
endfacet
facet normal -0.174265216149625 0.971286959938993 0.161966897521667
   outer loop
      vertex 0.236266571814593 0.433977523102422 0.247890614395991
      vertex 0.248456412695669 0.438160735453202 0.235920055098599
      vertex 0.222675501701031 0.433985611087619 0.233219057664590
   endloop
endfacet
facet normal -0.589303280735846 0.000693953012316 -0.807911605154416
   outer loop
      vertex 0.186022366443647 0.425634137542549 0.238108968674994
      vertex 0.173774801185821 0.419459016755188 0.247037229016561
      vertex 0.173797558389637 0.421458732947915 0.247022347208060
   endloop
endfacet
facet normal -0.628137949242304 0.000693461188034 -0.778101687334794
   outer loop
      vertex 0.197794526503368 0.429812439929774 0.228609383842006
      vertex 0.186000609232773 0.423634431719201 0.238124750431600
      vertex 0.186022366443647 0.425634137542549 0.238108968674994
   endloop
endfacet
facet normal -0.665494212427842 0.000789308871354 -0.746402592584292
   outer loop
      vertex 0.209084431629802 0.433993696960133 0.218547700922026
      vertex 0.197773669262860 0.427812744600841 0.228625865558046
      vertex 0.197794526503368 0.429812439929774 0.228609383842006
   endloop
endfacet
facet normal -0.701248187573292 0.000837663006076 -0.712916739700970
   outer loop
      vertex 0.219865068492358 0.438178312861574 0.207948431271005
      vertex 0.209064576327435 0.431993914138597 0.218564881540781
      vertex 0.209084431629802 0.433993696960133 0.218547700922026
   endloop
endfacet
facet normal -0.735319414092425 0.000836676970313 -0.677720192432261
   outer loop
      vertex 0.230111811339954 0.442367340469864 0.196835992585810
      vertex 0.219846313120845 0.436178544509747 0.207966311848862
      vertex 0.219865068492358 0.438178312861574 0.207948431271005
   endloop
endfacet
facet normal -0.798113550669325 0.000829356277355 -0.602506491588404
   outer loop
      vertex 0.248909834317272 0.450761766129509 0.173175866902101
      vertex 0.239784784786810 0.444561810673014 0.185254879842903
      vertex 0.239801040461715 0.446561538840783 0.185236099319430
   endloop
endfacet
facet normal -0.826689132497777 0.000813579114412 -0.562658347755632
   outer loop
      vertex 0.257416277427631 0.454968585654900 0.160683807514594
      vertex 0.248894880436575 0.448761960657441 0.173194946350116
      vertex 0.248909834317272 0.450761766129509 0.173175866902101
   endloop
endfacet
facet normal -0.192316818962461 0.967903973321807 0.161790418665690
   outer loop
      vertex 0.210648232579189 0.429805330268895 0.243930843257451
      vertex 0.222675501701031 0.433985611087619 0.233219057664590
      vertex 0.197794526503368 0.429812439929774 0.228609383842006
   endloop
endfacet
facet normal 0.135314047391267 -0.963113818350265 -0.232598111517198
   outer loop
      vertex 0.282547148394231 0.455174316084909 0.157911206650758
      vertex 0.265275251551203 0.455182765082111 0.147828288958037
      vertex 0.272518956251317 0.459404057282994 0.134563306586685
   endloop
endfacet
facet normal -0.853252110276200 0.000823658688416 -0.521497994143387
   outer loop
      vertex 0.265287503935436 0.457182618975101 0.147809010582220
      vertex 0.257389071183867 0.450968925233499 0.160722265332845
      vertex 0.257402723312688 0.452968805897182 0.160703086949123
   endloop
endfacet
facet normal -0.247463162737188 -0.000194885410247 0.968897283053155
   outer loop
      vertex -0.080859213199788 0.348528498971741 0.333167464867429
      vertex -0.097383228740352 0.346327105951655 0.328946672593886
      vertex -0.097402881909492 0.344327215927347 0.328941250775832
   endloop
endfacet
facet normal 0.123956773122082 -0.962983162065687 -0.239370315568015
   outer loop
      vertex 0.290266524372707 0.459396677966051 0.143783486740680
      vertex 0.272518956251317 0.459404057282994 0.134563306586685
      vertex 0.279102179819064 0.463632900546183 0.120959824887045
   endloop
endfacet
facet normal -0.853118302316999 0.000197448270010 -0.521717474564484
   outer loop
      vertex 0.265287503935436 0.457182618975101 0.147809010582220
      vertex 0.265275251551203 0.455182765082111 0.147828288958037
      vertex 0.257389071183867 0.450968925233499 0.160722265332845
   endloop
endfacet
facet normal -0.797918924988882 0.000245952019585 -0.602764737399419
   outer loop
      vertex 0.248894880436575 0.448761960657441 0.173194946350116
      vertex 0.248879926534711 0.446762156241714 0.173213925803715
      vertex 0.239768531078269 0.442561983586921 0.185273559315403
   endloop
endfacet
facet normal 0.700748724494781 -0.000828847037759 0.713407694191425
   outer loop
      vertex 0.248437757304398 0.436160969089020 0.235937935676291
      vertex 0.236266571814593 0.433977523102422 0.247890614395991
      vertex 0.236246714524694 0.431977840255551 0.247907796071300
   endloop
endfacet
facet normal -0.200033095589118 -0.000129197496858 0.979789132404030
   outer loop
      vertex -0.064149940950261 0.350723781575731 0.336579108217596
      vertex -0.080859213199788 0.348528498971741 0.333167464867429
      vertex -0.080880067133882 0.346528635573407 0.333162943635064
   endloop
endfacet
facet normal -0.152053120918002 -0.000028974117819 0.988372322345985
   outer loop
      vertex -0.047270879678312 0.354913543054034 0.339175938664159
      vertex -0.064128086452790 0.352723626482945 0.336582528981423
      vertex -0.064149940950261 0.350723781575731 0.336579108217596
   endloop
endfacet
facet normal 0.420064603330324 -0.000346260031917 0.907494137244384
   outer loop
      vertex 0.152150455651329 0.404947949211428 0.306030912493735
      vertex 0.136665905797836 0.402784720310320 0.313197638960967
      vertex 0.136640748221495 0.400784998667779 0.313208520996720
   endloop
endfacet
facet normal -0.283830678973027 0.000192581566643 -0.958874396668329
   outer loop
      vertex 0.092699797384816 0.396454581370878 0.287080119336754
      vertex 0.078169452759480 0.390290564561072 0.291379921812482
      vertex 0.078195410343510 0.392290294068869 0.291372639891427
   endloop
endfacet
facet normal -0.376041799805272 0.000319745278098 -0.926602645453902
   outer loop
      vertex 0.120993427003002 0.404783140984556 0.276397812377217
      vertex 0.106951286401147 0.398618859675458 0.282094386686708
      vertex 0.106976843357450 0.400618616582345 0.282084705005935
   endloop
endfacet
facet normal -0.767633196716085 0.000841932249573 -0.640888887756318
   outer loop
      vertex 0.239801040461715 0.446561538840783 0.185236099319430
      vertex 0.230094355796283 0.440367593732060 0.196854273139183
      vertex 0.230111811339954 0.442367340469864 0.196835992585810
   endloop
endfacet
facet normal 0.195497740706211 -0.963738851410047 -0.181626153572690
   outer loop
      vertex 0.222635889131341 0.429986145294175 0.233253619947325
      vertex 0.209044821026478 0.429994132248367 0.218582162153788
      vertex 0.219827657708408 0.434178779201906 0.207984092432135
   endloop
endfacet
facet normal 0.177094149197047 -0.963564379493143 -0.200452859526047
   outer loop
      vertex 0.245042764067525 0.438358529681577 0.210138928009646
      vertex 0.230076802281070 0.438367743975602 0.196872652630586
      vertex 0.239768531078269 0.442561983586921 0.185273559315403
   endloop
endfacet
facet normal 0.156977965142291 -0.963355643635569 -0.217494419089973
   outer loop
      vertex 0.265076833416851 0.446752717490023 0.184945952626956
      vertex 0.248879926534711 0.446762156241714 0.173213925803715
      vertex 0.257389071183867 0.450968925233499 0.160722265332845
   endloop
endfacet
facet normal -0.375737687858539 -0.000297265996117 -0.926726012128529
   outer loop
      vertex 0.120968269405494 0.402783420398357 0.276408594418551
      vertex 0.120943011848909 0.400783696768170 0.276419476454468
      vertex 0.106925728848584 0.396619132760971 0.282104068684451
   endloop
endfacet
facet normal -0.151985935384867 -0.000037391642201 0.988382655678990
   outer loop
      vertex -0.047248124775290 0.356913376423611 0.339178359059688
      vertex -0.064106332134314 0.354723479399982 0.336585949851071
      vertex -0.064128086452790 0.352723626482945 0.336582528981423
   endloop
endfacet
facet normal 0.186517261703874 -0.963656636494363 -0.191251661500912
   outer loop
      vertex 0.234123378817002 0.434170040950703 0.221969954871335
      vertex 0.219827657708408 0.434178779201906 0.207984092432135
      vertex 0.230076802281070 0.438367743975602 0.196872652630586
   endloop
endfacet
facet normal -0.479580237677313 0.000776827013034 0.877497687842631
   outer loop
      vertex -0.161345924340572 0.327551997712036 0.303673171236064
      vertex -0.176501408261212 0.322695805557658 0.295394519041106
      vertex -0.161363476842550 0.325552094800754 0.303665348703241
   endloop
endfacet
facet normal -0.877804659432084 0.000760309429734 -0.479018164383036
   outer loop
      vertex 0.272529808933295 0.461403882292606 0.134544128207609
      vertex 0.265275251551203 0.455182765082111 0.147828288958037
      vertex 0.265287503935436 0.457182618975101 0.147809010582220
   endloop
endfacet
facet normal -0.199968963311391 -0.000090904525395 0.979802227721766
   outer loop
      vertex -0.064128086452790 0.352723626482945 0.336582528981423
      vertex -0.080838459267105 0.350528361438769 0.333171886105542
      vertex -0.080859213199788 0.348528498971741 0.333167464867429
   endloop
endfacet
facet normal 0.167238881634032 -0.963464746637723 -0.209205254370216
   outer loop
      vertex 0.255368721892642 0.442552518744124 0.197787955836286
      vertex 0.239768531078269 0.442561983586921 0.185273559315403
      vertex 0.248879926534711 0.446762156241714 0.173213925803715
   endloop
endfacet
facet normal -0.345609778123590 0.000245814086800 0.938378293035809
   outer loop
      vertex -0.113703015321018 0.342118818218334 0.323919992441340
      vertex -0.129926269234880 0.335263420144255 0.317946676483592
      vertex -0.113739920505731 0.338119003856353 0.323907447839581
   endloop
endfacet
facet normal 0.588681152389940 -0.000613638182294 0.808365093425634
   outer loop
      vertex 0.210170978134119 0.423622307002230 0.269993985175845
      vertex 0.196373165122928 0.421449074451902 0.280040409683121
      vertex 0.196350507920524 0.419449359190480 0.280055391485875
   endloop
endfacet
facet normal 0.146328589597144 -0.963239138672966 -0.225296039901000
   outer loop
      vertex 0.274143679842255 0.450959841414965 0.171643132583134
      vertex 0.257389071183867 0.450968925233499 0.160722265332845
      vertex 0.265275251551203 0.455182765082111 0.147828288958037
   endloop
endfacet
facet normal -0.877688101126051 0.000167200472500 -0.479232270601374
   outer loop
      vertex 0.272529808933295 0.461403882292606 0.134544128207609
      vertex 0.272518956251317 0.459404057282994 0.134563306586685
      vertex 0.265275251551203 0.455182765082111 0.147828288958037
   endloop
endfacet
facet normal -0.236345641186094 -0.000470390930690 -0.971668933652150
   outer loop
      vertex 0.078169452759480 0.390290564561072 0.291379921812482
      vertex 0.078143495175450 0.388290835053273 0.291387203733536
      vertex 0.063445092644025 0.384125338976421 0.294964412659227
   endloop
endfacet
facet normal -0.826508617846214 0.000243829239845 -0.562924013676129
   outer loop
      vertex 0.257402723312688 0.452968805897182 0.160703086949123
      vertex 0.257389071183867 0.450968925233499 0.160722265332845
      vertex 0.248879926534711 0.446762156241714 0.173213925803715
   endloop
endfacet
facet normal -0.292321061634587 -0.955222733543017 0.045803124865387
   outer loop
      vertex -0.053550784496170 0.072401530749021 -0.324293357497685
      vertex -0.055148023625324 0.072416986198737 -0.334164807149249
      vertex -0.039102696746156 0.067402982430567 -0.336328489171493
   endloop
endfacet
facet normal 0.506807238703288 -0.000526036563123 0.862059247432265
   outer loop
      vertex 0.182053880630862 0.415279523870048 0.289428193024421
      vertex 0.167340867594665 0.413112172710938 0.298076695347356
      vertex 0.167316710265266 0.411112448761672 0.298089677264233
   endloop
endfacet
facet normal -0.826646107473519 0.000840801143759 -0.562721517317683
   outer loop
      vertex 0.257402723312688 0.452968805897182 0.160703086949123
      vertex 0.248879926534711 0.446762156241714 0.173213925803715
      vertex 0.248894880436575 0.448761960657441 0.173194946350116
   endloop
endfacet
facet normal -0.146090650621203 0.963358466056998 0.224939964606962
   outer loop
      vertex 0.248909834317272 0.450761766129509 0.173175866902101
      vertex 0.274170888073553 0.454959401861701 0.171604673708329
      vertex 0.257416277427631 0.454968585654900 0.160683807514594
   endloop
endfacet
facet normal -0.221575917759211 -0.960832324179833 0.166449263982584
   outer loop
      vertex -0.202590196449729 0.122277467211299 -0.270988635396520
      vertex -0.214715632380118 0.122318423981764 -0.286893493983499
      vertex -0.200782937691371 0.117359847245754 -0.296969905000503
   endloop
endfacet
facet normal -0.156739246397009 0.963468437844090 0.217166705360576
   outer loop
      vertex 0.239801040461715 0.446561538840783 0.185236099319430
      vertex 0.265106741178245 0.450752328434160 0.184907793730925
      vertex 0.248909834317272 0.450761766129509 0.173175866902101
   endloop
endfacet
facet normal -0.798069738130438 0.000858077296623 -0.602564483506758
   outer loop
      vertex 0.248894880436575 0.448761960657441 0.173194946350116
      vertex 0.239768531078269 0.442561983586921 0.185273559315403
      vertex 0.239784784786810 0.444561810673014 0.185254879842903
   endloop
endfacet
facet normal -0.247444833851159 0.968111261733861 0.039136161084666
   outer loop
      vertex 0.054936961707906 0.383970401348277 0.337310240471977
      vertex 0.051787537748286 0.383963810124799 0.317560535101925
      vertex 0.035833458309499 0.379794624035436 0.319821397356818
   endloop
endfacet
facet normal -0.166999252888128 0.963570760789016 0.208908205887859
   outer loop
      vertex 0.255401231254922 0.446552075054327 0.197750395845895
      vertex 0.239801040461715 0.446561538840783 0.185236099319430
      vertex 0.230111811339954 0.442367340469864 0.196835992585810
   endloop
endfacet
facet normal -0.296357074972647 -0.955073225445623 0.002760099735747
   outer loop
      vertex -0.022970866828721 0.062384720701772 -0.337699390231465
      vertex -0.007051187690702 0.057385425911977 -0.358272217822179
      vertex -0.006791047389137 0.057362498518203 -0.338273998838527
   endloop
endfacet
facet normal -0.176855057468351 0.963662532144790 0.200191939868111
   outer loop
      vertex 0.245077775092779 0.442358027257516 0.210102166913898
      vertex 0.230111811339954 0.442367340469864 0.196835992585810
      vertex 0.219865068492358 0.438178312861574 0.207948431271005
   endloop
endfacet
facet normal 0.836064621579577 -0.001753194948352 -0.548628175407053
   outer loop
      vertex -0.256791719715528 0.276840475523274 0.168292230186108
      vertex -0.265199019481230 0.269957337470046 0.155502186348043
      vertex -0.265187788495674 0.271957254085153 0.155512910525629
   endloop
endfacet
facet normal 0.237554292796367 -0.971328922441696 0.009385222547825
   outer loop
      vertex -0.013223636875250 0.363279619902472 0.341887857800774
      vertex -0.030282005150032 0.359098629028723 0.340947150394365
      vertex -0.012467159744080 0.363271527077643 0.321902696684221
   endloop
endfacet
facet normal 0.808190508025264 -0.001671742027106 -0.588918761813937
   outer loop
      vertex -0.247779833626450 0.281719855365573 0.180645655147203
      vertex -0.256803670956349 0.274840564592053 0.168281506221028
      vertex -0.256791719715528 0.276840475523274 0.168292230186108
   endloop
endfacet
facet normal 0.237490624694811 -0.971387223593393 -0.002250560283275
   outer loop
      vertex 0.003863807271808 0.367457012978677 0.341995174530546
      vertex -0.013223636875250 0.363279619902472 0.341887857800774
      vertex 0.003641091443905 0.367448894596091 0.321997119685082
   endloop
endfacet
facet normal 0.999975186701475 -0.001398864792668 0.006904285527241
   outer loop
      vertex -0.312289130110006 0.217916529063507 -0.003807067311751
      vertex -0.312193361221964 0.210971360392501 -0.019084805061402
      vertex -0.312190603000236 0.212971331428062 -0.019079078794532
   endloop
endfacet
facet normal 0.778373521905521 -0.001588949663136 -0.627799439021224
   outer loop
      vertex -0.238173482949631 0.286595818933054 0.192543692775196
      vertex -0.247792484906569 0.279719939461958 0.180635031283359
      vertex -0.247779833626450 0.281719855365573 0.180645655147203
   endloop
endfacet
facet normal 0.235740262797281 -0.971482313843856 -0.025468458627421
   outer loop
      vertex 0.020939011650415 0.371631184452672 0.341268413264297
      vertex 0.035782144615473 0.375795096211890 0.319828459926071
      vertex 0.037960162114540 0.375802430523735 0.339708786049141
   endloop
endfacet
facet normal 0.999116279787841 -0.001537813310483 -0.042003506914636
   outer loop
      vertex -0.311639932905819 0.222855859749359 0.011454223330611
      vertex -0.312292478562094 0.215916563692699 -0.003813493432915
      vertex -0.312289130110006 0.217916529063507 -0.003807067311751
   endloop
endfacet
facet normal -0.281093368588586 -0.959677020474069 0.002556268674264
   outer loop
      vertex -0.006791047389137 0.057362498518203 -0.338273998838527
      vertex -0.007051187690702 0.057385425911977 -0.358272217822179
      vertex 0.010120263001295 0.052356461761681 -0.358037662375959
   endloop
endfacet
facet normal -0.165513223297892 0.955320668930769 -0.244883222020640
   outer loop
      vertex -0.273280486431574 0.278878466452052 0.179604079821888
      vertex -0.265030127552516 0.278859431452006 0.173953517039365
      vertex -0.273694294751990 0.273976953164172 0.160762338987468
   endloop
endfacet
facet normal 0.995865837960849 -0.001652909230426 -0.090821256727769
   outer loop
      vertex -0.310244265331270 0.227789506363114 0.026668093281312
      vertex -0.311643911402777 0.220855890307119 0.011446997255146
      vertex -0.311639932905819 0.222855859749359 0.011454223330611
   endloop
endfacet
facet normal 0.746678859838163 -0.001480937579120 -0.665183047810652
   outer loop
      vertex -0.227995451144360 0.291468814544268 0.203957851037981
      vertex -0.238186824529402 0.284595911252518 0.192533169149922
      vertex -0.238173482949631 0.286595818933054 0.192543692775196
   endloop
endfacet
facet normal 0.990230213514955 -0.001751126471726 -0.139431193777458
   outer loop
      vertex -0.308105121696557 0.232717652961736 0.041798243092289
      vertex -0.310248904023594 0.225789540137931 0.026660267346087
      vertex -0.310244265331270 0.227789506363114 0.026668093281312
   endloop
endfacet
facet normal 0.713175677159356 -0.001321783645258 -0.700984098533119
   outer loop
      vertex -0.217269821496986 0.296339268997963 0.214860838018253
      vertex -0.228009402960086 0.289468912677939 0.203947427608884
      vertex -0.227995451144360 0.291468814544268 0.203957851037981
   endloop
endfacet
facet normal 0.229078928908850 -0.971570921600572 -0.059772808451589
   outer loop
      vertex 0.071671757606147 0.384136670895681 0.334107575915671
      vertex 0.083210937507157 0.388295407559554 0.310733659293783
      vertex 0.088278379640112 0.388299990063303 0.330080114959683
   endloop
endfacet
facet normal 0.041610733118450 0.953739782908715 -0.297739774612972
   outer loop
      vertex -0.319661012290180 0.205073580719364 -0.050855698488634
      vertex -0.317251850677904 0.200107327043004 -0.066427238194071
      vertex -0.329569508323035 0.205084664595553 -0.052204959435982
   endloop
endfacet
facet normal 0.982220769556109 -0.001821461149590 -0.187720649188856
   outer loop
      vertex -0.305227315994655 0.237640449539727 0.056808173329669
      vertex -0.308110440779048 0.230717699553549 0.041789817402995
      vertex -0.308105121696557 0.232717652961736 0.041798243092289
   endloop
endfacet
facet normal -0.278643385048836 -0.953156097578828 0.117691620843733
   outer loop
      vertex -0.143079394808222 0.102380236825116 -0.295976869279447
      vertex -0.132741709571773 0.097416118610214 -0.311704853349281
      vertex -0.128792916905950 0.097396129735211 -0.302517687522041
   endloop
endfacet
facet normal -0.110580367086361 0.970636480747896 0.213627724456320
   outer loop
      vertex 0.308035597897570 0.463388944693040 0.152965310136858
      vertex 0.315481328335569 0.467620836027705 0.137591479257528
      vertex 0.290288129756420 0.463396325997628 0.143745129982696
   endloop
endfacet
facet normal 0.677983160081424 -0.001246251639847 -0.735076378006297
   outer loop
      vertex -0.206022247186835 0.301207588204924 0.225226561977331
      vertex -0.217284473428929 0.294339366045036 0.214850714742621
      vertex -0.217269821496986 0.296339268997963 0.214860838018253
   endloop
endfacet
facet normal -0.127973911714845 0.955078154944903 -0.267298327468469
   outer loop
      vertex -0.298025087262191 0.264219041113321 0.137565917301205
      vertex -0.289034825038304 0.264198242166967 0.133187350272646
      vertex -0.295674575234242 0.259301227153583 0.118868827240405
   endloop
endfacet
facet normal -0.767581409493794 0.000846763759495 -0.640950905132879
   outer loop
      vertex 0.239784784786810 0.444561810673014 0.185254879842903
      vertex 0.230076802281070 0.438367743975602 0.196872652630586
      vertex 0.230094355796283 0.440367593732060 0.196854273139183
   endloop
endfacet
facet normal 0.971857221301075 -0.001890329286797 -0.235563087218987
   outer loop
      vertex -0.301617442158565 0.242558025424725 0.071661884745931
      vertex -0.305233345220300 0.235640496242091 0.056799347769535
      vertex -0.305227315994655 0.237640449539727 0.056808173329669
   endloop
endfacet
facet normal 0.641112556248827 -0.001049438633463 -0.767446147230312
   outer loop
      vertex -0.194279241390578 0.306074169470551 0.235029831317912
      vertex -0.206037399315547 0.299207690196780 0.225216638870979
      vertex -0.206022247186835 0.301207588204924 0.225226561977331
   endloop
endfacet
facet normal 0.217692876973938 -0.971590414974349 -0.092854062080143
   outer loop
      vertex 0.120800450587574 0.396623236468405 0.319618669189788
      vertex 0.128791880024618 0.400784348246144 0.294813948728385
      vertex 0.136640748221495 0.400784998667779 0.313208520996720
   endloop
endfacet
facet normal -0.281057485771055 -0.959626597842097 -0.011112263768250
   outer loop
      vertex 0.009397445803660 0.052336718586049 -0.338050802332525
      vertex 0.010120263001295 0.052356461761681 -0.358037662375959
      vertex 0.027259675833966 0.047324123466983 -0.356957288580022
   endloop
endfacet
facet normal 0.070293829169744 0.953479493724139 -0.293147799971642
   outer loop
      vertex -0.314083700863974 0.195134128979656 -0.081860804205853
      vertex -0.310164130164813 0.190153779359831 -0.097119795067689
      vertex -0.323812728568297 0.195140560544879 -0.084172806021827
   endloop
endfacet
facet normal -0.160870774838268 0.957821842906870 -0.238113231579901
   outer loop
      vertex -0.289781204189688 0.278916536452144 0.190905205386934
      vertex -0.273280486431574 0.278878466452052 0.179604079821888
      vertex -0.282212031752776 0.273996723517934 0.166001243154903
   endloop
endfacet
facet normal 0.212883836366849 -0.971580380784867 -0.103498965635732
   outer loop
      vertex 0.136640748221495 0.400784998667779 0.313208520996720
      vertex 0.143408684899012 0.404948648782791 0.288043666217705
      vertex 0.152150455651329 0.404947949211428 0.306030912493735
   endloop
endfacet
facet normal 0.602711324220350 -0.000907710191428 -0.797958793246093
   outer loop
      vertex -0.182068917048821 0.310939382447720 0.244246954572934
      vertex -0.194294993635388 0.304074271363707 0.235020208354295
      vertex -0.194279241390578 0.306074169470551 0.235029831317912
   endloop
endfacet
facet normal -0.152230097815570 0.962273519887639 -0.225512017954955
   outer loop
      vertex -0.279619448118308 0.283792385734855 0.204851138554982
      vertex -0.273280486431574 0.278878466452052 0.179604079821888
      vertex -0.289781204189688 0.278916536452144 0.190905205386934
   endloop
endfacet
facet normal 0.207577855185747 -0.971562902544763 -0.113916462529703
   outer loop
      vertex 0.152150455651329 0.404947949211428 0.306030912493735
      vertex 0.157678582716250 0.409114828398010 0.280566037502711
      vertex 0.167292652916109 0.409112726800050 0.298102659180944
   endloop
endfacet
facet normal -0.172249636699844 0.957912009023172 -0.229640252625628
   outer loop
      vertex -0.253473226724898 0.288630014061028 0.205418837898207
      vertex -0.255730236141438 0.283737917579364 0.186705093822753
      vertex -0.263693310132639 0.283756073546075 0.192753808735163
   endloop
endfacet
facet normal 0.562877988605380 -0.000832082560953 -0.826539580166717
   outer loop
      vertex -0.169420586588637 0.315803559148522 0.252855640209746
      vertex -0.182085269466771 0.308939487128228 0.244237831793715
      vertex -0.182068917048821 0.310939382447720 0.244246954572934
   endloop
endfacet
facet normal -0.183487299558357 0.962444565775948 -0.200082154899255
   outer loop
      vertex -0.245210138634601 0.298398230687705 0.243480299124508
      vertex -0.242644460013392 0.293500739277898 0.217569275536953
      vertex -0.257307480695539 0.293532761409105 0.231170176606168
   endloop
endfacet
facet normal 0.435510491156292 -0.000301398455439 -0.900183604189599
   outer loop
      vertex -0.129156974803237 0.330392630692053 0.274827754700504
      vertex -0.142950107024897 0.323530050033590 0.268156909564823
      vertex -0.142932554324167 0.325529942947406 0.268164731991990
   endloop
endfacet
facet normal -0.186285857786228 0.963748039350165 0.191016480539147
   outer loop
      vertex 0.234160789579785 0.438169575666715 0.221934193715786
      vertex 0.219865068492358 0.438178312861574 0.207948431271005
      vertex 0.209084431629802 0.433993696960133 0.218547700922026
   endloop
endfacet
facet normal 0.040475288651834 0.956358190626852 -0.289379961693074
   outer loop
      vertex -0.331268034677405 0.210046169356166 -0.036045487495318
      vertex -0.319661012290180 0.205073580719364 -0.050855698488634
      vertex -0.329569508323035 0.205084664595553 -0.052204959435982
   endloop
endfacet
facet normal 0.077874143844956 0.960488534763404 -0.267202904753045
   outer loop
      vertex -0.343270781778584 0.195153413717612 -0.088796809759431
      vertex -0.319768306622956 0.190157525978913 -0.099905438109663
      vertex -0.338976651519655 0.190165018319741 -0.105476624199205
   endloop
endfacet
facet normal 0.027869481709842 0.951112437741162 -0.307584822062612
   outer loop
      vertex -0.311342679862662 0.210020054327710 -0.034320884595043
      vertex -0.309752512279282 0.205062497979021 -0.049506537535711
      vertex -0.321305359119064 0.210033116805887 -0.035183185992350
   endloop
endfacet
facet normal 0.084346022330812 0.953446202162075 -0.289527352938692
   outer loop
      vertex -0.314083700863974 0.195134128979656 -0.081860804205853
      vertex -0.300559953719371 0.190150033374556 -0.094334212022366
      vertex -0.310164130164813 0.190153779359831 -0.097119795067689
   endloop
endfacet
facet normal 0.678063416104752 -0.001490377105088 -0.735001892865888
   outer loop
      vertex -0.206022247186835 0.301207588204924 0.225226561977331
      vertex -0.206037399315547 0.299207690196780 0.225216638870979
      vertex -0.217284473428929 0.294339366045036 0.214850714742621
   endloop
endfacet
facet normal -0.244967134913993 0.952959583860479 -0.178491272449083
   outer loop
      vertex -0.187914917428896 0.312949747488587 0.252357581002883
      vertex -0.182052664788703 0.312939284720690 0.244256177452391
      vertex -0.194263489145769 0.308074067577394 0.235039454281530
   endloop
endfacet
facet normal 0.064852784806288 0.960608043133085 -0.270233794649918
   outer loop
      vertex -0.346743504896915 0.200133933003497 -0.071925821710650
      vertex -0.323812728568297 0.195140560544879 -0.084172806021827
      vertex -0.343270781778584 0.195153413717612 -0.088796809759431
   endloop
endfacet
facet normal 0.435618602019886 -0.000569667832409 -0.900131162138497
   outer loop
      vertex -0.129156974803237 0.330392630692053 0.274827754700504
      vertex -0.129174927340279 0.328392725602289 0.274820332251674
      vertex -0.142950107024897 0.323530050033590 0.268156909564823
   endloop
endfacet
facet normal -0.137736663585847 0.967488796135406 0.212117988055473
   outer loop
      vertex 0.265106741178245 0.450752328434160 0.184907793730925
      vertex 0.290925496731938 0.454950318043165 0.182525540958620
      vertex 0.274170888073553 0.454959401861701 0.171604673708329
   endloop
endfacet
facet normal -0.231262868563622 0.958174187582131 -0.168581469548252
   outer loop
      vertex -0.180317815290274 0.317821208700401 0.269623895998350
      vertex -0.187914917428896 0.312949747488587 0.252357581002883
      vertex -0.193777170069091 0.312960210256484 0.260458984553375
   endloop
endfacet
facet normal 0.166715141379144 -0.967770959103504 -0.188747006203584
   outer loop
      vertex 0.234123378817002 0.434170040950703 0.221969954871335
      vertex 0.230076802281070 0.438367743975602 0.196872652630586
      vertex 0.245042764067525 0.438358529681577 0.210138928009646
   endloop
endfacet
facet normal -0.199200454021059 -0.954218130030386 0.223129871238964
   outer loop
      vertex -0.235033192188026 0.142002393131938 -0.213655405545201
      vertex -0.242529780633925 0.142019823965040 -0.220273484051971
      vertex -0.231829752977417 0.137090728908151 -0.231800320357798
   endloop
endfacet
facet normal 0.070224842059205 0.953573909729643 -0.292857081595582
   outer loop
      vertex -0.317251850677904 0.200107327043004 -0.066427238194071
      vertex -0.304354677158861 0.195127697334927 -0.079548802389874
      vertex -0.314083700863974 0.195134128979656 -0.081860804205853
   endloop
endfacet
facet normal 0.999121459978731 -0.001836257937061 -0.041868082912389
   outer loop
      vertex -0.311639932905819 0.222855859749359 0.011454223330611
      vertex -0.311643911402777 0.220855890307119 0.011446997255146
      vertex -0.312292478562094 0.215916563692699 -0.003813493432915
   endloop
endfacet
facet normal 0.157427791700302 -0.967685951972244 -0.196978142838078
   outer loop
      vertex 0.245042764067525 0.438358529681577 0.210138928009646
      vertex 0.239768531078269 0.442561983586921 0.185273559315403
      vertex 0.255368721892642 0.442552518744124 0.197787955836286
   endloop
endfacet
facet normal -0.103689280447146 -0.000023956717606 0.994609738815395
   outer loop
      vertex -0.030282005150032 0.359098629028723 0.340947150394365
      vertex -0.047248124775290 0.356913376423611 0.339178359059688
      vertex -0.047270879678312 0.354913543054034 0.339175938664159
   endloop
endfacet
facet normal 0.988224717084406 -0.000845669318518 0.153007167762982
   outer loop
      vertex -0.309754200132644 0.203062519199647 -0.049510464010484
      vertex -0.307423754343510 0.196098478183977 -0.064600563645840
      vertex -0.307422526966111 0.198098476265851 -0.064597436914340
   endloop
endfacet
facet normal -0.195269656024398 0.963823412688964 0.181422684879019
   outer loop
      vertex 0.222675501701031 0.433985611087619 0.233219057664590
      vertex 0.209084431629802 0.433993696960133 0.218547700922026
      vertex 0.197794526503368 0.429812439929774 0.228609383842006
   endloop
endfacet
facet normal -0.219743599289268 0.955608889300395 -0.196276339026037
   outer loop
      vertex -0.219265022846591 0.303234324825282 0.240210310620747
      vertex -0.212635959022445 0.303220910034486 0.232723347875970
      vertex -0.224243931792409 0.298353934431413 0.222023395738068
   endloop
endfacet
facet normal 0.861935563589887 -0.001827868206790 -0.507014539354448
   outer loop
      vertex -0.265187788495674 0.271957254085153 0.155512910525629
      vertex -0.272958617905051 0.265069825807695 0.142327164562862
      vertex -0.272948127191977 0.267069748765500 0.142337788958569
   endloop
endfacet
facet normal 0.234507146527201 -0.971113880557718 0.044093414653436
   outer loop
      vertex -0.064149940950261 0.350723781575731 0.336579108217596
      vertex -0.080880067133882 0.346528635573407 0.333162943635064
      vertex -0.060478627120954 0.350717685384761 0.316919269382256
   endloop
endfacet
facet normal -0.073652808312640 0.954738333623756 -0.288183931087413
   outer loop
      vertex -0.306811911669315 0.249491488547190 0.089345012322106
      vertex -0.301610692571821 0.244557967756767 0.071671210065650
      vertex -0.311282412149887 0.244578750476538 0.074211918579886
   endloop
endfacet
facet normal 0.885731705836746 -0.001871045709681 -0.464193757458544
   outer loop
      vertex -0.272948127191977 0.267069748765500 0.142337788958569
      vertex -0.280064043720720 0.260177586073476 0.128787634021982
      vertex -0.280054303278152 0.262177515175214 0.128798158635825
   endloop
endfacet
facet normal -0.237927027903620 0.955679338052748 -0.173400496573718
   outer loop
      vertex -0.193777170069091 0.312960210256484 0.260458984553375
      vertex -0.187914917428896 0.312949747488587 0.252357581002883
      vertex -0.200516649691629 0.308086048970067 0.242842939986522
   endloop
endfacet
facet normal -0.240444596278093 -0.953667033629396 0.180846855347758
   outer loop
      vertex -0.190464760521454 0.122236510546468 -0.255083786808983
      vertex -0.196527479479357 0.122257038866215 -0.263036210574475
      vertex -0.183787004605168 0.117297743554835 -0.272249188636916
   endloop
endfacet
facet normal -0.073694470192298 0.954686293991869 -0.288345634832829
   outer loop
      vertex -0.320954121928682 0.244599543392541 0.076752627199758
      vertex -0.311282412149887 0.244578750476538 0.074211918579886
      vertex -0.315005980066447 0.239660713061020 0.058880399683611
   endloop
endfacet
facet normal 0.944162667913303 -0.001954898109543 -0.329473875887325
   outer loop
      vertex -0.292237184435607 0.252377870341691 0.100756354368551
      vertex -0.297291463714940 0.245470541868998 0.086313453022987
      vertex -0.297283964014111 0.247470485941888 0.086323078219060
   endloop
endfacet
facet normal -0.059542192149182 0.954634591352168 -0.291766215227105
   outer loop
      vertex -0.311282412149887 0.244578750476538 0.074211918579886
      vertex -0.305221286549089 0.239640391783556 0.056817098778566
      vertex -0.315005980066447 0.239660713061020 0.058880399683611
   endloop
endfacet
facet normal -0.101336983513911 0.954890311267723 -0.279133138877010
   outer loop
      vertex -0.310981288526830 0.254420117581017 0.107719083586954
      vertex -0.301605111552594 0.254398965811881 0.104242781508385
      vertex -0.306811911669315 0.249491488547190 0.089345012322106
   endloop
endfacet
facet normal 0.994526134447607 -0.001044442963276 0.104482903097097
   outer loop
      vertex -0.311342679862662 0.210020054327710 -0.034320884595043
      vertex -0.309754200132644 0.203062519199647 -0.049510464010484
      vertex -0.309752512279282 0.205062497979021 -0.049506537535711
   endloop
endfacet
facet normal -0.735263672861101 0.000832753423867 -0.677780670934587
   outer loop
      vertex 0.230094355796283 0.440367593732060 0.196854273139183
      vertex 0.219827657708408 0.434178779201906 0.207984092432135
      vertex 0.219846313120845 0.436178544509747 0.207966311848862
   endloop
endfacet
facet normal 0.885712896749509 -0.001870765236280 -0.464229646585636
   outer loop
      vertex -0.272937636478903 0.269069671723305 0.142348413354274
      vertex -0.280054303278152 0.262177515175214 0.128798158635825
      vertex -0.280044562835583 0.264177444276953 0.128808683249669
   endloop
endfacet
facet normal -0.203791030872440 0.963891189768918 0.171414672714469
   outer loop
      vertex 0.210648232579189 0.429805330268895 0.243930843257451
      vertex 0.197794526503368 0.429812439929774 0.228609383842006
      vertex 0.186022366443647 0.425634137542549 0.238108968674994
   endloop
endfacet
facet normal -0.055059476557312 -0.000013297569207 0.998483076403606
   outer loop
      vertex -0.013223636875250 0.363279619902472 0.341887857800774
      vertex -0.030258549823120 0.361098447941712 0.340948470427507
      vertex -0.030282005150032 0.359098629028723 0.340947150394365
   endloop
endfacet
facet normal -0.778732216229669 0.001893829270576 0.627353607478846
   outer loop
      vertex -0.268786322076668 0.288664301253106 0.218283559400945
      vertex -0.279619448118308 0.283792385734855 0.204851138554982
      vertex -0.268799663656440 0.286664393572570 0.218273035775670
   endloop
endfacet
facet normal 0.998444313087343 -0.001231695157250 0.055744386179983
   outer loop
      vertex -0.312187854996454 0.214971313318666 -0.019073452416408
      vertex -0.311344877607015 0.208020064920954 -0.034325711124389
      vertex -0.311342679862662 0.210020054327710 -0.034320884595043
   endloop
endfacet
facet normal 0.994511446154753 -0.001345321863047 0.104619183595877
   outer loop
      vertex -0.311342679862662 0.210020054327710 -0.034320884595043
      vertex -0.311344877607015 0.208020064920954 -0.034325711124389
      vertex -0.309754200132644 0.203062519199647 -0.049510464010484
   endloop
endfacet
facet normal 0.521601241951822 -0.000605375341208 -0.853189180612960
   outer loop
      vertex -0.156347409318593 0.322666889711234 0.260843119146521
      vertex -0.169420586588637 0.315803559148522 0.252855640209746
      vertex -0.169403834114456 0.317803455590155 0.252864462899390
   endloop
endfacet
facet normal 0.885777160362596 -0.002180879924898 -0.464105662476476
   outer loop
      vertex -0.272937636478903 0.269069671723305 0.142348413354274
      vertex -0.272948127191977 0.267069748765500 0.142337788958569
      vertex -0.280054303278152 0.262177515175214 0.128798158635825
   endloop
endfacet
facet normal -0.016446345040412 0.954303106180720 -0.298387498512657
   outer loop
      vertex -0.320179380945556 0.229808211536428 0.027770982183691
      vertex -0.311635964229297 0.224855820051710 0.011461349306018
      vertex -0.321617446141514 0.224873479900934 0.012067982443847
   endloop
endfacet
facet normal 0.260028581163451 -0.963603236451685 0.062080106942245
   outer loop
      vertex -0.076252092225336 0.346523960751356 0.313705928643684
      vertex -0.071624217275866 0.346519282885317 0.294249013646887
      vertex -0.056807213510157 0.350711601178902 0.297259430652404
   endloop
endfacet
facet normal 0.907441217455230 -0.002208437219324 -0.420173249586903
   outer loop
      vertex -0.280044562835583 0.264177444276953 0.128808683249669
      vertex -0.280054303278152 0.262177515175214 0.128798158635825
      vertex -0.286489266902512 0.257280229835393 0.114926414339677
   endloop
endfacet
facet normal -0.257699506627477 -0.953414997022066 0.156814564812611
   outer loop
      vertex -0.165356238876642 0.112310700824855 -0.272315753717548
      vertex -0.170610503834116 0.112331470238342 -0.280824017082802
      vertex -0.157030096201144 0.107358859093263 -0.288739721180463
   endloop
endfacet
facet normal 0.944190924473878 -0.002227230018760 -0.329391161975556
   outer loop
      vertex -0.292228934578359 0.254377814042746 0.100766479429816
      vertex -0.292237184435607 0.252377870341691 0.100756354368551
      vertex -0.297283964014111 0.247470485941888 0.086323078219060
   endloop
endfacet
facet normal -0.479603548273400 0.000733212822814 0.877484984989784
   outer loop
      vertex -0.161363476842550 0.325552094800754 0.303665348703241
      vertex -0.176518660949455 0.320695914947364 0.295386096541275
      vertex -0.161381029365694 0.323552192945813 0.303657426176001
   endloop
endfacet
facet normal -0.015019455476188 0.961292344718532 -0.275120780645057
   outer loop
      vertex -0.349998624643186 0.229864467711874 0.031056271502162
      vertex -0.331598929353474 0.224891139724317 0.012674615581678
      vertex -0.351561891501823 0.224926440510011 0.013887781651603
   endloop
endfacet
facet normal 0.971878745257734 -0.002182028205324 -0.235471746222692
   outer loop
      vertex -0.301610692571821 0.244557967756767 0.071671210065650
      vertex -0.301617442158565 0.242558025424725 0.071661884745931
      vertex -0.305227315994655 0.237640449539727 0.056808173329669
   endloop
endfacet
facet normal 0.479110479316971 -0.000436456020870 -0.877754497632911
   outer loop
      vertex -0.142914901820777 0.327529846789991 0.268172654519066
      vertex -0.156364661808082 0.320666989103472 0.260834696541035
      vertex -0.156347409318593 0.322666889711234 0.260843119146521
   endloop
endfacet
facet normal 0.982238467214796 -0.002123920037239 -0.187624845069098
   outer loop
      vertex -0.305221286549089 0.239640391783556 0.056817098778566
      vertex -0.305227315994655 0.237640449539727 0.056808173329669
      vertex -0.308105121696557 0.232717652961736 0.041798243092289
   endloop
endfacet
facet normal 0.968577049719543 -0.000371184994840 0.248713411335789
   outer loop
      vertex -0.304354677158861 0.195127697334927 -0.079548802389874
      vertex -0.300560430821608 0.188150029073188 -0.094335338866745
      vertex -0.300559953719371 0.190150033374556 -0.094334212022366
   endloop
endfacet
facet normal 0.995874012091723 -0.001949938146688 -0.090725684244094
   outer loop
      vertex -0.310239636438217 0.229789462392066 0.026675919110897
      vertex -0.310244265331270 0.227789506363114 0.026668093281312
      vertex -0.311639932905819 0.222855859749359 0.011454223330611
   endloop
endfacet
facet normal -0.824503928728280 0.001535866517319 -0.565854144303700
   outer loop
      vertex -0.296221302390571 0.158797959042473 -0.199083907244437
      vertex -0.286487030754254 0.155897938462886 -0.213275548911816
      vertex -0.286492749943352 0.153897987387647 -0.213272643859331
   endloop
endfacet
facet normal 0.264260171598803 -0.963763183086928 0.036429227726165
   outer loop
      vertex -0.044565036706853 0.354906433827048 0.319360284786854
      vertex -0.041859293736806 0.354899323668758 0.299544530915297
      vertex -0.026815277330257 0.359083078546529 0.301098628124061
   endloop
endfacet
facet normal -0.001932267240813 0.954187405668457 -0.299203377666448
   outer loop
      vertex -0.321617446141514 0.224873479900934 0.012067982443847
      vertex -0.312285781835506 0.219916503375441 -0.003800541090513
      vertex -0.322285008897852 0.219932846654074 -0.003683845450921
   endloop
endfacet
facet normal 0.390768985557294 -0.000118083704604 -0.920488775587602
   outer loop
      vertex -0.115053580211286 0.337255100053157 0.280814094781934
      vertex -0.129156974803237 0.330392630692053 0.274827754700504
      vertex -0.129139122068851 0.332392524853048 0.274835077049427
   endloop
endfacet
facet normal 0.999974054199856 -0.001696960006400 0.007000803799614
   outer loop
      vertex -0.312285781835506 0.219916503375441 -0.003800541090513
      vertex -0.312289130110006 0.217916529063507 -0.003807067311751
      vertex -0.312190603000236 0.212971331428062 -0.019079078794532
   endloop
endfacet
facet normal 0.265478572057627 -0.963830988885211 0.023472380424665
   outer loop
      vertex -0.028548641339520 0.359090858786360 0.321022889312042
      vertex -0.026815277330257 0.359083078546529 0.301098628124061
      vertex -0.011710782373233 0.363263421211359 0.301917635456598
   endloop
endfacet
facet normal 0.988210056830714 -0.001134560427776 0.153099955425445
   outer loop
      vertex -0.309752512279282 0.205062497979021 -0.049506537535711
      vertex -0.309754200132644 0.203062519199647 -0.049510464010484
      vertex -0.307422526966111 0.198098476265851 -0.064597436914340
   endloop
endfacet
facet normal 0.345095788457828 0.000116370286552 -0.938567463343273
   outer loop
      vertex -0.100693084849635 0.342117657927563 0.286094815156655
      vertex -0.115071732801739 0.335255195703859 0.280807172411182
      vertex -0.115053580211286 0.337255100053157 0.280814094781934
   endloop
endfacet
facet normal 0.968545384959383 -0.000648447332109 0.248836124366897
   outer loop
      vertex -0.304354677158861 0.195127697334927 -0.079548802389874
      vertex -0.304355495576947 0.193127755767438 -0.079550828549521
      vertex -0.300560430821608 0.188150029073188 -0.094335338866745
   endloop
endfacet
facet normal 0.746756827791162 -0.001743107684302 -0.665094881744614
   outer loop
      vertex -0.227995451144360 0.291468814544268 0.203957851037981
      vertex -0.228009402960086 0.289468912677939 0.203947427608884
      vertex -0.238186824529402 0.284595911252518 0.192533169149922
   endloop
endfacet
facet normal 0.808273011329772 -0.001985237930720 -0.588804549902819
   outer loop
      vertex -0.247779833626450 0.281719855365573 0.180645655147203
      vertex -0.247792484906569 0.279719939461958 0.180635031283359
      vertex -0.256803670956349 0.274840564592053 0.168281506221028
   endloop
endfacet
facet normal -0.105695924494174 0.967141717488554 0.231225582145688
   outer loop
      vertex 0.290288129756420 0.463396325997628 0.143745129982696
      vertex 0.315481328335569 0.467620836027705 0.137591479257528
      vertex 0.297301107108545 0.467626660841020 0.129256723681747
   endloop
endfacet
facet normal 0.836138697540776 -0.002055415312685 -0.548514223828979
   outer loop
      vertex -0.256791719715528 0.276840475523274 0.168292230186108
      vertex -0.256803670956349 0.274840564592053 0.168281506221028
      vertex -0.265199019481230 0.269957337470046 0.155502186348043
   endloop
endfacet
facet normal 0.012594504272200 0.954068500702698 -0.299323695067805
   outer loop
      vertex -0.322285008897852 0.219932846654074 -0.003683845450921
      vertex -0.312187854996454 0.214971313318666 -0.019073452416408
      vertex -0.322180799240058 0.214986127614081 -0.019446701605141
   endloop
endfacet
facet normal 0.885795968099293 -0.002181169291184 -0.464069763504971
   outer loop
      vertex -0.272948127191977 0.267069748765500 0.142337788958569
      vertex -0.272958617905051 0.265069825807695 0.142327164562862
      vertex -0.280064043720720 0.260177586073476 0.128787634021982
   endloop
endfacet
facet normal -0.211831262948467 0.963949314794921 0.161025571087512
   outer loop
      vertex 0.198107600873859 0.425628076706056 0.254043536049825
      vertex 0.186022366443647 0.425634137542549 0.238108968674994
      vertex 0.173797558389637 0.421458732947915 0.247022347208060
   endloop
endfacet
facet normal 0.011735485398793 0.961072312651946 -0.276047619508473
   outer loop
      vertex -0.352282682242893 0.219981884533766 -0.003333558437664
      vertex -0.332173746504236 0.215000942906209 -0.019820050788288
      vertex -0.352159641990062 0.215030571357906 -0.020566549165742
   endloop
endfacet
facet normal -0.001836614667693 0.956641231852165 -0.291263077589549
   outer loop
      vertex -0.352282682242893 0.219981884533766 -0.003333558437664
      vertex -0.332284233839447 0.219949188918105 -0.003567049816913
      vertex -0.332173746504236 0.215000942906209 -0.019820050788288
   endloop
endfacet
facet normal -0.233818759797599 -0.956254612103148 0.175800751984087
   outer loop
      vertex -0.196527479479357 0.122257038866215 -0.263036210574475
      vertex -0.202590196449729 0.122277467211299 -0.270988635396520
      vertex -0.189452348296729 0.117318410727282 -0.280489421110613
   endloop
endfacet
facet normal 0.713287346441094 -0.001678051642076 -0.700869706543027
   outer loop
      vertex -0.217269821496986 0.296339268997963 0.214860838018253
      vertex -0.217284473428929 0.294339366045036 0.214850714742621
      vertex -0.228009402960086 0.289468912677939 0.203947427608884
   endloop
endfacet
facet normal -0.732560352400183 0.001644463757182 -0.680700099772485
   outer loop
      vertex -0.265004426506463 0.146072000447513 -0.240134350694143
      vertex -0.253302446515742 0.141146116096152 -0.252739765364918
      vertex -0.265011997230832 0.144072108244496 -0.240131034604919
   endloop
endfacet
facet normal 0.995877730298463 -0.001954971705471 -0.090684752749363
   outer loop
      vertex -0.310244265331270 0.227789506363114 0.026668093281312
      vertex -0.310248904023594 0.225789540137931 0.026660267346087
      vertex -0.311643911402777 0.220855890307119 0.011446997255146
   endloop
endfacet
facet normal 0.562965864439659 -0.001069705073040 -0.826479456010108
   outer loop
      vertex -0.169420586588637 0.315803559148522 0.252855640209746
      vertex -0.169437339062818 0.313803662706890 0.252846817520100
      vertex -0.182085269466771 0.308939487128228 0.244237831793715
   endloop
endfacet
facet normal 0.054516109991023 0.956146981571016 -0.287768906214835
   outer loop
      vertex -0.327082398144226 0.200116198756382 -0.068260065999579
      vertex -0.323812728568297 0.195140560544879 -0.084172806021827
      vertex -0.346743504896915 0.200133933003497 -0.071925821710650
   endloop
endfacet
facet normal 0.994507212031620 -0.001350485662517 0.104659358901012
   outer loop
      vertex -0.311344877607015 0.208020064920954 -0.034325711124389
      vertex -0.311347085548146 0.206020085312900 -0.034330537548064
      vertex -0.309755897806443 0.201062531280384 -0.049514490585313
   endloop
endfacet
facet normal 0.988203371899295 -0.001147151299108 0.153143004446044
   outer loop
      vertex -0.309754200132644 0.203062519199647 -0.049510464010484
      vertex -0.309755897806443 0.201062531280384 -0.049514490585313
      vertex -0.307423754343510 0.196098478183977 -0.064600563645840
   endloop
endfacet
facet normal 0.955217270309838 -0.000375006999188 0.295905096055428
   outer loop
      vertex -0.300560430821608 0.188150029073188 -0.094335338866745
      vertex -0.300560897904654 0.186150023914241 -0.094336365716722
      vertex -0.296046460157410 0.181165226796699 -0.108915831542839
   endloop
endfacet
facet normal 0.968533858841753 -0.000665265542060 0.248880938801793
   outer loop
      vertex -0.304355495576947 0.193127755767438 -0.079550828549521
      vertex -0.304356322821704 0.191127755072729 -0.079552955337501
      vertex -0.300560897904654 0.186150023914241 -0.094336365716722
   endloop
endfacet
facet normal 0.068410076824374 0.956018825482215 -0.285215824793241
   outer loop
      vertex -0.323812728568297 0.195140560544879 -0.084172806021827
      vertex -0.319768306622956 0.190157525978913 -0.099905438109663
      vertex -0.343270781778584 0.195153413717612 -0.088796809759431
   endloop
endfacet
facet normal -0.808554359067080 0.001993112471203 0.588418113195287
   outer loop
      vertex -0.279632109555454 0.281792477630449 0.204840514775679
      vertex -0.289793155409343 0.276916624464582 0.190894581416272
      vertex -0.279644770833598 0.279792561528072 0.204829890911850
   endloop
endfacet
facet normal 0.955256725557838 -0.000084045407369 0.295777925499668
   outer loop
      vertex -0.300560430821608 0.188150029073188 -0.094335338866745
      vertex -0.296046460157410 0.181165226796699 -0.108915831542839
      vertex -0.296046106312765 0.185165247346891 -0.108915837726939
   endloop
endfacet
facet normal 0.086827774689680 0.950583263580184 -0.298081191194087
   outer loop
      vertex -0.310164130164813 0.190153779359831 -0.097119795067689
      vertex -0.296046106312765 0.185165247346891 -0.108915837726939
      vertex -0.319768306622956 0.190157525978913 -0.099905438109663
   endloop
endfacet
facet normal 0.148862594368127 -0.971147975944741 -0.186310323966291
   outer loop
      vertex 0.260008627840104 0.438349214481585 0.223405102337901
      vertex 0.255368721892642 0.442552518744124 0.197787955836286
      vertex 0.270968814714304 0.442542951939017 0.210302351300781
   endloop
endfacet
facet normal 0.521634918726472 -0.000605748271883 -0.853168590979683
   outer loop
      vertex -0.156364661808082 0.320666989103472 0.260834696541035
      vertex -0.169437339062818 0.313803662706890 0.252846817520100
      vertex -0.169420586588637 0.315803559148522 0.252855640209746
   endloop
endfacet
facet normal 0.390790476472028 -0.000091738036844 -0.920479654898954
   outer loop
      vertex -0.115071732801739 0.335255195703859 0.280807172411182
      vertex -0.129174927340279 0.328392725602289 0.274820332251674
      vertex -0.129156974803237 0.330392630692053 0.274827754700504
   endloop
endfacet
facet normal 0.157639808674236 -0.971226383035216 -0.178518916693674
   outer loop
      vertex 0.248419001911718 0.434161201793533 0.235955716259730
      vertex 0.245042764067525 0.438358529681577 0.210138928009646
      vertex 0.260008627840104 0.438349214481585 0.223405102337901
   endloop
endfacet
facet normal 0.201785877296033 -0.971538168314514 -0.124080809281487
   outer loop
      vertex 0.167292652916109 0.409112726800050 0.298102659180944
      vertex 0.171567058179400 0.413283315108595 0.272398675393488
      vertex 0.182030423374837 0.413279803270881 0.289442174884317
   endloop
endfacet
facet normal -0.701174100194880 0.000765586739909 -0.712989687928825
   outer loop
      vertex 0.219846313120845 0.436178544509747 0.207966311848862
      vertex 0.209044821026478 0.429994132248367 0.218582162153788
      vertex 0.209064576327435 0.431993914138597 0.218564881540781
   endloop
endfacet
facet normal 0.077965996768803 0.960392888662044 -0.267519724048944
   outer loop
      vertex -0.319768306622956 0.190157525978913 -0.099905438109663
      vertex -0.333871258487721 0.185168617467174 -0.121925732042460
      vertex -0.338976651519655 0.190165018319741 -0.105476624199205
   endloop
endfacet
facet normal -0.982338900595916 0.001824267310978 0.187101460242258
   outer loop
      vertex -0.344366079029961 0.237721682748335 0.065061576410393
      vertex -0.347596215911065 0.234796143099062 0.048130911400577
      vertex -0.347601534794803 0.232796179693408 0.048122485605626
   endloop
endfacet
facet normal -0.172843497954681 -0.961464884528109 0.213799908873087
   outer loop
      vertex -0.260464249236140 0.146957080687751 -0.214477210116058
      vertex -0.276088038491635 0.146989377918829 -0.226962798845946
      vertex -0.265019565969785 0.142072116172451 -0.240127729571690
   endloop
endfacet
facet normal 0.174042793533550 -0.971361171585470 -0.161760873993497
   outer loop
      vertex 0.223460126244781 0.425798724818816 0.259285565031841
      vertex 0.222635889131341 0.429986145294175 0.233253619947325
      vertex 0.236226859243493 0.429978056377674 0.247925076684473
   endloop
endfacet
facet normal 0.181637863558879 -0.971416665436644 -0.152831111471841
   outer loop
      vertex 0.210149220923245 0.421622601178881 0.270009766932452
      vertex 0.210606520128037 0.425805837523683 0.243964005621815
      vertex 0.223460126244781 0.425798724818816 0.259285565031841
   endloop
endfacet
facet normal 0.188804598972411 -0.971464020138721 -0.143563508534665
   outer loop
      vertex 0.196327750716706 0.417449642997755 0.280070273294376
      vertex 0.198063986471865 0.421628663071715 0.254075099563202
      vertex 0.210149220923245 0.421622601178881 0.270009766932452
   endloop
endfacet
facet normal -0.219366111605090 0.964001185682905 0.150267172333870
   outer loop
      vertex 0.185085310761810 0.421453953221588 0.263531328976742
      vertex 0.173797558389637 0.421458732947915 0.247022347208060
      vertex 0.161150607496014 0.417286268144644 0.255327212182862
   endloop
endfacet
facet normal 0.222003791359337 -0.971591513853220 -0.082001505050138
   outer loop
      vertex 0.104667186239117 0.392461853570801 0.325246839752802
      vertex 0.113863089718078 0.396621184614687 0.300861368937118
      vertex 0.120800450587574 0.396623236468405 0.319618669189788
   endloop
endfacet
facet normal 0.195522562541509 -0.971505258213888 -0.133971865703098
   outer loop
      vertex 0.182030423374837 0.413279803270881 0.289442174884317
      vertex 0.185039996335835 0.417454523755086 0.263561192587830
      vertex 0.196327750716706 0.417449642997755 0.280070273294376
   endloop
endfacet
facet normal 0.251085256663971 -0.967914394012552 0.009895440834190
   outer loop
      vertex -0.012467159744080 0.363271527077643 0.321902696684221
      vertex -0.028548641339520 0.359090858786360 0.321022889312042
      vertex -0.011710782373233 0.363263421211359 0.301917635456598
   endloop
endfacet
facet normal 0.225800490639845 -0.971585191324425 -0.070967277148602
   outer loop
      vertex 0.088278379640112 0.388299990063303 0.330080114959683
      vertex 0.098657634274009 0.392458486743880 0.306172011501551
      vertex 0.104667186239117 0.392461853570801 0.325246839752802
   endloop
endfacet
facet normal 0.250556828896280 -0.967847875303128 0.022175792311916
   outer loop
      vertex -0.028548641339520 0.359090858786360 0.321022889312042
      vertex -0.044565036706853 0.354906433827048 0.319360284786854
      vertex -0.026815277330257 0.359083078546529 0.301098628124061
   endloop
endfacet
facet normal 0.234053073950743 -0.971519543567071 -0.036999122171188
   outer loop
      vertex 0.037960162114540 0.375802430523735 0.339708786049141
      vertex 0.051735823491091 0.379964306870581 0.317570198160651
      vertex 0.054885247230791 0.379970909147867 0.337319803641942
   endloop
endfacet
facet normal -0.293420750020474 -0.952181863917049 -0.085170191292945
   outer loop
      vertex 0.086314988923028 0.027165727459949 -0.315441912830836
      vertex 0.071146791380020 0.032201548191782 -0.319485032448545
      vertex 0.089098395003711 0.027167128919136 -0.325046723286327
   endloop
endfacet
facet normal -0.292116387705787 -0.955287180588161 0.045764818776483
   outer loop
      vertex -0.071068136379315 0.077426558520881 -0.331213754493095
      vertex -0.058342503892330 0.072447998129174 -0.353907805390242
      vertex -0.055148023625324 0.072416986198737 -0.334164807149249
   endloop
endfacet
facet normal 0.231831095716550 -0.971549126349250 -0.048442111317247
   outer loop
      vertex 0.054885247230791 0.379970909147867 0.337319803641942
      vertex 0.067558425224462 0.384130999937317 0.314535994234620
      vertex 0.071671757606147 0.384136670895681 0.334107575915671
   endloop
endfacet
facet normal 0.012606492675754 0.953992612360922 -0.299564971088409
   outer loop
      vertex -0.322180799240058 0.214986127614081 -0.019446701605141
      vertex -0.321305359119064 0.210033116805887 -0.035183185992350
      vertex -0.332173746504236 0.215000942906209 -0.019820050788288
   endloop
endfacet
facet normal 0.232426172539331 -0.971028268564741 0.055517348341559
   outer loop
      vertex -0.080880067133882 0.346528635573407 0.333162943635064
      vertex -0.097422535277386 0.342327335900504 0.328935829063432
      vertex -0.076252092225336 0.346523960751356 0.313705928643684
   endloop
endfacet
facet normal 0.700687624796044 -0.000157207753899 0.713468168696684
   outer loop
      vertex 0.248456412695669 0.438160735453202 0.235920055098599
      vertex 0.236266571814593 0.433977523102422 0.247890614395991
      vertex 0.248437757304398 0.436160969089020 0.235937935676291
   endloop
endfacet
facet normal -0.001938172813821 0.954114938791376 -0.299434345159790
   outer loop
      vertex -0.332284233839447 0.219949188918105 -0.003567049816913
      vertex -0.322285008897852 0.219932846654074 -0.003683845450921
      vertex -0.322180799240058 0.214986127614081 -0.019446701605141
   endloop
endfacet
facet normal -0.006284337193840 0.000016433739387 0.999980253223016
   outer loop
      vertex 0.003863807271808 0.367457012978677 0.341995174530546
      vertex -0.013199380966615 0.365279417405396 0.341887977371293
      vertex -0.013223636875250 0.363279619902472 0.341887857800774
   endloop
endfacet
facet normal -0.603157239345599 0.001223319270981 0.797621368893134
   outer loop
      vertex -0.205517927609598 0.310981233519306 0.276652568774899
      vertex -0.219292083669760 0.306122097894394 0.266244074227124
      vertex -0.205534180068471 0.308981341243800 0.276643346001096
   endloop
endfacet
facet normal 0.237074172822435 -0.971264475885311 0.021003677387342
   outer loop
      vertex -0.030282005150032 0.359098629028723 0.340947150394365
      vertex -0.047270879678312 0.354913543054034 0.339175938664159
      vertex -0.028548641339520 0.359090858786360 0.321022889312042
   endloop
endfacet
facet normal -0.030930919210062 0.954352554742198 -0.297076554938051
   outer loop
      vertex -0.330119128629890 0.229826969562286 0.028866145356562
      vertex -0.320179380945556 0.229808211536428 0.027770982183691
      vertex -0.321617446141514 0.224873479900934 0.012067982443847
   endloop
endfacet
facet normal 0.282910516806344 -0.000179668928635 0.959146290822961
   outer loop
      vertex 0.104667186239117 0.392461853570801 0.325246839752802
      vertex 0.088304337025389 0.390299729568567 0.330072833144285
      vertex 0.088278379640112 0.388299990063303 0.330080114959683
   endloop
endfacet
facet normal 0.127590439365731 -0.967262619909481 -0.219371155597785
   outer loop
      vertex 0.299819045237261 0.455165867087709 0.167994124343477
      vertex 0.282547148394231 0.455174316084909 0.157911206650758
      vertex 0.290266524372707 0.459396677966051 0.143783486740680
   endloop
endfacet
facet normal 0.236058929142312 -0.971192341937601 0.032582463595361
   outer loop
      vertex -0.047270879678312 0.354913543054034 0.339175938664159
      vertex -0.064149940950261 0.350723781575731 0.336579108217596
      vertex -0.044565036706853 0.354906433827048 0.319360284786854
   endloop
endfacet
facet normal 0.548325303760031 0.000052628370237 0.836265124518968
   outer loop
      vertex 0.196373165122928 0.421449074451902 0.280040409683121
      vertex 0.182077337886887 0.417279244469214 0.289414211164521
      vertex 0.196350507920524 0.419449359190480 0.280055391485875
   endloop
endfacet
facet normal -0.059584632703791 0.954577884866354 -0.291943030863270
   outer loop
      vertex -0.324790672165329 0.239681013307087 0.060943800371763
      vertex -0.315005980066447 0.239660713061020 0.058880399683611
      vertex -0.317973910853825 0.234737236246349 0.043387654387699
   endloop
endfacet
facet normal -0.836411970120808 0.002063464687290 0.548097398600023
   outer loop
      vertex -0.289793155409343 0.276916624464582 0.190894581416272
      vertex -0.299258726961796 0.272036358862926 0.176468227423405
      vertex -0.289805116648190 0.274916713334598 0.190883857451208
   endloop
endfacet
facet normal -0.110106605343099 -0.955261644771171 0.274502687580461
   outer loop
      vertex -0.290728330447563 0.176296510286047 -0.123218695835250
      vertex -0.300014025771781 0.176300269340755 -0.126930227837347
      vertex -0.293810695555281 0.171426727534282 -0.141401779882850
   endloop
endfacet
facet normal 0.926895738791707 -0.001937758813726 -0.375313914610897
   outer loop
      vertex -0.286489266902512 0.257280229835393 0.114926414339677
      vertex -0.292245424671171 0.250377945777992 0.100746329512997
      vertex -0.292237184435607 0.252377870341691 0.100756354368551
   endloop
endfacet
facet normal 0.157663074001400 -0.967586550877066 -0.197278031362472
   outer loop
      vertex 0.270968814714304 0.442542951939017 0.210302351300781
      vertex 0.255368721892642 0.442552518744124 0.197787955836286
      vertex 0.265076833416851 0.446752717490023 0.184945952626956
   endloop
endfacet
facet normal -0.266167692522990 0.963869941093029 -0.010464039101035
   outer loop
      vertex -0.012418647728054 0.367271112086023 0.321902935719605
      vertex -0.011662270577126 0.367263017273549 0.301917774603218
      vertex -0.026768266518600 0.363082709419029 0.301101168090111
   endloop
endfacet
facet normal -0.281489361569097 -0.955556446261443 0.087610600566513
   outer loop
      vertex -0.117698566923747 0.092426256802524 -0.317716382997484
      vertex -0.108438933975108 0.087468429682490 -0.342039872200192
      vertex -0.102380768440230 0.087431347134177 -0.322979682339474
   endloop
endfacet
facet normal -0.265147966305387 -0.953391093401246 0.144020758876259
   outer loop
      vertex -0.170610503834116 0.112331470238342 -0.280824017082802
      vertex -0.161860476645406 0.107379568983901 -0.297495548714198
      vertex -0.157030096201144 0.107358859093263 -0.288739721180463
   endloop
endfacet
facet normal 0.959158310415984 -0.001908783852030 -0.282863380634824
   outer loop
      vertex -0.297283964014111 0.247470485941888 0.086323078219060
      vertex -0.301624201764500 0.240558083950261 0.071652459431810
      vertex -0.301617442158565 0.242558025424725 0.071661884745931
   endloop
endfacet
facet normal -0.324524064864604 0.001714015490728 -0.945875886929491
   outer loop
      vertex -0.108422882485520 0.089468367857458 -0.342041049479494
      vertex -0.124684846474929 0.092464908710057 -0.336456241951402
      vertex -0.124669394972640 0.094464840240863 -0.336457919201799
   endloop
endfacet
facet normal 0.166947501177743 -0.967678274140929 -0.189016638437310
   outer loop
      vertex 0.260008627840104 0.438349214481585 0.223405102337901
      vertex 0.245042764067525 0.438358529681577 0.210138928009646
      vertex 0.255368721892642 0.442552518744124 0.197787955836286
   endloop
endfacet
facet normal 0.175827062729359 -0.967762577589474 -0.180334238095109
   outer loop
      vertex 0.248419001911718 0.434161201793533 0.235955716259730
      vertex 0.234123378817002 0.434170040950703 0.221969954871335
      vertex 0.245042764067525 0.438358529681577 0.210138928009646
   endloop
endfacet
facet normal 0.245129155477123 -0.968135512785711 -0.051237935343065
   outer loop
      vertex 0.071671757606147 0.384136670895681 0.334107575915671
      vertex 0.067558425224462 0.384130999937317 0.314535994234620
      vertex 0.083210937507157 0.388295407559554 0.310733659293783
   endloop
endfacet
facet normal -0.272221323473250 -0.953271274247509 0.131032166817937
   outer loop
      vertex -0.157030096201144 0.107358859093263 -0.288739721180463
      vertex -0.147474282610664 0.102400595370185 -0.304959205346082
      vertex -0.143079394808222 0.102380236825116 -0.295976869279447
   endloop
endfacet
facet normal -0.420807536979239 0.000378518699504 -0.907149862781812
   outer loop
      vertex 0.134691669560529 0.406949174696881 0.270044339030123
      vertex 0.120943011848909 0.400783696768170 0.276419476454468
      vertex 0.120968269405494 0.402783420398357 0.276408594418551
   endloop
endfacet
facet normal 0.861914354225928 -0.001827565409837 -0.507050595092812
   outer loop
      vertex -0.265176557531286 0.273957171756601 0.155523534708796
      vertex -0.272948127191977 0.267069748765500 0.142337788958569
      vertex -0.272937636478903 0.269069671723305 0.142348413354274
   endloop
endfacet
facet normal 0.375193744460089 0.000258980493457 0.926946377654674
   outer loop
      vertex 0.136691163375589 0.404784442884166 0.313186856919467
      vertex 0.120851565096438 0.400622720289779 0.319599305511271
      vertex 0.136665905797836 0.402784720310320 0.313197638960967
   endloop
endfacet
facet normal -0.006290619554644 0.000618630520162 0.999980022501399
   outer loop
      vertex 0.003913519934044 0.371456577208743 0.341993012958309
      vertex -0.013175125057979 0.367279214908318 0.341888096941813
      vertex 0.003888663602926 0.369456795093710 0.341994093744428
   endloop
endfacet
facet normal 0.345203199898472 0.000004072371281 -0.938527970155004
   outer loop
      vertex -0.100729990034347 0.338117843565582 0.286082270554897
      vertex -0.115089985528856 0.333255297251698 0.280800450135089
      vertex -0.115071732801739 0.335255195703859 0.280807172411182
   endloop
endfacet
facet normal 0.982213712676464 -0.001825753191787 -0.187757527826713
   outer loop
      vertex -0.305221286549089 0.239640391783556 0.056817098778566
      vertex -0.308105121696557 0.232717652961736 0.041798243092289
      vertex -0.308099812633256 0.234717607227501 0.041806568787183
   endloop
endfacet
facet normal -0.990319316835689 0.001755792948493 0.138796858369404
   outer loop
      vertex -0.347601534794803 0.232796179693408 0.048122485605626
      vertex -0.349998624643186 0.229864467711874 0.031056271502162
      vertex -0.350003253316319 0.227864500629114 0.031048545561339
   endloop
endfacet
facet normal -0.182197768232509 -0.957050765033008 0.225516754146619
   outer loop
      vertex -0.270281724287889 0.151868770689133 -0.201564579121787
      vertex -0.276088038491635 0.146989377918829 -0.226962798845946
      vertex -0.260464249236140 0.146957080687751 -0.214477210116058
   endloop
endfacet
facet normal -0.175608420447698 0.967844108663646 0.180109588842284
   outer loop
      vertex 0.248456412695669 0.438160735453202 0.235920055098599
      vertex 0.234160789579785 0.438169575666715 0.221934193715786
      vertex 0.222675501701031 0.433985611087619 0.233219057664590
   endloop
endfacet
facet normal 0.959148601679288 -0.001917934712527 -0.282896237909070
   outer loop
      vertex -0.297276474070219 0.249470417705864 0.086332903298332
      vertex -0.301617442158565 0.242558025424725 0.071661884745931
      vertex -0.301610692571821 0.244557967756767 0.071671210065650
   endloop
endfacet
facet normal 0.175601624096905 -0.967847720684624 -0.180096805024707
   outer loop
      vertex 0.222635889131341 0.429986145294175 0.233253619947325
      vertex 0.219827657708408 0.434178779201906 0.207984092432135
      vertex 0.234123378817002 0.434170040950703 0.221969954871335
   endloop
endfacet
facet normal 0.435466774848297 -0.000277604411815 -0.900204760562292
   outer loop
      vertex -0.129139122068851 0.332392524853048 0.274835077049427
      vertex -0.142932554324167 0.325529942947406 0.268164731991990
      vertex -0.142914901820777 0.327529846789991 0.268172654519066
   endloop
endfacet
facet normal 0.100326420385284 -0.962697701222636 -0.251292151555371
   outer loop
      vertex 0.303577177649596 0.467865375955661 0.114480792159580
      vertex 0.285008216849981 0.467869403575973 0.107051850441499
      vertex 0.290222465732632 0.472113505248128 0.092874487654429
   endloop
endfacet
facet normal 0.479276768416036 -0.000773612945757 -0.877663478093792
   outer loop
      vertex -0.142932554324167 0.325529942947406 0.268164731991990
      vertex -0.142950107024897 0.323530050033590 0.268156909564823
      vertex -0.156381814494915 0.318667099424480 0.260826374035457
   endloop
endfacet
facet normal 0.262443057165069 -0.963686825637519 0.049308658859616
   outer loop
      vertex -0.060478627120954 0.350717685384761 0.316919269382256
      vertex -0.056807213510157 0.350711601178902 0.297259430652404
      vertex -0.041859293736806 0.354899323668758 0.299544530915297
   endloop
endfacet
facet normal 0.938407126681627 0.000122628814143 0.345531546396717
   outer loop
      vertex 0.328060526458177 0.476109990346954 0.105847919347113
      vertex 0.322154087834867 0.469861310370860 0.121891057588599
      vertex 0.328047626903693 0.472110135412366 0.105884371970491
   endloop
endfacet
facet normal 0.641218571896202 -0.001358260496982 -0.767357086488304
   outer loop
      vertex -0.194279241390578 0.306074169470551 0.235029831317912
      vertex -0.194294993635388 0.304074271363707 0.235020208354295
      vertex -0.206037399315547 0.299207690196780 0.225216638870979
   endloop
endfacet
facet normal -0.265583926782357 0.963801752538770 -0.023481048487218
   outer loop
      vertex -0.028501630329111 0.363090479661393 0.321025429172434
      vertex -0.026768266518600 0.363082709419029 0.301101168090111
      vertex -0.041813783732012 0.358898980410446 0.299549371600699
   endloop
endfacet
facet normal 0.920305602751957 -0.000004848151021 0.391200201329003
   outer loop
      vertex 0.322154087834867 0.469861310370860 0.121891057588599
      vertex 0.315472077303866 0.465620943902097 0.137610556582975
      vertex 0.322146138449209 0.467861348335347 0.121909733877662
   endloop
endfacet
facet normal 0.877489911903423 -0.000118776079932 0.479595079624433
   outer loop
      vertex 0.308024845217004 0.461389120614731 0.152984588510184
      vertex 0.299831297621493 0.457165720980698 0.167974845967660
      vertex 0.308014092515268 0.459389297592765 0.153003766889093
   endloop
endfacet
facet normal 0.852898983228287 -0.000192649010882 0.522075940160540
   outer loop
      vertex 0.299831297621493 0.457165720980698 0.167974845967660
      vertex 0.290911844603119 0.452950437379483 0.182544719342342
      vertex 0.299819045237261 0.455165867087709 0.167994124343477
   endloop
endfacet
facet normal 0.826260166778900 -0.000239172145211 0.563288629027064
   outer loop
      vertex 0.290911844603119 0.452950437379483 0.182544719342342
      vertex 0.281288596165807 0.448742983304433 0.196658798951375
      vertex 0.290898190486765 0.450950656690462 0.182563898782618
   endloop
endfacet
facet normal -0.265415019497764 -0.953294479472097 0.144168314247708
   outer loop
      vertex -0.152199715756881 0.107338149202628 -0.279983893646728
      vertex -0.157030096201144 0.107358859093263 -0.288739721180463
      vertex -0.143079394808222 0.102380236825116 -0.295976869279447
   endloop
endfacet
facet normal 0.266087473712356 -0.963892115981141 0.010461600392631
   outer loop
      vertex -0.012467159744080 0.363271527077643 0.321902696684221
      vertex -0.011710782373233 0.363263421211359 0.301917635456598
      vertex 0.003418375396082 0.367440787267314 0.301998964950853
   endloop
endfacet
facet normal 0.926944632378478 -0.002229984423751 -0.375191518659736
   outer loop
      vertex -0.286489266902512 0.257280229835393 0.114926414339677
      vertex -0.286498257252162 0.255280303530845 0.114916089607770
      vertex -0.292245424671171 0.250377945777992 0.100746329512997
   endloop
endfacet
facet normal 0.797637841862983 -0.000210153740823 0.603136658696492
   outer loop
      vertex 0.281288596165807 0.448742983304433 0.196658798951375
      vertex 0.270985070389210 0.444542680106787 0.210283570777309
      vertex 0.281273642285110 0.446743177832364 0.196677878399391
   endloop
endfacet
facet normal 0.944204419441143 -0.002239462801377 -0.329352393515177
   outer loop
      vertex -0.292237184435607 0.252377870341691 0.100756354368551
      vertex -0.292245424671171 0.250377945777992 0.100746329512997
      vertex -0.297291463714940 0.245470541868998 0.086313453022987
   endloop
endfacet
facet normal 0.082930118637818 -0.966884971524993 -0.241362895370913
   outer loop
      vertex 0.303577177649596 0.467865375955661 0.114480792159580
      vertex 0.290222465732632 0.472113505248128 0.092874487654429
      vertex 0.328047626903693 0.472110135412366 0.105884371970491
   endloop
endfacet
facet normal 0.329442024861918 -0.000238614856543 0.944175775646585
   outer loop
      vertex 0.120800450587574 0.396623236468405 0.319618669189788
      vertex 0.104692943807412 0.394461581781943 0.325238357793403
      vertex 0.104667186239117 0.392461853570801 0.325246839752802
   endloop
endfacet
facet normal 0.971887010174766 -0.002175313148484 -0.235437693384599
   outer loop
      vertex -0.301617442158565 0.242558025424725 0.071661884745931
      vertex -0.301624201764500 0.240558083950261 0.071652459431810
      vertex -0.305233345220300 0.235640496242091 0.056799347769535
   endloop
endfacet
facet normal -0.563262894731988 0.000766960098195 0.826277388768656
   outer loop
      vertex -0.191265401394698 0.313839166939735 0.286365683718189
      vertex -0.205517927609598 0.310981233519306 0.276652568774899
      vertex -0.205534180068471 0.308981341243800 0.276643346001096
   endloop
endfacet
facet normal 0.990248330751583 -0.002046811295061 -0.139298435049451
   outer loop
      vertex -0.308105121696557 0.232717652961736 0.041798243092289
      vertex -0.308110440779048 0.230717699553549 0.041789817402995
      vertex -0.310248904023594 0.225789540137931 0.026660267346087
   endloop
endfacet
facet normal 0.292027786269709 0.954842387266675 0.054733787784981
   outer loop
      vertex 0.073491872709038 0.036204567149825 -0.329204885787038
      vertex 0.061313627244814 0.041250804500686 -0.352261489510524
      vertex 0.057660736201926 0.041240844464552 -0.332598023980857
   endloop
endfacet
facet normal -0.154636651828299 -0.952173259484699 0.263540489932035
   outer loop
      vertex -0.278029517188139 0.166536693357452 -0.150946838456749
      vertex -0.279321417830978 0.161656290375491 -0.169337805272082
      vertex -0.270679303634536 0.161645295357944 -0.164306629824612
   endloop
endfacet
facet normal -0.192870486821264 -0.951702789558190 0.238878160702245
   outer loop
      vertex -0.254064987453607 0.151839404881865 -0.189859419493320
      vertex -0.252652355604276 0.146940982165178 -0.208234425222278
      vertex -0.244840459982127 0.146924783530616 -0.201991628385778
   endloop
endfacet
facet normal -0.182444913378118 -0.956928790923761 0.225834325742654
   outer loop
      vertex -0.252652355604276 0.146940982165178 -0.208234425222278
      vertex -0.260464249236140 0.146957080687751 -0.214477210116058
      vertex -0.250026379077848 0.142037254599376 -0.226891562558725
   endloop
endfacet
facet normal 0.999973781138569 -0.001696830606909 0.007039730202546
   outer loop
      vertex -0.312289130110006 0.217916529063507 -0.003807067311751
      vertex -0.312292478562094 0.215916563692699 -0.003813493432915
      vertex -0.312193361221964 0.210971360392501 -0.019084805061402
   endloop
endfacet
facet normal 0.734763737113518 -0.000249551926405 0.678323070775875
   outer loop
      vertex 0.260026183364019 0.440348963207036 0.223386821784362
      vertex 0.248437757304398 0.436160969089020 0.235937935676291
      vertex 0.260008627840104 0.438349214481585 0.223405102337901
   endloop
endfacet
facet normal -0.944357627257012 0.001938581295834 0.328914751484431
   outer loop
      vertex -0.329741868713632 0.252462496833857 0.114661662888515
      vertex -0.335418223090458 0.249554682152457 0.098381239187696
      vertex -0.335425715813838 0.247554739275044 0.098371513997192
   endloop
endfacet
facet normal -0.713539836025370 0.001379100244251 0.700613303104790
   outer loop
      vertex -0.245224770570495 0.296398328132306 0.243470175848844
      vertex -0.257307480695539 0.293532761409105 0.231170176606168
      vertex -0.257321482456371 0.291532856292914 0.231159853158894
   endloop
endfacet
facet normal 0.105681976441513 -0.967148361446593 -0.231204166931712
   outer loop
      vertex 0.290266524372707 0.459396677966051 0.143783486740680
      vertex 0.279102179819064 0.463632900546183 0.120959824887045
      vertex 0.297282403054786 0.463626974701862 0.129294679400690
   endloop
endfacet
facet normal -0.944368611029840 0.001938775809531 0.328883212782184
   outer loop
      vertex -0.329750109771411 0.250462563309157 0.114651537932891
      vertex -0.335425715813838 0.247554739275044 0.098371513997192
      vertex -0.335433208537216 0.245554796397630 0.098361788806687
   endloop
endfacet
facet normal 0.664843831287769 -0.000146189732657 0.746982368350929
   outer loop
      vertex 0.236246714524694 0.431977840255551 0.247907796071300
      vertex 0.223480983464123 0.427798421204092 0.259268983321383
      vertex 0.236226859243493 0.429978056377674 0.247925076684473
   endloop
endfacet
facet normal 0.166036932032726 -0.971297905019373 -0.170329436405271
   outer loop
      vertex 0.236226859243493 0.429978056377674 0.247925076684473
      vertex 0.234123378817002 0.434170040950703 0.221969954871335
      vertex 0.248419001911718 0.434161201793533 0.235955716259730
   endloop
endfacet
facet normal -0.120381234022328 -0.957651471869028 0.261556909528969
   outer loop
      vertex -0.293810695555281 0.171426727534282 -0.141401779882850
      vertex -0.302903515012982 0.171433077095621 -0.145563490472944
      vertex -0.295785778898478 0.166554230346891 -0.160150728561612
   endloop
endfacet
facet normal 0.479152359897322 -0.000456937215592 -0.877731625961608
   outer loop
      vertex -0.142932554324167 0.325529942947406 0.268164731991990
      vertex -0.156381814494915 0.318667099424480 0.260826374035457
      vertex -0.156364661808082 0.320666989103472 0.260834696541035
   endloop
endfacet
facet normal -0.972013593831253 0.002187025559578 0.234914431924592
   outer loop
      vertex -0.340297561063648 0.244641107775744 0.081834144222647
      vertex -0.344360059802339 0.239721635847206 0.065070401970543
      vertex -0.340304314649602 0.242641165364197 0.081824818902934
   endloop
endfacet
facet normal 0.296490759555363 0.954964469751640 0.011665805169494
   outer loop
      vertex 0.025592908326306 0.051307294383006 -0.337023547243555
      vertex 0.010157368610042 0.056356256180902 -0.358032318429205
      vertex 0.009434551391242 0.056336514061612 -0.338045558380190
   endloop
endfacet
facet normal -0.304705573043516 -0.952442245216102 0.002878069480255
   outer loop
      vertex -0.022349672981483 0.062371913573783 -0.327718799918181
      vertex -0.006791047389137 0.057362498518203 -0.338273998838527
      vertex -0.006661079227299 0.057351133864676 -0.328274988284400
   endloop
endfacet
facet normal -0.257444600771621 -0.953512135558348 0.156642538528010
   outer loop
      vertex -0.183787004605168 0.117297743554835 -0.272249188636916
      vertex -0.175864670798879 0.112352341614139 -0.289332279391668
      vertex -0.170610503834116 0.112331470238342 -0.280824017082802
   endloop
endfacet
facet normal -0.281733662650692 -0.955477960867033 0.087681295763705
   outer loop
      vertex -0.099351784680436 0.087412754941385 -0.313449687931646
      vertex -0.102380768440230 0.087431347134177 -0.322979682339474
      vertex -0.086824920166283 0.082431330937870 -0.327482343554202
   endloop
endfacet
facet normal 0.627454552581107 -0.000087791142653 0.778653181293160
   outer loop
      vertex 0.223480983464123 0.427798421204092 0.259268983321383
      vertex 0.210170978134119 0.423622307002230 0.269993985175845
      vertex 0.223460126244781 0.425798724818816 0.259285565031841
   endloop
endfacet
facet normal -0.982354486388624 0.002126985152207 0.187016413735011
   outer loop
      vertex -0.344366079029961 0.237721682748335 0.065061576410393
      vertex -0.347601534794803 0.232796179693408 0.048122485605626
      vertex -0.344372108475526 0.235721740504507 0.065052650961496
   endloop
endfacet
facet normal 0.126175706655410 0.962141176188627 -0.241586523076874
   outer loop
      vertex -0.321085229334879 0.175445794372579 -0.153889438759055
      vertex -0.295779982902767 0.170554196470167 -0.160154276670258
      vertex -0.313536244613107 0.170571733459605 -0.169358166775121
   endloop
endfacet
facet normal 0.292313035346882 0.955225496169160 -0.045796733886552
   outer loop
      vertex -0.055113118576778 0.076416786537826 -0.334164162936505
      vertex -0.039067091603069 0.071402785063413 -0.336326745021309
      vertex -0.058307598843784 0.076447798468263 -0.353907161177497
   endloop
endfacet
facet normal -0.249097233605079 -0.953642561599784 0.168868093243510
   outer loop
      vertex -0.196527479479357 0.122257038866215 -0.263036210574475
      vertex -0.189452348296729 0.117318410727282 -0.280489421110613
      vertex -0.183787004605168 0.117297743554835 -0.272249188636916
   endloop
endfacet
facet normal 0.521716696784829 -0.000907761513904 -0.853118317858057
   outer loop
      vertex -0.156347409318593 0.322666889711234 0.260843119146521
      vertex -0.156364661808082 0.320666989103472 0.260834696541035
      vertex -0.169420586588637 0.315803559148522 0.252855640209746
   endloop
endfacet
facet normal -0.435926244205764 0.000573075991949 0.899982211600076
   outer loop
      vertex -0.145802056437231 0.332407762001475 0.311199094689101
      vertex -0.161345924340572 0.327551997712036 0.303673171236064
      vertex -0.145820009173027 0.330407866909177 0.311191672345927
   endloop
endfacet
facet normal 0.172578248608833 0.961586379361619 -0.213467522432150
   outer loop
      vertex -0.286487030754254 0.155897938462886 -0.213275548911816
      vertex -0.260450961322906 0.150957024574473 -0.214483490197864
      vertex -0.276074740580376 0.150989322004316 -0.226969078927769
   endloop
endfacet
facet normal 0.236885347384411 -0.971438502874375 -0.013876863037476
   outer loop
      vertex 0.003863807271808 0.367457012978677 0.341995174530546
      vertex 0.019737397021488 0.371623341341171 0.321305270473808
      vertex 0.020939011650415 0.371631184452672 0.341268413264297
   endloop
endfacet
facet normal -0.279099974701198 -0.959799035787669 0.029816354955815
   outer loop
      vertex -0.039102696746156 0.067402982430567 -0.336328489171493
      vertex -0.041323934249347 0.067431442876244 -0.356204527792089
      vertex -0.024213058537772 0.062410538882367 -0.357660568745258
   endloop
endfacet
facet normal 0.229816426116912 -0.970937076380074 0.066825174877169
   outer loop
      vertex -0.097422535277386 0.342327335900504 0.328935829063432
      vertex -0.113739920505731 0.338119003856353 0.323907447839581
      vertex -0.091849409634407 0.342324492382887 0.309728147278676
   endloop
endfacet
facet normal 0.994521663480945 -0.001054632625790 0.104525349160475
   outer loop
      vertex -0.311344877607015 0.208020064920954 -0.034325711124389
      vertex -0.309755897806443 0.201062531280384 -0.049514490585313
      vertex -0.309754200132644 0.203062519199647 -0.049510464010484
   endloop
endfacet
facet normal 0.239171797563430 -0.967483738521521 0.082292569207065
   outer loop
      vertex -0.113739920505731 0.338119003856353 0.323907447839581
      vertex -0.100729990034347 0.338117843565582 0.286082270554897
      vertex -0.091849409634407 0.342324492382887 0.309728147278676
   endloop
endfacet
facet normal 0.137728426498018 -0.967492738619664 -0.212105354134693
   outer loop
      vertex 0.265076833416851 0.446752717490023 0.184945952626956
      vertex 0.257389071183867 0.450968925233499 0.160722265332845
      vertex 0.274143679842255 0.450959841414965 0.171643132583134
   endloop
endfacet
facet normal -0.247161482768699 -0.950959852788591 0.185974621440348
   outer loop
      vertex -0.202355534328436 0.127189130070599 -0.245562051883703
      vertex -0.196527479479357 0.122257038866215 -0.263036210574475
      vertex -0.190464760521454 0.122236510546468 -0.255083786808983
   endloop
endfacet
facet normal 0.105897261201695 -0.967012454613175 -0.231673655586869
   outer loop
      vertex 0.315462626290509 0.463621048857541 0.137629533914335
      vertex 0.297282403054786 0.463626974701862 0.129294679400690
      vertex 0.303577177649596 0.467865375955661 0.114480792159580
   endloop
endfacet
facet normal 0.116892548180952 -0.967141349498053 -0.225773652738421
   outer loop
      vertex 0.308014092515268 0.459389297592765 0.153003766889093
      vertex 0.290266524372707 0.459396677966051 0.143783486740680
      vertex 0.297282403054786 0.463626974701862 0.129294679400690
   endloop
endfacet
facet normal -0.271045305985052 -0.960021082267006 0.069956870329905
   outer loop
      vertex -0.086824920166283 0.082431330937870 -0.327482343554202
      vertex -0.091940264852349 0.082466650393588 -0.346816866913693
      vertex -0.075228150834906 0.077459771109714 -0.350776015029731
   endloop
endfacet
facet normal 0.627508113571594 -0.000088490981517 0.778610017641159
   outer loop
      vertex 0.223501838695935 0.429798217564029 0.259252402667478
      vertex 0.210192835304070 0.425622015869564 0.269978103424655
      vertex 0.223480983464123 0.427798421204092 0.259268983321383
   endloop
endfacet
facet normal 0.137960939081570 -0.967379232943121 -0.212471642715233
   outer loop
      vertex 0.290898190486765 0.450950656690462 0.182563898782618
      vertex 0.274143679842255 0.450959841414965 0.171643132583134
      vertex 0.282547148394231 0.455174316084909 0.157911206650758
   endloop
endfacet
facet normal 0.147995400217235 -0.967485962998412 -0.205105516541060
   outer loop
      vertex 0.281273642285110 0.446743177832364 0.196677878399391
      vertex 0.265076833416851 0.446752717490023 0.184945952626956
      vertex 0.274143679842255 0.450959841414965 0.171643132583134
   endloop
endfacet
facet normal 0.221292060759345 0.960934469646125 -0.166237086388092
   outer loop
      vertex -0.202567996399970 0.126277392156366 -0.270995287585571
      vertex -0.214693330362582 0.126318250939813 -0.286900147229270
      vertex -0.228116668546499 0.131269041496276 -0.276150998723722
   endloop
endfacet
facet normal 0.192098812912605 -0.967978164200548 -0.161605444550935
   outer loop
      vertex 0.198063986471865 0.421628663071715 0.254075099563202
      vertex 0.197752914011296 0.425812950228549 0.228642446211785
      vertex 0.210606520128037 0.425805837523683 0.243964005621815
   endloop
endfacet
facet normal -0.999145497159203 0.001840556941827 0.041290287679231
   outer loop
      vertex -0.351561891501823 0.224926440510011 0.013887781651603
      vertex -0.352282682242893 0.219981884533766 -0.003333558437664
      vertex -0.351565870176369 0.222926480008895 0.013880655676212
   endloop
endfacet
facet normal -0.180538779753979 -0.951857322957535 0.247736524834471
   outer loop
      vertex -0.262684781168470 0.156746300595261 -0.177287766682520
      vertex -0.262173350871842 0.151854087890163 -0.195711999807534
      vertex -0.254064987453607 0.151839404881865 -0.189859419493320
   endloop
endfacet
facet normal -0.240164699614252 -0.953775794745840 0.180645095189817
   outer loop
      vertex -0.208801017458656 0.127209108204899 -0.253207583313537
      vertex -0.202590196449729 0.122277467211299 -0.270988635396520
      vertex -0.196527479479357 0.122257038866215 -0.263036210574475
   endloop
endfacet
facet normal -0.968374077228351 0.000665773408870 -0.249501910409334
   outer loop
      vertex -0.343270781778584 0.195153413717612 -0.088796809759431
      vertex -0.338976651519655 0.190165018319741 -0.105476624199205
      vertex -0.343271608824588 0.193153403025436 -0.088798936653067
   endloop
endfacet
facet normal 0.420002631740431 0.000192514729019 0.907522865975944
   outer loop
      vertex 0.152175213095027 0.406947673466806 0.306019030514464
      vertex 0.136665905797836 0.402784720310320 0.313197638960967
      vertex 0.152150455651329 0.404947949211428 0.306030912493735
   endloop
endfacet
facet normal -0.272847583004332 -0.950562295766796 0.148275143956272
   outer loop
      vertex -0.165356238876642 0.112310700824855 -0.272315753717548
      vertex -0.157030096201144 0.107358859093263 -0.288739721180463
      vertex -0.152199715756881 0.107338149202628 -0.279983893646728
   endloop
endfacet
facet normal 0.463948202923806 0.000146240882121 0.885862316399888
   outer loop
      vertex 0.167340867594665 0.413112172710938 0.298076695347356
      vertex 0.152199970517560 0.408947398778527 0.306007048540774
      vertex 0.167316710265266 0.411112448761672 0.298089677264233
   endloop
endfacet
facet normal 0.199681212895168 -0.968030129271571 -0.151806067201483
   outer loop
      vertex 0.185039996335835 0.417454523755086 0.263561192587830
      vertex 0.185978754029187 0.421634623933544 0.238140531131818
      vertex 0.198063986471865 0.421628663071715 0.254075099563202
   endloop
endfacet
facet normal 0.375119399468766 0.000325193205883 0.926976445435142
   outer loop
      vertex 0.136665905797836 0.402784720310320 0.313197638960967
      vertex 0.120826108319134 0.398622955373072 0.319608987086226
      vertex 0.136640748221495 0.400784998667779 0.313208520996720
   endloop
endfacet
facet normal -0.242241732160583 -0.956230496436787 0.164140734993166
   outer loop
      vertex -0.202590196449729 0.122277467211299 -0.270988635396520
      vertex -0.200782937691371 0.117359847245754 -0.296969905000503
      vertex -0.189452348296729 0.117318410727282 -0.280489421110613
   endloop
endfacet
facet normal -0.313513766737989 -0.949578949061715 0.002989575991237
   outer loop
      vertex -0.021728577126958 0.062359004483485 -0.317738210661286
      vertex -0.006661079227299 0.057351133864676 -0.328274988284400
      vertex -0.006531009076515 0.057339670167789 -0.318275878792575
   endloop
endfacet
facet normal 0.206788285812266 -0.968074663826559 -0.141668804286332
   outer loop
      vertex 0.171567058179400 0.413283315108595 0.272398675393488
      vertex 0.173752143962249 0.417459302550108 0.247052110824897
      vertex 0.185039996335835 0.417454523755086 0.263561192587830
   endloop
endfacet
facet normal -0.264911701147864 -0.950690346089339 0.161275095558729
   outer loop
      vertex -0.178121658923957 0.117276976302090 -0.264008947220331
      vertex -0.170610503834116 0.112331470238342 -0.280824017082802
      vertex -0.165356238876642 0.112310700824855 -0.272315753717548
   endloop
endfacet
facet normal 0.242225122790014 -0.968158321309913 -0.063217519468373
   outer loop
      vertex 0.067558425224462 0.384130999937317 0.314535994234620
      vertex 0.078143495175450 0.388290835053273 0.291387203733536
      vertex 0.083210937507157 0.388295407559554 0.310733659293783
   endloop
endfacet
facet normal -0.886010355607148 0.001875324936177 0.463661657799390
   outer loop
      vertex -0.308016881142397 0.265151290255534 0.161585220633016
      vertex -0.316015362129391 0.262260708649188 0.146312626738911
      vertex -0.316025102770712 0.260260789544915 0.146302102230723
   endloop
endfacet
facet normal 0.219674363461429 -0.968096806904550 -0.120547693876867
   outer loop
      vertex 0.167292652916109 0.409112726800050 0.298102659180944
      vertex 0.157678582716250 0.409114828398010 0.280566037502711
      vertex 0.171567058179400 0.413283315108595 0.272398675393488
   endloop
endfacet
facet normal -0.006361297066053 0.000619508765166 0.999979574845670
   outer loop
      vertex 0.003888663602926 0.369456795093710 0.341994093744428
      vertex -0.013199380966615 0.365279417405396 0.341887977371293
      vertex 0.003863807271808 0.367457012978677 0.341995174530546
   endloop
endfacet
facet normal -0.302522458526731 -0.952235244407125 -0.041571641726619
   outer loop
      vertex 0.038962169772801 0.042262201959269 -0.315394816895447
      vertex 0.040302985996416 0.042268853773341 -0.325304483559761
      vertex 0.055796784378180 0.037236100633160 -0.322775284958381
   endloop
endfacet
facet normal -0.262373719210384 -0.960195817417074 0.095833311966494
   outer loop
      vertex -0.117698566923747 0.092426256802524 -0.317716382997484
      vertex -0.124684846474929 0.092464908710057 -0.336456241951402
      vertex -0.108438933975108 0.087468429682490 -0.342039872200192
   endloop
endfacet
facet normal -0.103702595109446 0.000614762637466 0.994608160953079
   outer loop
      vertex -0.030234994338375 0.363098259901224 0.340949690360412
      vertex -0.047225369872270 0.358913209793189 0.339180779455216
      vertex -0.030258549823120 0.361098447941712 0.340948470427507
   endloop
endfacet
facet normal -0.919055395891354 0.000359464412935 -0.394128215265443
   outer loop
      vertex -0.327868984558030 0.180311416442045 -0.138066172068991
      vertex -0.321085229334879 0.175445794372579 -0.153889438759055
      vertex -0.327870051164828 0.178311381505049 -0.138065509012303
   endloop
endfacet
facet normal 0.971847009439856 -0.001878461995002 -0.235605308988024
   outer loop
      vertex -0.301610692571821 0.244557967756767 0.071671210065650
      vertex -0.305227315994655 0.237640449539727 0.056808173329669
      vertex -0.305221286549089 0.239640391783556 0.056817098778566
   endloop
endfacet
facet normal 0.245122013027931 -0.968137374359557 -0.051236930990428
   outer loop
      vertex 0.051735823491091 0.379964306870581 0.317570198160651
      vertex 0.063445092644025 0.384125338976421 0.294964412659227
      vertex 0.067558425224462 0.384130999937317 0.314535994234620
   endloop
endfacet
facet normal 0.225262114540118 -0.968123711366287 -0.109514653098486
   outer loop
      vertex 0.152150455651329 0.404947949211428 0.306030912493735
      vertex 0.143408684899012 0.404948648782791 0.288043666217705
      vertex 0.157678582716250 0.409114828398010 0.280566037502711
   endloop
endfacet
facet normal -0.175400610125647 -0.954641722770125 0.240611319588331
   outer loop
      vertex -0.271070103336916 0.156759207944298 -0.182736149570294
      vertex -0.270281724287889 0.151868770689133 -0.201564579121787
      vertex -0.262173350871842 0.151854087890163 -0.195711999807534
   endloop
endfacet
facet normal -0.264391300225230 0.963726486341213 -0.036448592423195
   outer loop
      vertex -0.044519626703470 0.358906089637432 0.319365025478004
      vertex -0.041813783732012 0.358898980410446 0.299549371600699
      vertex -0.056763504494044 0.354711289936991 0.297266372174477
   endloop
endfacet
facet normal -0.200043472245871 0.000500079854096 0.979786894754138
   outer loop
      vertex -0.064106332134314 0.354723479399982 0.336585949851071
      vertex -0.080838459267105 0.350528361438769 0.333171886105542
      vertex -0.064128086452790 0.352723626482945 0.336582528981423
   endloop
endfacet
facet normal -0.055138915828603 0.000609089625098 0.998478507015086
   outer loop
      vertex -0.013199380966615 0.365279417405396 0.341887977371293
      vertex -0.030258549823120 0.361098447941712 0.340948470427507
      vertex -0.013223636875250 0.363279619902472 0.341887857800774
   endloop
endfacet
facet normal -0.937249866108172 0.000384241751606 -0.348658200589760
   outer loop
      vertex -0.333871258487721 0.185168617467174 -0.121925732042460
      vertex -0.327868984558030 0.180311416442045 -0.138066172068991
      vertex -0.327870051164828 0.178311381505049 -0.138065509012303
   endloop
endfacet
facet normal 0.112287190867180 -0.962843708849670 -0.245608589214159
   outer loop
      vertex 0.297282403054786 0.463626974701862 0.129294679400690
      vertex 0.279102179819064 0.463632900546183 0.120959824887045
      vertex 0.285008216849981 0.467869403575973 0.107051850441499
   endloop
endfacet
facet normal -0.678386976659346 0.001494321686575 0.734703257718168
   outer loop
      vertex -0.232538302762724 0.301261263396959 0.255174313077908
      vertex -0.245224770570495 0.296398328132306 0.243470175848844
      vertex -0.232553454911312 0.299261366388562 0.255164389982123
   endloop
endfacet
facet normal -0.250621582033988 -0.956010496283713 0.152422943201313
   outer loop
      vertex -0.170610503834116 0.112331470238342 -0.280824017082802
      vertex -0.175864670798879 0.112352341614139 -0.289332279391668
      vertex -0.161860476645406 0.107379568983901 -0.297495548714198
   endloop
endfacet
facet normal -0.304182481582017 -0.952449377813288 0.017697474443716
   outer loop
      vertex -0.021728577126958 0.062359004483485 -0.317738210661286
      vertex -0.022349672981483 0.062371913573783 -0.327718799918181
      vertex -0.006661079227299 0.057351133864676 -0.328274988284400
   endloop
endfacet
facet normal 0.899983905881748 -0.000116557446003 0.435923107403353
   outer loop
      vertex 0.315472077303866 0.465620943902097 0.137610556582975
      vertex 0.308024845217004 0.461389120614731 0.152984588510184
      vertex 0.315462626290509 0.463621048857541 0.137629533914335
   endloop
endfacet
facet normal -0.944373908958080 0.002242948569816 0.328866065839803
   outer loop
      vertex -0.329733627677018 0.254462431414900 0.114671687849722
      vertex -0.335418223090458 0.249554682152457 0.098381239187696
      vertex -0.329741868713632 0.252462496833857 0.114661662888515
   endloop
endfacet
facet normal -0.435886400536695 0.000305317088950 0.900001640336638
   outer loop
      vertex -0.145820009173027 0.330407866909177 0.311191672345927
      vertex -0.161345924340572 0.327551997712036 0.303673171236064
      vertex -0.161363476842550 0.325552094800754 0.303665348703241
   endloop
endfacet
facet normal -0.152124635472988 0.000534722731822 0.988361173536178
   outer loop
      vertex -0.047248124775290 0.356913376423611 0.339178359059688
      vertex -0.064128086452790 0.352723626482945 0.336582528981423
      vertex -0.047270879678312 0.354913543054034 0.339175938664159
   endloop
endfacet
facet normal 0.250418230813732 -0.968026245757650 -0.014693440729455
   outer loop
      vertex 0.003641091443905 0.367448894596091 0.321997119685082
      vertex 0.018535682611072 0.371615486244558 0.301342127577828
      vertex 0.019737397021488 0.371623341341171 0.321305270473808
   endloop
endfacet
facet normal -0.375969863523602 0.000318654610520 -0.926631836373694
   outer loop
      vertex 0.120968269405494 0.402783420398357 0.276408594418551
      vertex 0.106925728848584 0.396619132760971 0.282104068684451
      vertex 0.106951286401147 0.398618859675458 0.282094386686708
   endloop
endfacet
facet normal 0.251039626197140 -0.967973827081080 -0.002403365308861
   outer loop
      vertex 0.003641091443905 0.367448894596091 0.321997119685082
      vertex -0.012467159744080 0.363271527077643 0.321902696684221
      vertex 0.003418375396082 0.367440787267314 0.301998964950853
   endloop
endfacet
facet normal -0.294566564447630 0.000304052777067 0.955630915501078
   outer loop
      vertex -0.097402881909492 0.344327215927347 0.328941250775832
      vertex -0.113739920505731 0.338119003856353 0.323907447839581
      vertex -0.097422535277386 0.342327335900504 0.328935829063432
   endloop
endfacet
facet normal -0.247529716168914 -0.000194110476781 0.968880282560472
   outer loop
      vertex -0.080880067133882 0.346528635573407 0.333162943635064
      vertex -0.097402881909492 0.344327215927347 0.328941250775832
      vertex -0.097422535277386 0.342327335900504 0.328935829063432
   endloop
endfacet
facet normal 0.767115735073380 -0.000211086149957 0.641508693974965
   outer loop
      vertex 0.270985070389210 0.444542680106787 0.210283570777309
      vertex 0.260026183364019 0.440348963207036 0.223386821784362
      vertex 0.270968814714304 0.442542951939017 0.210302351300781
   endloop
endfacet
facet normal -0.305723678796534 -0.949330635451420 -0.072831152788604
   outer loop
      vertex 0.068839016636228 0.032198276923842 -0.309755035431551
      vertex 0.053970336879786 0.037231220061585 -0.312943501139784
      vertex 0.071146791380020 0.032201548191782 -0.319485032448545
   endloop
endfacet
facet normal 0.094427400597667 -0.967020027606847 -0.236549640083475
   outer loop
      vertex 0.297282403054786 0.463626974701862 0.129294679400690
      vertex 0.285008216849981 0.467869403575973 0.107051850441499
      vertex 0.303577177649596 0.467865375955661 0.114480792159580
   endloop
endfacet
facet normal -0.862216035614330 0.001831874119655 0.506537414379943
   outer loop
      vertex -0.299258726961796 0.272036358862926 0.176468227423405
      vertex -0.307995889718224 0.269151136369908 0.161606469424413
      vertex -0.308006380431299 0.267151213412103 0.161595845028707
   endloop
endfacet
facet normal -0.713591024135568 0.001639698840615 0.700560605273279
   outer loop
      vertex -0.245224770570495 0.296398328132306 0.243470175848844
      vertex -0.257321482456371 0.291532856292914 0.231159853158894
      vertex -0.245239402547431 0.294398427632998 0.243459952589325
   endloop
endfacet
facet normal -0.907678858491021 0.002212421041985 0.419659618073469
   outer loop
      vertex -0.316015362129391 0.262260708649188 0.146312626738911
      vertex -0.323266470966293 0.257364480529771 0.130655066681262
      vertex -0.316025102770712 0.260260789544915 0.146302102230723
   endloop
endfacet
facet normal -0.979411364372117 0.000916655245130 -0.201872581302935
   outer loop
      vertex -0.346743504896915 0.200133933003497 -0.071925821710650
      vertex -0.343270781778584 0.195153413717612 -0.088796809759431
      vertex -0.346744732274314 0.198133934921624 -0.071928948442150
   endloop
endfacet
facet normal -0.563278030935953 0.001073258449210 0.826266729320028
   outer loop
      vertex -0.191231896446336 0.317838959823000 0.286383329097478
      vertex -0.205501575369236 0.312981137779922 0.276661791654191
      vertex -0.191248648920517 0.315839063381368 0.286374506407833
   endloop
endfacet
facet normal -0.701062479716995 0.000199048217794 -0.713099824647899
   outer loop
      vertex 0.219865068492358 0.438178312861574 0.207948431271005
      vertex 0.219846313120845 0.436178544509747 0.207966311848862
      vertex 0.209064576327435 0.431993914138597 0.218564881540781
   endloop
endfacet
facet normal -0.150319192725026 -0.961733380512287 0.229069956796837
   outer loop
      vertex -0.279455425506633 0.156772115356716 -0.188184538457734
      vertex -0.296226069844584 0.156797930107609 -0.199081309233004
      vertex -0.286498449136402 0.151898036709938 -0.213269738806880
   endloop
endfacet
facet normal -0.257072634701969 -0.960291613943777 0.108414374861658
   outer loop
      vertex -0.132741709571773 0.097416118610214 -0.311704853349281
      vertex -0.140639290949520 0.097455897467231 -0.330079287111287
      vertex -0.124684846474929 0.092464908710057 -0.336456241951402
   endloop
endfacet
facet normal 0.900004143424499 -0.000005258634300 0.435881339117748
   outer loop
      vertex 0.315481328335569 0.467620836027705 0.137591479257528
      vertex 0.308035597897570 0.463388944693040 0.152965310136858
      vertex 0.315472077303866 0.465620943902097 0.137610556582975
   endloop
endfacet
facet normal 0.877525456699024 -0.000095604260870 0.479530044632236
   outer loop
      vertex 0.308035597897570 0.463388944693040 0.152965310136858
      vertex 0.299843550026893 0.459165573817346 0.167955667586260
      vertex 0.308024845217004 0.461389120614731 0.152984588510184
   endloop
endfacet
facet normal -0.293785482883993 -0.952846180628670 0.075988460360612
   outer loop
      vertex -0.099351784680436 0.087412754941385 -0.313449687931646
      vertex -0.086824920166283 0.082431330937870 -0.327482343554202
      vertex -0.084267348807844 0.082413719737869 -0.317815131343222
   endloop
endfacet
facet normal 0.116666907463751 -0.967269311724425 -0.225341765545143
   outer loop
      vertex 0.282547148394231 0.455174316084909 0.157911206650758
      vertex 0.272518956251317 0.459404057282994 0.134563306586685
      vertex 0.290266524372707 0.459396677966051 0.143783486740680
   endloop
endfacet
facet normal -0.955022809461594 0.000384611174615 -0.296532098570001
   outer loop
      vertex -0.338976651519655 0.190165018319741 -0.105476624199205
      vertex -0.333871258487721 0.185168617467174 -0.121925732042460
      vertex -0.338977122612495 0.188165013609460 -0.105477701046385
   endloop
endfacet
facet normal 0.852938937659395 -0.000219633298258 0.522010651601743
   outer loop
      vertex 0.299843550026893 0.459165573817346 0.167955667586260
      vertex 0.290925496731938 0.454950318043165 0.182525540958620
      vertex 0.299831297621493 0.457165720980698 0.167974845967660
   endloop
endfacet
facet normal 0.138286206603103 0.962002040123807 -0.235433642160500
   outer loop
      vertex -0.313536244613107 0.170571733459605 -0.169358166775121
      vertex -0.287955864601990 0.165667198112063 -0.174373419838178
      vertex -0.305240092994876 0.165689188147155 -0.184435770733117
   endloop
endfacet
facet normal -0.294243950303282 -0.955210595360119 0.031515333120372
   outer loop
      vertex -0.055148023625324 0.072416986198737 -0.334164807149249
      vertex -0.041323934249347 0.067431442876244 -0.356204527792089
      vertex -0.039102696746156 0.067402982430567 -0.336328489171493
   endloop
endfacet
facet normal -0.885993454909084 0.001874950746287 0.463693953398105
   outer loop
      vertex -0.308006380431299 0.267151213412103 0.161595845028707
      vertex -0.316005621686823 0.264260637750927 0.146323151352756
      vertex -0.316015362129391 0.262260708649188 0.146312626738911
   endloop
endfacet
facet normal -0.280114707884391 -0.950440696233082 0.134900827910048
   outer loop
      vertex -0.152199715756881 0.107338149202628 -0.279983893646728
      vertex -0.143079394808222 0.102380236825116 -0.295976869279447
      vertex -0.138684507007896 0.102359878385682 -0.286994543212253
   endloop
endfacet
facet normal 0.826299368373088 -0.000239455709327 0.563231121731744
   outer loop
      vertex 0.290925496731938 0.454950318043165 0.182525540958620
      vertex 0.281303550067672 0.450742787720159 0.196639819497778
      vertex 0.290911844603119 0.452950437379483 0.182544719342342
   endloop
endfacet
facet normal 0.099966116961568 -0.970649266848516 -0.218739059671710
   outer loop
      vertex 0.308014092515268 0.459389297592765 0.153003766889093
      vertex 0.297282403054786 0.463626974701862 0.129294679400690
      vertex 0.315462626290509 0.463621048857541 0.137629533914335
   endloop
endfacet
facet normal -0.262595311079016 0.963643853711068 -0.049337873932684
   outer loop
      vertex -0.060434918324763 0.354717385196657 0.316926111015567
      vertex -0.056763504494044 0.354711289936991 0.297266372174477
      vertex -0.071582609607843 0.350519018748146 0.294257956223022
   endloop
endfacet
facet normal 0.797683309292569 -0.000241231211741 0.603076512462191
   outer loop
      vertex 0.281303550067672 0.450742787720159 0.196639819497778
      vertex 0.271001324076583 0.446542508249220 0.210264791310390
      vertex 0.281288596165807 0.448742983304433 0.196658798951375
   endloop
endfacet
facet normal -0.214508377314592 -0.956627914435473 0.197101977120213
   outer loop
      vertex -0.238992976514921 0.137109183729547 -0.238777868673869
      vertex -0.241015487243229 0.132211834489110 -0.264748112906630
      vertex -0.227390352158760 0.132173142829411 -0.250107508392664
   endloop
endfacet
facet normal 0.375195894341319 -0.000325992490003 0.926945486314224
   outer loop
      vertex 0.136640748221495 0.400784998667779 0.313208520996720
      vertex 0.120826108319134 0.398622955373072 0.319608987086226
      vertex 0.120800450587574 0.396623236468405 0.319618669189788
   endloop
endfacet
facet normal -0.306034004391087 -0.949902585884533 0.063468618121340
   outer loop
      vertex -0.081709675481628 0.082396010550850 -0.308147920188962
      vertex -0.068988177132943 0.077409850201637 -0.321432525286831
      vertex -0.066908119915024 0.077393244901044 -0.311651395018597
   endloop
endfacet
facet normal 0.127353361701517 -0.967385851231716 -0.218965148140088
   outer loop
      vertex 0.274143679842255 0.450959841414965 0.171643132583134
      vertex 0.265275251551203 0.455182765082111 0.147828288958037
      vertex 0.282547148394231 0.455174316084909 0.157911206650758
   endloop
endfacet
facet normal 0.588564785342480 -0.000023386507950 0.808450055914298
   outer loop
      vertex 0.210170978134119 0.423622307002230 0.269993985175845
      vertex 0.196350507920524 0.419449359190480 0.280055391485875
      vertex 0.210149220923245 0.421622601178881 0.270009766932452
   endloop
endfacet
facet normal 0.183237567035969 0.961450498686582 -0.205029101841817
   outer loop
      vertex -0.250011229616501 0.146037139073203 -0.226898183681194
      vertex -0.265004426506463 0.146072000447513 -0.240134350694143
      vertex -0.276074740580376 0.150989322004316 -0.226969078927769
   endloop
endfacet
facet normal 0.120446419911358 -0.970869249834794 -0.207136572472756
   outer loop
      vertex 0.290898190486765 0.450950656690462 0.182563898782618
      vertex 0.282547148394231 0.455174316084909 0.157911206650758
      vertex 0.299819045237261 0.455165867087709 0.167994124343477
   endloop
endfacet
facet normal -0.284635367512427 -0.952962370251817 0.104141386802290
   outer loop
      vertex -0.110712287393731 0.092387605951332 -0.298976624037984
      vertex -0.114205378162384 0.092406982358084 -0.308346502989540
      vertex -0.099351784680436 0.087412754941385 -0.313449687931646
   endloop
endfacet
facet normal -0.735094539267473 0.000221441155758 -0.677964578206676
   outer loop
      vertex 0.230094355796283 0.440367593732060 0.196854273139183
      vertex 0.230076802281070 0.438367743975602 0.196872652630586
      vertex 0.219827657708408 0.434178779201906 0.207984092432135
   endloop
endfacet
facet normal 0.548276899751635 -0.000015821950102 0.836296861735354
   outer loop
      vertex 0.196350507920524 0.419449359190480 0.280055391485875
      vertex 0.182053880630862 0.415279523870048 0.289428193024421
      vertex 0.196327750716706 0.417449642997755 0.280070273294376
   endloop
endfacet
facet normal -0.972009867233771 0.001881955659006 0.234932492948685
   outer loop
      vertex -0.340311068256722 0.240641224008991 0.081815393588803
      vertex -0.344366079029961 0.237721682748335 0.065061576410393
      vertex -0.344372108475526 0.235721740504507 0.065052650961496
   endloop
endfacet
facet normal -0.701009224803001 0.000198700589423 -0.713152176789198
   outer loop
      vertex 0.219846313120845 0.436178544509747 0.207966311848862
      vertex 0.219827657708408 0.434178779201906 0.207984092432135
      vertex 0.209044821026478 0.429994132248367 0.218582162153788
   endloop
endfacet
facet normal 0.147757650689983 -0.967593679856805 -0.204768521418074
   outer loop
      vertex 0.255368721892642 0.442552518744124 0.197787955836286
      vertex 0.248879926534711 0.446762156241714 0.173213925803715
      vertex 0.265076833416851 0.446752717490023 0.184945952626956
   endloop
endfacet
facet normal -0.101307410016407 -0.962280405362589 0.252494019990533
   outer loop
      vertex -0.309299721098115 0.176304028501096 -0.130641769838886
      vertex -0.327871119759161 0.176311446542716 -0.138064844899060
      vertex -0.321089175916201 0.171445876006700 -0.153886930595430
   endloop
endfacet
facet normal 0.506679001543407 0.000084486138483 0.862134781955274
   outer loop
      vertex 0.182053880630862 0.415279523870048 0.289428193024421
      vertex 0.167316710265266 0.411112448761672 0.298089677264233
      vertex 0.182030423374837 0.413279803270881 0.289442174884317
   endloop
endfacet
facet normal 0.184070674615658 -0.967916491384887 -0.171042838060256
   outer loop
      vertex 0.210606520128037 0.425805837523683 0.243964005621815
      vertex 0.209044821026478 0.429994132248367 0.218582162153788
      vertex 0.222635889131341 0.429986145294175 0.233253619947325
   endloop
endfacet
facet normal -0.665238949767575 0.000119894414697 -0.746630514603752
   outer loop
      vertex 0.209064576327435 0.431993914138597 0.218564881540781
      vertex 0.209044821026478 0.429994132248367 0.218582162153788
      vertex 0.197752914011296 0.425812950228549 0.228642446211785
   endloop
endfacet
facet normal 0.463882634157268 0.000170448702545 0.885896648980317
   outer loop
      vertex 0.167316710265266 0.411112448761672 0.298089677264233
      vertex 0.152175213095027 0.406947673466806 0.306019030514464
      vertex 0.167292652916109 0.409112726800050 0.298102659180944
   endloop
endfacet
facet normal -0.990325691070162 0.002049222753709 0.138747346974678
   outer loop
      vertex -0.347596215911065 0.234796143099062 0.048130911400577
      vertex -0.349998624643186 0.229864467711874 0.031056271502162
      vertex -0.347601534794803 0.232796179693408 0.048122485605626
   endloop
endfacet
facet normal -0.133263019685098 -0.957642445618202 0.255268317530394
   outer loop
      vertex -0.302903515012982 0.171433077095621 -0.145563490472944
      vertex -0.313542040606701 0.166571767230695 -0.169354608667033
      vertex -0.295785778898478 0.166554230346891 -0.160150728561612
   endloop
endfacet
facet normal -0.137300239767130 -0.954959185090381 0.263061967930379
   outer loop
      vertex -0.278029517188139 0.166536693357452 -0.150946838456749
      vertex -0.286907653042320 0.166545461752790 -0.155548783509172
      vertex -0.279321417830978 0.161656290375491 -0.169337805272082
   endloop
endfacet
facet normal -0.158700007399987 -0.957214963597081 0.241978968336267
   outer loop
      vertex -0.271070103336916 0.156759207944298 -0.182736149570294
      vertex -0.279455425506633 0.156772115356716 -0.188184538457734
      vertex -0.270281724287889 0.151868770689133 -0.201564579121787
   endloop
endfacet
facet normal 0.767160003207252 -0.000211509044461 0.641455754314336
   outer loop
      vertex 0.271001324076583 0.446542508249220 0.210264791310390
      vertex 0.260043636898991 0.442348810975846 0.223368442293126
      vertex 0.270985070389210 0.444542680106787 0.210283570777309
   endloop
endfacet
facet normal -0.627878015926462 0.000063430725070 -0.778311758290206
   outer loop
      vertex 0.197773669262860 0.427812744600841 0.228625865558046
      vertex 0.197752914011296 0.425812950228549 0.228642446211785
      vertex 0.185978754029187 0.421634623933544 0.238140531131818
   endloop
endfacet
facet normal -0.210015880582296 -0.954195958202150 0.213080743508002
   outer loop
      vertex -0.242529780633925 0.142019823965040 -0.220273484051971
      vertex -0.238992976514921 0.137109183729547 -0.238777868673869
      vertex -0.231829752977417 0.137090728908151 -0.231800320357798
   endloop
endfacet
facet normal 0.734800552340012 -0.000179197029882 0.678283212359880
   outer loop
      vertex 0.260043636898991 0.442348810975846 0.223368442293126
      vertex 0.248456412695669 0.438160735453202 0.235920055098599
      vertex 0.260026183364019 0.440348963207036 0.223386821784362
   endloop
endfacet
facet normal 0.664899504428509 -0.000184801947114 0.746932804781637
   outer loop
      vertex 0.236266571814593 0.433977523102422 0.247890614395991
      vertex 0.223501838695935 0.429798217564029 0.259252402667478
      vertex 0.236246714524694 0.431977840255551 0.247907796071300
   endloop
endfacet
facet normal -0.548771991262388 -0.000003563720259 -0.835972069864307
   outer loop
      vertex 0.173774801185821 0.419459016755188 0.247037229016561
      vertex 0.173752143962249 0.417459302550108 0.247052110824897
      vertex 0.161103692983963 0.413286826946310 0.255355175902659
   endloop
endfacet
facet normal -0.296527863097240 -0.955020188218975 0.002768844737178
   outer loop
      vertex -0.006661079227299 0.057351133864676 -0.328274988284400
      vertex -0.006791047389137 0.057362498518203 -0.338273998838527
      vertex 0.009397445803660 0.052336718586049 -0.338050802332525
   endloop
endfacet
facet normal -0.230663100032334 -0.953910404164073 0.191962171041608
   outer loop
      vertex -0.220577809611587 0.132153796502650 -0.242787206135640
      vertex -0.215246400608633 0.127229088326845 -0.260853114743536
      vertex -0.208801017458656 0.127209108204899 -0.253207583313537
   endloop
endfacet
facet normal -0.188858783590375 0.000084501079335 -0.982004252903383
   outer loop
      vertex 0.063471050105714 0.386125074746708 0.294958430876921
      vertex 0.048586499511717 0.379957717634750 0.297820492790431
      vertex 0.048612256670653 0.381957466746042 0.297815711258443
   endloop
endfacet
facet normal 0.548337338200749 -0.000585112086090 0.836257030570604
   outer loop
      vertex 0.196327750716706 0.417449642997755 0.280070273294376
      vertex 0.182053880630862 0.415279523870048 0.289428193024421
      vertex 0.182030423374837 0.413279803270881 0.289442174884317
   endloop
endfacet
facet normal -0.140704563463443 0.000081663092578 -0.990051624488189
   outer loop
      vertex 0.048612256670653 0.381957466746042 0.297815711258443
      vertex 0.033604126917654 0.375787771897511 0.299948133908655
      vertex 0.033629783974003 0.377787525283647 0.299944652515582
   endloop
endfacet
facet normal -0.297134672147169 -0.952207754397418 -0.070791094591202
   outer loop
      vertex 0.071146791380020 0.032201548191782 -0.319485032448545
      vertex 0.055796784378180 0.037236100633160 -0.322775284958381
      vertex 0.073454466122400 0.032204818528419 -0.329215129459792
   endloop
endfacet
facet normal -0.092181250123816 -0.000021357838534 -0.995742244092041
   outer loop
      vertex 0.033629783974003 0.377787525283647 0.299944652515582
      vertex 0.018535682611072 0.371615486244558 0.301342127577828
      vertex 0.018560939184262 0.373615260050219 0.301339746546642
   endloop
endfacet
facet normal 0.247457902497231 -0.968107883763281 -0.039137090937537
   outer loop
      vertex 0.035782144615473 0.375795096211890 0.319828459926071
      vertex 0.048586499511717 0.379957717634750 0.297820492790431
      vertex 0.051735823491091 0.379964306870581 0.317570198160651
   endloop
endfacet
facet normal 0.627513478941597 -0.000682691508039 0.778605399209971
   outer loop
      vertex 0.223460126244781 0.425798724818816 0.259285565031841
      vertex 0.210170978134119 0.423622307002230 0.269993985175845
      vertex 0.210149220923245 0.421622601178881 0.270009766932452
   endloop
endfacet
facet normal -0.123841901531989 -0.955110860335687 0.269121585707585
   outer loop
      vertex -0.284717866097438 0.171420378066075 -0.137240059293330
      vertex -0.293810695555281 0.171426727534282 -0.141401779882850
      vertex -0.286907653042320 0.166545461752790 -0.155548783509172
   endloop
endfacet
facet normal -0.304676340889502 -0.952380720775200 -0.011970380022974
   outer loop
      vertex 0.009035989181089 0.052326747086088 -0.328057473361698
      vertex -0.006661079227299 0.057351133864676 -0.328274988284400
      vertex 0.009397445803660 0.052336718586049 -0.338050802332525
   endloop
endfacet
facet normal -0.103763733518710 0.000560503215080 0.994601816528808
   outer loop
      vertex -0.030258549823120 0.361098447941712 0.340948470427507
      vertex -0.047248124775290 0.356913376423611 0.339178359059688
      vertex -0.030282005150032 0.359098629028723 0.340947150394365
   endloop
endfacet
facet normal -0.043493207622859 0.000000659160100 -0.999053722724780
   outer loop
      vertex 0.018560939184262 0.373615260050219 0.301339746546642
      vertex 0.003418375396082 0.367440787267314 0.301998964950853
      vertex 0.003443231727199 0.369440569382346 0.301997884164736
   endloop
endfacet
facet normal -0.260202743797899 0.963553504888383 -0.062122261206091
   outer loop
      vertex -0.076210584338801 0.350523684629072 0.313714871114328
      vertex -0.071582609607843 0.350519018748146 0.294257956223022
      vertex -0.086236977276807 0.346321409975298 0.290531208924300
   endloop
endfacet
facet normal 0.664900448858727 -0.000741397881781 0.746931618983053
   outer loop
      vertex 0.236226859243493 0.429978056377674 0.247925076684473
      vertex 0.223480983464123 0.427798421204092 0.259268983321383
      vertex 0.223460126244781 0.425798724818816 0.259285565031841
   endloop
endfacet
facet normal 0.249225271350482 -0.968070551283026 -0.026947576122114
   outer loop
      vertex 0.019737397021488 0.371623341341171 0.321305270473808
      vertex 0.033604126917654 0.375787771897511 0.299948133908655
      vertex 0.035782144615473 0.375795096211890 0.319828459926071
   endloop
endfacet
facet normal 0.005297285562167 -0.000004461267867 -0.999985969274454
   outer loop
      vertex 0.003443231727199 0.369440569382346 0.301997884164736
      vertex -0.011710782373233 0.363263421211359 0.301917635456598
      vertex -0.011686526464596 0.365263218714284 0.301917755027118
   endloop
endfacet
facet normal -0.146260761947234 -0.957358950847365 0.249141784426153
   outer loop
      vertex -0.279321417830978 0.161656290375491 -0.169337805272082
      vertex -0.287963532027421 0.161667285393038 -0.174368980719551
      vertex -0.279455425506633 0.156772115356716 -0.188184538457734
   endloop
endfacet
facet normal 0.700695200673941 -0.000791819903314 0.713460306375728
   outer loop
      vertex 0.248419001911718 0.434161201793533 0.235955716259730
      vertex 0.236246714524694 0.431977840255551 0.247907796071300
      vertex 0.236226859243493 0.429978056377674 0.247925076684473
   endloop
endfacet
facet normal 0.054054302258304 0.000025123235406 -0.998537997161946
   outer loop
      vertex -0.011686526464596 0.365263218714284 0.301917755027118
      vertex -0.026815277330257 0.359083078546529 0.301098628124061
      vertex -0.026791822003344 0.361082897459519 0.301099948157206
   endloop
endfacet
facet normal 0.734816694581526 -0.000861012500497 0.678265201836092
   outer loop
      vertex 0.260008627840104 0.438349214481585 0.223405102337901
      vertex 0.248437757304398 0.436160969089020 0.235937935676291
      vertex 0.248419001911718 0.434161201793533 0.235955716259730
   endloop
endfacet
facet normal -0.200113807949577 0.000510947768817 0.979772526048928
   outer loop
      vertex -0.064128086452790 0.352723626482945 0.336582528981423
      vertex -0.080859213199788 0.348528498971741 0.333167464867429
      vertex -0.064149940950261 0.350723781575731 0.336579108217596
   endloop
endfacet
facet normal -0.311282864107392 -0.949729227126448 0.033427139496198
   outer loop
      vertex -0.051953543358317 0.072385974268300 -0.314421808908256
      vertex -0.037992177964223 0.067388749691911 -0.326390419863820
      vertex -0.036881559202044 0.067374518940902 -0.316452350556314
   endloop
endfacet
facet normal -0.247602950299014 0.000391550538051 0.968861510068080
   outer loop
      vertex -0.080859213199788 0.348528498971741 0.333167464867429
      vertex -0.097402881909492 0.344327215927347 0.328941250775832
      vertex -0.080880067133882 0.346528635573407 0.333162943635064
   endloop
endfacet
facet normal 0.151030633859515 0.000040416094363 -0.988529082021633
   outer loop
      vertex -0.041836538635033 0.356899147040869 0.299546951205171
      vertex -0.056807213510157 0.350711601178902 0.297259430652404
      vertex -0.056785359012685 0.352711446086117 0.297262851416231
   endloop
endfacet
facet normal 0.797685080695284 -0.000820546691618 0.603073659463987
   outer loop
      vertex 0.281273642285110 0.446743177832364 0.196677878399391
      vertex 0.270985070389210 0.444542680106787 0.210283570777309
      vertex 0.270968814714304 0.442542951939017 0.210302351300781
   endloop
endfacet
facet normal 0.249457749364377 -0.967774157377911 0.034409469532872
   outer loop
      vertex -0.044565036706853 0.354906433827048 0.319360284786854
      vertex -0.060478627120954 0.350717685384761 0.316919269382256
      vertex -0.041859293736806 0.354899323668758 0.299544530915297
   endloop
endfacet
facet normal -0.303900002566466 -0.952327370454325 -0.026783724977189
   outer loop
      vertex 0.024703415856674 0.047299198810105 -0.327066542391444
      vertex 0.009035989181089 0.052326747086088 -0.328057473361698
      vertex 0.025555502522827 0.047307506676951 -0.337030091122830
   endloop
endfacet
facet normal 0.198999922271425 0.000101397048906 -0.979999500333855
   outer loop
      vertex -0.056785359012685 0.352711446086117 0.297262851416231
      vertex -0.071624217275866 0.346519282885317 0.294249013646887
      vertex -0.071603463343184 0.348519145352346 0.294253434885002
   endloop
endfacet
facet normal -0.302537796440110 -0.952585095743661 0.032442519818960
   outer loop
      vertex -0.053550784496170 0.072401530749021 -0.324293357497685
      vertex -0.039102696746156 0.067402982430567 -0.336328489171493
      vertex -0.037992177964223 0.067388749691911 -0.326390419863820
   endloop
endfacet
facet normal 0.246478146956206 0.000205171209779 -0.969148327645366
   outer loop
      vertex -0.071603463343184 0.348519145352346 0.294253434885002
      vertex -0.086276283792674 0.342321638867805 0.290520465388264
      vertex -0.086256630424780 0.344321518894648 0.290525887100663
   endloop
endfacet
facet normal -0.767469812249267 0.000217943102059 -0.641085048793746
   outer loop
      vertex 0.239801040461715 0.446561538840783 0.185236099319430
      vertex 0.239784784786810 0.444561810673014 0.185254879842903
      vertex 0.230094355796283 0.440367593732060 0.196854273139183
   endloop
endfacet
facet normal 0.247794424153081 -0.967692490838531 0.046574311947275
   outer loop
      vertex -0.060478627120954 0.350717685384761 0.316919269382256
      vertex -0.076252092225336 0.346523960751356 0.313705928643684
      vertex -0.056807213510157 0.350711601178902 0.297259430652404
   endloop
endfacet
facet normal 0.797728160966961 -0.000820916782806 0.603016672485849
   outer loop
      vertex 0.281288596165807 0.448742983304433 0.196658798951375
      vertex 0.271001324076583 0.446542508249220 0.210264791310390
      vertex 0.270985070389210 0.444542680106787 0.210283570777309
   endloop
endfacet
facet normal 0.938480505540941 -0.000459280031337 0.345331912486340
   outer loop
      vertex 0.328060526458177 0.476109990346954 0.105847919347113
      vertex 0.322161939227813 0.471861170444063 0.121872380243151
      vertex 0.322154087834867 0.469861310370860 0.121891057588599
   endloop
endfacet
facet normal 0.198912576981141 0.000141468413168 -0.980017227759497
   outer loop
      vertex -0.056763504494044 0.354711289936991 0.297266372174477
      vertex -0.071603463343184 0.348519145352346 0.294253434885002
      vertex -0.071582609607843 0.350519018748146 0.294257956223022
   endloop
endfacet
facet normal -0.330247165657380 0.000250178728128 -0.943894457545901
   outer loop
      vertex 0.106951286401147 0.398618859675458 0.282094386686708
      vertex 0.092648182267979 0.392455122960947 0.287097083255715
      vertex 0.092673939836276 0.394454851172090 0.287088601296318
   endloop
endfacet
facet normal 0.245565566148313 -0.967604663698021 0.058641005381039
   outer loop
      vertex -0.076252092225336 0.346523960751356 0.313705928643684
      vertex -0.091849409634407 0.342324492382887 0.309728147278676
      vertex -0.071624217275866 0.346519282885317 0.294249013646887
   endloop
endfacet
facet normal -0.280439190271118 -0.959734901074870 0.016210497182048
   outer loop
      vertex -0.022970866828721 0.062384720701772 -0.337699390231465
      vertex -0.024213058537772 0.062410538882367 -0.357660568745258
      vertex -0.007051187690702 0.057385425911977 -0.358272217822179
   endloop
endfacet
facet normal 0.920327174112351 0.000039894334875 0.391149448419420
   outer loop
      vertex 0.322161939227813 0.471861170444063 0.121872380243151
      vertex 0.315481328335569 0.467620836027705 0.137591479257528
      vertex 0.322154087834867 0.469861310370860 0.121891057588599
   endloop
endfacet
facet normal 0.877529355414304 -0.000753762666158 0.479522327142334
   outer loop
      vertex 0.308014092515268 0.459389297592765 0.153003766889093
      vertex 0.299831297621493 0.457165720980698 0.167974845967660
      vertex 0.299819045237261 0.455165867087709 0.167994124343477
   endloop
endfacet
facet normal 0.257250544656894 -0.963446635992069 0.074784603156645
   outer loop
      vertex -0.091849409634407 0.342324492382887 0.309728147278676
      vertex -0.100729990034347 0.338117843565582 0.286082270554897
      vertex -0.086276283792674 0.342321638867805 0.290520465388264
   endloop
endfacet
facet normal -0.161772447268544 -0.961597405886828 0.221720780028554
   outer loop
      vertex -0.270281724287889 0.151868770689133 -0.201564579121787
      vertex -0.286498449136402 0.151898036709938 -0.213269738806880
      vertex -0.276088038491635 0.146989377918829 -0.226962798845946
   endloop
endfacet
facet normal -0.479564119278065 0.000461308419817 0.877506719458943
   outer loop
      vertex -0.161381029365694 0.323552192945813 0.303657426176001
      vertex -0.176518660949455 0.320695914947364 0.295386096541275
      vertex -0.176535813437535 0.318696015270907 0.295377773930042
   endloop
endfacet
facet normal -0.123647256429945 -0.955255772808277 0.268696416972404
   outer loop
      vertex -0.300014025771781 0.176300269340755 -0.126930227837347
      vertex -0.302903515012982 0.171433077095621 -0.145563490472944
      vertex -0.293810695555281 0.171426727534282 -0.141401779882850
   endloop
endfacet
facet normal 0.257021374848906 -0.963512955562041 0.074718119187240
   outer loop
      vertex -0.091849409634407 0.342324492382887 0.309728147278676
      vertex -0.086276283792674 0.342321638867805 0.290520465388264
      vertex -0.071624217275866 0.346519282885317 0.294249013646887
   endloop
endfacet
facet normal 0.150936825919921 0.000090892433172 -0.988543406391336
   outer loop
      vertex -0.041813783732012 0.358898980410446 0.299549371600699
      vertex -0.056785359012685 0.352711446086117 0.297262851416231
      vertex -0.056763504494044 0.354711289936991 0.297266372174477
   endloop
endfacet
facet normal 0.900014665356673 -0.000659317347975 0.435859114214158
   outer loop
      vertex 0.315462626290509 0.463621048857541 0.137629533914335
      vertex 0.308024845217004 0.461389120614731 0.152984588510184
      vertex 0.308014092515268 0.459389297592765 0.153003766889093
   endloop
endfacet
facet normal 0.089529907553654 -0.970396532701573 -0.224309975199945
   outer loop
      vertex 0.322146138449209 0.467861348335347 0.121909733877662
      vertex 0.303577177649596 0.467865375955661 0.114480792159580
      vertex 0.328047626903693 0.472110135412366 0.105884371970491
   endloop
endfacet
facet normal 0.102585780203340 0.000036651269225 -0.994724160939482
   outer loop
      vertex -0.026768266518600 0.363082709419029 0.301101168090111
      vertex -0.041836538635033 0.356899147040869 0.299546951205171
      vertex -0.041813783732012 0.358898980410446 0.299549371600699
   endloop
endfacet
facet normal 0.089330957528855 -0.970529663152231 -0.223812763194138
   outer loop
      vertex 0.315462626290509 0.463621048857541 0.137629533914335
      vertex 0.303577177649596 0.467865375955661 0.114480792159580
      vertex 0.322146138449209 0.467861348335347 0.121909733877662
   endloop
endfacet
facet normal 0.257411811781391 0.000376954692289 -0.966301721544871
   outer loop
      vertex 0.094683855626442 0.029170048753000 -0.344250619752956
      vertex 0.094665303170257 0.027170133774485 -0.344256342084368
      vertex 0.078069817615858 0.032211258170686 -0.348675224544422
   endloop
endfacet
facet normal -0.276835731999302 -0.959513899061045 -0.051913919107331
   outer loop
      vertex 0.057623229889041 0.037241081179398 -0.332607067720424
      vertex 0.061276120931929 0.037251041215532 -0.352270533250092
      vertex 0.078069817615858 0.032211258170686 -0.348675224544422
   endloop
endfacet
facet normal 0.053987007400296 -0.000026770681020 -0.998541637747416
   outer loop
      vertex -0.011662270577126 0.367263017273549 0.301917774603218
      vertex -0.026791822003344 0.361082897459519 0.301099948157206
      vertex -0.026768266518600 0.363082709419029 0.301101168090111
   endloop
endfacet
facet normal 0.664952498326725 -0.000742021617570 0.746885281936233
   outer loop
      vertex 0.236246714524694 0.431977840255551 0.247907796071300
      vertex 0.223501838695935 0.429798217564029 0.259252402667478
      vertex 0.223480983464123 0.427798421204092 0.259268983321383
   endloop
endfacet
facet normal 0.700643836344169 -0.000227129286618 0.713511151283015
   outer loop
      vertex 0.248437757304398 0.436160969089020 0.235937935676291
      vertex 0.236246714524694 0.431977840255551 0.247907796071300
      vertex 0.248419001911718 0.434161201793533 0.235955716259730
   endloop
endfacet
facet normal -0.938552344948398 -0.000118563906515 -0.345136902887049
   outer loop
      vertex 0.290235365287115 0.476113360182715 0.092838035031049
      vertex 0.290222465732632 0.472113505248128 0.092874487654429
      vertex 0.285016166214474 0.469869366667828 0.107033074158019
   endloop
endfacet
facet normal -0.224566985781106 -0.956383424740389 0.186816524373606
   outer loop
      vertex -0.208801017458656 0.127209108204899 -0.253207583313537
      vertex -0.215246400608633 0.127229088326845 -0.260853114743536
      vertex -0.202590196449729 0.122277467211299 -0.270988635396520
   endloop
endfacet
facet normal -0.113182746180369 -0.952655264537120 0.282201369445258
   outer loop
      vertex -0.296046460157410 0.181165226796699 -0.108915831542839
      vertex -0.300014025771781 0.176300269340755 -0.126930227837347
      vertex -0.290728330447563 0.176296510286047 -0.123218695835250
   endloop
endfacet
facet normal 0.110348054723695 -0.970761469748323 -0.213179444766074
   outer loop
      vertex 0.299819045237261 0.455165867087709 0.167994124343477
      vertex 0.290266524372707 0.459396677966051 0.143783486740680
      vertex 0.308014092515268 0.459389297592765 0.153003766889093
   endloop
endfacet
facet normal 0.627566310425808 -0.000676039641545 0.778562822763161
   outer loop
      vertex 0.223480983464123 0.427798421204092 0.259268983321383
      vertex 0.210192835304070 0.425622015869564 0.269978103424655
      vertex 0.210170978134119 0.423622307002230 0.269993985175845
   endloop
endfacet
facet normal -0.767424810356174 0.000248702804546 -0.641138907411417
   outer loop
      vertex 0.239784784786810 0.444561810673014 0.185254879842903
      vertex 0.239768531078269 0.442561983586921 0.185273559315403
      vertex 0.230076802281070 0.438367743975602 0.196872652630586
   endloop
endfacet
facet normal -0.968378764536391 0.000361177160285 -0.249484344090029
   outer loop
      vertex -0.343272426071320 0.191153402529491 -0.088801063441064
      vertex -0.338977122612495 0.188165013609460 -0.105477701046385
      vertex -0.338977593703217 0.186165008793544 -0.105478767894122
   endloop
endfacet
facet normal -0.330015694357635 -0.000352635168974 -0.943975379512668
   outer loop
      vertex 0.106951286401147 0.398618859675458 0.282094386686708
      vertex 0.106925728848584 0.396619132760971 0.282104068684451
      vertex 0.092648182267979 0.392455122960947 0.287097083255715
   endloop
endfacet
facet normal -0.296327394190559 -0.955015246618091 -0.011659939074478
   outer loop
      vertex 0.009397445803660 0.052336718586049 -0.338050802332525
      vertex -0.006791047389137 0.057362498518203 -0.338273998838527
      vertex 0.010120263001295 0.052356461761681 -0.358037662375959
   endloop
endfacet
facet normal -0.303985138384384 -0.952512373987804 0.017697825898826
   outer loop
      vertex -0.037992177964223 0.067388749691911 -0.326390419863820
      vertex -0.022970866828721 0.062384720701772 -0.337699390231465
      vertex -0.022349672981483 0.062371913573783 -0.327718799918181
   endloop
endfacet
facet normal -0.283518792814659 -0.000415636989113 -0.958966590328783
   outer loop
      vertex 0.092673939836276 0.394454851172090 0.287088601296318
      vertex 0.092648182267979 0.392455122960947 0.287097083255715
      vertex 0.078143495175450 0.388290835053273 0.291387203733536
   endloop
endfacet
facet normal 0.548393115090115 -0.000586022101638 0.836220454126695
   outer loop
      vertex 0.196350507920524 0.419449359190480 0.280055391485875
      vertex 0.182077337886887 0.417279244469214 0.289414211164521
      vertex 0.182053880630862 0.415279523870048 0.289428193024421
   endloop
endfacet
facet normal 0.130244905062542 -0.970969172385756 -0.200636813625442
   outer loop
      vertex 0.281273642285110 0.446743177832364 0.196677878399391
      vertex 0.274143679842255 0.450959841414965 0.171643132583134
      vertex 0.290898190486765 0.450950656690462 0.182563898782618
   endloop
endfacet
facet normal -0.479531562374739 0.000441153335135 0.877524521634682
   outer loop
      vertex -0.161363476842550 0.325552094800754 0.303665348703241
      vertex -0.176501408261212 0.322695805557658 0.295394519041106
      vertex -0.176518660949455 0.320695914947364 0.295386096541275
   endloop
endfacet
facet normal -0.277092122321652 -0.959866009895609 0.043326652240466
   outer loop
      vertex -0.055148023625324 0.072416986198737 -0.334164807149249
      vertex -0.058342503892330 0.072447998129174 -0.353907805390242
      vertex -0.041323934249347 0.067431442876244 -0.356204527792089
   endloop
endfacet
facet normal 0.139721939075144 -0.971063026630066 -0.193686287726152
   outer loop
      vertex 0.270968814714304 0.442542951939017 0.210302351300781
      vertex 0.265076833416851 0.446752717490023 0.184945952626956
      vertex 0.281273642285110 0.446743177832364 0.196677878399391
   endloop
endfacet
facet normal -0.522057416652611 0.000911680231943 0.852909856055819
   outer loop
      vertex -0.176501408261212 0.322695805557658 0.295394519041106
      vertex -0.191231896446336 0.317838959823000 0.286383329097478
      vertex -0.176518660949455 0.320695914947364 0.295386096541275
   endloop
endfacet
facet normal -0.678369744137079 0.001527979046560 0.734719099737735
   outer loop
      vertex -0.232523050713393 0.303261166391990 0.255184236215790
      vertex -0.245210138634601 0.298398230687705 0.243480299124508
      vertex -0.232538302762724 0.301261263396959 0.255174313077908
   endloop
endfacet
facet normal -0.188629566096446 -0.000489091491992 -0.982048190051679
   outer loop
      vertex 0.063471050105714 0.386125074746708 0.294958430876921
      vertex 0.063445092644025 0.384125338976421 0.294964412659227
      vertex 0.048586499511717 0.379957717634750 0.297820492790431
   endloop
endfacet
facet normal -0.313477426353404 -0.949516337375220 -0.012273069069898
   outer loop
      vertex 0.008674630572394 0.052316876492094 -0.318064043340065
      vertex -0.006531009076515 0.057339670167789 -0.318275878792575
      vertex 0.009035989181089 0.052326747086088 -0.328057473361698
   endloop
endfacet
facet normal -0.927144743818613 0.002234828862585 0.374696716758333
   outer loop
      vertex -0.323266470966293 0.257364480529771 0.130655066681262
      vertex -0.329741868713632 0.252462496833857 0.114661662888515
      vertex -0.323275464315350 0.255364554165594 0.130644741949359
   endloop
endfacet
facet normal -0.300342434442898 -0.952667591371367 0.047105014845476
   outer loop
      vertex -0.068988177132943 0.077409850201637 -0.321432525286831
      vertex -0.055148023625324 0.072416986198737 -0.334164807149249
      vertex -0.053550784496170 0.072401530749021 -0.324293357497685
   endloop
endfacet
facet normal -0.297645982706865 -0.952681706576939 0.061680101589706
   outer loop
      vertex -0.066908119915024 0.077393244901044 -0.311651395018597
      vertex -0.068988177132943 0.077409850201637 -0.321432525286831
      vertex -0.053550784496170 0.072401530749021 -0.324293357497685
   endloop
endfacet
facet normal -0.183510920632576 -0.961332241281263 0.205338900069442
   outer loop
      vertex -0.250026379077848 0.142037254599376 -0.226891562558725
      vertex -0.265019565969785 0.142072116172451 -0.240127729571690
      vertex -0.253319415577321 0.137146193440130 -0.252732954250033
   endloop
endfacet
facet normal -0.589027810392166 0.000060374545095 -0.808112761277487
   outer loop
      vertex 0.186000609232773 0.423634431719201 0.238124750431600
      vertex 0.185978754029187 0.421634623933544 0.238140531131818
      vertex 0.173752143962249 0.417459302550108 0.247052110824897
   endloop
endfacet
facet normal -0.309040942466638 -0.949810921522841 0.048506795763727
   outer loop
      vertex -0.066908119915024 0.077393244901044 -0.311651395018597
      vertex -0.053550784496170 0.072401530749021 -0.324293357497685
      vertex -0.051953543358317 0.072385974268300 -0.314421808908256
   endloop
endfacet
facet normal -0.187647298739783 -0.954363046825762 0.232335245128911
   outer loop
      vertex -0.244840459982127 0.146924783530616 -0.201991628385778
      vertex -0.252652355604276 0.146940982165178 -0.208234425222278
      vertex -0.242529780633925 0.142019823965040 -0.220273484051971
   endloop
endfacet
facet normal 0.464013710776681 -0.000436968411641 0.885827909511696
   outer loop
      vertex 0.167316710265266 0.411112448761672 0.298089677264233
      vertex 0.152199970517560 0.408947398778527 0.306007048540774
      vertex 0.152175213095027 0.406947673466806 0.306019030514464
   endloop
endfacet
facet normal -0.120193203233635 -0.957790461632912 0.261134114013185
   outer loop
      vertex -0.309299721098115 0.176304028501096 -0.130641769838886
      vertex -0.321089175916201 0.171445876006700 -0.153886930595430
      vertex -0.302903515012982 0.171433077095621 -0.145563490472944
   endloop
endfacet
facet normal -0.988111475744405 0.000839137473898 -0.153736811956389
   outer loop
      vertex -0.349389887539171 0.201106846670953 -0.054911534586006
      vertex -0.346744732274314 0.198133934921624 -0.071928948442150
      vertex -0.346745959829300 0.196133945780875 -0.071931975073577
   endloop
endfacet
facet normal 0.063221085850539 0.001065180005300 -0.997998977802801
   outer loop
      vertex 0.027278427742645 0.049324067772994 -0.356953966114981
      vertex 0.027259675833966 0.047324123466983 -0.356957288580022
      vertex 0.010120263001295 0.052356461761681 -0.358037662375959
   endloop
endfacet
facet normal -0.204475544162169 -0.956650718950625 0.207386484060165
   outer loop
      vertex -0.231829752977417 0.137090728908151 -0.231800320357798
      vertex -0.238992976514921 0.137109183729547 -0.238777868673869
      vertex -0.227390352158760 0.132173142829411 -0.250107508392664
   endloop
endfacet
facet normal -0.140446627283083 -0.000558385940870 -0.990088093600740
   outer loop
      vertex 0.048612256670653 0.381957466746042 0.297815711258443
      vertex 0.048586499511717 0.379957717634750 0.297820492790431
      vertex 0.033604126917654 0.375787771897511 0.299948133908655
   endloop
endfacet
facet normal 0.588619468941962 -0.000013294652450 0.808410242763991
   outer loop
      vertex 0.210192835304070 0.425622015869564 0.269978103424655
      vertex 0.196373165122928 0.421449074451902 0.280040409683121
      vertex 0.210170978134119 0.423622307002230 0.269993985175845
   endloop
endfacet
facet normal -0.210289999003402 -0.954075735170044 0.213348559589442
   outer loop
      vertex -0.224666547450546 0.137072173820197 -0.224822783097689
      vertex -0.231829752977417 0.137090728908151 -0.231800320357798
      vertex -0.220577809611587 0.132153796502650 -0.242787206135640
   endloop
endfacet
facet normal -0.227037468266510 -0.951247703393582 0.208762532058723
   outer loop
      vertex -0.224666547450546 0.137072173820197 -0.224822783097689
      vertex -0.220577809611587 0.132153796502650 -0.242787206135640
      vertex -0.213765265076882 0.132134350201226 -0.235466904935170
   endloop
endfacet
facet normal -0.284377171949269 -0.953048528168873 0.104058286692033
   outer loop
      vertex -0.128792916905950 0.097396129735211 -0.302517687522041
      vertex -0.117698566923747 0.092426256802524 -0.317716382997484
      vertex -0.114205378162384 0.092406982358084 -0.308346502989540
   endloop
endfacet
facet normal -0.113183084415056 -0.952655206896245 0.282201428373012
   outer loop
      vertex -0.296046460157410 0.181165226796699 -0.108915831542839
      vertex -0.309299721098115 0.176304028501096 -0.130641769838886
      vertex -0.300014025771781 0.176300269340755 -0.126930227837347
   endloop
endfacet
facet normal 0.170761385099677 0.957077604170909 -0.234185842768756
   outer loop
      vertex -0.270270295907928 0.155868672651408 -0.201570390226684
      vertex -0.260450961322906 0.150957024574473 -0.214483490197864
      vertex -0.286487030754254 0.155897938462886 -0.213275548911816
   endloop
endfacet
facet normal -0.107021899628819 -0.957796287574721 0.266781904386189
   outer loop
      vertex -0.300014025771781 0.176300269340755 -0.126930227837347
      vertex -0.309299721098115 0.176304028501096 -0.130641769838886
      vertex -0.302903515012982 0.171433077095621 -0.145563490472944
   endloop
endfacet
facet normal -0.297821226505205 -0.950099642501896 0.092807253815126
   outer loop
      vertex -0.110712287393731 0.092387605951332 -0.298976624037984
      vertex -0.099351784680436 0.087412754941385 -0.313449687931646
      vertex -0.096322700919230 0.087394163679897 -0.303919593529564
   endloop
endfacet
facet normal 0.588632512961862 -0.000682681515097 0.808400456846823
   outer loop
      vertex 0.210149220923245 0.421622601178881 0.270009766932452
      vertex 0.196350507920524 0.419449359190480 0.280055391485875
      vertex 0.196327750716706 0.417449642997755 0.280070273294376
   endloop
endfacet
facet normal -0.545002298166821 0.001924905501761 -0.838432340580737
   outer loop
      vertex -0.186360348968822 0.114393773814313 -0.306351763296812
      vertex -0.200782937691371 0.117359847245754 -0.296969905000503
      vertex -0.200770987802665 0.119359825028760 -0.296973081104812
   endloop
endfacet
facet normal -0.585544720685413 0.001920375914321 -0.810637830497559
   outer loop
      vertex -0.200770987802665 0.119359825028760 -0.296973081104812
      vertex -0.214715632380118 0.122318423981764 -0.286893493983499
      vertex -0.214704482363000 0.124318387342486 -0.286896810078666
   endloop
endfacet
facet normal -0.276577338354874 -0.955654809374752 0.101137832819576
   outer loop
      vertex -0.132741709571773 0.097416118610214 -0.311704853349281
      vertex -0.124684846474929 0.092464908710057 -0.336456241951402
      vertex -0.117698566923747 0.092426256802524 -0.317716382997484
   endloop
endfacet
facet normal -0.302293491237924 -0.949998654659009 0.078238106452423
   outer loop
      vertex -0.096322700919230 0.087394163679897 -0.303919593529564
      vertex -0.084267348807844 0.082413719737869 -0.317815131343222
      vertex -0.081709675481628 0.082396010550850 -0.308147920188962
   endloop
endfacet
facet normal -0.286717161705017 -0.950320555942426 0.121178010121875
   outer loop
      vertex -0.138684507007896 0.102359878385682 -0.286994543212253
      vertex -0.128792916905950 0.097396129735211 -0.302517687522041
      vertex -0.124844126223429 0.097376240623604 -0.293330500639363
   endloop
endfacet
facet normal -0.257219747437784 0.963455591212466 -0.074775164924464
   outer loop
      vertex -0.091810102919786 0.346324253492914 0.309738890709056
      vertex -0.086236977276807 0.346321409975298 0.290531208924300
      vertex -0.100693084849635 0.342117657927563 0.286094815156655
   endloop
endfacet
facet normal -0.278890317949190 -0.953069501205192 0.117807964190397
   outer loop
      vertex -0.124844126223429 0.097376240623604 -0.293330500639363
      vertex -0.128792916905950 0.097396129735211 -0.302517687522041
      vertex -0.114205378162384 0.092406982358084 -0.308346502989540
   endloop
endfacet
facet normal -0.239145519952704 0.967491002938944 -0.082283531272958
   outer loop
      vertex -0.113703015321018 0.342118818218334 0.323919992441340
      vertex -0.091810102919786 0.346324253492914 0.309738890709056
      vertex -0.100693084849635 0.342117657927563 0.286094815156655
   endloop
endfacet
facet normal -0.271242460987741 -0.955675734248427 0.114505101746798
   outer loop
      vertex -0.128792916905950 0.097396129735211 -0.302517687522041
      vertex -0.132741709571773 0.097416118610214 -0.311704853349281
      vertex -0.117698566923747 0.092426256802524 -0.317716382997484
   endloop
endfacet
facet normal -0.979404993447763 0.000906685453946 -0.201903533230786
   outer loop
      vertex -0.346744732274314 0.198133934921624 -0.071928948442150
      vertex -0.343271608824588 0.193153403025436 -0.088798936653067
      vertex -0.346745959829300 0.196133945780875 -0.071931975073577
   endloop
endfacet
facet normal -0.994439434443367 0.001357236121849 -0.105301325414577
   outer loop
      vertex -0.351195584457015 0.208072306091304 -0.037775016813707
      vertex -0.349388199664642 0.203106824393984 -0.054907508116815
      vertex -0.351197792419313 0.206072327539593 -0.037779943231800
   endloop
endfacet
facet normal -0.294023928731756 -0.952768107276266 0.076045138505664
   outer loop
      vertex -0.081709675481628 0.082396010550850 -0.308147920188962
      vertex -0.084267348807844 0.082413719737869 -0.317815131343222
      vertex -0.068988177132943 0.077409850201637 -0.321432525286831
   endloop
endfacet
facet normal -0.603096511203954 0.000952021294684 0.797667657504724
   outer loop
      vertex -0.205517927609598 0.310981233519306 0.276652568774899
      vertex -0.219276331446116 0.308121997057579 0.266253597196322
      vertex -0.219292083669760 0.306122097894394 0.266244074227124
   endloop
endfacet
facet normal -0.276814715077339 -0.955575923946254 0.101233725066872
   outer loop
      vertex -0.114205378162384 0.092406982358084 -0.308346502989540
      vertex -0.117698566923747 0.092426256802524 -0.317716382997484
      vertex -0.102380768440230 0.087431347134177 -0.322979682339474
   endloop
endfacet
facet normal -0.994448939327097 0.001055860784829 -0.105214981011330
   outer loop
      vertex -0.351195584457015 0.208072306091304 -0.037775016813707
      vertex -0.349386502189596 0.205106822310714 -0.054903481436331
      vertex -0.349388199664642 0.203106824393984 -0.054907508116815
   endloop
endfacet
facet normal 0.102670000959582 0.000035619877125 -0.994715471697402
   outer loop
      vertex -0.026791822003344 0.361082897459519 0.301099948157206
      vertex -0.041859293736806 0.354899323668758 0.299544530915297
      vertex -0.041836538635033 0.356899147040869 0.299546951205171
   endloop
endfacet
facet normal -0.130493590034247 0.970858882264383 0.201008591080897
   outer loop
      vertex 0.290925496731938 0.454950318043165 0.182525540958620
      vertex 0.299843550026893 0.459165573817346 0.167955667586260
      vertex 0.274170888073553 0.454959401861701 0.171604673708329
   endloop
endfacet
facet normal 0.158687777231393 0.957221712414477 -0.241960291452248
   outer loop
      vertex -0.279445888611073 0.160772073251781 -0.188189735537155
      vertex -0.270270295907928 0.155868672651408 -0.201570390226684
      vertex -0.296216532949025 0.160797888002674 -0.199086506312425
   endloop
endfacet
facet normal 0.214767133107190 0.956520377407885 -0.197341952307144
   outer loop
      vertex -0.227371651466238 0.136173000636475 -0.250114390563068
      vertex -0.215225900259012 0.131228981277721 -0.260859936920276
      vertex -0.240996716564536 0.136211693687526 -0.264754995077149
   endloop
endfacet
facet normal 0.767169925391654 -0.000871174862626 0.641443330800877
   outer loop
      vertex 0.270968814714304 0.442542951939017 0.210302351300781
      vertex 0.260026183364019 0.440348963207036 0.223386821784362
      vertex 0.260008627840104 0.438349214481585 0.223405102337901
   endloop
endfacet
facet normal -0.747052556458756 0.001798790404933 0.664762545757142
   outer loop
      vertex -0.257307480695539 0.293532761409105 0.231170176606168
      vertex -0.268786322076668 0.288664301253106 0.218283559400945
      vertex -0.257321482456371 0.291532856292914 0.231159853158894
   endloop
endfacet
facet normal -0.250402900738552 0.968030225723745 0.014692494238719
   outer loop
      vertex 0.020989624819373 0.375630731938952 0.341263851190596
      vertex 0.019787910387790 0.375622877898683 0.321300608300198
      vertex 0.003690804106140 0.371448458826156 0.321994958112846
   endloop
endfacet
facet normal -0.242216028281110 0.968160752214469 0.063215136757257
   outer loop
      vertex 0.088330294808171 0.392299449078898 0.330065551117576
      vertex 0.083262852476463 0.392294876572617 0.310719095557330
      vertex 0.067610340126671 0.388130472534232 0.314523930675593
   endloop
endfacet
facet normal -0.249434926046460 0.967780133411944 -0.034406845850169
   outer loop
      vertex -0.047225369872270 0.358913209793189 0.339180779455216
      vertex -0.044519626703470 0.358906089637432 0.319365025478004
      vertex -0.060434918324763 0.354717385196657 0.316926111015567
   endloop
endfacet
facet normal -0.234758749142846 0.968177951613565 0.086716686457957
   outer loop
      vertex 0.120851565096438 0.400622720289779 0.319599305511271
      vertex 0.113914205220711 0.400620618448731 0.300842004730326
      vertex 0.098709249568432 0.396457936212686 0.306154947482516
   endloop
endfacet
facet normal 0.826301185429996 -0.000805243977050 0.563227931249082
   outer loop
      vertex 0.290898190486765 0.450950656690462 0.182563898782618
      vertex 0.281288596165807 0.448742983304433 0.196658798951375
      vertex 0.281273642285110 0.446743177832364 0.196677878399391
   endloop
endfacet
facet normal -0.137977008218313 0.967371695456958 0.212495524733707
   outer loop
      vertex 0.274170888073553 0.454959401861701 0.171604673708329
      vertex 0.282571653162697 0.459174023870888 0.157872649899123
      vertex 0.257416277427631 0.454968585654900 0.160683807514594
   endloop
endfacet
facet normal -0.206974913550327 0.968016149159023 0.141796051172698
   outer loop
      vertex 0.185085310761810 0.421453953221588 0.263531328976742
      vertex 0.198107600873859 0.425628076706056 0.254043536049825
      vertex 0.173797558389637 0.421458732947915 0.247022347208060
   endloop
endfacet
facet normal 0.852941058051776 -0.000817270702164 0.522006593404831
   outer loop
      vertex 0.299819045237261 0.455165867087709 0.167994124343477
      vertex 0.290911844603119 0.452950437379483 0.182544719342342
      vertex 0.290898190486765 0.450950656690462 0.182563898782618
   endloop
endfacet
facet normal -0.229526944919868 0.971011318456181 -0.066741298951553
   outer loop
      vertex -0.080838459267105 0.350528361438769 0.333171886105542
      vertex -0.091810102919786 0.346324253492914 0.309738890709056
      vertex -0.097383228740352 0.346327105951655 0.328946672593886
   endloop
endfacet
facet normal -0.251062596542056 0.967920269877422 -0.009895644394349
   outer loop
      vertex -0.013175125057979 0.367279214908318 0.341888096941813
      vertex -0.012418647728054 0.367271112086023 0.321902935719605
      vertex -0.028501630329111 0.363090479661393 0.321025429172434
   endloop
endfacet
facet normal -0.116904084406304 0.967134226657698 0.225798190152934
   outer loop
      vertex 0.290288129756420 0.463396325997628 0.143745129982696
      vertex 0.297301107108545 0.467626660841020 0.129256723681747
      vertex 0.272540561635027 0.463403705314572 0.134524949828701
   endloop
endfacet
facet normal -0.283755654932225 0.000191526857590 -0.958896601105378
   outer loop
      vertex 0.092673939836276 0.394454851172090 0.287088601296318
      vertex 0.078143495175450 0.388290835053273 0.291387203733536
      vertex 0.078169452759480 0.390290564561072 0.291379921812482
   endloop
endfacet
facet normal -0.123736936820295 0.963116490170112 0.238947267882969
   outer loop
      vertex 0.265299756319669 0.459182472868089 0.147789732206404
      vertex 0.290288129756420 0.463396325997628 0.143745129982696
      vertex 0.272540561635027 0.463403705314572 0.134524949828701
   endloop
endfacet
facet normal -0.105911274946340 0.967003597671122 0.231704216470803
   outer loop
      vertex 0.297301107108545 0.467626660841020 0.129256723681747
      vertex 0.303592978428201 0.471865198064377 0.114443438525070
      vertex 0.279120883872822 0.467632586685341 0.120921869168103
   endloop
endfacet
facet normal 0.463955735387958 -0.000480370527361 0.885858253246407
   outer loop
      vertex 0.167292652916109 0.409112726800050 0.298102659180944
      vertex 0.152175213095027 0.406947673466806 0.306019030514464
      vertex 0.152150455651329 0.404947949211428 0.306030912493735
   endloop
endfacet
facet normal -0.219678495110496 0.968095729624616 0.120548816122644
   outer loop
      vertex 0.157726897353886 0.413114277352886 0.280539973674539
      vertex 0.171613972691450 0.417282756306930 0.272370711673692
      vertex 0.148112927134271 0.413116380938489 0.263003351996141
   endloop
endfacet
facet normal -0.245539000285965 0.967611809658624 -0.058634334205590
   outer loop
      vertex -0.080838459267105 0.350528361438769 0.333171886105542
      vertex -0.076210584338801 0.350523684629072 0.313714871114328
      vertex -0.091810102919786 0.346324253492914 0.309738890709056
   endloop
endfacet
facet normal -0.175838430954326 0.967759434811344 0.180340019222439
   outer loop
      vertex 0.234160789579785 0.438169575666715 0.221934193715786
      vertex 0.245077775092779 0.442358027257516 0.210102166913898
      vertex 0.219865068492358 0.438178312861574 0.207948431271005
   endloop
endfacet
facet normal -0.166271379982718 0.971215952392035 0.170567880967886
   outer loop
      vertex 0.248456412695669 0.438160735453202 0.235920055098599
      vertex 0.260043636898991 0.442348810975846 0.223368442293126
      vertex 0.234160789579785 0.438169575666715 0.221934193715786
   endloop
endfacet
facet normal -0.289674961327160 -0.952864156197144 0.090212618933347
   outer loop
      vertex -0.096322700919230 0.087394163679897 -0.303919593529564
      vertex -0.099351784680436 0.087412754941385 -0.313449687931646
      vertex -0.084267348807844 0.082413719737869 -0.317815131343222
   endloop
endfacet
facet normal 0.767208411018658 -0.000801031529332 0.641397390399053
   outer loop
      vertex 0.270985070389210 0.444542680106787 0.210283570777309
      vertex 0.260043636898991 0.442348810975846 0.223368442293126
      vertex 0.260026183364019 0.440348963207036 0.223386821784362
   endloop
endfacet
facet normal -0.157678211592018 0.967581291803675 0.197291726488147
   outer loop
      vertex 0.255401231254922 0.446552075054327 0.197750395845895
      vertex 0.265106741178245 0.450752328434160 0.184907793730925
      vertex 0.239801040461715 0.446561538840783 0.185236099319430
   endloop
endfacet
facet normal -0.188998233817318 0.971404531717727 0.143711180400824
   outer loop
      vertex 0.210192835304070 0.425622015869564 0.269978103424655
      vertex 0.223501838695935 0.429798217564029 0.259252402667478
      vertex 0.198107600873859 0.425628076706056 0.254043536049825
   endloop
endfacet
facet normal -0.149104674723936 0.971052907559485 0.186612021841412
   outer loop
      vertex 0.271001324076583 0.446542508249220 0.210264791310390
      vertex 0.281303550067672 0.450742787720159 0.196639819497778
      vertex 0.255401231254922 0.446552075054327 0.197750395845895
   endloop
endfacet
facet normal 0.734853573388601 -0.000791052514640 0.678225331224014
   outer loop
      vertex 0.260026183364019 0.440348963207036 0.223386821784362
      vertex 0.248456412695669 0.438160735453202 0.235920055098599
      vertex 0.248437757304398 0.436160969089020 0.235937935676291
   endloop
endfacet
facet normal -0.225129044034999 0.968161977590355 0.109449982550118
   outer loop
      vertex 0.152199970517560 0.408947398778527 0.306007048540774
      vertex 0.143458199765242 0.408948098349890 0.288019802264745
      vertex 0.128842295199878 0.404783791406190 0.294792384645551
   endloop
endfacet
facet normal -0.249379139000456 -0.953536566294482 0.169050471075121
   outer loop
      vertex -0.178121658923957 0.117276976302090 -0.264008947220331
      vertex -0.183787004605168 0.117297743554835 -0.272249188636916
      vertex -0.170610503834116 0.112331470238342 -0.280824017082802
   endloop
endfacet
facet normal -0.100134301318623 0.962843744601677 0.250808782104717
   outer loop
      vertex 0.279120883872822 0.467632586685341 0.120921869168103
      vertex 0.303592978428201 0.471865198064377 0.114443438525070
      vertex 0.285024017607419 0.471869226741032 0.107014396812569
   endloop
endfacet
facet normal -0.294435656090585 0.000302575673876 0.955671257740060
   outer loop
      vertex -0.097383228740352 0.346327105951655 0.328946672593886
      vertex -0.113703015321018 0.342118818218334 0.323919992441340
      vertex -0.097402881909492 0.344327215927347 0.328941250775832
   endloop
endfacet
facet normal -0.225842774818942 0.971574413274374 0.070980282703283
   outer loop
      vertex 0.104718801554706 0.396461301983266 0.325229875728187
      vertex 0.120851565096438 0.400622720289779 0.319599305511271
      vertex 0.098709249568432 0.396457936212686 0.306154947482516
   endloop
endfacet
facet normal -0.853280650802714 0.000756171248313 -0.521451396748287
   outer loop
      vertex 0.265299756319669 0.459182472868089 0.147789732206404
      vertex 0.257402723312688 0.452968805897182 0.160703086949123
      vertex 0.257416277427631 0.454968585654900 0.160683807514594
   endloop
endfacet
facet normal -0.900287271160001 0.000666185833102 -0.435295744963944
   outer loop
      vertex 0.279120883872822 0.467632586685341 0.120921869168103
      vertex 0.272529808933295 0.461403882292606 0.134544128207609
      vertex 0.272540561635027 0.463403705314572 0.134524949828701
   endloop
endfacet
facet normal -0.920575972137879 0.000599016209064 -0.390563081591156
   outer loop
      vertex 0.285024017607419 0.471869226741032 0.107014396812569
      vertex 0.279111530852176 0.465632793603093 0.120940847555851
      vertex 0.279120883872822 0.467632586685341 0.120921869168103
   endloop
endfacet
facet normal -0.435965562763356 0.000618398846460 0.899963135726846
   outer loop
      vertex -0.145820009173027 0.330407866909177 0.311191672345927
      vertex -0.161363476842550 0.325552094800754 0.303665348703241
      vertex -0.145837961688903 0.328407960763071 0.311184349891516
   endloop
endfacet
facet normal -0.995924881860771 0.001659983826726 0.090171359889406
   outer loop
      vertex -0.350003253316319 0.227864500629114 0.031048545561339
      vertex -0.351561891501823 0.224926440510011 0.013887781651603
      vertex -0.351565870176369 0.222926480008895 0.013880655676212
   endloop
endfacet
facet normal 0.293423041975165 0.952180737389243 0.085174889391873
   outer loop
      vertex 0.083568689721081 0.031164057039470 -0.305825758763492
      vertex 0.086352195803176 0.031165459429962 -0.315430469224731
      vertex 0.071184195957959 0.036201397844195 -0.319474887713657
   endloop
endfacet
facet normal -0.237395704878954 0.971367747091404 -0.009379723641757
   outer loop
      vertex 0.003913519934044 0.371456577208743 0.341993012958309
      vertex -0.012418647728054 0.367271112086023 0.321902935719605
      vertex -0.013175125057979 0.367279214908318 0.341888096941813
   endloop
endfacet
facet normal 0.281721527833929 0.955481650999891 -0.087680073890474
   outer loop
      vertex -0.102348663494687 0.091431124565792 -0.322982137949050
      vertex -0.086791815227798 0.086431118738863 -0.327483899215672
      vertex -0.108406830995931 0.091468306032427 -0.342042226758797
   endloop
endfacet
facet normal -0.237361637570141 0.971418753427102 0.002249110970014
   outer loop
      vertex 0.003913519934044 0.371456577208743 0.341993012958309
      vertex 0.020989624819373 0.375630731938952 0.341263851190596
      vertex 0.003690804106140 0.371448458826156 0.321994958112846
   endloop
endfacet
facet normal 0.233534185995371 0.956366251470626 -0.175571572355842
   outer loop
      vertex -0.215225900259012 0.131228981277721 -0.260859936920276
      vertex -0.196505277442066 0.126256863836619 -0.263042863820079
      vertex -0.202567996399970 0.126277392156366 -0.270995287585571
   endloop
endfacet
facet normal -0.972020966070475 0.002175459751269 0.234884032863650
   outer loop
      vertex -0.340304314649602 0.242641165364197 0.081824818902934
      vertex -0.344366079029961 0.237721682748335 0.065061576410393
      vertex -0.340311068256722 0.240641224008991 0.081815393588803
   endloop
endfacet
facet normal -0.166722454792030 0.967768307221724 0.188754143279872
   outer loop
      vertex 0.260043636898991 0.442348810975846 0.223368442293126
      vertex 0.245077775092779 0.442358027257516 0.210102166913898
      vertex 0.234160789579785 0.438169575666715 0.221934193715786
   endloop
endfacet
facet normal -0.245121544792747 0.968137498121547 0.051236832546217
   outer loop
      vertex 0.067610340126671 0.388130472534232 0.314523930675593
      vertex 0.083262852476463 0.392294876572617 0.310719095557330
      vertex 0.063497007546234 0.388124811573335 0.294952349100198
   endloop
endfacet
facet normal 0.278797659588483 0.959583117860818 0.038368019554000
   outer loop
      vertex 0.041681308278919 0.046275281548671 -0.335206306417529
      vertex 0.044363040706394 0.046288587164460 -0.355025639746328
      vertex 0.027297081637445 0.051323911173038 -0.356950744700746
   endloop
endfacet
facet normal -0.735148805365614 0.000219992910734 -0.677905735019723
   outer loop
      vertex 0.230111811339954 0.442367340469864 0.196835992585810
      vertex 0.230094355796283 0.440367593732060 0.196854273139183
      vertex 0.219846313120845 0.436178544509747 0.207966311848862
   endloop
endfacet
facet normal 0.242224303531646 0.956235673291688 -0.164136296726233
   outer loop
      vertex -0.202567996399970 0.126277392156366 -0.270995287585571
      vertex -0.183763102840222 0.121297599146186 -0.272255541902088
      vertex -0.189428446531783 0.121318266318633 -0.280495774375785
   endloop
endfacet
facet normal -0.301889499059261 -0.949306307320466 -0.087637122495715
   outer loop
      vertex 0.083531484849633 0.027164224038451 -0.305837103431733
      vertex 0.068839016636228 0.032198276923842 -0.309755035431551
      vertex 0.086314988923028 0.027165727459949 -0.315441912830836
   endloop
endfacet
facet normal -0.955038287276805 0.000085881169780 -0.296482482551351
   outer loop
      vertex -0.338977122612495 0.188165013609460 -0.105477701046385
      vertex -0.333871258487721 0.185168617467174 -0.121925732042460
      vertex -0.333871617321422 0.181168696937651 -0.121925734801243
   endloop
endfacet
facet normal -0.641486173789142 0.001085854677224 0.767133827801243
   outer loop
      vertex -0.219292083669760 0.306122097894394 0.266244074227124
      vertex -0.232523050713393 0.303261166391990 0.255184236215790
      vertex -0.232538302762724 0.301261263396959 0.255174313077908
   endloop
endfacet
facet normal -0.295664003868029 -0.955137789917083 0.017163889100009
   outer loop
      vertex -0.039102696746156 0.067402982430567 -0.336328489171493
      vertex -0.024213058537772 0.062410538882367 -0.357660568745258
      vertex -0.022970866828721 0.062384720701772 -0.337699390231465
   endloop
endfacet
facet normal -0.900181886551091 0.000077039756457 -0.435514138909627
   outer loop
      vertex 0.279120883872822 0.467632586685341 0.120921869168103
      vertex 0.279111530852176 0.465632793603093 0.120940847555851
      vertex 0.272529808933295 0.461403882292606 0.134544128207609
   endloop
endfacet
facet normal -0.146032354992602 -0.957493382018292 0.248758868558464
   outer loop
      vertex -0.295785778898478 0.166554230346891 -0.160150728561612
      vertex -0.305247758430658 0.161689175347833 -0.184431322671602
      vertex -0.287963532027421 0.161667285393038 -0.174368980719551
   endloop
endfacet
facet normal -0.150443412814155 -0.954809253918193 0.256331949185061
   outer loop
      vertex -0.270679303634536 0.161645295357944 -0.164306629824612
      vertex -0.279321417830978 0.161656290375491 -0.169337805272082
      vertex -0.271070103336916 0.156759207944298 -0.182736149570294
   endloop
endfacet
facet normal -0.959344833119464 0.002221756420533 0.282227842293058
   outer loop
      vertex -0.335418223090458 0.249554682152457 0.098381239187696
      vertex -0.340297561063648 0.244641107775744 0.081834144222647
      vertex -0.335425715813838 0.247554739275044 0.098371513997192
   endloop
endfacet
facet normal -0.270981537184121 -0.955762048659452 0.114402416266517
   outer loop
      vertex -0.147474282610664 0.102400595370185 -0.304959205346082
      vertex -0.140639290949520 0.097455897467231 -0.330079287111287
      vertex -0.132741709571773 0.097416118610214 -0.311704853349281
   endloop
endfacet
facet normal 0.311256803688777 0.949363725184280 0.042751835769628
   outer loop
      vertex 0.054007843171505 0.041230984403081 -0.312934557394636
      vertex 0.040340492055303 0.046268629734598 -0.325296639753214
      vertex 0.038999675810521 0.046261978976867 -0.315387073083318
   endloop
endfacet
facet normal -0.224302934926167 -0.956489770729453 0.186589152614576
   outer loop
      vertex -0.227390352158760 0.132173142829411 -0.250107508392664
      vertex -0.228137268874248 0.127269146452120 -0.276144166547374
      vertex -0.215246400608633 0.127229088326845 -0.260853114743536
   endloop
endfacet
facet normal -0.907664357991372 0.002212061933243 0.419690981573483
   outer loop
      vertex -0.316005621686823 0.264260637750927 0.146323151352756
      vertex -0.323257477815991 0.259364416891415 0.130665391518819
      vertex -0.316015362129391 0.262260708649188 0.146312626738911
   endloop
endfacet
facet normal -0.220882471122714 -0.953934399733938 0.203027325636169
   outer loop
      vertex -0.213765265076882 0.132134350201226 -0.235466904935170
      vertex -0.220577809611587 0.132153796502650 -0.242787206135640
      vertex -0.208801017458656 0.127209108204899 -0.253207583313537
   endloop
endfacet
facet normal -0.113987282706970 -0.962141803056371 0.247568273800413
   outer loop
      vertex -0.302903515012982 0.171433077095621 -0.145563490472944
      vertex -0.321089175916201 0.171445876006700 -0.153886930595430
      vertex -0.313542040606701 0.166571767230695 -0.169354608667033
   endloop
endfacet
facet normal -0.237370836679623 -0.951103777746244 0.197627654570001
   outer loop
      vertex -0.213765265076882 0.132134350201226 -0.235466904935170
      vertex -0.208801017458656 0.127209108204899 -0.253207583313537
      vertex -0.202355534328436 0.127189130070599 -0.245562051883703
   endloop
endfacet
facet normal -0.256342051942566 -0.950824303305572 0.173844461083317
   outer loop
      vertex -0.190464760521454 0.122236510546468 -0.255083786808983
      vertex -0.183787004605168 0.117297743554835 -0.272249188636916
      vertex -0.178121658923957 0.117276976302090 -0.264008947220331
   endloop
endfacet
facet normal -0.862240477196351 0.002126124483977 0.506494658489986
   outer loop
      vertex -0.299247495976241 0.274036275478032 0.176478951600990
      vertex -0.307995889718224 0.269151136369908 0.161606469424413
      vertex -0.299258726961796 0.272036358862926 0.176468227423405
   endloop
endfacet
facet normal 0.304670805080988 0.952382653824477 0.011957475718075
   outer loop
      vertex 0.008711736159974 0.056316671967658 -0.318058799387730
      vertex 0.009073094789835 0.056326541505309 -0.328052129414944
      vertex -0.006624273813281 0.061350934997063 -0.328270844270168
   endloop
endfacet
facet normal 0.289110033203974 0.954814304281781 0.068884200218162
   outer loop
      vertex 0.089135599896327 0.031166960863814 -0.325035278623668
      vertex 0.078107224202496 0.036211006792094 -0.348664980871668
      vertex 0.073491872709038 0.036204567149825 -0.329204885787038
   endloop
endfacet
facet normal -0.301996967790025 -0.949270465144991 -0.087655093685665
   outer loop
      vertex 0.098011424732947 0.022129544189271 -0.301199592905396
      vertex 0.086314988923028 0.027165727459949 -0.315441912830836
      vertex 0.089098395003711 0.027167128919136 -0.325046723286327
   endloop
endfacet
facet normal -0.289440580538803 -0.952942648142093 0.090135784732231
   outer loop
      vertex -0.114205378162384 0.092406982358084 -0.308346502989540
      vertex -0.102380768440230 0.087431347134177 -0.322979682339474
      vertex -0.099351784680436 0.087412754941385 -0.313449687931646
   endloop
endfacet
facet normal -0.281074119798038 -0.954807374541429 -0.096644796554503
   outer loop
      vertex 0.098011424732947 0.022129544189271 -0.301199592905396
      vertex 0.089098395003711 0.027167128919136 -0.325046723286327
      vertex 0.111021255642758 0.022128360859581 -0.339024670406806
   endloop
endfacet
facet normal -0.678352209970672 0.001207179183344 0.734735885843563
   outer loop
      vertex -0.232553454911312 0.299261366388562 0.255164389982123
      vertex -0.245224770570495 0.296398328132306 0.243470175848844
      vertex -0.245239402547431 0.294398427632998 0.243459952589325
   endloop
endfacet
facet normal 0.273097689147157 0.950468901106625 -0.148413342431360
   outer loop
      vertex -0.152172814387757 0.111338054599361 -0.279989316968789
      vertex -0.138656103816341 0.106359707073114 -0.286999347627963
      vertex -0.157003194832019 0.111358764489998 -0.288745144502524
   endloop
endfacet
facet normal -0.214783837545218 -0.956513349473147 0.197357835945296
   outer loop
      vertex -0.220577809611587 0.132153796502650 -0.242787206135640
      vertex -0.227390352158760 0.132173142829411 -0.250107508392664
      vertex -0.215246400608633 0.127229088326845 -0.260853114743536
   endloop
endfacet
facet normal 0.150075215195701 0.961860909989914 -0.228694161747384
   outer loop
      vertex -0.305240092994876 0.165689188147155 -0.184435770733117
      vertex -0.279445888611073 0.160772073251781 -0.188189735537155
      vertex -0.296216532949025 0.160797888002674 -0.199086506312425
   endloop
endfacet
facet normal -0.270626362766893 -0.959472260634511 -0.078577050393000
   outer loop
      vertex 0.089098395003711 0.027167128919136 -0.325046723286327
      vertex 0.094665303170257 0.027170133774485 -0.344256342084368
      vertex 0.111021255642758 0.022128360859581 -0.339024670406806
   endloop
endfacet
facet normal 0.270538844767891 0.959499017794728 0.078551692041659
   outer loop
      vertex 0.089135599896327 0.031166960863814 -0.325035278623668
      vertex 0.094702508062871 0.031169965719162 -0.344244897421710
      vertex 0.078107224202496 0.036211006792094 -0.348664980871668
   endloop
endfacet
facet normal -0.285395971045742 -0.954821415741590 -0.082856525102641
   outer loop
      vertex 0.089098395003711 0.027167128919136 -0.325046723286327
      vertex 0.073454466122400 0.032204818528419 -0.329215129459792
      vertex 0.094665303170257 0.027170133774485 -0.344256342084368
   endloop
endfacet
facet normal 0.257684723622703 0.953420496313517 -0.156805422166382
   outer loop
      vertex -0.170585002298478 0.116331353301017 -0.280829960373514
      vertex -0.157003194832019 0.111358764489998 -0.288745144502524
      vertex -0.175839267255952 0.116352122714505 -0.289338223738768
   endloop
endfacet
facet normal -0.289114595547409 -0.954812514586560 -0.068889858690146
   outer loop
      vertex 0.071146791380020 0.032201548191782 -0.319485032448545
      vertex 0.073454466122400 0.032204818528419 -0.329215129459792
      vertex 0.089098395003711 0.027167128919136 -0.325046723286327
   endloop
endfacet
facet normal -0.257855709910317 -0.955986874893284 0.139998313912770
   outer loop
      vertex -0.175864670798879 0.112352341614139 -0.289332279391668
      vertex -0.171521335535108 0.107420887225400 -0.315007244835824
      vertex -0.161860476645406 0.107379568983901 -0.297495548714198
   endloop
endfacet
facet normal -0.212797637236821 -0.960953328898070 0.176878108498888
   outer loop
      vertex -0.215246400608633 0.127229088326845 -0.260853114743536
      vertex -0.228137268874248 0.127269146452120 -0.276144166547374
      vertex -0.214715632380118 0.122318423981764 -0.286893493983499
   endloop
endfacet
facet normal -0.297242399921677 -0.952171944350235 -0.070820506077656
   outer loop
      vertex 0.068839016636228 0.032198276923842 -0.309755035431551
      vertex 0.071146791380020 0.032201548191782 -0.319485032448545
      vertex 0.086314988923028 0.027165727459949 -0.315441912830836
   endloop
endfacet
facet normal -0.301985939135347 -0.949273052804216 -0.087665065928835
   outer loop
      vertex 0.098011424732947 0.022129544189271 -0.301199592905396
      vertex 0.083531484849633 0.027164224038451 -0.305837103431733
      vertex 0.086314988923028 0.027165727459949 -0.315441912830836
   endloop
endfacet
facet normal 0.304688361951297 -0.000116471801992 -0.952452092509516
   outer loop
      vertex 0.111058160827472 0.026128175221562 -0.339012125805047
      vertex 0.094683855626442 0.029170048753000 -0.344250619752956
      vertex 0.094702508062871 0.031169965719162 -0.344244897421710
   endloop
endfacet
facet normal 0.250887565089059 0.960477721693697 -0.120573528661013
   outer loop
      vertex -0.147445879408525 0.106400423529445 -0.304963959764584
      vertex -0.156235756989652 0.106441239029137 -0.322928670838903
      vertex -0.171494332183389 0.111420693895675 -0.315012599218511
   endloop
endfacet
facet normal 0.257394012099950 0.000073631113831 -0.966306533721857
   outer loop
      vertex 0.094702508062871 0.031169965719162 -0.344244897421710
      vertex 0.078088569905533 0.034211183462544 -0.348670102179850
      vertex 0.078107224202496 0.036211006792094 -0.348664980871668
   endloop
endfacet
facet normal -0.522014912127534 0.000609956825454 0.852936140323034
   outer loop
      vertex -0.176518660949455 0.320695914947364 0.295386096541275
      vertex -0.191231896446336 0.317838959823000 0.286383329097478
      vertex -0.191248648920517 0.315839063381368 0.286374506407833
   endloop
endfacet
facet normal 0.256817953499231 0.960372640316091 -0.108300186947052
   outer loop
      vertex -0.132712004511926 0.101415866296149 -0.311709008859985
      vertex -0.140609587856040 0.101455744071488 -0.330083341571018
      vertex -0.156235756989652 0.106441239029137 -0.322928670838903
   endloop
endfacet
facet normal 0.209481950950423 0.000246917267715 -0.977812482666215
   outer loop
      vertex 0.078107224202496 0.036211006792094 -0.348664980871668
      vertex 0.061294875082139 0.039250872870777 -0.352266011908585
      vertex 0.061313627244814 0.041250804500686 -0.352261489510524
   endloop
endfacet
facet normal 0.262117643455944 0.960275086482920 -0.095739747593798
   outer loop
      vertex -0.117667563938923 0.096426121851780 -0.317719737498446
      vertex -0.124653943449185 0.096464770715325 -0.336459496457778
      vertex -0.140609587856040 0.101455744071488 -0.330083341571018
   endloop
endfacet
facet normal 0.161080059106257 0.000720749689546 -0.986941079841249
   outer loop
      vertex 0.061294875082139 0.039250872870777 -0.352266011908585
      vertex 0.061276120931929 0.037251041215532 -0.352270533250092
      vertex 0.044325534668673 0.042288810146862 -0.355033383558457
   endloop
endfacet
facet normal 0.158450507568845 0.957353257812376 -0.241595067017532
   outer loop
      vertex -0.287955864601990 0.165667198112063 -0.174373419838178
      vertex -0.271060556443756 0.160759166059255 -0.182741348649621
      vertex -0.279445888611073 0.160772073251781 -0.188189735537155
   endloop
endfacet
facet normal 0.209498055684051 0.000540082931293 -0.977808914346269
   outer loop
      vertex 0.078088569905533 0.034211183462544 -0.348670102179850
      vertex 0.078069817615858 0.032211258170686 -0.348675224544422
      vertex 0.061276120931929 0.037251041215532 -0.352270533250092
   endloop
endfacet
facet normal 0.304629617264429 -0.000100641060481 -0.952470884676642
   outer loop
      vertex 0.111021255642758 0.022128360859581 -0.339024670406806
      vertex 0.094665303170257 0.027170133774485 -0.344256342084368
      vertex 0.094683855626442 0.029170048753000 -0.344250619752956
   endloop
endfacet
facet normal 0.270812930269405 0.960091614513823 -0.069888829859570
   outer loop
      vertex -0.086791815227798 0.086431118738863 -0.327483899215672
      vertex -0.091907061921153 0.086466540156889 -0.346818421518777
      vertex -0.108406830995931 0.091468306032427 -0.342042226758797
   endloop
endfacet
facet normal -0.324479575000794 0.001760956929748 -0.945891063726683
   outer loop
      vertex -0.108406830995931 0.091468306032427 -0.342042226758797
      vertex -0.124669394972640 0.094464840240863 -0.336457919201799
      vertex -0.124653943449185 0.096464770715325 -0.336459496457778
   endloop
endfacet
facet normal 0.274177537788393 0.960007882179470 -0.056670485489209
   outer loop
      vertex -0.071034031405556 0.081426354578567 -0.331214210217624
      vertex -0.075194047848679 0.081459667142064 -0.350776469697705
      vertex -0.091907061921153 0.086466540156889 -0.346818421518777
   endloop
endfacet
facet normal -0.898595627909908 0.000910670125875 -0.438776786283322
   outer loop
      vertex -0.321087200623818 0.173445835123758 -0.153888174677804
      vertex -0.313536244613107 0.170571733459605 -0.169358166775121
      vertex -0.313539142608846 0.168571750292333 -0.169356382721356
   endloop
endfacet
facet normal 0.193417800166741 0.956914784990323 -0.216572502514937
   outer loop
      vertex -0.260450961322906 0.150957024574473 -0.214483490197864
      vertex -0.242514641170602 0.146019708240102 -0.220280105174424
      vertex -0.250011229616501 0.146037139073203 -0.226898183681194
   endloop
endfacet
facet normal -0.875990727712002 0.001144543909518 -0.482326585398147
   outer loop
      vertex -0.313539142608846 0.168571750292333 -0.169356382721356
      vertex -0.305240092994876 0.165689188147155 -0.184435770733117
      vertex -0.305243930711779 0.163689181648112 -0.184433546702351
   endloop
endfacet
facet normal 0.276879063555111 0.959929049464713 -0.043292079629162
   outer loop
      vertex -0.055113118576778 0.076416786537826 -0.334164162936505
      vertex -0.058307598843784 0.076447798468263 -0.353907161177497
      vertex -0.075194047848679 0.081459667142064 -0.350776469697705
   endloop
endfacet
facet normal -0.585518415744576 0.001912339234986 -0.810656849587180
   outer loop
      vertex -0.200759035926426 0.121359702837103 -0.296976258265675
      vertex -0.214704482363000 0.124318387342486 -0.286896810078666
      vertex -0.214693330362582 0.126318250939813 -0.286900147229270
   endloop
endfacet
facet normal -0.198938394649182 -0.954342159262132 0.222833027599813
   outer loop
      vertex -0.252652355604276 0.146940982165178 -0.208234425222278
      vertex -0.250026379077848 0.142037254599376 -0.226891562558725
      vertex -0.242529780633925 0.142019823965040 -0.220273484051971
   endloop
endfacet
facet normal -0.162995823962720 -0.954794380567037 0.248596162899434
   outer loop
      vertex -0.279321417830978 0.161656290375491 -0.169337805272082
      vertex -0.279455425506633 0.156772115356716 -0.188184538457734
      vertex -0.271070103336916 0.156759207944298 -0.182736149570294
   endloop
endfacet
facet normal -0.137089270994022 -0.955101681698238 0.262654353467679
   outer loop
      vertex -0.293810695555281 0.171426727534282 -0.141401779882850
      vertex -0.295785778898478 0.166554230346891 -0.160150728561612
      vertex -0.286907653042320 0.166545461752790 -0.155548783509172
   endloop
endfacet
facet normal -0.093408774817552 -0.957945191077798 0.271322339069243
   outer loop
      vertex -0.296046460157410 0.181165226796699 -0.108915831542839
      vertex -0.333871617321422 0.181168696937651 -0.121925734801243
      vertex -0.309299721098115 0.176304028501096 -0.130641769838886
   endloop
endfacet
facet normal 0.257443586658261 0.000363765096952 -0.966293261574086
   outer loop
      vertex 0.094702508062871 0.031169965719162 -0.344244897421710
      vertex 0.094683855626442 0.029170048753000 -0.344250619752956
      vertex 0.078088569905533 0.034211183462544 -0.348670102179850
   endloop
endfacet
facet normal -0.765092665437684 0.001534200186784 -0.643918364020819
   outer loop
      vertex -0.276074740580376 0.150989322004316 -0.226969078927769
      vertex -0.265004426506463 0.146072000447513 -0.240134350694143
      vertex -0.276081389537064 0.148989350014391 -0.226965943886578
   endloop
endfacet
facet normal -0.127297575674286 -0.952494533876323 0.276675785285189
   outer loop
      vertex -0.290728330447563 0.176296510286047 -0.123218695835250
      vertex -0.293810695555281 0.171426727534282 -0.141401779882850
      vertex -0.284717866097438 0.171420378066075 -0.137240059293330
   endloop
endfacet
facet normal 0.209534235871302 0.000549502142539 -0.977801156700699
   outer loop
      vertex 0.078107224202496 0.036211006792094 -0.348664980871668
      vertex 0.078088569905533 0.034211183462544 -0.348670102179850
      vertex 0.061294875082139 0.039250872870777 -0.352266011908585
   endloop
endfacet
facet normal -0.795774402427069 0.001395988642739 -0.605591571653330
   outer loop
      vertex -0.286487030754254 0.155897938462886 -0.213275548911816
      vertex -0.276074740580376 0.150989322004316 -0.226969078927769
      vertex -0.286492749943352 0.153897987387647 -0.213272643859331
   endloop
endfacet
facet normal -0.141126990639254 -0.952334075642878 0.270449590279838
   outer loop
      vertex -0.284717866097438 0.171420378066075 -0.137240059293330
      vertex -0.286907653042320 0.166545461752790 -0.155548783509172
      vertex -0.278029517188139 0.166536693357452 -0.150946838456749
   endloop
endfacet
facet normal 0.161114102087223 0.000721063371000 -0.986935522805944
   outer loop
      vertex 0.061313627244814 0.041250804500686 -0.352261489510524
      vertex 0.061294875082139 0.039250872870777 -0.352266011908585
      vertex 0.044344286704351 0.044288748114822 -0.355029461126906
   endloop
endfacet
facet normal 0.112305344174476 0.000845582807185 -0.993673384296656
   outer loop
      vertex 0.044363040706394 0.046288587164460 -0.355025639746328
      vertex 0.044344286704351 0.044288748114822 -0.355029461126906
      vertex 0.027278427742645 0.049324067772994 -0.356953966114981
   endloop
endfacet
facet normal -0.698239809426366 0.002045056205562 -0.715861010446405
   outer loop
      vertex -0.241006106901836 0.134211763936120 -0.264751548992160
      vertex -0.241015487243229 0.132211834489110 -0.264748112906630
      vertex -0.253319415577321 0.137146193440130 -0.252732954250033
   endloop
endfacet
facet normal 0.014038805772072 0.001180447212909 -0.999900754313583
   outer loop
      vertex 0.010157368610042 0.056356256180902 -0.358032318429205
      vertex 0.010138814822486 0.054356408430452 -0.358034939877096
      vertex -0.007032833969467 0.059385274968844 -0.358270096346048
   endloop
endfacet
facet normal 0.325231151277940 -0.009666449555970 -0.945585140530142
   outer loop
      vertex 0.328047626903693 0.472110135412366 0.105884371970491
      vertex 0.290222465732632 0.472113505248128 0.092874487654429
      vertex 0.290235365287115 0.476113360182715 0.092838035031049
   endloop
endfacet
facet normal -0.035186258520773 0.001333539358060 -0.999379882168983
   outer loop
      vertex -0.007014482256931 0.061385225056718 -0.358268073807781
      vertex -0.007032833969467 0.059385274968844 -0.358270096346048
      vertex -0.024194904925191 0.064410391358337 -0.357659147229723
   endloop
endfacet
facet normal -0.236889696604966 0.971309821736638 -0.020988135704433
   outer loop
      vertex -0.013175125057979 0.367279214908318 0.341888096941813
      vertex -0.028501630329111 0.363090479661393 0.321025429172434
      vertex -0.030234994338375 0.363098259901224 0.340949690360412
   endloop
endfacet
facet normal -0.084309140934318 0.001519570681513 -0.996438487644802
   outer loop
      vertex -0.024176853259221 0.066410340764984 -0.357657624663051
      vertex -0.024194904925191 0.064410391358337 -0.357659147229723
      vertex -0.041306082692030 0.069431395701992 -0.356203705186013
   endloop
endfacet
facet normal 0.325231151277956 -0.009666449555804 -0.945585140530138
   outer loop
      vertex 0.328060526458177 0.476109990346954 0.105847919347113
      vertex 0.328047626903693 0.472110135412366 0.105884371970491
      vertex 0.290235365287115 0.476113360182715 0.092838035031049
   endloop
endfacet
facet normal -0.082939377541704 0.966877457525550 0.241389812920769
   outer loop
      vertex 0.303592978428201 0.471865198064377 0.114443438525070
      vertex 0.328060526458177 0.476109990346954 0.105847919347113
      vertex 0.290235365287115 0.476113360182715 0.092838035031049
   endloop
endfacet
facet normal -0.229956170290369 0.001874306452362 -0.973199181422133
   outer loop
      vertex -0.075194047848679 0.081459667142064 -0.350776469697705
      vertex -0.075211099352377 0.079459719654060 -0.350776292360928
      vertex -0.091923713376873 0.084466594281415 -0.346817644216151
   endloop
endfacet
facet normal -0.324432233308808 0.002047075382339 -0.945906726624057
   outer loop
      vertex -0.108406830995931 0.091468306032427 -0.342042226758797
      vertex -0.108422882485520 0.089468367857458 -0.342041049479494
      vertex -0.124669394972640 0.094464840240863 -0.336457919201799
   endloop
endfacet
facet normal -0.370546059614588 0.002130337758675 -0.928811649025321
   outer loop
      vertex -0.124653943449185 0.096464770715325 -0.336459496457778
      vertex -0.124669394972640 0.094464840240863 -0.336457919201799
      vertex -0.140624439392198 0.099455820241188 -0.330081264343943
   endloop
endfacet
facet normal -0.127367898445829 0.967378770694427 0.218987973311852
   outer loop
      vertex 0.274170888073553 0.454959401861701 0.171604673708329
      vertex 0.299843550026893 0.459165573817346 0.167955667586260
      vertex 0.282571653162697 0.459174023870888 0.157872649899123
   endloop
endfacet
facet normal -0.184073133205067 0.967914643046258 0.171050651588075
   outer loop
      vertex 0.236266571814593 0.433977523102422 0.247890614395991
      vertex 0.222675501701031 0.433985611087619 0.233219057664590
      vertex 0.210648232579189 0.429805330268895 0.243930843257451
   endloop
endfacet
facet normal -0.199681404354777 0.968029109119766 0.151812320487160
   outer loop
      vertex 0.210192835304070 0.425622015869564 0.269978103424655
      vertex 0.198107600873859 0.425628076706056 0.254043536049825
      vertex 0.185085310761810 0.421453953221588 0.263531328976742
   endloop
endfacet
facet normal -0.544935619053299 0.002198973068077 -0.838475005950949
   outer loop
      vertex -0.186347699176072 0.116393763398154 -0.306354739413445
      vertex -0.186360348968822 0.114393773814313 -0.306351763296812
      vertex -0.200770987802665 0.119359825028760 -0.296973081104812
   endloop
endfacet
facet normal -0.213408384216203 0.968111242942748 0.131215406237521
   outer loop
      vertex 0.182077337886887 0.417279244469214 0.289414211164521
      vertex 0.171613972691450 0.417282756306930 0.272370711673692
      vertex 0.157726897353886 0.413114277352886 0.280539973674539
   endloop
endfacet
facet normal -0.698214859475846 0.002044807469371 -0.715885346106161
   outer loop
      vertex -0.240996716564536 0.136211693687526 -0.264754995077149
      vertex -0.241006106901836 0.134211763936120 -0.264751548992160
      vertex -0.253310927041286 0.139146204854856 -0.252736359279207
   endloop
endfacet
facet normal -0.304837909959502 -0.952329105204495 -0.011963445654518
   outer loop
      vertex 0.008674630572394 0.052316876492094 -0.318064043340065
      vertex 0.009035989181089 0.052326747086088 -0.328057473361698
      vertex 0.024703415856674 0.047299198810105 -0.327066542391444
   endloop
endfacet
facet normal -0.312683509319925 -0.949458258351955 -0.027532501641659
   outer loop
      vertex 0.023851329190521 0.047290890943259 -0.317102993660059
      vertex 0.008674630572394 0.052316876492094 -0.318064043340065
      vertex 0.024703415856674 0.047299198810105 -0.327066542391444
   endloop
endfacet
facet normal -0.765060166453301 0.001828420250084 -0.643956208593284
   outer loop
      vertex -0.276081389537064 0.148989350014391 -0.226965943886578
      vertex -0.265004426506463 0.146072000447513 -0.240134350694143
      vertex -0.265011997230832 0.144072108244496 -0.240131034604919
   endloop
endfacet
facet normal -0.035212815737398 0.001383326722594 -0.999378879111933
   outer loop
      vertex -0.007032833969467 0.059385274968844 -0.358270096346048
      vertex -0.007051187690702 0.057385425911977 -0.358272217822179
      vertex -0.024213058537772 0.062410538882367 -0.357660568745258
   endloop
endfacet
facet normal -0.938635206701132 0.000463816584700 -0.344911196709092
   outer loop
      vertex 0.290235365287115 0.476113360182715 0.092838035031049
      vertex 0.285016166214474 0.469869366667828 0.107033074158019
      vertex 0.285024017607419 0.471869226741032 0.107014396812569
   endloop
endfacet
facet normal -0.170780555703787 -0.957069632994348 0.234204439312259
   outer loop
      vertex -0.262173350871842 0.151854087890163 -0.195711999807534
      vertex -0.270281724287889 0.151868770689133 -0.201564579121787
      vertex -0.260464249236140 0.146957080687751 -0.214477210116058
   endloop
endfacet
facet normal -0.084358526068049 0.001474038200878 -0.996434376309353
   outer loop
      vertex -0.024194904925191 0.064410391358337 -0.357659147229723
      vertex -0.024213058537772 0.062410538882367 -0.357660568745258
      vertex -0.041323934249347 0.067431442876244 -0.356204527792089
   endloop
endfacet
facet normal -0.295726412775424 -0.954916417144967 -0.026086875129050
   outer loop
      vertex 0.024703415856674 0.047299198810105 -0.327066542391444
      vertex 0.025555502522827 0.047307506676951 -0.337030091122830
      vertex 0.041643902221441 0.042275506518717 -0.335214050229825
   endloop
endfacet
facet normal -0.391173521432983 0.000095868396535 0.920316938309282
   outer loop
      vertex -0.129926269234880 0.335263420144255 0.317946676483592
      vertex -0.145802056437231 0.332407762001475 0.311199094689101
      vertex -0.145820009173027 0.330407866909177 0.311191672345927
   endloop
endfacet
facet normal -0.133278915661091 0.001597288873459 -0.991077282207830
   outer loop
      vertex -0.041306082692030 0.069431395701992 -0.356203705186013
      vertex -0.041323934249347 0.067431442876244 -0.356204527792089
      vertex -0.058342503892330 0.072447998129174 -0.353907805390242
   endloop
endfacet
facet normal -0.300561950515334 -0.952597098184829 0.047130483047176
   outer loop
      vertex -0.051953543358317 0.072385974268300 -0.314421808908256
      vertex -0.053550784496170 0.072401530749021 -0.324293357497685
      vertex -0.037992177964223 0.067388749691911 -0.326390419863820
   endloop
endfacet
facet normal -0.181859451468650 0.001745281912246 -0.983322985545730
   outer loop
      vertex -0.058325050374291 0.074447848311388 -0.353907483812146
      vertex -0.058342503892330 0.072447998129174 -0.353907805390242
      vertex -0.075228150834906 0.077459771109714 -0.350776015029731
   endloop
endfacet
facet normal -0.304051512577081 -0.952278644988685 -0.026796641545233
   outer loop
      vertex 0.023851329190521 0.047290890943259 -0.317102993660059
      vertex 0.024703415856674 0.047299198810105 -0.327066542391444
      vertex 0.040302985996416 0.042268853773341 -0.325304483559761
   endloop
endfacet
facet normal 0.093396827704894 0.957954065746316 -0.271295116975528
   outer loop
      vertex -0.296046106312765 0.185165247346891 -0.108915837726939
      vertex -0.309297585896985 0.180303998400425 -0.130643097008817
      vertex -0.333871258487721 0.185168617467174 -0.121925732042460
   endloop
endfacet
facet normal -0.230003966948290 0.001826053599124 -0.973187978098940
   outer loop
      vertex -0.075211099352377 0.079459719654060 -0.350776292360928
      vertex -0.075228150834906 0.077459771109714 -0.350776015029731
      vertex -0.091940264852349 0.082466650393588 -0.346816866913693
   endloop
endfacet
facet normal 0.257357976614562 0.000061888409096 -0.966316132558431
   outer loop
      vertex 0.094683855626442 0.029170048753000 -0.344250619752956
      vertex 0.078069817615858 0.032211258170686 -0.348675224544422
      vertex 0.078088569905533 0.034211183462544 -0.348670102179850
   endloop
endfacet
facet normal -0.126395227758763 -0.962005788065432 0.242010557886257
   outer loop
      vertex -0.295785778898478 0.166554230346891 -0.160150728561612
      vertex -0.313542040606701 0.166571767230695 -0.169354608667033
      vertex -0.305247758430658 0.161689175347833 -0.184431322671602
   endloop
endfacet
facet normal 0.161028656406621 0.000425826854589 -0.986949639286306
   outer loop
      vertex 0.061294875082139 0.039250872870777 -0.352266011908585
      vertex 0.044325534668673 0.042288810146862 -0.355033383558457
      vertex 0.044344286704351 0.044288748114822 -0.355029461126906
   endloop
endfacet
facet normal 0.112233366797001 0.000598458091554 -0.993681696130769
   outer loop
      vertex 0.044344286704351 0.044288748114822 -0.355029461126906
      vertex 0.027259675833966 0.047324123466983 -0.356957288580022
      vertex 0.027278427742645 0.049324067772994 -0.356953966114981
   endloop
endfacet
facet normal 0.013966221048191 0.000932538463962 -0.999902032722029
   outer loop
      vertex 0.010138814822486 0.054356408430452 -0.358034939877096
      vertex -0.007051187690702 0.057385425911977 -0.358272217822179
      vertex -0.007032833969467 0.059385274968844 -0.358270096346048
   endloop
endfacet
facet normal -0.035274869362263 0.001030574221768 -0.999377116762361
   outer loop
      vertex -0.007032833969467 0.059385274968844 -0.358270096346048
      vertex -0.024213058537772 0.062410538882367 -0.357660568745258
      vertex -0.024194904925191 0.064410391358337 -0.357659147229723
   endloop
endfacet
facet normal -0.084412971987860 0.001163313701796 -0.996430176611190
   outer loop
      vertex -0.024194904925191 0.064410391358337 -0.357659147229723
      vertex -0.041323934249347 0.067431442876244 -0.356204527792089
      vertex -0.041306082692030 0.069431395701992 -0.356203705186013
   endloop
endfacet
facet normal -0.133326678777012 0.001322962302929 -0.991071262067989
   outer loop
      vertex -0.041306082692030 0.069431395701992 -0.356203705186013
      vertex -0.058342503892330 0.072447998129174 -0.353907805390242
      vertex -0.058325050374291 0.074447848311388 -0.353907483812146
   endloop
endfacet
facet normal -0.233549121398136 -0.956359435878399 0.175588830227063
   outer loop
      vertex -0.215246400608633 0.127229088326845 -0.260853114743536
      vertex -0.214715632380118 0.122318423981764 -0.286893493983499
      vertex -0.202590196449729 0.122277467211299 -0.270988635396520
   endloop
endfacet
facet normal -0.230055209994034 0.001525693190855 -0.973176383095525
   outer loop
      vertex -0.075211099352377 0.079459719654060 -0.350776292360928
      vertex -0.091940264852349 0.082466650393588 -0.346816866913693
      vertex -0.091923713376873 0.084466594281415 -0.346817644216151
   endloop
endfacet
facet normal -0.133472739887131 -0.957505346262274 0.255672719675341
   outer loop
      vertex -0.286907653042320 0.166545461752790 -0.155548783509172
      vertex -0.295785778898478 0.166554230346891 -0.160150728561612
      vertex -0.287963532027421 0.161667285393038 -0.174368980719551
   endloop
endfacet
facet normal -0.370626213432700 0.001834051675280 -0.928780300270732
   outer loop
      vertex -0.124669394972640 0.094464840240863 -0.336457919201799
      vertex -0.140639290949520 0.097455897467231 -0.330079287111287
      vertex -0.140624439392198 0.099455820241188 -0.330081264343943
   endloop
endfacet
facet normal -0.415845403606029 0.001861565356148 -0.909433414205880
   outer loop
      vertex -0.140624439392198 0.099455820241188 -0.330081264343943
      vertex -0.156264060190380 0.102441411801179 -0.322923816426148
      vertex -0.156249908579433 0.104441324886987 -0.322926193635316
   endloop
endfacet
facet normal -0.460043024535823 0.001905738347483 -0.887894579180030
   outer loop
      vertex -0.156249908579433 0.104441324886987 -0.322926193635316
      vertex -0.171521335535108 0.107420887225400 -0.315007244835824
      vertex -0.171507883849371 0.109420789566715 -0.315009922027085
   endloop
endfacet
facet normal -0.203512026410730 -0.961076206879070 0.186856575150935
   outer loop
      vertex -0.227390352158760 0.132173142829411 -0.250107508392664
      vertex -0.241015487243229 0.132211834489110 -0.264748112906630
      vertex -0.228137268874248 0.127269146452120 -0.276144166547374
   endloop
endfacet
facet normal -0.662278825186067 0.001819012323301 -0.749255262847269
   outer loop
      vertex -0.228127018700495 0.129269092980376 -0.276147582635465
      vertex -0.241015487243229 0.132211834489110 -0.264748112906630
      vertex -0.241006106901836 0.134211763936120 -0.264751548992160
   endloop
endfacet
facet normal -0.698276842761169 0.001744960447923 -0.715825681277593
   outer loop
      vertex -0.241006106901836 0.134211763936120 -0.264751548992160
      vertex -0.253319415577321 0.137146193440130 -0.252732954250033
      vertex -0.253310927041286 0.139146204854856 -0.252736359279207
   endloop
endfacet
facet normal -0.732583699230094 0.001647547231036 -0.680674965905514
   outer loop
      vertex -0.265011997230832 0.144072108244496 -0.240131034604919
      vertex -0.253310927041286 0.139146204854856 -0.252736359279207
      vertex -0.265019565969785 0.142072116172451 -0.240127729571690
   endloop
endfacet
facet normal -0.795796910326911 0.001388139639354 -0.605562012169260
   outer loop
      vertex -0.286492749943352 0.153897987387647 -0.213272643859331
      vertex -0.276081389537064 0.148989350014391 -0.226965943886578
      vertex -0.286498449136402 0.151898036709938 -0.213269738806880
   endloop
endfacet
facet normal -0.851319688671759 0.001045888224842 -0.524646255869268
   outer loop
      vertex -0.305243930711779 0.163689181648112 -0.184433546702351
      vertex -0.296221302390571 0.158797959042473 -0.199083907244437
      vertex -0.305247758430658 0.161689175347833 -0.184431322671602
   endloop
endfacet
facet normal 0.112254139536734 0.000553581333354 -0.993679375706558
   outer loop
      vertex 0.044363040706394 0.046288587164460 -0.355025639746328
      vertex 0.027278427742645 0.049324067772994 -0.356953966114981
      vertex 0.027297081637445 0.051323911173038 -0.356950744700746
   endloop
endfacet
facet normal -0.274067021127380 -0.959489878721777 -0.065317995689040
   outer loop
      vertex 0.073454466122400 0.032204818528419 -0.329215129459792
      vertex 0.078069817615858 0.032211258170686 -0.348675224544422
      vertex 0.094665303170257 0.027170133774485 -0.344256342084368
   endloop
endfacet
facet normal 0.063189222463937 0.000721959459616 -0.998001303074772
   outer loop
      vertex 0.027297081637445 0.051323911173038 -0.356950744700746
      vertex 0.010138814822486 0.054356408430452 -0.358034939877096
      vertex 0.010157368610042 0.056356256180902 -0.358032318429205
   endloop
endfacet
facet normal 0.013986382581888 0.000882854819034 -0.999901796012809
   outer loop
      vertex 0.010157368610042 0.056356256180902 -0.358032318429205
      vertex -0.007032833969467 0.059385274968844 -0.358270096346048
      vertex -0.007014482256931 0.061385225056718 -0.358268073807781
   endloop
endfacet
facet normal -0.035231063729351 0.001078827271068 -0.999378611078013
   outer loop
      vertex -0.007014482256931 0.061385225056718 -0.358268073807781
      vertex -0.024194904925191 0.064410391358337 -0.357659147229723
      vertex -0.024176853259221 0.066410340764984 -0.357657624663051
   endloop
endfacet
facet normal -0.084362981172087 0.001212308882333 -0.996434351934402
   outer loop
      vertex -0.024176853259221 0.066410340764984 -0.357657624663051
      vertex -0.041306082692030 0.069431395701992 -0.356203705186013
      vertex -0.041288229126013 0.071431247496736 -0.356202783642071
   endloop
endfacet
facet normal -0.258123590238589 -0.955893868655026 0.140139659019385
   outer loop
      vertex -0.157030096201144 0.107358859093263 -0.288739721180463
      vertex -0.161860476645406 0.107379568983901 -0.297495548714198
      vertex -0.147474282610664 0.102400595370185 -0.304959205346082
   endloop
endfacet
facet normal -0.181870184955383 0.001463428959826 -0.983321460255991
   outer loop
      vertex -0.058307598843784 0.076447798468263 -0.353907161177497
      vertex -0.075211099352377 0.079459719654060 -0.350776292360928
      vertex -0.075194047848679 0.081459667142064 -0.350776469697705
   endloop
endfacet
facet normal -0.370601705944238 0.001787416347079 -0.928790170433572
   outer loop
      vertex -0.124653943449185 0.096464770715325 -0.336459496457778
      vertex -0.140624439392198 0.099455820241188 -0.330081264343943
      vertex -0.140609587856040 0.101455744071488 -0.330083341571018
   endloop
endfacet
facet normal -0.460013719134629 0.001928516250187 -0.887909713334075
   outer loop
      vertex -0.156235756989652 0.106441239029137 -0.322928670838903
      vertex -0.171507883849371 0.109420789566715 -0.315009922027085
      vertex -0.171494332183389 0.111420693895675 -0.315012599218511
   endloop
endfacet
facet normal -0.503109559997402 0.001896115116453 -0.864220559456141
   outer loop
      vertex -0.171494332183389 0.111420693895675 -0.315012599218511
      vertex -0.186360348968822 0.114393773814313 -0.306351763296812
      vertex -0.186347699176072 0.116393763398154 -0.306354739413445
   endloop
endfacet
facet normal -0.544975539517081 0.001924912865256 -0.838449733757801
   outer loop
      vertex -0.186347699176072 0.116393763398154 -0.306354739413445
      vertex -0.200770987802665 0.119359825028760 -0.296973081104812
      vertex -0.200759035926426 0.121359702837103 -0.296976258265675
   endloop
endfacet
facet normal -0.624638589720410 0.001898770093459 -0.780911663957089
   outer loop
      vertex -0.214693330362582 0.126318250939813 -0.286900147229270
      vertex -0.228127018700495 0.129269092980376 -0.276147582635465
      vertex -0.228116668546499 0.131269041496276 -0.276150998723722
   endloop
endfacet
facet normal -0.698252261498252 0.001741727705435 -0.715849666967288
   outer loop
      vertex -0.240996716564536 0.136211693687526 -0.264754995077149
      vertex -0.253310927041286 0.139146204854856 -0.252736359279207
      vertex -0.253302446515742 0.141146116096152 -0.252739765364918
   endloop
endfacet
facet normal -0.302733921061032 -0.952521924924099 0.032467762132640
   outer loop
      vertex -0.036881559202044 0.067374518940902 -0.316452350556314
      vertex -0.037992177964223 0.067388749691911 -0.326390419863820
      vertex -0.022349672981483 0.062371913573783 -0.327718799918181
   endloop
endfacet
facet normal 0.063241268537552 0.001017713778604 -0.997997748600881
   outer loop
      vertex 0.027297081637445 0.051323911173038 -0.356950744700746
      vertex 0.027278427742645 0.049324067772994 -0.356953966114981
      vertex 0.010138814822486 0.054356408430452 -0.358034939877096
   endloop
endfacet
facet normal -0.133233056941326 0.001646128008168 -0.991083368239348
   outer loop
      vertex -0.041288229126013 0.071431247496736 -0.356202783642071
      vertex -0.041306082692030 0.069431395701992 -0.356203705186013
      vertex -0.058325050374291 0.074447848311388 -0.353907483812146
   endloop
endfacet
facet normal -0.277543498838278 0.001937422434425 -0.960711118207194
   outer loop
      vertex -0.091907061921153 0.086466540156889 -0.346818421518777
      vertex -0.091923713376873 0.084466594281415 -0.346817644216151
      vertex -0.108422882485520 0.089468367857458 -0.342041049479494
   endloop
endfacet
facet normal -0.585476414079538 0.002211065317082 -0.810686425041599
   outer loop
      vertex -0.200759035926426 0.121359702837103 -0.296976258265675
      vertex -0.200770987802665 0.119359825028760 -0.296973081104812
      vertex -0.214704482363000 0.124318387342486 -0.286896810078666
   endloop
endfacet
facet normal -0.220601179814366 -0.954052478797111 0.202778172310529
   outer loop
      vertex -0.231829752977417 0.137090728908151 -0.231800320357798
      vertex -0.227390352158760 0.132173142829411 -0.250107508392664
      vertex -0.220577809611587 0.132153796502650 -0.242787206135640
   endloop
endfacet
facet normal -0.662240603386783 0.002114279783029 -0.749288270992485
   outer loop
      vertex -0.228127018700495 0.129269092980376 -0.276147582635465
      vertex -0.228137268874248 0.127269146452120 -0.276144166547374
      vertex -0.241015487243229 0.132211834489110 -0.264748112906630
   endloop
endfacet
facet normal 0.209447333591616 0.000246546221073 -0.977819898379207
   outer loop
      vertex 0.078088569905533 0.034211183462544 -0.348670102179850
      vertex 0.061276120931929 0.037251041215532 -0.352270533250092
      vertex 0.061294875082139 0.039250872870777 -0.352266011908585
   endloop
endfacet
facet normal 0.063169599759567 0.000772595388091 -0.998002507392934
   outer loop
      vertex 0.027278427742645 0.049324067772994 -0.356953966114981
      vertex 0.010120263001295 0.052356461761681 -0.358037662375959
      vertex 0.010138814822486 0.054356408430452 -0.358034939877096
   endloop
endfacet
facet normal -0.181916507782966 0.001414657792822 -0.983312962865526
   outer loop
      vertex -0.058325050374291 0.074447848311388 -0.353907483812146
      vertex -0.075228150834906 0.077459771109714 -0.350776015029731
      vertex -0.075211099352377 0.079459719654060 -0.350776292360928
   endloop
endfacet
facet normal -0.277620500959990 0.001662662823399 -0.960689384243971
   outer loop
      vertex -0.091923713376873 0.084466594281415 -0.346817644216151
      vertex -0.108438933975108 0.087468429682490 -0.342039872200192
      vertex -0.108422882485520 0.089468367857458 -0.342041049479494
   endloop
endfacet
facet normal -0.503138964009061 0.001921616300331 -0.864203384792425
   outer loop
      vertex -0.171507883849371 0.109420789566715 -0.315009922027085
      vertex -0.186373100729349 0.112393882217490 -0.306348786123458
      vertex -0.186360348968822 0.114393773814313 -0.306351763296812
   endloop
endfacet
facet normal -0.624671149995360 0.001867756690630 -0.780885693202545
   outer loop
      vertex -0.214704482363000 0.124318387342486 -0.286896810078666
      vertex -0.228137268874248 0.127269146452120 -0.276144166547374
      vertex -0.228127018700495 0.129269092980376 -0.276147582635465
   endloop
endfacet
facet normal -0.876032445229946 0.000841607080123 -0.482251435043965
   outer loop
      vertex -0.313539142608846 0.168571750292333 -0.169356382721356
      vertex -0.305243930711779 0.163689181648112 -0.184433546702351
      vertex -0.313542040606701 0.166571767230695 -0.169354608667033
   endloop
endfacet
facet normal -0.898632609414365 0.000614653201660 -0.438701556298325
   outer loop
      vertex -0.321087200623818 0.173445835123758 -0.153888174677804
      vertex -0.313539142608846 0.168571750292333 -0.169356382721356
      vertex -0.321089175916201 0.171445876006700 -0.153886930595430
   endloop
endfacet
facet normal -0.919068925446878 0.000360205229018 -0.394096663941875
   outer loop
      vertex -0.327870051164828 0.178311381505049 -0.138065509012303
      vertex -0.321087200623818 0.173445835123758 -0.153888174677804
      vertex -0.327871119759161 0.176311446542716 -0.138064844899060
   endloop
endfacet
facet normal -0.898617974148740 0.000608434075372 -0.438731542454825
   outer loop
      vertex -0.321085229334879 0.175445794372579 -0.153889438759055
      vertex -0.313536244613107 0.170571733459605 -0.169358166775121
      vertex -0.321087200623818 0.173445835123758 -0.153888174677804
   endloop
endfacet
facet normal -0.876015660953058 0.000839143444376 -0.482281927510515
   outer loop
      vertex -0.313536244613107 0.170571733459605 -0.169358166775121
      vertex -0.305240092994876 0.165689188147155 -0.184435770733117
      vertex -0.313539142608846 0.168571750292333 -0.169356382721356
   endloop
endfacet
facet normal -0.851300871863873 0.001050073810678 -0.524676779464083
   outer loop
      vertex -0.305240092994876 0.165689188147155 -0.184435770733117
      vertex -0.296216532949025 0.160797888002674 -0.199086506312425
      vertex -0.305243930711779 0.163689181648112 -0.184433546702351
   endloop
endfacet
facet normal -0.312779235845363 -0.949650775415726 0.018236073489126
   outer loop
      vertex -0.036881559202044 0.067374518940902 -0.316452350556314
      vertex -0.022349672981483 0.062371913573783 -0.327718799918181
      vertex -0.021728577126958 0.062359004483485 -0.317738210661286
   endloop
endfacet
facet normal -0.231815121958449 0.971553105311786 0.048438752981622
   outer loop
      vertex 0.071723672508354 0.388136143492595 0.334095512356643
      vertex 0.088330294808171 0.392299449078898 0.330065551117576
      vertex 0.067610340126671 0.388130472534232 0.314523930675593
   endloop
endfacet
facet normal -0.120686249496003 0.970752161923847 0.207545342763375
   outer loop
      vertex 0.299843550026893 0.459165573817346 0.167955667586260
      vertex 0.308035597897570 0.463388944693040 0.152965310136858
      vertex 0.282571653162697 0.459174023870888 0.157872649899123
   endloop
endfacet
facet normal -0.181821557832451 0.001745203888486 -0.983329993120706
   outer loop
      vertex -0.058307598843784 0.076447798468263 -0.353907161177497
      vertex -0.058325050374291 0.074447848311388 -0.353907483812146
      vertex -0.075211099352377 0.079459719654060 -0.350776292360928
   endloop
endfacet
facet normal -0.235846797086833 0.971244876481194 -0.032552699011182
   outer loop
      vertex -0.030234994338375 0.363098259901224 0.340949690360412
      vertex -0.044519626703470 0.358906089637432 0.319365025478004
      vertex -0.047225369872270 0.358913209793189 0.339180779455216
   endloop
endfacet
facet normal -0.167775498410416 -0.952016955038485 0.255959175362767
   outer loop
      vertex -0.270679303634536 0.161645295357944 -0.164306629824612
      vertex -0.271070103336916 0.156759207944298 -0.182736149570294
      vertex -0.262684781168470 0.156746300595261 -0.177287766682520
   endloop
endfacet
facet normal -0.232160543072788 0.971095483025448 -0.055453089072828
   outer loop
      vertex -0.064106332134314 0.354723479399982 0.336585949851071
      vertex -0.076210584338801 0.350523684629072 0.313714871114328
      vertex -0.080838459267105 0.350528361438769 0.333171886105542
   endloop
endfacet
facet normal -0.245314835109849 0.967671832525277 -0.058582046842018
   outer loop
      vertex -0.060434918324763 0.354717385196657 0.316926111015567
      vertex -0.071582609607843 0.350519018748146 0.294257956223022
      vertex -0.076210584338801 0.350523684629072 0.313714871114328
   endloop
endfacet
facet normal -0.249261421416520 0.967825645338910 -0.034384066335128
   outer loop
      vertex -0.028501630329111 0.363090479661393 0.321025429172434
      vertex -0.041813783732012 0.358898980410446 0.299549371600699
      vertex -0.044519626703470 0.358906089637432 0.319365025478004
   endloop
endfacet
facet normal -0.250943242799035 0.967951283285270 -0.009889493409855
   outer loop
      vertex 0.003690804106140 0.371448458826156 0.321994958112846
      vertex -0.011662270577126 0.367263017273549 0.301917774603218
      vertex -0.012418647728054 0.367271112086023 0.321902935719605
   endloop
endfacet
facet normal -0.415770941102529 0.002142915623729 -0.909466839663408
   outer loop
      vertex -0.140609587856040 0.101455744071488 -0.330083341571018
      vertex -0.140624439392198 0.099455820241188 -0.330081264343943
      vertex -0.156249908579433 0.104441324886987 -0.322926193635316
   endloop
endfacet
facet normal -0.250332757746579 0.968048441097330 0.014687616825784
   outer loop
      vertex 0.019787910387790 0.375622877898683 0.321300608300198
      vertex 0.035833458309499 0.379794624035436 0.319821397356818
      vertex 0.018586295758863 0.375615034787181 0.301337465509708
   endloop
endfacet
facet normal -0.304883511241542 -0.952385312860612 0.002874094713767
   outer loop
      vertex -0.006531009076515 0.057339670167789 -0.318275878792575
      vertex -0.006661079227299 0.057351133864676 -0.328274988284400
      vertex 0.009035989181089 0.052326747086088 -0.328057473361698
   endloop
endfacet
facet normal -0.247426779504790 0.968116053315813 0.039131778596203
   outer loop
      vertex 0.051787537748286 0.383963810124799 0.317560535101925
      vertex 0.067610340126671 0.388130472534232 0.314523930675593
      vertex 0.048638213988832 0.383957209835159 0.297810929620469
   endloop
endfacet
facet normal -0.503056061880916 0.002251849099061 -0.864250847717547
   outer loop
      vertex -0.171494332183389 0.111420693895675 -0.315012599218511
      vertex -0.171507883849371 0.109420789566715 -0.315009922027085
      vertex -0.186360348968822 0.114393773814313 -0.306351763296812
   endloop
endfacet
facet normal -0.242251240118628 0.968151372629362 0.063223858921057
   outer loop
      vertex 0.083262852476463 0.392294876572617 0.310719095557330
      vertex 0.098709249568432 0.396457936212686 0.306154947482516
      vertex 0.078195410343510 0.392290294068869 0.291372639891427
   endloop
endfacet
facet normal -0.507272552108366 -0.000075082719987 -0.861785676511306
   outer loop
      vertex 0.161150607496014 0.417286268144644 0.255327212182862
      vertex 0.161127150239988 0.415286547545478 0.255341194042761
      vertex 0.148088769804870 0.411116656989222 0.263016333913017
   endloop
endfacet
facet normal -0.662207724766983 0.002147164332806 -0.749317235184313
   outer loop
      vertex -0.228116668546499 0.131269041496276 -0.276150998723722
      vertex -0.228127018700495 0.129269092980376 -0.276147582635465
      vertex -0.241006106901836 0.134211763936120 -0.264751548992160
   endloop
endfacet
facet normal -0.206788028845813 0.968073881565711 0.141674524726083
   outer loop
      vertex 0.196373165122928 0.421449074451902 0.280040409683121
      vertex 0.185085310761810 0.421453953221588 0.263531328976742
      vertex 0.171613972691450 0.417282756306930 0.272370711673692
   endloop
endfacet
facet normal -0.548844411765862 0.000025051276732 -0.835924524730444
   outer loop
      vertex 0.173797558389637 0.421458732947915 0.247022347208060
      vertex 0.173774801185821 0.419459016755188 0.247037229016561
      vertex 0.161127150239988 0.415286547545478 0.255341194042761
   endloop
endfacet
facet normal -0.589085524550851 0.000032046211083 -0.808070692289783
   outer loop
      vertex 0.186022366443647 0.425634137542549 0.238108968674994
      vertex 0.186000609232773 0.423634431719201 0.238124750431600
      vertex 0.173774801185821 0.419459016755188 0.247037229016561
   endloop
endfacet
facet normal -0.732524951695704 0.001946859720400 -0.680737397885878
   outer loop
      vertex -0.265011997230832 0.144072108244496 -0.240131034604919
      vertex -0.253302446515742 0.141146116096152 -0.252739765364918
      vertex -0.253310927041286 0.139146204854856 -0.252736359279207
   endloop
endfacet
facet normal -0.192106993988232 0.967975394950857 0.161612306556577
   outer loop
      vertex 0.223501838695935 0.429798217564029 0.259252402667478
      vertex 0.210648232579189 0.429805330268895 0.243930843257451
      vertex 0.198107600873859 0.425628076706056 0.254043536049825
   endloop
endfacet
facet normal -0.627961043984125 0.000135383300952 -0.778244761569090
   outer loop
      vertex 0.197794526503368 0.429812439929774 0.228609383842006
      vertex 0.197773669262860 0.427812744600841 0.228625865558046
      vertex 0.186000609232773 0.423634431719201 0.238124750431600
   endloop
endfacet
facet normal -0.665312422028014 0.000191785900039 -0.746565030197227
   outer loop
      vertex 0.209084431629802 0.433993696960133 0.218547700922026
      vertex 0.209064576327435 0.431993914138597 0.218564881540781
      vertex 0.197773669262860 0.427812744600841 0.228625865558046
   endloop
endfacet
facet normal 0.014018817178536 0.001231110165720 -0.999900973663230
   outer loop
      vertex 0.010138814822486 0.054356408430452 -0.358034939877096
      vertex 0.010120263001295 0.052356461761681 -0.358037662375959
      vertex -0.007051187690702 0.057385425911977 -0.358272217822179
   endloop
endfacet
facet normal -0.225263854720439 0.968123273202024 0.109514947112662
   outer loop
      vertex 0.143458199765242 0.408948098349890 0.288019802264745
      vertex 0.157726897353886 0.413114277352886 0.280539973674539
      vertex 0.134716428991760 0.408948798977596 0.270032455994297
   endloop
endfacet
facet normal -0.294106960090045 -0.954916815017739 -0.040434792233543
   outer loop
      vertex 0.041643902221441 0.042275506518717 -0.335214050229825
      vertex 0.025555502522827 0.047307506676951 -0.337030091122830
      vertex 0.044325534668673 0.042288810146862 -0.355033383558457
   endloop
endfacet
facet normal -0.311120257044892 -0.949409327539681 -0.042733060234104
   outer loop
      vertex 0.038962169772801 0.042262201959269 -0.315394816895447
      vertex 0.023851329190521 0.047290890943259 -0.317102993660059
      vertex 0.040302985996416 0.042268853773341 -0.325304483559761
   endloop
endfacet
facet normal -0.920543096802627 0.000597388754743 -0.390640563761247
   outer loop
      vertex 0.285016166214474 0.469869366667828 0.107033074158019
      vertex 0.279102179819064 0.463632900546183 0.120959824887045
      vertex 0.279111530852176 0.465632793603093 0.120940847555851
   endloop
endfacet
facet normal -0.006213665532777 0.000015576522999 0.999980694872665
   outer loop
      vertex 0.003888663602926 0.369456795093710 0.341994093744428
      vertex -0.013175125057979 0.367279214908318 0.341888096941813
      vertex -0.013199380966615 0.365279417405396 0.341887977371293
   endloop
endfacet
facet normal 0.188034008934150 -0.000082867476459 0.982162514361617
   outer loop
      vertex 0.071697715067833 0.386136406665966 0.334101594133365
      vertex 0.054936961707906 0.383970401348277 0.337310240471977
      vertex 0.054911104369971 0.381970660246804 0.337315022109787
   endloop
endfacet
facet normal 0.235785914911511 -0.000105062690182 0.971805017115662
   outer loop
      vertex 0.088304337025389 0.390299729568567 0.330072833144285
      vertex 0.071723672508354 0.388136143492595 0.334095512356643
      vertex 0.071697715067833 0.386136406665966 0.334101594133365
   endloop
endfacet
facet normal -0.133289323784978 0.001322962095381 -0.991076286638036
   outer loop
      vertex -0.041288229126013 0.071431247496736 -0.356202783642071
      vertex -0.058325050374291 0.074447848311388 -0.353907483812146
      vertex -0.058307598843784 0.076447798468263 -0.353907161177497
   endloop
endfacet
facet normal 0.042590398163015 0.000010583349475 0.999092617264440
   outer loop
      vertex 0.020964268244771 0.373630957201989 0.341266132227529
      vertex 0.003913519934044 0.371456577208743 0.341993012958309
      vertex 0.003888663602926 0.369456795093710 0.341994093744428
   endloop
endfacet
facet normal 0.253325899957243 -0.964097313382476 -0.079638927287758
   outer loop
      vertex 0.098657634274009 0.392458486743880 0.306172011501551
      vertex 0.092648182267979 0.392455122960947 0.287097083255715
      vertex 0.106925728848584 0.396619132760971 0.282104068684451
   endloop
endfacet
facet normal 0.266085399971735 -0.963946026422007 -0.002572560418144
   outer loop
      vertex 0.003641091443905 0.367448894596091 0.321997119685082
      vertex 0.003418375396082 0.367440787267314 0.301998964950853
      vertex 0.018535682611072 0.371615486244558 0.301342127577828
   endloop
endfacet
facet normal -0.370585619037732 0.002084211917337 -0.928795970610933
   outer loop
      vertex -0.124669394972640 0.094464840240863 -0.336457919201799
      vertex -0.124684846474929 0.092464908710057 -0.336456241951402
      vertex -0.140639290949520 0.097455897467231 -0.330079287111287
   endloop
endfacet
facet normal 0.212036263184569 -0.963879277956614 -0.161174937941855
   outer loop
      vertex 0.198063986471865 0.421628663071715 0.254075099563202
      vertex 0.185978754029187 0.421634623933544 0.238140531131818
      vertex 0.197752914011296 0.425812950228549 0.228642446211785
   endloop
endfacet
facet normal 0.233035528642388 -0.964024616677231 -0.127870953819390
   outer loop
      vertex 0.157678582716250 0.409114828398010 0.280566037502711
      vertex 0.148064612496636 0.409116931983616 0.263029415824312
      vertex 0.161103692983963 0.413286826946310 0.255355175902659
   endloop
endfacet
facet normal 0.238950952463094 -0.964057457380021 -0.116170827607230
   outer loop
      vertex 0.143408684899012 0.404948648782791 0.288043666217705
      vertex 0.134667012118241 0.404949451372805 0.270056321003646
      vertex 0.148064612496636 0.409116931983616 0.263029415824312
   endloop
endfacet
facet normal 0.249112442490477 -0.964092195086379 -0.092028421533544
   outer loop
      vertex 0.113863089718078 0.396621184614687 0.300861368937118
      vertex 0.106925728848584 0.396619132760971 0.282104068684451
      vertex 0.120943011848909 0.400783696768170 0.276419476454468
   endloop
endfacet
facet normal 0.256951481073669 -0.964093759376905 -0.067075774349274
   outer loop
      vertex 0.083210937507157 0.388295407559554 0.310733659293783
      vertex 0.078143495175450 0.388290835053273 0.291387203733536
      vertex 0.092648182267979 0.392455122960947 0.287097083255715
   endloop
endfacet
facet normal 0.262422899057435 -0.964059082258078 -0.041524787368561
   outer loop
      vertex 0.051735823491091 0.379964306870581 0.317570198160651
      vertex 0.048586499511717 0.379957717634750 0.297820492790431
      vertex 0.063445092644025 0.384125338976421 0.294964412659227
   endloop
endfacet
facet normal 0.265475271391945 -0.963991429541142 -0.015601411814303
   outer loop
      vertex 0.019737397021488 0.371623341341171 0.321305270473808
      vertex 0.018535682611072 0.371615486244558 0.301342127577828
      vertex 0.033604126917654 0.375787771897511 0.299948133908655
   endloop
endfacet
facet normal 0.877567880880994 -0.000778661478839 0.479451778735196
   outer loop
      vertex 0.308024845217004 0.461389120614731 0.152984588510184
      vertex 0.299843550026893 0.459165573817346 0.167955667586260
      vertex 0.299831297621493 0.457165720980698 0.167974845967660
   endloop
endfacet
facet normal -0.139970131426114 0.970959203462522 0.194027285503819
   outer loop
      vertex 0.281303550067672 0.450742787720159 0.196639819497778
      vertex 0.290925496731938 0.454950318043165 0.182525540958620
      vertex 0.265106741178245 0.450752328434160 0.184907793730925
   endloop
endfacet
facet normal -0.181843271073515 0.971351112478113 0.153003402095560
   outer loop
      vertex 0.223501838695935 0.429798217564029 0.259252402667478
      vertex 0.236266571814593 0.433977523102422 0.247890614395991
      vertex 0.210648232579189 0.429805330268895 0.243930843257451
   endloop
endfacet
facet normal -0.199882659658334 0.967963626065852 0.151964933393722
   outer loop
      vertex 0.198107600873859 0.425628076706056 0.254043536049825
      vertex 0.210648232579189 0.429805330268895 0.243930843257451
      vertex 0.186022366443647 0.425634137542549 0.238108968674994
   endloop
endfacet
facet normal -0.135083999169464 0.963241167323610 0.232204148846298
   outer loop
      vertex 0.257416277427631 0.454968585654900 0.160683807514594
      vertex 0.282571653162697 0.459174023870888 0.157872649899123
      vertex 0.265299756319669 0.459182472868089 0.147789732206404
   endloop
endfacet
facet normal 0.230318380161063 -0.968143619032825 -0.098241420419333
   outer loop
      vertex 0.136640748221495 0.400784998667779 0.313208520996720
      vertex 0.128791880024618 0.400784348246144 0.294813948728385
      vertex 0.143408684899012 0.404948648782791 0.288043666217705
   endloop
endfacet
facet normal -0.900145262107772 0.000075481862244 -0.435589831616187
   outer loop
      vertex 0.279111530852176 0.465632793603093 0.120940847555851
      vertex 0.279102179819064 0.463632900546183 0.120959824887045
      vertex 0.272518956251317 0.459404057282994 0.134563306586685
   endloop
endfacet
facet normal -0.184298509597452 0.967834454026631 0.171261580511014
   outer loop
      vertex 0.222675501701031 0.433985611087619 0.233219057664590
      vertex 0.234160789579785 0.438169575666715 0.221934193715786
      vertex 0.209084431629802 0.433993696960133 0.218547700922026
   endloop
endfacet
facet normal -0.234843725176335 0.968154062332801 0.086753307336367
   outer loop
      vertex 0.113914205220711 0.400620618448731 0.300842004730326
      vertex 0.128842295199878 0.404783791406190 0.294792384645551
      vertex 0.106976843357450 0.400618616582345 0.282084705005935
   endloop
endfacet
facet normal -0.089540025877275 0.970389753485676 0.224335262711651
   outer loop
      vertex 0.322161939227813 0.471861170444063 0.121872380243151
      vertex 0.328060526458177 0.476109990346954 0.105847919347113
      vertex 0.303592978428201 0.471865198064377 0.114443438525070
   endloop
endfacet
facet normal -0.100191829217819 0.970517008609305 0.219222109646889
   outer loop
      vertex 0.315481328335569 0.467620836027705 0.137591479257528
      vertex 0.322161939227813 0.471861170444063 0.121872380243151
      vertex 0.297301107108545 0.467626660841020 0.129256723681747
   endloop
endfacet
facet normal -0.238822688961371 0.968157132270875 0.075069903891611
   outer loop
      vertex 0.098709249568432 0.396457936212686 0.306154947482516
      vertex 0.113914205220711 0.400620618448731 0.300842004730326
      vertex 0.092699797384816 0.396454581370878 0.287080119336754
   endloop
endfacet
facet normal -0.230317717207312 0.968143805452717 0.098241137533852
   outer loop
      vertex 0.128842295199878 0.404783791406190 0.294792384645551
      vertex 0.143458199765242 0.408948098349890 0.288019802264745
      vertex 0.120993427003002 0.404783140984556 0.276397812377217
   endloop
endfacet
facet normal -0.229790878434386 0.970943625842949 -0.066817869041900
   outer loop
      vertex -0.097383228740352 0.346327105951655 0.328946672593886
      vertex -0.091810102919786 0.346324253492914 0.309738890709056
      vertex -0.113703015321018 0.342118818218334 0.323919992441340
   endloop
endfacet
facet normal 0.246635799579871 -0.000380830154208 -0.969108165961876
   outer loop
      vertex -0.071582609607843 0.350519018748146 0.294257956223022
      vertex -0.071603463343184 0.348519145352346 0.294253434885002
      vertex -0.086256630424780 0.344321518894648 0.290525887100663
   endloop
endfacet
facet normal -0.247767403213934 0.967699628568547 -0.046569762431438
   outer loop
      vertex -0.064106332134314 0.354723479399982 0.336585949851071
      vertex -0.060434918324763 0.354717385196657 0.316926111015567
      vertex -0.076210584338801 0.350523684629072 0.313714871114328
   endloop
endfacet
facet normal 0.199150016040364 -0.000451082274060 -0.979968911566028
   outer loop
      vertex -0.056763504494044 0.354711289936991 0.297266372174477
      vertex -0.056785359012685 0.352711446086117 0.297262851416231
      vertex -0.071603463343184 0.348519145352346 0.294253434885002
   endloop
endfacet
facet normal 0.151185078766248 -0.000523857601655 -0.988505335105308
   outer loop
      vertex -0.041813783732012 0.358898980410446 0.299549371600699
      vertex -0.041836538635033 0.356899147040869 0.299546951205171
      vertex -0.056785359012685 0.352711446086117 0.297262851416231
   endloop
endfacet
facet normal -0.147765018500879 0.967588880415335 0.204785882824069
   outer loop
      vertex 0.255401231254922 0.446552075054327 0.197750395845895
      vertex 0.281303550067672 0.450742787720159 0.196639819497778
      vertex 0.265106741178245 0.450752328434160 0.184907793730925
   endloop
endfacet
facet normal -0.938583540936910 0.000491185865550 -0.345051728612940
   outer loop
      vertex 0.290222465732632 0.472113505248128 0.092874487654429
      vertex 0.285008216849981 0.467869403575973 0.107051850441499
      vertex 0.285016166214474 0.469869366667828 0.107033074158019
   endloop
endfacet
facet normal 0.246422317681319 0.000157377474043 -0.969162533624210
   outer loop
      vertex -0.071582609607843 0.350519018748146 0.294257956223022
      vertex -0.086256630424780 0.344321518894648 0.290525887100663
      vertex -0.086236977276807 0.346321409975298 0.290531208924300
   endloop
endfacet
facet normal 0.102846146632532 -0.000604620409004 -0.994697091861136
   outer loop
      vertex -0.026768266518600 0.363082709419029 0.301101168090111
      vertex -0.026791822003344 0.361082897459519 0.301099948157206
      vertex -0.041836538635033 0.356899147040869 0.299546951205171
   endloop
endfacet
facet normal 0.054240060302694 -0.000648112038442 -0.998527714091675
   outer loop
      vertex -0.011662270577126 0.367263017273549 0.301917774603218
      vertex -0.011686526464596 0.365263218714284 0.301917755027118
      vertex -0.026791822003344 0.361082897459519 0.301099948157206
   endloop
endfacet
facet normal 0.005464016935502 -0.000608358875729 -0.999984887095004
   outer loop
      vertex 0.003468088058317 0.371440351497380 0.301996803378617
      vertex 0.003443231727199 0.369440569382346 0.301997884164736
      vertex -0.011686526464596 0.365263218714284 0.301917755027118
   endloop
endfacet
facet normal 0.139837208711831 -0.000020807349863 0.990174507158581
   outer loop
      vertex 0.054911104369971 0.381970660246804 0.337315022109787
      vertex 0.038011475986154 0.379801949406158 0.339701623379816
      vertex 0.037985818950969 0.377802194963680 0.339705204767307
   endloop
endfacet
facet normal 0.151258882243683 -0.000524780912560 -0.988494044062677
   outer loop
      vertex -0.041836538635033 0.356899147040869 0.299546951205171
      vertex -0.041859293736806 0.354899323668758 0.299544530915297
      vertex -0.056807213510157 0.350711601178902 0.297259430652404
   endloop
endfacet
facet normal 0.102907948020916 -0.000550407250378 -0.994690731476866
   outer loop
      vertex -0.026791822003344 0.361082897459519 0.301099948157206
      vertex -0.026815277330257 0.359083078546529 0.301098628124061
      vertex -0.041859293736806 0.354899323668758 0.299544530915297
   endloop
endfacet
facet normal 0.054308507951962 -0.000599014734534 -0.998524024320587
   outer loop
      vertex -0.011686526464596 0.365263218714284 0.301917755027118
      vertex -0.011710782373233 0.363263421211359 0.301917635456598
      vertex -0.026815277330257 0.359083078546529 0.301098628124061
   endloop
endfacet
facet normal 0.282978518714362 -0.000180581373272 0.959126230136885
   outer loop
      vertex 0.104692943807412 0.394461581781943 0.325238357793403
      vertex 0.088330294808171 0.392299449078898 0.330065551117576
      vertex 0.088304337025389 0.390299729568567 0.330072833144285
   endloop
endfacet
facet normal 0.005543845351355 -0.000609350865771 -0.999984447114175
   outer loop
      vertex 0.003443231727199 0.369440569382346 0.301997884164736
      vertex 0.003418375396082 0.367440787267314 0.301998964950853
      vertex -0.011710782373233 0.363263421211359 0.301917635456598
   endloop
endfacet
facet normal 0.329510464276018 -0.000256056034151 0.944151888399272
   outer loop
      vertex 0.120826108319134 0.398622955373072 0.319608987086226
      vertex 0.104718801554706 0.396461301983266 0.325229875728187
      vertex 0.104692943807412 0.394461581781943 0.325238357793403
   endloop
endfacet
facet normal -0.043231017284020 -0.000643541442992 -0.999064895289090
   outer loop
      vertex 0.018560939184262 0.373615260050219 0.301339746546642
      vertex 0.018535682611072 0.371615486244558 0.301342127577828
      vertex 0.003418375396082 0.367440787267314 0.301998964950853
   endloop
endfacet
facet normal 0.375258160761057 -0.000289441590981 0.926920292692848
   outer loop
      vertex 0.136665905797836 0.402784720310320 0.313197638960967
      vertex 0.120851565096438 0.400622720289779 0.319599305511271
      vertex 0.120826108319134 0.398622955373072 0.319608987086226
   endloop
endfacet
facet normal 0.204005698162068 -0.963814141595242 -0.171592469468896
   outer loop
      vertex 0.210606520128037 0.425805837523683 0.243964005621815
      vertex 0.197752914011296 0.425812950228549 0.228642446211785
      vertex 0.209044821026478 0.429994132248367 0.218582162153788
   endloop
endfacet
facet normal -0.103621134708629 -0.000024740702570 0.994616840712841
   outer loop
      vertex -0.030258549823120 0.361098447941712 0.340948470427507
      vertex -0.047225369872270 0.358913209793189 0.339180779455216
      vertex -0.047248124775290 0.356913376423611 0.339178359059688
   endloop
endfacet
facet normal 0.219558328698428 -0.963936874507541 -0.150398943692386
   outer loop
      vertex 0.185039996335835 0.417454523755086 0.263561192587830
      vertex 0.173752143962249 0.417459302550108 0.247052110824897
      vertex 0.185978754029187 0.421634623933544 0.238140531131818
   endloop
endfacet
facet normal -0.054999562215078 0.000038731122481 0.998486377801946
   outer loop
      vertex -0.013199380966615 0.365279417405396 0.341887977371293
      vertex -0.030234994338375 0.363098259901224 0.340949690360412
      vertex -0.030258549823120 0.361098447941712 0.340948470427507
   endloop
endfacet
facet normal 0.293384904039308 0.000291299627419 -0.955994358365348
   outer loop
      vertex -0.086256630424780 0.344321518894648 0.290525887100663
      vertex -0.100729990034347 0.338117843565582 0.286082270554897
      vertex -0.100693084849635 0.342117657927563 0.286094815156655
   endloop
endfacet
facet normal 0.293614128498652 -0.000293898423334 -0.955923980852920
   outer loop
      vertex -0.086256630424780 0.344321518894648 0.290525887100663
      vertex -0.086276283792674 0.342321638867805 0.290520465388264
      vertex -0.100729990034347 0.338117843565582 0.286082270554897
   endloop
endfacet
facet normal 0.244315446257887 -0.964079504109495 -0.104214550211567
   outer loop
      vertex 0.128791880024618 0.400784348246144 0.294813948728385
      vertex 0.120943011848909 0.400783696768170 0.276419476454468
      vertex 0.134667012118241 0.404949451372805 0.270056321003646
   endloop
endfacet
facet normal 0.246725345960299 -0.000418010797676 -0.969085356884389
   outer loop
      vertex -0.071603463343184 0.348519145352346 0.294253434885002
      vertex -0.071624217275866 0.346519282885317 0.294249013646887
      vertex -0.086276283792674 0.342321638867805 0.290520465388264
   endloop
endfacet
facet normal 0.091325210830327 -0.000022097371698 0.995821121175135
   outer loop
      vertex 0.037985818950969 0.377802194963680 0.339705204767307
      vertex 0.020989624819373 0.375630731938952 0.341263851190596
      vertex 0.020964268244771 0.373630957201989 0.341266132227529
   endloop
endfacet
facet normal 0.199241355861220 -0.000501109408279 -0.979950320681586
   outer loop
      vertex -0.056785359012685 0.352711446086117 0.297262851416231
      vertex -0.056807213510157 0.350711601178902 0.297259430652404
      vertex -0.071624217275866 0.346519282885317 0.294249013646887
   endloop
endfacet
facet normal 0.259987928896356 -0.964080391075795 -0.054362453691172
   outer loop
      vertex 0.067558425224462 0.384130999937317 0.314535994234620
      vertex 0.063445092644025 0.384125338976421 0.294964412659227
      vertex 0.078143495175450 0.388290835053273 0.291387203733536
   endloop
endfacet
facet normal 0.264251317847306 -0.964029850077199 -0.028595264924380
   outer loop
      vertex 0.035782144615473 0.375795096211890 0.319828459926071
      vertex 0.033604126917654 0.375787771897511 0.299948133908655
      vertex 0.048586499511717 0.379957717634750 0.297820492790431
   endloop
endfacet
facet normal 0.852979200470007 -0.000817516048906 0.521944264489091
   outer loop
      vertex 0.299831297621493 0.457165720980698 0.167974845967660
      vertex 0.290925496731938 0.454950318043165 0.182525540958620
      vertex 0.290911844603119 0.452950437379483 0.182544719342342
   endloop
endfacet
facet normal 0.900040047901898 -0.000638155289889 0.435806728872530
   outer loop
      vertex 0.315472077303866 0.465620943902097 0.137610556582975
      vertex 0.308035597897570 0.463388944693040 0.152965310136858
      vertex 0.308024845217004 0.461389120614731 0.152984588510184
   endloop
endfacet
facet normal -0.294363405140185 -0.000281327753392 0.955693521255099
   outer loop
      vertex -0.097402881909492 0.344327215927347 0.328941250775832
      vertex -0.113703015321018 0.342118818218334 0.323919992441340
      vertex -0.113739920505731 0.338119003856353 0.323907447839581
   endloop
endfacet
facet normal 0.226562782147849 -0.963985224288845 -0.139290319470567
   outer loop
      vertex 0.171567058179400 0.413283315108595 0.272398675393488
      vertex 0.161103692983963 0.413286826946310 0.255355175902659
      vertex 0.173752143962249 0.417459302550108 0.247052110824897
   endloop
endfacet
facet normal 0.926878072543751 -0.001923100594704 -0.375357616576092
   outer loop
      vertex -0.286480276574029 0.259280157196283 0.114936639077166
      vertex -0.292237184435607 0.252377870341691 0.100756354368551
      vertex -0.292228934578359 0.254377814042746 0.100766479429816
   endloop
endfacet
facet normal 0.826342461104264 -0.000834299524896 0.563167329415024
   outer loop
      vertex 0.290911844603119 0.452950437379483 0.182544719342342
      vertex 0.281303550067672 0.450742787720159 0.196639819497778
      vertex 0.281288596165807 0.448742983304433 0.196658798951375
   endloop
endfacet
facet normal 0.238826289789691 -0.968156106371606 -0.075071679085141
   outer loop
      vertex 0.104667186239117 0.392461853570801 0.325246839752802
      vertex 0.098657634274009 0.392458486743880 0.306172011501551
      vertex 0.113863089718078 0.396621184614687 0.300861368937118
   endloop
endfacet
facet normal -0.207714609423601 0.971525076598546 0.113989765208067
   outer loop
      vertex 0.167340867594665 0.413112172710938 0.298076695347356
      vertex 0.182077337886887 0.417279244469214 0.289414211164521
      vertex 0.157726897353886 0.413114277352886 0.280539973674539
   endloop
endfacet
facet normal -0.166959423697646 0.967673373037660 0.189031198357488
   outer loop
      vertex 0.245077775092779 0.442358027257516 0.210102166913898
      vertex 0.255401231254922 0.446552075054327 0.197750395845895
      vertex 0.230111811339954 0.442367340469864 0.196835992585810
   endloop
endfacet
facet normal 0.242257120386334 -0.968149800639196 -0.063225399519550
   outer loop
      vertex 0.088278379640112 0.388299990063303 0.330080114959683
      vertex 0.083210937507157 0.388295407559554 0.310733659293783
      vertex 0.098657634274009 0.392458486743880 0.306172011501551
   endloop
endfacet
facet normal -0.112078238712330 0.962984172175714 0.245152916658558
   outer loop
      vertex 0.272540561635027 0.463403705314572 0.134524949828701
      vertex 0.297301107108545 0.467626660841020 0.129256723681747
      vertex 0.279120883872822 0.467632586685341 0.120921869168103
   endloop
endfacet
facet normal 0.907389061789795 -0.001930269617760 -0.420287240590810
   outer loop
      vertex -0.280044562835583 0.264177444276953 0.128808683249669
      vertex -0.286489266902512 0.257280229835393 0.114926414339677
      vertex -0.286480276574029 0.259280157196283 0.114936639077166
   endloop
endfacet
facet normal 0.944145405627189 -0.001917065903963 -0.329523561966956
   outer loop
      vertex -0.292228934578359 0.254377814042746 0.100766479429816
      vertex -0.297283964014111 0.247470485941888 0.086323078219060
      vertex -0.297276474070219 0.249470417705864 0.086332903298332
   endloop
endfacet
facet normal 0.234845582342827 -0.968153782815192 -0.086751399266479
   outer loop
      vertex 0.120800450587574 0.396623236468405 0.319618669189788
      vertex 0.113863089718078 0.396621184614687 0.300861368937118
      vertex 0.128791880024618 0.400784348246144 0.294813948728385
   endloop
endfacet
facet normal -0.148008751399469 0.967481538049617 0.205116754660162
   outer loop
      vertex 0.265106741178245 0.450752328434160 0.184907793730925
      vertex 0.274170888073553 0.454959401861701 0.171604673708329
      vertex 0.248909834317272 0.450761766129509 0.173175866902101
   endloop
endfacet
facet normal -0.213578135014548 0.968059678159142 0.131319609221645
   outer loop
      vertex 0.171613972691450 0.417282756306930 0.272370711673692
      vertex 0.185085310761810 0.421453953221588 0.263531328976742
      vertex 0.161150607496014 0.417286268144644 0.255327212182862
   endloop
endfacet
facet normal -0.195700375894166 0.971452535832627 0.134094494664176
   outer loop
      vertex 0.196373165122928 0.421449074451902 0.280040409683121
      vertex 0.210192835304070 0.425622015869564 0.269978103424655
      vertex 0.185085310761810 0.421453953221588 0.263531328976742
   endloop
endfacet
facet normal -0.157879173953773 0.971139425722146 0.178780262444532
   outer loop
      vertex 0.260043636898991 0.442348810975846 0.223368442293126
      vertex 0.271001324076583 0.446542508249220 0.210264791310390
      vertex 0.245077775092779 0.442358027257516 0.210102166913898
   endloop
endfacet
facet normal 0.920356154061383 -0.000526761566442 0.391080902376467
   outer loop
      vertex 0.322154087834867 0.469861310370860 0.121891057588599
      vertex 0.315481328335569 0.467620836027705 0.137591479257528
      vertex 0.315472077303866 0.465620943902097 0.137610556582975
   endloop
endfacet
facet normal -0.100340622926989 0.962687802544430 0.251324400372906
   outer loop
      vertex 0.303592978428201 0.471865198064377 0.114443438525070
      vertex 0.290235365287115 0.476113360182715 0.092838035031049
      vertex 0.285024017607419 0.471869226741032 0.107014396812569
   endloop
endfacet
facet normal 0.293472990667375 -0.000340107878069 -0.955967304919671
   outer loop
      vertex -0.086236977276807 0.346321409975298 0.290531208924300
      vertex -0.086256630424780 0.344321518894648 0.290525887100663
      vertex -0.100693084849635 0.342117657927563 0.286094815156655
   endloop
endfacet
facet normal -0.797962598540612 0.000216682048332 -0.602706930754246
   outer loop
      vertex 0.248909834317272 0.450761766129509 0.173175866902101
      vertex 0.248894880436575 0.448761960657441 0.173194946350116
      vertex 0.239784784786810 0.444561810673014 0.185254879842903
   endloop
endfacet
facet normal -0.522122664413534 0.000928845690655 0.852869896614598
   outer loop
      vertex -0.176518660949455 0.320695914947364 0.295386096541275
      vertex -0.191265401394698 0.313839166939735 0.286365683718189
      vertex -0.176535813437535 0.318696015270907 0.295377773930042
   endloop
endfacet
facet normal -0.459978673093118 0.002155018851498 -0.887927348488177
   outer loop
      vertex -0.156235756989652 0.106441239029137 -0.322928670838903
      vertex -0.156249908579433 0.104441324886987 -0.322926193635316
      vertex -0.171507883849371 0.109420789566715 -0.315009922027085
   endloop
endfacet
facet normal 0.214495513550526 0.956633432619270 -0.197089193670707
   outer loop
      vertex -0.238976007455460 0.141109106491203 -0.238784689788196
      vertex -0.220559108919065 0.136153654309714 -0.242794088306044
      vertex -0.227371651466238 0.136173000636475 -0.250114390563068
   endloop
endfacet
facet normal 0.278904359230345 0.959856625105169 -0.029792912647580
   outer loop
      vertex -0.039067091603069 0.071402785063413 -0.336326745021309
      vertex -0.041288229126013 0.071431247496736 -0.356202783642071
      vertex -0.058307598843784 0.076447798468263 -0.353907161177497
   endloop
endfacet
facet normal 0.161053885351335 0.000375575041887 -0.986945543055252
   outer loop
      vertex 0.061313627244814 0.041250804500686 -0.352261489510524
      vertex 0.044344286704351 0.044288748114822 -0.355029461126906
      vertex 0.044363040706394 0.046288587164460 -0.355025639746328
   endloop
endfacet
facet normal -0.014358395592418 -0.001177959885801 0.999896219058018
   outer loop
      vertex 0.008693182372418 0.054316824217209 -0.318061420835621
      vertex -0.006512557383735 0.059339622243308 -0.318273856254474
      vertex 0.008674630572394 0.052316876492094 -0.318064043340065
   endloop
endfacet
facet normal 0.204194935768762 0.956773124345246 -0.207098084822211
   outer loop
      vertex -0.250011229616501 0.146037139073203 -0.226898183681194
      vertex -0.231812783917956 0.141090651669809 -0.231807141472125
      vertex -0.238976007455460 0.141109106491203 -0.238784689788196
   endloop
endfacet
facet normal -0.826542180941681 0.000175589684163 -0.562874757199533
   outer loop
      vertex 0.257416277427631 0.454968585654900 0.160683807514594
      vertex 0.257402723312688 0.452968805897182 0.160703086949123
      vertex 0.248894880436575 0.448761960657441 0.173194946350116
   endloop
endfacet
facet normal 0.034883286054497 -0.001332512455544 0.999390504640001
   outer loop
      vertex -0.006512557383735 0.059339622243308 -0.318273856254474
      vertex -0.021710423493211 0.064358855903113 -0.317736689151333
      vertex -0.006531009076515 0.057339670167789 -0.318275878792575
   endloop
endfacet
facet normal 0.266789635129748 0.960180585424734 -0.082924869374338
   outer loop
      vertex -0.102348663494687 0.091431124565792 -0.322982137949050
      vertex -0.108406830995931 0.091468306032427 -0.342042226758797
      vertex -0.124653943449185 0.096464770715325 -0.336459496457778
   endloop
endfacet
facet normal 0.133251186364056 0.957650302133980 -0.255245019844206
   outer loop
      vertex -0.302899570419193 0.175433095436164 -0.145565997580015
      vertex -0.286901857046609 0.170545427876066 -0.155552331617818
      vertex -0.295779982902767 0.170554196470167 -0.160154276670258
   endloop
endfacet
facet normal 0.244357998544415 0.960584347046177 -0.132540109994062
   outer loop
      vertex -0.161833573288748 0.111379374405969 -0.297500973092813
      vertex -0.171494332183389 0.111420693895675 -0.315012599218511
      vertex -0.186347699176072 0.116393763398154 -0.306354739413445
   endloop
endfacet
facet normal 0.237233452057265 0.960698070898461 -0.144150982643089
   outer loop
      vertex -0.175839267255952 0.116352122714505 -0.289338223738768
      vertex -0.186347699176072 0.116393763398154 -0.306354739413445
      vertex -0.200759035926426 0.121359702837103 -0.296976258265675
   endloop
endfacet
facet normal 0.113171133201442 0.952665253210544 -0.282172305400781
   outer loop
      vertex -0.296046106312765 0.185165247346891 -0.108915837726939
      vertex -0.290726195246432 0.180296480185375 -0.123220023005180
      vertex -0.300011890570650 0.180300239240082 -0.126931555007278
   endloop
endfacet
facet normal 0.229538705350220 0.960814323904971 -0.155395681166430
   outer loop
      vertex -0.189428446531783 0.121318266318633 -0.280495774375785
      vertex -0.200759035926426 0.121359702837103 -0.296976258265675
      vertex -0.214693330362582 0.126318250939813 -0.286900147229270
   endloop
endfacet
facet normal 0.123633191132203 0.955266333330682 -0.268665342862498
   outer loop
      vertex -0.300011890570650 0.180300239240082 -0.126931555007278
      vertex -0.284713911505624 0.175420396605383 -0.137242566400418
      vertex -0.293806740963467 0.175426746073590 -0.141404286989937
   endloop
endfacet
facet normal 0.212515647895295 0.961059806433072 -0.176638466531129
   outer loop
      vertex -0.215225900259012 0.131228981277721 -0.260859936920276
      vertex -0.228116668546499 0.131269041496276 -0.276150998723722
      vertex -0.240996716564536 0.136211693687526 -0.264754995077149
   endloop
endfacet
facet normal 0.193462963840052 0.961317766623824 -0.196061809630550
   outer loop
      vertex -0.238976007455460 0.141109106491203 -0.238784689788196
      vertex -0.253302446515742 0.141146116096152 -0.252739765364918
      vertex -0.265004426506463 0.146072000447513 -0.240134350694143
   endloop
endfacet
facet normal 0.273970347019454 0.959519047156119 0.065295077139504
   outer loop
      vertex 0.073491872709038 0.036204567149825 -0.329204885787038
      vertex 0.078107224202496 0.036211006792094 -0.348664980871668
      vertex 0.061313627244814 0.041250804500686 -0.352261489510524
   endloop
endfacet
facet normal 0.280898561052399 0.959673195706383 0.011106567489151
   outer loop
      vertex 0.009434551391242 0.056336514061612 -0.338045558380190
      vertex 0.010157368610042 0.056356256180902 -0.358032318429205
      vertex -0.007014482256931 0.061385225056718 -0.358268073807781
   endloop
endfacet
facet normal 0.280916289586993 0.959728876030856 -0.002553968916537
   outer loop
      vertex -0.006754341976531 0.061362298719287 -0.338269954818548
      vertex -0.007014482256931 0.061385225056718 -0.358268073807781
      vertex -0.024176853259221 0.066410340764984 -0.357657624663051
   endloop
endfacet
facet normal 0.280249252262147 0.959790556954572 -0.016200104547197
   outer loop
      vertex -0.022934561569924 0.066384524572033 -0.337696446149424
      vertex -0.024176853259221 0.066410340764984 -0.357657624663051
      vertex -0.041288229126013 0.071431247496736 -0.356202783642071
   endloop
endfacet
facet normal 0.180762201103944 0.951730019049663 -0.248062487070871
   outer loop
      vertex -0.254053571058781 0.155839406598912 -0.189865227541758
      vertex -0.244827172069315 0.150924727438466 -0.201997910467473
      vertex -0.262161932489694 0.155853989643110 -0.195717809912470
   endloop
endfacet
facet normal 0.294237481465717 0.954875791920313 0.040454004811242
   outer loop
      vertex 0.057660736201926 0.041240844464552 -0.332598023980857
      vertex 0.044363040706394 0.046288587164460 -0.355025639746328
      vertex 0.041681308278919 0.046275281548671 -0.335206306417529
   endloop
endfacet
facet normal 0.295725339681688 0.954916754170003 0.026086703041507
   outer loop
      vertex 0.041681308278919 0.046275281548671 -0.335206306417529
      vertex 0.027297081637445 0.051323911173038 -0.356950744700746
      vertex 0.025592908326306 0.051307294383006 -0.337023547243555
   endloop
endfacet
facet normal 0.137076446188116 0.955110237315535 -0.262629934461971
   outer loop
      vertex -0.293806740963467 0.175426746073590 -0.141404286989937
      vertex -0.278023721192427 0.170536659480729 -0.150950386565395
      vertex -0.286901857046609 0.170545427876066 -0.155552331617818
   endloop
endfacet
facet normal 0.303895126076939 0.952328938283698 0.026783309245257
   outer loop
      vertex 0.023888635013755 0.051290676661669 -0.317096449780618
      vertex 0.024740721679908 0.051298984528516 -0.327059998512003
      vertex 0.009073094789835 0.056326541505309 -0.328052129414944
   endloop
endfacet
facet normal 0.296521542411353 0.955022169504032 -0.002762361635357
   outer loop
      vertex 0.009434551391242 0.056336514061612 -0.338045558380190
      vertex -0.007014482256931 0.061385225056718 -0.358268073807781
      vertex -0.006754341976531 0.061362298719287 -0.338269954818548
   endloop
endfacet
facet normal 0.281074407731761 0.954807199476380 0.096645688710422
   outer loop
      vertex 0.098048229937414 0.026129356563606 -0.301187048303471
      vertex 0.111058160827472 0.026128175221562 -0.339012125805047
      vertex 0.089135599896327 0.031166960863814 -0.325035278623668
   endloop
endfacet
facet normal 0.295842015744013 0.955082439167499 -0.017176615335406
   outer loop
      vertex -0.022934561569924 0.066384524572033 -0.337696446149424
      vertex -0.006754341976531 0.061362298719287 -0.338269954818548
      vertex -0.024176853259221 0.066410340764984 -0.357657624663051
   endloop
endfacet
facet normal 0.294436209860804 0.955150690414260 -0.031535328188685
   outer loop
      vertex -0.039067091603069 0.071402785063413 -0.336326745021309
      vertex -0.022934561569924 0.066384524572033 -0.337696446149424
      vertex -0.041288229126013 0.071431247496736 -0.356202783642071
   endloop
endfacet
facet normal -0.853161458382731 0.000198393018685 -0.521646898361776
   outer loop
      vertex 0.265299756319669 0.459182472868089 0.147789732206404
      vertex 0.265287503935436 0.457182618975101 0.147809010582220
      vertex 0.257402723312688 0.452968805897182 0.160703086949123
   endloop
endfacet
facet normal -0.116676061389701 0.967264349638489 0.225358324933912
   outer loop
      vertex 0.282571653162697 0.459174023870888 0.157872649899123
      vertex 0.308035597897570 0.463388944693040 0.152965310136858
      vertex 0.290288129756420 0.463396325997628 0.143745129982696
   endloop
endfacet
facet normal 0.294104923013713 0.954917454071807 0.040434517038251
   outer loop
      vertex 0.040340492055303 0.046268629734598 -0.325296639753214
      vertex 0.041681308278919 0.046275281548671 -0.335206306417529
      vertex 0.025592908326306 0.051307294383006 -0.337023547243555
   endloop
endfacet
facet normal -0.877719764027707 0.000124047339459 -0.479174290261283
   outer loop
      vertex 0.272540561635027 0.463403705314572 0.134524949828701
      vertex 0.272529808933295 0.461403882292606 0.134544128207609
      vertex 0.265287503935436 0.457182618975101 0.147809010582220
   endloop
endfacet
facet normal 0.851229311823037 -0.001350687213600 0.524792182046694
   outer loop
      vertex -0.270675475915657 0.163645301658225 -0.164308853855361
      vertex -0.262684781168470 0.156746300595261 -0.177287766682520
      vertex -0.262680001730169 0.158746229817606 -0.177290371750189
   endloop
endfacet
facet normal 0.295578596852205 0.954962439467034 0.026077428746979
   outer loop
      vertex 0.024740721679908 0.051298984528516 -0.327059998512003
      vertex 0.025592908326306 0.051307294383006 -0.337023547243555
      vertex 0.009434551391242 0.056336514061612 -0.338045558380190
   endloop
endfacet
facet normal -0.094439233108813 0.967011637975133 0.236579211408082
   outer loop
      vertex 0.297301107108545 0.467626660841020 0.129256723681747
      vertex 0.322161939227813 0.471861170444063 0.121872380243151
      vertex 0.303592978428201 0.471865198064377 0.114443438525070
   endloop
endfacet
facet normal 0.204995430688721 0.951427247857378 -0.229702123262456
   outer loop
      vertex -0.235018032728655 0.146002277804528 -0.213662026667687
      vertex -0.224649548397010 0.141072097178148 -0.224829604212066
      vertex -0.242514641170602 0.146019708240102 -0.220280105174424
   endloop
endfacet
facet normal -0.920473858260661 -0.000036093499438 -0.390804138867531
   outer loop
      vertex 0.285024017607419 0.471869226741032 0.107014396812569
      vertex 0.285016166214474 0.469869366667828 0.107033074158019
      vertex 0.279111530852176 0.465632793603093 0.120940847555851
   endloop
endfacet
facet normal 0.210003759446699 0.954204297128960 -0.213055345764617
   outer loop
      vertex -0.242514641170602 0.146019708240102 -0.220280105174424
      vertex -0.224649548397010 0.141072097178148 -0.224829604212066
      vertex -0.231812783917956 0.141090651669809 -0.231807141472125
   endloop
endfacet
facet normal 0.005237958744399 -0.000053743166276 -0.999986280355818
   outer loop
      vertex 0.003468088058317 0.371440351497380 0.301996803378617
      vertex -0.011686526464596 0.365263218714284 0.301917755027118
      vertex -0.011662270577126 0.367263017273549 0.301917774603218
   endloop
endfacet
facet normal 0.296350446674910 0.955075254950542 -0.002769501171425
   outer loop
      vertex -0.006624273813281 0.061350934997063 -0.328270844270168
      vertex -0.006754341976531 0.061362298719287 -0.338269954818548
      vertex -0.022934561569924 0.066384524572033 -0.337696446149424
   endloop
endfacet
facet normal 0.938435562081494 -0.000504103617124 0.345453964661477
   outer loop
      vertex 0.328047626903693 0.472110135412366 0.105884371970491
      vertex 0.322154087834867 0.469861310370860 0.121891057588599
      vertex 0.322146138449209 0.467861348335347 0.121909733877662
   endloop
endfacet
facet normal 0.920337931848043 -0.000637855268367 0.391123617725041
   outer loop
      vertex 0.322146138449209 0.467861348335347 0.121909733877662
      vertex 0.315472077303866 0.465620943902097 0.137610556582975
      vertex 0.315462626290509 0.463621048857541 0.137629533914335
   endloop
endfacet
facet normal 0.276719563338775 0.959548574412950 0.051892355965721
   outer loop
      vertex 0.057660736201926 0.041240844464552 -0.332598023980857
      vertex 0.061313627244814 0.041250804500686 -0.352261489510524
      vertex 0.044363040706394 0.046288587164460 -0.355025639746328
   endloop
endfacet
facet normal 0.257837230033301 0.955992741769634 -0.139992287260876
   outer loop
      vertex -0.157003194832019 0.111358764489998 -0.288745144502524
      vertex -0.161833573288748 0.111379374405969 -0.297500973092813
      vertex -0.175839267255952 0.116352122714505 -0.289338223738768
   endloop
endfacet
facet normal -0.522014912127538 0.000609956825474 0.852936140323031
   outer loop
      vertex -0.176518660949455 0.320695914947364 0.295386096541275
      vertex -0.191248648920517 0.315839063381368 0.286374506407833
      vertex -0.191265401394698 0.313839166939735 0.286365683718189
   endloop
endfacet
facet normal 0.281483924346126 0.955558952219259 -0.087600737259090
   outer loop
      vertex -0.099319679713727 0.091412531316659 -0.313452043546804
      vertex -0.102348663494687 0.091431124565792 -0.322982137949050
      vertex -0.117667563938923 0.096426121851780 -0.317719737498446
   endloop
endfacet
facet normal -0.603116319510895 0.000912372853842 0.797652726890222
   outer loop
      vertex -0.205534180068471 0.308981341243800 0.276643346001096
      vertex -0.219292083669760 0.306122097894394 0.266244074227124
      vertex -0.219307835914569 0.304122199787551 0.266234451263507
   endloop
endfacet
facet normal 0.270971055676611 0.955765641578608 -0.114397226204722
   outer loop
      vertex -0.128763213812469 0.101395976339468 -0.302521741981772
      vertex -0.132712004511926 0.101415866296149 -0.311709008859985
      vertex -0.147445879408525 0.106400423529445 -0.304963959764584
   endloop
endfacet
facet normal -0.641506668353345 0.001054070045423 0.767116733877271
   outer loop
      vertex -0.219307835914569 0.304122199787551 0.266234451263507
      vertex -0.232538302762724 0.301261263396959 0.255174313077908
      vertex -0.232553454911312 0.299261366388562 0.255164389982123
   endloop
endfacet
facet normal 0.276559229246897 0.955661531510323 -0.101123834528293
   outer loop
      vertex -0.114174473149105 0.096406744388688 -0.308349758552470
      vertex -0.117667563938923 0.096426121851780 -0.317719737498446
      vertex -0.132712004511926 0.101415866296149 -0.311709008859985
   endloop
endfacet
facet normal -0.391185434710552 0.000141917172248 0.920311868623801
   outer loop
      vertex -0.129926269234880 0.335263420144255 0.317946676483592
      vertex -0.145820009173027 0.330407866909177 0.311191672345927
      vertex -0.145837961688903 0.328407960763071 0.311184349891516
   endloop
endfacet
facet normal 0.256601939085971 0.950722075917769 -0.174020054074028
   outer loop
      vertex -0.178097857139257 0.121276829905794 -0.264015300485337
      vertex -0.165330837321249 0.116310581899885 -0.272321697008094
      vertex -0.183763102840222 0.121297599146186 -0.272255541902088
   endloop
endfacet
facet normal 0.107005696396748 0.957805665805238 -0.266754732835299
   outer loop
      vertex -0.309297585896985 0.180303998400425 -0.130643097008817
      vertex -0.302899570419193 0.175433095436164 -0.145565997580015
      vertex -0.327868984558030 0.180311416442045 -0.138066172068991
   endloop
endfacet
facet normal -0.994443319944743 0.001346804954101 -0.105264759220227
   outer loop
      vertex -0.351193386712661 0.210072295498060 -0.037770190284361
      vertex -0.349386502189596 0.205106822310714 -0.054903481436331
      vertex -0.351195584457015 0.208072306091304 -0.037775016813707
   endloop
endfacet
facet normal -0.995928909680430 0.001956812505525 0.090120906273564
   outer loop
      vertex -0.349998624643186 0.229864467711874 0.031056271502162
      vertex -0.351561891501823 0.224926440510011 0.013887781651603
      vertex -0.350003253316319 0.227864500629114 0.031048545561339
   endloop
endfacet
facet normal -0.968387360841942 0.000362409610594 -0.249450973180810
   outer loop
      vertex -0.343271608824588 0.193153403025436 -0.088798936653067
      vertex -0.338976651519655 0.190165018319741 -0.105476624199205
      vertex -0.338977122612495 0.188165013609460 -0.105477701046385
   endloop
endfacet
facet normal -0.836394610018339 0.002086434067736 0.548123802735433
   outer loop
      vertex -0.289781204189688 0.278916536452144 0.190905205386934
      vertex -0.299247495976241 0.274036275478032 0.176478951600990
      vertex -0.289793155409343 0.276916624464582 0.190894581416272
   endloop
endfacet
facet normal -0.972002308740745 0.001888552680846 0.234963710328709
   outer loop
      vertex -0.340304314649602 0.242641165364197 0.081824818902934
      vertex -0.344360059802339 0.239721635847206 0.065070401970543
      vertex -0.344366079029961 0.237721682748335 0.065061576410393
   endloop
endfacet
facet normal 0.302514869751504 0.952237700060242 0.041570616584452
   outer loop
      vertex 0.055834288703532 0.041235963892978 -0.322766240162259
      vertex 0.041681308278919 0.046275281548671 -0.335206306417529
      vertex 0.040340492055303 0.046268629734598 -0.325296639753214
   endloop
endfacet
facet normal 0.110094592289403 0.955271888598664 -0.274471855755326
   outer loop
      vertex -0.300011890570650 0.180300239240082 -0.126931555007278
      vertex -0.293806740963467 0.175426746073590 -0.141404286989937
      vertex -0.309297585896985 0.180303998400425 -0.130643097008817
   endloop
endfacet
facet normal 0.370304412528685 -0.002081945251630 0.928908126547376
   outer loop
      vertex -0.110681284387741 0.096387469944247 -0.298979878544527
      vertex -0.124814423138414 0.101376087650399 -0.293334595096861
      vertex -0.110696735890031 0.094387538413441 -0.298978201294130
   endloop
endfacet
facet normal 0.289484726971021 0.955304428242775 -0.059933648564550
   outer loop
      vertex -0.071034031405556 0.081426354578567 -0.331214210217624
      vertex -0.055113118576778 0.076416786537826 -0.334164162936505
      vertex -0.075194047848679 0.081459667142064 -0.350776469697705
   endloop
endfacet
facet normal 0.300248192878293 0.952201131286524 0.056249695554590
   outer loop
      vertex 0.071184195957959 0.036201397844195 -0.319474887713657
      vertex 0.057660736201926 0.041240844464552 -0.332598023980857
      vertex 0.055834288703532 0.041235963892978 -0.322766240162259
   endloop
endfacet
facet normal 0.285943887558580 0.955392484429702 -0.073900567407353
   outer loop
      vertex -0.086791815227798 0.086431118738863 -0.327483899215672
      vertex -0.071034031405556 0.081426354578567 -0.331214210217624
      vertex -0.091907061921153 0.086466540156889 -0.346818421518777
   endloop
endfacet
facet normal 0.270626957660161 0.959472078723713 0.078577222763361
   outer loop
      vertex 0.089135599896327 0.031166960863814 -0.325035278623668
      vertex 0.111058160827472 0.026128175221562 -0.339012125805047
      vertex 0.094702508062871 0.031169965719162 -0.344244897421710
   endloop
endfacet
facet normal 0.272208223383130 0.953275408768374 -0.131029302677260
   outer loop
      vertex -0.138656103816341 0.106359707073114 -0.286999347627963
      vertex -0.143051091594795 0.106380063419268 -0.295981663695549
      vertex -0.157003194832019 0.111358764489998 -0.288745144502524
   endloop
endfacet
facet normal 0.276809379994424 0.955578216958308 -0.101226668530993
   outer loop
      vertex -0.117667563938923 0.096426121851780 -0.317719737498446
      vertex -0.102348663494687 0.091431124565792 -0.322982137949050
      vertex -0.124653943449185 0.096464770715325 -0.336459496457778
   endloop
endfacet
facet normal 0.301985801353003 0.949273408754009 0.087661686121865
   outer loop
      vertex 0.098048229937414 0.026129356563606 -0.301187048303471
      vertex 0.089135599896327 0.031166960863814 -0.325035278623668
      vertex 0.086352195803176 0.031165459429962 -0.315430469224731
   endloop
endfacet
facet normal 0.271221398534580 0.955682179637949 -0.114501198681087
   outer loop
      vertex -0.132712004511926 0.101415866296149 -0.311709008859985
      vertex -0.117667563938923 0.096426121851780 -0.317719737498446
      vertex -0.140609587856040 0.101455744071488 -0.330083341571018
   endloop
endfacet
facet normal 0.280366354245621 0.950348483301316 -0.135027655292935
   outer loop
      vertex -0.138656103816341 0.106359707073114 -0.286999347627963
      vertex -0.124814423138414 0.101376087650399 -0.293334595096861
      vertex -0.143051091594795 0.106380063419268 -0.295981663695549
   endloop
endfacet
facet normal 0.280190352599331 0.959625033972148 0.024762077542388
   outer loop
      vertex 0.025592908326306 0.051307294383006 -0.337023547243555
      vertex 0.027297081637445 0.051323911173038 -0.356950744700746
      vertex 0.010157368610042 0.056356256180902 -0.358032318429205
   endloop
endfacet
facet normal 0.264987754475274 0.955787383198388 -0.127483207117373
   outer loop
      vertex -0.147445879408525 0.106400423529445 -0.304963959764584
      vertex -0.132712004511926 0.101415866296149 -0.311709008859985
      vertex -0.156235756989652 0.106441239029137 -0.322928670838903
   endloop
endfacet
facet normal 0.278622256911122 0.953162090855601 -0.117693103066967
   outer loop
      vertex -0.124814423138414 0.101376087650399 -0.293334595096861
      vertex -0.128763213812469 0.101395976339468 -0.302521741981772
      vertex -0.143051091594795 0.106380063419268 -0.295981663695549
   endloop
endfacet
facet normal -0.995931909313230 0.001952568022345 0.090087843185547
   outer loop
      vertex -0.350003253316319 0.227864500629114 0.031048545561339
      vertex -0.351565870176369 0.222926480008895 0.013880655676212
      vertex -0.350007882209373 0.225864544600163 0.031040719731754
   endloop
endfacet
facet normal 0.624442761261116 -0.002182360704274 0.781067522823955
   outer loop
      vertex -0.190442560471696 0.126236435491535 -0.255090438998033
      vertex -0.202335033980931 0.131189023127109 -0.245568884059885
      vertex -0.190453710486697 0.124236472025179 -0.255087112903425
   endloop
endfacet
facet normal -0.257812617980716 -0.000360041757874 0.966194868740184
   outer loop
      vertex 0.083550137286063 0.029164141004613 -0.305831381100486
      vertex 0.068857768925904 0.034198202215700 -0.309749913066981
      vertex 0.083531484849633 0.027164224038451 -0.305837103431733
   endloop
endfacet
facet normal 0.258105745254775 0.955899300129515 -0.140135478300038
   outer loop
      vertex -0.161833573288748 0.111379374405969 -0.297500973092813
      vertex -0.147445879408525 0.106400423529445 -0.304963959764584
      vertex -0.171494332183389 0.111420693895675 -0.315012599218511
   endloop
endfacet
facet normal -0.209886256795524 -0.000536229734495 0.977725662783807
   outer loop
      vertex 0.068857768925904 0.034198202215700 -0.309749913066981
      vertex 0.053989091029995 0.039231051716830 -0.312938979798278
      vertex 0.068839016636228 0.032198276923842 -0.309755035431551
   endloop
endfacet
facet normal -0.999143881761421 0.001539876960250 0.041341653542972
   outer loop
      vertex -0.351565870176369 0.222926480008895 0.013880655676212
      vertex -0.352282682242893 0.219981884533766 -0.003333558437664
      vertex -0.352286030496227 0.217981909165491 -0.003339984664484
   endloop
endfacet
facet normal 0.250603119304772 0.956015998985881 -0.152418785842646
   outer loop
      vertex -0.175839267255952 0.116352122714505 -0.289338223738768
      vertex -0.161833573288748 0.111379374405969 -0.297500973092813
      vertex -0.186347699176072 0.116393763398154 -0.306354739413445
   endloop
endfacet
facet normal 0.284367524819094 0.953051800107700 -0.104054683410864
   outer loop
      vertex -0.110681284387741 0.096387469944247 -0.298979878544527
      vertex -0.114174473149105 0.096406744388688 -0.308349758552470
      vertex -0.128763213812469 0.101395976339468 -0.302521741981772
   endloop
endfacet
facet normal -0.112659126334261 -0.000892462995455 0.993633294914881
   outer loop
      vertex 0.038980921808479 0.044262139927230 -0.315390894463896
      vertex 0.023869981118954 0.049290833261626 -0.317099671194852
      vertex 0.038962169772801 0.042262201959269 -0.315394816895447
   endloop
endfacet
facet normal -0.999146867104566 0.001833630812812 0.041257432702159
   outer loop
      vertex -0.351565870176369 0.222926480008895 0.013880655676212
      vertex -0.352286030496227 0.217981909165491 -0.003339984664484
      vertex -0.351569838874058 0.220926520762885 0.013873429706386
   endloop
endfacet
facet normal 0.732403982714022 -0.001971754022426 0.680867474836854
   outer loop
      vertex -0.235018032728655 0.146002277804528 -0.213662026667687
      vertex -0.224658098908725 0.139072184545499 -0.224826198126239
      vertex -0.224649548397010 0.141072097178148 -0.224829604212066
   endloop
endfacet
facet normal 0.242497530857381 0.956135410773123 -0.164316839653716
   outer loop
      vertex -0.189428446531783 0.121318266318633 -0.280495774375785
      vertex -0.175839267255952 0.116352122714505 -0.289338223738768
      vertex -0.200759035926426 0.121359702837103 -0.296976258265675
   endloop
endfacet
facet normal -0.999970329733018 0.001395675818728 -0.007575733802627
   outer loop
      vertex -0.352286030496227 0.217981909165491 -0.003339984664484
      vertex -0.352159641990062 0.215030571357906 -0.020566549165742
      vertex -0.352162390015011 0.213030590523642 -0.020572275538285
   endloop
endfacet
facet normal 0.764958092381485 -0.001831145358116 0.644077451714278
   outer loop
      vertex -0.244827172069315 0.150924727438466 -0.201997910467473
      vertex -0.235025611463516 0.144002285428084 -0.213658711635000
      vertex -0.235018032728655 0.146002277804528 -0.213662026667687
   endloop
endfacet
facet normal 0.233807044749805 0.956259434343771 -0.175790102263734
   outer loop
      vertex -0.202567996399970 0.126277392156366 -0.270995287585571
      vertex -0.189428446531783 0.121318266318633 -0.280495774375785
      vertex -0.214693330362582 0.126318250939813 -0.286900147229270
   endloop
endfacet
facet normal 0.292859262220859 0.950124164132428 -0.107226513806563
   outer loop
      vertex -0.110681284387741 0.096387469944247 -0.298979878544527
      vertex -0.096290597961220 0.091394041086176 -0.303922048082587
      vertex -0.114174473149105 0.096406744388688 -0.308349758552470
   endloop
endfacet
facet normal -0.999969215012600 0.001694216558344 -0.007661504900369
   outer loop
      vertex -0.352286030496227 0.217981909165491 -0.003339984664484
      vertex -0.352162390015011 0.213030590523642 -0.020572275538285
      vertex -0.352289368971456 0.215981945049787 -0.003346510780083
   endloop
endfacet
facet normal 0.302378968122594 0.952281651101010 0.041552576495921
   outer loop
      vertex 0.038999675810521 0.046261978976867 -0.315387073083318
      vertex 0.040340492055303 0.046268629734598 -0.325296639753214
      vertex 0.024740721679908 0.051298984528516 -0.327059998512003
   endloop
endfacet
facet normal 0.132964060500047 -0.001587538394027 0.991119588312726
   outer loop
      vertex -0.036863805637439 0.069374369804342 -0.316451529006625
      vertex -0.051935991847567 0.074385926412821 -0.314421486273773
      vertex -0.036881559202044 0.067374518940902 -0.316452350556314
   endloop
endfacet
facet normal 0.224553552318638 0.956390007465443 -0.186798971521075
   outer loop
      vertex -0.215225900259012 0.131228981277721 -0.260859936920276
      vertex -0.202567996399970 0.126277392156366 -0.270995287585571
      vertex -0.228116668546499 0.131269041496276 -0.276150998723722
   endloop
endfacet
facet normal 0.304046181152671 0.952280268823368 0.026799427907534
   outer loop
      vertex 0.040340492055303 0.046268629734598 -0.325296639753214
      vertex 0.025592908326306 0.051307294383006 -0.337023547243555
      vertex 0.024740721679908 0.051298984528516 -0.327059998512003
   endloop
endfacet
facet normal -0.998403735141900 0.001233393116711 -0.056466453723634
   outer loop
      vertex -0.352162390015011 0.213030590523642 -0.020572275538285
      vertex -0.351193386712661 0.210072295498060 -0.037770190284361
      vertex -0.351195584457015 0.208072306091304 -0.037775016813707
   endloop
endfacet
facet normal 0.284621571687599 0.952967186972488 -0.104135015647108
   outer loop
      vertex -0.114174473149105 0.096406744388688 -0.308349758552470
      vertex -0.099319679713727 0.091412531316659 -0.313452043546804
      vertex -0.117667563938923 0.096426121851780 -0.317719737498446
   endloop
endfacet
facet normal 0.229715872308407 -0.001823393156036 0.973256026565973
   outer loop
      vertex -0.066891066444962 0.079393093470726 -0.311651673406348
      vertex -0.081693123984985 0.084395953382336 -0.308148597497002
      vertex -0.066908119915024 0.077393244901044 -0.311651395018597
   endloop
endfacet
facet normal 0.123830603501554 0.955119094828269 -0.269097559132128
   outer loop
      vertex -0.293806740963467 0.175426746073590 -0.141404286989937
      vertex -0.286901857046609 0.170545427876066 -0.155552331617818
      vertex -0.302899570419193 0.175433095436164 -0.145565997580015
   endloop
endfacet
facet normal -0.998398395694084 0.001536005286763 -0.056553374463767
   outer loop
      vertex -0.352162390015011 0.213030590523642 -0.020572275538285
      vertex -0.351195584457015 0.208072306091304 -0.037775016813707
      vertex -0.352165148215570 0.211030618431740 -0.020577901810737
   endloop
endfacet
facet normal 0.297132020370457 0.952208387168538 0.070793713537730
   outer loop
      vertex 0.068876421235335 0.036198125519912 -0.309744790702245
      vertex 0.071184195957959 0.036201397844195 -0.319474887713657
      vertex 0.055834288703532 0.041235963892978 -0.322766240162259
   endloop
endfacet
facet normal 0.204466804965486 0.956655977813608 -0.207370841201690
   outer loop
      vertex -0.238976007455460 0.141109106491203 -0.238784689788196
      vertex -0.227371651466238 0.136173000636475 -0.250114390563068
      vertex -0.253302446515742 0.141146116096152 -0.252739765364918
   endloop
endfacet
facet normal 0.898550747565309 -0.000912718357665 0.438868683087578
   outer loop
      vertex -0.284713911505624 0.175420396605383 -0.137242566400418
      vertex -0.278026619190283 0.168536676419091 -0.150948612511072
      vertex -0.278023721192427 0.170536659480729 -0.150950386565395
   endloop
endfacet
facet normal 0.193679467274002 0.956794617455606 -0.216869370738333
   outer loop
      vertex -0.250011229616501 0.146037139073203 -0.226898183681194
      vertex -0.238976007455460 0.141109106491203 -0.238784689788196
      vertex -0.265004426506463 0.146072000447513 -0.240134350694143
   endloop
endfacet
facet normal 0.305827300899976 0.949295423210569 0.072855071859844
   outer loop
      vertex 0.083568689721081 0.031164057039470 -0.305825758763492
      vertex 0.071184195957959 0.036201397844195 -0.319474887713657
      vertex 0.068876421235335 0.036198125519912 -0.309744790702245
   endloop
endfacet
facet normal 0.370319082409998 -0.002147023496114 0.928902130201629
   outer loop
      vertex -0.110696735890031 0.094387538413441 -0.298978201294130
      vertex -0.124829274680921 0.099376164137002 -0.293332547868112
      vertex -0.110712287393731 0.092387605951332 -0.298976624037984
   endloop
endfacet
facet normal 0.137286107898549 0.954968825175471 -0.263034346656571
   outer loop
      vertex -0.286901857046609 0.170545427876066 -0.155552331617818
      vertex -0.279313752393079 0.165656303069180 -0.169342243334155
      vertex -0.295779982902767 0.170554196470167 -0.160154276670258
   endloop
endfacet
facet normal 0.182436139047438 0.956934982726132 -0.225815176647634
   outer loop
      vertex -0.260450961322906 0.150957024574473 -0.214483490197864
      vertex -0.250011229616501 0.146037139073203 -0.226898183681194
      vertex -0.276074740580376 0.150989322004316 -0.226969078927769
   endloop
endfacet
facet normal 0.297418445171976 0.952755905728625 -0.061631587442742
   outer loop
      vertex -0.066874014941265 0.081393040958730 -0.311651850743125
      vertex -0.068954072159183 0.081409646259323 -0.321432981011359
      vertex -0.084234143867949 0.086413508470166 -0.317816587010440
   endloop
endfacet
facet normal -0.988116565050617 0.000846692439410 -0.153704056499766
   outer loop
      vertex -0.349388199664642 0.203106824393984 -0.054907508116815
      vertex -0.346743504896915 0.200133933003497 -0.071925821710650
      vertex -0.346744732274314 0.198133934921624 -0.071928948442150
   endloop
endfacet
facet normal 0.154844593974649 0.952040544372801 -0.263897619517812
   outer loop
      vertex -0.270671648194661 0.165645307852868 -0.164311067886668
      vertex -0.262675234275309 0.160746258710218 -0.177292965761846
      vertex -0.279313752393079 0.165656303069180 -0.169342243334155
   endloop
endfacet
facet normal 0.162981690763417 0.954802387088783 -0.248574677080067
   outer loop
      vertex -0.279313752393079 0.165656303069180 -0.169342243334155
      vertex -0.262675234275309 0.160746258710218 -0.177292965761846
      vertex -0.271060556443756 0.160759166059255 -0.182741348649621
   endloop
endfacet
facet normal -0.257720218963673 -0.000071128653323 0.966219583571991
   outer loop
      vertex 0.083550137286063 0.029164141004613 -0.305831381100486
      vertex 0.068876421235335 0.036198125519912 -0.309744790702245
      vertex 0.068857768925904 0.034198202215700 -0.309749913066981
   endloop
endfacet
facet normal -0.988103098182177 0.001143522464159 -0.153788685276770
   outer loop
      vertex -0.349388199664642 0.203106824393984 -0.054907508116815
      vertex -0.346744732274314 0.198133934921624 -0.071928948442150
      vertex -0.349389887539171 0.201106846670953 -0.054911534586006
   endloop
endfacet
facet normal 0.945583702502111 -0.009721038197830 0.325233705170230
   outer loop
      vertex 0.098048229937414 0.026129356563606 -0.301187048303471
      vertex 0.098011424732947 0.022129544189271 -0.301199592905396
      vertex 0.111058160827472 0.026128175221562 -0.339012125805047
   endloop
endfacet
facet normal 0.150422908612989 0.954816880895734 -0.256315572139013
   outer loop
      vertex -0.279313752393079 0.165656303069180 -0.169342243334155
      vertex -0.271060556443756 0.160759166059255 -0.182741348649621
      vertex -0.287955864601990 0.165667198112063 -0.174373419838178
   endloop
endfacet
facet normal 0.306252471043165 0.949829059926544 -0.063515202109526
   outer loop
      vertex -0.066874014941265 0.081393040958730 -0.311651850743125
      vertex -0.051918538329527 0.076385776595033 -0.314421164695678
      vertex -0.068954072159183 0.081409646259323 -0.321432981011359
   endloop
endfacet
facet normal -0.979421963538272 0.000619637461194 -0.201822281694199
   outer loop
      vertex -0.346744732274314 0.198133934921624 -0.071928948442150
      vertex -0.343270781778584 0.195153413717612 -0.088796809759431
      vertex -0.343271608824588 0.193153403025436 -0.088798936653067
   endloop
endfacet
facet normal 0.146246399829570 0.957367569545482 -0.249117095598568
   outer loop
      vertex -0.287955864601990 0.165667198112063 -0.174373419838178
      vertex -0.279445888611073 0.160772073251781 -0.188189735537155
      vertex -0.305240092994876 0.165689188147155 -0.184435770733117
   endloop
endfacet
facet normal 0.300332673003647 0.952671089614955 -0.047096502400279
   outer loop
      vertex -0.051918538329527 0.076385776595033 -0.314421164695678
      vertex -0.053515879447624 0.076401331088110 -0.324292713284940
      vertex -0.068954072159183 0.081409646259323 -0.321432981011359
   endloop
endfacet
facet normal 0.167999432308036 0.951884647288705 -0.256304133794669
   outer loop
      vertex -0.262675234275309 0.160746258710218 -0.177292965761846
      vertex -0.254053571058781 0.155839406598912 -0.189865227541758
      vertex -0.271060556443756 0.160759166059255 -0.182741348649621
   endloop
endfacet
facet normal 0.133461588660381 0.957512604244790 -0.255651358425116
   outer loop
      vertex -0.295779982902767 0.170554196470167 -0.160154276670258
      vertex -0.287955864601990 0.165667198112063 -0.174373419838178
      vertex -0.313536244613107 0.170571733459605 -0.169358166775121
   endloop
endfacet
facet normal 0.163219577375576 0.954666233440331 -0.248941262731172
   outer loop
      vertex -0.271060556443756 0.160759166059255 -0.182741348649621
      vertex -0.262161932489694 0.155853989643110 -0.195717809912470
      vertex -0.279445888611073 0.160772073251781 -0.188189735537155
   endloop
endfacet
facet normal 0.120370887582880 0.957659036172010 -0.261533974581901
   outer loop
      vertex -0.302899570419193 0.175433095436164 -0.145565997580015
      vertex -0.295779982902767 0.170554196470167 -0.160154276670258
      vertex -0.321085229334879 0.175445794372579 -0.153889438759055
   endloop
endfacet
facet normal -0.112546891475570 -0.000550797296768 0.993646261927012
   outer loop
      vertex 0.038980921808479 0.044262139927230 -0.315390894463896
      vertex 0.023888635013755 0.051290676661669 -0.317096449780618
      vertex 0.023869981118954 0.049290833261626 -0.317099671194852
   endloop
endfacet
facet normal -0.968365632193210 0.000661050360667 -0.249534697786632
   outer loop
      vertex -0.343271608824588 0.193153403025436 -0.088798936653067
      vertex -0.338977122612495 0.188165013609460 -0.105477701046385
      vertex -0.343272426071320 0.191153402529491 -0.088801063441064
   endloop
endfacet
facet normal 0.309242395032439 0.949743510461321 -0.048542820799867
   outer loop
      vertex -0.051918538329527 0.076385776595033 -0.314421164695678
      vertex -0.036845954058956 0.071374321573748 -0.316450606406130
      vertex -0.053515879447624 0.076401331088110 -0.324292713284940
   endloop
endfacet
facet normal -0.435912321265675 0.000260599261456 0.899989100076660
   outer loop
      vertex -0.145837961688903 0.328407960763071 0.311184349891516
      vertex -0.161363476842550 0.325552094800754 0.303665348703241
      vertex -0.161381029365694 0.323552192945813 0.303657426176001
   endloop
endfacet
facet normal 0.302527131153074 0.952588413542773 -0.032444557330229
   outer loop
      vertex -0.036845954058956 0.071374321573748 -0.316450606406130
      vertex -0.037956572821135 0.071388552324758 -0.326388675713637
      vertex -0.053515879447624 0.076401331088110 -0.324292713284940
   endloop
endfacet
facet normal 0.732441945026990 -0.001931501446098 0.680826752167718
   outer loop
      vertex -0.235025611463516 0.144002285428084 -0.213658711635000
      vertex -0.224666547450546 0.137072173820197 -0.224822783097689
      vertex -0.224658098908725 0.139072184545499 -0.224826198126239
   endloop
endfacet
facet normal 0.764982602095781 -0.001835019193463 0.644048329859900
   outer loop
      vertex -0.244833821024733 0.148924755385158 -0.201994769426617
      vertex -0.235033192188026 0.142002393131938 -0.213655405545201
      vertex -0.235025611463516 0.144002285428084 -0.213658711635000
   endloop
endfacet
facet normal 0.193111957393398 0.951577821994192 -0.239180727903566
   outer loop
      vertex -0.244827172069315 0.150924727438466 -0.201997910467473
      vertex -0.235018032728655 0.146002277804528 -0.213662026667687
      vertex -0.252639067691041 0.150940926051900 -0.208240705304084
   endloop
endfacet
facet normal 0.289003315684613 0.954848765818763 0.068854324030417
   outer loop
      vertex 0.071184195957959 0.036201397844195 -0.319474887713657
      vertex 0.073491872709038 0.036204567149825 -0.329204885787038
      vertex 0.057660736201926 0.041240844464552 -0.332598023980857
   endloop
endfacet
facet normal 0.824450426099021 -0.001531165046658 0.565932107623116
   outer loop
      vertex -0.262680001730169 0.158746229817606 -0.177290371750189
      vertex -0.254064987453607 0.151839404881865 -0.189859419493320
      vertex -0.254059280249854 0.153839455722438 -0.189862322489290
   endloop
endfacet
facet normal 0.187626427011762 0.954369693284288 -0.232324799423683
   outer loop
      vertex -0.252639067691041 0.150940926051900 -0.208240705304084
      vertex -0.242514641170602 0.146019708240102 -0.220280105174424
      vertex -0.260450961322906 0.150957024574473 -0.214483490197864
   endloop
endfacet
facet normal 0.302726040911313 0.952524569826600 -0.032463641675155
   outer loop
      vertex -0.037956572821135 0.071388552324758 -0.326388675713637
      vertex -0.022313467702932 0.066371715456400 -0.327715855835973
      vertex -0.039067091603069 0.071402785063413 -0.336326745021309
   endloop
endfacet
facet normal 0.312968039337223 0.949588278694352 -0.018251227896040
   outer loop
      vertex -0.021692271868162 0.066358808353747 -0.317735266579244
      vertex -0.006494203683665 0.061339472356518 -0.318271834772761
      vertex -0.022313467702932 0.066371715456400 -0.327715855835973
   endloop
endfacet
facet normal 0.898567991536713 -0.000912774663187 0.438833375471934
   outer loop
      vertex -0.284715887807765 0.173420337348397 -0.137241313375151
      vertex -0.278029517188139 0.166536693357452 -0.150946838456749
      vertex -0.278026619190283 0.168536676419091 -0.150948612511072
   endloop
endfacet
facet normal 0.294234668176494 0.955213599802711 -0.031510931357468
   outer loop
      vertex -0.037956572821135 0.071388552324758 -0.326388675713637
      vertex -0.039067091603069 0.071402785063413 -0.336326745021309
      vertex -0.055113118576778 0.076416786537826 -0.334164162936505
   endloop
endfacet
facet normal 0.919014766147702 -0.000661858516512 0.394222553319555
   outer loop
      vertex -0.290727263840764 0.178296545223043 -0.123219358891938
      vertex -0.284717866097438 0.171420378066075 -0.137240059293330
      vertex -0.284715887807765 0.173420337348397 -0.137241313375151
   endloop
endfacet
facet normal 0.292105052514297 0.955290491043602 -0.045768067659602
   outer loop
      vertex -0.053515879447624 0.076401331088110 -0.324292713284940
      vertex -0.055113118576778 0.076416786537826 -0.334164162936505
      vertex -0.071034031405556 0.081426354578567 -0.331214210217624
   endloop
endfacet
facet normal 0.919068633011648 -0.000359481705863 0.394097346587115
   outer loop
      vertex -0.290727263840764 0.178296545223043 -0.123219358891938
      vertex -0.290728330447563 0.176296510286047 -0.123218695835250
      vertex -0.284717866097438 0.171420378066075 -0.137240059293330
   endloop
endfacet
facet normal -0.305041305194008 0.000152450194590 0.952339109185628
   outer loop
      vertex 0.098048229937414 0.026129356563606 -0.301187048303471
      vertex 0.083568689721081 0.031164057039470 -0.305825758763492
      vertex 0.083550137286063 0.029164141004613 -0.305831381100486
   endloop
endfacet
facet normal 0.264726405225701 0.955876680635533 -0.127356593050670
   outer loop
      vertex -0.143051091594795 0.106380063419268 -0.295981663695549
      vertex -0.147445879408525 0.106400423529445 -0.304963959764584
      vertex -0.161833573288748 0.111379374405969 -0.297500973092813
   endloop
endfacet
facet normal 0.227285603741492 0.951134094929760 -0.209010018405846
   outer loop
      vertex -0.213746466391647 0.136134309970598 -0.235473786049186
      vertex -0.202335033980931 0.131189023127109 -0.245568884059885
      vertex -0.220559108919065 0.136153654309714 -0.242794088306044
   endloop
endfacet
facet normal 0.257421068115421 0.953519051571120 -0.156639113829295
   outer loop
      vertex -0.183763102840222 0.121297599146186 -0.272255541902088
      vertex -0.165330837321249 0.116310581899885 -0.272321697008094
      vertex -0.170585002298478 0.116331353301017 -0.280829960373514
   endloop
endfacet
facet normal 0.181544395573870 -0.001751867464539 0.983381189262895
   outer loop
      vertex -0.051935991847567 0.074385926412821 -0.314421486273773
      vertex -0.066891066444962 0.079393093470726 -0.311651673406348
      vertex -0.051953543358317 0.072385974268300 -0.314421808908256
   endloop
endfacet
facet normal 0.113349593931957 0.952511628620350 -0.282618942922214
   outer loop
      vertex -0.290726195246432 0.180296480185375 -0.123220023005180
      vertex -0.284713911505624 0.175420396605383 -0.137242566400418
      vertex -0.300011890570650 0.180300239240082 -0.126931555007278
   endloop
endfacet
facet normal 0.229657106955198 -0.001871750383443 0.973269803176628
   outer loop
      vertex -0.066874014941265 0.081393040958730 -0.311651850743125
      vertex -0.081676470541733 0.086395799283145 -0.308149375856180
      vertex -0.066891066444962 0.079393093470726 -0.311651673406348
   endloop
endfacet
facet normal 0.249356907953564 0.953543017682274 -0.169046874816487
   outer loop
      vertex -0.183763102840222 0.121297599146186 -0.272255541902088
      vertex -0.170585002298478 0.116331353301017 -0.280829960373514
      vertex -0.189428446531783 0.121318266318633 -0.280495774375785
   endloop
endfacet
facet normal 0.585332904380075 -0.002209779190626 0.810790051693972
   outer loop
      vertex -0.178109709035251 0.119276954085097 -0.264012123324640
      vertex -0.190453710486697 0.124236472025179 -0.255087112903425
      vertex -0.178121658923957 0.117276976302090 -0.264008947220331
   endloop
endfacet
facet normal 0.265166728040917 0.950593039750425 -0.161429486520033
   outer loop
      vertex -0.165330837321249 0.116310581899885 -0.272321697008094
      vertex -0.152172814387757 0.111338054599361 -0.279989316968789
      vertex -0.170585002298478 0.116331353301017 -0.280829960373514
   endloop
endfacet
facet normal 0.277260176620028 -0.001934896394574 0.960792928073773
   outer loop
      vertex -0.081676470541733 0.086395799283145 -0.308149375856180
      vertex -0.096290597961220 0.091394041086176 -0.303922048082587
      vertex -0.081693123984985 0.084395953382336 -0.308148597497002
   endloop
endfacet
facet normal 0.199183379460406 0.954226221710629 -0.223110508821503
   outer loop
      vertex -0.242514641170602 0.146019708240102 -0.220280105174424
      vertex -0.231812783917956 0.141090651669809 -0.231807141472125
      vertex -0.250011229616501 0.146037139073203 -0.226898183681194
   endloop
endfacet
facet normal 0.265131889349207 0.953396906258191 -0.144011875855538
   outer loop
      vertex -0.152172814387757 0.111338054599361 -0.279989316968789
      vertex -0.157003194832019 0.111358764489998 -0.288745144502524
      vertex -0.170585002298478 0.116331353301017 -0.280829960373514
   endloop
endfacet
facet normal 0.937261831807340 -0.000384258797062 0.348626033139130
   outer loop
      vertex -0.296046460157410 0.181165226796699 -0.108915831542839
      vertex -0.290728330447563 0.176296510286047 -0.123218695835250
      vertex -0.290727263840764 0.178296545223043 -0.123219358891938
   endloop
endfacet
facet normal 0.415531390614905 -0.002154668095435 0.909576286420794
   outer loop
      vertex -0.124814423138414 0.101376087650399 -0.293334595096861
      vertex -0.138656103816341 0.106359707073114 -0.286999347627963
      vertex -0.124829274680921 0.099376164137002 -0.293332547868112
   endloop
endfacet
facet normal 0.222692952032900 -0.958142467612922 0.179919039769261
   outer loop
      vertex -0.206801414863773 0.304098240046191 0.250627379858937
      vertex -0.219295427124011 0.299234528820841 0.240190464429342
      vertex -0.200548254339080 0.304086259709860 0.242823794159528
   endloop
endfacet
facet normal 0.502860015699536 -0.002207941060230 0.864365044183843
   outer loop
      vertex -0.152172814387757 0.111338054599361 -0.279989316968789
      vertex -0.165330837321249 0.116310581899885 -0.272321697008094
      vertex -0.152186266065027 0.109338151835509 -0.279986599779761
   endloop
endfacet
facet normal 0.213590192196336 -0.958103339517448 0.190832965189577
   outer loop
      vertex -0.219295427124011 0.299234528820841 0.240190464429342
      vertex -0.231261897985500 0.294368897105905 0.229155383663116
      vertex -0.212666463199317 0.299221107986817 0.232703601647452
   endloop
endfacet
facet normal 0.265400203536792 0.953298207440449 -0.144170939004557
   outer loop
      vertex -0.157003194832019 0.111358764489998 -0.288745144502524
      vertex -0.143051091594795 0.106380063419268 -0.295981663695549
      vertex -0.161833573288748 0.111379374405969 -0.297500973092813
   endloop
endfacet
facet normal -0.257833555842822 -0.000324414380301 0.966189294205207
   outer loop
      vertex 0.083568689721081 0.031164057039470 -0.305825758763492
      vertex 0.068876421235335 0.036198125519912 -0.309744790702245
      vertex 0.083550137286063 0.029164141004613 -0.305831381100486
   endloop
endfacet
facet normal 0.544739117785980 -0.002229173026786 0.838602602155138
   outer loop
      vertex -0.165330837321249 0.116310581899885 -0.272321697008094
      vertex -0.178097857139257 0.121276829905794 -0.264015300485337
      vertex -0.165343589083892 0.114310690408697 -0.272318729834182
   endloop
endfacet
facet normal 0.210270476871653 0.954081411296152 -0.213342417665385
   outer loop
      vertex -0.231812783917956 0.141090651669809 -0.231807141472125
      vertex -0.220559108919065 0.136153654309714 -0.242794088306044
      vertex -0.238976007455460 0.141109106491203 -0.238784689788196
   endloop
endfacet
facet normal 0.203975861575615 -0.958059365440393 0.201286115235098
   outer loop
      vertex -0.231261897985500 0.294368897105905 0.229155383663116
      vertex -0.242672463609190 0.289500932757796 0.217548428670471
      vertex -0.224273235697337 0.294354130581648 0.222003049202952
   endloop
endfacet
facet normal -0.112680759270549 -0.000841981048523 0.993630885972315
   outer loop
      vertex 0.038999675810521 0.046261978976867 -0.315387073083318
      vertex 0.023888635013755 0.051290676661669 -0.317096449780618
      vertex 0.038980921808479 0.044262139927230 -0.315390894463896
   endloop
endfacet
facet normal 0.324186897186907 -0.001997753885801 0.945990943229235
   outer loop
      vertex -0.096290597961220 0.091394041086176 -0.303922048082587
      vertex -0.110681284387741 0.096387469944247 -0.298979878544527
      vertex -0.096306649429642 0.089394101854867 -0.303920770808865
   endloop
endfacet
facet normal 0.272469613275088 0.953183961204181 -0.131151233104501
   outer loop
      vertex -0.143051091594795 0.106380063419268 -0.295981663695549
      vertex -0.128763213812469 0.101395976339468 -0.302521741981772
      vertex -0.147445879408525 0.106400423529445 -0.304963959764584
   endloop
endfacet
facet normal 0.698079695316294 -0.002064883539589 0.716017091446201
   outer loop
      vertex -0.213746466391647 0.136134309970598 -0.235473786049186
      vertex -0.224649548397010 0.141072097178148 -0.224829604212066
      vertex -0.213755916717094 0.134134379026604 -0.235470339964097
   endloop
endfacet
facet normal 0.662072122264329 -0.002113161983441 0.749437148443310
   outer loop
      vertex -0.202335033980931 0.131189023127109 -0.245568884059885
      vertex -0.213746466391647 0.136134309970598 -0.235473786049186
      vertex -0.202345284154684 0.129189076598853 -0.245565467971794
   endloop
endfacet
facet normal 0.795654581434421 -0.001693819619331 0.605748229892184
   outer loop
      vertex -0.254053571058781 0.155839406598912 -0.189865227541758
      vertex -0.244833821024733 0.148924755385158 -0.201994769426617
      vertex -0.244827172069315 0.150924727438466 -0.201997910467473
   endloop
endfacet
facet normal 0.286961643549084 0.950233256755508 -0.121283852542004
   outer loop
      vertex -0.124814423138414 0.101376087650399 -0.293334595096861
      vertex -0.110681284387741 0.096387469944247 -0.298979878544527
      vertex -0.128763213812469 0.101395976339468 -0.302521741981772
   endloop
endfacet
facet normal 0.875936207661400 -0.001142363482343 0.482425595416992
   outer loop
      vertex -0.278023721192427 0.170536659480729 -0.150950386565395
      vertex -0.270675475915657 0.163645301658225 -0.164308853855361
      vertex -0.270671648194661 0.165645307852868 -0.164311067886668
   endloop
endfacet
facet normal 0.304878901856783 0.952386760020381 -0.002883494491624
   outer loop
      vertex 0.009073094789835 0.056326541505309 -0.328052129414944
      vertex -0.006754341976531 0.061362298719287 -0.338269954818548
      vertex -0.006624273813281 0.061350934997063 -0.328270844270168
   endloop
endfacet
facet normal 0.937234127829620 -0.000384985746553 0.348700503896148
   outer loop
      vertex -0.296046106312765 0.185165247346891 -0.108915837726939
      vertex -0.290727263840764 0.178296545223043 -0.123219358891938
      vertex -0.290726195246432 0.180296480185375 -0.123220023005180
   endloop
endfacet
facet normal 0.313645645952944 0.949460705867096 0.012279120046500
   outer loop
      vertex 0.023888635013755 0.051290676661669 -0.317096449780618
      vertex 0.009073094789835 0.056326541505309 -0.328052129414944
      vertex 0.008711736159974 0.056316671967658 -0.318058799387730
   endloop
endfacet
facet normal 0.226518398838360 -0.962615058843502 0.148531691821735
   outer loop
      vertex -0.191265401394698 0.313839166939735 0.286365683718189
      vertex -0.205534180068471 0.308981341243800 0.276643346001096
      vertex -0.180351420218881 0.313821413829490 0.269606250619228
   endloop
endfacet
facet normal 0.278882173438053 0.953072455493080 -0.117803344260079
   outer loop
      vertex -0.128763213812469 0.101395976339468 -0.302521741981772
      vertex -0.114174473149105 0.096406744388688 -0.308349758552470
      vertex -0.132712004511926 0.101415866296149 -0.311709008859985
   endloop
endfacet
facet normal 0.218929465236914 -0.962589287249127 0.159661370795497
   outer loop
      vertex -0.205534180068471 0.308981341243800 0.276643346001096
      vertex -0.219307835914569 0.304122199787551 0.266234451263507
      vertex -0.193809774768326 0.308960413720362 0.260440538900278
   endloop
endfacet
facet normal 0.304833260050172 0.952330436000057 0.011975985768452
   outer loop
      vertex 0.024740721679908 0.051298984528516 -0.327059998512003
      vertex 0.009434551391242 0.056336514061612 -0.338045558380190
      vertex 0.009073094789835 0.056326541505309 -0.328052129414944
   endloop
endfacet
facet normal 0.210815274914824 -0.962557643298400 0.170410396368350
   outer loop
      vertex -0.219307835914569 0.304122199787551 0.266234451263507
      vertex -0.232553454911312 0.299261366388562 0.255164389982123
      vertex -0.206801414863773 0.304098240046191 0.250627379858937
   endloop
endfacet
facet normal 0.312831323641457 0.949409200667118 0.027545101875987
   outer loop
      vertex 0.038999675810521 0.046261978976867 -0.315387073083318
      vertex 0.024740721679908 0.051298984528516 -0.327059998512003
      vertex 0.023888635013755 0.051290676661669 -0.317096449780618
   endloop
endfacet
facet normal 0.183531345227887 -0.962426627837272 0.200128037387619
   outer loop
      vertex -0.257335484266195 0.289532953632711 0.231149429731992
      vertex -0.268813015295154 0.284664488749104 0.218262412177127
      vertex -0.242672463609190 0.289500932757796 0.217548428670471
   endloop
endfacet
facet normal 0.289421114466677 0.952947901661622 -0.090142749123703
   outer loop
      vertex -0.096290597961220 0.091394041086176 -0.303922048082587
      vertex -0.099319679713727 0.091412531316659 -0.313452043546804
      vertex -0.114174473149105 0.096406744388688 -0.308349758552470
   endloop
endfacet
facet normal 0.084108905021851 -0.001210432871736 0.996455832913977
   outer loop
      vertex -0.021710423493211 0.064358855903113 -0.317736689151333
      vertex -0.036845954058956 0.071374321573748 -0.316450606406130
      vertex -0.036863805637439 0.069374369804342 -0.316451529006625
   endloop
endfacet
facet normal 0.163105675738421 -0.962309842349973 0.217615040514859
   outer loop
      vertex -0.279644770833598 0.279792561528072 0.204829890911850
      vertex -0.289805116648190 0.274916713334598 0.190883857451208
      vertex -0.263718622970448 0.279756255593131 0.192732461150425
   endloop
endfacet
facet normal 0.300121122327255 0.952241986463278 0.056236208527056
   outer loop
      vertex 0.054007843171505 0.041230984403081 -0.312934557394636
      vertex 0.055834288703532 0.041235963892978 -0.322766240162259
      vertex 0.040340492055303 0.046268629734598 -0.325296639753214
   endloop
endfacet
facet normal 0.308921883840765 0.949325219304860 0.057869661101937
   outer loop
      vertex 0.068876421235335 0.036198125519912 -0.309744790702245
      vertex 0.055834288703532 0.041235963892978 -0.322766240162259
      vertex 0.054007843171505 0.041230984403081 -0.312934557394636
   endloop
endfacet
facet normal 0.117738215707595 -0.962012540273879 0.246311966655685
   outer loop
      vertex -0.316025102770712 0.260260789544915 0.146302102230723
      vertex -0.323275464315350 0.255364554165594 0.130644741949359
      vertex -0.298044578344106 0.260219192708547 0.137544868179189
   endloop
endfacet
facet normal 0.302517242617929 0.949922537970701 -0.078297444237642
   outer loop
      vertex -0.081676470541733 0.086395799283145 -0.308149375856180
      vertex -0.066874014941265 0.081393040958730 -0.311651850743125
      vertex -0.084234143867949 0.086413508470166 -0.317816587010440
   endloop
endfacet
facet normal 0.105604427235573 -0.961926320357263 0.252082246800888
   outer loop
      vertex -0.323275464315350 0.255364554165594 0.130644741949359
      vertex -0.329750109771411 0.250462563309157 0.114651537932891
      vertex -0.304886864173104 0.255322423251747 0.122780465722951
   endloop
endfacet
facet normal 0.297250056041475 0.952170384568769 0.070809342134375
   outer loop
      vertex 0.086352195803176 0.031165459429962 -0.315430469224731
      vertex 0.073491872709038 0.036204567149825 -0.329204885787038
      vertex 0.071184195957959 0.036201397844195 -0.319474887713657
   endloop
endfacet
facet normal 0.624555643093523 -0.001867006885213 0.780978080976238
   outer loop
      vertex -0.190453710486697 0.124236472025179 -0.255087112903425
      vertex -0.202335033980931 0.131189023127109 -0.245568884059885
      vertex -0.202345284154684 0.129189076598853 -0.245565467971794
   endloop
endfacet
facet normal 0.301990558243890 0.949272292614572 0.087657385346683
   outer loop
      vertex 0.098048229937414 0.026129356563606 -0.301187048303471
      vertex 0.086352195803176 0.031165459429962 -0.315430469224731
      vertex 0.083568689721081 0.031164057039470 -0.305825758763492
   endloop
endfacet
facet normal 0.824428095215078 -0.001531367890712 0.565964637351506
   outer loop
      vertex -0.262675234275309 0.160746258710218 -0.177292965761846
      vertex -0.254059280249854 0.153839455722438 -0.189862322489290
      vertex -0.254053571058781 0.155839406598912 -0.189865227541758
   endloop
endfacet
facet normal 0.945584253356136 -0.009744667215441 0.325231396494526
   outer loop
      vertex 0.111058160827472 0.026128175221562 -0.339012125805047
      vertex 0.098011424732947 0.022129544189271 -0.301199592905396
      vertex 0.111021255642758 0.022128360859581 -0.339024670406806
   endloop
endfacet
facet normal -0.305104277667283 -0.000179267553723 0.952318931667469
   outer loop
      vertex 0.098048229937414 0.026129356563606 -0.301187048303471
      vertex 0.083550137286063 0.029164141004613 -0.305831381100486
      vertex 0.098011424732947 0.022129544189271 -0.301199592905396
   endloop
endfacet
facet normal -0.038484376970167 -0.960751818604126 0.274726947673655
   outer loop
      vertex -0.329572891673005 0.201084688995544 -0.052213012585662
      vertex -0.349389887539171 0.201106846670953 -0.054911534586006
      vertex -0.346745959829300 0.196133945780875 -0.071931975073577
   endloop
endfacet
facet normal -0.161356124681497 -0.000372646382590 0.986896175979238
   outer loop
      vertex 0.053989091029995 0.039231051716830 -0.312938979798278
      vertex 0.038999675810521 0.046261978976867 -0.315387073083318
      vertex 0.038980921808479 0.044262139927230 -0.315390894463896
   endloop
endfacet
facet normal 0.824505359411452 -0.001231463866592 0.565852804003425
   outer loop
      vertex -0.262675234275309 0.160746258710218 -0.177292965761846
      vertex -0.262680001730169 0.158746229817606 -0.177290371750189
      vertex -0.254059280249854 0.153839455722438 -0.189862322489290
   endloop
endfacet
facet normal 0.297638577186406 0.952685005492360 -0.061664882068118
   outer loop
      vertex -0.068954072159183 0.081409646259323 -0.321432981011359
      vertex -0.053515879447624 0.076401331088110 -0.324292713284940
      vertex -0.071034031405556 0.081426354578567 -0.331214210217624
   endloop
endfacet
facet normal 0.289662090373773 0.952868763580064 -0.090205281406887
   outer loop
      vertex -0.099319679713727 0.091412531316659 -0.313452043546804
      vertex -0.084234143867949 0.086413508470166 -0.317816587010440
      vertex -0.102348663494687 0.091431124565792 -0.322982137949050
   endloop
endfacet
facet normal -0.161468513583941 -0.000716963305895 0.986877603902638
   outer loop
      vertex 0.053989091029995 0.039231051716830 -0.312938979798278
      vertex 0.038980921808479 0.044262139927230 -0.315390894463896
      vertex 0.053970336879786 0.037231220061585 -0.312943501139784
   endloop
endfacet
facet normal -0.064932979780042 -0.960507526324470 0.270571617156959
   outer loop
      vertex -0.323814376435534 0.191140578233185 -0.084176959392071
      vertex -0.343272426071320 0.191153402529491 -0.088801063441064
      vertex -0.338977593703217 0.186165008793544 -0.105478767894122
   endloop
endfacet
facet normal -0.095649407793794 -0.955854383533507 0.277837341386063
   outer loop
      vertex -0.319769250804006 0.186157516307327 -0.099907571805135
      vertex -0.333871617321422 0.181168696937651 -0.121925734801243
      vertex -0.296046460157410 0.181165226796699 -0.108915831542839
   endloop
endfacet
facet normal -0.063594054312940 -0.001064823910410 0.997975281460459
   outer loop
      vertex 0.023869981118954 0.049290833261626 -0.317099671194852
      vertex 0.008693182372418 0.054316824217209 -0.318061420835621
      vertex 0.023851329190521 0.047290890943259 -0.317102993660059
   endloop
endfacet
facet normal -0.014259944600978 -0.000879842260089 0.999897934720127
   outer loop
      vertex 0.008693182372418 0.054316824217209 -0.318061420835621
      vertex -0.006494203683665 0.061339472356518 -0.318271834772761
      vertex -0.006512557383735 0.059339622243308 -0.318273856254474
   endloop
endfacet
facet normal 0.253612652528958 -0.958220403555419 0.132265946816689
   outer loop
      vertex -0.161381029365694 0.323552192945813 0.303657426176001
      vertex -0.152165618185418 0.323541120495879 0.285907167870495
      vertex -0.137506394535052 0.328400344704674 0.293002291074303
   endloop
endfacet
facet normal 0.300551415670374 0.952600003873141 -0.047138934644570
   outer loop
      vertex -0.053515879447624 0.076401331088110 -0.324292713284940
      vertex -0.037956572821135 0.071388552324758 -0.326388675713637
      vertex -0.055113118576778 0.076416786537826 -0.334164162936505
   endloop
endfacet
facet normal 0.246749037548759 -0.958210754461229 0.144731000492650
   outer loop
      vertex -0.176535813437535 0.318696015270907 0.295377773930042
      vertex -0.166458863867553 0.318681551883309 0.278102023932795
      vertex -0.152165618185418 0.323541120495879 0.285907167870495
   endloop
endfacet
facet normal 0.084006907729005 -0.001520693246072 0.996464011866892
   outer loop
      vertex -0.021710423493211 0.064358855903113 -0.317736689151333
      vertex -0.036863805637439 0.069374369804342 -0.316451529006625
      vertex -0.021728577126958 0.062359004483485 -0.317738210661286
   endloop
endfacet
facet normal 0.034983617477930 -0.001028379483019 0.999387356806057
   outer loop
      vertex -0.006512557383735 0.059339622243308 -0.318273856254474
      vertex -0.021692271868162 0.066358808353747 -0.317735266579244
      vertex -0.021710423493211 0.064358855903113 -0.317736689151333
   endloop
endfacet
facet normal 0.311480680262268 0.949663586467025 -0.033449340231781
   outer loop
      vertex -0.036845954058956 0.071374321573748 -0.316450606406130
      vertex -0.021692271868162 0.066358808353747 -0.317735266579244
      vertex -0.037956572821135 0.071388552324758 -0.326388675713637
   endloop
endfacet
facet normal 0.213575310356143 -0.958109555103122 0.190818414274867
   outer loop
      vertex -0.232553454911312 0.299261366388562 0.255164389982123
      vertex -0.219295427124011 0.299234528820841 0.240190464429342
      vertex -0.206801414863773 0.304098240046191 0.250627379858937
   endloop
endfacet
facet normal 0.127482318368268 0.952352419456535 -0.277079641364602
   outer loop
      vertex -0.284713911505624 0.175420396605383 -0.137242566400418
      vertex -0.278023721192427 0.170536659480729 -0.150950386565395
      vertex -0.293806740963467 0.175426746073590 -0.141404286989937
   endloop
endfacet
facet normal 0.203953193677394 -0.958068041535366 0.201267788225984
   outer loop
      vertex -0.245239402547431 0.294398427632998 0.243459952589325
      vertex -0.231261897985500 0.294368897105905 0.229155383663116
      vertex -0.219295427124011 0.299234528820841 0.240190464429342
   endloop
endfacet
facet normal 0.303976656501034 0.952515266800544 -0.017687815420286
   outer loop
      vertex -0.021692271868162 0.066358808353747 -0.317735266579244
      vertex -0.022313467702932 0.066371715456400 -0.327715855835973
      vertex -0.037956572821135 0.071388552324758 -0.326388675713637
   endloop
endfacet
facet normal 0.133051305914478 -0.001320564961042 0.991108271634656
   outer loop
      vertex -0.036863805637439 0.069374369804342 -0.316451529006625
      vertex -0.051918538329527 0.076385776595033 -0.314421164695678
      vertex -0.051935991847567 0.074385926412821 -0.314421486273773
   endloop
endfacet
facet normal 0.698215541213318 -0.001727057596871 0.715885518278062
   outer loop
      vertex -0.213765265076882 0.132134350201226 -0.235466904935170
      vertex -0.224658098908725 0.139072184545499 -0.224826198126239
      vertex -0.224666547450546 0.137072173820197 -0.224822783097689
   endloop
endfacet
facet normal 0.662203914335938 -0.001808263651127 0.749321497103032
   outer loop
      vertex -0.202355534328436 0.127189130070599 -0.245562051883703
      vertex -0.213755916717094 0.134134379026604 -0.235470339964097
      vertex -0.213765265076882 0.132134350201226 -0.235466904935170
   endloop
endfacet
facet normal 0.277290072355990 -0.001969465704674 0.960784230187844
   outer loop
      vertex -0.081693123984985 0.084395953382336 -0.308148597497002
      vertex -0.096306649429642 0.089394101854867 -0.303920770808865
      vertex -0.081709675481628 0.082396010550850 -0.308147920188962
   endloop
endfacet
facet normal 0.181638500823471 -0.001461449829067 0.983364286103069
   outer loop
      vertex -0.051935991847567 0.074385926412821 -0.314421486273773
      vertex -0.066874014941265 0.081393040958730 -0.311651850743125
      vertex -0.066891066444962 0.079393093470726 -0.311651673406348
   endloop
endfacet
facet normal 0.141324889274129 0.952196144413713 -0.270831641865044
   outer loop
      vertex -0.278023721192427 0.170536659480729 -0.150950386565395
      vertex -0.270671648194661 0.165645307852868 -0.164311067886668
      vertex -0.286901857046609 0.170545427876066 -0.155552331617818
   endloop
endfacet
facet normal 0.150204802141736 0.954956931652146 -0.255921425642872
   outer loop
      vertex -0.286901857046609 0.170545427876066 -0.155552331617818
      vertex -0.270671648194661 0.165645307852868 -0.164311067886668
      vertex -0.279313752393079 0.165656303069180 -0.169342243334155
   endloop
endfacet
facet normal 0.111520847286298 -0.957530237439562 0.265892732148667
   outer loop
      vertex -0.298044578344106 0.260219192708547 0.137544868179189
      vertex -0.323275464315350 0.255364554165594 0.130644741949359
      vertex -0.304886864173104 0.255322423251747 0.122780465722951
   endloop
endfacet
facet normal 0.304695450725958 0.952445502692741 -0.002871708076789
   outer loop
      vertex -0.006494203683665 0.061339472356518 -0.318271834772761
      vertex -0.006624273813281 0.061350934997063 -0.328270844270168
      vertex -0.022313467702932 0.066371715456400 -0.327715855835973
   endloop
endfacet
facet normal 0.277402822715695 -0.001612838466680 0.960752347226612
   outer loop
      vertex -0.081693123984985 0.084395953382336 -0.308148597497002
      vertex -0.096290597961220 0.091394041086176 -0.303922048082587
      vertex -0.096306649429642 0.089394101854867 -0.303920770808865
   endloop
endfacet
facet normal 0.098436093795007 -0.957440705435053 0.271325691769889
   outer loop
      vertex -0.304886864173104 0.255322423251747 0.122780465722951
      vertex -0.329750109771411 0.250462563309157 0.114651537932891
      vertex -0.310997768621618 0.250420249515027 0.107698933670118
   endloop
endfacet
facet normal 0.304172861622246 0.952452285111824 -0.017706350211102
   outer loop
      vertex -0.022313467702932 0.066371715456400 -0.327715855835973
      vertex -0.006624273813281 0.061350934997063 -0.328270844270168
      vertex -0.022934561569924 0.066384524572033 -0.337696446149424
   endloop
endfacet
facet normal 0.370467380069937 -0.001800297074404 0.928843732408504
   outer loop
      vertex -0.110712287393731 0.092387605951332 -0.298976624037984
      vertex -0.124829274680921 0.099376164137002 -0.293332547868112
      vertex -0.124844126223429 0.097376240623604 -0.293330500639363
   endloop
endfacet
facet normal 0.415565769776257 -0.002154939475802 0.909560579195318
   outer loop
      vertex -0.124829274680921 0.099376164137002 -0.293332547868112
      vertex -0.138670355401183 0.104359791682757 -0.286996940420304
      vertex -0.124844126223429 0.097376240623604 -0.293330500639363
   endloop
endfacet
facet normal 0.324311302783380 -0.001712310488073 0.945948860604916
   outer loop
      vertex -0.096306649429642 0.089394101854867 -0.303920770808865
      vertex -0.110681284387741 0.096387469944247 -0.298979878544527
      vertex -0.110696735890031 0.094387538413441 -0.298978201294130
   endloop
endfacet
facet normal 0.313686398965849 0.949521927572358 -0.002992016562740
   outer loop
      vertex 0.008711736159974 0.056316671967658 -0.318058799387730
      vertex -0.006624273813281 0.061350934997063 -0.328270844270168
      vertex -0.006494203683665 0.061339472356518 -0.318271834772761
   endloop
endfacet
facet normal 0.043989176063069 -0.957038977139825 0.286603120402499
   outer loop
      vertex -0.324802724858892 0.235681118941223 0.060925949368304
      vertex -0.347606853856128 0.230796225228878 0.048114159910750
      vertex -0.327858648218013 0.230756957372603 0.044951988604047
   endloop
endfacet
facet normal 0.415651686161790 -0.001867222517586 0.909521956453460
   outer loop
      vertex -0.124829274680921 0.099376164137002 -0.293332547868112
      vertex -0.138656103816341 0.106359707073114 -0.286999347627963
      vertex -0.138670355401183 0.104359791682757 -0.286996940420304
   endloop
endfacet
facet normal 0.015945543723350 -0.956819400831045 0.290245368315651
   outer loop
      vertex -0.330128392216057 0.225827047387657 0.028850493591747
      vertex -0.351569838874058 0.220926520762885 0.013873429706386
      vertex -0.331606874328596 0.220891200022012 0.012660263425146
   endloop
endfacet
facet normal 0.502891008190860 -0.002212342649185 0.864347001742230
   outer loop
      vertex -0.152186266065027 0.109338151835509 -0.279986599779761
      vertex -0.165343589083892 0.114310690408697 -0.272318729834182
      vertex -0.152199715756881 0.107338149202628 -0.279983893646728
   endloop
endfacet
facet normal 0.459876842867141 -0.001886743454684 0.887980703390388
   outer loop
      vertex -0.138670355401183 0.104359791682757 -0.286996940420304
      vertex -0.152172814387757 0.111338054599361 -0.279989316968789
      vertex -0.152186266065027 0.109338151835509 -0.279986599779761
   endloop
endfacet
facet normal 0.502972478315624 -0.001924732627050 0.864300284311740
   outer loop
      vertex -0.152186266065027 0.109338151835509 -0.279986599779761
      vertex -0.165330837321249 0.116310581899885 -0.272321697008094
      vertex -0.165343589083892 0.114310690408697 -0.272318729834182
   endloop
endfacet
facet normal 0.324207743944330 -0.002045228323127 0.945983697432273
   outer loop
      vertex -0.096306649429642 0.089394101854867 -0.303920770808865
      vertex -0.110696735890031 0.094387538413441 -0.298978201294130
      vertex -0.096322700919230 0.087394163679897 -0.303919593529564
   endloop
endfacet
facet normal -0.068420472928208 -0.956009273330639 0.285245347359258
   outer loop
      vertex -0.314085345135543 0.191134116735193 -0.081864957893069
      vertex -0.323814376435534 0.191140578233185 -0.084176959392071
      vertex -0.319769250804006 0.186157516307327 -0.099907571805135
   endloop
endfacet
facet normal 0.459788776093182 -0.002189078790258 0.888025612982409
   outer loop
      vertex -0.138670355401183 0.104359791682757 -0.286996940420304
      vertex -0.152186266065027 0.109338151835509 -0.279986599779761
      vertex -0.138684507007896 0.102359878385682 -0.286994543212253
   endloop
endfacet
facet normal 0.054760593361821 -0.961540971080796 0.269147242875830
   outer loop
      vertex -0.344372108475526 0.235721740504507 0.065052650961496
      vertex -0.347606853856128 0.230796225228878 0.048114159910750
      vertex -0.324802724858892 0.235681118941223 0.060925949368304
   endloop
endfacet
facet normal 0.041619542020745 -0.961436675112654 0.271859032350056
   outer loop
      vertex -0.347606853856128 0.230796225228878 0.048114159910750
      vertex -0.350007882209373 0.225864544600163 0.031040719731754
      vertex -0.327858648218013 0.230756957372603 0.044951988604047
   endloop
endfacet
facet normal 0.698115221294475 -0.002033376449910 0.715982543905352
   outer loop
      vertex -0.213755916717094 0.134134379026604 -0.235470339964097
      vertex -0.224658098908725 0.139072184545499 -0.224826198126239
      vertex -0.213765265076882 0.132134350201226 -0.235466904935170
   endloop
endfacet
facet normal -0.086836256145845 -0.950571232314479 0.298117085915428
   outer loop
      vertex -0.300560897904654 0.186150023914241 -0.094336365716722
      vertex -0.310165074350097 0.186153769899517 -0.097121948762045
      vertex -0.296046460157410 0.181165226796699 -0.108915831542839
   endloop
endfacet
facet normal 0.795679371189396 -0.001689975664620 0.605715677728338
   outer loop
      vertex -0.254059280249854 0.153839455722438 -0.189862322489290
      vertex -0.244840459982127 0.146924783530616 -0.201991628385778
      vertex -0.244833821024733 0.148924755385158 -0.201994769426617
   endloop
endfacet
facet normal 0.028367778028444 -0.961329159497800 0.273937066256069
   outer loop
      vertex -0.350007882209373 0.225864544600163 0.031040719731754
      vertex -0.351569838874058 0.220926520762885 0.013873429706386
      vertex -0.330128392216057 0.225827047387657 0.028850493591747
   endloop
endfacet
facet normal -0.086752468701105 -0.950669474531093 0.297828070149608
   outer loop
      vertex -0.304356322821704 0.191127755072729 -0.079552955337501
      vertex -0.310165074350097 0.186153769899517 -0.097121948762045
      vertex -0.300560897904654 0.186150023914241 -0.094336365716722
   endloop
endfacet
facet normal 0.875955618968646 -0.001140026848102 0.482390354314886
   outer loop
      vertex -0.278026619190283 0.168536676419091 -0.150948612511072
      vertex -0.270679303634536 0.161645295357944 -0.164306629824612
      vertex -0.270675475915657 0.163645301658225 -0.164308853855361
   endloop
endfacet
facet normal 0.216400605317140 0.951279847324514 -0.219630212158131
   outer loop
      vertex -0.224649548397010 0.141072097178148 -0.224829604212066
      vertex -0.213746466391647 0.136134309970598 -0.235473786049186
      vertex -0.231812783917956 0.141090651669809 -0.231807141472125
   endloop
endfacet
facet normal 0.220585431828609 0.954058542891606 -0.202766772427170
   outer loop
      vertex -0.231812783917956 0.141090651669809 -0.231807141472125
      vertex -0.213746466391647 0.136134309970598 -0.235473786049186
      vertex -0.220559108919065 0.136153654309714 -0.242794088306044
   endloop
endfacet
facet normal 0.118163500076802 -0.952289804639641 0.281392102286105
   outer loop
      vertex -0.280064043720720 0.260177586073476 0.128787634021982
      vertex -0.295692565711646 0.255301363291913 0.118848277665369
      vertex -0.286498257252162 0.255280303530845 0.114916089607770
   endloop
endfacet
facet normal -0.077972728531110 -0.960386022669539 0.267542409846360
   outer loop
      vertex -0.319769250804006 0.186157516307327 -0.099907571805135
      vertex -0.338977593703217 0.186165008793544 -0.105478767894122
      vertex -0.333871617321422 0.181168696937651 -0.121925734801243
   endloop
endfacet
facet normal 0.898610305186360 -0.000613063879811 0.438747243370892
   outer loop
      vertex -0.284713911505624 0.175420396605383 -0.137242566400418
      vertex -0.284715887807765 0.173420337348397 -0.137241313375151
      vertex -0.278026619190283 0.168536676419091 -0.150948612511072
   endloop
endfacet
facet normal 0.259869151700663 -0.958223488602471 0.119481253278027
   outer loop
      vertex -0.145837961688903 0.328407960763071 0.311184349891516
      vertex -0.137506394535052 0.328400344704674 0.293002291074303
      vertex -0.122517203577718 0.333259401524594 0.299370102071138
   endloop
endfacet
facet normal 0.034844312545314 -0.001329986896649 0.999391867596540
   outer loop
      vertex -0.006494203683665 0.061339472356518 -0.318271834772761
      vertex -0.021692271868162 0.066358808353747 -0.317735266579244
      vertex -0.006512557383735 0.059339622243308 -0.318273856254474
   endloop
endfacet
facet normal 0.246178334990631 -0.955703575622361 0.161328555822813
   outer loop
      vertex -0.174894379640849 0.313812538268190 0.261226534069663
      vertex -0.187947522128131 0.308949950952466 0.252339135349788
      vertex -0.169437339062818 0.313803662706890 0.252846817520100
   endloop
endfacet
facet normal 0.876020950098717 -0.000841571901205 0.482272315963581
   outer loop
      vertex -0.278026619190283 0.168536676419091 -0.150948612511072
      vertex -0.278029517188139 0.166536693357452 -0.150946838456749
      vertex -0.270679303634536 0.161645295357944 -0.164306629824612
   endloop
endfacet
facet normal 0.246199679185284 -0.955695732266755 0.161342447285811
   outer loop
      vertex -0.180351420218881 0.313821413829490 0.269606250619228
      vertex -0.174894379640849 0.313812538268190 0.261226534069663
      vertex -0.161420339181235 0.318674325653894 0.269464198984125
   endloop
endfacet
facet normal 0.222688865713469 -0.958143558254059 0.179918289407993
   outer loop
      vertex -0.219307835914569 0.304122199787551 0.266234451263507
      vertex -0.206801414863773 0.304098240046191 0.250627379858937
      vertex -0.193809774768326 0.308960413720362 0.260440538900278
   endloop
endfacet
facet normal 0.268653395717415 -0.952997753867324 0.140073673805387
   outer loop
      vertex -0.147557912495903 0.323535579272179 0.277032038664914
      vertex -0.142950107024897 0.323530050033590 0.268156909564823
      vertex -0.129174927340279 0.328392725602289 0.274820332251674
   endloop
endfacet
facet normal 0.233564962169098 -0.962635046468586 0.137044429866270
   outer loop
      vertex -0.176535813437535 0.318696015270907 0.295377773930042
      vertex -0.191265401394698 0.313839166939735 0.286365683718189
      vertex -0.166458863867553 0.318681551883309 0.278102023932795
   endloop
endfacet
facet normal 0.267311146070170 -0.955741900798109 0.122890887560753
   outer loop
      vertex -0.133340711016581 0.328396538630221 0.283911361713108
      vertex -0.147557912495903 0.323535579272179 0.277032038664914
      vertex -0.129174927340279 0.328392725602289 0.274820332251674
   endloop
endfacet
facet normal -0.209775907235985 -0.000195134232291 0.977749472342456
   outer loop
      vertex 0.068857768925904 0.034198202215700 -0.309749913066981
      vertex 0.054007843171505 0.041230984403081 -0.312934557394636
      vertex 0.053989091029995 0.039231051716830 -0.312938979798278
   endloop
endfacet
facet normal 0.183268418599440 -0.957968216407956 0.220702476416149
   outer loop
      vertex -0.268813015295154 0.284664488749104 0.218262412177127
      vertex -0.253499919922215 0.284630200500685 0.205397790668808
      vertex -0.242672463609190 0.289500932757796 0.217548428670471
   endloop
endfacet
facet normal 0.281248319748755 -0.952994417775524 0.112698812448012
   outer loop
      vertex -0.118803544563165 0.333257350381968 0.290085276103030
      vertex -0.115089985528856 0.333255297251698 0.280800450135089
      vertex -0.100729990034347 0.338117843565582 0.286082270554897
   endloop
endfacet
facet normal 0.160828906294569 -0.957844019411614 0.238052299668574
   outer loop
      vertex -0.263718622970448 0.279756255593131 0.192732461150425
      vertex -0.289805116648190 0.274916713334598 0.190883857451208
      vertex -0.273304388892051 0.274878643533270 0.179582731886146
   endloop
endfacet
facet normal 0.202197691444576 -0.962519938229295 0.180752488462978
   outer loop
      vertex -0.232553454911312 0.299261366388562 0.255164389982123
      vertex -0.245239402547431 0.294398427632998 0.243459952589325
      vertex -0.219295427124011 0.299234528820841 0.240190464429342
   endloop
endfacet
facet normal 0.544889784421935 -0.001924117098862 0.838505468441326
   outer loop
      vertex -0.165356238876642 0.112310700824855 -0.272315753717548
      vertex -0.178109709035251 0.119276954085097 -0.264012123324640
      vertex -0.178121658923957 0.117276976302090 -0.264008947220331
   endloop
endfacet
facet normal -0.063480088069373 -0.000719236731530 0.997982846103694
   outer loop
      vertex 0.023869981118954 0.049290833261626 -0.317099671194852
      vertex 0.008711736159974 0.056316671967658 -0.318058799387730
      vertex 0.008693182372418 0.054316824217209 -0.318061420835621
   endloop
endfacet
facet normal -0.259868752946509 0.958223685481899 -0.119480541610398
   outer loop
      vertex -0.122480798437735 0.337259213267178 0.299383846818055
      vertex -0.133304805764908 0.332396339868626 0.283926106510694
      vertex -0.137470589242457 0.332400142899091 0.293017135866473
   endloop
endfacet
facet normal 0.193095001773527 -0.962476197083753 0.190666961839953
   outer loop
      vertex -0.245239402547431 0.294398427632998 0.243459952589325
      vertex -0.257335484266195 0.289532953632711 0.231149429731992
      vertex -0.231261897985500 0.294368897105905 0.229155383663116
   endloop
endfacet
facet normal 0.136840822660576 -0.957697338290620 0.253160813485498
   outer loop
      vertex -0.282234483725863 0.269996890486487 0.165979794799714
      vertex -0.308016881142397 0.265151290255534 0.161585220633016
      vertex -0.290487744634672 0.265110563657901 0.151956142653549
   endloop
endfacet
facet normal -0.246006093716874 0.962643542698734 -0.113130064768806
   outer loop
      vertex -0.129908016465431 0.337263316483731 0.317953598748521
      vertex -0.137470589242457 0.332400142899091 0.293017135866473
      vertex -0.145802056437231 0.332407762001475 0.311199094689101
   endloop
endfacet
facet normal 0.173527238268740 -0.962370785767236 0.209119028977703
   outer loop
      vertex -0.268813015295154 0.284664488749104 0.218262412177127
      vertex -0.279644770833598 0.279792561528072 0.204829890911850
      vertex -0.253499919922215 0.284630200500685 0.205397790668808
   endloop
endfacet
facet normal 0.503016848244816 -0.001895448413842 0.864274526789470
   outer loop
      vertex -0.152199715756881 0.107338149202628 -0.279983893646728
      vertex -0.165343589083892 0.114310690408697 -0.272318729834182
      vertex -0.165356238876642 0.112310700824855 -0.272315753717548
   endloop
endfacet
facet normal 0.124332691403405 -0.957616435506463 0.259830991793283
   outer loop
      vertex -0.290487744634672 0.265110563657901 0.151956142653549
      vertex -0.316025102770712 0.260260789544915 0.146302102230723
      vertex -0.298044578344106 0.260219192708547 0.137544868179189
   endloop
endfacet
facet normal 0.459910336152802 -0.001891350188548 0.887963346931776
   outer loop
      vertex -0.138684507007896 0.102359878385682 -0.286994543212253
      vertex -0.152186266065027 0.109338151835509 -0.279986599779761
      vertex -0.152199715756881 0.107338149202628 -0.279983893646728
   endloop
endfacet
facet normal 0.152290921650640 -0.962243074991568 0.225600841783826
   outer loop
      vertex -0.289805116648190 0.274916713334598 0.190883857451208
      vertex -0.299269957947351 0.270036442247820 0.176457503245820
      vertex -0.273304388892051 0.274878643533270 0.179582731886146
   endloop
endfacet
facet normal 0.141108288626934 -0.962170949375680 0.233056892320913
   outer loop
      vertex -0.299269957947351 0.270036442247820 0.176457503245820
      vertex -0.308016881142397 0.265151290255534 0.161585220633016
      vertex -0.282234483725863 0.269996890486487 0.165979794799714
   endloop
endfacet
facet normal -0.273093666192119 0.955742058248248 -0.109439332879685
   outer loop
      vertex -0.122480798437735 0.337259213267178 0.299383846818055
      vertex -0.118767139444349 0.337257163180894 0.290098920855530
      vertex -0.133304805764908 0.332396339868626 0.283926106510694
   endloop
endfacet
facet normal 0.229808328847882 -0.001534905165730 0.973234697315235
   outer loop
      vertex -0.066891066444962 0.079393093470726 -0.311651673406348
      vertex -0.081676470541733 0.086395799283145 -0.308149375856180
      vertex -0.081693123984985 0.084395953382336 -0.308148597497002
   endloop
endfacet
facet normal 0.085109747761416 -0.957345740932468 0.276125810373554
   outer loop
      vertex -0.310997768621618 0.250420249515027 0.107698933670118
      vertex -0.335433208537216 0.245554796397630 0.098361788806687
      vertex -0.316362338735543 0.245512674610527 0.092337570970459
   endloop
endfacet
facet normal 0.129581604951307 -0.962094416759396 0.239964457573700
   outer loop
      vertex -0.308016881142397 0.265151290255534 0.161585220633016
      vertex -0.316025102770712 0.260260789544915 0.146302102230723
      vertex -0.290487744634672 0.265110563657901 0.151956142653549
   endloop
endfacet
facet normal 0.277426670679473 -0.001661074181678 0.960745378978357
   outer loop
      vertex -0.081709675481628 0.082396010550850 -0.308147920188962
      vertex -0.096306649429642 0.089394101854867 -0.303920770808865
      vertex -0.096322700919230 0.087394163679897 -0.303919593529564
   endloop
endfacet
facet normal 0.057853669928474 -0.957144993932226 0.283771762982659
   outer loop
      vertex -0.320967630901441 0.240599648532228 0.076733976454681
      vertex -0.344372108475526 0.235721740504507 0.065052650961496
      vertex -0.324802724858892 0.235681118941223 0.060925949368304
   endloop
endfacet
facet normal 0.229828525994408 -0.001572459778634 0.973229868021673
   outer loop
      vertex -0.066908119915024 0.077393244901044 -0.311651395018597
      vertex -0.081693123984985 0.084395953382336 -0.308148597497002
      vertex -0.081709675481628 0.082396010550850 -0.308147920188962
   endloop
endfacet
facet normal 0.001653201796156 -0.961104783053607 0.276179041412088
   outer loop
      vertex -0.352289368971456 0.215981945049787 -0.003346510780083
      vertex -0.352165148215570 0.211030618431740 -0.020577901810737
      vertex -0.332290922967537 0.215949249386424 -0.003580002159328
   endloop
endfacet
facet normal 0.732504902299508 -0.001647366066374 0.680759762539056
   outer loop
      vertex -0.235018032728655 0.146002277804528 -0.213662026667687
      vertex -0.235025611463516 0.144002285428084 -0.213658711635000
      vertex -0.224658098908725 0.139072184545499 -0.224826198126239
   endloop
endfacet
facet normal 0.181698406005449 -0.001412524357710 0.983353290547206
   outer loop
      vertex -0.051953543358317 0.072385974268300 -0.314421808908256
      vertex -0.066891066444962 0.079393093470726 -0.311651673406348
      vertex -0.066908119915024 0.077393244901044 -0.311651395018597
   endloop
endfacet
facet normal 0.851209043054326 -0.001348329700372 0.524825063263520
   outer loop
      vertex -0.270671648194661 0.165645307852868 -0.164311067886668
      vertex -0.262680001730169 0.158746229817606 -0.177290371750189
      vertex -0.262675234275309 0.160746258710218 -0.177292965761846
   endloop
endfacet
facet normal -0.246745153110076 0.958211678335800 -0.144731506305897
   outer loop
      vertex -0.152130412981298 0.327540917252280 0.285922912824738
      vertex -0.161385934004911 0.322674115940647 0.269480944095190
      vertex -0.166424458889983 0.322681352167527 0.278118769149515
   endloop
endfacet
facet normal -0.025136472481556 -0.960872004186040 0.275849867360286
   outer loop
      vertex -0.331272434284054 0.206046211520386 -0.036055240337112
      vertex -0.351197792419313 0.206072327539593 -0.037779943231800
      vertex -0.349389887539171 0.201106846670953 -0.054911534586006
   endloop
endfacet
facet normal 0.298050362813074 0.950019580775624 -0.092891212554812
   outer loop
      vertex -0.096290597961220 0.091394041086176 -0.303922048082587
      vertex -0.081676470541733 0.086395799283145 -0.308149375856180
      vertex -0.099319679713727 0.091412531316659 -0.313452043546804
   endloop
endfacet
facet normal -0.042737284893339 -0.951058409709538 0.306041542606081
   outer loop
      vertex -0.311347085548146 0.206020085312900 -0.034330537548064
      vertex -0.319664387641731 0.201073605278367 -0.050863751638327
      vertex -0.309755897806443 0.201062531280384 -0.049514490585313
   endloop
endfacet
facet normal 0.293772328150818 0.952851037092800 -0.075978420120605
   outer loop
      vertex -0.081676470541733 0.086395799283145 -0.308149375856180
      vertex -0.084234143867949 0.086413508470166 -0.317816587010440
      vertex -0.099319679713727 0.091412531316659 -0.313452043546804
   endloop
endfacet
facet normal -0.261343505817246 0.953004012220503 -0.153241393424801
   outer loop
      vertex -0.161385934004911 0.322674115940647 0.269480944095190
      vertex -0.156347409318593 0.322666889711234 0.260843119146521
      vertex -0.169403834114456 0.317803455590155 0.252864462899390
   endloop
endfacet
facet normal 0.035000811514902 -0.001078064453459 0.999386702418204
   outer loop
      vertex -0.006531009076515 0.057339670167789 -0.318275878792575
      vertex -0.021710423493211 0.064358855903113 -0.317736689151333
      vertex -0.021728577126958 0.062359004483485 -0.317738210661286
   endloop
endfacet
facet normal -0.012294041434390 -0.956589356091185 0.291179773264323
   outer loop
      vertex -0.332290922967537 0.215949249386424 -0.003580002159328
      vertex -0.352165148215570 0.211030618431740 -0.020577901810737
      vertex -0.332179250730141 0.211000990019798 -0.019831403433286
   endloop
endfacet
facet normal 0.918999310056348 -0.000661082581193 0.394258584035628
   outer loop
      vertex -0.290726195246432 0.180296480185375 -0.123220023005180
      vertex -0.284715887807765 0.173420337348397 -0.137241313375151
      vertex -0.284713911505624 0.175420396605383 -0.137242566400418
   endloop
endfacet
facet normal -0.014220642035041 -0.000879990028641 0.999898494327130
   outer loop
      vertex 0.008674630572394 0.052316876492094 -0.318064043340065
      vertex -0.006512557383735 0.059339622243308 -0.318273856254474
      vertex -0.006531009076515 0.057339670167789 -0.318275878792575
   endloop
endfacet
facet normal 0.937281680281130 -0.000082373700269 0.348572869030214
   outer loop
      vertex -0.296046106312765 0.185165247346891 -0.108915837726939
      vertex -0.296046460157410 0.181165226796699 -0.108915831542839
      vertex -0.290727263840764 0.178296545223043 -0.123219358891938
   endloop
endfacet
facet normal 0.294010999466468 0.952771660776362 -0.076050605613504
   outer loop
      vertex -0.084234143867949 0.086413508470166 -0.317816587010440
      vertex -0.068954072159183 0.081409646259323 -0.321432981011359
      vertex -0.086791815227798 0.086431118738863 -0.327483899215672
   endloop
endfacet
facet normal -0.040478348669721 -0.956350146693875 0.289406116396277
   outer loop
      vertex -0.331272434284054 0.206046211520386 -0.036055240337112
      vertex -0.349389887539171 0.201106846670953 -0.054911534586006
      vertex -0.329572891673005 0.201084688995544 -0.052213012585662
   endloop
endfacet
facet normal -0.112525262522996 -0.000601292357280 0.993648682252250
   outer loop
      vertex 0.038962169772801 0.042262201959269 -0.315394816895447
      vertex 0.023869981118954 0.049290833261626 -0.317099671194852
      vertex 0.023851329190521 0.047290890943259 -0.317102993660059
   endloop
endfacet
facet normal 0.239294970306988 -0.958194574948754 0.156847294285090
   outer loop
      vertex -0.191265401394698 0.313839166939735 0.286365683718189
      vertex -0.180351420218881 0.313821413829490 0.269606250619228
      vertex -0.166458863867553 0.318681551883309 0.278102023932795
   endloop
endfacet
facet normal -0.054468143094664 -0.956227265550773 0.287511109359467
   outer loop
      vertex -0.329572891673005 0.201084688995544 -0.052213012585662
      vertex -0.346745959829300 0.196133945780875 -0.071931975073577
      vertex -0.327084860075230 0.196116211394627 -0.068266219362494
   endloop
endfacet
facet normal 0.231267947598652 -0.958172545844934 0.168583833158895
   outer loop
      vertex -0.205534180068471 0.308981341243800 0.276643346001096
      vertex -0.193809774768326 0.308960413720362 0.260440538900278
      vertex -0.180351420218881 0.313821413829490 0.269606250619228
   endloop
endfacet
facet normal -0.209753755942288 -0.000243524130139 0.977754213779773
   outer loop
      vertex 0.068839016636228 0.032198276923842 -0.309755035431551
      vertex 0.053989091029995 0.039231051716830 -0.312938979798278
      vertex 0.053970336879786 0.037231220061585 -0.312943501139784
   endloop
endfacet
facet normal -0.082083694971706 -0.955978515006306 0.281722107521101
   outer loop
      vertex -0.323814376435534 0.191140578233185 -0.084176959392071
      vertex -0.338977593703217 0.186165008793544 -0.105478767894122
      vertex -0.319769250804006 0.186157516307327 -0.099907571805135
   endloop
endfacet
facet normal -0.257677763413687 -0.000058671644327 0.966230907599089
   outer loop
      vertex 0.083531484849633 0.027164224038451 -0.305837103431733
      vertex 0.068857768925904 0.034198202215700 -0.309749913066981
      vertex 0.068839016636228 0.032198276923842 -0.309755035431551
   endloop
endfacet
facet normal 0.193841700881999 -0.958021906912414 0.211233096069429
   outer loop
      vertex -0.257335484266195 0.289532953632711 0.231149429731992
      vertex -0.242672463609190 0.289500932757796 0.217548428670471
      vertex -0.231261897985500 0.294368897105905 0.229155383663116
   endloop
endfacet
facet normal -0.056012863394761 -0.953600114683085 0.295819844518125
   outer loop
      vertex -0.307423754343510 0.196098478183977 -0.064600563645840
      vertex -0.317254305610290 0.196107339820384 -0.066433391556998
      vertex -0.314085345135543 0.191134116735193 -0.081864957893069
   endloop
endfacet
facet normal 0.270427330024163 -0.958233862366569 0.093042593418556
   outer loop
      vertex -0.113739920505731 0.338119003856353 0.323907447839581
      vertex -0.122517203577718 0.333259401524594 0.299370102071138
      vertex -0.100729990034347 0.338117843565582 0.286082270554897
   endloop
endfacet
facet normal 0.030933549241106 -0.954345088697220 0.297100264575519
   outer loop
      vertex -0.320188648708521 0.225808298223418 0.027755430518955
      vertex -0.321625393314994 0.220873550156342 0.012053630392975
      vertex -0.310248904023594 0.225789540137931 0.026660267346087
   endloop
endfacet
facet normal 0.172255768281293 -0.957909087348028 0.229647840551332
   outer loop
      vertex -0.253499919922215 0.284630200500685 0.205397790668808
      vertex -0.279644770833598 0.279792561528072 0.204829890911850
      vertex -0.263718622970448 0.279756255593131 0.192732461150425
   endloop
endfacet
facet normal 0.265440369444504 -0.958240413112884 0.106380077770300
   outer loop
      vertex -0.122517203577718 0.333259401524594 0.299370102071138
      vertex -0.137506394535052 0.328400344704674 0.293002291074303
      vertex -0.118803544563165 0.333257350381968 0.290085276103030
   endloop
endfacet
facet normal 0.624584807456021 -0.001867196198922 0.780954756611085
   outer loop
      vertex -0.190464760521454 0.122236510546468 -0.255083786808983
      vertex -0.202345284154684 0.129189076598853 -0.245565467971794
      vertex -0.202355534328436 0.127189130070599 -0.245562051883703
   endloop
endfacet
facet normal 0.016448691240009 -0.954295961884802 0.298410217128791
   outer loop
      vertex -0.320188648708521 0.225808298223418 0.027755430518955
      vertex -0.331606874328596 0.220891200022012 0.012660263425146
      vertex -0.321625393314994 0.220873550156342 0.012053630392975
   endloop
endfacet
facet normal 0.585453155482210 -0.001886436087670 0.810704042234162
   outer loop
      vertex -0.178121658923957 0.117276976302090 -0.264008947220331
      vertex -0.190453710486697 0.124236472025179 -0.255087112903425
      vertex -0.190464760521454 0.122236510546468 -0.255083786808983
   endloop
endfacet
facet normal 0.253574135194220 -0.958233281262715 0.132246499541550
   outer loop
      vertex -0.152165618185418 0.323541120495879 0.285907167870495
      vertex -0.166458863867553 0.318681551883309 0.278102023932795
      vertex -0.147557912495903 0.323535579272179 0.277032038664914
   endloop
endfacet
facet normal 0.149014768359902 -0.957773521459709 0.245895263072132
   outer loop
      vertex -0.273304388892051 0.274878643533270 0.179582731886146
      vertex -0.299269957947351 0.270036442247820 0.176457503245820
      vertex -0.282234483725863 0.269996890486487 0.165979794799714
   endloop
endfacet
facet normal 0.246721976681841 -0.958219855005320 0.144716881170745
   outer loop
      vertex -0.166458863867553 0.318681551883309 0.278102023932795
      vertex -0.180351420218881 0.313821413829490 0.269606250619228
      vertex -0.161420339181235 0.318674325653894 0.269464198984125
   endloop
endfacet
facet normal 0.031862199325343 -0.951664358183566 0.305482813947385
   outer loop
      vertex -0.308110440779048 0.230717699553549 0.041789817402995
      vertex -0.320188648708521 0.225808298223418 0.027755430518955
      vertex -0.310248904023594 0.225789540137931 0.026660267346087
   endloop
endfacet
facet normal 0.415692839640593 -0.001851306873046 0.909503180717034
   outer loop
      vertex -0.124844126223429 0.097376240623604 -0.293330500639363
      vertex -0.138670355401183 0.104359791682757 -0.286996940420304
      vertex -0.138684507007896 0.102359878385682 -0.286994543212253
   endloop
endfacet
facet normal 0.239277821713746 -0.958200469255078 0.156837446916459
   outer loop
      vertex -0.180351420218881 0.313821413829490 0.269606250619228
      vertex -0.193809774768326 0.308960413720362 0.260440538900278
      vertex -0.174894379640849 0.313812538268190 0.261226534069663
   endloop
endfacet
facet normal -0.231257633620165 0.958176347411205 -0.168576374839786
   outer loop
      vertex -0.205501575369236 0.312981137779922 0.276661791654191
      vertex -0.193777170069091 0.312960210256484 0.260458984553375
      vertex -0.206769910395321 0.308098037316219 0.250646525791754
   endloop
endfacet
facet normal 0.172299833605210 -0.957887139190866 0.229706325364269
   outer loop
      vertex -0.263718622970448 0.279756255593131 0.192732461150425
      vertex -0.273304388892051 0.274878643533270 0.179582731886146
      vertex -0.255755558937521 0.279738097428162 0.186683746216899
   endloop
endfacet
facet normal 0.324325118794439 -0.001775933615089 0.945944006471191
   outer loop
      vertex -0.096322700919230 0.087394163679897 -0.303919593529564
      vertex -0.110696735890031 0.094387538413441 -0.298978201294130
      vertex -0.110712287393731 0.092387605951332 -0.298976624037984
   endloop
endfacet
facet normal 0.160876961950745 -0.957818139393404 0.238123948737747
   outer loop
      vertex -0.273304388892051 0.274878643533270 0.179582731886146
      vertex -0.282234483725863 0.269996890486487 0.165979794799714
      vertex -0.265054029814240 0.274859598535757 0.173932168997969
   endloop
endfacet
facet normal 0.071570577846975 -0.957246490227384 0.280279876791048
   outer loop
      vertex -0.316362338735543 0.245512674610527 0.092337570970459
      vertex -0.340311068256722 0.240641224008991 0.081815393588803
      vertex -0.320967630901441 0.240599648532228 0.076733976454681
   endloop
endfacet
facet normal 0.084174507815849 -0.001156601767802 0.996450357271405
   outer loop
      vertex -0.021728577126958 0.062359004483485 -0.317738210661286
      vertex -0.036863805637439 0.069374369804342 -0.316451529006625
      vertex -0.036881559202044 0.067374518940902 -0.316452350556314
   endloop
endfacet
facet normal -0.202172468957969 0.962529378341770 -0.180730430820171
   outer loop
      vertex -0.219276331446116 0.308121997057579 0.266253597196322
      vertex -0.219265022846591 0.303234324825282 0.240210310620747
      vertex -0.232523050713393 0.303261166391990 0.255184236215790
   endloop
endfacet
facet normal 0.001834025918918 -0.956705907340773 0.291050585308115
   outer loop
      vertex -0.331606874328596 0.220891200022012 0.012660263425146
      vertex -0.352289368971456 0.215981945049787 -0.003346510780083
      vertex -0.332290922967537 0.215949249386424 -0.003580002159328
   endloop
endfacet
facet normal 0.114804751510734 -0.954980946038423 0.273553032763516
   outer loop
      vertex -0.295692565711646 0.255301363291913 0.118848277665369
      vertex -0.301621591647382 0.250399097745891 0.104222631591549
      vertex -0.286498257252162 0.255280303530845 0.114916089607770
   endloop
endfacet
facet normal 0.131729596107353 -0.952379280982729 0.274992761112387
   outer loop
      vertex -0.272958617905051 0.265069825807695 0.142327164562862
      vertex -0.289054316120218 0.260198393762191 0.133166301150630
      vertex -0.280064043720720 0.260177586073476 0.128787634021982
   endloop
endfacet
facet normal 0.101292569378615 -0.954929962501207 0.279013587672934
   outer loop
      vertex -0.295692565711646 0.255301363291913 0.118848277665369
      vertex -0.310997768621618 0.250420249515027 0.107698933670118
      vertex -0.301621591647382 0.250399097745891 0.104222631591549
   endloop
endfacet
facet normal 0.015034281052931 -0.961218351258455 0.275378378957387
   outer loop
      vertex -0.351569838874058 0.220926520762885 0.013873429706386
      vertex -0.352289368971456 0.215981945049787 -0.003346510780083
      vertex -0.331606874328596 0.220891200022012 0.012660263425146
   endloop
endfacet
facet normal 0.127929707663397 -0.955109432092956 0.267207714380084
   outer loop
      vertex -0.281723186258290 0.265090194105245 0.147141703605423
      vertex -0.298044578344106 0.260219192708547 0.137544868179189
      vertex -0.289054316120218 0.260198393762191 0.133166301150630
   endloop
endfacet
facet normal -0.084355499493795 -0.953436743392821 0.289555739113635
   outer loop
      vertex -0.314085345135543 0.191134116735193 -0.081864957893069
      vertex -0.319769250804006 0.186157516307327 -0.099907571805135
      vertex -0.310165074350097 0.186153769899517 -0.097121948762045
   endloop
endfacet
facet normal -0.177224145305104 0.955410820910254 -0.236181636899378
   outer loop
      vertex -0.245816684026858 0.288612869309265 0.198986577141264
      vertex -0.247767162150238 0.283719761612654 0.180656378910343
      vertex -0.255730236141438 0.283737917579364 0.186705093822753
   endloop
endfacet
facet normal -0.011746048556379 -0.960989944741254 0.276333777250470
   outer loop
      vertex -0.332179250730141 0.211000990019798 -0.019831403433286
      vertex -0.352165148215570 0.211030618431740 -0.020577901810737
      vertex -0.351197792419313 0.206072327539593 -0.037779943231800
   endloop
endfacet
facet normal -0.051760043766658 -0.960630511334333 0.272965050075669
   outer loop
      vertex -0.327084860075230 0.196116211394627 -0.068266219362494
      vertex -0.346745959829300 0.196133945780875 -0.071931975073577
      vertex -0.343272426071320 0.191153402529491 -0.088801063441064
   endloop
endfacet
facet normal 0.245965016707691 -0.962656183448550 0.113111816466080
   outer loop
      vertex -0.145837961688903 0.328407960763071 0.311184349891516
      vertex -0.161381029365694 0.323552192945813 0.303657426176001
      vertex -0.137506394535052 0.328400344704674 0.293002291074303
   endloop
endfacet
facet normal 0.153370796854640 -0.955239668012810 0.252971491134770
   outer loop
      vertex -0.273716756701935 0.269977118877617 0.160740990626714
      vertex -0.281723186258290 0.265090194105245 0.147141703605423
      vertex -0.265199019481230 0.269957337470046 0.155502186348043
   endloop
endfacet
facet normal 0.140796280608046 -0.955191351136375 0.260357235507689
   outer loop
      vertex -0.273716756701935 0.269977118877617 0.160740990626714
      vertex -0.290487744634672 0.265110563657901 0.151956142653549
      vertex -0.281723186258290 0.265090194105245 0.147141703605423
   endloop
endfacet
facet normal 0.244985635480495 -0.952951886119396 0.178506977873989
   outer loop
      vertex -0.169437339062818 0.313803662706890 0.252846817520100
      vertex -0.187947522128131 0.308949950952466 0.252339135349788
      vertex -0.182085269466771 0.308939487128228 0.244237831793715
   endloop
endfacet
facet normal 0.237941069209731 -0.955673999863163 0.173410650102215
   outer loop
      vertex -0.174894379640849 0.313812538268190 0.261226534069663
      vertex -0.193809774768326 0.308960413720362 0.260440538900278
      vertex -0.187947522128131 0.308949950952466 0.252339135349788
   endloop
endfacet
facet normal 0.253488898536369 -0.952973593107023 0.166086450860716
   outer loop
      vertex -0.174894379640849 0.313812538268190 0.261226534069663
      vertex -0.169437339062818 0.313803662706890 0.252846817520100
      vertex -0.156381814494915 0.318667099424480 0.260826374035457
   endloop
endfacet
facet normal 0.253837518788193 -0.955722564456430 0.148865354748106
   outer loop
      vertex -0.161420339181235 0.318674325653894 0.269464198984125
      vertex -0.174894379640849 0.313812538268190 0.261226534069663
      vertex -0.156381814494915 0.318667099424480 0.260826374035457
   endloop
endfacet
facet normal 0.732529096425362 -0.001651356164839 0.680733718801309
   outer loop
      vertex -0.235025611463516 0.144002285428084 -0.213658711635000
      vertex -0.235033192188026 0.142002393131938 -0.213655405545201
      vertex -0.224666547450546 0.137072173820197 -0.224822783097689
   endloop
endfacet
facet normal 0.153321256023090 -0.955269469065935 0.252888975485271
   outer loop
      vertex -0.265054029814240 0.274859598535757 0.173932168997969
      vertex -0.282234483725863 0.269996890486487 0.165979794799714
      vertex -0.273716756701935 0.269977118877617 0.160740990626714
   endloop
endfacet
facet normal 0.260929895814746 -0.955720788181555 0.136063825125317
   outer loop
      vertex -0.152165618185418 0.323541120495879 0.285907167870495
      vertex -0.147557912495903 0.323535579272179 0.277032038664914
      vertex -0.133340711016581 0.328396538630221 0.283911361713108
   endloop
endfacet
facet normal 0.260886601288783 -0.955735571742996 0.136043001191079
   outer loop
      vertex -0.147557912495903 0.323535579272179 0.277032038664914
      vertex -0.161420339181235 0.318674325653894 0.269464198984125
      vertex -0.142950107024897 0.323530050033590 0.268156909564823
   endloop
endfacet
facet normal 0.253868339665141 -0.955711578903341 0.148883323665709
   outer loop
      vertex -0.166458863867553 0.318681551883309 0.278102023932795
      vertex -0.161420339181235 0.318674325653894 0.269464198984125
      vertex -0.147557912495903 0.323535579272179 0.277032038664914
   endloop
endfacet
facet normal 0.177271918868333 -0.955386348028055 0.236244773026529
   outer loop
      vertex -0.255755558937521 0.279738097428162 0.186683746216899
      vertex -0.265054029814240 0.274859598535757 0.173932168997969
      vertex -0.247792484906569 0.279719939461958 0.180635031283359
   endloop
endfacet
facet normal 0.165475266314709 -0.955340997861040 0.244829561213404
   outer loop
      vertex -0.255755558937521 0.279738097428162 0.186683746216899
      vertex -0.273304388892051 0.274878643533270 0.179582731886146
      vertex -0.265054029814240 0.274859598535757 0.173932168997969
   endloop
endfacet
facet normal 0.182482330536402 -0.952682779772860 0.243096113021702
   outer loop
      vertex -0.238186824529402 0.284595911252518 0.192533169149922
      vertex -0.255755558937521 0.279738097428162 0.186683746216899
      vertex -0.247792484906569 0.279719939461958 0.180635031283359
   endloop
endfacet
facet normal 0.273094462207332 -0.955741960160934 0.109438203107620
   outer loop
      vertex -0.118803544563165 0.333257350381968 0.290085276103030
      vertex -0.133340711016581 0.328396538630221 0.283911361713108
      vertex -0.115089985528856 0.333255297251698 0.280800450135089
   endloop
endfacet
facet normal 0.267365472160024 -0.955723803179508 0.122913450577004
   outer loop
      vertex -0.137506394535052 0.328400344704674 0.293002291074303
      vertex -0.133340711016581 0.328396538630221 0.283911361713108
      vertex -0.118803544563165 0.333257350381968 0.290085276103030
   endloop
endfacet
facet normal -0.281247767413799 0.952994429317461 -0.112700093232615
   outer loop
      vertex -0.122480798437735 0.337259213267178 0.299383846818055
      vertex -0.100693084849635 0.342117657927563 0.286094815156655
      vertex -0.118767139444349 0.337257163180894 0.290098920855530
   endloop
endfacet
facet normal 0.281248853613443 -0.952993900958638 0.112701850369733
   outer loop
      vertex -0.122517203577718 0.333259401524594 0.299370102071138
      vertex -0.118803544563165 0.333257350381968 0.290085276103030
      vertex -0.100729990034347 0.338117843565582 0.286082270554897
   endloop
endfacet
facet normal -0.141044591430881 0.962205364598032 -0.232953342038408
   outer loop
      vertex -0.289781204189688 0.278916536452144 0.190905205386934
      vertex -0.282212031752776 0.273996723517934 0.166001243154903
      vertex -0.299247495976241 0.274036275478032 0.176478951600990
   endloop
endfacet
facet normal -0.070234939461975 -0.953563805672536 0.292887558271230
   outer loop
      vertex -0.317254305610290 0.196107339820384 -0.066433391556998
      vertex -0.323814376435534 0.191140578233185 -0.084176959392071
      vertex -0.314085345135543 0.191134116735193 -0.081864957893069
   endloop
endfacet
facet normal -0.281173191737134 0.953020016701170 -0.112669800813059
   outer loop
      vertex -0.118767139444349 0.337257163180894 0.290098920855530
      vertex -0.115053580211286 0.337255100053157 0.280814094781934
      vertex -0.129139122068851 0.332392524853048 0.274835077049427
   endloop
endfacet
facet normal 0.199465941941588 -0.955509106069064 0.217291707675313
   outer loop
      vertex -0.235340958269763 0.289484921721082 0.210747928134436
      vertex -0.245843367227442 0.284613056004281 0.198965429906864
      vertex -0.228009402960086 0.289468912677939 0.203947427608884
   endloop
endfacet
facet normal -0.267366281488632 0.955723581582909 -0.122913413138189
   outer loop
      vertex -0.118767139444349 0.337257163180894 0.290098920855530
      vertex -0.129139122068851 0.332392524853048 0.274835077049427
      vertex -0.133304805764908 0.332396339868626 0.283926106510694
   endloop
endfacet
facet normal -0.253866419269049 0.955712263436951 -0.148882204053173
   outer loop
      vertex -0.147522707490537 0.327535386026046 0.277047783724812
      vertex -0.156347409318593 0.322666889711234 0.260843119146521
      vertex -0.161385934004911 0.322674115940647 0.269480944095190
   endloop
endfacet
facet normal -0.055961220017982 -0.953690732477211 0.295537355745734
   outer loop
      vertex -0.319664387641731 0.201073605278367 -0.050863751638327
      vertex -0.327084860075230 0.196116211394627 -0.068266219362494
      vertex -0.317254305610290 0.196107339820384 -0.066433391556998
   endloop
endfacet
facet normal -0.265439546163009 0.958240894659063 -0.106377794373514
   outer loop
      vertex -0.129908016465431 0.337263316483731 0.317953598748521
      vertex -0.122480798437735 0.337259213267178 0.299383846818055
      vertex -0.137470589242457 0.332400142899091 0.293017135866473
   endloop
endfacet
facet normal 0.030009213142511 -0.956931034318153 0.288760181959628
   outer loop
      vertex -0.327858648218013 0.230756957372603 0.044951988604047
      vertex -0.350007882209373 0.225864544600163 0.031040719731754
      vertex -0.330128392216057 0.225827047387657 0.028850493591747
   endloop
endfacet
facet normal -0.624600587134468 0.002179862264896 -0.780941326062198
   outer loop
      vertex -0.214693330362582 0.126318250939813 -0.286900147229270
      vertex -0.214704482363000 0.124318387342486 -0.286896810078666
      vertex -0.228127018700495 0.129269092980376 -0.276147582635465
   endloop
endfacet
facet normal 0.133082921764598 -0.001327817104007 0.991104017162849
   outer loop
      vertex -0.036881559202044 0.067374518940902 -0.316452350556314
      vertex -0.051935991847567 0.074385926412821 -0.314421486273773
      vertex -0.051953543358317 0.072385974268300 -0.314421808908256
   endloop
endfacet
facet normal -0.324468908119270 0.002047377139478 -0.945894146250381
   outer loop
      vertex -0.108422882485520 0.089468367857458 -0.342041049479494
      vertex -0.108438933975108 0.087468429682490 -0.342039872200192
      vertex -0.124684846474929 0.092464908710057 -0.336456241951402
   endloop
endfacet
facet normal 0.209858723704398 -0.955561155897766 0.207031865722372
   outer loop
      vertex -0.224273235697337 0.294354130581648 0.222003049202952
      vertex -0.235340958269763 0.289484921721082 0.210747928134436
      vertex -0.217284473428929 0.294339366045036 0.214850714742621
   endloop
endfacet
facet normal -0.270426207324042 0.958234216701321 -0.093042207277877
   outer loop
      vertex -0.113703015321018 0.342118818218334 0.323919992441340
      vertex -0.100693084849635 0.342117657927563 0.286094815156655
      vertex -0.122480798437735 0.337259213267178 0.299383846818055
   endloop
endfacet
facet normal 0.199438770033483 -0.955521701923512 0.217261257845772
   outer loop
      vertex -0.224273235697337 0.294354130581648 0.222003049202952
      vertex -0.242672463609190 0.289500932757796 0.217548428670471
      vertex -0.235340958269763 0.289484921721082 0.210747928134436
   endloop
endfacet
facet normal -0.012607595359493 -0.953983346813228 0.299594430092224
   outer loop
      vertex -0.312193361221964 0.210971360392501 -0.019084805061402
      vertex -0.322186303487129 0.210986175784011 -0.019458154244558
      vertex -0.321309754827691 0.206033149046184 -0.035192938939805
   endloop
endfacet
facet normal -0.275219685443094 0.953021052910755 -0.126510859033838
   outer loop
      vertex -0.133304805764908 0.332396339868626 0.283926106510694
      vertex -0.129139122068851 0.332392524853048 0.274835077049427
      vertex -0.142914901820777 0.327529846789991 0.268172654519066
   endloop
endfacet
facet normal -0.063434983856639 -0.000720213240995 0.997985713382709
   outer loop
      vertex 0.023851329190521 0.047290890943259 -0.317102993660059
      vertex 0.008693182372418 0.054316824217209 -0.318061420835621
      vertex 0.008674630572394 0.052316876492094 -0.318064043340065
   endloop
endfacet
facet normal -0.260926171972965 0.955721692011982 -0.136064617727348
   outer loop
      vertex -0.133304805764908 0.332396339868626 0.283926106510694
      vertex -0.142914901820777 0.327529846789991 0.268172654519066
      vertex -0.147522707490537 0.327535386026046 0.277047783724812
   endloop
endfacet
facet normal -0.226522307904650 0.962613555518727 -0.148535473046495
   outer loop
      vertex -0.176501408261212 0.322695805557658 0.295394519041106
      vertex -0.180317815290274 0.317821208700401 0.269623895998350
      vertex -0.191231896446336 0.317838959823000 0.286383329097478
   endloop
endfacet
facet normal -0.415822831425725 0.001815916265897 -0.909443827464461
   outer loop
      vertex -0.140609587856040 0.101455744071488 -0.330083341571018
      vertex -0.156249908579433 0.104441324886987 -0.322926193635316
      vertex -0.156235756989652 0.106441239029137 -0.322928670838903
   endloop
endfacet
facet normal -0.012916611144047 -0.951307860419723 0.307971615348237
   outer loop
      vertex -0.312292478562094 0.215916563692699 -0.003813493432915
      vertex -0.322186303487129 0.210986175784011 -0.019458154244558
      vertex -0.312193361221964 0.210971360392501 -0.019084805061402
   endloop
endfacet
facet normal 0.209841668742684 -0.955569086168598 0.207012549422001
   outer loop
      vertex -0.212666463199317 0.299221107986817 0.232703601647452
      vertex -0.231261897985500 0.294368897105905 0.229155383663116
      vertex -0.224273235697337 0.294354130581648 0.222003049202952
   endloop
endfacet
facet normal -0.259816151318417 0.958240963848528 -0.119456363232480
   outer loop
      vertex -0.145802056437231 0.332407762001475 0.311199094689101
      vertex -0.137470589242457 0.332400142899091 0.293017135866473
      vertex -0.152130412981298 0.327540917252280 0.285922912824738
   endloop
endfacet
facet normal -0.302384627987227 -0.952279679075859 -0.041556582826379
   outer loop
      vertex 0.040302985996416 0.042268853773341 -0.325304483559761
      vertex 0.024703415856674 0.047299198810105 -0.327066542391444
      vertex 0.041643902221441 0.042275506518717 -0.335214050229825
   endloop
endfacet
facet normal -0.057537044671335 -0.950930448219509 0.304007847167687
   outer loop
      vertex -0.309755897806443 0.201062531280384 -0.049514490585313
      vertex -0.317254305610290 0.196107339820384 -0.066433391556998
      vertex -0.307423754343510 0.196098478183977 -0.064600563645840
   endloop
endfacet
facet normal -0.041614015775525 -0.953729975488444 0.297770729833956
   outer loop
      vertex -0.309755897806443 0.201062531280384 -0.049514490585313
      vertex -0.319664387641731 0.201073605278367 -0.050863751638327
      vertex -0.317254305610290 0.196107339820384 -0.066433391556998
   endloop
endfacet
facet normal -0.111515557437582 0.957535602207810 -0.265875630613097
   outer loop
      vertex -0.298025087262191 0.264219041113321 0.137565917301205
      vertex -0.295674575234242 0.259301227153583 0.118868827240405
      vertex -0.304868873695701 0.259322287113416 0.122801015297987
   endloop
endfacet
facet normal -0.641545637875039 0.001362152300620 0.767083658452336
   outer loop
      vertex -0.219292083669760 0.306122097894394 0.266244074227124
      vertex -0.232538302762724 0.301261263396959 0.255174313077908
      vertex -0.219307835914569 0.304122199787551 0.266234451263507
   endloop
endfacet
facet normal -0.041578229877697 -0.953815765589752 0.297500816994968
   outer loop
      vertex -0.321309754827691 0.206033149046184 -0.035192938939805
      vertex -0.329572891673005 0.201084688995544 -0.052213012585662
      vertex -0.319664387641731 0.201073605278367 -0.050863751638327
   endloop
endfacet
facet normal -0.027853766073133 -0.951184018729266 0.307364816186867
   outer loop
      vertex -0.312193361221964 0.210971360392501 -0.019084805061402
      vertex -0.321309754827691 0.206033149046184 -0.035192938939805
      vertex -0.311347085548146 0.206020085312900 -0.034330537548064
   endloop
endfacet
facet normal -0.111569548526038 0.957493951379404 -0.266002949069275
   outer loop
      vertex -0.323257477815991 0.259364416891415 0.130665391518819
      vertex -0.304868873695701 0.259322287113416 0.122801015297987
      vertex -0.310981288526830 0.254420117581017 0.107719083586954
   endloop
endfacet
facet normal -0.239293416524189 0.958195343545954 -0.156844969364760
   outer loop
      vertex -0.166424458889983 0.322681352167527 0.278118769149515
      vertex -0.174860874692487 0.317812331151455 0.261244179448953
      vertex -0.180317815290274 0.317821208700401 0.269623895998350
   endloop
endfacet
facet normal 0.149067027810213 -0.957743270847112 0.245981398416435
   outer loop
      vertex -0.282234483725863 0.269996890486487 0.165979794799714
      vertex -0.290487744634672 0.265110563657901 0.151956142653549
      vertex -0.273716756701935 0.269977118877617 0.160740990626714
   endloop
endfacet
facet normal -0.027110461774848 -0.953939177002520 0.298772604905653
   outer loop
      vertex -0.322186303487129 0.210986175784011 -0.019458154244558
      vertex -0.331272434284054 0.206046211520386 -0.036055240337112
      vertex -0.321309754827691 0.206033149046184 -0.035192938939805
   endloop
endfacet
facet normal -0.213570639265678 0.958111237371944 -0.190815195582667
   outer loop
      vertex -0.206769910395321 0.308098037316219 0.250646525791754
      vertex -0.212635959022445 0.303220910034486 0.232723347875970
      vertex -0.219265022846591 0.303234324825282 0.240210310620747
   endloop
endfacet
facet normal 0.124387256630092 -0.957578155932328 0.259945928356804
   outer loop
      vertex -0.298044578344106 0.260219192708547 0.137544868179189
      vertex -0.304886864173104 0.255322423251747 0.122780465722951
      vertex -0.289054316120218 0.260198393762191 0.133166301150630
   endloop
endfacet
facet normal 0.001938468821719 -0.954107104436842 0.299459305418570
   outer loop
      vertex -0.322291698604657 0.215932906054124 -0.003696697798915
      vertex -0.322186303487129 0.210986175784011 -0.019458154244558
      vertex -0.312292478562094 0.215916563692699 -0.003813493432915
   endloop
endfacet
facet normal 0.111576209710002 -0.957489215933804 0.266017200190550
   outer loop
      vertex -0.304886864173104 0.255322423251747 0.122780465722951
      vertex -0.310997768621618 0.250420249515027 0.107698933670118
      vertex -0.295692565711646 0.255301363291913 0.118848277665369
   endloop
endfacet
facet normal -0.253457483341248 0.952985511972820 -0.166066005275682
   outer loop
      vertex -0.174860874692487 0.317812331151455 0.261244179448953
      vertex -0.169403834114456 0.317803455590155 0.252864462899390
      vertex -0.182052664788703 0.312939284720690 0.244256177452391
   endloop
endfacet
facet normal 0.250334437490537 0.956111737597656 -0.152259694713631
   outer loop
      vertex -0.189428446531783 0.121318266318633 -0.280495774375785
      vertex -0.170585002298478 0.116331353301017 -0.280829960373514
      vertex -0.175839267255952 0.116352122714505 -0.289338223738768
   endloop
endfacet
facet normal -0.012595378083250 -0.954060975942923 0.299347641770865
   outer loop
      vertex -0.322291698604657 0.215932906054124 -0.003696697798915
      vertex -0.332179250730141 0.211000990019798 -0.019831403433286
      vertex -0.322186303487129 0.210986175784011 -0.019458154244558
   endloop
endfacet
facet normal 0.251344146267800 -0.962640764279118 0.100741645236840
   outer loop
      vertex -0.113739920505731 0.338119003856353 0.323907447839581
      vertex -0.129944421804166 0.333263514738613 0.317939854107259
      vertex -0.122517203577718 0.333259401524594 0.299370102071138
   endloop
endfacet
facet normal 0.030908891494115 -0.954409174933870 0.296896896630219
   outer loop
      vertex -0.317984548997642 0.230737328373632 0.043370903003529
      vertex -0.330128392216057 0.225827047387657 0.028850493591747
      vertex -0.320188648708521 0.225808298223418 0.027755430518955
   endloop
endfacet
facet normal -0.229091184223568 0.971567803342105 0.059776523987607
   outer loop
      vertex 0.088330294808171 0.392299449078898 0.330065551117576
      vertex 0.104718801554706 0.396461301983266 0.325229875728187
      vertex 0.083262852476463 0.392294876572617 0.310719095557330
   endloop
endfacet
facet normal 0.140849080420359 -0.955158862625502 0.260447852156046
   outer loop
      vertex -0.281723186258290 0.265090194105245 0.147141703605423
      vertex -0.289054316120218 0.260198393762191 0.133166301150630
      vertex -0.272958617905051 0.265069825807695 0.142327164562862
   endloop
endfacet
facet normal 0.251286604067295 -0.962658194435859 0.100718634332570
   outer loop
      vertex -0.129944421804166 0.333263514738613 0.317939854107259
      vertex -0.145837961688903 0.328407960763071 0.311184349891516
      vertex -0.122517203577718 0.333259401524594 0.299370102071138
   endloop
endfacet
facet normal -0.194170446907850 0.952732504432715 -0.233663460012414
   outer loop
      vertex -0.245816684026858 0.288612869309265 0.198986577141264
      vertex -0.238160141349984 0.288595725613844 0.192554216389903
      vertex -0.247767162150238 0.283719761612654 0.180656378910343
   endloop
endfacet
facet normal -0.236784686492868 0.971463121867168 0.013871376808752
   outer loop
      vertex 0.020989624819373 0.375630731938952 0.341263851190596
      vertex 0.038011475986154 0.379801949406158 0.339701623379816
      vertex 0.019787910387790 0.375622877898683 0.321300608300198
   endloop
endfacet
facet normal 0.046660585586648 -0.951778075160657 0.303218214156382
   outer loop
      vertex -0.305233345220300 0.235640496242091 0.056799347769535
      vertex -0.317984548997642 0.230737328373632 0.043370903003529
      vertex -0.308110440779048 0.230717699553549 0.041789817402995
   endloop
endfacet
facet normal 0.240052479175616 -0.962648735671270 0.125228666654830
   outer loop
      vertex -0.161381029365694 0.323552192945813 0.303657426176001
      vertex -0.176535813437535 0.318696015270907 0.295377773930042
      vertex -0.152165618185418 0.323541120495879 0.285907167870495
   endloop
endfacet
facet normal 0.144975421373307 -0.952463066234097 0.267948193980804
   outer loop
      vertex -0.265199019481230 0.269957337470046 0.155502186348043
      vertex -0.281723186258290 0.265090194105245 0.147141703605423
      vertex -0.272958617905051 0.265069825807695 0.142327164562862
   endloop
endfacet
facet normal 0.237931060821920 -0.955677393882116 0.173405677873716
   outer loop
      vertex -0.187947522128131 0.308949950952466 0.252339135349788
      vertex -0.200548254339080 0.304086259709860 0.242823794159528
      vertex -0.182085269466771 0.308939487128228 0.244237831793715
   endloop
endfacet
facet normal 0.229116224605391 -0.955645176016432 0.185062295401020
   outer loop
      vertex -0.187947522128131 0.308949950952466 0.252339135349788
      vertex -0.206801414863773 0.304098240046191 0.250627379858937
      vertex -0.200548254339080 0.304086259709860 0.242823794159528
   endloop
endfacet
facet normal 0.012921024815975 0.951241025605282 -0.308177803099308
   outer loop
      vertex -0.312187854996454 0.214971313318666 -0.019073452416408
      vertex -0.311342679862662 0.210020054327710 -0.034320884595043
      vertex -0.322180799240058 0.214986127614081 -0.019446701605141
   endloop
endfacet
facet normal 0.045289034807621 -0.954520155143525 0.294686573754175
   outer loop
      vertex -0.315018028540880 0.235660807720855 0.058862648568909
      vertex -0.327858648218013 0.230756957372603 0.044951988604047
      vertex -0.317984548997642 0.230737328373632 0.043370903003529
   endloop
endfacet
facet normal -0.183300472342661 0.957953715029857 -0.220738797449506
   outer loop
      vertex -0.268786322076668 0.288664301253106 0.218283559400945
      vertex -0.253473226724898 0.288630014061028 0.205418837898207
      vertex -0.263693310132639 0.283756073546075 0.192753808735163
   endloop
endfacet
facet normal -0.250926059491178 0.968003276150759 0.002402088597061
   outer loop
      vertex 0.003690804106140 0.371448458826156 0.321994958112846
      vertex 0.019787910387790 0.375622877898683 0.321300608300198
      vertex 0.003468088058317 0.371440351497380 0.301996803378617
   endloop
endfacet
facet normal 0.157868145877331 -0.952541519771095 0.260273513115389
   outer loop
      vertex -0.256803670956349 0.274840564592053 0.168281506221028
      vertex -0.273716756701935 0.269977118877617 0.160740990626714
      vertex -0.265199019481230 0.269957337470046 0.155502186348043
   endloop
endfacet
facet normal -0.219735729115046 0.955612600637014 -0.196267080413506
   outer loop
      vertex -0.200516649691629 0.308086048970067 0.242842939986522
      vertex -0.206006995118918 0.303207490256803 0.225236385099663
      vertex -0.212635959022445 0.303220910034486 0.232723347875970
   endloop
endfacet
facet normal 0.165523192088865 -0.955316371150505 0.244893249993838
   outer loop
      vertex -0.265054029814240 0.274859598535757 0.173932168997969
      vertex -0.273716756701935 0.269977118877617 0.160740990626714
      vertex -0.256803670956349 0.274840564592053 0.168281506221028
   endloop
endfacet
facet normal -0.226247127267052 0.952888854229233 -0.202027396382535
   outer loop
      vertex -0.212635959022445 0.303220910034486 0.232723347875970
      vertex -0.206006995118918 0.303207490256803 0.225236385099663
      vertex -0.217255269524121 0.298339168906903 0.214871061288469
   endloop
endfacet
facet normal -0.165467835317671 0.955345428688320 -0.244817293832796
   outer loop
      vertex -0.255730236141438 0.283737917579364 0.186705093822753
      vertex -0.256779758675435 0.278840396650725 0.168302954256828
      vertex -0.265030127552516 0.278859431452006 0.173953517039365
   endloop
endfacet
facet normal -0.209836379424158 0.955571395272537 -0.207007252063925
   outer loop
      vertex -0.212635959022445 0.303220910034486 0.232723347875970
      vertex -0.217255269524121 0.298339168906903 0.214871061288469
      vertex -0.224243931792409 0.298353934431413 0.222023395738068
   endloop
endfacet
facet normal 0.261383538764159 -0.952989279779677 0.153264732695224
   outer loop
      vertex -0.161420339181235 0.318674325653894 0.269464198984125
      vertex -0.156381814494915 0.318667099424480 0.260826374035457
      vertex -0.142950107024897 0.323530050033590 0.268156909564823
   endloop
endfacet
facet normal 0.042766517573015 0.950982350487728 -0.306273724037033
   outer loop
      vertex -0.309752512279282 0.205062497979021 -0.049506537535711
      vertex -0.307421299212371 0.200098455409132 -0.064594410388569
      vertex -0.319661012290180 0.205073580719364 -0.050855698488634
   endloop
endfacet
facet normal -0.160821579326611 0.957847936244600 -0.238041489356068
   outer loop
      vertex -0.263693310132639 0.283756073546075 0.192753808735163
      vertex -0.265030127552516 0.278859431452006 0.173953517039365
      vertex -0.273280486431574 0.278878466452052 0.179604079821888
   endloop
endfacet
facet normal 0.170382164559381 -0.952615719262254 0.251978589198603
   outer loop
      vertex -0.247792484906569 0.279719939461958 0.180635031283359
      vertex -0.265054029814240 0.274859598535757 0.173932168997969
      vertex -0.256803670956349 0.274840564592053 0.168281506221028
   endloop
endfacet
facet normal 0.087629684192283 -0.954783233732085 0.284095080971957
   outer loop
      vertex -0.306826901136448 0.245491603769201 0.089325461946686
      vertex -0.311295911323376 0.240578865812457 0.074193267940446
      vertex -0.297291463714940 0.245470541868998 0.086313453022987
   endloop
endfacet
facet normal -0.172290541930167 0.957891330007144 -0.229695818548256
   outer loop
      vertex -0.279619448118308 0.283792385734855 0.204851138554982
      vertex -0.263693310132639 0.283756073546075 0.192753808735163
      vertex -0.273280486431574 0.278878466452052 0.179604079821888
   endloop
endfacet
facet normal -0.193061174649770 0.962489947194659 -0.190631803202074
   outer loop
      vertex -0.232523050713393 0.303261166391990 0.255184236215790
      vertex -0.231232694081982 0.298368700024365 0.229175630203980
      vertex -0.245210138634601 0.298398230687705 0.243480299124508
   endloop
endfacet
facet normal 0.275279680382837 -0.952999702203439 0.126541159977612
   outer loop
      vertex -0.133340711016581 0.328396538630221 0.283911361713108
      vertex -0.129174927340279 0.328392725602289 0.274820332251674
      vertex -0.115089985528856 0.333255297251698 0.280800450135089
   endloop
endfacet
facet normal 0.057582942024850 0.950850461992592 -0.304249246040540
   outer loop
      vertex -0.307421299212371 0.200098455409132 -0.064594410388569
      vertex -0.304354677158861 0.195127697334927 -0.079548802389874
      vertex -0.317251850677904 0.200107327043004 -0.066427238194071
   endloop
endfacet
facet normal 0.101343790678443 -0.954884301568972 0.279151225517748
   outer loop
      vertex -0.301621591647382 0.250399097745891 0.104222631591549
      vertex -0.306826901136448 0.245491603769201 0.089325461946686
      vertex -0.292245424671171 0.250377945777992 0.100746329512997
   endloop
endfacet
facet normal -0.149010293689535 0.957776944125068 -0.245884643027995
   outer loop
      vertex -0.273280486431574 0.278878466452052 0.179604079821888
      vertex -0.273694294751990 0.273976953164172 0.160762338987468
      vertex -0.282212031752776 0.273996723517934 0.166001243154903
   endloop
endfacet
facet normal -0.188554511807834 0.955470848684737 -0.226986020253623
   outer loop
      vertex -0.235312954685889 0.293484728841032 0.210768775007257
      vertex -0.238160141349984 0.288595725613844 0.192554216389903
      vertex -0.245816684026858 0.288612869309265 0.198986577141264
   endloop
endfacet
facet normal -0.281247678395908 0.952994515474650 -0.112699586832200
   outer loop
      vertex -0.118767139444349 0.337257163180894 0.290098920855530
      vertex -0.100693084849635 0.342117657927563 0.286094815156655
      vertex -0.115053580211286 0.337255100053157 0.280814094781934
   endloop
endfacet
facet normal 0.087583425187764 -0.954832899520093 0.283942384343076
   outer loop
      vertex -0.301621591647382 0.250399097745891 0.104222631591549
      vertex -0.316362338735543 0.245512674610527 0.092337570970459
      vertex -0.306826901136448 0.245491603769201 0.089325461946686
   endloop
endfacet
facet normal -0.193864674426583 0.958011440312264 -0.211259480829375
   outer loop
      vertex -0.257307480695539 0.293532761409105 0.231170176606168
      vertex -0.242644460013392 0.293500739277898 0.217569275536953
      vertex -0.253473226724898 0.288630014061028 0.205418837898207
   endloop
endfacet
facet normal 0.086826312456436 0.950582896975799 -0.298082786222746
   outer loop
      vertex -0.300559953719371 0.190150033374556 -0.094334212022366
      vertex -0.296046106312765 0.185165247346891 -0.108915837726939
      vertex -0.310164130164813 0.190153779359831 -0.097119795067689
   endloop
endfacet
facet normal 0.188561266569752 -0.955467509701009 0.226994463931092
   outer loop
      vertex -0.235340958269763 0.289484921721082 0.210747928134436
      vertex -0.253499919922215 0.284630200500685 0.205397790668808
      vertex -0.245843367227442 0.284613056004281 0.198965429906864
   endloop
endfacet
facet normal -0.205362926157472 0.952791409186827 -0.223639440036460
   outer loop
      vertex -0.235312954685889 0.293484728841032 0.210768775007257
      vertex -0.227981399385455 0.293468720254382 0.203968174480947
      vertex -0.238160141349984 0.288595725613844 0.192554216389903
   endloop
endfacet
facet normal -0.277589765835021 0.001662410915323 -0.960698265999063
   outer loop
      vertex -0.091907061921153 0.086466540156889 -0.346818421518777
      vertex -0.108422882485520 0.089468367857458 -0.342041049479494
      vertex -0.108406830995931 0.091468306032427 -0.342042226758797
   endloop
endfacet
facet normal 0.095637933249433 0.955863048158756 -0.277811480843447
   outer loop
      vertex -0.319768306622956 0.190157525978913 -0.099905438109663
      vertex -0.296046106312765 0.185165247346891 -0.108915837726939
      vertex -0.333871258487721 0.185168617467174 -0.121925732042460
   endloop
endfacet
facet normal -0.251344683366311 0.962640656022787 -0.100741339655119
   outer loop
      vertex -0.113703015321018 0.342118818218334 0.323919992441340
      vertex -0.122480798437735 0.337259213267178 0.299383846818055
      vertex -0.129908016465431 0.337263316483731 0.317953598748521
   endloop
endfacet
facet normal -0.182510436039974 0.952668045333840 -0.243132754141231
   outer loop
      vertex -0.255730236141438 0.283737917579364 0.186705093822753
      vertex -0.247767162150238 0.283719761612654 0.180656378910343
      vertex -0.256779758675435 0.278840396650725 0.168302954256828
   endloop
endfacet
facet normal -0.851292782295207 0.001347655796006 -0.524689224814024
   outer loop
      vertex -0.305247758430658 0.161689175347833 -0.184431322671602
      vertex -0.296221302390571 0.158797959042473 -0.199083907244437
      vertex -0.296226069844584 0.156797930107609 -0.199081309233004
   endloop
endfacet
facet normal -0.173477445095505 0.962392997223840 -0.209058113780956
   outer loop
      vertex -0.257307480695539 0.293532761409105 0.231170176606168
      vertex -0.253473226724898 0.288630014061028 0.205418837898207
      vertex -0.268786322076668 0.288664301253106 0.218283559400945
   endloop
endfacet
facet normal 0.027129355253475 0.953866508831927 -0.299002811713071
   outer loop
      vertex -0.321305359119064 0.210033116805887 -0.035183185992350
      vertex -0.319661012290180 0.205073580719364 -0.050855698488634
      vertex -0.331268034677405 0.210046169356166 -0.036045487495318
   endloop
endfacet
facet normal -0.045315102542039 0.954466976484391 -0.294854764727231
   outer loop
      vertex -0.327848012272556 0.234756875203034 0.044968740093876
      vertex -0.317973910853825 0.234737236246349 0.043387654387699
      vertex -0.320179380945556 0.229808211536428 0.027770982183691
   endloop
endfacet
facet normal -0.149060405621392 0.957747423858108 -0.245969241103729
   outer loop
      vertex -0.299247495976241 0.274036275478032 0.176478951600990
      vertex -0.282212031752776 0.273996723517934 0.166001243154903
      vertex -0.290466762988604 0.269110398519702 0.151977491333725
   endloop
endfacet
facet normal -0.114798313660466 0.954986093641926 -0.273537763629171
   outer loop
      vertex -0.304868873695701 0.259322287113416 0.122801015297987
      vertex -0.295674575234242 0.259301227153583 0.118868827240405
      vertex -0.301605111552594 0.254398965811881 0.104242781508385
   endloop
endfacet
facet normal -0.163047821820326 0.962336360106363 -0.217541117531569
   outer loop
      vertex -0.268786322076668 0.288664301253106 0.218283559400945
      vertex -0.263693310132639 0.283756073546075 0.192753808735163
      vertex -0.279619448118308 0.283792385734855 0.204851138554982
   endloop
endfacet
facet normal -0.136834309023418 0.957701200878412 -0.253149721923868
   outer loop
      vertex -0.282212031752776 0.273996723517934 0.166001243154903
      vertex -0.281702204633388 0.269090030023388 0.147162952291181
      vertex -0.290466762988604 0.269110398519702 0.151977491333725
   endloop
endfacet
facet normal 0.219749802909424 -0.955606256697537 0.196282210813387
   outer loop
      vertex -0.212666463199317 0.299221107986817 0.232703601647452
      vertex -0.224273235697337 0.294354130581648 0.222003049202952
      vertex -0.206037399315547 0.299207690196780 0.225216638870979
   endloop
endfacet
facet normal -0.145016021849158 0.952436677632779 -0.268020015123645
   outer loop
      vertex -0.281702204633388 0.269090030023388 0.147162952291181
      vertex -0.272937636478903 0.269069671723305 0.142348413354274
      vertex -0.280044562835583 0.264177444276953 0.128808683249669
   endloop
endfacet
facet normal -0.240079893302982 0.962639815499717 -0.125244682307471
   outer loop
      vertex -0.145802056437231 0.332407762001475 0.311199094689101
      vertex -0.152130412981298 0.327540917252280 0.285922912824738
      vertex -0.161345924340572 0.327551997712036 0.303673171236064
   endloop
endfacet
facet normal -0.117672426311491 0.962055084549915 -0.246177201173511
   outer loop
      vertex -0.307995889718224 0.269151136369908 0.161606469424413
      vertex -0.298025087262191 0.264219041113321 0.137565917301205
      vertex -0.316005621686823 0.264260637750927 0.146323151352756
   endloop
endfacet
facet normal -0.229107999276440 0.955647664605542 -0.185059627692053
   outer loop
      vertex -0.206769910395321 0.308098037316219 0.250646525791754
      vertex -0.200516649691629 0.308086048970067 0.242842939986522
      vertex -0.212635959022445 0.303220910034486 0.232723347875970
   endloop
endfacet
facet normal -0.747018256088504 0.001485207531393 0.664801864640194
   outer loop
      vertex -0.257321482456371 0.291532856292914 0.231159853158894
      vertex -0.268786322076668 0.288664301253106 0.218283559400945
      vertex -0.268799663656440 0.286664393572570 0.218273035775670
   endloop
endfacet
facet normal -0.267307905784724 0.955743133625874 -0.122888347828340
   outer loop
      vertex -0.137470589242457 0.332400142899091 0.293017135866473
      vertex -0.133304805764908 0.332396339868626 0.283926106510694
      vertex -0.147522707490537 0.327535386026046 0.277047783724812
   endloop
endfacet
facet normal 0.229114919762454 -0.955644932351135 0.185065169099535
   outer loop
      vertex -0.200548254339080 0.304086259709860 0.242823794159528
      vertex -0.212666463199317 0.299221107986817 0.232703601647452
      vertex -0.194294993635388 0.304074271363707 0.235020208354295
   endloop
endfacet
facet normal 0.219740303562366 -0.955610151582579 0.196273883088505
   outer loop
      vertex -0.200548254339080 0.304086259709860 0.242823794159528
      vertex -0.219295427124011 0.299234528820841 0.240190464429342
      vertex -0.212666463199317 0.299221107986817 0.232703601647452
   endloop
endfacet
facet normal -0.170414490454687 0.952596170449720 -0.252030628074442
   outer loop
      vertex -0.265030127552516 0.278859431452006 0.173953517039365
      vertex -0.256779758675435 0.278840396650725 0.168302954256828
      vertex -0.265176557531286 0.273957171756601 0.155523534708796
   endloop
endfacet
facet normal -0.027135823066123 -0.953857656236739 0.299030464576903
   outer loop
      vertex -0.311347085548146 0.206020085312900 -0.034330537548064
      vertex -0.321309754827691 0.206033149046184 -0.035192938939805
      vertex -0.319664387641731 0.201073605278367 -0.050863751638327
   endloop
endfacet
facet normal -0.253569870028015 0.958234533118766 -0.132245606931332
   outer loop
      vertex -0.161345924340572 0.327551997712036 0.303673171236064
      vertex -0.152130412981298 0.327540917252280 0.285922912824738
      vertex -0.166424458889983 0.322681352167527 0.278118769149515
   endloop
endfacet
facet normal 0.188594441738101 -0.955450811955853 0.227037183030434
   outer loop
      vertex -0.245843367227442 0.284613056004281 0.198965429906864
      vertex -0.255755558937521 0.279738097428162 0.186683746216899
      vertex -0.238186824529402 0.284595911252518 0.192533169149922
   endloop
endfacet
facet normal -0.080527095916285 0.961796051365268 -0.261655770816294
   outer loop
      vertex -0.329733627677018 0.254462431414900 0.114671687849722
      vertex -0.316347349069657 0.249512549391050 0.092357121240224
      vertex -0.335418223090458 0.249554682152457 0.098381239187696
   endloop
endfacet
facet normal 0.177231135490970 -0.955407238445068 0.236190883268917
   outer loop
      vertex -0.245843367227442 0.284613056004281 0.198965429906864
      vertex -0.263718622970448 0.279756255593131 0.192732461150425
      vertex -0.255755558937521 0.279738097428162 0.186683746216899
   endloop
endfacet
facet normal -0.118204730154002 0.952255609171115 -0.281490491085166
   outer loop
      vertex -0.295674575234242 0.259301227153583 0.118868827240405
      vertex -0.286480276574029 0.259280157196283 0.114936639077166
      vertex -0.292228934578359 0.254377814042746 0.100766479429816
   endloop
endfacet
facet normal 0.194146347359841 -0.952743514248661 0.233638592411322
   outer loop
      vertex -0.228009402960086 0.289468912677939 0.203947427608884
      vertex -0.245843367227442 0.284613056004281 0.198965429906864
      vertex -0.238186824529402 0.284595911252518 0.192533169149922
   endloop
endfacet
facet normal -0.877844991999025 0.000761269100971 -0.478944245702553
   outer loop
      vertex 0.272540561635027 0.463403705314572 0.134524949828701
      vertex 0.265287503935436 0.457182618975101 0.147809010582220
      vertex 0.265299756319669 0.459182472868089 0.147789732206404
   endloop
endfacet
facet normal 0.713238990504758 -0.001606755037055 -0.700919082891888
   outer loop
      vertex -0.217255269524121 0.298339168906903 0.214871061288469
      vertex -0.217269821496986 0.296339268997963 0.214860838018253
      vertex -0.227995451144360 0.291468814544268 0.203957851037981
   endloop
endfacet
facet normal 0.808244925009400 -0.001963612846830 -0.588843175574905
   outer loop
      vertex -0.247767162150238 0.283719761612654 0.180656378910343
      vertex -0.247779833626450 0.281719855365573 0.180645655147203
      vertex -0.256791719715528 0.276840475523274 0.168292230186108
   endloop
endfacet
facet normal -0.085104649323295 0.957350823241057 -0.276109760608404
   outer loop
      vertex -0.310981288526830 0.254420117581017 0.107719083586954
      vertex -0.306811911669315 0.249491488547190 0.089345012322106
      vertex -0.316347349069657 0.249512549391050 0.092357121240224
   endloop
endfacet
facet normal -0.071564749991545 0.957252909939787 -0.280259438682192
   outer loop
      vertex -0.316347349069657 0.249512549391050 0.092357121240224
      vertex -0.311282412149887 0.244578750476538 0.074211918579886
      vertex -0.320954121928682 0.244599543392541 0.076752627199758
   endloop
endfacet
facet normal -0.057852403803685 0.957150315559592 -0.283754070981033
   outer loop
      vertex -0.320954121928682 0.244599543392541 0.076752627199758
      vertex -0.315005980066447 0.239660713061020 0.058880399683611
      vertex -0.324790672165329 0.239681013307087 0.060943800371763
   endloop
endfacet
facet normal 0.027108018776217 0.953948131962153 -0.298744233155968
   outer loop
      vertex -0.322180799240058 0.214986127614081 -0.019446701605141
      vertex -0.311342679862662 0.210020054327710 -0.034320884595043
      vertex -0.321305359119064 0.210033116805887 -0.035183185992350
   endloop
endfacet
facet normal -0.222067580976299 0.971575164163538 0.082022496060106
   outer loop
      vertex 0.120851565096438 0.400622720289779 0.319599305511271
      vertex 0.136691163375589 0.404784442884166 0.313186856919467
      vertex 0.113914205220711 0.400620618448731 0.300842004730326
   endloop
endfacet
facet normal -0.002040173842224 0.951366543051154 -0.308054440730192
   outer loop
      vertex -0.322285008897852 0.219932846654074 -0.003683845450921
      vertex -0.312285781835506 0.219916503375441 -0.003800541090513
      vertex -0.312187854996454 0.214971313318666 -0.019073452416408
   endloop
endfacet
facet normal -0.234008078903802 0.971530642113390 0.036992302476264
   outer loop
      vertex 0.054936961707906 0.383970401348277 0.337310240471977
      vertex 0.071723672508354 0.388136143492595 0.334095512356643
      vertex 0.051787537748286 0.383963810124799 0.317560535101925
   endloop
endfacet
facet normal -0.235887414434706 0.952928114689687 -0.190486576811252
   outer loop
      vertex -0.200516649691629 0.308086048970067 0.242842939986522
      vertex -0.194263489145769 0.308074067577394 0.235039454281530
      vertex -0.206006995118918 0.303207490256803 0.225236385099663
   endloop
endfacet
facet normal 0.012302412349100 0.956520190325037 -0.291406547886194
   outer loop
      vertex -0.332173746504236 0.215000942906209 -0.019820050788288
      vertex -0.331268034677405 0.210046169356166 -0.036045487495318
      vertex -0.352159641990062 0.215030571357906 -0.020566549165742
   endloop
endfacet
facet normal -0.234267146048255 0.971173788506626 -0.044049708286129
   outer loop
      vertex -0.047225369872270 0.358913209793189 0.339180779455216
      vertex -0.060434918324763 0.354717385196657 0.316926111015567
      vertex -0.064106332134314 0.354723479399982 0.336585949851071
   endloop
endfacet
facet normal -0.459997559065944 0.002199566075246 -0.887917455376599
   outer loop
      vertex -0.156249908579433 0.104441324886987 -0.322926193635316
      vertex -0.156264060190380 0.102441411801179 -0.322923816426148
      vertex -0.171521335535108 0.107420887225400 -0.315007244835824
   endloop
endfacet
facet normal -0.253611273598044 0.958220942066592 -0.132264689501739
   outer loop
      vertex -0.137470589242457 0.332400142899091 0.293017135866473
      vertex -0.147522707490537 0.327535386026046 0.277047783724812
      vertex -0.152130412981298 0.327540917252280 0.285922912824738
   endloop
endfacet
facet normal -0.250386166126904 0.967892391326135 -0.022160474391273
   outer loop
      vertex -0.012418647728054 0.367271112086023 0.321902935719605
      vertex -0.026768266518600 0.363082709419029 0.301101168090111
      vertex -0.028501630329111 0.363090479661393 0.321025429172434
   endloop
endfacet
facet normal 0.059585290725035 -0.954571075295890 0.291965161171090
   outer loop
      vertex -0.315018028540880 0.235660807720855 0.058862648568909
      vertex -0.317984548997642 0.230737328373632 0.043370903003529
      vertex -0.305233345220300 0.235640496242091 0.056799347769535
   endloop
endfacet
facet normal 0.026431073755656 0.956397929226984 -0.290868353917130
   outer loop
      vertex -0.331268034677405 0.210046169356166 -0.036045487495318
      vertex -0.329569508323035 0.205084664595553 -0.052204959435982
      vertex -0.351193386712661 0.210072295498060 -0.037770190284361
   endloop
endfacet
facet normal 0.026406046067481 0.956478230053586 -0.290606462702814
   outer loop
      vertex -0.332173746504236 0.215000942906209 -0.019820050788288
      vertex -0.321305359119064 0.210033116805887 -0.035183185992350
      vertex -0.331268034677405 0.210046169356166 -0.036045487495318
   endloop
endfacet
facet normal 0.061337407199029 -0.951887091650591 0.300247709778244
   outer loop
      vertex -0.301624201764500 0.240558083950261 0.071652459431810
      vertex -0.315018028540880 0.235660807720855 0.058862648568909
      vertex -0.305233345220300 0.235640496242091 0.056799347769535
   endloop
endfacet
facet normal 0.055955733833599 0.953700224778454 -0.295507761503266
   outer loop
      vertex -0.319661012290180 0.205073580719364 -0.050855698488634
      vertex -0.307421299212371 0.200098455409132 -0.064594410388569
      vertex -0.317251850677904 0.200107327043004 -0.066427238194071
   endloop
endfacet
facet normal -0.016987759741152 0.951488834111855 -0.307213955704229
   outer loop
      vertex -0.321617446141514 0.224873479900934 0.012067982443847
      vertex -0.311635964229297 0.224855820051710 0.011461349306018
      vertex -0.312285781835506 0.219916503375441 -0.003800541090513
   endloop
endfacet
facet normal -0.249166346914160 0.968085894089925 0.026941292277166
   outer loop
      vertex 0.035833458309499 0.379794624035436 0.319821397356818
      vertex 0.051787537748286 0.383963810124799 0.317560535101925
      vertex 0.033655341028941 0.379787277738478 0.299941071128256
   endloop
endfacet
facet normal -0.246195854889012 0.955697137636310 -0.161339958315454
   outer loop
      vertex -0.161385934004911 0.322674115940647 0.269480944095190
      vertex -0.169403834114456 0.317803455590155 0.252864462899390
      vertex -0.174860874692487 0.317812331151455 0.261244179448953
   endloop
endfacet
facet normal -0.222686505545187 0.958144461671491 -0.179916399520230
   outer loop
      vertex -0.219276331446116 0.308121997057579 0.266253597196322
      vertex -0.206769910395321 0.308098037316219 0.250646525791754
      vertex -0.219265022846591 0.303234324825282 0.240210310620747
   endloop
endfacet
facet normal 0.040512246530260 0.956273166549291 -0.289655638334322
   outer loop
      vertex -0.329569508323035 0.205084664595553 -0.052204959435982
      vertex -0.327082398144226 0.200116198756382 -0.068260065999579
      vertex -0.349386502189596 0.205106822310714 -0.054903481436331
   endloop
endfacet
facet normal -0.280333783622029 -0.959582827793055 -0.024774308564345
   outer loop
      vertex 0.025555502522827 0.047307506676951 -0.337030091122830
      vertex 0.027259675833966 0.047324123466983 -0.356957288580022
      vertex 0.044325534668673 0.042288810146862 -0.355033383558457
   endloop
endfacet
facet normal 0.075863583578625 -0.951994717514240 0.296564958333908
   outer loop
      vertex -0.297291463714940 0.245470541868998 0.086313453022987
      vertex -0.311295911323376 0.240578865812457 0.074193267940446
      vertex -0.301624201764500 0.240558083950261 0.071652459431810
   endloop
endfacet
facet normal -0.230013744923142 0.001536843353484 -0.973186166804142
   outer loop
      vertex -0.075194047848679 0.081459667142064 -0.350776469697705
      vertex -0.091923713376873 0.084466594281415 -0.346817644216151
      vertex -0.091907061921153 0.086466540156889 -0.346818421518777
   endloop
endfacet
facet normal 0.012296095758004 0.956597288563773 -0.291153625327846
   outer loop
      vertex -0.332284233839447 0.219949188918105 -0.003567049816913
      vertex -0.322180799240058 0.214986127614081 -0.019446701605141
      vertex -0.332173746504236 0.215000942906209 -0.019820050788288
   endloop
endfacet
facet normal 0.998433997535333 -0.001537083529230 0.055921283424471
   outer loop
      vertex -0.312190603000236 0.212971331428062 -0.019079078794532
      vertex -0.312193361221964 0.210971360392501 -0.019084805061402
      vertex -0.311347085548146 0.206020085312900 -0.034330537548064
   endloop
endfacet
facet normal -0.237508940804207 -0.960603565052949 0.144327037819076
   outer loop
      vertex -0.175864670798879 0.112352341614139 -0.289332279391668
      vertex -0.186373100729349 0.112393882217490 -0.306348786123458
      vertex -0.171521335535108 0.107420887225400 -0.315007244835824
   endloop
endfacet
facet normal -0.203945452018155 0.958070912655348 -0.201261965917206
   outer loop
      vertex -0.219265022846591 0.303234324825282 0.240210310620747
      vertex -0.224243931792409 0.298353934431413 0.222023395738068
      vertex -0.231232694081982 0.298368700024365 0.229175630203980
   endloop
endfacet
facet normal -0.216063296997072 0.952843633497090 -0.213086043172281
   outer loop
      vertex -0.224243931792409 0.298353934431413 0.222023395738068
      vertex -0.217255269524121 0.298339168906903 0.214871061288469
      vertex -0.227981399385455 0.293468720254382 0.203968174480947
   endloop
endfacet
facet normal 0.979538777984809 -0.000915765479779 0.201253431766051
   outer loop
      vertex -0.307422526966111 0.198098476265851 -0.064597436914340
      vertex -0.307423754343510 0.196098478183977 -0.064600563645840
      vertex -0.304356322821704 0.191127755072729 -0.079552955337501
   endloop
endfacet
facet normal -0.213582881278505 0.958106482353119 -0.190825368590510
   outer loop
      vertex -0.232523050713393 0.303261166391990 0.255184236215790
      vertex -0.219265022846591 0.303234324825282 0.240210310620747
      vertex -0.231232694081982 0.298368700024365 0.229175630203980
   endloop
endfacet
facet normal -0.210798910687929 0.962563547012262 -0.170397292278827
   outer loop
      vertex -0.205501575369236 0.312981137779922 0.276661791654191
      vertex -0.206769910395321 0.308098037316219 0.250646525791754
      vertex -0.219276331446116 0.308121997057579 0.266253597196322
   endloop
endfacet
facet normal 0.072281054926645 0.950716854658535 -0.301517680023697
   outer loop
      vertex -0.304354677158861 0.195127697334927 -0.079548802389874
      vertex -0.300559953719371 0.190150033374556 -0.094334212022366
      vertex -0.314083700863974 0.195134128979656 -0.081860804205853
   endloop
endfacet
facet normal 0.112285548433546 0.000896048704410 -0.993675577192927
   outer loop
      vertex 0.044344286704351 0.044288748114822 -0.355029461126906
      vertex 0.044325534668673 0.042288810146862 -0.355033383558457
      vertex 0.027259675833966 0.047324123466983 -0.356957288580022
   endloop
endfacet
facet normal 0.054461933686946 0.956236015308820 -0.287483183517558
   outer loop
      vertex -0.329569508323035 0.205084664595553 -0.052204959435982
      vertex -0.317251850677904 0.200107327043004 -0.066427238194071
      vertex -0.327082398144226 0.200116198756382 -0.068260065999579
   endloop
endfacet
facet normal 0.068339790082492 0.956112721097965 -0.284917773482327
   outer loop
      vertex -0.327082398144226 0.200116198756382 -0.068260065999579
      vertex -0.314083700863974 0.195134128979656 -0.081860804205853
      vertex -0.323812728568297 0.195140560544879 -0.084172806021827
   endloop
endfacet
facet normal -0.203969927679319 0.958061520143219 -0.201281872565213
   outer loop
      vertex -0.245210138634601 0.298398230687705 0.243480299124508
      vertex -0.231232694081982 0.298368700024365 0.229175630203980
      vertex -0.242644460013392 0.293500739277898 0.217569275536953
   endloop
endfacet
facet normal 0.082076494746298 0.955987787672327 -0.281692738336526
   outer loop
      vertex -0.323812728568297 0.195140560544879 -0.084172806021827
      vertex -0.310164130164813 0.190153779359831 -0.097119795067689
      vertex -0.319768306622956 0.190157525978913 -0.099905438109663
   endloop
endfacet
facet normal 0.056007801115034 0.953610507113680 -0.295787300161195
   outer loop
      vertex -0.317251850677904 0.200107327043004 -0.066427238194071
      vertex -0.314083700863974 0.195134128979656 -0.081860804205853
      vertex -0.327082398144226 0.200116198756382 -0.068260065999579
   endloop
endfacet
facet normal 0.127984089088974 -0.955072044206404 0.267315288218735
   outer loop
      vertex -0.289054316120218 0.260198393762191 0.133166301150630
      vertex -0.295692565711646 0.255301363291913 0.118848277665369
      vertex -0.280064043720720 0.260177586073476 0.128787634021982
   endloop
endfacet
facet normal 0.907401540070697 -0.001909460967347 -0.420260394322545
   outer loop
      vertex -0.280054303278152 0.262177515175214 0.128798158635825
      vertex -0.286498257252162 0.255280303530845 0.114916089607770
      vertex -0.286489266902512 0.257280229835393 0.114926414339677
   endloop
endfacet
facet normal -0.183260257223972 0.957971629719024 -0.220694437573041
   outer loop
      vertex -0.242644460013392 0.293500739277898 0.217569275536953
      vertex -0.245816684026858 0.288612869309265 0.198986577141264
      vertex -0.253473226724898 0.288630014061028 0.205418837898207
   endloop
endfacet
facet normal -0.087625771186706 0.954790170084582 -0.284072975366877
   outer loop
      vertex -0.316347349069657 0.249512549391050 0.092357121240224
      vertex -0.306811911669315 0.249491488547190 0.089345012322106
      vertex -0.311282412149887 0.244578750476538 0.074211918579886
   endloop
endfacet
facet normal -0.153366188291450 0.955244200401274 -0.252957170067745
   outer loop
      vertex -0.282212031752776 0.273996723517934 0.166001243154903
      vertex -0.273694294751990 0.273976953164172 0.160762338987468
      vertex -0.281702204633388 0.269090030023388 0.147162952291181
   endloop
endfacet
facet normal -0.016459550406241 0.954235530477163 -0.298602805705827
   outer loop
      vertex -0.331598929353474 0.224891139724317 0.012674615581678
      vertex -0.321617446141514 0.224873479900934 0.012067982443847
      vertex -0.322285008897852 0.219932846654074 -0.003683845450921
   endloop
endfacet
facet normal -0.153313606700674 0.955273434519277 -0.252878633542210
   outer loop
      vertex -0.265030127552516 0.278859431452006 0.173953517039365
      vertex -0.265176557531286 0.273957171756601 0.155523534708796
      vertex -0.273694294751990 0.273976953164172 0.160762338987468
   endloop
endfacet
facet normal -0.140841556492292 0.955163770093020 -0.260433923033305
   outer loop
      vertex -0.290466762988604 0.269110398519702 0.151977491333725
      vertex -0.281702204633388 0.269090030023388 0.147162952291181
      vertex -0.289034825038304 0.264198242166967 0.133187350272646
   endloop
endfacet
facet normal -0.209850039154010 0.955564242501297 -0.207026422274991
   outer loop
      vertex -0.231232694081982 0.298368700024365 0.229175630203980
      vertex -0.224243931792409 0.298353934431413 0.222023395738068
      vertex -0.235312954685889 0.293484728841032 0.210768775007257
   endloop
endfacet
facet normal -0.851274287797777 0.001348208890618 -0.524719228985535
   outer loop
      vertex -0.305243930711779 0.163689181648112 -0.184433546702351
      vertex -0.296216532949025 0.160797888002674 -0.199086506312425
      vertex -0.296221302390571 0.158797959042473 -0.199083907244437
   endloop
endfacet
facet normal -0.114744904832464 0.955027514970311 -0.273415530767039
   outer loop
      vertex -0.289034825038304 0.264198242166967 0.133187350272646
      vertex -0.286480276574029 0.259280157196283 0.114936639077166
      vertex -0.295674575234242 0.259301227153583 0.118868827240405
   endloop
endfacet
facet normal -0.177262832305524 0.955391066597486 -0.236232508662001
   outer loop
      vertex -0.263693310132639 0.283756073546075 0.192753808735163
      vertex -0.255730236141438 0.283737917579364 0.186705093822753
      vertex -0.265030127552516 0.278859431452006 0.173953517039365
   endloop
endfacet
facet normal -0.253832173508911 0.955724296639598 -0.148863348425619
   outer loop
      vertex -0.166424458889983 0.322681352167527 0.278118769149515
      vertex -0.161385934004911 0.322674115940647 0.269480944095190
      vertex -0.174860874692487 0.317812331151455 0.261244179448953
   endloop
endfacet
facet normal -0.124380247487403 0.957583770197163 -0.259928599984610
   outer loop
      vertex -0.316005621686823 0.264260637750927 0.146323151352756
      vertex -0.298025087262191 0.264219041113321 0.137565917301205
      vertex -0.304868873695701 0.259322287113416 0.122801015297987
   endloop
endfacet
facet normal -0.188586338894937 0.955454700702610 -0.227027548300840
   outer loop
      vertex -0.253473226724898 0.288630014061028 0.205418837898207
      vertex -0.245816684026858 0.288612869309265 0.198986577141264
      vertex -0.255730236141438 0.283737917579364 0.186705093822753
   endloop
endfacet
facet normal 0.998442043645345 -0.001236884031244 0.055784904761056
   outer loop
      vertex -0.312190603000236 0.212971331428062 -0.019079078794532
      vertex -0.311347085548146 0.206020085312900 -0.034330537548064
      vertex -0.311344877607015 0.208020064920954 -0.034325711124389
   endloop
endfacet
facet normal -0.098431364842567 0.957445146095479 -0.271311736999040
   outer loop
      vertex -0.304868873695701 0.259322287113416 0.122801015297987
      vertex -0.301605111552594 0.254398965811881 0.104242781508385
      vertex -0.310981288526830 0.254420117581017 0.107719083586954
   endloop
endfacet
facet normal -0.199458555202629 0.955512745913712 -0.217282482388522
   outer loop
      vertex -0.242644460013392 0.293500739277898 0.217569275536953
      vertex -0.235312954685889 0.293484728841032 0.210768775007257
      vertex -0.245816684026858 0.288612869309265 0.198986577141264
   endloop
endfacet
facet normal -0.104349055804085 0.952157614362853 -0.287240582027742
   outer loop
      vertex -0.301605111552594 0.254398965811881 0.104242781508385
      vertex -0.292228934578359 0.254377814042746 0.100766479429816
      vertex -0.297276474070219 0.249470417705864 0.086332903298332
   endloop
endfacet
facet normal -0.824533342785150 0.001231033552091 -0.565812028143570
   outer loop
      vertex -0.296216532949025 0.160797888002674 -0.199086506312425
      vertex -0.286487030754254 0.155897938462886 -0.213275548911816
      vertex -0.296221302390571 0.158797959042473 -0.199083907244437
   endloop
endfacet
facet normal 0.435593766464993 -0.000592720102067 -0.900143166001787
   outer loop
      vertex -0.129139122068851 0.332392524853048 0.274835077049427
      vertex -0.129156974803237 0.330392630692053 0.274827754700504
      vertex -0.142932554324167 0.325529942947406 0.268164731991990
   endloop
endfacet
facet normal 0.979566258745803 -0.000619040922232 0.201120763510601
   outer loop
      vertex -0.307422526966111 0.198098476265851 -0.064597436914340
      vertex -0.304356322821704 0.191127755072729 -0.079552955337501
      vertex -0.304355495576947 0.193127755767438 -0.079550828549521
   endloop
endfacet
facet normal 0.641187625129282 -0.001357892315726 -0.767382945803157
   outer loop
      vertex -0.194263489145769 0.308074067577394 0.235039454281530
      vertex -0.194279241390578 0.306074169470551 0.235029831317912
      vertex -0.206022247186835 0.301207588204924 0.225226561977331
   endloop
endfacet
facet normal 0.968569424679663 -0.000353911203783 0.248743129196701
   outer loop
      vertex -0.304355495576947 0.193127755767438 -0.079550828549521
      vertex -0.300560897904654 0.186150023914241 -0.094336365716722
      vertex -0.300560430821608 0.188150029073188 -0.094335338866745
   endloop
endfacet
facet normal -0.085151441938589 0.957302198728983 -0.276263881541606
   outer loop
      vertex -0.335418223090458 0.249554682152457 0.098381239187696
      vertex -0.316347349069657 0.249512549391050 0.092357121240224
      vertex -0.320954121928682 0.244599543392541 0.076752627199758
   endloop
endfacet
facet normal 0.979575146832837 -0.000604576242991 0.201077512902346
   outer loop
      vertex -0.307421299212371 0.200098455409132 -0.064594410388569
      vertex -0.304355495576947 0.193127755767438 -0.079550828549521
      vertex -0.304354677158861 0.195127697334927 -0.079548802389874
   endloop
endfacet
facet normal -0.157905009169045 0.952519053684925 -0.260333364067110
   outer loop
      vertex -0.273694294751990 0.273976953164172 0.160762338987468
      vertex -0.265176557531286 0.273957171756601 0.155523534708796
      vertex -0.272937636478903 0.269069671723305 0.142348413354274
   endloop
endfacet
facet normal -0.246174955564770 0.955705274844382 -0.161323646398499
   outer loop
      vertex -0.180317815290274 0.317821208700401 0.269623895998350
      vertex -0.174860874692487 0.317812331151455 0.261244179448953
      vertex -0.187914917428896 0.312949747488587 0.252357581002883
   endloop
endfacet
facet normal -0.140792758355549 0.955195615941423 -0.260343493256353
   outer loop
      vertex -0.273694294751990 0.273976953164172 0.160762338987468
      vertex -0.272937636478903 0.269069671723305 0.142348413354274
      vertex -0.281702204633388 0.269090030023388 0.147162952291181
   endloop
endfacet
facet normal 0.988231034058999 -0.000838139296591 0.152966404302385
   outer loop
      vertex -0.309752512279282 0.205062497979021 -0.049506537535711
      vertex -0.307422526966111 0.198098476265851 -0.064597436914340
      vertex -0.307421299212371 0.200098455409132 -0.064594410388569
   endloop
endfacet
facet normal 0.861986847313794 -0.002147722377603 -0.506926091601740
   outer loop
      vertex -0.265176557531286 0.273957171756601 0.155523534708796
      vertex -0.265187788495674 0.271957254085153 0.155512910525629
      vertex -0.272948127191977 0.267069748765500 0.142337788958569
   endloop
endfacet
facet normal 0.205345867324447 -0.952798611492743 0.223624418859552
   outer loop
      vertex -0.217284473428929 0.294339366045036 0.214850714742621
      vertex -0.235340958269763 0.289484921721082 0.210747928134436
      vertex -0.228009402960086 0.289468912677939 0.203947427608884
   endloop
endfacet
facet normal -0.260884836354073 0.955736571720553 -0.136039360614321
   outer loop
      vertex -0.152130412981298 0.327540917252280 0.285922912824738
      vertex -0.147522707490537 0.327535386026046 0.277047783724812
      vertex -0.161385934004911 0.322674115940647 0.269480944095190
   endloop
endfacet
facet normal -0.291916189870878 -0.954877697710948 -0.054713074356222
   outer loop
      vertex 0.057623229889041 0.037241081179398 -0.332607067720424
      vertex 0.041643902221441 0.042275506518717 -0.335214050229825
      vertex 0.061276120931929 0.037251041215532 -0.352270533250092
   endloop
endfacet
facet normal -0.071612125797128 0.957199392271343 -0.280430074838964
   outer loop
      vertex -0.340297561063648 0.244641107775744 0.081834144222647
      vertex -0.320954121928682 0.244599543392541 0.076752627199758
      vertex -0.324790672165329 0.239681013307087 0.060943800371763
   endloop
endfacet
facet normal -0.129514635545214 0.962132925021717 -0.239846187730271
   outer loop
      vertex -0.299247495976241 0.274036275478032 0.176478951600990
      vertex -0.290466762988604 0.269110398519702 0.151977491333725
      vertex -0.307995889718224 0.269151136369908 0.161606469424413
   endloop
endfacet
facet normal -0.944384014725616 0.002226704824790 0.328837155011948
   outer loop
      vertex -0.329741868713632 0.252462496833857 0.114661662888515
      vertex -0.335425715813838 0.247554739275044 0.098371513997192
      vertex -0.329750109771411 0.250462563309157 0.114651537932891
   endloop
endfacet
facet normal 0.836117741046310 -0.002059176244638 -0.548546153847431
   outer loop
      vertex -0.256779758675435 0.278840396650725 0.168302954256828
      vertex -0.256791719715528 0.276840475523274 0.168292230186108
      vertex -0.265187788495674 0.271957254085153 0.155512910525629
   endloop
endfacet
facet normal -0.054713666654536 0.961603830157928 -0.268932126208119
   outer loop
      vertex -0.340297561063648 0.244641107775744 0.081834144222647
      vertex -0.324790672165329 0.239681013307087 0.060943800371763
      vertex -0.344360059802339 0.239721635847206 0.065070401970543
   endloop
endfacet
facet normal 0.778458057952400 -0.001890210337301 -0.627693778138559
   outer loop
      vertex -0.238173482949631 0.286595818933054 0.192543692775196
      vertex -0.238186824529402 0.284595911252518 0.192533169149922
      vertex -0.247792484906569 0.279719939461958 0.180635031283359
   endloop
endfacet
facet normal -0.043985134989991 0.957045797942018 -0.286580963327012
   outer loop
      vertex -0.324790672165329 0.239681013307087 0.060943800371763
      vertex -0.317973910853825 0.234737236246349 0.043387654387699
      vertex -0.327848012272556 0.234756875203034 0.044968740093876
   endloop
endfacet
facet normal 0.025110992314394 0.960959146518332 -0.275548465406262
   outer loop
      vertex -0.352159641990062 0.215030571357906 -0.020566549165742
      vertex -0.331268034677405 0.210046169356166 -0.036045487495318
      vertex -0.351193386712661 0.210072295498060 -0.037770190284361
   endloop
endfacet
facet normal 0.979547258684101 -0.000905817798285 0.201212195203422
   outer loop
      vertex -0.307421299212371 0.200098455409132 -0.064594410388569
      vertex -0.307422526966111 0.198098476265851 -0.064597436914340
      vertex -0.304355495576947 0.193127755767438 -0.079550828549521
   endloop
endfacet
facet normal -0.046686645129098 0.951725199441441 -0.303380127751866
   outer loop
      vertex -0.317973910853825 0.234737236246349 0.043387654387699
      vertex -0.308099812633256 0.234717607227501 0.041806568787183
      vertex -0.310239636438217 0.229789462392066 0.026675919110897
   endloop
endfacet
facet normal 0.862002303507160 -0.002122613856360 -0.506899914439494
   outer loop
      vertex -0.265187788495674 0.271957254085153 0.155512910525629
      vertex -0.265199019481230 0.269957337470046 0.155502186348043
      vertex -0.272958617905051 0.265069825807695 0.142327164562862
   endloop
endfacet
facet normal 0.041571537257634 0.953824355530087 -0.297474210794231
   outer loop
      vertex -0.321305359119064 0.210033116805887 -0.035183185992350
      vertex -0.309752512279282 0.205062497979021 -0.049506537535711
      vertex -0.319661012290180 0.205073580719364 -0.050855698488634
   endloop
endfacet
facet normal -0.030028627850365 0.956873398908505 -0.288949095812237
   outer loop
      vertex -0.349998624643186 0.229864467711874 0.031056271502162
      vertex -0.330119128629890 0.229826969562286 0.028866145356562
      vertex -0.331598929353474 0.224891139724317 0.012674615581678
   endloop
endfacet
facet normal 0.907457647711532 -0.002208703992627 -0.420137762212023
   outer loop
      vertex -0.280054303278152 0.262177515175214 0.128798158635825
      vertex -0.280064043720720 0.260177586073476 0.128787634021982
      vertex -0.286498257252162 0.255280303530845 0.114916089607770
   endloop
endfacet
facet normal -0.031878878850040 0.951609020601932 -0.305653413186073
   outer loop
      vertex -0.320179380945556 0.229808211536428 0.027770982183691
      vertex -0.310239636438217 0.229789462392066 0.026675919110897
      vertex -0.311635964229297 0.224855820051710 0.011461349306018
   endloop
endfacet
facet normal 0.038441616910087 0.960843494493922 -0.274412137446664
   outer loop
      vertex -0.351193386712661 0.210072295498060 -0.037770190284361
      vertex -0.329569508323035 0.205084664595553 -0.052204959435982
      vertex -0.349386502189596 0.205106822310714 -0.054903481436331
   endloop
endfacet
facet normal -0.015945609668423 0.956826518057754 -0.290221901092557
   outer loop
      vertex -0.330119128629890 0.229826969562286 0.028866145356562
      vertex -0.321617446141514 0.224873479900934 0.012067982443847
      vertex -0.331598929353474 0.224891139724317 0.012674615581678
   endloop
endfacet
facet normal 0.959199505507636 -0.002236293444968 -0.282721254286861
   outer loop
      vertex -0.297283964014111 0.247470485941888 0.086323078219060
      vertex -0.297291463714940 0.245470541868998 0.086313453022987
      vertex -0.301624201764500 0.240558083950261 0.071652459431810
   endloop
endfacet
facet normal 0.998436350679018 -0.001529066804073 0.055879473847506
   outer loop
      vertex -0.312187854996454 0.214971313318666 -0.019073452416408
      vertex -0.312190603000236 0.212971331428062 -0.019079078794532
      vertex -0.311344877607015 0.208020064920954 -0.034325711124389
   endloop
endfacet
facet normal 0.982246660989704 -0.002133385804323 -0.187581837179370
   outer loop
      vertex -0.305227315994655 0.237640449539727 0.056808173329669
      vertex -0.305233345220300 0.235640496242091 0.056799347769535
      vertex -0.308110440779048 0.230717699553549 0.041789817402995
   endloop
endfacet
facet normal 0.955238693062724 -0.000394552924105 0.295835906549239
   outer loop
      vertex -0.300559953719371 0.190150033374556 -0.094334212022366
      vertex -0.300560430821608 0.188150029073188 -0.094335338866745
      vertex -0.296046106312765 0.185165247346891 -0.108915837726939
   endloop
endfacet
facet normal 0.051699224759024 0.960726509984255 -0.272638521072848
   outer loop
      vertex -0.349386502189596 0.205106822310714 -0.054903481436331
      vertex -0.327082398144226 0.200116198756382 -0.068260065999579
      vertex -0.346743504896915 0.200133933003497 -0.071925821710650
   endloop
endfacet
facet normal -0.246719954670372 0.958220888014823 -0.144713488450574
   outer loop
      vertex -0.176501408261212 0.322695805557658 0.295394519041106
      vertex -0.166424458889983 0.322681352167527 0.278118769149515
      vertex -0.180317815290274 0.317821208700401 0.269623895998350
   endloop
endfacet
facet normal -0.235666276334089 0.971500462214981 0.025460913473456
   outer loop
      vertex 0.038011475986154 0.379801949406158 0.339701623379816
      vertex 0.054936961707906 0.383970401348277 0.337310240471977
      vertex 0.035833458309499 0.379794624035436 0.319821397356818
   endloop
endfacet
facet normal -0.251160494614431 -0.960389685723941 0.120706493197778
   outer loop
      vertex -0.147474282610664 0.102400595370185 -0.304959205346082
      vertex -0.156264060190380 0.102441411801179 -0.322923816426148
      vertex -0.140639290949520 0.097455897467231 -0.330079287111287
   endloop
endfacet
facet normal 0.132903508012051 -0.001643515751507 0.991127618631458
   outer loop
      vertex -0.036845954058956 0.071374321573748 -0.316450606406130
      vertex -0.051918538329527 0.076385776595033 -0.314421164695678
      vertex -0.036863805637439 0.069374369804342 -0.316451529006625
   endloop
endfacet
facet normal -0.464653608400206 0.000423669946616 -0.885492430630801
   outer loop
      vertex 0.148088769804870 0.411116656989222 0.263016333913017
      vertex 0.134667012118241 0.404949451372805 0.270056321003646
      vertex 0.134691669560529 0.406949174696881 0.270044339030123
   endloop
endfacet
facet normal -0.101129986014938 -0.962415463709802 0.252049997303838
   outer loop
      vertex -0.333871617321422 0.181168696937651 -0.121925734801243
      vertex -0.327871119759161 0.176311446542716 -0.138064844899060
      vertex -0.309299721098115 0.176304028501096 -0.130641769838886
   endloop
endfacet
facet normal -0.105540794355094 0.961973078937306 -0.251930419216846
   outer loop
      vertex -0.316005621686823 0.264260637750927 0.146323151352756
      vertex -0.304868873695701 0.259322287113416 0.122801015297987
      vertex -0.323257477815991 0.259364416891415 0.130665391518819
   endloop
endfacet
facet normal -0.131771893419138 0.952349093092022 -0.275077031014112
   outer loop
      vertex -0.289034825038304 0.264198242166967 0.133187350272646
      vertex -0.280044562835583 0.264177444276953 0.128808683249669
      vertex -0.286480276574029 0.259280157196283 0.114936639077166
   endloop
endfacet
facet normal -0.262408283825118 0.964063175257118 0.041522122936082
   outer loop
      vertex 0.051787537748286 0.383963810124799 0.317560535101925
      vertex 0.048638213988832 0.383957209835159 0.297810929620469
      vertex 0.033655341028941 0.379787277738478 0.299941071128256
   endloop
endfacet
facet normal -0.226387095465341 0.964042074860892 0.139182473410532
   outer loop
      vertex 0.171613972691450 0.417282756306930 0.272370711673692
      vertex 0.161150607496014 0.417286268144644 0.255327212182862
      vertex 0.148112927134271 0.413116380938489 0.263003351996141
   endloop
endfacet
facet normal -0.001835730143669 0.956712945517690 -0.291027438523767
   outer loop
      vertex -0.331598929353474 0.224891139724317 0.012674615581678
      vertex -0.322285008897852 0.219932846654074 -0.003683845450921
      vertex -0.332284233839447 0.219949188918105 -0.003567049816913
   endloop
endfacet
facet normal 0.114753138981198 -0.955021717034400 0.273432326338034
   outer loop
      vertex -0.289054316120218 0.260198393762191 0.133166301150630
      vertex -0.304886864173104 0.255322423251747 0.122780465722951
      vertex -0.295692565711646 0.255301363291913 0.118848277665369
   endloop
endfacet
facet normal -0.150220771760531 -0.954946971906108 0.255949214843542
   outer loop
      vertex -0.286907653042320 0.166545461752790 -0.155548783509172
      vertex -0.287963532027421 0.161667285393038 -0.174368980719551
      vertex -0.279321417830978 0.161656290375491 -0.169337805272082
   endloop
endfacet
facet normal -0.187382797048957 -0.954491793501692 0.232019618799860
   outer loop
      vertex -0.262173350871842 0.151854087890163 -0.195711999807534
      vertex -0.260464249236140 0.146957080687751 -0.214477210116058
      vertex -0.252652355604276 0.146940982165178 -0.208234425222278
   endloop
endfacet
facet normal -0.217787077930944 0.971565418335275 0.092894706960639
   outer loop
      vertex 0.136691163375589 0.404784442884166 0.313186856919467
      vertex 0.152199970517560 0.408947398778527 0.306007048540774
      vertex 0.128842295199878 0.404783791406190 0.294792384645551
   endloop
endfacet
facet normal 0.662099231505841 -0.002113341833469 0.749413198059435
   outer loop
      vertex -0.202345284154684 0.129189076598853 -0.245565467971794
      vertex -0.213755916717094 0.134134379026604 -0.235470339964097
      vertex -0.202355534328436 0.127189130070599 -0.245562051883703
   endloop
endfacet
facet normal -0.045285727400211 0.954526668823163 -0.294665982765555
   outer loop
      vertex -0.315005980066447 0.239660713061020 0.058880399683611
      vertex -0.308099812633256 0.234717607227501 0.041806568787183
      vertex -0.317973910853825 0.234737236246349 0.043387654387699
   endloop
endfacet
facet normal 0.521756763151695 -0.000924877259571 -0.853093795961218
   outer loop
      vertex -0.156364661808082 0.320666989103472 0.260834696541035
      vertex -0.156381814494915 0.318667099424480 0.260826374035457
      vertex -0.169437339062818 0.313803662706890 0.252846817520100
   endloop
endfacet
facet normal -0.222682972352193 0.958145566776055 -0.179914887354507
   outer loop
      vertex -0.193777170069091 0.312960210256484 0.260458984553375
      vertex -0.200516649691629 0.308086048970067 0.242842939986522
      vertex -0.206769910395321 0.308098037316219 0.250646525791754
   endloop
endfacet
facet normal 0.090193873507432 -0.952096486416223 0.292194020704750
   outer loop
      vertex -0.292245424671171 0.250377945777992 0.100746329512997
      vertex -0.306826901136448 0.245491603769201 0.089325461946686
      vertex -0.297291463714940 0.245470541868998 0.086313453022987
   endloop
endfacet
facet normal -0.158466704880035 -0.957344345023248 0.241619760153164
   outer loop
      vertex -0.287963532027421 0.161667285393038 -0.174368980719551
      vertex -0.296226069844584 0.156797930107609 -0.199081309233004
      vertex -0.279455425506633 0.156772115356716 -0.188184538457734
   endloop
endfacet
facet normal 0.045319887907775 -0.954459369999391 0.294878650940336
   outer loop
      vertex -0.317984548997642 0.230737328373632 0.043370903003529
      vertex -0.320188648708521 0.225808298223418 0.027755430518955
      vertex -0.308110440779048 0.230717699553549 0.041789817402995
   endloop
endfacet
facet normal -0.244191701248291 0.964116616294913 0.104161236674272
   outer loop
      vertex 0.128842295199878 0.404783791406190 0.294792384645551
      vertex 0.120993427003002 0.404783140984556 0.276397812377217
      vertex 0.106976843357450 0.400618616582345 0.282084705005935
   endloop
endfacet
facet normal -0.795743310825565 0.001696115059767 -0.605631659071809
   outer loop
      vertex -0.286492749943352 0.153897987387647 -0.213272643859331
      vertex -0.276074740580376 0.150989322004316 -0.226969078927769
      vertex -0.276081389537064 0.148989350014391 -0.226965943886578
   endloop
endfacet
facet normal -0.919035756481782 0.000656722147224 -0.394173625479916
   outer loop
      vertex -0.327870051164828 0.178311381505049 -0.138065509012303
      vertex -0.321085229334879 0.175445794372579 -0.153889438759055
      vertex -0.321087200623818 0.173445835123758 -0.153888174677804
   endloop
endfacet
facet normal 0.073658239512677 -0.954731690125314 0.288204551703048
   outer loop
      vertex -0.306826901136448 0.245491603769201 0.089325461946686
      vertex -0.320967630901441 0.240599648532228 0.076733976454681
      vertex -0.311295911323376 0.240578865812457 0.074193267940446
   endloop
endfacet
facet normal -0.548975818136287 0.000595531305230 -0.835838020458545
   outer loop
      vertex 0.173774801185821 0.419459016755188 0.247037229016561
      vertex 0.161103692983963 0.413286826946310 0.255355175902659
      vertex 0.161127150239988 0.415286547545478 0.255341194042761
   endloop
endfacet
facet normal 0.506742896070517 -0.000499678565890 0.862097087109913
   outer loop
      vertex 0.182030423374837 0.413279803270881 0.289442174884317
      vertex 0.167316710265266 0.411112448761672 0.298089677264233
      vertex 0.167292652916109 0.409112726800050 0.298102659180944
   endloop
endfacet
facet normal -0.266144388668629 0.963929739606893 0.002573223968019
   outer loop
      vertex 0.003690804106140 0.371448458826156 0.321994958112846
      vertex 0.003468088058317 0.371440351497380 0.301996803378617
      vertex -0.011662270577126 0.367263017273549 0.301917774603218
   endloop
endfacet
facet normal 0.203232164061519 0.961186287466765 -0.186594770228776
   outer loop
      vertex -0.227371651466238 0.136173000636475 -0.250114390563068
      vertex -0.240996716564536 0.136211693687526 -0.264754995077149
      vertex -0.253302446515742 0.141146116096152 -0.252739765364918
   endloop
endfacet
facet normal -0.990330680760247 0.002056426314827 0.138711621199370
   outer loop
      vertex -0.347601534794803 0.232796179693408 0.048122485605626
      vertex -0.350003253316319 0.227864500629114 0.031048545561339
      vertex -0.347606853856128 0.230796225228878 0.048114159910750
   endloop
endfacet
facet normal -0.041583028009113 0.961502478900745 -0.271631800143715
   outer loop
      vertex -0.344360059802339 0.239721635847206 0.065070401970543
      vertex -0.327848012272556 0.234756875203034 0.044968740093876
      vertex -0.347596215911065 0.234796143099062 0.048130911400577
   endloop
endfacet
facet normal -0.662250285863734 0.001818398526784 -0.749280489736788
   outer loop
      vertex -0.228116668546499 0.131269041496276 -0.276150998723722
      vertex -0.241006106901836 0.134211763936120 -0.264751548992160
      vertex -0.240996716564536 0.136211693687526 -0.264754995077149
   endloop
endfacet
facet normal 0.002040971001465 -0.951429430162724 0.307860153085139
   outer loop
      vertex -0.311643911402777 0.220855890307119 0.011446997255146
      vertex -0.322291698604657 0.215932906054124 -0.003696697798915
      vertex -0.312292478562094 0.215916563692699 -0.003813493432915
   endloop
endfacet
facet normal 0.234763254375457 -0.968176477502943 -0.086720947902095
   outer loop
      vertex 0.098657634274009 0.392458486743880 0.306172011501551
      vertex 0.106925728848584 0.396619132760971 0.282104068684451
      vertex 0.113863089718078 0.396621184614687 0.300861368937118
   endloop
endfacet
facet normal -0.199433725069159 0.955524461509551 -0.217253752008847
   outer loop
      vertex -0.224243931792409 0.298353934431413 0.222023395738068
      vertex -0.227981399385455 0.293468720254382 0.203968174480947
      vertex -0.235312954685889 0.293484728841032 0.210768775007257
   endloop
endfacet
facet normal 0.216055007668973 -0.952846676994474 0.213080838654603
   outer loop
      vertex -0.206037399315547 0.299207690196780 0.225216638870979
      vertex -0.224273235697337 0.294354130581648 0.222003049202952
      vertex -0.217284473428929 0.294339366045036 0.214850714742621
   endloop
endfacet
facet normal -0.138517721041563 -0.961868855432526 0.235841357497735
   outer loop
      vertex -0.287963532027421 0.161667285393038 -0.174368980719551
      vertex -0.305247758430658 0.161689175347833 -0.184431322671602
      vertex -0.296226069844584 0.156797930107609 -0.199081309233004
   endloop
endfacet
facet normal -0.233584095105118 0.962628895447629 -0.137055026041372
   outer loop
      vertex -0.161345924340572 0.327551997712036 0.303673171236064
      vertex -0.166424458889983 0.322681352167527 0.278118769149515
      vertex -0.176501408261212 0.322695805557658 0.295394519041106
   endloop
endfacet
facet normal -0.589226139126122 0.000663197286131 -0.807967893631847
   outer loop
      vertex 0.186000609232773 0.423634431719201 0.238124750431600
      vertex 0.173752143962249 0.417459302550108 0.247052110824897
      vertex 0.173774801185821 0.419459016755188 0.247037229016561
   endloop
endfacet
facet normal -0.237937368992478 0.955675406636142 -0.173407974406549
   outer loop
      vertex -0.174860874692487 0.317812331151455 0.261244179448953
      vertex -0.182052664788703 0.312939284720690 0.244256177452391
      vertex -0.187914917428896 0.312949747488587 0.252357581002883
   endloop
endfacet
facet normal -0.289495375145432 -0.955301507120798 0.059928776578015
   outer loop
      vertex -0.068988177132943 0.077409850201637 -0.321432525286831
      vertex -0.071068136379315 0.077426558520881 -0.331213754493095
      vertex -0.055148023625324 0.072416986198737 -0.334164807149249
   endloop
endfacet
facet normal -0.391284039516582 0.000412211130544 0.920269868300364
   outer loop
      vertex -0.129926269234880 0.335263420144255 0.317946676483592
      vertex -0.145837961688903 0.328407960763071 0.311184349891516
      vertex -0.129944421804166 0.333263514738613 0.317939854107259
   endloop
endfacet
facet normal -0.259951657661056 0.964090601753348 0.054354827661727
   outer loop
      vertex 0.067610340126671 0.388130472534232 0.314523930675593
      vertex 0.063497007546234 0.388124811573335 0.294952349100198
      vertex 0.048638213988832 0.383957209835159 0.297810929620469
   endloop
endfacet
facet normal -0.127925679150586 0.955114051267424 -0.267193131808041
   outer loop
      vertex -0.281702204633388 0.269090030023388 0.147162952291181
      vertex -0.280044562835583 0.264177444276953 0.128808683249669
      vertex -0.289034825038304 0.264198242166967 0.133187350272646
   endloop
endfacet
facet normal -0.124324668537172 0.957621104171506 -0.259817623802676
   outer loop
      vertex -0.290466762988604 0.269110398519702 0.151977491333725
      vertex -0.289034825038304 0.264198242166967 0.133187350272646
      vertex -0.298025087262191 0.264219041113321 0.137565917301205
   endloop
endfacet
facet normal 0.235898190893669 -0.952923435696571 0.190496638378049
   outer loop
      vertex -0.182085269466771 0.308939487128228 0.244237831793715
      vertex -0.200548254339080 0.304086259709860 0.242823794159528
      vertex -0.194294993635388 0.304074271363707 0.235020208354295
   endloop
endfacet
facet normal -0.665420683769372 0.000717095052329 -0.746468217264866
   outer loop
      vertex 0.209064576327435 0.431993914138597 0.218564881540781
      vertex 0.197752914011296 0.425812950228549 0.228642446211785
      vertex 0.197773669262860 0.427812744600841 0.228625865558046
   endloop
endfacet
facet normal 0.562826507966241 -0.000761939206356 -0.826574704052315
   outer loop
      vertex -0.169403834114456 0.317803455590155 0.252864462899390
      vertex -0.182068917048821 0.310939382447720 0.244246954572934
      vertex -0.182052664788703 0.312939284720690 0.244256177452391
   endloop
endfacet
facet normal -0.090234295423901 0.952055575212621 -0.292314819391555
   outer loop
      vertex -0.306811911669315 0.249491488547190 0.089345012322106
      vertex -0.297276474070219 0.249470417705864 0.086332903298332
      vertex -0.301610692571821 0.244557967756767 0.071671210065650
   endloop
endfacet
facet normal 0.250939679647807 -0.967999746352760 -0.002401715896557
   outer loop
      vertex 0.003863807271808 0.367457012978677 0.341995174530546
      vertex 0.003641091443905 0.367448894596091 0.321997119685082
      vertex 0.019737397021488 0.371623341341171 0.321305270473808
   endloop
endfacet
facet normal 0.230214270017329 -0.968172838890634 -0.098197474075658
   outer loop
      vertex 0.113863089718078 0.396621184614687 0.300861368937118
      vertex 0.120943011848909 0.400783696768170 0.276419476454468
      vertex 0.128791880024618 0.400784348246144 0.294813948728385
   endloop
endfacet
facet normal 0.345246460534006 -0.000242042429596 -0.938512025977400
   outer loop
      vertex -0.100693084849635 0.342117657927563 0.286094815156655
      vertex -0.100729990034347 0.338117843565582 0.286082270554897
      vertex -0.115071732801739 0.335255195703859 0.280807172411182
   endloop
endfacet
facet normal 0.161514695638395 0.961723029408889 -0.221363542159556
   outer loop
      vertex -0.296216532949025 0.160797888002674 -0.199086506312425
      vertex -0.270270295907928 0.155868672651408 -0.201570390226684
      vertex -0.286487030754254 0.155897938462886 -0.213275548911816
   endloop
endfacet
facet normal 0.329372131549714 0.000345499397409 0.944200126873834
   outer loop
      vertex 0.120826108319134 0.398622955373072 0.319608987086226
      vertex 0.104692943807412 0.394461581781943 0.325238357793403
      vertex 0.120800450587574 0.396623236468405 0.319618669189788
   endloop
endfacet
facet normal -0.988108266797421 0.001148207769690 -0.153755437970548
   outer loop
      vertex -0.349386502189596 0.205106822310714 -0.054903481436331
      vertex -0.346743504896915 0.200133933003497 -0.071925821710650
      vertex -0.349388199664642 0.203106824393984 -0.054907508116815
   endloop
endfacet
facet normal 0.226247385129502 -0.952888157933056 0.202030391755819
   outer loop
      vertex -0.194294993635388 0.304074271363707 0.235020208354295
      vertex -0.212666463199317 0.299221107986817 0.232703601647452
      vertex -0.206037399315547 0.299207690196780 0.225216638870979
   endloop
endfacet
facet normal 0.247590441522188 -0.967746565024623 0.046535568653353
   outer loop
      vertex -0.064149940950261 0.350723781575731 0.336579108217596
      vertex -0.060478627120954 0.350717685384761 0.316919269382256
      vertex -0.044565036706853 0.354906433827048 0.319360284786854
   endloop
endfacet
facet normal -0.028339432451816 0.961399233188553 -0.273693973248903
   outer loop
      vertex -0.347596215911065 0.234796143099062 0.048130911400577
      vertex -0.330119128629890 0.229826969562286 0.028866145356562
      vertex -0.349998624643186 0.229864467711874 0.031056271502162
   endloop
endfacet
facet normal 0.104307311717804 -0.952196149849122 0.287127980062400
   outer loop
      vertex -0.286498257252162 0.255280303530845 0.114916089607770
      vertex -0.301621591647382 0.250399097745891 0.104222631591549
      vertex -0.292245424671171 0.250377945777992 0.100746329512997
   endloop
endfacet
facet normal 0.713171807731629 -0.001392420500591 -0.700987898484667
   outer loop
      vertex -0.217255269524121 0.298339168906903 0.214871061288469
      vertex -0.227995451144360 0.291468814544268 0.203957851037981
      vertex -0.227981399385455 0.293468720254382 0.203968174480947
   endloop
endfacet
facet normal 0.765072751475703 -0.001528340087467 0.643942038638552
   outer loop
      vertex -0.244833821024733 0.148924755385158 -0.201994769426617
      vertex -0.244840459982127 0.146924783530616 -0.201991628385778
      vertex -0.235033192188026 0.142002393131938 -0.213655405545201
   endloop
endfacet
facet normal 0.091244758926914 0.000612763761474 0.995828307736300
   outer loop
      vertex 0.038011475986154 0.379801949406158 0.339701623379816
      vertex 0.020989624819373 0.375630731938952 0.341263851190596
      vertex 0.037985818950969 0.377802194963680 0.339705204767307
   endloop
endfacet
facet normal -0.862257766605781 0.002126379416860 0.506465223325932
   outer loop
      vertex -0.299258726961796 0.272036358862926 0.176468227423405
      vertex -0.308006380431299 0.267151213412103 0.161595845028707
      vertex -0.299269957947351 0.270036442247820 0.176457503245820
   endloop
endfacet
facet normal 0.995862293286311 -0.001652426942250 -0.090860124893877
   outer loop
      vertex -0.310239636438217 0.229789462392066 0.026675919110897
      vertex -0.311639932905819 0.222855859749359 0.011454223330611
      vertex -0.311635964229297 0.224855820051710 0.011461349306018
   endloop
endfacet
facet normal 0.016461243594862 -0.954226860216539 0.298630418244017
   outer loop
      vertex -0.321625393314994 0.220873550156342 0.012053630392975
      vertex -0.322291698604657 0.215932906054124 -0.003696697798915
      vertex -0.311643911402777 0.220855890307119 0.011446997255146
   endloop
endfacet
facet normal -0.300129726743585 -0.952239207996886 -0.056237335270125
   outer loop
      vertex 0.055796784378180 0.037236100633160 -0.322775284958381
      vertex 0.040302985996416 0.042268853773341 -0.325304483559761
      vertex 0.057623229889041 0.037241081179398 -0.332607067720424
   endloop
endfacet
facet normal 0.250407012763328 -0.967886956748314 0.022162285880136
   outer loop
      vertex -0.030282005150032 0.359098629028723 0.340947150394365
      vertex -0.028548641339520 0.359090858786360 0.321022889312042
      vertex -0.012467159744080 0.363271527077643 0.321902696684221
   endloop
endfacet
facet normal -0.264264811406103 0.964026099711492 0.028597002072693
   outer loop
      vertex 0.035833458309499 0.379794624035436 0.319821397356818
      vertex 0.033655341028941 0.379787277738478 0.299941071128256
      vertex 0.018586295758863 0.375615034787181 0.301337465509708
   endloop
endfacet
facet normal 0.641105883168168 -0.001119764490338 -0.767451622380623
   outer loop
      vertex -0.194263489145769 0.308074067577394 0.235039454281530
      vertex -0.206022247186835 0.301207588204924 0.225226561977331
      vertex -0.206006995118918 0.303207490256803 0.225236385099663
   endloop
endfacet
facet normal 0.139769780913711 -0.000019963519632 0.990184027312495
   outer loop
      vertex 0.054885247230791 0.379970909147867 0.337319803641942
      vertex 0.037985818950969 0.377802194963680 0.339705204767307
      vertex 0.037960162114540 0.375802430523735 0.339708786049141
   endloop
endfacet
facet normal 0.926932524072423 -0.002248525846771 -0.375221321286842
   outer loop
      vertex -0.286480276574029 0.259280157196283 0.114936639077166
      vertex -0.286489266902512 0.257280229835393 0.114926414339677
      vertex -0.292237184435607 0.252377870341691 0.100756354368551
   endloop
endfacet
facet normal -0.030007495011614 0.956937241908708 -0.288739788202602
   outer loop
      vertex -0.327848012272556 0.234756875203034 0.044968740093876
      vertex -0.320179380945556 0.229808211536428 0.027770982183691
      vertex -0.330119128629890 0.229826969562286 0.028866145356562
   endloop
endfacet
facet normal 0.139764051393194 0.000560461643751 0.990184677633878
   outer loop
      vertex 0.054936961707906 0.383970401348277 0.337310240471977
      vertex 0.038011475986154 0.379801949406158 0.339701623379816
      vertex 0.054911104369971 0.381970660246804 0.337315022109787
   endloop
endfacet
facet normal -0.249008105341407 0.964122585136029 0.091992414387836
   outer loop
      vertex 0.113914205220711 0.400620618448731 0.300842004730326
      vertex 0.106976843357450 0.400618616582345 0.282084705005935
      vertex 0.092699797384816 0.396454581370878 0.287080119336754
   endloop
endfacet
facet normal -0.296495532733023 -0.954962850260019 -0.011677058389048
   outer loop
      vertex 0.009035989181089 0.052326747086088 -0.328057473361698
      vertex 0.009397445803660 0.052336718586049 -0.338050802332525
      vertex 0.025555502522827 0.047307506676951 -0.337030091122830
   endloop
endfacet
facet normal -0.836384447594530 0.001757606272801 0.548140462511374
   outer loop
      vertex -0.289805116648190 0.274916713334598 0.190883857451208
      vertex -0.299258726961796 0.272036358862926 0.176468227423405
      vertex -0.299269957947351 0.270036442247820 0.176457503245820
   endloop
endfacet
facet normal -0.193837574563425 0.958023753121657 -0.211228509302282
   outer loop
      vertex -0.231232694081982 0.298368700024365 0.229175630203980
      vertex -0.235312954685889 0.293484728841032 0.210768775007257
      vertex -0.242644460013392 0.293500739277898 0.217569275536953
   endloop
endfacet
facet normal 0.235725372650300 -0.000152829418588 0.971819697954330
   outer loop
      vertex 0.088278379640112 0.388299990063303 0.330080114959683
      vertex 0.071697715067833 0.386136406665966 0.334101594133365
      vertex 0.071671757606147 0.384136670895681 0.334107575915671
   endloop
endfacet
facet normal -0.268601482833921 0.953016187726309 -0.140047810946947
   outer loop
      vertex -0.147522707490537 0.327535386026046 0.277047783724812
      vertex -0.142914901820777 0.327529846789991 0.268172654519066
      vertex -0.156347409318593 0.322666889711234 0.260843119146521
   endloop
endfacet
facet normal -0.927114104806106 0.001941705976294 0.374774153921365
   outer loop
      vertex -0.323266470966293 0.257364480529771 0.130655066681262
      vertex -0.329733627677018 0.254462431414900 0.114671687849722
      vertex -0.329741868713632 0.252462496833857 0.114661662888515
   endloop
endfacet
facet normal -0.420575489587437 -0.000250244437201 -0.907257513022631
   outer loop
      vertex 0.134691669560529 0.406949174696881 0.270044339030123
      vertex 0.134667012118241 0.404949451372805 0.270056321003646
      vertex 0.120943011848909 0.400783696768170 0.276419476454468
   endloop
endfacet
facet normal -0.098483119771379 0.957399993050864 -0.271452258097629
   outer loop
      vertex -0.329733627677018 0.254462431414900 0.114671687849722
      vertex -0.310981288526830 0.254420117581017 0.107719083586954
      vertex -0.316347349069657 0.249512549391050 0.092357121240224
   endloop
endfacet
facet normal -0.175645798208670 -0.954510967047138 0.240950964634669
   outer loop
      vertex -0.254064987453607 0.151839404881865 -0.189859419493320
      vertex -0.262173350871842 0.151854087890163 -0.195711999807534
      vertex -0.252652355604276 0.146940982165178 -0.208234425222278
   endloop
endfacet
facet normal -0.250346712289978 -0.956107536496336 0.152265893424977
   outer loop
      vertex -0.189452348296729 0.117318410727282 -0.280489421110613
      vertex -0.186373100729349 0.112393882217490 -0.306348786123458
      vertex -0.175864670798879 0.112352341614139 -0.289332279391668
   endloop
endfacet
facet normal 0.242530451833735 -0.967577802159022 0.070513663232318
   outer loop
      vertex -0.097422535277386 0.342327335900504 0.328935829063432
      vertex -0.091849409634407 0.342324492382887 0.309728147278676
      vertex -0.076252092225336 0.346523960751356 0.313705928643684
   endloop
endfacet
facet normal -0.285731181591436 -0.955459979839633 0.073850651934901
   outer loop
      vertex -0.102380768440230 0.087431347134177 -0.322979682339474
      vertex -0.091940264852349 0.082466650393588 -0.346816866913693
      vertex -0.086824920166283 0.082431330937870 -0.327482343554202
   endloop
endfacet
facet normal 0.206967853527622 -0.968017618717152 -0.141796323856942
   outer loop
      vertex 0.196327750716706 0.417449642997755 0.280070273294376
      vertex 0.185039996335835 0.417454523755086 0.263561192587830
      vertex 0.198063986471865 0.421628663071715 0.254075099563202
   endloop
endfacet
facet normal 0.304737545135795 0.000175392964532 -0.952436348435903
   outer loop
      vertex 0.111058160827472 0.026128175221562 -0.339012125805047
      vertex 0.111021255642758 0.022128360859581 -0.339024670406806
      vertex 0.094683855626442 0.029170048753000 -0.344250619752956
   endloop
endfacet
facet normal -0.247540911775801 0.000426934340726 0.968877347616443
   outer loop
      vertex -0.080838459267105 0.350528361438769 0.333171886105542
      vertex -0.097383228740352 0.346327105951655 0.328946672593886
      vertex -0.080859213199788 0.348528498971741 0.333167464867429
   endloop
endfacet
facet normal -0.507407292130701 0.000492482773109 -0.861706212901652
   outer loop
      vertex 0.161127150239988 0.415286547545478 0.255341194042761
      vertex 0.148064612496636 0.409116931983616 0.263029415824312
      vertex 0.148088769804870 0.411116656989222 0.263016333913017
   endloop
endfacet
facet normal -0.778701614665704 0.001597174876819 0.627392416553977
   outer loop
      vertex -0.268799663656440 0.286664393572570 0.218273035775670
      vertex -0.279619448118308 0.283792385734855 0.204851138554982
      vertex -0.279632109555454 0.281792477630449 0.204840514775679
   endloop
endfacet
facet normal -0.253242984826529 0.964121182050147 0.079613673187328
   outer loop
      vertex 0.098709249568432 0.396457936212686 0.306154947482516
      vertex 0.092699797384816 0.396454581370878 0.287080119336754
      vertex 0.078195410343510 0.392290294068869 0.291372639891427
   endloop
endfacet
facet normal 0.042445703119915 0.000603541937293 0.999098592744373
   outer loop
      vertex 0.020964268244771 0.373630957201989 0.341266132227529
      vertex 0.003888663602926 0.369456795093710 0.341994093744428
      vertex 0.020939011650415 0.371631184452672 0.341268413264297
   endloop
endfacet
facet normal -0.297433533735959 -0.952751869554415 0.061621165762326
   outer loop
      vertex -0.084267348807844 0.082413719737869 -0.317815131343222
      vertex -0.071068136379315 0.077426558520881 -0.331213754493095
      vertex -0.068988177132943 0.077409850201637 -0.321432525286831
   endloop
endfacet
facet normal 0.602790102888615 -0.001218947789855 -0.797898869547901
   outer loop
      vertex -0.182052664788703 0.312939284720690 0.244256177452391
      vertex -0.182068917048821 0.310939382447720 0.244246954572934
      vertex -0.194279241390578 0.306074169470551 0.235029831317912
   endloop
endfacet
facet normal -0.030906321953810 0.954416471007304 -0.296873709063721
   outer loop
      vertex -0.317973910853825 0.234737236246349 0.043387654387699
      vertex -0.310239636438217 0.229789462392066 0.026675919110897
      vertex -0.320179380945556 0.229808211536428 0.027770982183691
   endloop
endfacet
facet normal -0.982348048233493 0.002131126914787 0.187050181582165
   outer loop
      vertex -0.344360059802339 0.239721635847206 0.065070401970543
      vertex -0.347596215911065 0.234796143099062 0.048130911400577
      vertex -0.344366079029961 0.237721682748335 0.065061576410393
   endloop
endfacet
facet normal -0.995927811593966 0.001650630384480 0.090139167474456
   outer loop
      vertex -0.350007882209373 0.225864544600163 0.031040719731754
      vertex -0.351565870176369 0.222926480008895 0.013880655676212
      vertex -0.351569838874058 0.220926520762885 0.013873429706386
   endloop
endfacet
facet normal 0.213574123545303 -0.968060897217782 -0.131317146746948
   outer loop
      vertex 0.182030423374837 0.413279803270881 0.289442174884317
      vertex 0.171567058179400 0.413283315108595 0.272398675393488
      vertex 0.185039996335835 0.417454523755086 0.263561192587830
   endloop
endfacet
facet normal 0.990224486566876 -0.001746118262598 -0.139471922889091
   outer loop
      vertex -0.308099812633256 0.234717607227501 0.041806568787183
      vertex -0.310244265331270 0.227789506363114 0.026668093281312
      vertex -0.310239636438217 0.229789462392066 0.026675919110897
   endloop
endfacet
facet normal -0.628087350254893 0.000723741219422 -0.778142504075208
   outer loop
      vertex 0.197773669262860 0.427812744600841 0.228625865558046
      vertex 0.185978754029187 0.421634623933544 0.238140531131818
      vertex 0.186000609232773 0.423634431719201 0.238124750431600
   endloop
endfacet
facet normal 0.420136617829649 -0.000413734189125 0.907460771153599
   outer loop
      vertex 0.152175213095027 0.406947673466806 0.306019030514464
      vertex 0.136691163375589 0.404784442884166 0.313186856919467
      vertex 0.136665905797836 0.402784720310320 0.313197638960967
   endloop
endfacet
facet normal -0.959331192303001 0.001923359390985 0.282276396751756
   outer loop
      vertex -0.335425715813838 0.247554739275044 0.098371513997192
      vertex -0.340297561063648 0.244641107775744 0.081834144222647
      vertex -0.340304314649602 0.242641165364197 0.081824818902934
   endloop
endfacet
facet normal -0.061367068017001 0.951839431881275 -0.300392707765899
   outer loop
      vertex -0.315005980066447 0.239660713061020 0.058880399683611
      vertex -0.305221286549089 0.239640391783556 0.056817098778566
      vertex -0.308099812633256 0.234717607227501 0.041806568787183
   endloop
endfacet
facet normal -0.213001959030560 0.971548374147317 0.103556371802268
   outer loop
      vertex 0.152199970517560 0.408947398778527 0.306007048540774
      vertex 0.167340867594665 0.413112172710938 0.298076695347356
      vertex 0.143458199765242 0.408948098349890 0.288019802264745
   endloop
endfacet
facet normal 0.678056477855626 -0.001560920698488 -0.735008147141647
   outer loop
      vertex -0.206006995118918 0.303207490256803 0.225236385099663
      vertex -0.206022247186835 0.301207588204924 0.225226561977331
      vertex -0.217269821496986 0.296339268997963 0.214860838018253
   endloop
endfacet
facet normal 0.778433354115641 -0.001889896318716 -0.627724415243009
   outer loop
      vertex -0.238160141349984 0.288595725613844 0.192554216389903
      vertex -0.238173482949631 0.286595818933054 0.192543692775196
      vertex -0.247779833626450 0.281719855365573 0.180645655147203
   endloop
endfacet
facet normal -0.238805542551605 0.964102501676135 0.116095990923257
   outer loop
      vertex 0.143458199765242 0.408948098349890 0.288019802264745
      vertex 0.134716428991760 0.408948798977596 0.270032455994297
      vertex 0.120993427003002 0.404783140984556 0.276397812377217
   endloop
endfacet
facet normal 0.093211915404201 -0.961835654486256 0.257261953241587
   outer loop
      vertex -0.329750109771411 0.250462563309157 0.114651537932891
      vertex -0.335433208537216 0.245554796397630 0.098361788806687
      vertex -0.310997768621618 0.250420249515027 0.107698933670118
   endloop
endfacet
facet normal -0.086837231032860 -0.950571476829052 0.298116022289277
   outer loop
      vertex -0.310165074350097 0.186153769899517 -0.097121948762045
      vertex -0.319769250804006 0.186157516307327 -0.099907571805135
      vertex -0.296046460157410 0.181165226796699 -0.108915831542839
   endloop
endfacet
facet normal 0.824527131360626 -0.001233430831466 0.565821074456052
   outer loop
      vertex -0.262680001730169 0.158746229817606 -0.177290371750189
      vertex -0.262684781168470 0.156746300595261 -0.177287766682520
      vertex -0.254064987453607 0.151839404881865 -0.189859419493320
   endloop
endfacet
facet normal 0.249085275482827 0.953649792461351 -0.168844895913575
   outer loop
      vertex -0.196505277442066 0.126256863836619 -0.263042863820079
      vertex -0.178097857139257 0.121276829905794 -0.264015300485337
      vertex -0.183763102840222 0.121297599146186 -0.272255541902088
   endloop
endfacet
facet normal -0.959354602530885 0.002221954520142 0.282194630567129
   outer loop
      vertex -0.335425715813838 0.247554739275044 0.098371513997192
      vertex -0.340304314649602 0.242641165364197 0.081824818902934
      vertex -0.335433208537216 0.245554796397630 0.098361788806687
   endloop
endfacet
facet normal 0.808169064942594 -0.001675376412755 -0.588948177332852
   outer loop
      vertex -0.247767162150238 0.283719761612654 0.180656378910343
      vertex -0.256791719715528 0.276840475523274 0.168292230186108
      vertex -0.256779758675435 0.278840396650725 0.168302954256828
   endloop
endfacet
facet normal 0.198923386739686 0.954349184349272 -0.222816338135006
   outer loop
      vertex -0.252639067691041 0.150940926051900 -0.208240705304084
      vertex -0.235018032728655 0.146002277804528 -0.213662026667687
      vertex -0.242514641170602 0.146019708240102 -0.220280105174424
   endloop
endfacet
facet normal -0.216151549493292 -0.951395765539556 0.219373209314747
   outer loop
      vertex -0.235033192188026 0.142002393131938 -0.213655405545201
      vertex -0.231829752977417 0.137090728908151 -0.231800320357798
      vertex -0.224666547450546 0.137072173820197 -0.224822783097689
   endloop
endfacet
facet normal 0.420061773633616 0.000237002636598 0.907495482171416
   outer loop
      vertex 0.152199970517560 0.408947398778527 0.306007048540774
      vertex 0.136691163375589 0.404784442884166 0.313186856919467
      vertex 0.152175213095027 0.406947673466806 0.306019030514464
   endloop
endfacet
facet normal -0.001649864269425 0.961183762680615 -0.275904063592815
   outer loop
      vertex -0.351561891501823 0.224926440510011 0.013887781651603
      vertex -0.332284233839447 0.219949188918105 -0.003567049816913
      vertex -0.352282682242893 0.219981884533766 -0.003333558437664
   endloop
endfacet
facet normal 0.042515294015340 0.000600533548890 0.999095635629666
   outer loop
      vertex 0.020989624819373 0.375630731938952 0.341263851190596
      vertex 0.003913519934044 0.371456577208743 0.341993012958309
      vertex 0.020964268244771 0.373630957201989 0.341266132227529
   endloop
endfacet
facet normal 0.585312330026631 -0.002180636961678 0.810804983421561
   outer loop
      vertex -0.178097857139257 0.121276829905794 -0.264015300485337
      vertex -0.190442560471696 0.126236435491535 -0.255090438998033
      vertex -0.178109709035251 0.119276954085097 -0.264012123324640
   endloop
endfacet
facet normal 0.183307264943853 -0.957950490351149 0.220747150955109
   outer loop
      vertex -0.253499919922215 0.284630200500685 0.205397790668808
      vertex -0.263718622970448 0.279756255593131 0.192732461150425
      vertex -0.245843367227442 0.284613056004281 0.198965429906864
   endloop
endfacet
facet normal 0.238770216528986 -0.968171422272286 -0.075052520237230
   outer loop
      vertex 0.083210937507157 0.388295407559554 0.310733659293783
      vertex 0.092648182267979 0.392455122960947 0.287097083255715
      vertex 0.098657634274009 0.392458486743880 0.306172011501551
   endloop
endfacet
facet normal 0.390948163977446 -0.000474325436111 -0.920412574934765
   outer loop
      vertex -0.115071732801739 0.335255195703859 0.280807172411182
      vertex -0.115089985528856 0.333255297251698 0.280800450135089
      vertex -0.129174927340279 0.328392725602289 0.274820332251674
   endloop
endfacet
facet normal 0.091170690776618 0.000613679589925 0.995835091037003
   outer loop
      vertex 0.037985818950969 0.377802194963680 0.339705204767307
      vertex 0.020964268244771 0.373630957201989 0.341266132227529
      vertex 0.037960162114540 0.375802430523735 0.339708786049141
   endloop
endfacet
facet normal -0.161334178672257 -0.000422864324336 0.986899743630482
   outer loop
      vertex 0.053970336879786 0.037231220061585 -0.312943501139784
      vertex 0.038980921808479 0.044262139927230 -0.315390894463896
      vertex 0.038962169772801 0.042262201959269 -0.315394816895447
   endloop
endfacet
facet normal 0.746649929650448 -0.001480585378036 -0.665215521782166
   outer loop
      vertex -0.227981399385455 0.293468720254382 0.203968174480947
      vertex -0.238173482949631 0.286595818933054 0.192543692775196
      vertex -0.238160141349984 0.288595725613844 0.192554216389903
   endloop
endfacet
facet normal -0.067708325308177 0.961700954233418 -0.265606583710749
   outer loop
      vertex -0.335418223090458 0.249554682152457 0.098381239187696
      vertex -0.320954121928682 0.244599543392541 0.076752627199758
      vertex -0.340297561063648 0.244641107775744 0.081834144222647
   endloop
endfacet
facet normal -0.295585275240622 -0.954960445197064 -0.026074761167683
   outer loop
      vertex 0.025555502522827 0.047307506676951 -0.337030091122830
      vertex 0.009397445803660 0.052336718586049 -0.338050802332525
      vertex 0.027259675833966 0.047324123466983 -0.356957288580022
   endloop
endfacet
facet normal -0.040516648176415 -0.956264141369468 0.289684816915665
   outer loop
      vertex -0.319664387641731 0.201073605278367 -0.050863751638327
      vertex -0.329572891673005 0.201084688995544 -0.052213012585662
      vertex -0.327084860075230 0.196116211394627 -0.068266219362494
   endloop
endfacet
facet normal 0.213406301970418 -0.968111875189981 -0.131214128032959
   outer loop
      vertex 0.157678582716250 0.409114828398010 0.280566037502711
      vertex 0.161103692983963 0.413286826946310 0.255355175902659
      vertex 0.171567058179400 0.413283315108595 0.272398675393488
   endloop
endfacet
facet normal 0.390869454472684 -0.000361829446283 -0.920446054171388
   outer loop
      vertex -0.115053580211286 0.337255100053157 0.280814094781934
      vertex -0.115071732801739 0.335255195703859 0.280807172411182
      vertex -0.129156974803237 0.330392630692053 0.274827754700504
   endloop
endfacet
facet normal -0.507207904461071 -0.000076107097122 -0.861823726674962
   outer loop
      vertex 0.161127150239988 0.415286547545478 0.255341194042761
      vertex 0.161103692983963 0.413286826946310 0.255355175902659
      vertex 0.148064612496636 0.409116931983616 0.263029415824312
   endloop
endfacet
facet normal 0.001835914392716 -0.956632989166726 0.291290153380230
   outer loop
      vertex -0.332290922967537 0.215949249386424 -0.003580002159328
      vertex -0.332179250730141 0.211000990019798 -0.019831403433286
      vertex -0.322291698604657 0.215932906054124 -0.003696697798915
   endloop
endfacet
facet normal -0.230929272658062 -0.953800099455730 0.192190117612373
   outer loop
      vertex -0.202355534328436 0.127189130070599 -0.245562051883703
      vertex -0.208801017458656 0.127209108204899 -0.253207583313537
      vertex -0.196527479479357 0.122257038866215 -0.263036210574475
   endloop
endfacet
facet normal 0.083988925066000 -0.001471074789072 0.996465602218773
   outer loop
      vertex -0.021692271868162 0.066358808353747 -0.317735266579244
      vertex -0.036845954058956 0.071374321573748 -0.316450606406130
      vertex -0.021710423493211 0.064358855903113 -0.317736689151333
   endloop
endfacet
facet normal 0.698177679002467 -0.001765718860426 0.715922349685798
   outer loop
      vertex -0.213755916717094 0.134134379026604 -0.235470339964097
      vertex -0.224649548397010 0.141072097178148 -0.224829604212066
      vertex -0.224658098908725 0.139072184545499 -0.224826198126239
   endloop
endfacet
facet normal -0.247569283010501 0.967752098200050 -0.046533069306321
   outer loop
      vertex -0.044519626703470 0.358906089637432 0.319365025478004
      vertex -0.056763504494044 0.354711289936991 0.297266372174477
      vertex -0.060434918324763 0.354717385196657 0.316926111015567
   endloop
endfacet
facet normal 0.240426952153812 0.953674036156144 -0.180833385854710
   outer loop
      vertex -0.196505277442066 0.126256863836619 -0.263042863820079
      vertex -0.183763102840222 0.121297599146186 -0.272255541902088
      vertex -0.202567996399970 0.126277392156366 -0.270995287585571
   endloop
endfacet
facet normal 0.851302033925321 -0.001045822580744 0.524674902477468
   outer loop
      vertex -0.270675475915657 0.163645301658225 -0.164308853855361
      vertex -0.270679303634536 0.161645295357944 -0.164306629824612
      vertex -0.262684781168470 0.156746300595261 -0.177287766682520
   endloop
endfacet
facet normal -0.055072253760441 0.000608280848223 0.998482186551245
   outer loop
      vertex -0.013175125057979 0.367279214908318 0.341888096941813
      vertex -0.030234994338375 0.363098259901224 0.340949690360412
      vertex -0.013199380966615 0.365279417405396 0.341887977371293
   endloop
endfacet
facet normal 0.120175132268191 0.957800200131148 -0.261106710394535
   outer loop
      vertex -0.309297585896985 0.180303998400425 -0.130643097008817
      vertex -0.293806740963467 0.175426746073590 -0.141404286989937
      vertex -0.302899570419193 0.175433095436164 -0.145565997580015
   endloop
endfacet
facet normal -0.015958761878597 0.956758483944903 -0.290445384399119
   outer loop
      vertex -0.351561891501823 0.224926440510011 0.013887781651603
      vertex -0.331598929353474 0.224891139724317 0.012674615581678
      vertex -0.332284233839447 0.219949188918105 -0.003567049816913
   endloop
endfacet
facet normal -0.641525937136528 0.001400265466582 0.767100065987302
   outer loop
      vertex -0.219276331446116 0.308121997057579 0.266253597196322
      vertex -0.232523050713393 0.303261166391990 0.255184236215790
      vertex -0.219292083669760 0.306122097894394 0.266244074227124
   endloop
endfacet
facet normal 0.765046020528182 -0.001532025860542 0.643973787797885
   outer loop
      vertex -0.244827172069315 0.150924727438466 -0.201997910467473
      vertex -0.244833821024733 0.148924755385158 -0.201994769426617
      vertex -0.235025611463516 0.144002285428084 -0.213658711635000
   endloop
endfacet
facet normal 0.098489714739444 -0.957394621743698 0.271468809160067
   outer loop
      vertex -0.310997768621618 0.250420249515027 0.107698933670118
      vertex -0.316362338735543 0.245512674610527 0.092337570970459
      vertex -0.301621591647382 0.250399097745891 0.104222631591549
   endloop
endfacet
facet normal -0.242504613670028 -0.956131476782250 0.164329277534297
   outer loop
      vertex -0.183787004605168 0.117297743554835 -0.272249188636916
      vertex -0.189452348296729 0.117318410727282 -0.280489421110613
      vertex -0.175864670798879 0.112352341614139 -0.289332279391668
   endloop
endfacet
facet normal -0.304972521315650 0.000119382275923 0.952361143154343
   outer loop
      vertex 0.098011424732947 0.022129544189271 -0.301199592905396
      vertex 0.083550137286063 0.029164141004613 -0.305831381100486
      vertex 0.083531484849633 0.027164224038451 -0.305837103431733
   endloop
endfacet
facet normal 0.044021242861977 -0.956978653464053 0.286799558910079
   outer loop
      vertex -0.327858648218013 0.230756957372603 0.044951988604047
      vertex -0.330128392216057 0.225827047387657 0.028850493591747
      vertex -0.317984548997642 0.230737328373632 0.043370903003529
   endloop
endfacet
facet normal 0.139696619945147 0.000561315069641 0.990194192722465
   outer loop
      vertex 0.054911104369971 0.381970660246804 0.337315022109787
      vertex 0.037985818950969 0.377802194963680 0.339705204767307
      vertex 0.054885247230791 0.379970909147867 0.337319803641942
   endloop
endfacet
facet normal -0.229818153707956 -0.960716385903153 0.155588052508700
   outer loop
      vertex -0.189452348296729 0.117318410727282 -0.280489421110613
      vertex -0.200782937691371 0.117359847245754 -0.296969905000503
      vertex -0.186373100729349 0.112393882217490 -0.306348786123458
   endloop
endfacet
facet normal -0.713573909254823 0.001674493548268 0.700577955763773
   outer loop
      vertex -0.245210138634601 0.298398230687705 0.243480299124508
      vertex -0.257307480695539 0.293532761409105 0.231170176606168
      vertex -0.245224770570495 0.296398328132306 0.243470175848844
   endloop
endfacet
facet normal 0.113171471388553 0.952665195594217 -0.282172364286764
   outer loop
      vertex -0.296046106312765 0.185165247346891 -0.108915837726939
      vertex -0.300011890570650 0.180300239240082 -0.126931555007278
      vertex -0.309297585896985 0.180303998400425 -0.130643097008817
   endloop
endfacet
facet normal -0.026410137462175 -0.956470641378529 0.290631066509027
   outer loop
      vertex -0.332179250730141 0.211000990019798 -0.019831403433286
      vertex -0.351197792419313 0.206072327539593 -0.037779943231800
      vertex -0.331272434284054 0.206046211520386 -0.036055240337112
   endloop
endfacet
facet normal 0.235647353552200 0.000480042273528 0.971838512471728
   outer loop
      vertex 0.088304337025389 0.390299729568567 0.330072833144285
      vertex 0.071697715067833 0.386136406665966 0.334101594133365
      vertex 0.088278379640112 0.388299990063303 0.330080114959683
   endloop
endfacet
facet normal -0.075896567864112 0.951949249180128 -0.296702440117769
   outer loop
      vertex -0.311282412149887 0.244578750476538 0.074211918579886
      vertex -0.301610692571821 0.244557967756767 0.071671210065650
      vertex -0.305221286549089 0.239640391783556 0.056817098778566
   endloop
endfacet
facet normal -0.464435035771392 -0.000182992240960 -0.885607172544275
   outer loop
      vertex 0.148088769804870 0.411116656989222 0.263016333913017
      vertex 0.148064612496636 0.409116931983616 0.263029415824312
      vertex 0.134667012118241 0.404949451372805 0.270056321003646
   endloop
endfacet
facet normal -0.242505701870674 0.967584528821395 -0.070506483004698
   outer loop
      vertex -0.076210584338801 0.350523684629072 0.313714871114328
      vertex -0.086236977276807 0.346321409975298 0.290531208924300
      vertex -0.091810102919786 0.346324253492914 0.309738890709056
   endloop
endfacet
facet normal 0.030031310585227 -0.956866012949138 0.288973274970809
   outer loop
      vertex -0.330128392216057 0.225827047387657 0.028850493591747
      vertex -0.331606874328596 0.220891200022012 0.012660263425146
      vertex -0.320188648708521 0.225808298223418 0.027755430518955
   endloop
endfacet
facet normal -0.170528574520839 -0.957198092920615 0.233862814874507
   outer loop
      vertex -0.279455425506633 0.156772115356716 -0.188184538457734
      vertex -0.286498449136402 0.151898036709938 -0.213269738806880
      vertex -0.270281724287889 0.151868770689133 -0.201564579121787
   endloop
endfacet
facet normal -0.026431902983017 -0.956389591298106 0.290895692923318
   outer loop
      vertex -0.321309754827691 0.206033149046184 -0.035192938939805
      vertex -0.331272434284054 0.206046211520386 -0.036055240337112
      vertex -0.329572891673005 0.201084688995544 -0.052213012585662
   endloop
endfacet
facet normal 0.602678858975329 -0.000907336489863 -0.797983314164332
   outer loop
      vertex -0.182052664788703 0.312939284720690 0.244256177452391
      vertex -0.194279241390578 0.306074169470551 0.235029831317912
      vertex -0.194263489145769 0.308074067577394 0.235039454281530
   endloop
endfacet
facet normal 0.235713889644878 0.000479180482861 0.971822377090869
   outer loop
      vertex 0.088330294808171 0.392299449078898 0.330065551117576
      vertex 0.071723672508354 0.388136143492595 0.334095512356643
      vertex 0.088304337025389 0.390299729568567 0.330072833144285
   endloop
endfacet
facet normal 0.677929593964321 -0.001174969983854 -0.735125897430439
   outer loop
      vertex -0.206006995118918 0.303207490256803 0.225236385099663
      vertex -0.217269821496986 0.296339268997963 0.214860838018253
      vertex -0.217255269524121 0.298339168906903 0.214871061288469
   endloop
endfacet
facet normal 0.990243028006033 -0.002048643380751 -0.139336099219624
   outer loop
      vertex -0.308099812633256 0.234717607227501 0.041806568787183
      vertex -0.308105121696557 0.232717652961736 0.041798243092289
      vertex -0.310244265331270 0.227789506363114 0.026668093281312
   endloop
endfacet
facet normal 0.851280597314056 -0.001048367234130 0.524709677405293
   outer loop
      vertex -0.270671648194661 0.165645307852868 -0.164311067886668
      vertex -0.270675475915657 0.163645301658225 -0.164308853855361
      vertex -0.262680001730169 0.158746229817606 -0.177290371750189
   endloop
endfacet
facet normal 0.231263260803756 -0.958174043007696 0.168581753190256
   outer loop
      vertex -0.193809774768326 0.308960413720362 0.260440538900278
      vertex -0.206801414863773 0.304098240046191 0.250627379858937
      vertex -0.187947522128131 0.308949950952466 0.252339135349788
   endloop
endfacet
facet normal 0.282836957571765 0.000425273290357 0.959167907393787
   outer loop
      vertex 0.104692943807412 0.394461581781943 0.325238357793403
      vertex 0.088304337025389 0.390299729568567 0.330072833144285
      vertex 0.104667186239117 0.392461853570801 0.325246839752802
   endloop
endfacet
facet normal -0.087577899307640 0.954838596392763 -0.283924930908788
   outer loop
      vertex -0.301605111552594 0.254398965811881 0.104242781508385
      vertex -0.297276474070219 0.249470417705864 0.086332903298332
      vertex -0.306811911669315 0.249491488547190 0.089345012322106
   endloop
endfacet
facet normal 0.193873920604981 -0.958007747780825 0.211267740322949
   outer loop
      vertex -0.242672463609190 0.289500932757796 0.217548428670471
      vertex -0.253499919922215 0.284630200500685 0.205397790668808
      vertex -0.235340958269763 0.289484921721082 0.210747928134436
   endloop
endfacet
facet normal -0.345482962109551 -0.000095007790738 0.938425017710808
   outer loop
      vertex -0.113703015321018 0.342118818218334 0.323919992441340
      vertex -0.129908016465431 0.337263316483731 0.317953598748521
      vertex -0.129926269234880 0.335263420144255 0.317946676483592
   endloop
endfacet
facet normal -0.265509759464769 0.963981909596233 0.015602743353684
   outer loop
      vertex 0.019787910387790 0.375622877898683 0.321300608300198
      vertex 0.018586295758863 0.375615034787181 0.301337465509708
      vertex 0.003468088058317 0.371440351497380 0.301996803378617
   endloop
endfacet
facet normal -0.824553483128110 0.001230537669634 -0.565782678453791
   outer loop
      vertex -0.296221302390571 0.158797959042473 -0.199083907244437
      vertex -0.286492749943352 0.153897987387647 -0.213272643859331
      vertex -0.296226069844584 0.156797930107609 -0.199081309233004
   endloop
endfacet
facet normal -0.391217566184072 0.000385148210772 0.920298140588074
   outer loop
      vertex -0.129908016465431 0.337263316483731 0.317953598748521
      vertex -0.145802056437231 0.332407762001475 0.311199094689101
      vertex -0.129926269234880 0.335263420144255 0.317946676483592
   endloop
endfacet
facet normal 0.187967142507005 -0.000082005066204 0.982175313583538
   outer loop
      vertex 0.071671757606147 0.384136670895681 0.334107575915671
      vertex 0.054911104369971 0.381970660246804 0.337315022109787
      vertex 0.054885247230791 0.379970909147867 0.337319803641942
   endloop
endfacet
facet normal 0.999975480255538 -0.001393287091941 0.006862771946224
   outer loop
      vertex -0.312285781835506 0.219916503375441 -0.003800541090513
      vertex -0.312190603000236 0.212971331428062 -0.019079078794532
      vertex -0.312187854996454 0.214971313318666 -0.019073452416408
   endloop
endfacet
facet normal -0.093149884471413 0.961886321101466 -0.257094932468240
   outer loop
      vertex -0.323257477815991 0.259364416891415 0.130665391518819
      vertex -0.310981288526830 0.254420117581017 0.107719083586954
      vertex -0.329733627677018 0.254462431414900 0.114671687849722
   endloop
endfacet
facet normal 0.091250562733954 -0.000016581007169 0.995827964322055
   outer loop
      vertex 0.037960162114540 0.375802430523735 0.339708786049141
      vertex 0.020964268244771 0.373630957201989 0.341266132227529
      vertex 0.020939011650415 0.371631184452672 0.341268413264297
   endloop
endfacet
facet normal -0.091965444753898 -0.000553606507541 -0.995762045114722
   outer loop
      vertex 0.033629783974003 0.377787525283647 0.299944652515582
      vertex 0.033604126917654 0.375787771897511 0.299948133908655
      vertex 0.018535682611072 0.371615486244558 0.301342127577828
   endloop
endfacet
facet normal 0.016976452605776 -0.951548525291191 0.307029646896003
   outer loop
      vertex -0.310248904023594 0.225789540137931 0.026660267346087
      vertex -0.321625393314994 0.220873550156342 0.012053630392975
      vertex -0.311643911402777 0.220855890307119 0.011446997255146
   endloop
endfacet
facet normal -0.563240046624198 0.000794756346356 0.826292937305603
   outer loop
      vertex -0.191248648920517 0.315839063381368 0.286374506407833
      vertex -0.205501575369236 0.312981137779922 0.276661791654191
      vertex -0.205517927609598 0.310981233519306 0.276652568774899
   endloop
endfacet
facet normal -0.229110861275161 0.955646809249864 -0.185060501502366
   outer loop
      vertex -0.187914917428896 0.312949747488587 0.252357581002883
      vertex -0.194263489145769 0.308074067577394 0.235039454281530
      vertex -0.200516649691629 0.308086048970067 0.242842939986522
   endloop
endfacet
facet normal -0.070294554145342 -0.953469709450910 0.293179448149262
   outer loop
      vertex -0.304356322821704 0.191127755072729 -0.079552955337501
      vertex -0.314085345135543 0.191134116735193 -0.081864957893069
      vertex -0.310165074350097 0.186153769899517 -0.097121948762045
   endloop
endfacet
facet normal 0.999119791098842 -0.001833310263535 -0.041908018422302
   outer loop
      vertex -0.311635964229297 0.224855820051710 0.011461349306018
      vertex -0.311639932905819 0.222855859749359 0.011454223330611
      vertex -0.312289130110006 0.217916529063507 -0.003807067311751
   endloop
endfacet
facet normal -0.152058417649654 0.000533956945741 0.988371363664419
   outer loop
      vertex -0.047225369872270 0.358913209793189 0.339180779455216
      vertex -0.064106332134314 0.354723479399982 0.336585949851071
      vertex -0.047248124775290 0.356913376423611 0.339178359059688
   endloop
endfacet
facet normal 0.113777384596424 0.962281631868331 -0.247120957677045
   outer loop
      vertex -0.327868984558030 0.180311416442045 -0.138066172068991
      vertex -0.302899570419193 0.175433095436164 -0.145565997580015
      vertex -0.321085229334879 0.175445794372579 -0.153889438759055
   endloop
endfacet
facet normal -0.267034277853642 -0.960105454783574 0.083007289716086
   outer loop
      vertex -0.102380768440230 0.087431347134177 -0.322979682339474
      vertex -0.108438933975108 0.087468429682490 -0.342039872200192
      vertex -0.091940264852349 0.082466650393588 -0.346816866913693
   endloop
endfacet
facet normal 0.247413284009433 0.950854430685442 -0.186178727414095
   outer loop
      vertex -0.190442560471696 0.126236435491535 -0.255090438998033
      vertex -0.178097857139257 0.121276829905794 -0.264015300485337
      vertex -0.196505277442066 0.126256863836619 -0.263042863820079
   endloop
endfacet
facet normal 0.876002064104768 -0.000841514106724 0.482306619836586
   outer loop
      vertex -0.278023721192427 0.170536659480729 -0.150950386565395
      vertex -0.278026619190283 0.168536676419091 -0.150948612511072
      vertex -0.270675475915657 0.163645301658225 -0.164308853855361
   endloop
endfacet
facet normal 0.170518877969350 0.957205101947979 -0.233841196244016
   outer loop
      vertex -0.279445888611073 0.160772073251781 -0.188189735537155
      vertex -0.262161932489694 0.155853989643110 -0.195717809912470
      vertex -0.270270295907928 0.155868672651408 -0.201570390226684
   endloop
endfacet
facet normal -0.014397371505460 -0.001177113905685 0.999895659604834
   outer loop
      vertex 0.008711736159974 0.056316671967658 -0.318058799387730
      vertex -0.006494203683665 0.061339472356518 -0.318271834772761
      vertex 0.008693182372418 0.054316824217209 -0.318061420835621
   endloop
endfacet
facet normal 0.182176723878279 0.957059097827962 -0.225498391439285
   outer loop
      vertex -0.270270295907928 0.155868672651408 -0.201570390226684
      vertex -0.252639067691041 0.150940926051900 -0.208240705304084
      vertex -0.260450961322906 0.150957024574473 -0.214483490197864
   endloop
endfacet
facet normal 0.795737964327588 -0.001391837023989 0.605639459511585
   outer loop
      vertex -0.254053571058781 0.155839406598912 -0.189865227541758
      vertex -0.254059280249854 0.153839455722438 -0.189862322489290
      vertex -0.244833821024733 0.148924755385158 -0.201994769426617
   endloop
endfacet
facet normal 0.230917265206986 0.953804995517045 -0.192180246529282
   outer loop
      vertex -0.208780417130908 0.131209003249055 -0.253214415489885
      vertex -0.196505277442066 0.126256863836619 -0.263042863820079
      vertex -0.215225900259012 0.131228981277721 -0.260859936920276
   endloop
endfacet
facet normal -0.063616228412125 -0.001014177891338 0.997973920964782
   outer loop
      vertex 0.023888635013755 0.051290676661669 -0.317096449780618
      vertex 0.008711736159974 0.056316671967658 -0.318058799387730
      vertex 0.023869981118954 0.049290833261626 -0.317099671194852
   endloop
endfacet
facet normal 0.624483070118142 -0.002151422532600 0.781035381091604
   outer loop
      vertex -0.190453710486697 0.124236472025179 -0.255087112903425
      vertex -0.202345284154684 0.129189076598853 -0.245565467971794
      vertex -0.190464760521454 0.122236510546468 -0.255083786808983
   endloop
endfacet
facet normal 0.240151566995337 0.953781000233706 -0.180635069858753
   outer loop
      vertex -0.208780417130908 0.131209003249055 -0.253214415489885
      vertex -0.190442560471696 0.126236435491535 -0.255090438998033
      vertex -0.196505277442066 0.126256863836619 -0.263042863820079
   endloop
endfacet
facet normal 0.237634552152038 0.950992333534641 -0.197846913500914
   outer loop
      vertex -0.202335033980931 0.131189023127109 -0.245568884059885
      vertex -0.190442560471696 0.126236435491535 -0.255090438998033
      vertex -0.208780417130908 0.131209003249055 -0.253214415489885
   endloop
endfacet
facet normal 0.175378719326536 0.954649414425907 -0.240596758797072
   outer loop
      vertex -0.271060556443756 0.160759166059255 -0.182741348649621
      vertex -0.254053571058781 0.155839406598912 -0.189865227541758
      vertex -0.262161932489694 0.155853989643110 -0.195717809912470
   endloop
endfacet
facet normal 0.224280553492040 0.956497156350381 -0.186578195990148
   outer loop
      vertex -0.227371651466238 0.136173000636475 -0.250114390563068
      vertex -0.208780417130908 0.131209003249055 -0.253214415489885
      vertex -0.215225900259012 0.131228981277721 -0.260859936920276
   endloop
endfacet
facet normal 0.662166631788768 -0.001837739075398 0.749354371749848
   outer loop
      vertex -0.202345284154684 0.129189076598853 -0.245565467971794
      vertex -0.213746466391647 0.136134309970598 -0.235473786049186
      vertex -0.213755916717094 0.134134379026604 -0.235470339964097
   endloop
endfacet
facet normal -0.161491055767613 -0.000668048393838 0.986873949711110
   outer loop
      vertex 0.054007843171505 0.041230984403081 -0.312934557394636
      vertex 0.038999675810521 0.046261978976867 -0.315387073083318
      vertex 0.053989091029995 0.039231051716830 -0.312938979798278
   endloop
endfacet
facet normal 0.585410964519645 -0.001915415780176 0.810734440987040
   outer loop
      vertex -0.178109709035251 0.119276954085097 -0.264012123324640
      vertex -0.190442560471696 0.126236435491535 -0.255090438998033
      vertex -0.190453710486697 0.124236472025179 -0.255087112903425
   endloop
endfacet
facet normal 0.220857337439758 0.953942447935550 -0.203016852812154
   outer loop
      vertex -0.220559108919065 0.136153654309714 -0.242794088306044
      vertex -0.208780417130908 0.131209003249055 -0.253214415489885
      vertex -0.227371651466238 0.136173000636475 -0.250114390563068
   endloop
endfacet
facet normal -0.209934844658142 -0.000546243102867 0.977715225726200
   outer loop
      vertex 0.068876421235335 0.036198125519912 -0.309744790702245
      vertex 0.054007843171505 0.041230984403081 -0.312934557394636
      vertex 0.068857768925904 0.034198202215700 -0.309749913066981
   endloop
endfacet
facet normal 0.544867023391550 -0.001896914521164 0.838520320884194
   outer loop
      vertex -0.165343589083892 0.114310690408697 -0.272318729834182
      vertex -0.178097857139257 0.121276829905794 -0.264015300485337
      vertex -0.178109709035251 0.119276954085097 -0.264012123324640
   endloop
endfacet
facet normal -0.955002408968170 0.000383157808162 -0.296597795094781
   outer loop
      vertex -0.338977122612495 0.188165013609460 -0.105477701046385
      vertex -0.333871617321422 0.181168696937651 -0.121925734801243
      vertex -0.338977593703217 0.186165008793544 -0.105478767894122
   endloop
endfacet
facet normal 0.285717499359383 0.955464006027646 -0.073851497922682
   outer loop
      vertex -0.084234143867949 0.086413508470166 -0.317816587010440
      vertex -0.086791815227798 0.086431118738863 -0.327483899215672
      vertex -0.102348663494687 0.091431124565792 -0.322982137949050
   endloop
endfacet
facet normal 0.285389792361285 0.954823555341223 0.082853150703696
   outer loop
      vertex 0.086352195803176 0.031165459429962 -0.315430469224731
      vertex 0.089135599896327 0.031166960863814 -0.325035278623668
      vertex 0.073491872709038 0.036204567149825 -0.329204885787038
   endloop
endfacet
facet normal -0.979415407265595 0.000614862318108 -0.201854110572709
   outer loop
      vertex -0.346745959829300 0.196133945780875 -0.071931975073577
      vertex -0.343271608824588 0.193153403025436 -0.088798936653067
      vertex -0.343272426071320 0.191153402529491 -0.088801063441064
   endloop
endfacet
facet normal -0.994445349278156 0.001051152031651 -0.105248954286740
   outer loop
      vertex -0.351197792419313 0.206072327539593 -0.037779943231800
      vertex -0.349388199664642 0.203106824393984 -0.054907508116815
      vertex -0.349389887539171 0.201106846670953 -0.054911534586006
   endloop
endfacet
facet normal 0.291912836748233 0.954879324703719 0.054702568449482
   outer loop
      vertex 0.055834288703532 0.041235963892978 -0.322766240162259
      vertex 0.057660736201926 0.041240844464552 -0.332598023980857
      vertex 0.041681308278919 0.046275281548671 -0.335206306417529
   endloop
endfacet
facet normal -0.998401664329414 0.001241408337247 -0.056502881073410
   outer loop
      vertex -0.352165148215570 0.211030618431740 -0.020577901810737
      vertex -0.351195584457015 0.208072306091304 -0.037775016813707
      vertex -0.351197792419313 0.206072327539593 -0.037779943231800
   endloop
endfacet
facet normal -0.999145251724672 0.001533045389294 0.041308785117403
   outer loop
      vertex -0.351569838874058 0.220926520762885 0.013873429706386
      vertex -0.352286030496227 0.217981909165491 -0.003339984664484
      vertex -0.352289368971456 0.215981945049787 -0.003346510780083
   endloop
endfacet
facet normal -0.990324006668402 0.001749120753268 0.138763476436824
   outer loop
      vertex -0.347606853856128 0.230796225228878 0.048114159910750
      vertex -0.350003253316319 0.227864500629114 0.031048545561339
      vertex -0.350007882209373 0.225864544600163 0.031040719731754
   endloop
endfacet
facet normal -0.982345751372714 0.001833895705052 0.187065393877439
   outer loop
      vertex -0.344372108475526 0.235721740504507 0.065052650961496
      vertex -0.347601534794803 0.232796179693408 0.048122485605626
      vertex -0.347606853856128 0.230796225228878 0.048114159910750
   endloop
endfacet
facet normal 0.836049415274437 -0.001780408152431 -0.548651260242865
   outer loop
      vertex -0.256779758675435 0.278840396650725 0.168302954256828
      vertex -0.265187788495674 0.271957254085153 0.155512910525629
      vertex -0.265176557531286 0.273957171756601 0.155523534708796
   endloop
endfacet
facet normal -0.136885660020285 0.957668428552957 -0.253245922047565
   outer loop
      vertex -0.307995889718224 0.269151136369908 0.161606469424413
      vertex -0.290466762988604 0.269110398519702 0.151977491333725
      vertex -0.298025087262191 0.264219041113321 0.137565917301205
   endloop
endfacet
facet normal -0.959340315192371 0.001909433602459 0.282245484835311
   outer loop
      vertex -0.335433208537216 0.245554796397630 0.098361788806687
      vertex -0.340304314649602 0.242641165364197 0.081824818902934
      vertex -0.340311068256722 0.240641224008991 0.081815393588803
   endloop
endfacet
facet normal 0.295652671193287 0.955141139757946 -0.017172686399259
   outer loop
      vertex -0.022313467702932 0.066371715456400 -0.327715855835973
      vertex -0.022934561569924 0.066384524572033 -0.337696446149424
      vertex -0.039067091603069 0.071402785063413 -0.336326745021309
   endloop
endfacet
facet normal -0.907658436345607 0.001914842982875 0.419705249320280
   outer loop
      vertex -0.316025102770712 0.260260789544915 0.146302102230723
      vertex -0.323266470966293 0.257364480529771 0.130655066681262
      vertex -0.323275464315350 0.255364554165594 0.130644741949359
   endloop
endfacet
facet normal -0.862233684176220 0.001836436683709 0.506507355694080
   outer loop
      vertex -0.299269957947351 0.270036442247820 0.176457503245820
      vertex -0.308006380431299 0.267151213412103 0.161595845028707
      vertex -0.308016881142397 0.265151290255534 0.161585220633016
   endloop
endfacet
facet normal 0.289258289274287 0.955376490888031 -0.059878232644126
   outer loop
      vertex -0.068954072159183 0.081409646259323 -0.321432981011359
      vertex -0.071034031405556 0.081426354578567 -0.331214210217624
      vertex -0.086791815227798 0.086431118738863 -0.327483899215672
   endloop
endfacet
facet normal -0.808524108914367 0.001680233899934 0.588460654690074
   outer loop
      vertex -0.279644770833598 0.279792561528072 0.204829890911850
      vertex -0.289793155409343 0.276916624464582 0.190894581416272
      vertex -0.289805116648190 0.274916713334598 0.190883857451208
   endloop
endfacet
facet normal 0.136892503678638 -0.957663470197634 0.253260972685529
   outer loop
      vertex -0.290487744634672 0.265110563657901 0.151956142653549
      vertex -0.298044578344106 0.260219192708547 0.137544868179189
      vertex -0.281723186258290 0.265090194105245 0.147141703605423
   endloop
endfacet
facet normal 0.562940224319320 -0.001069413247930 -0.826496920864572
   outer loop
      vertex -0.169403834114456 0.317803455590155 0.252864462899390
      vertex -0.169420586588637 0.315803559148522 0.252855640209746
      vertex -0.182068917048821 0.310939382447720 0.244246954572934
   endloop
endfacet
facet normal -0.907643935591591 0.001914493932414 0.419736608954699
   outer loop
      vertex -0.316015362129391 0.262260708649188 0.146312626738911
      vertex -0.323257477815991 0.259364416891415 0.130665391518819
      vertex -0.323266470966293 0.257364480529771 0.130655066681262
   endloop
endfacet
facet normal -0.044017367519373 0.956985143955038 -0.286778495717550
   outer loop
      vertex -0.347596215911065 0.234796143099062 0.048130911400577
      vertex -0.327848012272556 0.234756875203034 0.044968740093876
      vertex -0.330119128629890 0.229826969562286 0.028866145356562
   endloop
endfacet
facet normal 0.184288242500393 -0.967838484803873 -0.171249849660256
   outer loop
      vertex 0.236226859243493 0.429978056377674 0.247925076684473
      vertex 0.222635889131341 0.429986145294175 0.233253619947325
      vertex 0.234123378817002 0.434170040950703 0.221969954871335
   endloop
endfacet
facet normal 0.042521082944684 0.000011446499411 0.999095569690002
   outer loop
      vertex 0.020939011650415 0.371631184452672 0.341268413264297
      vertex 0.003888663602926 0.369456795093710 0.341994093744428
      vertex 0.003863807271808 0.367457012978677 0.341995174530546
   endloop
endfacet
facet normal -0.232872452049076 0.964075875948003 0.127781557713706
   outer loop
      vertex 0.157726897353886 0.413114277352886 0.280539973674539
      vertex 0.148112927134271 0.413116380938489 0.263003351996141
      vertex 0.134716428991760 0.408948798977596 0.270032455994297
   endloop
endfacet
facet normal 0.057891626327291 -0.957087345194387 0.283958400597592
   outer loop
      vertex -0.324802724858892 0.235681118941223 0.060925949368304
      vertex -0.327858648218013 0.230756957372603 0.044951988604047
      vertex -0.315018028540880 0.235660807720855 0.058862648568909
   endloop
endfacet
facet normal 0.187894681076245 0.000499051994867 0.982189055004363
   outer loop
      vertex 0.071697715067833 0.386136406665966 0.334101594133365
      vertex 0.054911104369971 0.381970660246804 0.337315022109787
      vertex 0.071671757606147 0.384136670895681 0.334107575915671
   endloop
endfacet
facet normal -0.244625765198467 -0.960495638164794 0.132688974928102
   outer loop
      vertex -0.161860476645406 0.107379568983901 -0.297495548714198
      vertex -0.171521335535108 0.107420887225400 -0.315007244835824
      vertex -0.156264060190380 0.102441411801179 -0.322923816426148
   endloop
endfacet
facet normal 0.187372487134619 0.954500753986936 -0.231991081085798
   outer loop
      vertex -0.262161932489694 0.155853989643110 -0.195717809912470
      vertex -0.244827172069315 0.150924727438466 -0.201997910467473
      vertex -0.252639067691041 0.150940926051900 -0.208240705304084
   endloop
endfacet
facet normal 0.199873192590255 -0.967966847545838 -0.151956865379459
   outer loop
      vertex 0.210149220923245 0.421622601178881 0.270009766932452
      vertex 0.198063986471865 0.421628663071715 0.254075099563202
      vertex 0.210606520128037 0.425805837523683 0.243964005621815
   endloop
endfacet
facet normal -0.218924257502933 0.962591096315986 -0.159657604798446
   outer loop
      vertex -0.191231896446336 0.317838959823000 0.286383329097478
      vertex -0.193777170069091 0.312960210256484 0.260458984553375
      vertex -0.205501575369236 0.312981137779922 0.276661791654191
   endloop
endfacet
facet normal -0.294445857683231 -0.955147739530680 0.031534624821278
   outer loop
      vertex -0.037992177964223 0.067388749691911 -0.326390419863820
      vertex -0.039102696746156 0.067402982430567 -0.336328489171493
      vertex -0.022970866828721 0.062384720701772 -0.337699390231465
   endloop
endfacet
facet normal 0.073703977288405 -0.954679326932649 0.288366271362126
   outer loop
      vertex -0.311295911323376 0.240578865812457 0.074193267940446
      vertex -0.315018028540880 0.235660807720855 0.058862648568909
      vertex -0.301624201764500 0.240558083950261 0.071652459431810
   endloop
endfacet
facet normal 0.001932587496952 -0.954179043433465 0.299230042238348
   outer loop
      vertex -0.321625393314994 0.220873550156342 0.012053630392975
      vertex -0.332290922967537 0.215949249386424 -0.003580002159328
      vertex -0.322291698604657 0.215932906054124 -0.003696697798915
   endloop
endfacet
facet normal 0.071615421409556 -0.957193808362696 0.280448292290129
   outer loop
      vertex -0.320967630901441 0.240599648532228 0.076733976454681
      vertex -0.324802724858892 0.235681118941223 0.060925949368304
      vertex -0.311295911323376 0.240578865812457 0.074193267940446
   endloop
endfacet
facet normal 0.746748951017385 -0.001813574395870 -0.665103537129630
   outer loop
      vertex -0.227981399385455 0.293468720254382 0.203968174480947
      vertex -0.227995451144360 0.291468814544268 0.203957851037981
      vertex -0.238173482949631 0.286595818933054 0.192543692775196
   endloop
endfacet
facet normal 0.067758566805572 -0.961642688422332 0.265804658402226
   outer loop
      vertex -0.340311068256722 0.240641224008991 0.081815393588803
      vertex -0.344372108475526 0.235721740504507 0.065052650961496
      vertex -0.320967630901441 0.240599648532228 0.076733976454681
   endloop
endfacet
facet normal 0.506740574696674 0.000083510836195 0.862098592379100
   outer loop
      vertex 0.182077337886887 0.417279244469214 0.289414211164521
      vertex 0.167340867594665 0.413112172710938 0.298076695347356
      vertex 0.182053880630862 0.415279523870048 0.289428193024421
   endloop
endfacet
facet normal -0.057886778737566 0.957094451770692 -0.283935434979764
   outer loop
      vertex -0.344360059802339 0.239721635847206 0.065070401970543
      vertex -0.324790672165329 0.239681013307087 0.060943800371763
      vertex -0.327848012272556 0.234756875203034 0.044968740093876
   endloop
endfacet
facet normal 0.219528060440390 -0.968140118603750 -0.120466349779506
   outer loop
      vertex 0.143408684899012 0.404948648782791 0.288043666217705
      vertex 0.148064612496636 0.409116931983616 0.263029415824312
      vertex 0.157678582716250 0.409114828398010 0.280566037502711
   endloop
endfacet
facet normal -0.999970053791196 0.001400489825940 -0.007611185786758
   outer loop
      vertex -0.352289368971456 0.215981945049787 -0.003346510780083
      vertex -0.352162390015011 0.213030590523642 -0.020572275538285
      vertex -0.352165148215570 0.211030618431740 -0.020577901810737
   endloop
endfacet
facet normal -0.101287163981677 0.954934786959226 -0.278999037754050
   outer loop
      vertex -0.295674575234242 0.259301227153583 0.118868827240405
      vertex -0.292228934578359 0.254377814042746 0.100766479429816
      vertex -0.301605111552594 0.254398965811881 0.104242781508385
   endloop
endfacet
facet normal 0.175629472135670 0.954519686114859 -0.240928324064518
   outer loop
      vertex -0.262161932489694 0.155853989643110 -0.195717809912470
      vertex -0.252639067691041 0.150940926051900 -0.208240705304084
      vertex -0.270270295907928 0.155868672651408 -0.201570390226684
   endloop
endfacet
facet normal 0.247436525221048 -0.968113452947709 -0.039134488730510
   outer loop
      vertex 0.054885247230791 0.379970909147867 0.337319803641942
      vertex 0.051735823491091 0.379964306870581 0.317570198160651
      vertex 0.067558425224462 0.384130999937317 0.314535994234620
   endloop
endfacet
facet normal -0.054520532136754 -0.956137901146117 0.287798237603054
   outer loop
      vertex -0.317254305610290 0.196107339820384 -0.066433391556998
      vertex -0.327084860075230 0.196116211394627 -0.068266219362494
      vertex -0.323814376435534 0.191140578233185 -0.084176959392071
   endloop
endfacet
facet normal -0.747070538871028 0.001765808708045 0.664742425207357
   outer loop
      vertex -0.257321482456371 0.291532856292914 0.231159853158894
      vertex -0.268799663656440 0.286664393572570 0.218273035775670
      vertex -0.257335484266195 0.289532953632711 0.231149429731992
   endloop
endfacet
facet normal 0.146015693570189 0.957500972012215 -0.248739433598454
   outer loop
      vertex -0.295779982902767 0.170554196470167 -0.160154276670258
      vertex -0.279313752393079 0.165656303069180 -0.169342243334155
      vertex -0.287955864601990 0.165667198112063 -0.174373419838178
   endloop
endfacet
facet normal 0.249282020060035 -0.967820240103604 0.034386877156716
   outer loop
      vertex -0.047270879678312 0.354913543054034 0.339175938664159
      vertex -0.044565036706853 0.354906433827048 0.319360284786854
      vertex -0.028548641339520 0.359090858786360 0.321022889312042
   endloop
endfacet
facet normal 0.225129877319543 -0.968161317866120 -0.109454104198180
   outer loop
      vertex 0.128791880024618 0.400784348246144 0.294813948728385
      vertex 0.134667012118241 0.404949451372805 0.270056321003646
      vertex 0.143408684899012 0.404948648782791 0.288043666217705
   endloop
endfacet
facet normal 0.250346933691813 -0.968044762185501 -0.014688471544825
   outer loop
      vertex 0.020939011650415 0.371631184452672 0.341268413264297
      vertex 0.019737397021488 0.371623341341171 0.321305270473808
      vertex 0.035782144615473 0.375795096211890 0.319828459926071
   endloop
endfacet
facet normal -0.012303363603931 -0.956512336688090 0.291432285458422
   outer loop
      vertex -0.322186303487129 0.210986175784011 -0.019458154244558
      vertex -0.332179250730141 0.211000990019798 -0.019831403433286
      vertex -0.331272434284054 0.206046211520386 -0.036055240337112
   endloop
endfacet
facet normal 0.085159050177286 -0.957295495348434 0.276284763891351
   outer loop
      vertex -0.316362338735543 0.245512674610527 0.092337570970459
      vertex -0.320967630901441 0.240599648532228 0.076733976454681
      vertex -0.306826901136448 0.245491603769201 0.089325461946686
   endloop
endfacet
facet normal -0.068346017666492 -0.956103935537495 0.284945760310352
   outer loop
      vertex -0.327084860075230 0.196116211394627 -0.068266219362494
      vertex -0.343272426071320 0.191153402529491 -0.088801063441064
      vertex -0.323814376435534 0.191140578233185 -0.084176959392071
   endloop
endfacet
facet normal 0.919052915103072 -0.000360184276589 0.394133999431452
   outer loop
      vertex -0.290726195246432 0.180296480185375 -0.123220023005180
      vertex -0.290727263840764 0.178296545223043 -0.123219358891938
      vertex -0.284715887807765 0.173420337348397 -0.137241313375151
   endloop
endfacet
facet normal -0.072214656050995 -0.950801469337807 0.301266674819012
   outer loop
      vertex -0.307423754343510 0.196098478183977 -0.064600563645840
      vertex -0.314085345135543 0.191134116735193 -0.081864957893069
      vertex -0.304356322821704 0.191127755072729 -0.079552955337501
   endloop
endfacet
facet normal 0.249177640630511 -0.968082971332148 -0.026941863828073
   outer loop
      vertex 0.037960162114540 0.375802430523735 0.339708786049141
      vertex 0.035782144615473 0.375795096211890 0.319828459926071
      vertex 0.051735823491091 0.379964306870581 0.317570198160651
   endloop
endfacet
facet normal 0.230642573721376 0.953918853867555 -0.191944844742415
   outer loop
      vertex -0.220559108919065 0.136153654309714 -0.242794088306044
      vertex -0.202335033980931 0.131189023127109 -0.245568884059885
      vertex -0.208780417130908 0.131209003249055 -0.253214415489885
   endloop
endfacet
facet normal -0.998400407254949 0.001533650628968 -0.056517914937654
   outer loop
      vertex -0.352159641990062 0.215030571357906 -0.020566549165742
      vertex -0.351193386712661 0.210072295498060 -0.037770190284361
      vertex -0.352162390015011 0.213030590523642 -0.020572275538285
   endloop
endfacet
facet normal 0.296320004755645 0.955017407397898 0.011670747560153
   outer loop
      vertex 0.009073094789835 0.056326541505309 -0.328052129414944
      vertex 0.009434551391242 0.056336514061612 -0.338045558380190
      vertex -0.006754341976531 0.061362298719287 -0.338269954818548
   endloop
endfacet
facet normal -0.193741091370105 -0.961203439029784 0.196347493775798
   outer loop
      vertex -0.238992976514921 0.137109183729547 -0.238777868673869
      vertex -0.253319415577321 0.137146193440130 -0.252732954250033
      vertex -0.241015487243229 0.132211834489110 -0.264748112906630
   endloop
endfacet
facet normal -0.204216115251619 -0.956765367884474 0.207113034569109
   outer loop
      vertex -0.250026379077848 0.142037254599376 -0.226891562558725
      vertex -0.253319415577321 0.137146193440130 -0.252732954250033
      vertex -0.238992976514921 0.137109183729547 -0.238777868673869
   endloop
endfacet
facet normal -0.999969466559744 0.001698604899790 -0.007627626735470
   outer loop
      vertex -0.352282682242893 0.219981884533766 -0.003333558437664
      vertex -0.352159641990062 0.215030571357906 -0.020566549165742
      vertex -0.352286030496227 0.217981909165491 -0.003339984664484
   endloop
endfacet
facet normal -0.927125687535609 0.001923170841753 0.374745594938135
   outer loop
      vertex -0.323275464315350 0.255364554165594 0.130644741949359
      vertex -0.329741868713632 0.252462496833857 0.114661662888515
      vertex -0.329750109771411 0.250462563309157 0.114651537932891
   endloop
endfacet
facet normal -0.163232381854095 -0.954658938266618 0.248960842507197
   outer loop
      vertex -0.262684781168470 0.156746300595261 -0.177287766682520
      vertex -0.271070103336916 0.156759207944298 -0.182736149570294
      vertex -0.262173350871842 0.151854087890163 -0.195711999807534
   endloop
endfacet
facet normal -0.836364998781830 0.001757337922733 0.548170138347663
   outer loop
      vertex -0.289793155409343 0.276916624464582 0.190894581416272
      vertex -0.299247495976241 0.274036275478032 0.176478951600990
      vertex -0.299258726961796 0.272036358862926 0.176468227423405
   endloop
endfacet
facet normal -0.272484333744073 -0.953178378952451 0.131161220494578
   outer loop
      vertex -0.138684507007896 0.102359878385682 -0.286994543212253
      vertex -0.143079394808222 0.102380236825116 -0.295976869279447
      vertex -0.128792916905950 0.097396129735211 -0.302517687522041
   endloop
endfacet
facet normal -0.778721194654938 0.001597333124117 0.627368113249372
   outer loop
      vertex -0.268813015295154 0.284664488749104 0.218262412177127
      vertex -0.279632109555454 0.281792477630449 0.204840514775679
      vertex -0.279644770833598 0.279792561528072 0.204829890911850
   endloop
endfacet
facet normal -0.765115281641159 0.001531097274517 -0.643891498266832
   outer loop
      vertex -0.276081389537064 0.148989350014391 -0.226965943886578
      vertex -0.265011997230832 0.144072108244496 -0.240131034604919
      vertex -0.276088038491635 0.146989377918829 -0.226962798845946
   endloop
endfacet
facet normal -0.289268368875942 -0.955372552699609 0.059892372770541
   outer loop
      vertex -0.086824920166283 0.082431330937870 -0.327482343554202
      vertex -0.075228150834906 0.077459771109714 -0.350776015029731
      vertex -0.071068136379315 0.077426558520881 -0.331213754493095
   endloop
endfacet
facet normal -0.274396962570716 -0.959942137018711 0.056722134197463
   outer loop
      vertex -0.071068136379315 0.077426558520881 -0.331213754493095
      vertex -0.075228150834906 0.077459771109714 -0.350776015029731
      vertex -0.058342503892330 0.072447998129174 -0.353907805390242
   endloop
endfacet
facet normal -0.264995958669917 -0.955784037552546 0.127491236751260
   outer loop
      vertex -0.143079394808222 0.102380236825116 -0.295976869279447
      vertex -0.147474282610664 0.102400595370185 -0.304959205346082
      vertex -0.132741709571773 0.097416118610214 -0.311704853349281
   endloop
endfacet
facet normal -0.778748974624000 0.001866609938847 0.627332886344567
   outer loop
      vertex -0.268799663656440 0.286664393572570 0.218273035775670
      vertex -0.279632109555454 0.281792477630449 0.204840514775679
      vertex -0.268813015295154 0.284664488749104 0.218262412177127
   endloop
endfacet
facet normal -0.747036640717951 0.001455966284884 0.664781270484523
   outer loop
      vertex -0.257335484266195 0.289532953632711 0.231149429731992
      vertex -0.268799663656440 0.286664393572570 0.218273035775670
      vertex -0.268813015295154 0.284664488749104 0.218262412177127
   endloop
endfacet
facet normal 0.101118758687461 0.962424001521875 -0.252021899715340
   outer loop
      vertex -0.333871258487721 0.185168617467174 -0.121925732042460
      vertex -0.309297585896985 0.180303998400425 -0.130643097008817
      vertex -0.327868984558030 0.180311416442045 -0.138066172068991
   endloop
endfacet
facet normal -0.277576563191893 0.001923826959522 -0.960701592824956
   outer loop
      vertex -0.091923713376873 0.084466594281415 -0.346817644216151
      vertex -0.091940264852349 0.082466650393588 -0.346816866913693
      vertex -0.108438933975108 0.087468429682490 -0.342039872200192
   endloop
endfacet
facet normal -0.204746446270393 -0.951549144208852 0.229419090084166
   outer loop
      vertex -0.244840459982127 0.146924783530616 -0.201991628385778
      vertex -0.242529780633925 0.142019823965040 -0.220273484051971
      vertex -0.235033192188026 0.142002393131938 -0.213655405545201
   endloop
endfacet
facet normal -0.278923813410585 -0.959545834527627 -0.038383560975741
   outer loop
      vertex 0.041643902221441 0.042275506518717 -0.335214050229825
      vertex 0.044325534668673 0.042288810146862 -0.355033383558457
      vertex 0.061276120931929 0.037251041215532 -0.352270533250092
   endloop
endfacet
facet normal -0.603136128617283 0.001253117255487 0.797637286022727
   outer loop
      vertex -0.205501575369236 0.312981137779922 0.276661791654191
      vertex -0.219276331446116 0.308121997057579 0.266253597196322
      vertex -0.205517927609598 0.310981233519306 0.276652568774899
   endloop
endfacet
facet normal -0.415793504826584 0.002188571581079 -0.909456415392436
   outer loop
      vertex -0.140624439392198 0.099455820241188 -0.330081264343943
      vertex -0.140639290949520 0.097455897467231 -0.330079287111287
      vertex -0.156264060190380 0.102441411801179 -0.322923816426148
   endloop
endfacet
facet normal -0.294241141045349 -0.954874563344598 -0.040456386316550
   outer loop
      vertex 0.040302985996416 0.042268853773341 -0.325304483559761
      vertex 0.041643902221441 0.042275506518717 -0.335214050229825
      vertex 0.057623229889041 0.037241081179398 -0.332607067720424
   endloop
endfacet
facet normal -0.193695533517941 -0.956787196589650 0.216887760690451
   outer loop
      vertex -0.242529780633925 0.142019823965040 -0.220273484051971
      vertex -0.250026379077848 0.142037254599376 -0.226891562558725
      vertex -0.238992976514921 0.137109183729547 -0.238777868673869
   endloop
endfacet
facet normal -0.808534744286690 0.001992942238670 0.588445065798406
   outer loop
      vertex -0.279619448118308 0.283792385734855 0.204851138554982
      vertex -0.289781204189688 0.278916536452144 0.190905205386934
      vertex -0.279632109555454 0.281792477630449 0.204840514775679
   endloop
endfacet
facet normal -0.503093040331108 0.002226979798086 -0.864229386986685
   outer loop
      vertex -0.171507883849371 0.109420789566715 -0.315009922027085
      vertex -0.171521335535108 0.107420887225400 -0.315007244835824
      vertex -0.186373100729349 0.112393882217490 -0.306348786123458
   endloop
endfacet
facet normal -0.292628634886432 -0.950206447610784 0.107126975890283
   outer loop
      vertex -0.124844126223429 0.097376240623604 -0.293330500639363
      vertex -0.114205378162384 0.092406982358084 -0.308346502989540
      vertex -0.110712287393731 0.092387605951332 -0.298976624037984
   endloop
endfacet
facet normal -0.544958351135441 0.002226589258654 -0.838460158760101
   outer loop
      vertex -0.186360348968822 0.114393773814313 -0.306351763296812
      vertex -0.186373100729349 0.112393882217490 -0.306348786123458
      vertex -0.200782937691371 0.117359847245754 -0.296969905000503
   endloop
endfacet
facet normal -0.308797020116776 -0.949367869139178 -0.057836402145497
   outer loop
      vertex 0.053970336879786 0.037231220061585 -0.312943501139784
      vertex 0.038962169772801 0.042262201959269 -0.315394816895447
      vertex 0.055796784378180 0.037236100633160 -0.322775284958381
   endloop
endfacet
facet normal -0.585503858756209 0.002210996688302 -0.810666604021181
   outer loop
      vertex -0.200770987802665 0.119359825028760 -0.296973081104812
      vertex -0.200782937691371 0.117359847245754 -0.296969905000503
      vertex -0.214715632380118 0.122318423981764 -0.286893493983499
   endloop
endfacet
facet normal -0.624627919110662 0.002187544474139 -0.780919443551419
   outer loop
      vertex -0.214704482363000 0.124318387342486 -0.286896810078666
      vertex -0.214715632380118 0.122318423981764 -0.286893493983499
      vertex -0.228137268874248 0.127269146452120 -0.276144166547374
   endloop
endfacet
facet normal -0.264744228610713 -0.955870884107792 0.127363049320854
   outer loop
      vertex -0.161860476645406 0.107379568983901 -0.297495548714198
      vertex -0.156264060190380 0.102441411801179 -0.322923816426148
      vertex -0.147474282610664 0.102400595370185 -0.304959205346082
   endloop
endfacet
facet normal -0.289004554847372 -0.954848039496857 -0.068859195075753
   outer loop
      vertex 0.073454466122400 0.032204818528419 -0.329215129459792
      vertex 0.057623229889041 0.037241081179398 -0.332607067720424
      vertex 0.078069817615858 0.032211258170686 -0.348675224544422
   endloop
endfacet
facet normal -0.292029081738136 -0.954841990310237 -0.054733800887258
   outer loop
      vertex 0.055796784378180 0.037236100633160 -0.322775284958381
      vertex 0.057623229889041 0.037241081179398 -0.332607067720424
      vertex 0.073454466122400 0.032204818528419 -0.329215129459792
   endloop
endfacet
facet normal -0.285953526370643 -0.955388730999328 0.073911794970006
   outer loop
      vertex -0.084267348807844 0.082413719737869 -0.317815131343222
      vertex -0.086824920166283 0.082431330937870 -0.327482343554202
      vertex -0.071068136379315 0.077426558520881 -0.331213754493095
   endloop
endfacet
facet normal -0.732548268882588 0.001950197444302 -0.680712296412406
   outer loop
      vertex -0.265019565969785 0.142072116172451 -0.240127729571690
      vertex -0.253310927041286 0.139146204854856 -0.252736359279207
      vertex -0.253319415577321 0.137146193440130 -0.252732954250033
   endloop
endfacet
facet normal -0.765082127623318 0.001831255507233 -0.643930108392708
   outer loop
      vertex -0.276088038491635 0.146989377918829 -0.226962798845946
      vertex -0.265011997230832 0.144072108244496 -0.240131034604919
      vertex -0.265019565969785 0.142072116172451 -0.240127729571690
   endloop
endfacet
facet normal -0.300249270241227 -0.952200779758887 -0.056249895521486
   outer loop
      vertex 0.053970336879786 0.037231220061585 -0.312943501139784
      vertex 0.055796784378180 0.037236100633160 -0.322775284958381
      vertex 0.071146791380020 0.032201548191782 -0.319485032448545
   endloop
endfacet
facet normal -0.295847000498328 -0.955080690085933 0.017188010970444
   outer loop
      vertex -0.022349672981483 0.062371913573783 -0.327718799918181
      vertex -0.022970866828721 0.062384720701772 -0.337699390231465
      vertex -0.006791047389137 0.057362498518203 -0.338273998838527
   endloop
endfacet
facet normal -0.795765308308930 0.001693204667049 -0.605602763492662
   outer loop
      vertex -0.286498449136402 0.151898036709938 -0.213269738806880
      vertex -0.276081389537064 0.148989350014391 -0.226965943886578
      vertex -0.276088038491635 0.146989377918829 -0.226962798845946
   endloop
endfacet
facet normal -0.824524808638950 0.001527726881829 -0.565823741097418
   outer loop
      vertex -0.296226069844584 0.156797930107609 -0.199081309233004
      vertex -0.286492749943352 0.153897987387647 -0.213272643859331
      vertex -0.286498449136402 0.151898036709938 -0.213269738806880
   endloop
endfacet
facet normal -0.713556943513794 0.001344304416383 0.700595947182745
   outer loop
      vertex -0.245239402547431 0.294398427632998 0.243459952589325
      vertex -0.257321482456371 0.291532856292914 0.231159853158894
      vertex -0.257335484266195 0.289532953632711 0.231149429731992
   endloop
endfacet
facet normal -0.876008065461799 0.001140233140579 -0.482295105836935
   outer loop
      vertex -0.313542040606701 0.166571767230695 -0.169354608667033
      vertex -0.305243930711779 0.163689181648112 -0.184433546702351
      vertex -0.305247758430658 0.161689175347833 -0.184431322671602
   endloop
endfacet
facet normal -0.563304713424097 0.001073562209985 0.826248538454609
   outer loop
      vertex -0.191248648920517 0.315839063381368 0.286374506407833
      vertex -0.205517927609598 0.310981233519306 0.276652568774899
      vertex -0.191265401394698 0.313839166939735 0.286365683718189
   endloop
endfacet
facet normal -0.886016967765433 0.002184570897110 0.463647668474396
   outer loop
      vertex -0.307995889718224 0.269151136369908 0.161606469424413
      vertex -0.316005621686823 0.264260637750927 0.146323151352756
      vertex -0.308006380431299 0.267151213412103 0.161595845028707
   endloop
endfacet
facet normal -0.919048950334082 0.000662535650987 -0.394142852194903
   outer loop
      vertex -0.327871119759161 0.176311446542716 -0.138064844899060
      vertex -0.321087200623818 0.173445835123758 -0.153888174677804
      vertex -0.321089175916201 0.171445876006700 -0.153886930595430
   endloop
endfacet
facet normal -0.927132005148777 0.002234485744757 0.374728237663331
   outer loop
      vertex -0.323257477815991 0.259364416891415 0.130665391518819
      vertex -0.329733627677018 0.254462431414900 0.114671687849722
      vertex -0.323266470966293 0.257364480529771 0.130655066681262
   endloop
endfacet
facet normal -0.345561559652296 -0.000064633586016 0.938396080721340
   outer loop
      vertex -0.113739920505731 0.338119003856353 0.323907447839581
      vertex -0.129926269234880 0.335263420144255 0.317946676483592
      vertex -0.129944421804166 0.333263514738613 0.317939854107259
   endloop
endfacet
facet normal -0.238762408560314 0.968173449360350 0.075051210597563
   outer loop
      vertex 0.104718801554706 0.396461301983266 0.325229875728187
      vertex 0.098709249568432 0.396457936212686 0.306154947482516
      vertex 0.083262852476463 0.392294876572617 0.310719095557330
   endloop
endfacet
facet normal -0.230211819872788 0.968173527527311 0.098196428581606
   outer loop
      vertex 0.136691163375589 0.404784442884166 0.313186856919467
      vertex 0.128842295199878 0.404783791406190 0.294792384645551
      vertex 0.113914205220711 0.400620618448731 0.300842004730326
   endloop
endfacet
facet normal -0.898610556174310 0.000912913660755 -0.438746207870501
   outer loop
      vertex -0.321089175916201 0.171445876006700 -0.153886930595430
      vertex -0.313539142608846 0.168571750292333 -0.169356382721356
      vertex -0.313542040606701 0.166571767230695 -0.169354608667033
   endloop
endfacet
facet normal -0.219528208698828 0.968140153053598 0.120465802744345
   outer loop
      vertex 0.167340867594665 0.413112172710938 0.298076695347356
      vertex 0.157726897353886 0.413114277352886 0.280539973674539
      vertex 0.143458199765242 0.408948098349890 0.288019802264745
   endloop
endfacet
facet normal -0.937274107728744 0.000385042797822 -0.348593027359025
   outer loop
      vertex -0.333871617321422 0.181168696937651 -0.121925734801243
      vertex -0.327870051164828 0.178311381505049 -0.138065509012303
      vertex -0.327871119759161 0.176311446542716 -0.138064844899060
   endloop
endfacet
facet normal -0.900258847777981 0.000710477256569 -0.435354455839757
   outer loop
      vertex 0.279111530852176 0.465632793603093 0.120940847555851
      vertex 0.272518956251317 0.459404057282994 0.134563306586685
      vertex 0.272529808933295 0.461403882292606 0.134544128207609
   endloop
endfacet
facet normal -0.937291567354053 0.000084325016739 -0.348546281942979
   outer loop
      vertex -0.333871258487721 0.185168617467174 -0.121925732042460
      vertex -0.327870051164828 0.178311381505049 -0.138065509012303
      vertex -0.333871617321422 0.181168696937651 -0.121925734801243
   endloop
endfacet
facet normal -0.250534448326852 0.967853713474857 -0.022173847534649
   outer loop
      vertex -0.030234994338375 0.363098259901224 0.340949690360412
      vertex -0.028501630329111 0.363090479661393 0.321025429172434
      vertex -0.044519626703470 0.358906089637432 0.319365025478004
   endloop
endfacet
facet normal -0.251020586081821 0.967978766685534 0.002402625458211
   outer loop
      vertex 0.003913519934044 0.371456577208743 0.341993012958309
      vertex 0.003690804106140 0.371448458826156 0.321994958112846
      vertex -0.012418647728054 0.367271112086023 0.321902935719605
   endloop
endfacet
facet normal -0.043330356212743 -0.000590158857666 -0.999060624758578
   outer loop
      vertex 0.018586295758863 0.375615034787181 0.301337465509708
      vertex 0.018560939184262 0.373615260050219 0.301339746546642
      vertex 0.003443231727199 0.369440569382346 0.301997884164736
   endloop
endfacet
facet normal -0.249209501220761 0.968074656893242 0.026945930719333
   outer loop
      vertex 0.038011475986154 0.379801949406158 0.339701623379816
      vertex 0.035833458309499 0.379794624035436 0.319821397356818
      vertex 0.019787910387790 0.375622877898683 0.321300608300198
   endloop
endfacet
facet normal -0.092020378688493 -0.000607285868425 -0.995756938770652
   outer loop
      vertex 0.033655341028941 0.379787277738478 0.299941071128256
      vertex 0.033629783974003 0.377787525283647 0.299944652515582
      vertex 0.018560939184262 0.373615260050219 0.301339746546642
   endloop
endfacet
facet normal -0.140534066053710 -0.000543217815361 -0.990075694678350
   outer loop
      vertex 0.048638213988832 0.383957209835159 0.297810929620469
      vertex 0.048612256670653 0.381957466746042 0.297815711258443
      vertex 0.033629783974003 0.377787525283647 0.299944652515582
   endloop
endfacet
facet normal -0.245110611621597 0.968140414178418 0.051234036586322
   outer loop
      vertex 0.071723672508354 0.388136143492595 0.334095512356643
      vertex 0.067610340126671 0.388130472534232 0.314523930675593
      vertex 0.051787537748286 0.383963810124799 0.317560535101925
   endloop
endfacet
facet normal -0.188690551210374 -0.000537372039873 -0.982036448974892
   outer loop
      vertex 0.063497007546234 0.388124811573335 0.294952349100198
      vertex 0.063471050105714 0.386125074746708 0.294958430876921
      vertex 0.048612256670653 0.381957466746042 0.297815711258443
   endloop
endfacet
facet normal -0.236427084161721 -0.000469261608670 -0.971649120654328
   outer loop
      vertex 0.078195410343510 0.392290294068869 0.291372639891427
      vertex 0.078169452759480 0.390290564561072 0.291379921812482
      vertex 0.063471050105714 0.386125074746708 0.294958430876921
   endloop
endfacet
facet normal -0.283599392019412 -0.000400318354986 -0.958942763980955
   outer loop
      vertex 0.092699797384816 0.396454581370878 0.287080119336754
      vertex 0.092673939836276 0.394454851172090 0.287088601296318
      vertex 0.078169452759480 0.390290564561072 0.291379921812482
   endloop
endfacet
facet normal -0.330090807490706 -0.000351491559221 -0.943949116882800
   outer loop
      vertex 0.106976843357450 0.400618616582345 0.282084705005935
      vertex 0.106951286401147 0.398618859675458 0.282094386686708
      vertex 0.092673939836276 0.394454851172090 0.287088601296318
   endloop
endfacet
facet normal -0.375820071403144 -0.000268491500916 -0.926692614539929
   outer loop
      vertex 0.120993427003002 0.404783140984556 0.276397812377217
      vertex 0.120968269405494 0.402783420398357 0.276408594418551
      vertex 0.106951286401147 0.398618859675458 0.282094386686708
   endloop
endfacet
facet normal -0.420667400315159 -0.000182525182727 -0.907214916652413
   outer loop
      vertex 0.134716428991760 0.408948798977596 0.270032455994297
      vertex 0.134691669560529 0.406949174696881 0.270044339030123
      vertex 0.120968269405494 0.402783420398357 0.276408594418551
   endloop
endfacet
facet normal -0.464516770999076 -0.000137437787984 -0.885564311934174
   outer loop
      vertex 0.148112927134271 0.413116380938489 0.263003351996141
      vertex 0.148088769804870 0.411116656989222 0.263016333913017
      vertex 0.134691669560529 0.406949174696881 0.270044339030123
   endloop
endfacet
facet normal -0.157435265662320 0.967681482744916 0.196994124476937
   outer loop
      vertex 0.271001324076583 0.446542508249220 0.210264791310390
      vertex 0.255401231254922 0.446552075054327 0.197750395845895
      vertex 0.245077775092779 0.442358027257516 0.210102166913898
   endloop
endfacet
facet normal -0.920445259785187 -0.000011079744843 -0.390871492457840
   outer loop
      vertex 0.285016166214474 0.469869366667828 0.107033074158019
      vertex 0.285008216849981 0.467869403575973 0.107051850441499
      vertex 0.279102179819064 0.463632900546183 0.120959824887045
   endloop
endfacet
facet normal 0.245339727458204 -0.967665154541233 0.058588111570736
   outer loop
      vertex -0.080880067133882 0.346528635573407 0.333162943635064
      vertex -0.076252092225336 0.346523960751356 0.313705928643684
      vertex -0.060478627120954 0.350717685384761 0.316919269382256
   endloop
endfacet
facet normal 0.282906688507410 0.000410167736473 0.959147349138910
   outer loop
      vertex 0.104718801554706 0.396461301983266 0.325229875728187
      vertex 0.088330294808171 0.392299449078898 0.330065551117576
      vertex 0.104692943807412 0.394461581781943 0.325238357793403
   endloop
endfacet
facet normal 0.187955417598688 0.000547343085960 0.982177408318298
   outer loop
      vertex 0.071723672508354 0.388136143492595 0.334095512356643
      vertex 0.054936961707906 0.383970401348277 0.337310240471977
      vertex 0.071697715067833 0.386136406665966 0.334101594133365
   endloop
endfacet
facet normal 0.602847697267313 -0.001289747638691 -0.797855244045263
   outer loop
      vertex -0.182068917048821 0.310939382447720 0.244246954572934
      vertex -0.182085269466771 0.308939487128228 0.244237831793715
      vertex -0.194294993635388 0.304074271363707 0.235020208354295
   endloop
endfacet
facet normal -0.193431889694251 -0.956908323359358 0.216588468610158
   outer loop
      vertex -0.260464249236140 0.146957080687751 -0.214477210116058
      vertex -0.265019565969785 0.142072116172451 -0.240127729571690
      vertex -0.250026379077848 0.142037254599376 -0.226891562558725
   endloop
endfacet
facet normal 0.015961733397825 -0.956751175748499 0.290469294024000
   outer loop
      vertex -0.331606874328596 0.220891200022012 0.012660263425146
      vertex -0.332290922967537 0.215949249386424 -0.003580002159328
      vertex -0.321625393314994 0.220873550156342 0.012053630392975
   endloop
endfacet
facet normal 0.250960543265820 -0.967946779424251 0.009891305573371
   outer loop
      vertex -0.013223636875250 0.363279619902472 0.341887857800774
      vertex -0.012467159744080 0.363271527077643 0.321902696684221
      vertex 0.003641091443905 0.367448894596091 0.321997119685082
   endloop
endfacet
facet normal -0.808506943917616 0.001705377831050 0.588484165737236
   outer loop
      vertex -0.279632109555454 0.281792477630449 0.204840514775679
      vertex -0.289781204189688 0.278916536452144 0.190905205386934
      vertex -0.289793155409343 0.276916624464582 0.190894581416272
   endloop
endfacet
facet normal -0.678335330073989 0.001243694598639 0.734751409115463
   outer loop
      vertex -0.232538302762724 0.301261263396959 0.255174313077908
      vertex -0.245210138634601 0.298398230687705 0.243480299124508
      vertex -0.245224770570495 0.296398328132306 0.243470175848844
   endloop
endfacet
facet normal -0.239272366258453 0.958202412710973 -0.156833896272301
   outer loop
      vertex -0.191231896446336 0.317838959823000 0.286383329097478
      vertex -0.180317815290274 0.317821208700401 0.269623895998350
      vertex -0.193777170069091 0.312960210256484 0.260458984553375
   endloop
endfacet
facet normal 0.459745966791148 -0.002207290053874 0.888047731763271
   outer loop
      vertex -0.138656103816341 0.106359707073114 -0.286999347627963
      vertex -0.152172814387757 0.111338054599361 -0.279989316968789
      vertex -0.138670355401183 0.104359791682757 -0.286996940420304
   endloop
endfacet
facet normal 0.479234894513531 -0.000753137029449 -0.877686361216363
   outer loop
      vertex -0.142914901820777 0.327529846789991 0.268172654519066
      vertex -0.142932554324167 0.325529942947406 0.268164731991990
      vertex -0.156364661808082 0.320666989103472 0.260834696541035
   endloop
endfacet
facet normal 0.959184473179167 -0.002203062939033 -0.282772510908841
   outer loop
      vertex -0.297276474070219 0.249470417705864 0.086332903298332
      vertex -0.297283964014111 0.247470485941888 0.086323078219060
      vertex -0.301617442158565 0.242558025424725 0.071661884745931
   endloop
endfacet
facet normal 0.898627413197109 -0.000613794663761 0.438712201228531
   outer loop
      vertex -0.284715887807765 0.173420337348397 -0.137241313375151
      vertex -0.284717866097438 0.171420378066075 -0.137240059293330
      vertex -0.278029517188139 0.166536693357452 -0.150946838456749
   endloop
endfacet
facet normal 0.192311152493730 -0.967906247693201 -0.161783547689505
   outer loop
      vertex 0.223460126244781 0.425798724818816 0.259285565031841
      vertex 0.210606520128037 0.425805837523683 0.243964005621815
      vertex 0.222635889131341 0.429986145294175 0.233253619947325
   endloop
endfacet
facet normal 0.778342194101648 -0.001565050845692 -0.627838338664408
   outer loop
      vertex -0.238160141349984 0.288595725613844 0.192554216389903
      vertex -0.247779833626450 0.281719855365573 0.180645655147203
      vertex -0.247767162150238 0.283719761612654 0.180656378910343
   endloop
endfacet
facet normal 0.059547515185543 -0.954627956818174 0.291786835714681
   outer loop
      vertex -0.311295911323376 0.240578865812457 0.074193267940446
      vertex -0.324802724858892 0.235681118941223 0.060925949368304
      vertex -0.315018028540880 0.235660807720855 0.058862648568909
   endloop
endfacet
facet normal 0.370425011778737 -0.001799965147373 0.928860630436122
   outer loop
      vertex -0.110696735890031 0.094387538413441 -0.298978201294130
      vertex -0.124814423138414 0.101376087650399 -0.293334595096861
      vertex -0.124829274680921 0.099376164137002 -0.293332547868112
   endloop
endfacet
facet normal 0.795761726551403 -0.001391712641702 0.605608237800521
   outer loop
      vertex -0.254059280249854 0.153839455722438 -0.189862322489290
      vertex -0.254064987453607 0.151839404881865 -0.189859419493320
      vertex -0.244840459982127 0.146924783530616 -0.201991628385778
   endloop
endfacet
facet normal 0.329434663563311 0.000377438416919 0.944178298830877
   outer loop
      vertex 0.120851565096438 0.400622720289779 0.319599305511271
      vertex 0.104718801554706 0.396461301983266 0.325229875728187
      vertex 0.120826108319134 0.398622955373072 0.319608987086226
   endloop
endfacet
facet normal 0.544784398356614 -0.002197870384529 0.838573269710522
   outer loop
      vertex -0.165343589083892 0.114310690408697 -0.272318729834182
      vertex -0.178109709035251 0.119276954085097 -0.264012123324640
      vertex -0.165356238876642 0.112310700824855 -0.272315753717548
   endloop
endfacet
facet normal -0.256893788632859 0.964110220151127 0.067060157783903
   outer loop
      vertex 0.083262852476463 0.392294876572617 0.310719095557330
      vertex 0.078195410343510 0.392290294068869 0.291372639891427
      vertex 0.063497007546234 0.388124811573335 0.294952349100198
   endloop
endfacet
facet normal 0.259819011361966 -0.958240167162657 0.119456533395937
   outer loop
      vertex -0.137506394535052 0.328400344704674 0.293002291074303
      vertex -0.152165618185418 0.323541120495879 0.285907167870495
      vertex -0.133340711016581 0.328396538630221 0.283911361713108
   endloop
endfacet
facet normal 0.999114615734231 -0.001535483250320 -0.042043155417114
   outer loop
      vertex -0.311635964229297 0.224855820051710 0.011461349306018
      vertex -0.312289130110006 0.217916529063507 -0.003807067311751
      vertex -0.312285781835506 0.219916503375441 -0.003800541090513
   endloop
endfacet
facet normal 0.181511060587454 -0.001742251712271 0.983387359814732
   outer loop
      vertex -0.051918538329527 0.076385776595033 -0.314421164695678
      vertex -0.066874014941265 0.081393040958730 -0.311651850743125
      vertex -0.051935991847567 0.074385926412821 -0.314421486273773
   endloop
endfacet
facet normal 0.080587054353292 -0.961741149370938 0.261839050329258
   outer loop
      vertex -0.335433208537216 0.245554796397630 0.098361788806687
      vertex -0.340311068256722 0.240641224008991 0.081815393588803
      vertex -0.316362338735543 0.245512674610527 0.092337570970459
   endloop
endfacet
end solid no_name
