solid no_name
facet normal 0.015306011144088 0.924918104882325 0.379858164692750
   outer loop
      vertex 0.204199552656418 0.844979002576467 0.003739438099428
      vertex 0.216697341229545 0.844837135239418 0.003581285324964
      vertex 0.216318954873169 0.849294349494997 -0.007256356087501
   endloop
endfacet
facet normal -0.238189175660629 -0.916811631430474 -0.320503274666426
   outer loop
      vertex 0.161719294985469 0.899845941018611 -0.119912209736081
      vertex 0.155317337850328 0.904297396452275 -0.127888007263903
      vertex 0.171665103447245 0.899908519025081 -0.127482666435836
   endloop
endfacet
facet normal -0.990254291991251 -0.000296283075685 0.139270777298201
   outer loop
      vertex -0.242949704101324 0.552689706896844 0.037216478315217
      vertex -0.244582120411985 0.547991410876037 0.025599545352461
      vertex -0.242956760693207 0.550879278763614 0.037162452483234
   endloop
endfacet
facet normal 0.101874025965766 0.924490958610588 0.367339284968001
   outer loop
      vertex 0.211990852535861 0.862681738759568 -0.039466721266223
      vertex 0.221581122532808 0.867084023754368 -0.053205714878209
      vertex 0.209495557919823 0.867148538689765 -0.050016397272752
   endloop
endfacet
facet normal 0.054605248288782 -0.925268785350367 -0.375361081780699
   outer loop
      vertex 0.210548957278778 0.819604187872647 0.057308139402969
      vertex 0.200542642090027 0.824243696461712 0.044416046863146
      vertex 0.212830663398673 0.824042959198032 0.046698452845706
   endloop
endfacet
facet normal 0.943790684368962 0.005144115461617 -0.330503679517314
   outer loop
      vertex -0.183994080640448 0.569922148590443 0.065079388194630
      vertex -0.187041762398286 0.563274335718344 0.056272918102676
      vertex -0.187032804849977 0.565178312785036 0.056328131795131
   endloop
endfacet
facet normal 0.077305564649081 0.920919149959505 -0.382010168597839
   outer loop
      vertex -0.231881517793808 0.524482295264757 -0.031227851473176
      vertex -0.217936612118529 0.519704521262160 -0.039923758124450
      vertex -0.230223511047409 0.519783396695652 -0.042220052397292
   endloop
endfacet
facet normal -0.197494616197357 0.918625857873396 -0.342231514941899
   outer loop
      vertex -0.199703027270001 0.590636656749409 0.117941779858758
      vertex -0.194321260078745 0.585986437839923 0.102353848449717
      vertex -0.205285602050448 0.585864980502958 0.108355121183299
   endloop
endfacet
facet normal -0.201321775918528 -0.907843584391234 -0.367817303590636
   outer loop
      vertex 0.171939191518897 0.882030352430431 -0.079668300158693
      vertex 0.156560611696095 0.886454558779538 -0.082170749989202
      vertex 0.167509468109852 0.886469480598917 -0.088200346405234
   endloop
endfacet
facet normal 0.300607042924806 -0.902431567124570 -0.308630316723903
   outer loop
      vertex 0.144176604255910 0.761134247677259 0.168258838569825
      vertex 0.135650351019344 0.761418687608747 0.159122537976515
      vertex 0.143153171199689 0.766356701770690 0.151991614177464
   endloop
endfacet
facet normal 0.080814663984856 -0.909086256268481 -0.408694468703422
   outer loop
      vertex 0.198387878460490 0.819819092242276 0.054425622707914
      vertex 0.186226801629735 0.820033896637243 0.051543104956306
      vertex 0.188254522788671 0.824444331763082 0.042133639824198
   endloop
endfacet
facet normal -0.982267315563970 -0.001780648311469 0.187477332140029
   outer loop
      vertex -0.240773608230647 0.553708649778071 0.048627718171885
      vertex -0.242956760693207 0.550879278763614 0.037162452483234
      vertex -0.242963809295764 0.549068951860154 0.037108327713370
   endloop
endfacet
facet normal -0.390306085438437 -0.018880782423375 0.920491540278782
   outer loop
      vertex -0.096549749032572 0.651143984068754 0.220833653256756
      vertex -0.107214074971265 0.648659212133312 0.216260807592166
      vertex -0.107222947318200 0.646222686253357 0.216207068427986
   endloop
endfacet
facet normal -0.372104333549337 -0.909061278471185 -0.187472549825669
   outer loop
      vertex 0.072058253008288 0.943820680041317 -0.160273620918121
      vertex 0.077262021767340 0.944034018735953 -0.171636793043886
      vertex 0.085929226113005 0.939622510911982 -0.167448304401711
   endloop
endfacet
facet normal -0.955692182447084 0.009269036524952 -0.294221918577505
   outer loop
      vertex -0.237334690889959 0.510490150636210 -0.067381620097618
      vertex -0.233926151578379 0.505799447005860 -0.078601017662821
      vertex -0.237335104096633 0.508959849886848 -0.067428487833436
   endloop
endfacet
facet normal -0.999889084903627 0.011643149683270 -0.009287354630958
   outer loop
      vertex 0.179203975531331 0.845262736194222 0.004055843642775
      vertex 0.179186681418803 0.843763005205320 0.004037603999156
      vertex 0.179051705673266 0.839353970614365 0.013041860680518
   endloop
endfacet
facet normal -0.181559810201574 0.894360728389869 -0.408845842382569
   outer loop
      vertex -0.182283365579392 0.581375687688205 0.084866719090076
      vertex -0.180527400330209 0.576639589526503 0.073726596220179
      vertex -0.186277382724852 0.576591820174677 0.076175545374474
   endloop
endfacet
facet normal -0.242149814155582 0.920686782264985 0.306103440795697
   outer loop
      vertex 0.161126415728806 0.769351965219782 0.169474825952394
      vertex 0.169100843356685 0.774238845070062 0.161084591886729
      vertex 0.159721632953647 0.774517756673090 0.152826062430873
   endloop
endfacet
facet normal -0.808601382133238 -0.011058600988577 0.588252932127323
   outer loop
      vertex -0.197156728222131 0.597934074496823 0.143727465850573
      vertex -0.203997246996150 0.593182302993867 0.134235288973482
      vertex -0.197168235304709 0.595811196703986 0.143671740329212
   endloop
endfacet
facet normal -0.184079953875302 -0.907831134327400 -0.376772082467761
   outer loop
      vertex 0.175942230586888 0.877591244008223 -0.070928051768286
      vertex 0.160707663559936 0.882031268347977 -0.074183106997263
      vertex 0.171939191518897 0.882030352430431 -0.079668300158693
   endloop
endfacet
facet normal 0.073530762108859 0.908097537542602 0.412252458249497
   outer loop
      vertex 0.176943586964460 0.858504402564108 -0.022837001722958
      vertex 0.189283326497707 0.858408558324989 -0.024826837121529
      vertex 0.187536041617132 0.862842145908138 -0.034281361163417
   endloop
endfacet
facet normal 0.002693191283902 -0.922682825008196 0.385550452153286
   outer loop
      vertex -0.233184782079866 0.539795908653896 0.013063660702618
      vertex -0.246164062238634 0.535171733940633 0.002087948237657
      vertex -0.233664892395787 0.535152073644485 0.001953587422937
   endloop
endfacet
facet normal 0.960098349086236 -0.004872099757245 -0.279620140057613
   outer loop
      vertex 0.218374162978263 0.868568578231927 -0.064243270188995
      vertex 0.221568529648630 0.865584277759402 -0.053223155630837
      vertex 0.221555838771742 0.864084429802128 -0.053240597439854
   endloop
endfacet
facet normal 0.990600859511172 -0.008626853013400 -0.136511957508539
   outer loop
      vertex 0.226288050643433 0.856621339709381 -0.030813583021324
      vertex 0.227829071269427 0.853643076399685 -0.019442935169140
      vertex 0.227813578915830 0.852143274875686 -0.019460575905791
   endloop
endfacet
facet normal 0.777907644409803 0.011983327706303 -0.628264352502890
   outer loop
      vertex -0.151533106543505 0.605523633697283 0.120817901882695
      vertex -0.151544791264465 0.603369442651795 0.120762345633389
      vertex -0.157302795367447 0.598562478005438 0.113541183358609
   endloop
endfacet
facet normal 0.089089201528362 0.890537787650784 -0.446100395580508
   outer loop
      vertex -0.193362714280528 0.519546772382820 -0.035331169578931
      vertex -0.191557498869287 0.514803778673850 -0.044438962275610
      vertex -0.199506113754846 0.519586211093389 -0.036479316715435
   endloop
endfacet
facet normal -0.368942765116565 0.925293315811348 -0.087826623429257
   outer loop
      vertex -0.063403943866827 0.668106821837959 0.231722230774964
      vertex -0.071140194412154 0.663588769272496 0.216620999283936
      vertex -0.074616755949181 0.663341977060522 0.228625298222790
   endloop
endfacet
facet normal -0.464989444376255 0.884934781216426 0.025985565456562
   outer loop
      vertex -0.006383398134740 0.692817895447691 0.201292096426279
      vertex -0.006558517777145 0.693092808938844 0.188796340045283
      vertex -0.015708706122333 0.688292166687791 0.188546751694248
   endloop
endfacet
facet normal -0.778782235463448 -0.011950632049884 0.627180525941425
   outer loop
      vertex -0.189866258262983 0.602697776033202 0.152870954048032
      vertex -0.197156728222131 0.597934074496823 0.143727465850573
      vertex -0.189877942983942 0.600543584987714 0.152815397798726
   endloop
endfacet
facet normal 0.996080513277355 -0.009837213872467 -0.087902447590202
   outer loop
      vertex 0.227798186521311 0.850643476395673 -0.019478316637027
      vertex 0.228777743008928 0.847667895713861 -0.008045318124670
      vertex 0.228761348782100 0.846168179444742 -0.008063257786527
   endloop
endfacet
facet normal 0.320067880088897 -0.917083366338810 0.237728103765785
   outer loop
      vertex -0.148767766704117 0.619806745383932 0.175729360029235
      vertex -0.157199550010892 0.615012414380342 0.168586501524716
      vertex -0.140942410532345 0.620011691429693 0.165984224664181
   endloop
endfacet
facet normal -0.225740784292312 0.909287094244229 -0.349625626274703
   outer loop
      vertex -0.183340954977237 0.595565296248034 0.120195405654881
      vertex -0.178390359427858 0.590904356548868 0.104877067309381
      vertex -0.189046693359512 0.590770507177310 0.111409373586860
   endloop
endfacet
facet normal 0.956329803194289 -0.009186870284534 0.292145355836350
   outer loop
      vertex -0.189316872032369 0.510059514788714 -0.053449855142351
      vertex -0.189317255244969 0.508529214635646 -0.053496722878219
      vertex -0.186645508711467 0.505312675236728 -0.062343759858809
   endloop
endfacet
facet normal -0.207100810730656 0.909690034769438 -0.359962907583383
   outer loop
      vertex -0.189046693359512 0.590770507177310 0.111409373586860
      vertex -0.183356918107041 0.586107895176889 0.096352575716135
      vertex -0.194321260078745 0.585986437839923 0.102353848449717
   endloop
endfacet
facet normal 0.389195218192670 0.018932916151299 -0.920960708620063
   outer loop
      vertex -0.077976398384449 0.652096950589700 0.174421097911766
      vertex -0.086390438955836 0.644725020624067 0.170713799157305
      vertex -0.086381568575266 0.647161645422344 0.170767639372457
   endloop
endfacet
facet normal 0.363852776332172 -0.921077016208427 -0.138666100283926
   outer loop
      vertex 0.051564660799058 0.711756851268559 0.231548879813150
      vertex 0.058942752243173 0.716930874334108 0.216540635788301
      vertex 0.062745882656852 0.716641118279638 0.228444534423011
   endloop
endfacet
facet normal -0.309514279462689 0.922875567585928 -0.229132270886587
   outer loop
      vertex -0.147315593420098 0.629025780671022 0.192677183157547
      vertex -0.148745079715352 0.624365791704888 0.175839120467998
      vertex -0.156570535846202 0.624160842615139 0.185584355827636
   endloop
endfacet
facet normal 0.195504005423110 -0.901973149264749 0.384996911505731
   outer loop
      vertex -0.183378566331850 0.582050016619323 0.096240908995930
      vertex -0.199172735990600 0.577217361002569 0.092939318418577
      vertex -0.187926983680809 0.577326047514709 0.087483281650106
   endloop
endfacet
facet normal -0.168285505890084 0.910640949257983 -0.377376536156977
   outer loop
      vertex -0.215027100657844 0.576353275202146 0.088420494304110
      vertex -0.203527233861271 0.576448711943489 0.083522594939134
      vertex -0.207437007883735 0.571693611829407 0.073791649237491
   endloop
endfacet
facet normal 0.369768211066047 -0.023281223805374 0.928832307094849
   outer loop
      vertex 0.084594844940278 0.728456162567135 0.220655482262325
      vertex 0.073777802621113 0.723591728063617 0.224839820349333
      vertex 0.084574675426667 0.726426900119064 0.220612648192124
   endloop
endfacet
facet normal -0.478999867767066 -0.018024780954877 0.877629895770798
   outer loop
      vertex -0.117672749668869 0.638914003026821 0.211005085245957
      vertex -0.127843760977105 0.636433312222373 0.205402920821338
      vertex -0.127853883736120 0.634059683082068 0.205348646296528
   endloop
endfacet
facet normal 0.423814555906895 -0.888476156810129 0.176043576938621
   outer loop
      vertex -0.088995712272713 0.644607698727629 0.176393728317689
      vertex -0.097496954013349 0.639720272464175 0.172193565362925
      vertex -0.086390438955836 0.644725020624067 0.170713799157305
   endloop
endfacet
facet normal -0.102845797223569 0.920105166063550 -0.377927539849394
   outer loop
      vertex -0.222796843578118 0.566878418712935 0.067629291511541
      vertex -0.213825819603346 0.562205823358636 0.053812062846246
      vertex -0.225919534808698 0.562152054308668 0.056972231066628
   endloop
endfacet
facet normal -0.836457225545606 -0.010046054719276 0.547940130504351
   outer loop
      vertex -0.203985817592874 0.595273870578041 0.134291083772314
      vertex -0.210359361201654 0.590502807377850 0.124474086136237
      vertex -0.203997246996150 0.593182302993867 0.134235288973482
   endloop
endfacet
facet normal -0.641356714316317 -0.015531473174066 0.767085613437262
   outer loop
      vertex -0.156593222834967 0.619601796294183 0.185474595388873
      vertex -0.165483547882140 0.617063933422759 0.177990050886937
      vertex -0.165495065677696 0.614815817589178 0.177934902458216
   endloop
endfacet
facet normal 0.109109856313833 0.896391509016354 -0.429624605694971
   outer loop
      vertex -0.199506113754846 0.519586211093389 -0.036479316715435
      vertex -0.191557498869287 0.514803778673850 -0.044438962275610
      vertex -0.197637631689083 0.514850529997293 -0.045885562215952
   endloop
endfacet
facet normal 0.361820344773334 -0.906628222288500 0.217051387137010
   outer loop
      vertex -0.130921540636242 0.629442324392570 0.188730292935089
      vertex -0.124092965339205 0.629661496077169 0.178262678498392
      vertex -0.115245179956961 0.634510031266038 0.183766030019242
   endloop
endfacet
facet normal 0.543890318749057 -0.023263550348978 0.838833790685741
   outer loop
      vertex 0.125409235492773 0.749870262531024 0.198841631808895
      vertex 0.115630899147925 0.745016020157335 0.205047170519149
      vertex 0.125387182079721 0.747965948648355 0.198803118262596
   endloop
endfacet
facet normal -0.435201313854376 -0.018513739414098 0.900142798600495
   outer loop
      vertex -0.107231919666547 0.643786159442098 0.216153229269553
      vertex -0.117663153108249 0.641319131455586 0.211059192612981
      vertex -0.117672749668869 0.638914003026821 0.211005085245957
   endloop
endfacet
facet normal -0.907670694499558 -0.007281459285944 0.419619936010382
   outer loop
      vertex -0.221653746136389 0.578997713110302 0.103907195655641
      vertex -0.226526967433252 0.576257837404462 0.093318493663503
      vertex -0.226536884263020 0.574291429250315 0.093262920668334
   endloop
endfacet
facet normal 0.140606651080624 -0.891259212060410 0.431145899423094
   outer loop
      vertex -0.184003517840070 0.567986956508194 0.065023944853608
      vertex -0.193003963099659 0.563240423358495 0.058147226478690
      vertex -0.187041762398286 0.563274335718344 0.056272918102676
   endloop
endfacet
facet normal 0.958779633815167 0.004088635445191 -0.284121271363920
   outer loop
      vertex -0.187023947303079 0.567082288920427 0.056383245493335
      vertex -0.189646769075764 0.560440700313403 0.047436843412398
      vertex -0.189638491160423 0.562313459445592 0.047491727462201
   endloop
endfacet
facet normal -0.979744157269600 0.007322852243565 -0.200119369704933
   outer loop
      vertex -0.242512408685530 0.518269846907072 -0.044565370437506
      vertex -0.240199406512741 0.513615882843612 -0.056059663364359
      vertex -0.242514297416504 0.516677423871409 -0.044614394205060
   endloop
endfacet
facet normal 0.133394865096866 -0.903213817775745 0.407934565028207
   outer loop
      vertex -0.198966061833255 0.563206413011629 0.060021533797984
      vertex -0.201748860189169 0.558514070168937 0.050542126526590
      vertex -0.193003963099659 0.563240423358495 0.058147226478690
   endloop
endfacet
facet normal -0.982274218191513 -0.001431166415947 0.187444157121371
   outer loop
      vertex -0.240758183720036 0.557391837776029 0.048736728047940
      vertex -0.242949704101324 0.552689706896844 0.037216478315217
      vertex -0.240765891959512 0.555550293335593 0.048682273635390
   endloop
endfacet
facet normal 0.366460668937268 -0.914490616515768 0.171503616366131
   outer loop
      vertex -0.117672749668869 0.638914003026821 0.211005085245957
      vertex -0.111908208605351 0.639144393798955 0.199916179861333
      vertex -0.102021574980814 0.644020899234344 0.204793372005670
   endloop
endfacet
facet normal 0.434214176179819 0.018264882279710 -0.900624474062186
   outer loop
      vertex -0.086372596248086 0.649598173289945 0.170821378536473
      vertex -0.086381568575266 0.647161645422344 0.170767639372457
      vertex -0.094605086952719 0.642240597863521 0.166703070046011
   endloop
endfacet
facet normal -0.056903084404655 -0.922772301609764 0.381121133456354
   outer loop
      vertex -0.233014754484651 0.525872432730701 -0.020268515287151
      vertex -0.244271333536732 0.521299387546186 -0.033021451483868
      vertex -0.231886878707291 0.521235221577031 -0.031327756113135
   endloop
endfacet
facet normal 0.223139725939248 -0.911565618098401 0.345335759238220
   outer loop
      vertex -0.189068998852847 0.586650099295194 0.111297746484563
      vertex -0.194342908282387 0.581928558226014 0.102242281723931
      vertex -0.178412664921193 0.586783948666752 0.104765440207084
   endloop
endfacet
facet normal -0.999972771536620 0.003061866509501 -0.006714250430891
   outer loop
      vertex -0.246159156659620 0.536888613452995 0.002140286237490
      vertex -0.246094645809194 0.532231465977566 -0.009591277634167
      vertex -0.246164062238634 0.535171733940633 0.002087948237657
   endloop
endfacet
facet normal 0.265397824490849 -0.926318399999455 0.267391504311513
   outer loop
      vertex -0.182156502683313 0.605287875729842 0.161587068976899
      vertex -0.189877942983942 0.600543584987714 0.152815397798726
      vertex -0.172982445716821 0.605466043128933 0.153098635410365
   endloop
endfacet
facet normal -0.253716476439700 0.924810515472191 -0.283466858830242
   outer loop
      vertex -0.182133077863034 0.609658876250498 0.161698042920734
      vertex -0.180274230783106 0.605019832720923 0.144899407662651
      vertex -0.189854573520857 0.604851966022347 0.152926610291756
   endloop
endfacet
facet normal 0.114132553911630 0.021114994587501 -0.993241117323069
   outer loop
      vertex -0.024850889782418 0.681151875048958 0.187797019036755
      vertex -0.033948769007673 0.673951390224340 0.186598516106806
      vertex -0.033937349022175 0.676325171587246 0.186650291825555
   endloop
endfacet
facet normal -0.116885028315966 0.927542453348057 -0.354968854116306
   outer loop
      vertex -0.230889572287129 0.571529879010832 0.082448466939662
      vertex -0.222796843578118 0.566878418712935 0.067629291511541
      vertex -0.234721141004387 0.566810394975214 0.071378006144714
   endloop
endfacet
facet normal -0.998239807532946 0.013387495838173 -0.057775960500620
   outer loop
      vertex 0.179051705673266 0.839353970614365 0.013041860680518
      vertex 0.178453391719793 0.833448019844378 0.022010900916551
      vertex 0.178472385729306 0.834947773003493 0.022030240495950
   endloop
endfacet
facet normal -0.083971107671515 -0.904444023609678 0.418246173004793
   outer loop
      vertex -0.199509909225308 0.516401264649870 -0.036577365307064
      vertex -0.205653408679870 0.516440701372793 -0.037725512443403
      vertex -0.203719992506456 0.511774360034076 -0.047428155767309
   endloop
endfacet
facet normal -0.465367504265996 0.885113096628276 0.002809297126077
   outer loop
      vertex -0.016149082338270 0.688020988904483 0.201036077457006
      vertex -0.015708706122333 0.688292166687791 0.188546751694248
      vertex -0.024838543825712 0.683494172468378 0.187848261951697
   endloop
endfacet
facet normal -0.887711221215955 -0.000876011342164 0.460399848318183
   outer loop
      vertex 0.156568903738561 0.887954304491628 -0.082151908251027
      vertex 0.156560611696095 0.886454558779538 -0.082170749989202
      vertex 0.160707663559936 0.882031268347977 -0.074183106997263
   endloop
endfacet
facet normal 0.412668662192779 -0.893563407561751 -0.176773900535834
   outer loop
      vertex 0.064991420297310 0.722112973236524 0.201390750558161
      vertex 0.060608054884497 0.722403770932035 0.189688096974975
      vertex 0.069715801717058 0.727301357668748 0.186193109364075
   endloop
endfacet
facet normal 0.416181741869929 -0.904943019444282 -0.088718032514126
   outer loop
      vertex 0.026799272526432 0.702292526766699 0.223760011405001
      vertex 0.024787807629956 0.702576634118145 0.211426149868844
      vertex 0.035012122953184 0.707451830826794 0.209660985957714
   endloop
endfacet
facet normal 0.461156181127608 -0.882160916084771 -0.095535829615270
   outer loop
      vertex 0.022776242753236 0.702860739481945 0.199092288332853
      vertex 0.020764775890394 0.703144945751713 0.186758527847668
      vertex 0.029780961819487 0.708024725703400 0.185221080780246
   endloop
endfacet
facet normal 0.443782681147405 -0.895206062300939 0.040780362103202
   outer loop
      vertex -0.035616360927576 0.673688920607658 0.198983987819219
      vertex -0.045245952022364 0.668838251848855 0.197294392113273
      vertex -0.033948769007673 0.673951390224340 0.186598516106806
   endloop
endfacet
facet normal 0.402762257922610 -0.914152115016889 -0.045918124996889
   outer loop
      vertex -0.006061540650776 0.687708705352476 0.226183647155412
      vertex 0.004139796332937 0.692843283373337 0.213442015389330
      vertex 0.004929707546060 0.692564840357740 0.225913903024426
   endloop
endfacet
facet normal 0.192710394276632 -0.890283165080472 -0.412624029731720
   outer loop
      vertex 0.164124341914394 0.791375972703622 0.105072745482993
      vertex 0.157832107514554 0.796591579684918 0.090880779816317
      vertex 0.168932248274220 0.796333066425384 0.096622720019788
   endloop
endfacet
facet normal -0.126507219250534 -0.904135941800647 0.408085925047355
   outer loop
      vertex -0.203719992506456 0.511774360034076 -0.047428155767309
      vertex -0.213326571898242 0.507214182450252 -0.060509523617165
      vertex -0.201322155178612 0.507106548000763 -0.057026607112753
   endloop
endfacet
facet normal 0.182003520625012 -0.918197515755061 -0.351835246303344
   outer loop
      vertex 0.190366009682151 0.785618603186027 0.133672569892496
      vertex 0.185736999774218 0.790849354314198 0.117627108697275
      vertex 0.196543378715417 0.790586045056967 0.123904390298751
   endloop
endfacet
facet normal -0.416929331785347 0.908189704858955 -0.036897049817403
   outer loop
      vertex -0.026948707101015 0.682960261243272 0.212753358795822
      vertex -0.035593618928126 0.678436380314819 0.199087638194747
      vertex -0.037261212835561 0.678174010672802 0.211473110963714
   endloop
endfacet
facet normal -0.435561470236383 0.898030682560143 -0.061863550060460
   outer loop
      vertex -0.035593618928126 0.678436380314819 0.199087638194747
      vertex -0.042948849650876 0.673906118152904 0.185110759837996
      vertex -0.045225159979207 0.673648578537020 0.197399007045608
   endloop
endfacet
facet normal -0.359152383285170 0.923137325087447 0.137211678114423
   outer loop
      vertex 0.062783535912810 0.720824677927366 0.228534324156363
      vertex 0.073797350206313 0.725652274130731 0.224883785076246
      vertex 0.058980505479376 0.721114435969482 0.216630425521488
   endloop
endfacet
facet normal -0.463503257869466 0.884733365370913 0.049108065975468
   outer loop
      vertex 0.003380014823099 0.697618323801922 0.201068626315084
      vertex 0.002590103588809 0.697896767873862 0.188596638685571
      vertex -0.006558517777145 0.693092808938844 0.188796340045283
   endloop
endfacet
facet normal -0.678291689524121 -0.014546536521999 0.734648747496195
   outer loop
      vertex -0.165483547882140 0.617063933422759 0.177990050886937
      vertex -0.174010992816370 0.612261621050253 0.170021682242696
      vertex -0.165495065677696 0.614815817589178 0.177934902458216
   endloop
endfacet
facet normal 0.410325265284325 -0.903645629876133 0.122710033310710
   outer loop
      vertex -0.085678275363725 0.653583089360283 0.224873842948390
      vertex -0.087271271884800 0.649152545645114 0.197573754636962
      vertex -0.069418895933136 0.654546754497694 0.177601242398759
   endloop
endfacet
facet normal -0.990249185010516 -0.000658329411953 0.139305844056858
   outer loop
      vertex -0.242963809295764 0.549068951860154 0.037108327713370
      vertex -0.244588477353685 0.546212200018500 0.025545949157516
      vertex -0.244594834295385 0.544432989160961 0.025492352962571
   endloop
endfacet
facet normal 0.746200501267802 0.012882140199697 -0.665596621364289
   outer loop
      vertex -0.145448710347706 0.608185940517723 0.127689020615214
      vertex -0.145460474735501 0.606000539238236 0.127633534699933
      vertex -0.151556477994123 0.601215352637313 0.120706690446219
   endloop
endfacet
facet normal -0.307397281740010 -0.908258891936907 -0.283853300837591
   outer loop
      vertex 0.117305187644823 0.917390043543109 -0.131061895472792
      vertex 0.125583424836419 0.917514949225318 -0.140426430952815
      vertex 0.132643980560616 0.913085083081022 -0.133898165567185
   endloop
endfacet
facet normal -0.464584502398081 0.885294056379666 -0.020388081576348
   outer loop
      vertex -0.025893626446547 0.683227266314986 0.200300860899246
      vertex -0.024838543825712 0.683494172468378 0.187848261951697
      vertex -0.033926027008223 0.678698849931501 0.186702166482333
   endloop
endfacet
facet normal -0.337434649006833 -0.925521191703664 -0.171896426248673
   outer loop
      vertex 0.082465790525546 0.944247357472841 -0.182999969169428
      vertex 0.087669561271284 0.944460596235067 -0.194363146351524
      vertex 0.097439446297336 0.940020816443375 -0.189636971544785
   endloop
endfacet
facet normal 0.049678981953849 -0.892249064778381 0.448802412152758
   outer loop
      vertex -0.193584218496890 0.549168135536061 0.029259885431849
      vertex -0.201103200596770 0.544468230381051 0.020748454789731
      vertex -0.194890174625344 0.544473277845386 0.020070755201796
   endloop
endfacet
facet normal 0.135230968605199 0.924434411160622 0.356557996113133
   outer loop
      vertex 0.206482929966771 0.871616916410538 -0.060429739501403
      vertex 0.214675335999540 0.876053732777569 -0.075040021097918
      vertex 0.202960378469009 0.876086454998196 -0.070681752529536
   endloop
endfacet
facet normal 0.392286165281000 -0.904107845709210 -0.169412419427207
   outer loop
      vertex 0.069374887677900 0.721822077553994 0.213093403084626
      vertex 0.064991420297310 0.722112973236524 0.201390750558161
      vertex 0.074668794279086 0.727009805479512 0.197666321600473
   endloop
endfacet
facet normal -0.294047779209497 -0.908165170967499 -0.297946179340390
   outer loop
      vertex 0.123916348184789 0.912975557950577 -0.124950885784687
      vertex 0.132643980560616 0.913085083081022 -0.133898165567185
      vertex 0.139373214639366 0.908653041236019 -0.127030114069443
   endloop
endfacet
facet normal -0.045189772703476 0.912056187237372 -0.407567657898706
   outer loop
      vertex -0.232155958490863 0.548001507991118 0.024244146176411
      vertex -0.219729804580234 0.548011504932771 0.022888745943822
      vertex -0.220695911818576 0.543287272373392 0.012423962277691
   endloop
endfacet
facet normal -0.203509878817720 -0.931121954967626 -0.302647706419301
   outer loop
      vertex 0.194583702257934 0.891000876886106 -0.116181781870079
      vertex 0.178024895966854 0.895439838101702 -0.118703967127844
      vertex 0.188330190515019 0.895486606306958 -0.125777459184714
   endloop
endfacet
facet normal -0.299557896862082 0.891881490444515 -0.338839893504347
   outer loop
      vertex -0.161113447293724 0.605355667024043 0.128845103455247
      vertex -0.156323277922964 0.605439700876166 0.124831453200039
      vertex -0.162272903912049 0.600606757328752 0.117370243660190
   endloop
endfacet
facet normal -0.254900781860080 -0.931344585425256 -0.260043947451537
   outer loop
      vertex 0.150099447260293 0.913304037342540 -0.151792726189067
      vertex 0.158827079636121 0.913413562472985 -0.160740005971565
      vertex 0.166841597550410 0.908934845569642 -0.152555536093091
   endloop
endfacet
facet normal -0.188658323065235 0.912469023506071 0.363054153371216
   outer loop
      vertex 0.185783853050027 0.794097220960894 0.117682710458268
      vertex 0.191179219231462 0.799001712442887 0.108159845108424
      vertex 0.174977574110237 0.794360531149429 0.111405528851045
   endloop
endfacet
facet normal 0.003454476351615 -0.892533770485526 0.450967332670589
   outer loop
      vertex -0.195751906901649 0.539781630778186 0.010826661792446
      vertex -0.202416941789263 0.535102872885522 0.001617734855027
      vertex -0.196167412861323 0.535093092159745 0.001550504978827
   endloop
endfacet
facet normal -0.282376918794731 0.904376365830296 0.319947909290840
   outer loop
      vertex 0.143199336074693 0.769915905882963 0.152059305546920
      vertex 0.150342522530854 0.774796670263764 0.144567532974851
      vertex 0.134235847220942 0.770197827749214 0.143351494818615
   endloop
endfacet
facet normal 0.068911606787773 -0.903921526720168 0.422110250979302
   outer loop
      vertex -0.205929161198303 0.549143339250815 0.031221946005095
      vertex -0.207316326548441 0.544463180929070 0.021426154377830
      vertex -0.199756690841363 0.549155787380769 0.030240916246749
   endloop
endfacet
facet normal -0.399896189977630 0.908800117225381 -0.119018419467366
   outer loop
      vertex -0.085663631248480 0.658581916335572 0.224980850522997
      vertex -0.067663630887595 0.663835461509806 0.204616699288528
      vertex -0.069404151858814 0.659545584516969 0.177708149978782
   endloop
endfacet
facet normal 0.244984156863134 -0.918879841320127 -0.309261378289559
   outer loop
      vertex 0.161080148907191 0.765792858038187 0.169407235634076
      vertex 0.159675130048953 0.771020835651038 0.152760829192519
      vertex 0.169054340451991 0.770741924048010 0.161019358648375
   endloop
endfacet
facet normal 0.402945663448023 -0.895099394975626 0.190871332113287
   outer loop
      vertex -0.100379224534525 0.639605076549938 0.177738068052445
      vertex -0.108940728097720 0.634735207873839 0.172974671883223
      vertex -0.097496954013349 0.639720272464175 0.172193565362925
   endloop
endfacet
facet normal 0.015449883219185 0.917183400912464 0.398165681845084
   outer loop
      vertex 0.204050573476996 0.840539917562214 0.013970748799935
      vertex 0.216697341229545 0.844837135239418 0.003581285324964
      vertex 0.204199552656418 0.844979002576467 0.003739438099428
   endloop
endfacet
facet normal 0.996092528162043 -0.009256186663095 -0.087829370646768
   outer loop
      vertex 0.227829071269427 0.853643076399685 -0.019442935169140
      vertex 0.228794037255513 0.849167609995333 -0.008027378462644
      vertex 0.227813578915830 0.852143274875686 -0.019460575905791
   endloop
endfacet
facet normal -0.228219940190747 0.893280917023740 0.387252969234010
   outer loop
      vertex 0.158953111237632 0.789731956430668 0.113337334922400
      vertex 0.164171195190204 0.794623839350318 0.105128347243986
      vertex 0.148466506044971 0.789999721255823 0.106539603652214
   endloop
endfacet
facet normal -0.187772893951344 0.910299274155701 -0.368912688543971
   outer loop
      vertex -0.210397599354218 0.581104123823150 0.098506862593043
      vertex -0.199151845056895 0.581212710360625 0.093050824768018
      vertex -0.203527233861271 0.576448711943489 0.083522594939134
   endloop
endfacet
facet normal 0.887563374681495 0.000271965536000 -0.460685556490264
   outer loop
      vertex 0.200356235277513 0.886514352330957 -0.106289354584827
      vertex 0.205642871092281 0.883527174475549 -0.096105809976260
      vertex 0.205633779300991 0.882027408214391 -0.096124211737667
   endloop
endfacet
facet normal 0.441972024615724 -0.894278617102581 -0.070188919710832
   outer loop
      vertex 0.003349885119813 0.693121726388934 0.200970127754235
      vertex 0.011684272826119 0.698270382602461 0.187851718839055
      vertex 0.013086765698407 0.697988884242445 0.200269641525096
   endloop
endfacet
facet normal -0.003482012014033 0.890381989167959 -0.455200822668021
   outer loop
      vertex -0.202407192606916 0.538536730692322 0.001722411911348
      vertex -0.196157561690033 0.538526850923185 0.001655280972846
      vertex -0.196127400138996 0.533778971508807 -0.007631897629794
   endloop
endfacet
facet normal 0.218951473844173 -0.901511506328684 -0.373279059228416
   outer loop
      vertex 0.179879404468324 0.785886369067524 0.126874738627893
      vertex 0.169392799275663 0.786154133892679 0.120077007357707
      vertex 0.174930720834428 0.791112664502733 0.111349927090050
   endloop
endfacet
facet normal 0.230133743242769 -0.919720128710415 0.318046136693986
   outer loop
      vertex -0.187204802081160 0.595968296587317 0.136125169706304
      vertex -0.204008578385548 0.591090836315662 0.134179595225456
      vertex -0.193686146105129 0.591236500219669 0.127131655644044
   endloop
endfacet
facet normal 0.431072924570310 -0.896019252550158 0.106421956201980
   outer loop
      vertex -0.067680424983120 0.658899500709259 0.204510356287804
      vertex -0.064203863446093 0.659146292921233 0.192506057348951
      vertex -0.054783185645089 0.663990601289024 0.195133282422561
   endloop
endfacet
facet normal 0.271675269975218 -0.911379938964099 -0.309158785315392
   outer loop
      vertex 0.161080148907191 0.765792858038187 0.169407235634076
      vertex 0.152116660053440 0.766074779904438 0.160699424905770
      vertex 0.159675130048953 0.771020835651038 0.152760829192519
   endloop
endfacet
facet normal 0.077244143718689 0.921060680223105 -0.381681235598657
   outer loop
      vertex -0.230223511047409 0.519783396695652 -0.042220052397292
      vertex -0.228038087856274 0.515083889634801 -0.053118466149791
      vertex -0.242510519954557 0.519862269942735 -0.044516346669953
   endloop
endfacet
facet normal -0.062447749879142 -0.904282618962960 0.422342542939403
   outer loop
      vertex -0.208109765048058 0.525773537179444 -0.018094910149826
      vertex -0.219502351904146 0.521170957024564 -0.029634061799074
      vertex -0.207117827067370 0.521106791390420 -0.027940266434039
   endloop
endfacet
facet normal -0.209471845148640 0.893119069918883 0.398070186069308
   outer loop
      vertex 0.164171195190204 0.794623839350318 0.105128347243986
      vertex 0.168978937712131 0.799518738961955 0.096675964701481
      vertex 0.153364816249003 0.794887148607550 0.098851065642510
   endloop
endfacet
facet normal 0.329732568167065 0.925236465985057 0.187653711664424
   outer loop
      vertex 0.091691770366306 0.942821061994615 -0.178484962527821
      vertex 0.097446830467925 0.943020213787616 -0.189579298099163
      vertex 0.087677245838131 0.947459976808711 -0.194303320926524
   endloop
endfacet
facet normal 0.266995910624553 -0.891293407689799 -0.366482257576641
   outer loop
      vertex 0.157060899901338 0.776247471490014 0.136673595736079
      vertex 0.147288679559481 0.776523016078001 0.128884040076079
      vertex 0.153289906212279 0.781470891061121 0.121222808675504
   endloop
endfacet
facet normal 0.195412685108932 -0.920492291412544 0.338390047059013
   outer loop
      vertex -0.199725332784502 0.586516249923636 0.117830052762042
      vertex -0.216271492245547 0.581685645539729 0.114244827190928
      vertex -0.205307150273846 0.581807102876694 0.108243554457346
   endloop
endfacet
facet normal -0.436233328128983 0.897695202507661 -0.061998442111402
   outer loop
      vertex -0.047501570287781 0.673391036933491 0.209687254253385
      vertex -0.045225159979207 0.673648578537020 0.197399007045608
      vertex -0.054764443538469 0.668863792970548 0.195238861911869
   endloop
endfacet
facet normal 0.459082515708677 -0.023335700884525 0.888087095297989
   outer loop
      vertex 0.105535483828887 0.738200435019287 0.210726828506398
      vertex 0.095209832283534 0.735323683631186 0.215988919468650
      vertex 0.095189140800591 0.733325707846146 0.215947116060574
   endloop
endfacet
facet normal -0.222248203045694 0.912797413252206 0.342646492179682
   outer loop
      vertex 0.183761744657577 0.784027580400265 0.143190092382114
      vertex 0.179926421603198 0.789196428768003 0.126932797462605
      vertex 0.173620125513239 0.784299433898988 0.135887803118025
   endloop
endfacet
facet normal 0.954320566973510 -0.018528772893797 0.298209557235191
   outer loop
      vertex 0.219795872205186 0.817940667203903 0.071314491481524
      vertex 0.216295908214482 0.813497756245876 0.082238909739848
      vertex 0.219773674260126 0.816441079967036 0.071292354176830
   endloop
endfacet
facet normal -0.398337384187614 0.916101246782771 0.045670931692073
   outer loop
      vertex 0.005749646494692 0.696783092742149 0.238484290277089
      vertex 0.004959837249346 0.697061437770727 0.226012401585274
      vertex -0.006033156883563 0.692267969547064 0.226283508137301
   endloop
endfacet
facet normal 0.001540937590727 -0.931543042070562 -0.363627812854387
   outer loop
      vertex 0.228264789686569 0.832761261080762 0.026279741346426
      vertex 0.216504570269470 0.837383633542794 0.014388294883362
      vertex 0.228995059119539 0.837226637697350 0.014843418076367
   endloop
endfacet
facet normal 0.349827183189597 0.898092937236030 0.266552092447971
   outer loop
      vertex 0.110407496973712 0.924801751864975 -0.136790362242114
      vertex 0.110544166774674 0.929366518392148 -0.152349780108971
      vertex 0.103223621616494 0.929211347546049 -0.142219364293264
   endloop
endfacet
facet normal -0.390331355517150 -0.018902193155239 0.920480385447765
   outer loop
      vertex -0.096557895241790 0.648675963931971 0.220779981255610
      vertex -0.107222947318200 0.646222686253357 0.216207068427986
      vertex -0.107231919666547 0.643786159442098 0.216153229269553
   endloop
endfacet
facet normal -0.542973287054372 0.023262152673224 -0.839427710883063
   outer loop
      vertex 0.097026706871102 0.751030086018808 0.157694494389910
      vertex 0.089277963648642 0.744244188422729 0.162518621517991
      vertex 0.089299597081305 0.746179689925068 0.162558264664116
   endloop
endfacet
facet normal -0.392084842788872 0.915989056096247 0.085050133257576
   outer loop
      vertex 0.026832594055299 0.706663789935259 0.223855285152176
      vertex 0.037662517957813 0.711474129521871 0.221974401482945
      vertex 0.024821127171290 0.706947997261369 0.211521424672573
   endloop
endfacet
facet normal -0.279215553023297 0.881206794003447 0.381462004860328
   outer loop
      vertex 0.147335522481398 0.779957554035169 0.128946814126776
      vertex 0.137563300130842 0.780233199654162 0.121157159528912
      vertex 0.131584099758412 0.775354592388142 0.128050575114111
   endloop
endfacet
facet normal -0.988332263048650 0.006295786442324 -0.152183116311260
   outer loop
      vertex -0.244266044596953 0.524546559817223 -0.032921545787237
      vertex -0.242510519954557 0.519862269942735 -0.044516346669953
      vertex -0.244268695059621 0.522923023569654 -0.032971498107267
   endloop
endfacet
facet normal 0.003154925549084 -0.904338489570042 0.426804337755551
   outer loop
      vertex -0.208666572706145 0.535112752654659 0.001684865793530
      vertex -0.208626543839223 0.530442030936860 -0.008212033881352
      vertex -0.202416941789263 0.535102872885522 0.001617734855027
   endloop
endfacet
facet normal -0.459604000571318 0.885624994730732 -0.066577258632591
   outer loop
      vertex -0.045225159979207 0.673648578537020 0.197399007045608
      vertex -0.042948849650876 0.673906118152904 0.185110759837996
      vertex -0.051884607445640 0.669115983381859 0.183077737548765
   endloop
endfacet
facet normal -0.281076283415160 0.893813184017439 0.349419683157844
   outer loop
      vertex 0.140963312127816 0.775075581866792 0.136309003518995
      vertex 0.147335522481398 0.779957554035169 0.128946814126776
      vertex 0.131584099758412 0.775354592388142 0.128050575114111
   endloop
endfacet
facet normal 0.088820711601014 -0.925696078382968 -0.367692332877751
   outer loop
      vertex 0.219751578261676 0.814941395799492 0.071270115820999
      vertex 0.207746755514795 0.815170075939275 0.067794478465113
      vertex 0.210548957278778 0.819604187872647 0.057308139402969
   endloop
endfacet
facet normal 0.162933749144465 0.020780138656955 -0.986418156375442
   outer loop
      vertex -0.033926027008223 0.678698849931501 0.186702166482333
      vertex -0.033937349022175 0.676325171587246 0.186650291825555
      vertex -0.042959245672455 0.671500954808822 0.185058452371828
   endloop
endfacet
facet normal -0.397856815798746 0.916812131001576 -0.034138989013032
   outer loop
      vertex -0.040596398662900 0.677649171414102 0.236244055445093
      vertex -0.038928806742997 0.677911641030784 0.223858583732681
      vertex -0.049777880594944 0.673133496261265 0.221975601455415
   endloop
endfacet
facet normal 0.418699505227867 -0.906234244979491 0.058568059114085
   outer loop
      vertex -0.049798672659267 0.668323170629442 0.221870886528663
      vertex -0.047522362330937 0.668580710245326 0.209582639321051
      vertex -0.037283954835012 0.673426550965640 0.211369460588186
   endloop
endfacet
facet normal -0.325369596505476 0.906319053825788 -0.269667199233038
   outer loop
      vertex -0.140919721556047 0.624570637775986 0.166093984046391
      vertex -0.140585387080991 0.619902041566801 0.149999998628094
      vertex -0.148880902768962 0.619705445831980 0.159348299567177
   endloop
endfacet
facet normal -0.874027937298104 0.020893669799642 -0.485426224450972
   outer loop
      vertex 0.157878796931299 0.799777253277830 0.090933924503593
      vertex 0.157855451239743 0.798184465940535 0.090907402685441
      vertex 0.153341390615448 0.793263164768698 0.098823314230946
   endloop
endfacet
facet normal -0.419954320901468 0.907532029349828 0.004897352383713
   outer loop
      vertex -0.017029734811066 0.687478636381853 0.226014628987936
      vertex -0.016589358595129 0.687749814165161 0.213525303225178
      vertex -0.026948707101015 0.682960261243272 0.212753358795822
   endloop
endfacet
facet normal 0.092583502144361 0.908024966398859 0.408557163108219
   outer loop
      vertex 0.175308736116844 0.862922352526410 -0.031688781106599
      vertex 0.187536041617132 0.862842145908138 -0.034281361163417
      vertex 0.185324430681388 0.867277468585894 -0.043637763118393
   endloop
endfacet
facet normal 0.414896109446076 -0.906393384417271 0.079449676217813
   outer loop
      vertex -0.060542953835927 0.663486018529429 0.219455529035826
      vertex -0.057663019750386 0.663738310903050 0.207294405729112
      vertex -0.047522362330937 0.668580710245326 0.209582639321051
   endloop
endfacet
facet normal -0.281643131494133 0.892116638781013 -0.353277581077891
   outer loop
      vertex -0.156323277922964 0.605439700876166 0.124831453200039
      vertex -0.157291186317091 0.600685257811257 0.113596907823250
      vertex -0.162272903912049 0.600606757328752 0.117370243660190
   endloop
endfacet
facet normal 0.998557662123348 -0.004123082448244 0.053531258213119
   outer loop
      vertex -0.196127400138996 0.533778971508807 -0.007631897629794
      vertex -0.196131594018769 0.532093206327212 -0.007683507065906
      vertex -0.195653909119286 0.527378787856799 -0.016957226180297
   endloop
endfacet
facet normal 0.374217322705809 -0.912927621926103 -0.162863600940315
   outer loop
      vertex 0.058942752243173 0.716930874334108 0.216540635788301
      vertex 0.064991420297310 0.722112973236524 0.201390750558161
      vertex 0.069374887677900 0.721822077553994 0.213093403084626
   endloop
endfacet
facet normal 0.378959368161034 -0.921679955697083 -0.083041294240959
   outer loop
      vertex 0.017294244272936 0.697144391275080 0.237523209594381
      vertex 0.026799272526432 0.702292526766699 0.223760011405001
      vertex 0.028810739389274 0.702008320496932 0.236093771890186
   endloop
endfacet
facet normal -0.399444481661413 0.916647565797179 -0.014189650748065
   outer loop
      vertex -0.029058868409952 0.682426251099844 0.237658354588974
      vertex -0.028003787755483 0.682693256171558 0.225205856692398
      vertex -0.038928806742997 0.677911641030784 0.223858583732681
   endloop
endfacet
facet normal -0.389871389898472 0.895459897765430 0.214829864852538
   outer loop
      vertex 0.078679117155538 0.736198765819840 0.182340484149603
      vertex 0.087394769628346 0.741041787851131 0.177970754316116
      vertex 0.073168810793966 0.736490525559517 0.171124306416261
   endloop
endfacet
facet normal 0.286039982318533 -0.911572571746221 -0.295324524811596
   outer loop
      vertex 0.152702759520930 0.760849704727120 0.177395238101165
      vertex 0.144176604255910 0.761134247677259 0.168258838569825
      vertex 0.152116660053440 0.766074779904438 0.160699424905770
   endloop
endfacet
facet normal -0.176807108676750 0.900371988848978 -0.397579587023157
   outer loop
      vertex -0.203527233861271 0.576448711943489 0.083522594939134
      vertex -0.192027267105618 0.576544151728818 0.078624595579574
      vertex -0.195710824657931 0.571775425735546 0.069463289855504
   endloop
endfacet
facet normal -0.458091038181493 0.023313254196060 -0.888599512106884
   outer loop
      vertex 0.081340860404626 0.741333343394058 0.167038505335403
      vertex 0.073148219291268 0.734492551762122 0.171082503008020
      vertex 0.073168810793966 0.736490525559517 0.171124306416261
   endloop
endfacet
facet normal 0.477905232388339 0.018006097539301 -0.878226832491045
   outer loop
      vertex -0.094605086952719 0.642240597863521 0.166703070046011
      vertex -0.102636376197556 0.634960381437652 0.162183413741791
      vertex -0.102626253459707 0.637334011634300 0.162237588272182
   endloop
endfacet
facet normal 0.332028671657764 -0.891734295341464 -0.307517329119913
   outer loop
      vertex 0.112050687099391 0.751849926160577 0.162310832325099
      vertex 0.111670021203236 0.757060359127340 0.146790686596905
      vertex 0.119738430327848 0.756773621856837 0.156333682532437
   endloop
endfacet
facet normal 0.118207127090111 -0.891562349024996 0.437199786031664
   outer loop
      vertex -0.187041762398286 0.563274335718344 0.056272918102676
      vertex -0.195702004574026 0.558541054668585 0.048962043472953
      vertex -0.189655146971351 0.558567939193570 0.047381959362761
   endloop
endfacet
facet normal -0.365030623102347 0.923336997423877 0.119169767079459
   outer loop
      vertex 0.051600972120818 0.716002880417433 0.231640529825863
      vertex 0.062783535912810 0.720824677927366 0.228534324156363
      vertex 0.048387686847114 0.716291182550721 0.219564081352088
   endloop
endfacet
facet normal -0.202328394429534 0.894244167947602 -0.399237509384160
   outer loop
      vertex -0.187906192748515 0.581321395941461 0.087594688005296
      vertex -0.182283365579392 0.581375687688205 0.084866719090076
      vertex -0.186277382724852 0.576591820174677 0.076175545374474
   endloop
endfacet
facet normal 0.238138422372548 0.916848017130797 0.320436897490348
   outer loop
      vertex 0.167733382545260 0.898392682481995 -0.111590599599106
      vertex 0.171677585105805 0.902908092038797 -0.127441491034372
      vertex 0.161731776644029 0.902845514032327 -0.119871034334617
   endloop
endfacet
facet normal 0.999983455888865 -0.002989558339683 0.004914314753552
   outer loop
      vertex -0.196162537276384 0.536809971075814 0.001602842978711
      vertex -0.196167412861323 0.535093092159745 0.001550504978827
      vertex -0.196135787898543 0.530407441145618 -0.007735116502018
   endloop
endfacet
facet normal 0.144382732573030 -0.900587760473811 -0.409994283154668
   outer loop
      vertex 0.184686498668522 0.801039951181610 0.093142411932096
      vertex 0.177275108143519 0.806257330645589 0.079072008660165
      vertex 0.188882438431931 0.806009323687098 0.083704390559820
   endloop
endfacet
facet normal -0.501141276859567 0.023293563989135 -0.865051923588548
   outer loop
      vertex 0.089277963648642 0.744244188422729 0.162518621517991
      vertex 0.089256430196223 0.742308688908035 0.162478978371701
      vertex 0.081298535467854 0.737399867163021 0.166956958786784
   endloop
endfacet
facet normal -0.050143667088426 0.890091486381433 -0.453015185752328
   outer loop
      vertex -0.201090526705468 0.548026651301068 0.020855647179687
      vertex -0.194877400774964 0.548031701809391 0.020177847597169
      vertex -0.195740594369647 0.543277721085566 0.010932695981560
   endloop
endfacet
facet normal -0.909097355878185 0.000447668598690 0.416583481583367
   outer loop
      vertex 0.160716853352404 0.883531136148909 -0.074164664181701
      vertex 0.160707663559936 0.882031268347977 -0.074183106997263
      vertex 0.164455132893805 0.877608174822067 -0.066000366458010
   endloop
endfacet
facet normal -0.395664363365821 0.893471448617179 -0.212505251860372
   outer loop
      vertex -0.115224836467384 0.639257392565299 0.183874480130832
      vertex -0.108920484588387 0.639482567185456 0.173083121994981
      vertex -0.117242998088532 0.634565228320754 0.167904050590801
   endloop
endfacet
facet normal -0.439126031655502 0.897529609119903 -0.040111458158060
   outer loop
      vertex -0.037261212835561 0.678174010672802 0.211473110963714
      vertex -0.035593618928126 0.678436380314819 0.199087638194747
      vertex -0.045225159979207 0.673648578537020 0.197399007045608
   endloop
endfacet
facet normal -0.380327493731712 0.905707799367674 0.187201441437613
   outer loop
      vertex 0.079661925907847 0.730776774211127 0.209225201977606
      vertex 0.074709033347229 0.731068327331667 0.197752089735461
      vertex 0.065030519421609 0.726233866477767 0.201478577904461
   endloop
endfacet
facet normal 0.414942910775903 -0.023323183024964 0.909548464860672
   outer loop
      vertex 0.095168549297893 0.731327734048751 0.215905312652332
      vertex 0.084594844940278 0.728456162567135 0.220655482262325
      vertex 0.084574675426667 0.726426900119064 0.220612648192124
   endloop
endfacet
facet normal -0.100395311626313 -0.914279404299478 0.392446113851632
   outer loop
      vertex -0.203719992506456 0.511774360034076 -0.047428155767309
      vertex -0.215880156178268 0.511867764693944 -0.050321356704712
      vertex -0.213326571898242 0.507214182450252 -0.060509523617165
   endloop
endfacet
facet normal -0.343015620835870 0.914550545420735 0.214330547830256
   outer loop
      vertex 0.099502686089664 0.740458777671242 0.199835353328353
      vertex 0.109048099620098 0.745306888108847 0.194424943527072
      vertex 0.093448778832311 0.740750234295849 0.188903003296665
   endloop
endfacet
facet normal -0.297273107033186 0.904567282451065 0.305592426859585
   outer loop
      vertex 0.135696175834793 0.765040276898588 0.159192488544791
      vertex 0.143199336074693 0.769915905882963 0.152059305546920
      vertex 0.127170020590939 0.765324818792386 0.150056189007869
   endloop
endfacet
facet normal -0.822459904681697 0.021636266459308 -0.568411450592506
   outer loop
      vertex 0.148443098440961 0.788344643934068 0.106510523709206
      vertex 0.148419588890341 0.786689663542989 0.106481544817336
      vertex 0.143148289055473 0.781742644585181 0.113920518354861
   endloop
endfacet
facet normal -0.440963537429972 0.897516374326340 0.003939095498627
   outer loop
      vertex -0.006383398134740 0.692817895447691 0.201292096426279
      vertex -0.015708706122333 0.688292166687791 0.188546751694248
      vertex -0.016149082338270 0.688020988904483 0.201036077457006
   endloop
endfacet
facet normal -0.368361410860356 -0.918239804078729 -0.145415037717654
   outer loop
      vertex 0.055290252916585 0.952603759861502 -0.166891741776288
      vertex 0.071549734308601 0.953567327328798 -0.214164373380964
      vertex 0.073036740157839 0.948668717662721 -0.186998387871791
   endloop
endfacet
facet normal 0.835697547956194 0.010081078008681 -0.549097423237614
   outer loop
      vertex -0.162696094370298 0.595856822949033 0.106099628599583
      vertex -0.162707523773574 0.593765255364860 0.106043833800751
      vertex -0.167745177259687 0.588977952520208 0.098288896955267
   endloop
endfacet
facet normal -0.180028838504561 0.022804147074378 -0.983396963683999
   outer loop
      vertex 0.029815827251739 0.712333422315101 0.185314593185592
      vertex 0.029798343551725 0.710179123002760 0.185267837511279
      vertex 0.020781435650478 0.705330627851496 0.186806115252323
   endloop
endfacet
facet normal 0.052212813229796 0.917008121580191 0.395436375527846
   outer loop
      vertex 0.203843774519281 0.849420985976010 -0.006485234774328
      vertex 0.215406708645512 0.853754303623105 -0.018060853708182
      vertex 0.202984244053820 0.853865628833544 -0.016678771190504
   endloop
endfacet
facet normal -0.189469630491131 -0.931092395981024 -0.311718156782485
   outer loop
      vertex 0.200356235277513 0.886514352330957 -0.106289354584827
      vertex 0.183943725042411 0.890969991570794 -0.109622299885461
      vertex 0.194583702257934 0.891000876886106 -0.116181781870079
   endloop
endfacet
facet normal 0.601796198412804 0.016215875195569 -0.798485053690762
   outer loop
      vertex -0.117971351956672 0.629875454022486 0.152202988325016
      vertex -0.125280300750398 0.622700908782532 0.146548732045846
      vertex -0.125268907265893 0.624980432936833 0.146603612265144
   endloop
endfacet
facet normal -0.781266013013579 -0.005345272941911 0.624175331911669
   outer loop
      vertex 0.136203682001173 0.907140288763230 -0.111747059976050
      vertex 0.141833768921889 0.901220568478243 -0.104750703635870
      vertex 0.141839959762105 0.902720353938461 -0.104730110935334
   endloop
endfacet
facet normal -0.313550661145980 0.893866875320861 0.320449671709988
   outer loop
      vertex 0.135696175834793 0.765040276898588 0.159192488544791
      vertex 0.127170020590939 0.765324818792386 0.150056189007869
      vertex 0.119783817112196 0.760457493305595 0.156405991237563
   endloop
endfacet
facet normal 0.040569404685719 -0.930093178646824 0.365076433693130
   outer loop
      vertex -0.244594834295385 0.544432989160961 0.025492352962571
      vertex -0.245662429812540 0.539800634509242 0.013809293322390
      vertex -0.232168630394633 0.544442987096437 0.024136952729899
   endloop
endfacet
facet normal -0.124107774385293 -0.916810304647323 -0.379547264025988
   outer loop
      vertex 0.194544932530500 0.868665948603918 -0.056686576023023
      vertex 0.191223834331924 0.873119763122179 -0.066358965438898
      vertex 0.206459547754381 0.868617263417922 -0.060464923106009
   endloop
endfacet
facet normal 0.253452798562382 -0.901859458539986 -0.349873114061169
   outer loop
      vertex 0.166833122251893 0.775971825871021 0.144463250333943
      vertex 0.157060899901338 0.776247471490014 0.136673595736079
      vertex 0.163431625336862 0.781199039550042 0.128525097939426
   endloop
endfacet
facet normal -0.428056365752000 0.886042373240130 -0.178035559824962
   outer loop
      vertex -0.091582940933820 0.649363433497698 0.182181235800353
      vertex -0.088977767576020 0.649480752350148 0.176501406634554
      vertex -0.097477758946909 0.644530431459727 0.172301579051584
   endloop
endfacet
facet normal 0.057442857815907 0.921093475523977 -0.385080676525196
   outer loop
      vertex -0.231881517793808 0.524482295264757 -0.031227851473176
      vertex -0.230223511047409 0.519783396695652 -0.042220052397292
      vertex -0.244266044596953 0.524546559817223 -0.032921545787237
   endloop
endfacet
facet normal 0.935937968498710 -0.019652891279583 0.351616101717285
   outer loop
      vertex 0.216295908214482 0.813497756245876 0.082238909739848
      vertex 0.212120178873466 0.807044002040648 0.092993220160281
      vertex 0.216250314125631 0.810498479072569 0.082192634187533
   endloop
endfacet
facet normal 0.259373256208084 0.019925473542946 -0.965571586920465
   outer loop
      vertex -0.051884607445640 0.669115983381859 0.183077737548765
      vertex -0.060718953857659 0.661861014552328 0.180554929382265
      vertex -0.060710607793785 0.664329043946111 0.180608101410987
   endloop
endfacet
facet normal 0.404491172274778 -0.893005463867113 -0.197302136469066
   outer loop
      vertex 0.060608054884497 0.722403770932035 0.189688096974975
      vertex 0.064762911143972 0.727592810814624 0.174719996065375
      vertex 0.069715801717058 0.727301357668748 0.186193109364075
   endloop
endfacet
facet normal 0.207673994639027 0.916770421367755 0.341179580948007
   outer loop
      vertex 0.178475006575856 0.889483997072396 -0.094192378281828
      vertex 0.183958905642639 0.893969644448215 -0.109583604350053
      vertex 0.173318928427116 0.893938759132903 -0.103024122365435
   endloop
endfacet
facet normal 0.990615713823873 -0.008553120158964 -0.136408766803185
   outer loop
      vertex 0.226273558113446 0.855121557005494 -0.030831123765217
      vertex 0.227813578915830 0.852143274875686 -0.019460575905791
      vertex 0.227798186521311 0.850643476395673 -0.019478316637027
   endloop
endfacet
facet normal -0.333260414567997 0.921787380141000 -0.198104825521135
   outer loop
      vertex -0.127833540246543 0.638807044381329 0.205457096408118
      vertex -0.130900348643095 0.634126880976263 0.188839279464526
      vertex -0.137728923961298 0.633907710348006 0.199306793906805
   endloop
endfacet
facet normal 0.329638518076629 0.932106152297124 0.150055217337136
   outer loop
      vertex 0.073044827092508 0.951667983289665 -0.186936393625131
      vertex 0.077684706826776 0.951895269350417 -0.198541040541898
      vertex 0.071558521564294 0.956566583946640 -0.214100209256588
   endloop
endfacet
facet normal -0.175368701565781 -0.916743477442210 -0.358925082821326
   outer loop
      vertex 0.183170721444223 0.882029337594562 -0.085153594371093
      vertex 0.178458424482688 0.886484405462282 -0.094230042815850
      vertex 0.194402249375666 0.882028423050260 -0.090638917525266
   endloop
endfacet
facet normal 0.092609013823543 0.907972495144222 0.408667980908961
   outer loop
      vertex 0.189283326497707 0.858408558324989 -0.024826837121529
      vertex 0.199763447076495 0.862761942333854 -0.036874041214820
      vertex 0.187536041617132 0.862842145908138 -0.034281361163417
   endloop
endfacet
facet normal -0.349916848301587 0.905078487117847 0.241642569575715
   outer loop
      vertex 0.109048099620098 0.745306888108847 0.194424943527072
      vertex 0.102465298104738 0.745597856035024 0.183802717591549
      vertex 0.093448778832311 0.740750234295849 0.188903003296665
   endloop
endfacet
facet normal -0.862293713469215 -0.009354254559155 0.506322080925880
   outer loop
      vertex -0.210381566714745 0.586382401483381 0.124362459033773
      vertex -0.216260718123265 0.583714583824689 0.114300660551113
      vertex -0.216271492245547 0.581685645539729 0.114244827190928
   endloop
endfacet
facet normal -0.014702612856056 -0.021825685113517 0.999653676352231
   outer loop
      vertex -0.005872227147815 0.689713324512125 0.238729282973590
      vertex -0.017483380946216 0.684896544091605 0.238453343577422
      vertex -0.005886419042004 0.687433692943002 0.238679302485436
   endloop
endfacet
facet normal 0.266796719480855 0.924703580866264 0.271556252013028
   outer loop
      vertex 0.157695751982590 0.911840441535860 -0.144002869829623
      vertex 0.158836462897696 0.916413024432893 -0.160694150826178
      vertex 0.150108828534336 0.916303599277112 -0.151746869987127
   endloop
endfacet
facet normal -0.418190547945713 0.907156063264630 0.046739089540594
   outer loop
      vertex 0.004959837249346 0.697061437770727 0.226012401585274
      vertex 0.004169926036223 0.697339880786325 0.213540513950179
      vertex -0.006208276504802 0.692542881981875 0.213787851750723
   endloop
endfacet
facet normal -0.838622634750048 -0.003385051913858 0.544702320454419
   outer loop
      vertex 0.147115902890933 0.896799339514620 -0.097463528222694
      vertex 0.147109010341173 0.895299633143692 -0.097483459902354
      vertex 0.152023993358445 0.890877339494517 -0.089943843932498
   endloop
endfacet
facet normal 0.135225270994567 0.924449383012238 0.356521337836514
   outer loop
      vertex 0.191245418950948 0.876119277193488 -0.066323482904602
      vertex 0.202960378469009 0.876086454998196 -0.070681752529536
      vertex 0.198936309067386 0.880556956298484 -0.080747338828657
   endloop
endfacet
facet normal 0.380727194431634 -0.913426479442859 -0.143871018877467
   outer loop
      vertex 0.062745882656852 0.716641118279638 0.228444534423011
      vertex 0.058942752243173 0.716930874334108 0.216540635788301
      vertex 0.069374887677900 0.721822077553994 0.213093403084626
   endloop
endfacet
facet normal -0.995862048091224 0.000452766308460 0.090876708645415
   outer loop
      vertex -0.244588477353685 0.546212200018500 0.025545949157516
      vertex -0.245651147274612 0.543296724220328 0.013915327511554
      vertex -0.245656784548913 0.541548729979670 0.013862260948031
   endloop
endfacet
facet normal -0.190236697631969 0.892962589871699 0.407955649505813
   outer loop
      vertex 0.168978937712131 0.799518738961955 0.096675964701481
      vertex 0.173365531215257 0.804416931266832 0.087999993603515
      vertex 0.157878796931299 0.799777253277830 0.090933924503593
   endloop
endfacet
facet normal 0.163724427538171 -0.900730556633445 -0.402341616259246
   outer loop
      vertex 0.180032389033886 0.796074553165851 0.102364660223259
      vertex 0.173319205596900 0.801293455759336 0.087949205995208
      vertex 0.184686498668522 0.801039951181610 0.093142411932096
   endloop
endfacet
facet normal 0.874561735854573 -0.020915892986111 0.484462893934746
   outer loop
      vertex 0.202256016265938 0.797150312927736 0.113875162442772
      vertex 0.196566806336504 0.792209928921154 0.123932140653762
      vertex 0.202232670553217 0.795557526646783 0.113848540630202
   endloop
endfacet
facet normal -0.397809465100359 -0.017871344019382 0.917293979343322
   outer loop
      vertex 0.072062046295355 0.945320319346984 -0.160243708733815
      vertex 0.063765065635171 0.951213511206205 -0.163727104734707
      vertex 0.063760972178772 0.949713877346094 -0.163758096858234
   endloop
endfacet
facet normal 0.215106380428984 -0.901831208297381 0.374739531994727
   outer loop
      vertex -0.183378566331850 0.582050016619323 0.096240908995930
      vertex -0.187926983680809 0.577326047514709 0.087483281650106
      vertex -0.177896396329181 0.582110794746966 0.093240323154626
   endloop
endfacet
facet normal -0.033852073007954 -0.917158544703273 -0.397082159043741
   outer loop
      vertex 0.203811187992479 0.846421458494742 -0.006521215149348
      vertex 0.202953457298416 0.850866130791842 -0.016714151602003
      vertex 0.216286268387289 0.846294818969742 -0.007292236467938
   endloop
endfacet
facet normal -0.394628206608484 0.917259942197450 -0.053877425596464
   outer loop
      vertex -0.038928806742997 0.677911641030784 0.223858583732681
      vertex -0.047501570287781 0.673391036933491 0.209687254253385
      vertex -0.049777880594944 0.673133496261265 0.221975601455415
   endloop
endfacet
facet normal -0.161862919975718 -0.020756823216807 0.986594926718601
   outer loop
      vertex -0.040607718668153 0.675275392038841 0.236192279726179
      vertex -0.052054290903518 0.672875954657736 0.234263848663193
      vertex -0.052064686925097 0.670470791313653 0.234211541197026
   endloop
endfacet
facet normal -0.268584589826394 0.913341527289748 0.306054852331764
   outer loop
      vertex 0.161126415728806 0.769351965219782 0.169474825952394
      vertex 0.159721632953647 0.774517756673090 0.152826062430873
      vertex 0.152162924908689 0.769633986004356 0.160767116275060
   endloop
endfacet
facet normal 0.211421773735451 0.020337980010054 -0.977183299161251
   outer loop
      vertex -0.042948849650876 0.673906118152904 0.185110759837996
      vertex -0.051893979482133 0.666679437000258 0.183024998329598
      vertex -0.051884607445640 0.669115983381859 0.183077737548765
   endloop
endfacet
facet normal -0.269040051704527 0.913053338058786 0.306514359269731
   outer loop
      vertex 0.161126415728806 0.769351965219782 0.169474825952394
      vertex 0.152162924908689 0.769633986004356 0.160767116275060
      vertex 0.144222431080058 0.764755735936094 0.168328888075966
   endloop
endfacet
facet normal -0.188004514100270 0.910066806387380 -0.369367988041461
   outer loop
      vertex -0.194321260078745 0.585986437839923 0.102353848449717
      vertex -0.187906192748515 0.581321395941461 0.087594688005296
      vertex -0.199151845056895 0.581212710360625 0.093050824768018
   endloop
endfacet
facet normal -0.419586556322094 0.907347390629652 0.025842493519963
   outer loop
      vertex -0.006033156883563 0.692267969547064 0.226283508137301
      vertex -0.006208276504802 0.692542881981875 0.213787851750723
      vertex -0.016589358595129 0.687749814165161 0.213525303225178
   endloop
endfacet
facet normal 0.403873718382028 -0.914698126684512 0.014606732698302
   outer loop
      vertex -0.028028477681362 0.678008561358054 0.225103369805960
      vertex -0.038951546754914 0.673164081348959 0.223754932300599
      vertex -0.026973397026893 0.678275566429768 0.212650871909384
   endloop
endfacet
facet normal -0.337739705400847 -0.925382925513876 -0.172041659382631
   outer loop
      vertex 0.087669561271284 0.944460596235067 -0.194363146351524
      vertex 0.077676619892318 0.948896003712909 -0.198603033788614
      vertex 0.092873330029914 0.944673934950829 -0.205726320477178
   endloop
endfacet
facet normal -0.781307923640956 -0.005292294376248 0.624123321208311
   outer loop
      vertex 0.136197992899430 0.905640420766603 -0.111768363694340
      vertex 0.141827478101429 0.899720781030379 -0.104771296336239
      vertex 0.141833768921889 0.901220568478243 -0.104750703635870
   endloop
endfacet
facet normal -0.999108192302918 0.001571826804905 0.042194187202638
   outer loop
      vertex -0.245656784548913 0.541548729979670 0.013862260948031
      vertex -0.246154241061417 0.538605492107780 0.002192724231726
      vertex -0.246159156659620 0.536888613452995 0.002140286237490
   endloop
endfacet
facet normal 0.146883367880584 -0.912969700851759 0.380672564767554
   outer loop
      vertex -0.207455982263222 0.567823225677264 0.073680762555613
      vertex -0.210890359259524 0.563138389273909 0.063770248431156
      vertex -0.195729799037419 0.567905039583404 0.069352403173625
   endloop
endfacet
facet normal -0.262727547892919 0.892624832037532 -0.366326554877122
   outer loop
      vertex -0.162272903912049 0.600606757328752 0.117370243660190
      vertex -0.162696094370298 0.595856822949033 0.106099628599583
      vertex -0.167857358523680 0.595783890556714 0.109623547336609
   endloop
endfacet
facet normal -0.449056915707240 0.878758160315522 -0.161653896131151
   outer loop
      vertex -0.080289932512656 0.654445799807621 0.180276326303477
      vertex -0.077968252175231 0.654564970726484 0.174474769912913
      vertex -0.086372596248086 0.649598173289945 0.170821378536473
   endloop
endfacet
facet normal -0.431066955749775 0.883480900705463 0.183419676559754
   outer loop
      vertex 0.060647052041019 0.726524762160296 0.189775925377996
      vertex 0.056263586669129 0.726815556811820 0.178073371789394
      vertex 0.047571314198830 0.721983708108185 0.180918729617026
   endloop
endfacet
facet normal -0.261461171751808 0.908393209816973 -0.326281829136391
   outer loop
      vertex -0.170693890032887 0.605187799394164 0.136872206090099
      vertex -0.167254719520885 0.600528155940279 0.121143478446325
      vertex -0.177218152723267 0.600371055000607 0.128690149063651
   endloop
endfacet
facet normal -0.197279034054409 0.900003104413133 -0.388684183842465
   outer loop
      vertex -0.199151845056895 0.581212710360625 0.093050824768018
      vertex -0.187906192748515 0.581321395941461 0.087594688005296
      vertex -0.192027267105618 0.576544151728818 0.078624595579574
   endloop
endfacet
facet normal 0.420302932881574 -0.904833677212343 -0.067981329742345
   outer loop
      vertex 0.004139796332937 0.692843283373337 0.213442015389330
      vertex 0.013086765698407 0.697988884242445 0.200269641525096
      vertex 0.014489258549528 0.697707386938770 0.212687464216718
   endloop
endfacet
facet normal -0.971959473492012 -0.002570963400558 0.235134370172298
   outer loop
      vertex -0.238021545937907 0.560225425754319 0.060077514180687
      vertex -0.240765891959512 0.555550293335593 0.048682273635390
      vertex -0.238029893860586 0.558352666287120 0.060022530136582
   endloop
endfacet
facet normal -0.380781386440737 0.924308453487688 0.025679146237160
   outer loop
      vertex -0.005858035253625 0.691992956081248 0.238779263461744
      vertex 0.005749646494692 0.696783092742149 0.238484290277089
      vertex -0.006033156883563 0.692267969547064 0.226283508137301
   endloop
endfacet
facet normal 0.468676783099912 -0.883125246250673 0.020781540313601
   outer loop
      vertex -0.025918216413347 0.678542574545470 0.200198274018223
      vertex -0.024863133771346 0.678809479642520 0.187745775065093
      vertex -0.015735242006862 0.683670138780925 0.188445427240181
   endloop
endfacet
facet normal 0.346293081510813 -0.891938497372856 -0.290734962813207
   outer loop
      vertex 0.104078283686480 0.746931428130265 0.167904275858164
      vertex 0.104459537013996 0.752138404648374 0.152384032341063
      vertex 0.112050687099391 0.751849926160577 0.162310832325099
   endloop
endfacet
facet normal 0.348858740817937 -0.907525926099787 0.233868066250286
   outer loop
      vertex -0.132665513153351 0.624828863894116 0.172330712785624
      vertex -0.140942410532345 0.620011691429693 0.165984224664181
      vertex -0.125329503776676 0.625041331489577 0.162212139607247
   endloop
endfacet
facet normal -0.240899892003616 -0.924570602999396 -0.295188824486936
   outer loop
      vertex 0.171665103447245 0.899908519025081 -0.127482666435836
      vertex 0.155317337850328 0.904297396452275 -0.127888007263903
      vertex 0.164879856865239 0.904375718265943 -0.135937173246373
   endloop
endfacet
facet normal -0.160462928487290 0.919506960436177 -0.358829483586153
   outer loop
      vertex -0.226526967433252 0.576257837404462 0.093318493663503
      vertex -0.215027100657844 0.576353275202146 0.088420494304110
      vertex -0.219163291089781 0.571611795935622 0.078120008619645
   endloop
endfacet
facet normal -0.379271194741785 0.912191783724655 -0.155111284387600
   outer loop
      vertex -0.107214074971265 0.648659212133312 0.216260807592166
      vertex -0.102003630305287 0.648893953913204 0.204900950328118
      vertex -0.111889013538910 0.643954552794505 0.200024193549992
   endloop
endfacet
facet normal -0.313057081337413 0.894203456563029 0.319992878194550
   outer loop
      vertex 0.127170020590939 0.765324818792386 0.150056189007869
      vertex 0.134235847220942 0.770197827749214 0.143351494818615
      vertex 0.118643767354375 0.765609258723874 0.140919888414558
   endloop
endfacet
facet normal 0.469461771383951 -0.882948928325788 -0.002614417217373
   outer loop
      vertex -0.016175520230087 0.683399062959926 0.200934754059325
      vertex -0.015735242006862 0.683670138780925 0.188445427240181
      vertex -0.006586901565524 0.688533545800598 0.188696379068975
   endloop
endfacet
facet normal 0.106370827159874 0.902218880390566 -0.417954948524500
   outer loop
      vertex -0.203717662541101 0.514897183333717 -0.047332163213014
      vertex -0.201321288752000 0.510167149238204 -0.056932771646764
      vertex -0.215877926193158 0.514990586005939 -0.050225364150251
   endloop
endfacet
facet normal -0.521590978471263 -0.017456619551076 0.853017067596681
   outer loop
      vertex -0.127843760977105 0.636433312222373 0.205402920821338
      vertex -0.137728923961298 0.633907710348006 0.199306793906805
      vertex -0.137739568943644 0.631565380546833 0.199252350111102
   endloop
endfacet
facet normal 0.326716699550505 0.917357764830072 0.227400372780694
   outer loop
      vertex 0.102593998948251 0.933788244292382 -0.157765291073312
      vertex 0.109408747150704 0.933958330110687 -0.168242501633474
      vertex 0.100677397120153 0.938391527034759 -0.173581761819678
   endloop
endfacet
facet normal 0.382140437045262 -0.921880905354629 -0.064064676049951
   outer loop
      vertex 0.005719616792817 0.692286496260464 0.238385891710493
      vertex 0.015891749413116 0.697425989609760 0.225105287964894
      vertex 0.017294244272936 0.697144391275080 0.237523209594381
   endloop
endfacet
facet normal -0.230220544689680 -0.931215078133453 -0.282554382481841
   outer loop
      vertex 0.181611011889266 0.899971099019196 -0.135053123135757
      vertex 0.164879856865239 0.904375718265943 -0.135937173246373
      vertex 0.174442377865567 0.904453940210581 -0.143986350284839
   endloop
endfacet
facet normal 0.988663450963577 -0.005765315111123 0.150037801471698
   outer loop
      vertex -0.194730769777851 0.522666060700348 -0.026196619799748
      vertex -0.193366409770747 0.516361827926946 -0.035429218170726
      vertex -0.193364563019404 0.517954350142215 -0.035380193346552
   endloop
endfacet
facet normal -0.397451031566468 -0.017268046838810 0.917460894024984
   outer loop
      vertex 0.072065939562667 0.946819960640297 -0.160213796549674
      vertex 0.063765065635171 0.951213511206205 -0.163727104734707
      vertex 0.072062046295355 0.945320319346984 -0.160243708733815
   endloop
endfacet
facet normal -0.907702821521422 -0.006975793485349 0.419555629335729
   outer loop
      vertex -0.221643351664008 0.580995437311010 0.103962899361513
      vertex -0.226526967433252 0.576257837404462 0.093318493663503
      vertex -0.221653746136389 0.578997713110302 0.103907195655641
   endloop
endfacet
facet normal 0.404219354958209 -0.906683460194493 0.120547982508674
   outer loop
      vertex -0.085678275363725 0.653583089360283 0.224873842948390
      vertex -0.069418895933136 0.654546754497694 0.177601242398759
      vertex -0.067680424983120 0.658899500709259 0.204510356287804
   endloop
endfacet
facet normal 0.316044545682044 0.917246052658371 0.242436639201394
   outer loop
      vertex 0.110544166774674 0.929366518392148 -0.152349780108971
      vertex 0.117864811915215 0.929521691120259 -0.162480185925403
      vertex 0.109408747150704 0.933958330110687 -0.168242501633474
   endloop
endfacet
facet normal -0.264499030940026 0.893289335230128 0.363420453739058
   outer loop
      vertex 0.157107742823254 0.779682009447182 0.136736369786776
      vertex 0.147335522481398 0.779957554035169 0.128946814126776
      vertex 0.140963312127816 0.775075581866792 0.136309003518995
   endloop
endfacet
facet normal 0.909029541688145 -0.000398723250432 -0.416731488320730
   outer loop
      vertex 0.205651960893921 0.885027040817005 -0.096087417157740
      vertex 0.210423404772936 0.880540125459305 -0.085675023082379
      vertex 0.205642871092281 0.883527174475549 -0.096105809976260
   endloop
endfacet
facet normal -0.896714840490931 0.020573226227464 -0.442130339612560
   outer loop
      vertex 0.161975076328223 0.803108648103479 0.082781393334197
      vertex 0.161951814511400 0.801546859431096 0.082755899007514
      vertex 0.157832107514554 0.796591579684918 0.090880779816317
   endloop
endfacet
facet normal -0.417981545945178 0.886420596134780 -0.198871702354410
   outer loop
      vertex -0.088977767576020 0.649480752350148 0.176501406634554
      vertex -0.094595488404566 0.644645626317623 0.166757176356482
      vertex -0.097477758946909 0.644530431459727 0.172301579051584
   endloop
endfacet
facet normal -0.377326296175168 0.903876316751574 -0.201574974216389
   outer loop
      vertex -0.106124472517725 0.644184945679324 0.188935088176533
      vertex -0.108920484588387 0.639482567185456 0.173083121994981
      vertex -0.115224836467384 0.639257392565299 0.183874480130832
   endloop
endfacet
facet normal 0.477842642293170 0.018044157398604 -0.878260108162756
   outer loop
      vertex -0.094595488404566 0.644645626317623 0.166757176356482
      vertex -0.102626253459707 0.637334011634300 0.162237588272182
      vertex -0.102616132688224 0.639707740749269 0.162291863853547
   endloop
endfacet
facet normal 0.276808187944092 -0.023109706822467 0.960647265408947
   outer loop
      vertex 0.062764710278597 0.718732848116170 0.228489428761410
      vertex 0.051582866450060 0.713879866836818 0.231594704819424
      vertex 0.062745882656852 0.716641118279638 0.228444534423011
   endloop
endfacet
facet normal 0.212889255417866 0.924474280923290 0.316268033223392
   outer loop
      vertex 0.183958905642639 0.893969644448215 -0.109583604350053
      vertex 0.188343971639475 0.898486218998143 -0.125737593712288
      vertex 0.178038677093426 0.898439450687252 -0.118664091655976
   endloop
endfacet
facet normal 0.266903948984790 0.924638182625311 0.271673541677666
   outer loop
      vertex 0.141381096178264 0.916194072159021 -0.142799590204462
      vertex 0.150108828534336 0.916303599277112 -0.151746869987127
      vertex 0.142148483020229 0.920764187634329 -0.159107846866617
   endloop
endfacet
facet normal -0.567965379664747 -0.012679451823255 0.822954773364698
   outer loop
      vertex 0.103219729233941 0.927711662097647 -0.142245096710719
      vertex 0.095775558109952 0.932118487670017 -0.147314822874563
      vertex 0.103215938821282 0.926211878556592 -0.142270820185452
   endloop
endfacet
facet normal -0.118667085753333 -0.924479728298691 -0.362291808800019
   outer loop
      vertex 0.206459547754381 0.868617263417922 -0.060464923106009
      vertex 0.202938793849986 0.873086940926888 -0.070717235063832
      vertex 0.218374162978263 0.868568578231927 -0.064243270188995
   endloop
endfacet
facet normal 0.301318442262728 0.924890607183031 0.231914986788192
   outer loop
      vertex 0.117864811915215 0.929521691120259 -0.162480185925403
      vertex 0.125185557033886 0.929676865941650 -0.172610601741443
      vertex 0.116223595333402 0.934128417916639 -0.178719712193801
   endloop
endfacet
facet normal -0.073351130691317 0.889899295172121 -0.450220896981102
   outer loop
      vertex -0.199742555652849 0.552776543013752 0.030349066848546
      vertex -0.193570085295909 0.552788991143707 0.029368037090200
      vertex -0.194877400774964 0.548031701809391 0.020177847597169
   endloop
endfacet
facet normal -0.069693954865796 0.901509591675313 -0.427110300475854
   outer loop
      vertex -0.204056276552449 0.557510106075518 0.041044179487067
      vertex -0.199742555652849 0.552776543013752 0.030349066848546
      vertex -0.205915027976155 0.552764193802119 0.031330197657864
   endloop
endfacet
facet normal 0.093063830288746 -0.897883681963175 0.430283647326086
   outer loop
      vertex -0.195702004574026 0.558541054668585 0.048962043472953
      vertex -0.204071671068987 0.553826918673854 0.040935169610961
      vertex -0.197954654883649 0.553846546989062 0.039653110635111
   endloop
endfacet
facet normal 0.034913888284178 -0.931754599864166 -0.361406123408069
   outer loop
      vertex 0.225118682719787 0.823842321909015 0.048980859884820
      vertex 0.214586280462917 0.828486005014746 0.035991317356962
      vertex 0.226971633045166 0.828299704410083 0.037668121435583
   endloop
endfacet
facet normal 0.347466066814747 -0.912300625198400 -0.216736941186543
   outer loop
      vertex 0.089658242936321 0.731619493788428 0.204689134918991
      vertex 0.093406453916705 0.736816757008469 0.188821556742466
      vertex 0.099460361152892 0.736525301440205 0.199753806779734
   endloop
endfacet
facet normal -0.026829665691000 0.890249662793907 -0.454681984395955
   outer loop
      vertex -0.201979473235702 0.543280083448205 0.011305462294329
      vertex -0.195740594369647 0.543277721085566 0.010932695981560
      vertex -0.196157561690033 0.538526850923185 0.001655280972846
   endloop
endfacet
facet normal 0.223405350875616 -0.911334470282739 0.345773816930407
   outer loop
      vertex -0.183363715791077 0.591382263041996 0.120083817113605
      vertex -0.199725332784502 0.586516249923636 0.117830052762042
      vertex -0.189068998852847 0.586650099295194 0.111297746484563
   endloop
endfacet
facet normal -0.167436544366532 -0.924415594419257 -0.342667203573797
   outer loop
      vertex 0.194402249375666 0.882028423050260 -0.090638917525266
      vertex 0.189407278896212 0.886499427890129 -0.100259698171978
      vertex 0.205633779300991 0.882027408214391 -0.096124211737667
   endloop
endfacet
facet normal -0.379473621748372 0.924124269619504 0.044655399420360
   outer loop
      vertex 0.005749646494692 0.696783092742149 0.238484290277089
      vertex 0.017325917921941 0.701578420018523 0.237620146802239
      vertex 0.004959837249346 0.697061437770727 0.226012401585274
   endloop
endfacet
facet normal 0.988613812597859 -0.006227550628551 0.150346091249139
   outer loop
      vertex -0.194730769777851 0.522666060700348 -0.026196619799748
      vertex -0.194733400244470 0.521042524850308 -0.026246572119811
      vertex -0.193366409770747 0.516361827926946 -0.035429218170726
   endloop
endfacet
facet normal -0.076070535187651 0.917947610516075 0.389339771952586
   outer loop
      vertex 0.198430770333216 0.822818453752128 0.054468299522205
      vertex 0.200583933940179 0.827243043070705 0.044457123769399
      vertex 0.186269693502460 0.823033258147093 0.051585781770596
   endloop
endfacet
facet normal 0.218136146080871 0.907842650755258 0.358103816291661
   outer loop
      vertex 0.152039173958673 0.893876992371938 -0.089905148397090
      vertex 0.162679051191836 0.893907875805238 -0.096464640380983
      vertex 0.157428087999210 0.898345914171103 -0.104517097542793
   endloop
endfacet
facet normal 0.323694140366653 -0.023213775296101 0.945876960354144
   outer loop
      vertex 0.073777802621113 0.723591728063617 0.224839820349333
      vertex 0.062783535912810 0.720824677927366 0.228534324156363
      vertex 0.062764710278597 0.718732848116170 0.228489428761410
   endloop
endfacet
facet normal -0.994195060332645 0.013959800706386 -0.106683203806442
   outer loop
      vertex 0.178491379717653 0.836447527218947 0.022049480080931
      vertex 0.178472385729306 0.834947773003493 0.022030240495950
      vertex 0.177450116653717 0.830544672594945 0.030980744671098
   endloop
endfacet
facet normal -0.361513527567524 0.914961318155560 0.179314683349485
   outer loop
      vertex 0.079661925907847 0.730776774211127 0.209225201977606
      vertex 0.089699527930661 0.735615342339857 0.204772840673173
      vertex 0.074709033347229 0.731068327331667 0.197752089735461
   endloop
endfacet
facet normal 0.365911102192644 -0.914766440497858 0.171205796137409
   outer loop
      vertex -0.111908208605351 0.639144393798955 0.199916179861333
      vertex -0.121549531857124 0.634284857702224 0.194557288160676
      vertex -0.106143767564410 0.639374784696127 0.188827074488040
   endloop
endfacet
facet normal -0.292460608755385 -0.917143085743427 -0.270768078989114
   outer loop
      vertex 0.125583424836419 0.917514949225318 -0.140426430952815
      vertex 0.133861662030132 0.917639854801893 -0.149790956433396
      vertex 0.141371714904221 0.913194510224449 -0.142845446406403
   endloop
endfacet
facet normal 0.372267443361402 -0.892366374713713 -0.255145456344947
   outer loop
      vertex 0.087352444691574 0.737108311620094 0.177889207767498
      vertex 0.089256430196223 0.742308688908035 0.162478978371701
      vertex 0.095839231711583 0.742017720981859 0.173101204307224
   endloop
endfacet
facet normal 0.443101832886039 -0.881523961466548 -0.163022302318906
   outer loop
      vertex 0.051336691376305 0.717510390418341 0.192732838518550
      vertex 0.047533560962627 0.717800146472812 0.180828939883840
      vertex 0.056224589512607 0.722694565583559 0.177985543386375
   endloop
endfacet
facet normal -0.979756384811725 0.007321025578001 -0.200059563643293
   outer loop
      vertex -0.242510519954557 0.519862269942735 -0.044516346669953
      vertex -0.240198261526113 0.515177294095903 -0.056011667087178
      vertex -0.242512408685530 0.518269846907072 -0.044565370437506
   endloop
endfacet
facet normal 0.400532355252433 0.898876403361314 0.177749947612277
   outer loop
      vertex 0.072065939562667 0.946819960640297 -0.160213796549674
      vertex 0.068404945371131 0.951440797182450 -0.175331743651921
      vertex 0.063765065635171 0.951213511206205 -0.163727104734707
   endloop
endfacet
facet normal -0.216832099527918 0.903340158372110 0.370081611116476
   outer loop
      vertex 0.163478506368901 0.784571287397712 0.128585513853937
      vertex 0.179926421603198 0.789196428768003 0.126932797462605
      vertex 0.169439816410537 0.789464193593158 0.120135066192420
   endloop
endfacet
facet normal 0.101850801027016 0.924528786013042 0.367250511454246
   outer loop
      vertex 0.197409993306839 0.867213053625162 -0.046827079667296
      vertex 0.209495557919823 0.867148538689765 -0.050016397272752
      vertex 0.206482929966771 0.871616916410538 -0.060429739501403
   endloop
endfacet
facet normal 0.356025659598195 -0.885926763345614 0.297286897954879
   outer loop
      vertex -0.125291596263358 0.620421487646882 0.146493752888517
      vertex -0.136460663844936 0.615504058307890 0.145215500775625
      vertex -0.132312907005300 0.615602406690803 0.140541300837151
   endloop
endfacet
facet normal 0.321586628197482 -0.908673261373798 0.266261046022284
   outer loop
      vertex -0.148904036331620 0.615209111146168 0.159238101647767
      vertex -0.156531870986336 0.610420324109291 0.152108132258229
      vertex -0.140608420684572 0.615405709924977 0.149889700714099
   endloop
endfacet
facet normal -0.681931189447803 -0.009045150932802 0.731360402334518
   outer loop
      vertex 0.123921039814518 0.914475288983349 -0.124927963211715
      vertex 0.117309479541957 0.918889757223856 -0.131038082948832
      vertex 0.123916348184789 0.912975557950577 -0.124950885784687
   endloop
endfacet
facet normal -0.678221008037584 -0.014772826274514 0.734709485348016
   outer loop
      vertex -0.165483547882140 0.617063933422759 0.177990050886937
      vertex -0.173999354705994 0.614478529568782 0.170077000999527
      vertex -0.174010992816370 0.612261621050253 0.170021682242696
   endloop
endfacet
facet normal 0.863970479463784 0.001542544093162 -0.503540098872811
   outer loop
      vertex 0.194591292556990 0.892500703377633 -0.116162439102095
      vertex 0.200372817370681 0.889513943941071 -0.106251690050805
      vertex 0.200364525332447 0.888014198017712 -0.106270511790097
   endloop
endfacet
facet normal -0.393679873300931 0.887841349793659 -0.238230759882800
   outer loop
      vertex -0.105768308627722 0.639595153439191 0.167687542921473
      vertex -0.110414422770328 0.634784398949011 0.157436536148522
      vertex -0.113828710429430 0.634674813634882 0.162670293369661
   endloop
endfacet
facet normal -0.887514668842611 -0.000228016077528 0.460779405570452
   outer loop
      vertex 0.156568903738561 0.887954304491628 -0.082151908251027
      vertex 0.160707663559936 0.882031268347977 -0.074183106997263
      vertex 0.160716853352404 0.883531136148909 -0.074164664181701
   endloop
endfacet
facet normal -0.076139982608042 0.917802911557891 0.389667189514727
   outer loop
      vertex 0.195786226711425 0.818398027483469 0.064363216769751
      vertex 0.210591849130337 0.822603550438839 0.057350716222841
      vertex 0.198430770333216 0.822818453752128 0.054468299522205
   endloop
endfacet
facet normal -0.246837992017710 0.893110552578633 0.376064551067173
   outer loop
      vertex 0.147335522481398 0.779957554035169 0.128946814126776
      vertex 0.163478506368901 0.784571287397712 0.128585513853937
      vertex 0.153336887224563 0.784843140896435 0.121283224589848
   endloop
endfacet
facet normal -0.001534773169883 0.931643908219631 0.363369333803182
   outer loop
      vertex 0.229031347199247 0.840226123958049 0.014880797310549
      vertex 0.229195129781507 0.844695268958712 0.003423032556080
      vertex 0.216540960338122 0.840383020760131 0.014425773055242
   endloop
endfacet
facet normal 0.279786453558063 0.917049616361095 0.284147042105615
   outer loop
      vertex 0.148539623682359 0.911746540118085 -0.135494398802703
      vertex 0.150108828534336 0.916303599277112 -0.151746869987127
      vertex 0.141381096178264 0.916194072159021 -0.142799590204462
   endloop
endfacet
facet normal 0.392102833241804 0.898703569383221 0.196436408391133
   outer loop
      vertex 0.080181548194484 0.942422856435775 -0.156296294128203
      vertex 0.077269708321719 0.947033299334933 -0.171576968675440
      vertex 0.072065939562667 0.946819960640297 -0.160213796549674
   endloop
endfacet
facet normal 0.375298612684444 -0.914148092967191 0.153245604966605
   outer loop
      vertex -0.102021574980814 0.644020899234344 0.204793372005670
      vertex -0.111908208605351 0.639144393798955 0.199916179861333
      vertex -0.096811230295080 0.644255639026591 0.193433514741788
   endloop
endfacet
facet normal 0.019758256679235 -0.925026427646667 -0.379388612702389
   outer loop
      vertex 0.214586280462917 0.828486005014746 0.035991317356962
      vertex 0.203359039719291 0.833104689456080 0.024145321659849
      vertex 0.215811914702930 0.832932975268421 0.025212531503137
   endloop
endfacet
facet normal -0.093978524610097 0.918104830363713 0.385034488552554
   outer loop
      vertex 0.195786226711425 0.818398027483469 0.064363216769751
      vertex 0.198430770333216 0.822818453752128 0.054468299522205
      vertex 0.183781401977012 0.818626807597916 0.060887580470420
   endloop
endfacet
facet normal -0.297756770113972 0.904258865354460 0.306034001835026
   outer loop
      vertex 0.144222431080058 0.764755735936094 0.168328888075966
      vertex 0.135696175834793 0.765040276898588 0.159192488544791
      vertex 0.127852226236809 0.760170756035092 0.165948987173094
   endloop
endfacet
facet normal 0.384199085863416 -0.905352613408967 0.180908009262355
   outer loop
      vertex -0.111908208605351 0.639144393798955 0.199916179861333
      vertex -0.106143767564410 0.639374784696127 0.188827074488040
      vertex -0.096811230295080 0.644255639026591 0.193433514741788
   endloop
endfacet
facet normal -0.542962984489424 0.023236489615317 -0.839435085652664
   outer loop
      vertex 0.097004653458050 0.749125772136140 0.157655980843610
      vertex 0.096982700025242 0.747221460241118 0.157617467297145
      vertex 0.089256430196223 0.742308688908035 0.162478978371701
   endloop
endfacet
facet normal 0.969363536857899 -0.008285136706328 0.245490712492554
   outer loop
      vertex -0.191557498869287 0.514803778673850 -0.044438962275610
      vertex -0.191558663873131 0.513242368080371 -0.044487058547176
      vertex -0.189317255244969 0.508529214635646 -0.053496722878219
   endloop
endfacet
facet normal 0.969345351997907 -0.008271603844077 0.245562963677141
   outer loop
      vertex -0.191558663873131 0.513242368080371 -0.044487058547176
      vertex -0.191559828855808 0.511680956430551 -0.044535054824323
      vertex -0.189317636491204 0.506998815564255 -0.053543691665059
   endloop
endfacet
facet normal -0.479037688386587 -0.017831989472636 0.877613191136438
   outer loop
      vertex -0.117663153108249 0.641319131455586 0.211059192612981
      vertex -0.127843760977105 0.636433312222373 0.205402920821338
      vertex -0.117672749668869 0.638914003026821 0.211005085245957
   endloop
endfacet
facet normal -0.979039302408265 0.016291408445657 -0.203018802948874
   outer loop
      vertex 0.176007893331588 0.827644416567060 0.039892410742143
      vertex 0.175987197416390 0.826144742268740 0.039871872289100
      vertex 0.174087120766385 0.821748379736968 0.048682025606344
   endloop
endfacet
facet normal 0.380137405074293 0.909212254995587 0.169789954441430
   outer loop
      vertex 0.077269708321719 0.947033299334933 -0.171576968675440
      vertex 0.073044827092508 0.951667983289665 -0.186936393625131
      vertex 0.068404945371131 0.951440797182450 -0.175331743651921
   endloop
endfacet
facet normal -0.091689488798273 -0.930223329933701 0.355355588236584
   outer loop
      vertex -0.228040317862550 0.511961069379147 -0.053214558698670
      vertex -0.240200541501345 0.512054471790085 -0.056107659641556
      vertex -0.237335515336940 0.507429450219164 -0.067475456620227
   endloop
endfacet
facet normal -0.193669010082412 -0.897414425844032 -0.396408454527303
   outer loop
      vertex 0.160707663559936 0.882031268347977 -0.074183106997263
      vertex 0.156560611696095 0.886454558779538 -0.082170749989202
      vertex 0.171939191518897 0.882030352430431 -0.079668300158693
   endloop
endfacet
facet normal -0.999165622201844 0.010448087236415 0.039482868222847
   outer loop
      vertex 0.178893611742129 0.849674365000675 -0.004943191080595
      vertex 0.178877219502834 0.848174548756892 -0.004961131799007
      vertex 0.179186681418803 0.843763005205320 0.004037603999156
   endloop
endfacet
facet normal 0.372429654109943 0.908897939678528 0.187618463877296
   outer loop
      vertex 0.072065939562667 0.946819960640297 -0.160213796549674
      vertex 0.077269708321719 0.947033299334933 -0.171576968675440
      vertex 0.068404945371131 0.951440797182450 -0.175331743651921
   endloop
endfacet
facet normal -0.251031343015730 0.903687851226297 0.346888357212688
   outer loop
      vertex 0.150342522530854 0.774796670263764 0.144567532974851
      vertex 0.166879963186276 0.779406463802852 0.144526025441194
      vertex 0.157107742823254 0.779682009447182 0.136736369786776
   endloop
endfacet
facet normal -0.003362961690591 0.896497052920623 -0.443036933667280
   outer loop
      vertex -0.208656721534855 0.538546511418099 0.001789641787549
      vertex -0.202407192606916 0.538536730692322 0.001722411911348
      vertex -0.202372778098752 0.533796265876257 -0.007870306322253
   endloop
endfacet
facet normal -0.750195679633250 -0.007142928743282 0.661177299087450
   outer loop
      vertex 0.130222279684053 0.910058789476581 -0.118499541481165
      vertex 0.130217088328784 0.908559039737946 -0.118521634099635
      vertex 0.136192299820504 0.904140752824937 -0.111789675298964
   endloop
endfacet
facet normal 0.250198539706598 0.907944296405557 0.336211013135060
   outer loop
      vertex 0.157428087999210 0.898345914171103 -0.104517097542793
      vertex 0.161731776644029 0.902845514032327 -0.119871034334617
      vertex 0.151785868202008 0.902782934038211 -0.112300577634696
   endloop
endfacet
facet normal -0.418053109276139 0.891733354825040 -0.173329806199140
   outer loop
      vertex -0.082611514857370 0.654326730851067 0.186077883750430
      vertex -0.088977767576020 0.649480752350148 0.176501406634554
      vertex -0.091582940933820 0.649363433497698 0.182181235800353
   endloop
endfacet
facet normal 0.357260513987906 -0.912506063036017 -0.199242590998024
   outer loop
      vertex 0.079621784832416 0.726718354321282 0.209139434899006
      vertex 0.084148038563693 0.731911154484745 0.193473056123347
      vertex 0.089658242936321 0.731619493788428 0.204689134918991
   endloop
endfacet
facet normal 0.151495787775158 0.924425448713836 0.349980879558596
   outer loop
      vertex 0.187449211374305 0.880573887112328 -0.075819653518380
      vertex 0.198936309067386 0.880556956298484 -0.080747338828657
      vertex 0.194420532936371 0.885027957665856 -0.090602124002059
   endloop
endfacet
facet normal -0.206854401927683 0.909925983532500 -0.359507942743348
   outer loop
      vertex -0.205285602050448 0.585864980502958 0.108355121183299
      vertex -0.194321260078745 0.585986437839923 0.102353848449717
      vertex -0.199151845056895 0.581212710360625 0.093050824768018
   endloop
endfacet
facet normal 0.307410075088954 0.908251060087158 0.283864505678954
   outer loop
      vertex 0.132653461814904 0.916084647003240 -0.133852309365411
      vertex 0.133870243838983 0.920639382032418 -0.149743320329482
      vertex 0.125592006647387 0.920514476350209 -0.140378784849459
   endloop
endfacet
facet normal 0.101487184271727 0.912143242975605 -0.397108367731710
   outer loop
      vertex -0.217936612118529 0.519704521262160 -0.039923758124450
      vertex -0.203717662541101 0.514897183333717 -0.047332163213014
      vertex -0.215877926193158 0.514990586005939 -0.050225364150251
   endloop
endfacet
facet normal -0.441832081155739 -0.016156875243894 0.896952265978487
   outer loop
      vertex 0.080177857103792 0.940923107734597 -0.156325127429512
      vertex 0.072062046295355 0.945320319346984 -0.160243708733815
      vertex 0.080174166013100 0.939423359033418 -0.156353960730820
   endloop
endfacet
facet normal 0.376355688565456 -0.890930617669111 0.254163392690918
   outer loop
      vertex -0.113850002381655 0.629990254007201 0.162561406834809
      vertex -0.125329503776676 0.625041331489577 0.162212139607247
      vertex -0.121661498083988 0.625147514771804 0.157152902486990
   endloop
endfacet
facet normal -0.352409554857900 -0.018381180143251 0.935665345014658
   outer loop
      vertex 0.063760972178772 0.949713877346094 -0.163758096858234
      vertex 0.055290252916585 0.952603759861502 -0.166891741776288
      vertex 0.063756878720257 0.948214243591615 -0.163789098981202
   endloop
endfacet
facet normal 0.353029907925988 -0.897410721797479 0.264620257185077
   outer loop
      vertex -0.140942410532345 0.620011691429693 0.165984224664181
      vertex -0.133116952413963 0.620216540544779 0.156238988247989
      vertex -0.125329503776676 0.625041331489577 0.162212139607247
   endloop
endfacet
facet normal -0.159268195335248 0.880628485096558 0.446236611217855
   outer loop
      vertex 0.177321267957611 0.809318710961280 0.079120540240144
      vertex 0.169017279386914 0.814466826525966 0.065997147095444
      vertex 0.165713837710122 0.809566714875784 0.074488258335074
   endloop
endfacet
facet normal 0.380045230841455 -0.896129772271812 0.229165996087410
   outer loop
      vertex -0.124092965339205 0.629661496077169 0.178262678498392
      vertex -0.117264290040757 0.629880668693073 0.167795164055948
      vertex -0.108940728097720 0.634735207873839 0.172974671883223
   endloop
endfacet
facet normal 0.292478956641065 0.917135357991827 0.270774435727153
   outer loop
      vertex 0.141381096178264 0.916194072159021 -0.142799590204462
      vertex 0.142148483020229 0.920764187634329 -0.159107846866617
      vertex 0.133870243838983 0.920639382032418 -0.149743320329482
   endloop
endfacet
facet normal 0.361593778158168 -0.891897602111825 0.271603768281072
   outer loop
      vertex -0.129204324328782 0.620319013102008 0.151366370568336
      vertex -0.136460663844936 0.615504058307890 0.145215500775625
      vertex -0.125291596263358 0.620421487646882 0.146493752888517
   endloop
endfacet
facet normal -0.037180395539133 0.925270132098382 0.377482186115048
   outer loop
      vertex 0.214626072313072 0.831485336597843 0.036030994343849
      vertex 0.215850004668567 0.835932384655970 0.025251109610798
      vertex 0.202240717743291 0.831671737177170 0.034354191321783
   endloop
endfacet
facet normal -0.227331877240041 0.920513626396025 0.317765449993793
   outer loop
      vertex 0.169100843356685 0.774238845070062 0.161084591886729
      vertex 0.176652085535421 0.779130817252555 0.152315580044807
      vertex 0.166879963186276 0.779406463802852 0.144526025441194
   endloop
endfacet
facet normal -0.171180546065282 0.912314030806960 0.371995066958622
   outer loop
      vertex 0.202279359991127 0.798743199183353 0.113901785311896
      vertex 0.196100213384845 0.803910122992010 0.098386507584649
      vertex 0.191179219231462 0.799001712442887 0.108159845108424
   endloop
endfacet
facet normal -0.107969632667361 -0.898847938508114 0.424752800887044
   outer loop
      vertex -0.191559828855808 0.511680956430551 -0.044535054824323
      vertex -0.197639961675604 0.511727707753994 -0.045981654764665
      vertex -0.195319894841141 0.507052631795177 -0.055285149917183
   endloop
endfacet
facet normal -0.263523215645457 -0.897497131386580 -0.353630335193035
   outer loop
      vertex 0.141827478101429 0.899720781030379 -0.104771296336239
      vertex 0.136192299820504 0.904140752824937 -0.111789675298964
      vertex 0.151773386543449 0.899783361024495 -0.112341753036161
   endloop
endfacet
facet normal -0.396026647966137 0.915900628442917 0.065489945171578
   outer loop
      vertex 0.017325917921941 0.701578420018523 0.237620146802239
      vertex 0.015923425049653 0.701859918378540 0.225202224116198
      vertex 0.004959837249346 0.697061437770727 0.226012401585274
   endloop
endfacet
facet normal 0.434020146602829 0.018531285858528 -0.900712553363885
   outer loop
      vertex -0.086372596248086 0.649598173289945 0.170821378536473
      vertex -0.094605086952719 0.642240597863521 0.166703070046011
      vertex -0.094595488404566 0.644645626317623 0.166757176356482
   endloop
endfacet
facet normal 0.363305145370480 0.908887397327003 0.204775658532652
   outer loop
      vertex 0.094384943236043 0.938206820796798 -0.162782988303853
      vertex 0.091691770366306 0.942821061994615 -0.178484962527821
      vertex 0.085936710264284 0.942621910221686 -0.167390628856372
   endloop
endfacet
facet normal 0.369785213394775 -0.023325816726156 0.928824419483380
   outer loop
      vertex 0.084594844940278 0.728456162567135 0.220655482262325
      vertex 0.073797350206313 0.725652274130731 0.224883785076246
      vertex 0.073777802621113 0.723591728063617 0.224839820349333
   endloop
endfacet
facet normal 0.389774076132801 -0.890254803142483 0.235632245366716
   outer loop
      vertex -0.117264290040757 0.629880668693073 0.167795164055948
      vertex -0.113850002381655 0.629990254007201 0.162561406834809
      vertex -0.105788552158221 0.634847795183916 0.167578992815299
   endloop
endfacet
facet normal -0.960018127515708 0.004804217126680 0.279896613661247
   outer loop
      vertex 0.170727493158595 0.870263147988034 -0.049112340052121
      vertex 0.173213682287581 0.864342391556695 -0.040483328074747
      vertex 0.173226273184226 0.865842237526326 -0.040465886265565
   endloop
endfacet
facet normal -0.307341665872284 0.885569447384599 -0.348292770923810
   outer loop
      vertex -0.156323277922964 0.605439700876166 0.124831453200039
      vertex -0.151533106543505 0.605523633697283 0.120817901882695
      vertex -0.157291186317091 0.600685257811257 0.113596907823250
   endloop
endfacet
facet normal 0.306720810628932 0.019452059676279 -0.951600736496920
   outer loop
      vertex -0.060718953857659 0.661861014552328 0.180554929382265
      vertex -0.060727401889310 0.659393083145563 0.180501758410263
      vertex -0.069418895933136 0.654546754497694 0.177601242398759
   endloop
endfacet
facet normal -0.419285584311451 0.907841002518477 0.004930814826413
   outer loop
      vertex -0.006208276504802 0.692542881981875 0.213787851750723
      vertex -0.016149082338270 0.688020988904483 0.201036077457006
      vertex -0.016589358595129 0.687749814165161 0.213525303225178
   endloop
endfacet
facet normal -0.381144882114737 0.924491572467851 0.006626558206483
   outer loop
      vertex -0.005858035253625 0.691992956081248 0.238779263461744
      vertex -0.017029734811066 0.687478636381853 0.226014628987936
      vertex -0.017470113014535 0.687207558573208 0.238503955807247
   endloop
endfacet
facet normal -0.080120251316125 -0.914183622362577 0.397302214860525
   outer loop
      vertex -0.219502351904146 0.521170957024564 -0.029634061799074
      vertex -0.230227306517872 0.516598450252133 -0.042318100988921
      vertex -0.217940407588992 0.516519574818641 -0.040021806716078
   endloop
endfacet
facet normal -0.811006465831245 -0.004684868666798 0.585018430808371
   outer loop
      vertex 0.141839959762105 0.902720353938461 -0.104730110935334
      vertex 0.141833768921889 0.901220568478243 -0.104750703635870
      vertex 0.147115902890933 0.896799339514620 -0.097463528222694
   endloop
endfacet
facet normal -0.645675298399764 -0.010889103704008 0.763534436981659
   outer loop
      vertex 0.117309479541957 0.918889757223856 -0.131038082948832
      vertex 0.110407496973712 0.924801751864975 -0.136790362242114
      vertex 0.110403506803762 0.923301954207748 -0.136815125770099
   endloop
endfacet
facet normal -0.568200190587296 -0.013273368792491 0.822783301421133
   outer loop
      vertex 0.103219729233941 0.927711662097647 -0.142245096710719
      vertex 0.095779248758265 0.933618258448740 -0.147288079456597
      vertex 0.095775558109952 0.932118487670017 -0.147314822874563
   endloop
endfacet
facet normal 0.943858839686698 0.004860648091576 -0.330313282877649
   outer loop
      vertex -0.183994080640448 0.569922148590443 0.065079388194630
      vertex -0.184003517840070 0.567986956508194 0.065023944853608
      vertex -0.187041762398286 0.563274335718344 0.056272918102676
   endloop
endfacet
facet normal -0.241454846681912 0.880853920952475 0.407180459939405
   outer loop
      vertex 0.143195268080224 0.785114994395159 0.113980935325761
      vertex 0.158953111237632 0.789731956430668 0.113337334922400
      vertex 0.148466506044971 0.789999721255823 0.106539603652214
   endloop
endfacet
facet normal -0.148412462099710 -0.907871037181784 -0.392101926723108
   outer loop
      vertex 0.179508874792695 0.873152586373813 -0.062000795808381
      vertex 0.175942230586888 0.877591244008223 -0.070928051768286
      vertex 0.191223834331924 0.873119763122179 -0.066358965438898
   endloop
endfacet
facet normal -0.246842341107048 -0.897462097961690 -0.365555250761077
   outer loop
      vertex 0.147109010341173 0.895299633143692 -0.097483459902354
      vertex 0.141827478101429 0.899720781030379 -0.104771296336239
      vertex 0.157414304887222 0.895346401454582 -0.104556961958666
   endloop
endfacet
facet normal 0.106452066367740 0.916822941476099 0.384842372341133
   outer loop
      vertex 0.199763447076495 0.862761942333854 -0.036874041214820
      vertex 0.209495557919823 0.867148538689765 -0.050016397272752
      vertex 0.197409993306839 0.867213053625162 -0.046827079667296
   endloop
endfacet
facet normal -0.015602337558910 -0.908381980001815 -0.417850147146893
   outer loop
      vertex 0.191667275838480 0.842121409923357 0.003861111586487
      vertex 0.191336005651059 0.846548194950419 -0.005750092779621
      vertex 0.204165064390441 0.841979543642651 0.003702858817604
   endloop
endfacet
facet normal -0.426878114525092 0.891353174377564 -0.152527354486144
   outer loop
      vertex -0.087254877519753 0.654088488988004 0.197680997588114
      vertex -0.082611514857370 0.654326730851067 0.186077883750430
      vertex -0.091582940933820 0.649363433497698 0.182181235800353
   endloop
endfacet
facet normal -0.120562718902677 -0.914043754885597 0.387283675056711
   outer loop
      vertex -0.215880156178268 0.511867764693944 -0.050321356704712
      vertex -0.225331088619284 0.507321815968439 -0.063992540115830
      vertex -0.213326571898242 0.507214182450252 -0.060509523617165
   endloop
endfacet
facet normal -0.999147915071917 0.011035338458899 0.039770153539288
   outer loop
      vertex 0.178877219502834 0.848174548756892 -0.004961131799007
      vertex 0.179169387285109 0.842263275272760 0.004019264361118
      vertex 0.179186681418803 0.843763005205320 0.004037603999156
   endloop
endfacet
facet normal 0.118685022965354 0.924455133061962 0.362348688805553
   outer loop
      vertex 0.209495557919823 0.867148538689765 -0.050016397272752
      vertex 0.218397545190652 0.871568231224543 -0.064208086584389
      vertex 0.206482929966771 0.871616916410538 -0.060429739501403
   endloop
endfacet
facet normal 0.337227668520109 0.897968542328759 0.282718935645378
   outer loop
      vertex 0.117313769453674 0.920389570773634 -0.131014259368878
      vertex 0.118216339757229 0.924941802157798 -0.146549590419478
      vertex 0.110407496973712 0.924801751864975 -0.136790362242114
   endloop
endfacet
facet normal 0.422744717462497 -0.905030262988300 -0.046980069528277
   outer loop
      vertex -0.006236660293181 0.687983618843629 0.213687890774415
      vertex 0.003349885119813 0.693121726388934 0.200970127754235
      vertex 0.004139796332937 0.692843283373337 0.213442015389330
   endloop
endfacet
facet normal 0.250676687272997 -0.926758137479254 0.279786620612603
   outer loop
      vertex -0.189877942983942 0.600543584987714 0.152815397798726
      vertex -0.197168235304709 0.595811196703986 0.143671740329212
      vertex -0.180297602233723 0.600711551660954 0.144788196226174
   endloop
endfacet
facet normal 0.254232725287793 0.924570079118675 0.283788460285526
   outer loop
      vertex 0.148539623682359 0.911746540118085 -0.135494398802703
      vertex 0.157695751982590 0.911840441535860 -0.144002869829623
      vertex 0.150108828534336 0.916303599277112 -0.151746869987127
   endloop
endfacet
facet normal 0.336667205117234 0.917478425244872 0.211869139349601
   outer loop
      vertex 0.094384943236043 0.938206820796798 -0.162782988303853
      vertex 0.100677397120153 0.938391527034759 -0.173581761819678
      vertex 0.091691770366306 0.942821061994615 -0.178484962527821
   endloop
endfacet
facet normal 0.897179151583869 -0.020507391211570 0.441190454190643
   outer loop
      vertex 0.207444342653521 0.802094930647867 0.103554320245661
      vertex 0.202256016265938 0.797150312927736 0.113875162442772
      vertex 0.207421180816942 0.800533143963130 0.103528825918812
   endloop
endfacet
facet normal -0.280135647196509 -0.908020796498292 -0.311483951908281
   outer loop
      vertex 0.139373214639366 0.908653041236019 -0.127030114069443
      vertex 0.132643980560616 0.913085083081022 -0.133898165567185
      vertex 0.148529442919841 0.908746944641440 -0.135538585096529
   endloop
endfacet
facet normal -0.212926053217534 -0.924447376582164 -0.316321899007259
   outer loop
      vertex 0.178024895966854 0.895439838101702 -0.118703967127844
      vertex 0.171665103447245 0.899908519025081 -0.127482666435836
      vertex 0.188330190515019 0.895486606306958 -0.125777459184714
   endloop
endfacet
facet normal 0.445321902812334 -0.880935214261279 0.160129794698039
   outer loop
      vertex -0.082627909222417 0.649390787508177 0.185970640799278
      vertex -0.080306226897458 0.649509858452376 0.180169083352158
      vertex -0.069418895933136 0.654546754497694 0.177601242398759
   endloop
endfacet
facet normal 0.382813098364339 0.898529893590632 0.214704825387560
   outer loop
      vertex 0.088092389373805 0.938022112465559 -0.151984204788420
      vertex 0.085936710264284 0.942621910221686 -0.167390628856372
      vertex 0.080181548194484 0.942422856435775 -0.156296294128203
   endloop
endfacet
facet normal -0.283276329223730 0.913247262123163 0.292803619386913
   outer loop
      vertex 0.152748686304156 0.764471196029942 0.177465187612722
      vertex 0.144222431080058 0.764755735936094 0.168328888075966
      vertex 0.135920635361422 0.759884018764588 0.175491983108626
   endloop
endfacet
facet normal 0.181115918385041 -0.022800254386917 0.983197422956059
   outer loop
      vertex 0.040260665797952 0.709033334305889 0.234147547871797
      vertex 0.028827399170524 0.704194001540373 0.236141459289259
      vertex 0.040243282078182 0.706879036981193 0.234100792197317
   endloop
endfacet
facet normal -0.175019218948419 -0.931072346596476 -0.320113352426944
   outer loop
      vertex 0.205633779300991 0.882027408214391 -0.096124211737667
      vertex 0.189407278896212 0.886499427890129 -0.100259698171978
      vertex 0.200356235277513 0.886514352330957 -0.106289354584827
   endloop
endfacet
facet normal -0.141521734092328 0.919794633405119 -0.365991026035672
   outer loop
      vertex -0.230889572287129 0.571529879010832 0.082448466939662
      vertex -0.219163291089781 0.571611795935622 0.078120008619645
      vertex -0.222796843578118 0.566878418712935 0.067629291511541
   endloop
endfacet
facet normal 0.325396275958134 -0.911888131253741 -0.250154551569899
   outer loop
      vertex 0.109004832754770 0.741435885104169 0.194345657234823
      vertex 0.111173865360183 0.746641495994076 0.178191085475735
      vertex 0.118269547014131 0.746351565845535 0.188477895093142
   endloop
endfacet
facet normal -0.999885937453404 0.012175085465108 -0.008937526326937
   outer loop
      vertex 0.179203975531331 0.845262736194222 0.004055843642775
      vertex 0.179051705673266 0.839353970614365 0.013041860680518
      vertex 0.179069799733581 0.840853712222721 0.013060600294902
   endloop
endfacet
facet normal -0.159527294556177 0.880262234075742 0.446866245706219
   outer loop
      vertex 0.161998238143635 0.804670435844559 0.082806787666627
      vertex 0.177321267957611 0.809318710961280 0.079120540240144
      vertex 0.165713837710122 0.809566714875784 0.074488258335074
   endloop
endfacet
facet normal 0.361300705690051 -0.906916641804872 0.216711801444324
   outer loop
      vertex -0.124092965339205 0.629661496077169 0.178262678498392
      vertex -0.132665513153351 0.624828863894116 0.172330712785624
      vertex -0.117264290040757 0.629880668693073 0.167795164055948
   endloop
endfacet
facet normal -0.205695592056548 0.912628791736668 0.353267620794455
   outer loop
      vertex 0.190413026795859 0.788928663942848 0.133730528732791
      vertex 0.185783853050027 0.794097220960894 0.117682710458268
      vertex 0.179926421603198 0.789196428768003 0.126932797462605
   endloop
endfacet
facet normal -0.990542675463396 0.008612173219928 0.136934431602311
   outer loop
      vertex 0.176929094434473 0.857004619860222 -0.022854542466852
      vertex 0.178108628074111 0.851088784256708 -0.013950086561231
      vertex 0.178124120448875 0.852588584724366 -0.013932345830161
   endloop
endfacet
facet normal -0.968042881876654 0.018019924655663 -0.250136485070346
   outer loop
      vertex 0.174108616671704 0.823248062542059 0.048703264018987
      vertex 0.171754383272603 0.817355800526168 0.057389804753287
      vertex 0.171776579230131 0.818855487737700 0.057411943114534
   endloop
endfacet
facet normal -0.227144759369593 -0.924518387075853 -0.306057200943864
   outer loop
      vertex 0.178024895966854 0.895439838101702 -0.118703967127844
      vertex 0.161719294985469 0.899845941018611 -0.119912209736081
      vertex 0.171665103447245 0.899908519025081 -0.127482666435836
   endloop
endfacet
facet normal -0.972520196059352 0.006042796092142 0.232740097258871
   outer loop
      vertex 0.173226273184226 0.865842237526326 -0.040465886265565
      vertex 0.175281650723846 0.859922822771216 -0.031723662608702
      vertex 0.175295143430223 0.861422586654990 -0.031706221857568
   endloop
endfacet
facet normal 0.874557634135668 -0.020894190248504 0.484471234841536
   outer loop
      vertex 0.202256016265938 0.797150312927736 0.113875162442772
      vertex 0.196590231970060 0.793833912760005 0.123959892065327
      vertex 0.196566806336504 0.792209928921154 0.123932140653762
   endloop
endfacet
facet normal 0.954269223907988 -0.018484515595962 0.298376559041136
   outer loop
      vertex 0.219773674260126 0.816441079967036 0.071292354176830
      vertex 0.216250314125631 0.810498479072569 0.082192634187533
      vertex 0.219751578261676 0.814941395799492 0.071270115820999
   endloop
endfacet
facet normal -0.485400034707347 -0.015611318813646 0.874152785862406
   outer loop
      vertex 0.088085105631745 0.935022694736699 -0.152039760452422
      vertex 0.080177857103792 0.940923107734597 -0.156325127429512
      vertex 0.080174166013100 0.939423359033418 -0.156353960730820
   endloop
endfacet
facet normal 0.235375943451565 -0.927173955152015 0.291456038077882
   outer loop
      vertex -0.197168235304709 0.595811196703986 0.143671740329212
      vertex -0.204008578385548 0.591090836315662 0.134179595225456
      vertex -0.187204802081160 0.595968296587317 0.136125169706304
   endloop
endfacet
facet normal 0.971562383243162 0.002644402263712 -0.236768964612206
   outer loop
      vertex -0.189638491160423 0.562313459445592 0.047491727462201
      vertex -0.189646769075764 0.560440700313403 0.047436843412398
      vertex -0.191829942444392 0.555707819520605 0.038425507128380
   endloop
endfacet
facet normal -0.228168239926558 0.022965430909815 -0.973350832573715
   outer loop
      vertex 0.038729725312913 0.715033077482654 0.183288710935488
      vertex 0.029780961819487 0.708024725703400 0.185221080780246
      vertex 0.029798343551725 0.710179123002760 0.185267837511279
   endloop
endfacet
facet normal -0.501154294461199 0.023313987728240 -0.865043831906398
   outer loop
      vertex 0.089277963648642 0.744244188422729 0.162518621517991
      vertex 0.081298535467854 0.737399867163021 0.166956958786784
      vertex 0.081319648939884 0.739366554297385 0.166997731532900
   endloop
endfacet
facet normal 0.229239360163019 -0.022970024808418 0.973099015369120
   outer loop
      vertex 0.051582866450060 0.713879866836818 0.231594704819424
      vertex 0.040260665797952 0.709033334305889 0.234147547871797
      vertex 0.051564660799058 0.711756851268559 0.231548879813150
   endloop
endfacet
facet normal -0.151489986599319 -0.924424412059253 -0.349986128795190
   outer loop
      vertex 0.198916425973051 0.877557382380535 -0.080783422388838
      vertex 0.194402249375666 0.882028423050260 -0.090638917525266
      vertex 0.210403521678602 0.877540551541355 -0.085711106642559
   endloop
endfacet
facet normal 0.212930433370372 0.924444191330451 0.316328259344772
   outer loop
      vertex 0.167733382545260 0.898392682481995 -0.111590599599106
      vertex 0.178038677093426 0.898439450687252 -0.118664091655976
      vertex 0.171677585105805 0.902908092038797 -0.127441491034372
   endloop
endfacet
facet normal 0.399749444723170 -0.904313719097556 -0.149723341184549
   outer loop
      vertex 0.058942752243173 0.716930874334108 0.216540635788301
      vertex 0.055139721809739 0.717220632376225 0.204636737153426
      vertex 0.064991420297310 0.722112973236524 0.201390750558161
   endloop
endfacet
facet normal 0.982780965730825 -0.007337368818487 -0.184628644624849
   outer loop
      vertex 0.224191072621985 0.859602003442444 -0.042094282819562
      vertex 0.226288050643433 0.856621339709381 -0.030813583021324
      vertex 0.226273558113446 0.855121557005494 -0.030831123765217
   endloop
endfacet
facet normal 0.061753344154293 -0.908921465080699 -0.412369124452011
   outer loop
      vertex 0.200542642090027 0.824243696461712 0.044416046863146
      vertex 0.188254522788671 0.824444331763082 0.042133639824198
      vertex 0.189815575298421 0.828858606224070 0.032637709199722
   endloop
endfacet
facet normal -0.334355418226256 0.890437288620796 -0.308752148715422
   outer loop
      vertex -0.136437630241355 0.620000389949714 0.145325798689620
      vertex -0.139017728882330 0.615229454787572 0.134360535374429
      vertex -0.143390418883307 0.615135552685436 0.138825018185524
   endloop
endfacet
facet normal 0.292976393483126 -0.925373226103325 0.240518658886884
   outer loop
      vertex -0.165495065677696 0.614815817589178 0.177934902458216
      vertex -0.174022732873357 0.610044809462399 0.169966464537003
      vertex -0.157199550010892 0.615012414380342 0.168586501524716
   endloop
endfacet
facet normal 0.981920880499004 0.001788676119298 -0.189283346012799
   outer loop
      vertex -0.191822246169306 0.557549462680598 0.038480062591918
      vertex -0.193577201875939 0.550978561817890 0.029314011258317
      vertex -0.193570085295909 0.552788991143707 0.029368037090200
   endloop
endfacet
facet normal 0.249174487710285 -0.891117404859851 -0.379238507314541
   outer loop
      vertex 0.163431625336862 0.781199039550042 0.128525097939426
      vertex 0.153289906212279 0.781470891061121 0.121222808675504
      vertex 0.158906194083002 0.786421898717834 0.113279276087522
   endloop
endfacet
facet normal 0.716703017365042 0.008420850883788 -0.697327666287691
   outer loop
      vertex 0.158831771267967 0.914913293400121 -0.160717073399151
      vertex 0.166846786918147 0.910434695282942 -0.152533442418067
      vertex 0.158827079636121 0.913413562472985 -0.160740005971565
   endloop
endfacet
facet normal -0.061793145326488 0.908808697272977 0.412611632109001
   outer loop
      vertex 0.186269693502460 0.823033258147093 0.051585781770596
      vertex 0.200583933940179 0.827243043070705 0.044457123769399
      vertex 0.188295912631535 0.827443780334385 0.042174717786839
   endloop
endfacet
facet normal -0.279778674163063 -0.917057477201035 -0.284129331455293
   outer loop
      vertex 0.132643980560616 0.913085083081022 -0.133898165567185
      vertex 0.141371714904221 0.913194510224449 -0.142845446406403
      vertex 0.148529442919841 0.908746944641440 -0.135538585096529
   endloop
endfacet
facet normal -0.170546780638126 0.892814526274178 0.416888495029291
   outer loop
      vertex 0.173365531215257 0.804416931266832 0.087999993603515
      vertex 0.177321267957611 0.809318710961280 0.079120540240144
      vertex 0.161998238143635 0.804670435844559 0.082806787666627
   endloop
endfacet
facet normal 0.043054862969555 0.890530365883340 -0.452881823674076
   outer loop
      vertex -0.195650496946089 0.529033438372617 -0.016906445302211
      vertex -0.194728041318520 0.524289698512697 -0.026146666423297
      vertex -0.201876718802710 0.529058137235505 -0.017449796853513
   endloop
endfacet
facet normal -0.059510512553659 -0.914369112371845 0.400484238436327
   outer loop
      vertex -0.207117827067370 0.521106791390420 -0.027940266434039
      vertex -0.219502351904146 0.521170957024564 -0.029634061799074
      vertex -0.217940407588992 0.516519574818641 -0.040021806716078
   endloop
endfacet
facet normal -0.163104158572183 0.919862236345427 0.356721879903728
   outer loop
      vertex 0.196590231970060 0.793833912760005 0.123959892065327
      vertex 0.202279359991127 0.798743199183353 0.113901785311896
      vertex 0.191179219231462 0.799001712442887 0.108159845108424
   endloop
endfacet
facet normal -0.353921006142559 0.920631580410932 -0.164855738635657
   outer loop
      vertex -0.107214074971265 0.648659212133312 0.216260807592166
      vertex -0.111889013538910 0.643954552794505 0.200024193549992
      vertex -0.117653554581262 0.643724160966031 0.211113198929034
   endloop
endfacet
facet normal -0.003346829789416 0.896276355299267 -0.443483363455523
   outer loop
      vertex -0.201979473235702 0.543280083448205 0.011305462294329
      vertex -0.196157561690033 0.538526850923185 0.001655280972846
      vertex -0.202407192606916 0.538536730692322 0.001722411911348
   endloop
endfacet
facet normal -0.096410025376322 0.889672023113743 -0.446305722902627
   outer loop
      vertex -0.197939260367111 0.557529734390726 0.039762120511215
      vertex -0.191822246169306 0.557549462680598 0.038480062591918
      vertex -0.193570085295909 0.552788991143707 0.029368037090200
   endloop
endfacet
facet normal 0.124685463492934 -0.900459442783259 -0.416684925448492
   outer loop
      vertex 0.188882438431931 0.806009323687098 0.083704390559820
      vertex 0.168971683331698 0.811467648270982 0.065950972594102
      vertex 0.216250314125631 0.810498479072569 0.082192634187533
   endloop
endfacet
facet normal 0.731163080553776 -0.022491669085256 0.681831852040423
   outer loop
      vertex 0.169054340451991 0.770741924048010 0.161019358648375
      vertex 0.161103282339165 0.767572410572642 0.169441130787653
      vertex 0.161080148907191 0.765792858038187 0.169407235634076
   endloop
endfacet
facet normal 0.415548772709773 -0.906080498584005 0.079607459356291
   outer loop
      vertex -0.057663019750386 0.663738310903050 0.207294405729112
      vertex -0.067680424983120 0.658899500709259 0.204510356287804
      vertex -0.054783185645089 0.663990601289024 0.195133282422561
   endloop
endfacet
facet normal 0.306724893400310 0.019446716106779 -0.951599529739917
   outer loop
      vertex -0.060718953857659 0.661861014552328 0.180554929382265
      vertex -0.069418895933136 0.654546754497694 0.177601242398759
      vertex -0.069404151858814 0.659545584516969 0.177708149978782
   endloop
endfacet
facet normal 0.039181685042828 0.912378614246493 -0.407467863546137
   outer loop
      vertex -0.220555486382682 0.529132333923874 -0.019080050439536
      vertex -0.219497092937274 0.524418127642966 -0.029534056107975
      vertex -0.233007930117092 0.529181732705995 -0.020166853536558
   endloop
endfacet
facet normal 0.353217926146468 -0.903259313466692 -0.243638480713675
   outer loop
      vertex 0.109004832754770 0.741435885104169 0.194345657234823
      vertex 0.102422031239411 0.741726853030346 0.183723431299300
      vertex 0.111173865360183 0.746641495994076 0.178191085475735
   endloop
endfacet
facet normal -0.111470817846378 -0.907910987067235 -0.404069172705934
   outer loop
      vertex 0.187508956202967 0.859842617209285 -0.034316342659939
      vertex 0.173213682287581 0.864342391556695 -0.040483328074747
      vertex 0.185299244913034 0.864277976595963 -0.043672644623650
   endloop
endfacet
facet normal -0.260641748981930 0.881027853244801 0.394785765313920
   outer loop
      vertex 0.153336887224563 0.784843140896435 0.121283224589848
      vertex 0.143195268080224 0.785114994395159 0.113980935325761
      vertex 0.137563300130842 0.780233199654162 0.121157159528912
   endloop
endfacet
facet normal 0.048366790865124 -0.898290500721771 0.436731988586179
   outer loop
      vertex -0.199756690841363 0.549155787380769 0.030240916246749
      vertex -0.207316326548441 0.544463180929070 0.021426154377830
      vertex -0.201103200596770 0.544468230381051 0.020748454789731
   endloop
endfacet
facet normal -0.297417311474832 0.894010483013193 0.335094313735105
   outer loop
      vertex 0.134235847220942 0.770197827749214 0.143351494818615
      vertex 0.140963312127816 0.775075581866792 0.136309003518995
      vertex 0.125272358367190 0.770479749615466 0.134643684090308
   endloop
endfacet
facet normal 0.413307512658860 -0.893221437314179 -0.177009502293348
   outer loop
      vertex 0.051336691376305 0.717510390418341 0.192732838518550
      vertex 0.056224589512607 0.722694565583559 0.177985543386375
      vertex 0.060608054884497 0.722403770932035 0.189688096974975
   endloop
endfacet
facet normal 0.037190884810386 -0.925261131390321 -0.377503214324492
   outer loop
      vertex 0.226971633045166 0.828299704410083 0.037668121435583
      vertex 0.214586280462917 0.828486005014746 0.035991317356962
      vertex 0.215811914702930 0.832932975268421 0.025212531503137
   endloop
endfacet
facet normal -0.342609916768933 0.884393712894586 -0.316964044528893
   outer loop
      vertex -0.143390418883307 0.615135552685436 0.138825018185524
      vertex -0.139017728882330 0.615229454787572 0.134360535374429
      vertex -0.145437047948855 0.610371440840571 0.127744407592797
   endloop
endfacet
facet normal 0.369796899228799 -0.921279965485221 -0.120388863755397
   outer loop
      vertex 0.040243282078182 0.706879036981193 0.234100792197317
      vertex 0.048351375525354 0.712045153401847 0.219472431339376
      vertex 0.051564660799058 0.711756851268559 0.231548879813150
   endloop
endfacet
facet normal 0.415377994269513 -0.880876918193823 -0.226973515789818
   outer loop
      vertex 0.078637832182365 0.732202916212069 0.182256878389839
      vertex 0.073127527808325 0.732494575977083 0.171040699599944
      vertex 0.081298535467854 0.737399867163021 0.166956958786784
   endloop
endfacet
facet normal -0.023200591271325 0.908646832017629 0.416920456716851
   outer loop
      vertex 0.190944254701292 0.836275813031288 0.023116689924221
      vertex 0.191560186615873 0.840696814364296 0.013515724544628
      vertex 0.178491379717653 0.836447527218947 0.022049480080931
   endloop
endfacet
facet normal 0.181110533928747 -0.022786997933424 0.983198722143813
   outer loop
      vertex 0.040260665797952 0.709033334305889 0.234147547871797
      vertex 0.028844058930608 0.706379683640156 0.236189046693914
      vertex 0.028827399170524 0.704194001540373 0.236141459289259
   endloop
endfacet
facet normal -0.392721392595470 0.915707916650227 0.085140584811098
   outer loop
      vertex 0.028844058930608 0.706379683640156 0.236189046693914
      vertex 0.026832594055299 0.706663789935259 0.223855285152176
      vertex 0.015923425049653 0.701859918378540 0.225202224116198
   endloop
endfacet
facet normal 0.353898052465430 0.908613309538648 0.221761182785448
   outer loop
      vertex 0.088092389373805 0.938022112465559 -0.151984204788420
      vertex 0.094384943236043 0.938206820796798 -0.162782988303853
      vertex 0.085936710264284 0.942621910221686 -0.167390628856372
   endloop
endfacet
facet normal -0.054315340462424 -0.908177830045848 -0.415045627375674
   outer loop
      vertex 0.190530992706724 0.850977456002282 -0.015332069084325
      vertex 0.189254341458901 0.855408991860873 -0.024861818614896
      vertex 0.202953457298416 0.850866130791842 -0.016714151602003
   endloop
endfacet
facet normal 0.182392905770965 -0.901193839233726 -0.393169800533561
   outer loop
      vertex 0.191132529793552 0.795816039906317 0.108106600426731
      vertex 0.180032389033886 0.796074553165851 0.102364660223259
      vertex 0.184686498668522 0.801039951181610 0.093142411932096
   endloop
endfacet
facet normal 0.781212012999013 0.005290183957289 -0.624243385787730
   outer loop
      vertex 0.174442377865567 0.904453940210581 -0.143986350284839
      vertex 0.181617302707609 0.901470886572694 -0.135032540434829
      vertex 0.181611011889266 0.899971099019196 -0.135053123135757
   endloop
endfacet
facet normal -0.990533506068835 0.008556326577437 0.137004243111232
   outer loop
      vertex 0.176943586964460 0.858504402564108 -0.022837001722958
      vertex 0.178124120448875 0.852588584724366 -0.013932345830161
      vertex 0.178139514809760 0.854088284286055 -0.013914706149897
   endloop
endfacet
facet normal -0.418919311029930 0.907655516752178 0.025847122771143
   outer loop
      vertex -0.006208276504802 0.692542881981875 0.213787851750723
      vertex 0.004169926036223 0.697339880786325 0.213540513950179
      vertex -0.006383398134740 0.692817895447691 0.201292096426279
   endloop
endfacet
facet normal -0.352488372106568 0.905425195059142 -0.236552665767640
   outer loop
      vertex -0.139979484063177 0.629238250254127 0.182558609979004
      vertex -0.132643472698968 0.629450617874925 0.172440035744072
      vertex -0.140919721556047 0.624570637775986 0.166093984046391
   endloop
endfacet
facet normal 0.118659916507305 0.924487311021265 0.362274807259834
   outer loop
      vertex 0.194568414701968 0.871665604640521 -0.056651492413001
      vertex 0.206482929966771 0.871616916410538 -0.060429739501403
      vertex 0.202960378469009 0.876086454998196 -0.070681752529536
   endloop
endfacet
facet normal 0.998201115606445 -0.012843500809917 0.058562592915564
   outer loop
      vertex 0.229031347199247 0.840226123958049 0.014880797310549
      vertex 0.228302879631040 0.835760671524654 0.026318219459669
      vertex 0.229013151171155 0.838726480336711 0.014862058752887
   endloop
endfacet
facet normal -0.148424136057284 0.910950917229750 -0.384887908661633
   outer loop
      vertex -0.219163291089781 0.571611795935622 0.078120008619645
      vertex -0.207437007883735 0.571693611829407 0.073791649237491
      vertex -0.210872544143150 0.566946341419650 0.063880675816233
   endloop
endfacet
facet normal -0.210330934567815 -0.020347756741728 0.977418470645715
   outer loop
      vertex -0.052054290903518 0.672875954657736 0.234263848663193
      vertex -0.063403943866827 0.668106821837959 0.231722230774964
      vertex -0.052064686925097 0.670470791313653 0.234211541197026
   endloop
endfacet
facet normal 0.134176337167456 0.890415506151319 -0.434921759572472
   outer loop
      vertex -0.201321288752000 0.510167149238204 -0.056932771646764
      vertex -0.186645508711467 0.505312675236728 -0.062343759858809
      vertex -0.213325807439407 0.510274881674712 -0.060415687094457
   endloop
endfacet
facet normal 0.423843026527453 -0.905585409074725 0.016497143237876
   outer loop
      vertex -0.026973397026893 0.678275566429768 0.212650871909384
      vertex -0.037283954835012 0.673426550965640 0.211369460588186
      vertex -0.025918216413347 0.678542574545470 0.200198274018223
   endloop
endfacet
facet normal -0.083079894087963 0.920315222578656 -0.382253348302315
   outer loop
      vertex -0.225919534808698 0.562152054308668 0.056972231066628
      vertex -0.216290204946646 0.557470650427077 0.043608395319912
      vertex -0.228524235308621 0.557431292765655 0.046172612209478
   endloop
endfacet
facet normal 0.140013205357475 -0.921646128590568 0.361890475115806
   outer loop
      vertex -0.219182265448102 0.567741408727137 0.078009221932185
      vertex -0.222814758674736 0.563070464579549 0.067518864126630
      vertex -0.207455982263222 0.567823225677264 0.073680762555613
   endloop
endfacet
facet normal 0.351697432380122 0.018992072648740 -0.935921052885196
   outer loop
      vertex 0.082320595071575 0.950622823606292 -0.210176684638688
      vertex 0.071549734308601 0.953567327328798 -0.214164373380964
      vertex 0.071558521564294 0.956566583946640 -0.214100209256588
   endloop
endfacet
facet normal -0.370179621514272 0.894801156312405 -0.249595549795130
   outer loop
      vertex -0.132643472698968 0.629450617874925 0.172440035744072
      vertex -0.125307463301126 0.629663084414043 0.162321562560113
      vertex -0.133094365405441 0.624775584878089 0.156348748686919
   endloop
endfacet
facet normal -0.414204113527360 0.908353642792321 -0.057694124162991
   outer loop
      vertex -0.037261212835561 0.678174010672802 0.211473110963714
      vertex -0.045225159979207 0.673648578537020 0.197399007045608
      vertex -0.047501570287781 0.673391036933491 0.209687254253385
   endloop
endfacet
facet normal 0.383937841968409 -0.892580014463152 -0.236416266964861
   outer loop
      vertex 0.078637832182365 0.732202916212069 0.182256878389839
      vertex 0.081298535467854 0.737399867163021 0.166956958786784
      vertex 0.087352444691574 0.737108311620094 0.177889207767498
   endloop
endfacet
facet normal 0.988620711234784 -0.006285465531821 0.150298310837741
   outer loop
      vertex -0.194728041318520 0.524289698512697 -0.026146666423297
      vertex -0.194730769777851 0.522666060700348 -0.026196619799748
      vertex -0.193364563019404 0.517954350142215 -0.035380193346552
   endloop
endfacet
facet normal 0.336421519806447 0.917600338798893 0.211731384653476
   outer loop
      vertex 0.109408747150704 0.933958330110687 -0.168242501633474
      vertex 0.106969950984931 0.938576235239237 -0.184380533335781
      vertex 0.100677397120153 0.938391527034759 -0.173581761819678
   endloop
endfacet
facet normal -0.297132388007126 0.881391335251005 0.367235153738899
   outer loop
      vertex 0.140963312127816 0.775075581866792 0.136309003518995
      vertex 0.131584099758412 0.775354592388142 0.128050575114111
      vertex 0.125272358367190 0.770479749615466 0.134643684090308
   endloop
endfacet
facet normal 0.067922848569421 -0.932004671578533 -0.356024969346263
   outer loop
      vertex 0.219751578261676 0.814941395799492 0.071270115820999
      vertex 0.210548957278778 0.819604187872647 0.057308139402969
      vertex 0.222710034088368 0.819389384534023 0.060190557160159
   endloop
endfacet
facet normal 0.047063182442488 -0.904092508404049 0.424737322478330
   outer loop
      vertex -0.207316326548441 0.544463180929070 0.021426154377830
      vertex -0.208229564632348 0.539786356434767 0.011572294412234
      vertex -0.201103200596770 0.544468230381051 0.020748454789731
   endloop
endfacet
facet normal 0.166441237246413 0.907836133729486 0.384877732324152
   outer loop
      vertex 0.179530459432885 0.876152099388779 -0.061965213279667
      vertex 0.187449211374305 0.880573887112328 -0.075819653518380
      vertex 0.175962113681223 0.880590817926172 -0.070891968208104
   endloop
endfacet
facet normal -0.359965385629317 0.913155270147409 -0.191239048708024
   outer loop
      vertex -0.111889013538910 0.643954552794505 0.200024193549992
      vertex -0.115224836467384 0.639257392565299 0.183874480130832
      vertex -0.121529188346381 0.639032217945144 0.194665838266684
   endloop
endfacet
facet normal -0.999884615159389 0.012241795734908 -0.008994153920461
   outer loop
      vertex 0.179186681418803 0.843763005205320 0.004037603999156
      vertex 0.179033511653873 0.837854225962021 0.013023221060720
      vertex 0.179051705673266 0.839353970614365 0.013041860680518
   endloop
endfacet
facet normal -0.091553974107970 0.901523450918663 -0.422934199691563
   outer loop
      vertex -0.216290204946646 0.557470650427077 0.043608395319912
      vertex -0.204056276552449 0.557510106075518 0.041044179487067
      vertex -0.205915027976155 0.552764193802119 0.031330197657864
   endloop
endfacet
facet normal -0.180026960443664 0.022795068339143 -0.983397517981833
   outer loop
      vertex 0.029798343551725 0.710179123002760 0.185267837511279
      vertex 0.029780961819487 0.708024725703400 0.185221080780246
      vertex 0.020764775890394 0.703144945751713 0.186758527847668
   endloop
endfacet
facet normal 0.341811783092038 -0.902735065271143 -0.261216589958118
   outer loop
      vertex 0.102422031239411 0.741726853030346 0.183723431299300
      vertex 0.104078283686480 0.746931428130265 0.167904275858164
      vertex 0.111173865360183 0.746641495994076 0.178191085475735
   endloop
endfacet
facet normal -0.344487051824369 -0.019274522969884 0.938593183381191
   outer loop
      vertex -0.085678275363725 0.653583089360283 0.224873842948390
      vertex -0.096549749032572 0.651143984068754 0.220833653256756
      vertex -0.096557895241790 0.648675963931971 0.220779981255610
   endloop
endfacet
facet normal -0.222195926581399 0.925643469155329 -0.306289304776908
   outer loop
      vertex -0.197145119150609 0.600056853246300 0.143783290309633
      vertex -0.193663387278822 0.595419633400369 0.127243245241874
      vertex -0.203985817592874 0.595273870578041 0.134291083772314
   endloop
endfacet
facet normal 0.253267814780070 -0.900959216613405 0.352317901895275
   outer loop
      vertex -0.173041285498191 0.591528026920667 0.113035878588746
      vertex -0.178412664921193 0.586783948666752 0.104765440207084
      vertex -0.167880119337520 0.591600857350677 0.109511958795332
   endloop
endfacet
facet normal -0.022903967040909 0.920925249715790 -0.389065666346569
   outer loop
      vertex -0.245651147274612 0.543296724220328 0.013915327511554
      vertex -0.233173469569031 0.543292000017618 0.013169594897314
      vertex -0.233655041224497 0.538585832407925 0.002058363416956
   endloop
endfacet
facet normal 0.384499965616714 -0.903580422251387 -0.188950249972717
   outer loop
      vertex 0.064991420297310 0.722112973236524 0.201390750558161
      vertex 0.069715801717058 0.727301357668748 0.186193109364075
      vertex 0.074668794279086 0.727009805479512 0.197666321600473
   endloop
endfacet
facet normal -0.346483940669613 0.881986961255093 0.319449337194592
   outer loop
      vertex 0.119783817112196 0.760457493305595 0.156405991237563
      vertex 0.111715408008751 0.760744229519755 0.146863095296450
      vertex 0.104504283840388 0.755884653199080 0.152458800234345
   endloop
endfacet
facet normal 0.994759084326114 -0.005191429903157 0.102114706121263
   outer loop
      vertex -0.195653909119286 0.527378787856799 -0.016957226180297
      vertex -0.195657321313649 0.525724138397323 -0.017008107052803
      vertex -0.194733400244470 0.521042524850308 -0.026246572119811
   endloop
endfacet
facet normal 0.543875931137272 -0.023219530904734 0.838844338905693
   outer loop
      vertex 0.125387182079721 0.747965948648355 0.198803118262596
      vertex 0.115609267702794 0.743080418680332 0.205007526316470
      vertex 0.125365128687836 0.746061633709346 0.198764704710715
   endloop
endfacet
facet normal -0.440601154460809 0.897328791497461 0.025916454956422
   outer loop
      vertex -0.006383398134740 0.692817895447691 0.201292096426279
      vertex 0.003380014823099 0.697618323801922 0.201068626315084
      vertex -0.006558517777145 0.693092808938844 0.188796340045283
   endloop
endfacet
facet normal 0.286144385097331 -0.888270598916435 0.359300339518221
   outer loop
      vertex -0.151556477994123 0.601215352637313 0.120706690446219
      vertex -0.162296020044983 0.596361099730097 0.117258793674188
      vertex -0.157314302450026 0.596439600212601 0.113485457837248
   endloop
endfacet
facet normal 0.200907830419883 -0.901348552327390 -0.383675423884947
   outer loop
      vertex 0.185736999774218 0.790849354314198 0.117627108697275
      vertex 0.174930720834428 0.791112664502733 0.111349927090050
      vertex 0.180032389033886 0.796074553165851 0.102364660223259
   endloop
endfacet
facet normal -0.954535196770457 0.018519516008773 -0.297522412018297
   outer loop
      vertex 0.171754383272603 0.817355800526168 0.057389804753287
      vertex 0.171732187315076 0.815856113314637 0.057367666392039
      vertex 0.168971683331698 0.811467648270982 0.065950972594102
   endloop
endfacet
facet normal 0.230774593560491 -0.890944657110363 -0.391101911186186
   outer loop
      vertex 0.169392799275663 0.786154133892679 0.120077007357707
      vertex 0.158906194083002 0.786421898717834 0.113279276087522
      vertex 0.164124341914394 0.791375972703622 0.105072745482993
   endloop
endfacet
facet normal -0.309943300561079 0.915706113902173 -0.255768378419784
   outer loop
      vertex -0.165472030086583 0.619312049256339 0.178045199315657
      vertex -0.157176416448234 0.619508749066154 0.168696699444126
      vertex -0.165253972737673 0.614666234854731 0.161147934326366
   endloop
endfacet
facet normal -0.084039988197560 -0.904264237294558 0.418620913875366
   outer loop
      vertex -0.207117827067370 0.521106791390420 -0.027940266434039
      vertex -0.217940407588992 0.516519574818641 -0.040021806716078
      vertex -0.205653408679870 0.516440701372793 -0.037725512443403
   endloop
endfacet
facet normal 0.402252477730765 -0.914868214976504 0.034772020147901
   outer loop
      vertex -0.038951546754914 0.673164081348959 0.223754932300599
      vertex -0.049798672659267 0.668323170629442 0.221870886528663
      vertex -0.037283954835012 0.673426550965640 0.211369460588186
   endloop
endfacet
facet normal -0.886042739832214 -0.008314629247910 0.463528995998194
   outer loop
      vertex -0.216260718123265 0.583714583824689 0.114300660551113
      vertex -0.221643351664008 0.580995437311010 0.103962899361513
      vertex -0.221653746136389 0.578997713110302 0.103907195655641
   endloop
endfacet
facet normal 0.926493339224764 0.006213831531661 -0.376259857903872
   outer loop
      vertex -0.180527400330209 0.576639589526503 0.073726596220179
      vertex -0.183994080640448 0.569922148590443 0.065079388194630
      vertex -0.183984543460582 0.571857342660338 0.065134831535486
   endloop
endfacet
facet normal -0.198610423638121 0.903490938970008 0.379813141980868
   outer loop
      vertex 0.174977574110237 0.794360531149429 0.111405528851045
      vertex 0.180079078471797 0.799260225702421 0.102417904904953
      vertex 0.164171195190204 0.794623839350318 0.105128347243986
   endloop
endfacet
facet normal 0.454012378770552 -0.883760564520873 0.113313831992621
   outer loop
      vertex -0.064203863446093 0.659146292921233 0.192506057348951
      vertex -0.060727401889310 0.659393083145563 0.180501758410263
      vertex -0.051903353527326 0.664242991649664 0.182972160172566
   endloop
endfacet
facet normal -0.063937509010442 -0.021489957498963 0.997722494819192
   outer loop
      vertex -0.017496648877897 0.682585529610002 0.238402731347597
      vertex -0.029071214366657 0.680083953680424 0.237607111674032
      vertex -0.029083558335830 0.677741556286341 0.237555867702537
   endloop
endfacet
facet normal -0.282910687987075 0.923887570237683 -0.257668974040317
   outer loop
      vertex -0.165472030086583 0.619312049256339 0.178045199315657
      vertex -0.165253972737673 0.614666234854731 0.161147934326366
      vertex -0.173999354705994 0.614478529568782 0.170077000999527
   endloop
endfacet
facet normal 0.400832994947045 0.898719207720350 0.177867073502348
   outer loop
      vertex 0.063765065635171 0.951213511206205 -0.163727104734707
      vertex 0.068404945371131 0.951440797182450 -0.175331743651921
      vertex 0.055299040174395 0.955603016373711 -0.166827567652471
   endloop
endfacet
facet normal 0.763658192173152 -0.022173463618311 0.645239880229051
   outer loop
      vertex 0.176605342593749 0.775696281283033 0.152252805993943
      vertex 0.169077591893755 0.772490385087206 0.161051925270343
      vertex 0.169054340451991 0.770741924048010 0.161019358648375
   endloop
endfacet
facet normal 0.072678404981861 -0.892051523256735 0.446051487279923
   outer loop
      vertex -0.191837740666089 0.553866273291289 0.038371052715979
      vertex -0.199756690841363 0.549155787380769 0.030240916246749
      vertex -0.193584218496890 0.549168135536061 0.029259885431849
   endloop
endfacet
facet normal -0.062390344627549 -0.904466402570921 0.421957310065452
   outer loop
      vertex -0.200925664650392 0.521074707642044 -0.027093468745774
      vertex -0.207117827067370 0.521106791390420 -0.027940266434039
      vertex -0.205653408679870 0.516440701372793 -0.037725512443403
   endloop
endfacet
facet normal -0.228692164680743 0.887588293169780 -0.399858619566458
   outer loop
      vertex -0.177874748125539 0.586168674360875 0.093351889880412
      vertex -0.172392676136748 0.586229351582551 0.090351202988302
      vertex -0.176660438451191 0.581429982478937 0.082138650180271
   endloop
endfacet
facet normal 0.023207765258195 -0.908631148804393 -0.416954236162831
   outer loop
      vertex 0.203359039719291 0.833104689456080 0.024145321659849
      vertex 0.190906166744353 0.833276302612733 0.023078210754424
      vertex 0.191523898514998 0.837697329159938 0.013478245316028
   endloop
endfacet
facet normal -0.073533086313016 -0.908090655455174 -0.412267203027691
   outer loop
      vertex 0.189254341458901 0.855408991860873 -0.024861818614896
      vertex 0.187508956202967 0.859842617209285 -0.034316342659939
      vertex 0.201594080992148 0.855313147621753 -0.026851654013467
   endloop
endfacet
facet normal 0.917651854000115 -0.020068187161168 0.396878246713291
   outer loop
      vertex 0.212120178873466 0.807044002040648 0.092993220160281
      vertex 0.207444342653521 0.802094930647867 0.103554320245661
      vertex 0.212097198946665 0.805513313870447 0.092968954370127
   endloop
endfacet
facet normal -0.387618791935646 0.903527833418585 -0.182726917492382
   outer loop
      vertex -0.111889013538910 0.643954552794505 0.200024193549992
      vertex -0.106124472517725 0.644184945679324 0.188935088176533
      vertex -0.115224836467384 0.639257392565299 0.183874480130832
   endloop
endfacet
facet normal -0.995875248753617 0.000825070823526 0.090729312672684
   outer loop
      vertex -0.244588477353685 0.546212200018500 0.025545949157516
      vertex -0.245656784548913 0.541548729979670 0.013862260948031
      vertex -0.244594834295385 0.544432989160961 0.025492352962571
   endloop
endfacet
facet normal -0.696104743019665 0.022688602990128 -0.717581642769576
   outer loop
      vertex 0.125272358367190 0.770479749615466 0.134643684090308
      vertex 0.118620853942300 0.763798514594457 0.140884863661488
      vertex 0.118643767354375 0.765609258723874 0.140919888414558
   endloop
endfacet
facet normal 0.337828214169837 -0.898320392130915 0.280878213453052
   outer loop
      vertex -0.140608420684572 0.615405709924977 0.149889700714099
      vertex -0.147786489039181 0.610608030451582 0.143178965590648
      vertex -0.136460663844936 0.615504058307890 0.145215500775625
   endloop
endfacet
facet normal 0.017403642072528 0.921070627070893 -0.389006443635377
   outer loop
      vertex -0.233599765974911 0.533882639976567 -0.009062750818605
      vertex -0.233007930117092 0.529181732705995 -0.020166853536558
      vertex -0.246090491921518 0.533917230364103 -0.009539668197990
   endloop
endfacet
facet normal -0.988343344334613 0.005855628274491 -0.152128713026124
   outer loop
      vertex -0.244271333536732 0.521299387546186 -0.033021451483868
      vertex -0.242512408685530 0.518269846907072 -0.044565370437506
      vertex -0.242514297416504 0.516677423871409 -0.044614394205060
   endloop
endfacet
facet normal -0.622541920120851 0.023048052770359 -0.782246984625534
   outer loop
      vertex 0.111715408008751 0.760744229519755 0.146863095296450
      vertex 0.104481910427192 0.754011528923727 0.152421416287704
      vertex 0.104504283840388 0.755884653199080 0.152458800234345
   endloop
endfacet
facet normal 0.337464240904983 0.925506426867914 0.171917829024830
   outer loop
      vertex 0.097446830467925 0.943020213787616 -0.189579298099163
      vertex 0.092881014596760 0.947673315524473 -0.205666495052177
      vertex 0.087677245838131 0.947459976808711 -0.194303320926524
   endloop
endfacet
facet normal 0.154381090381988 -0.902919488080726 0.401127008535336
   outer loop
      vertex -0.195729799037419 0.567905039583404 0.069352403173625
      vertex -0.198966061833255 0.563206413011629 0.060021533797984
      vertex -0.189866659432510 0.567946048033130 0.067188174541893
   endloop
endfacet
facet normal -0.131437658471778 0.022583691625652 -0.991067161603094
   outer loop
      vertex 0.020781435650478 0.705330627851496 0.186806115252323
      vertex 0.011684272826119 0.698270382602461 0.187851718839055
      vertex 0.011700110633805 0.700487347515023 0.187900136917498
   endloop
endfacet
facet normal -0.026107961745168 0.896379286670640 -0.442518416296257
   outer loop
      vertex -0.208218252100346 0.543282446742147 0.011678328601348
      vertex -0.201979473235702 0.543280083448205 0.011305462294329
      vertex -0.202407192606916 0.538536730692322 0.001722411911348
   endloop
endfacet
facet normal -0.278848204404539 -0.924795758279780 -0.258836790986310
   outer loop
      vertex 0.133861662030132 0.917639854801893 -0.149790956433396
      vertex 0.142139899223845 0.917764760378467 -0.159155481913978
      vertex 0.150099447260293 0.913304037342540 -0.151792726189067
   endloop
endfacet
facet normal 0.042558285042762 -0.922644315525660 0.383296568471994
   outer loop
      vertex -0.232168630394633 0.544442987096437 0.024136952729899
      vertex -0.233184782079866 0.539795908653896 0.013063660702618
      vertex -0.219742478471536 0.544453084012754 0.022781553553865
   endloop
endfacet
facet normal 0.336832577885546 -0.912094234437834 -0.233726168796390
   outer loop
      vertex 0.099460361152892 0.736525301440205 0.199753806779734
      vertex 0.102422031239411 0.741726853030346 0.183723431299300
      vertex 0.109004832754770 0.741435885104169 0.194345657234823
   endloop
endfacet
facet normal 0.047111389781475 -0.903882508608723 0.425178700764819
   outer loop
      vertex -0.205929161198303 0.549143339250815 0.031221946005095
      vertex -0.219742478471536 0.544453084012754 0.022781553553865
      vertex -0.207316326548441 0.544463180929070 0.021426154377830
   endloop
endfacet
facet normal -0.622551603666014 0.023065237136481 -0.782238771481389
   outer loop
      vertex 0.111715408008751 0.760744229519755 0.146863095296450
      vertex 0.111692716582943 0.758902194877055 0.146826839892915
      vertex 0.104481910427192 0.754011528923727 0.152421416287704
   endloop
endfacet
facet normal -0.058023633820693 0.917664764660304 0.393096219288855
   outer loop
      vertex 0.198430770333216 0.822818453752128 0.054468299522205
      vertex 0.212871955248826 0.827042305807025 0.046739529751959
      vertex 0.200583933940179 0.827243043070705 0.044457123769399
   endloop
endfacet
facet normal -0.397554969714168 -0.017293397012665 0.917415382733105
   outer loop
      vertex 0.072062046295355 0.945320319346984 -0.160243708733815
      vertex 0.063760972178772 0.949713877346094 -0.163758096858234
      vertex 0.072058253008288 0.943820680041317 -0.160273620918121
   endloop
endfacet
facet normal -0.376632294856947 0.924991592322346 -0.050385202230029
   outer loop
      vertex -0.040596398662900 0.677649171414102 0.236244055445093
      vertex -0.049777880594944 0.673133496261265 0.221975601455415
      vertex -0.052054290903518 0.672875954657736 0.234263848663193
   endloop
endfacet
facet normal 0.111682948081631 -0.918261808030769 -0.379897579644644
   outer loop
      vertex 0.216250314125631 0.810498479072569 0.082192634187533
      vertex 0.168971683331698 0.811467648270982 0.065950972594102
      vertex 0.195741932789081 0.815398755022716 0.064318941103645
   endloop
endfacet
facet normal -0.153301364633293 0.912169292312159 0.380060355423064
   outer loop
      vertex 0.196100213384845 0.803910122992010 0.098386507584649
      vertex 0.200535928513267 0.808822698100642 0.088385204045035
      vertex 0.184732922279590 0.804163528651415 0.093193200596791
   endloop
endfacet
facet normal 0.004737311201292 -0.898122309013550 -0.439720224614187
   outer loop
      vertex 0.191523898514998 0.837697329159938 0.013478245316028
      vertex 0.179033511653873 0.837854225962021 0.013023221060720
      vertex 0.179169387285109 0.842263275272760 0.004019264361118
   endloop
endfacet
facet normal 0.967760598591028 -0.017382300078081 0.251271326375955
   outer loop
      vertex 0.222752925961094 0.822388746043874 0.060233233974450
      vertex 0.219795872205186 0.817940667203903 0.071314491481524
      vertex 0.222731530014853 0.820889066282771 0.060211895567222
   endloop
endfacet
facet normal 0.021384771368205 -0.917501484522132 -0.397157043816692
   outer loop
      vertex 0.215811914702930 0.832932975268421 0.025212531503137
      vertex 0.203359039719291 0.833104689456080 0.024145321659849
      vertex 0.204014285376122 0.837540432357856 0.013933269571334
   endloop
endfacet
facet normal -0.542974991718950 0.023264937960772 -0.839426531049315
   outer loop
      vertex 0.097026706871102 0.751030086018808 0.157694494389910
      vertex 0.097004653458050 0.749125772136140 0.157655980843610
      vertex 0.089277963648642 0.744244188422729 0.162518621517991
   endloop
endfacet
facet normal 0.356663337429921 -0.912799887746145 -0.198966400841890
   outer loop
      vertex 0.095168549297893 0.731327734048751 0.215905312652332
      vertex 0.089658242936321 0.731619493788428 0.204689134918991
      vertex 0.099460361152892 0.736525301440205 0.199753806779734
   endloop
endfacet
facet normal 0.777808172974695 0.012278898061811 -0.628381790566972
   outer loop
      vertex -0.151544791264465 0.603369442651795 0.120762345633389
      vertex -0.157314302450026 0.596439600212601 0.113485457837248
      vertex -0.157302795367447 0.598562478005438 0.113541183358609
   endloop
endfacet
facet normal -0.407024751899002 0.892784388064658 -0.193046335809749
   outer loop
      vertex -0.106124472517725 0.644184945679324 0.188935088176533
      vertex -0.100360029446918 0.644415234489148 0.177846181735523
      vertex -0.108920484588387 0.639482567185456 0.173083121994981
   endloop
endfacet
facet normal -0.299914566937388 0.891585619440236 -0.339302719921502
   outer loop
      vertex -0.150024077415284 0.610282406600186 0.131988674901550
      vertex -0.151533106543505 0.605523633697283 0.120817901882695
      vertex -0.156323277922964 0.605439700876166 0.124831453200039
   endloop
endfacet
facet normal -0.003233796954168 0.901952227282795 -0.431823716644727
   outer loop
      vertex -0.208218252100346 0.543282446742147 0.011678328601348
      vertex -0.202407192606916 0.538536730692322 0.001722411911348
      vertex -0.208656721534855 0.538546511418099 0.001789641787549
   endloop
endfacet
facet normal 0.374562648185600 -0.903681947986129 -0.207513275402286
   outer loop
      vertex 0.089658242936321 0.731619493788428 0.204689134918991
      vertex 0.084148038563693 0.731911154484745 0.193473056123347
      vertex 0.093406453916705 0.736816757008469 0.188821556742466
   endloop
endfacet
facet normal -0.238270711445404 0.912972810565884 0.331221550075974
   outer loop
      vertex 0.176652085535421 0.779130817252555 0.152315580044807
      vertex 0.173620125513239 0.784299433898988 0.135887803118025
      vertex 0.166879963186276 0.779406463802852 0.144526025441194
   endloop
endfacet
facet normal -0.150727003826211 0.892339018623356 0.425455574836996
   outer loop
      vertex 0.173365531215257 0.804416931266832 0.087999993603515
      vertex 0.188928498244612 0.809070703071486 0.083752822145546
      vertex 0.177321267957611 0.809318710961280 0.079120540240144
   endloop
endfacet
facet normal -0.024117180446656 0.911997345139665 -0.409486512678387
   outer loop
      vertex -0.219729804580234 0.548011504932771 0.022888745943822
      vertex -0.208218252100346 0.543282446742147 0.011678328601348
      vertex -0.220695911818576 0.543287272373392 0.012423962277691
   endloop
endfacet
facet normal -0.379849467632079 0.911905515643056 -0.155379253696879
   outer loop
      vertex -0.091898238194604 0.653850147150279 0.209284110369245
      vertex -0.096793285619553 0.649128693705451 0.193541093064235
      vertex -0.102003630305287 0.648893953913204 0.204900950328118
   endloop
endfacet
facet normal 0.114098987253351 0.021162243716842 -0.993243968292095
   outer loop
      vertex -0.024838543825712 0.683494172468378 0.187848261951697
      vertex -0.033937349022175 0.676325171587246 0.186650291825555
      vertex -0.033926027008223 0.678698849931501 0.186702166482333
   endloop
endfacet
facet normal 0.320241349731453 0.908260115176324 0.269275028738402
   outer loop
      vertex 0.110407496973712 0.924801751864975 -0.136790362242114
      vertex 0.118216339757229 0.924941802157798 -0.146549590419478
      vertex 0.110544166774674 0.929366518392148 -0.152349780108971
   endloop
endfacet
facet normal 0.211400580328621 0.020378733615569 -0.977187035246041
   outer loop
      vertex -0.042959245672455 0.671500954808822 0.185058452371828
      vertex -0.042969641715200 0.669095792521081 0.185006044911243
      vertex -0.051903353527326 0.664242991649664 0.182972160172566
   endloop
endfacet
facet normal 0.262426050629756 -0.919078711219596 0.293984507302333
   outer loop
      vertex -0.180297602233723 0.600711551660954 0.144788196226174
      vertex -0.187204802081160 0.595968296587317 0.136125169706304
      vertex -0.170717159515727 0.600879420347175 0.136760993596904
   endloop
endfacet
facet normal 0.399625249026049 -0.915036127159547 0.054850217262334
   outer loop
      vertex -0.049798672659267 0.668323170629442 0.221870886528663
      vertex -0.060542953835927 0.663486018529429 0.219455529035826
      vertex -0.047522362330937 0.668580710245326 0.209582639321051
   endloop
endfacet
facet normal -0.383363499655450 0.894147853661662 -0.231369926576833
   outer loop
      vertex -0.124071673365814 0.634346054648508 0.178371665027664
      vertex -0.117242998088532 0.634565228320754 0.167904050590801
      vertex -0.125307463301126 0.629663084414043 0.162321562560113
   endloop
endfacet
facet normal 0.908959480026488 -0.001040539109627 -0.416883174220715
   outer loop
      vertex 0.205642871092281 0.883527174475549 -0.096105809976260
      vertex 0.210423404772936 0.880540125459305 -0.085675023082379
      vertex 0.210413413235647 0.879040337506508 -0.085693064862386
   endloop
endfacet
facet normal -0.583449460342825 0.023144722351496 -0.811819591444391
   outer loop
      vertex 0.104481910427192 0.754011528923727 0.152421416287704
      vertex 0.096982700025242 0.747221460241118 0.157617467297145
      vertex 0.097004653458050 0.749125772136140 0.157655980843610
   endloop
endfacet
facet normal -0.217102197275799 -0.931162466483591 -0.292921656676689
   outer loop
      vertex 0.188330190515019 0.895486606306958 -0.125777459184714
      vertex 0.171665103447245 0.899908519025081 -0.127482666435836
      vertex 0.181611011889266 0.899971099019196 -0.135053123135757
   endloop
endfacet
facet normal -0.148432103597604 -0.907848740749155 -0.392146113765984
   outer loop
      vertex 0.182630315297921 0.868714734820920 -0.052908327877901
      vertex 0.167793915274632 0.873185408569104 -0.057642526183446
      vertex 0.179508874792695 0.873152586373813 -0.062000795808381
   endloop
endfacet
facet normal -0.234417508137147 -0.907896707419897 -0.347522661901178
   outer loop
      vertex 0.162663870591607 0.890908222927817 -0.096503335916392
      vertex 0.147109010341173 0.895299633143692 -0.097483459902354
      vertex 0.157414304887222 0.895346401454582 -0.104556961958666
   endloop
endfacet
facet normal -0.762962451809133 0.022223102313133 -0.646060702142590
   outer loop
      vertex 0.137539930658122 0.778515831166565 0.121125821444135
      vertex 0.131537496873474 0.771857669378445 0.127985341875923
      vertex 0.131560848295482 0.773606132405287 0.128017908497725
   endloop
endfacet
facet normal -0.542961557681077 0.023234169556956 -0.839436072756905
   outer loop
      vertex 0.097004653458050 0.749125772136140 0.157655980843610
      vertex 0.089256430196223 0.742308688908035 0.162478978371701
      vertex 0.089277963648642 0.744244188422729 0.162518621517991
   endloop
endfacet
facet normal -0.138236392325015 0.895293696873063 -0.423485414360789
   outer loop
      vertex -0.198948246716881 0.567014365157370 0.060131961183061
      vertex -0.192986048003041 0.567048377491882 0.058257653863601
      vertex -0.195685348763098 0.562286574920608 0.049071811572392
   endloop
endfacet
facet normal -0.252587595958768 -0.916907231937437 -0.308999408395223
   outer loop
      vertex 0.145754818835416 0.904219074638606 -0.119838841281433
      vertex 0.155317337850328 0.904297396452275 -0.127888007263903
      vertex 0.161719294985469 0.899845941018611 -0.119912209736081
   endloop
endfacet
facet normal 0.015310686643469 0.924829929918885 0.380072603065173
   outer loop
      vertex 0.216540960338122 0.840383020760131 0.014425773055242
      vertex 0.229195129781507 0.844695268958712 0.003423032556080
      vertex 0.216697341229545 0.844837135239418 0.003581285324964
   endloop
endfacet
facet normal -0.054540253578457 0.925409480833467 0.375023537292170
   outer loop
      vertex 0.212871955248826 0.827042305807025 0.046739529751959
      vertex 0.214626072313072 0.831485336597843 0.036030994343849
      vertex 0.200583933940179 0.827243043070705 0.044457123769399
   endloop
endfacet
facet normal -0.269507246092901 0.921330898425441 0.280205674300130
   outer loop
      vertex 0.152748686304156 0.764471196029942 0.177465187612722
      vertex 0.161126415728806 0.769351965219782 0.169474825952394
      vertex 0.144222431080058 0.764755735936094 0.168328888075966
   endloop
endfacet
facet normal 0.155148818571609 -0.910197346319310 -0.384017753299401
   outer loop
      vertex 0.207421180816942 0.800533143963130 0.103528825918812
      vertex 0.196053789752610 0.800786546578547 0.098335618925536
      vertex 0.200489868679419 0.805761319772596 0.088336672464891
   endloop
endfacet
facet normal 0.281785673755335 -0.879024521310376 -0.384594234227863
   outer loop
      vertex 0.147288679559481 0.776523016078001 0.128884040076079
      vertex 0.137516559176703 0.776798563709975 0.121094384421494
      vertex 0.143148289055473 0.781742644585181 0.113920518354861
   endloop
endfacet
facet normal 0.434227840887780 0.018319453572308 -0.900616777446850
   outer loop
      vertex -0.086381568575266 0.647161645422344 0.170767639372457
      vertex -0.086390438955836 0.644725020624067 0.170713799157305
      vertex -0.094614683492173 0.639835468378413 0.166649062673405
   endloop
endfacet
facet normal 0.083633573091950 -0.022381124285326 0.996245206125278
   outer loop
      vertex 0.017310082101788 0.699361355131299 0.237571727667242
      vertex 0.005749646494692 0.696783092742149 0.238484290277089
      vertex 0.005734632626938 0.694534745042145 0.238435040468305
   endloop
endfacet
facet normal -0.282804784356921 0.913532493785967 0.292369349867643
   outer loop
      vertex 0.144222431080058 0.764755735936094 0.168328888075966
      vertex 0.152162924908689 0.769633986004356 0.160767116275060
      vertex 0.135696175834793 0.765040276898588 0.159192488544791
   endloop
endfacet
facet normal -0.781554381154516 -0.005897922327298 0.623809236714561
   outer loop
      vertex 0.136197992899430 0.905640420766603 -0.111768363694340
      vertex 0.136192299820504 0.904140752824937 -0.111789675298964
      vertex 0.141827478101429 0.899720781030379 -0.104771296336239
   endloop
endfacet
facet normal -0.240975351701844 -0.924526223308140 -0.295266222734264
   outer loop
      vertex 0.164879856865239 0.904375718265943 -0.135937173246373
      vertex 0.157685569232540 0.908840946033879 -0.144047055066896
      vertex 0.174442377865567 0.904453940210581 -0.143986350284839
   endloop
endfacet
facet normal 0.080887497659136 -0.908940235295042 -0.409004720491386
   outer loop
      vertex 0.183737110042201 0.815627435162500 0.060843303747760
      vertex 0.174065724820145 0.820248699975866 0.048660687199116
      vertex 0.186226801629735 0.820033896637243 0.051543104956306
   endloop
endfacet
facet normal 0.999182949143118 -0.010388812704441 -0.039057735626297
   outer loop
      vertex 0.228794037255513 0.849167609995333 -0.008027378462644
      vertex 0.229195129781507 0.844695268958712 0.003423032556080
      vertex 0.228777743008928 0.847667895713861 -0.008045318124670
   endloop
endfacet
facet normal 0.987695368247288 -0.015162738402456 0.155653303553099
   outer loop
      vertex 0.227011424895321 0.831299035993181 0.037707798422469
      vertex 0.225159974569939 0.826841668518009 0.049021936791073
      vertex 0.226991528970243 0.829799370201633 0.037687959929027
   endloop
endfacet
facet normal -0.411104038915650 0.908201246695343 -0.078510920821657
   outer loop
      vertex -0.060524109761530 0.668359112223935 0.219561107468414
      vertex -0.057644275656234 0.668611402609909 0.207399984161864
      vertex -0.067663630887595 0.663835461509806 0.204616699288528
   endloop
endfacet
facet normal -0.045651223121117 0.898302993171188 0.436998510623584
   outer loop
      vertex 0.176007893331588 0.827644416567060 0.039892410742143
      vertex 0.189855365161043 0.831858037781832 0.032677387243162
      vertex 0.177470012578795 0.832044338386495 0.031000583164541
   endloop
endfacet
facet normal -0.091630566930781 0.901300338746531 -0.423392889145923
   outer loop
      vertex -0.201732106385530 0.562259692383269 0.050651895682417
      vertex -0.197939260367111 0.557529734390726 0.039762120511215
      vertex -0.204056276552449 0.557510106075518 0.041044179487067
   endloop
endfacet
facet normal -0.995870216189870 0.000823388893829 0.090784550098969
   outer loop
      vertex -0.244582120411985 0.547991410876037 0.025599545352461
      vertex -0.245651147274612 0.543296724220328 0.013915327511554
      vertex -0.244588477353685 0.546212200018500 0.025545949157516
   endloop
endfacet
facet normal -0.439159079835098 0.879523900013182 -0.183240311896678
   outer loop
      vertex -0.088977767576020 0.649480752350148 0.176501406634554
      vertex -0.086372596248086 0.649598173289945 0.170821378536473
      vertex -0.094595488404566 0.644645626317623 0.166757176356482
   endloop
endfacet
facet normal -0.296826052230656 0.913446252508648 0.278406606414199
   outer loop
      vertex 0.143989044486035 0.759597281494086 0.185034979044155
      vertex 0.135920635361422 0.759884018764588 0.175491983108626
      vertex 0.127277836022021 0.755019121861352 0.182238999140895
   endloop
endfacet
facet normal -0.233816679871227 0.903822037014634 0.358378969277934
   outer loop
      vertex 0.163478506368901 0.784571287397712 0.128585513853937
      vertex 0.169439816410537 0.789464193593158 0.120135066192420
      vertex 0.153336887224563 0.784843140896435 0.121283224589848
   endloop
endfacet
facet normal -0.896692753818305 0.020487979267619 -0.442179090364159
   outer loop
      vertex 0.161998238143635 0.804670435844559 0.082806787666627
      vertex 0.161975076328223 0.803108648103479 0.082781393334197
      vertex 0.157855451239743 0.798184465940535 0.090907402685441
   endloop
endfacet
facet normal -0.374691198310606 0.883119324642159 -0.282323864297971
   outer loop
      vertex -0.129181637318850 0.624878058366622 0.151476231001518
      vertex -0.125268907265893 0.624980432936833 0.146603612265144
      vertex -0.132289873422887 0.620098739388970 0.140651498756727
   endloop
endfacet
facet normal -0.142677678289230 0.902738692625060 0.405839787299857
   outer loop
      vertex 0.184732922279590 0.804163528651415 0.093193200596791
      vertex 0.200535928513267 0.808822698100642 0.088385204045035
      vertex 0.188928498244612 0.809070703071486 0.083752822145546
   endloop
endfacet
facet normal -0.441744912742234 -0.016157914827350 0.896995180508117
   outer loop
      vertex 0.080181548194484 0.942422856435775 -0.156296294128203
      vertex 0.072065939562667 0.946819960640297 -0.160213796549674
      vertex 0.080177857103792 0.940923107734597 -0.156325127429512
   endloop
endfacet
facet normal 0.543889391465005 -0.023258940323624 0.838834519763492
   outer loop
      vertex 0.125387182079721 0.747965948648355 0.198803118262596
      vertex 0.115630899147925 0.745016020157335 0.205047170519149
      vertex 0.115609267702794 0.743080418680332 0.205007526316470
   endloop
endfacet
facet normal -0.332517823642723 0.914340378469837 0.231113758265369
   outer loop
      vertex 0.109048099620098 0.745306888108847 0.194424943527072
      vertex 0.118313553859991 0.750160191623225 0.188554922185908
      vertex 0.102465298104738 0.745597856035024 0.183802717591549
   endloop
endfacet
facet normal -0.602891753422397 -0.016023009180117 0.797662081856774
   outer loop
      vertex -0.147315593420098 0.629025780671022 0.192677183157547
      vertex -0.156570535846202 0.624160842615139 0.185584355827636
      vertex -0.147326564661517 0.626714955189942 0.192622472209307
   endloop
endfacet
facet normal -0.435173018215644 -0.018476761366925 0.900157238212567
   outer loop
      vertex -0.107222947318200 0.646222686253357 0.216207068427986
      vertex -0.117653554581262 0.643724160966031 0.211113198929034
      vertex -0.117663153108249 0.641319131455586 0.211059192612981
   endloop
endfacet
facet normal -0.111670228697473 0.918281483021225 0.379853758653240
   outer loop
      vertex 0.216295908214482 0.813497756245876 0.082238909739848
      vertex 0.195786226711425 0.818398027483469 0.064363216769751
      vertex 0.169017279386914 0.814466826525966 0.065997147095444
   endloop
endfacet
facet normal -0.265568408720809 0.916956690868906 -0.297764751708866
   outer loop
      vertex -0.172959020896542 0.609837043649591 0.153209609354201
      vertex -0.170693890032887 0.605187799394164 0.136872206090099
      vertex -0.180274230783106 0.605019832720923 0.144899407662651
   endloop
endfacet
facet normal 0.980153153116943 -0.007236854190007 0.198109627167249
   outer loop
      vertex -0.193362714280528 0.519546772382820 -0.035331169578931
      vertex -0.193364563019404 0.517954350142215 -0.035380193346552
      vertex -0.191558663873131 0.513242368080371 -0.044487058547176
   endloop
endfacet
facet normal 0.999884623741542 -0.011648715016638 0.009749186822346
   outer loop
      vertex 0.229195129781507 0.844695268958712 0.003423032556080
      vertex 0.229031347199247 0.840226123958049 0.014880797310549
      vertex 0.229177835668979 0.843195537969810 0.003404792912461
   endloop
endfacet
facet normal 0.441293047778797 -0.894619231434466 -0.070120444448862
   outer loop
      vertex 0.014489258549528 0.697707386938770 0.212687464216718
      vertex 0.013086765698407 0.697988884242445 0.200269641525096
      vertex 0.022776242753236 0.702860739481945 0.199092288332853
   endloop
endfacet
facet normal -0.019217751540698 -0.898651964803623 0.438241171251980
   outer loop
      vertex -0.202416941789263 0.535102872885522 0.001617734855027
      vertex -0.208626543839223 0.530442030936860 -0.008212033881352
      vertex -0.202381165879466 0.530424736569410 -0.007973625188894
   endloop
endfacet
facet normal -0.979020281561283 0.016292400783408 -0.203110428014857
   outer loop
      vertex 0.175987197416390 0.826144742268740 0.039871872289100
      vertex 0.175966501501192 0.824645067970421 0.039851333836056
      vertex 0.174065724820145 0.820248699975866 0.048660687199116
   endloop
endfacet
facet normal -0.928152303173748 0.002277003928389 0.372193655730961
   outer loop
      vertex 0.164475015988140 0.880607748740015 -0.065964282897830
      vertex 0.167804706611543 0.874685214535749 -0.057624684393603
      vertex 0.167815499914821 0.876184921584071 -0.057606943654732
   endloop
endfacet
facet normal 0.162720455386512 -0.890930187243850 0.423987564506843
   outer loop
      vertex -0.180547433971399 0.572706770299260 0.073615350235754
      vertex -0.189866659432510 0.567946048033130 0.067188174541893
      vertex -0.184003517840070 0.567986956508194 0.065023944853608
   endloop
endfacet
facet normal -0.460856427244489 0.884540969095639 0.072101508020239
   outer loop
      vertex 0.013118541294022 0.702422816055213 0.200366477681815
      vertex 0.011716048442901 0.702704313358888 0.187948654990192
      vertex 0.002590103588809 0.697896767873862 0.188596638685571
   endloop
endfacet
facet normal -0.862311838625639 -0.009060122971904 0.506296560464126
   outer loop
      vertex -0.210359361201654 0.590502807377850 0.124474086136237
      vertex -0.216249844041905 0.585743525153638 0.114356393916715
      vertex -0.210370514952672 0.588442653952296 0.124418223116155
   endloop
endfacet
facet normal 0.960128645871768 -0.004196230745764 -0.279527055978440
   outer loop
      vertex 0.218397545190652 0.871568231224543 -0.064208086584389
      vertex 0.221581122532808 0.867084023754368 -0.053205714878209
      vertex 0.218385854073874 0.870068405256406 -0.064225728383902
   endloop
endfacet
facet normal 0.002985580480358 -0.917276455953265 -0.398239864482467
   outer loop
      vertex 0.203359039719291 0.833104689456080 0.024145321659849
      vertex 0.191523898514998 0.837697329159938 0.013478245316028
      vertex 0.204014285376122 0.837540432357856 0.013933269571334
   endloop
endfacet
facet normal 0.246810036266465 0.897488556672475 0.365512101906495
   outer loop
      vertex 0.152039173958673 0.893876992371938 -0.089905148397090
      vertex 0.157428087999210 0.898345914171103 -0.104517097542793
      vertex 0.147122693472917 0.898299143872567 -0.097443595486315
   endloop
endfacet
facet normal 0.316974641758334 -0.891532542482267 -0.323568852297747
   outer loop
      vertex 0.119738430327848 0.756773621856837 0.156333682532437
      vertex 0.118597940530226 0.761987770465040 0.140849838908418
      vertex 0.127124095795246 0.761703227514899 0.149986238439758
   endloop
endfacet
facet normal 0.051487158904192 -0.931872544603234 -0.359113677103320
   outer loop
      vertex 0.222710034088368 0.819389384534023 0.060190557160159
      vertex 0.212830663398673 0.824042959198032 0.046698452845706
      vertex 0.225118682719787 0.823842321909015 0.048980859884820
   endloop
endfacet
facet normal -0.455387252652824 0.885786429432137 -0.089469836007333
   outer loop
      vertex -0.054764443538469 0.668863792970548 0.195238861911869
      vertex -0.051884607445640 0.669115983381859 0.183077737548765
      vertex -0.060710607793785 0.664329043946111 0.180608101410987
   endloop
endfacet
facet normal -0.417593352663441 0.907880669306554 -0.036993000835163
   outer loop
      vertex -0.038928806742997 0.677911641030784 0.223858583732681
      vertex -0.037261212835561 0.678174010672802 0.211473110963714
      vertex -0.047501570287781 0.673391036933491 0.209687254253385
   endloop
endfacet
facet normal -0.583465159332000 0.023171274771042 -0.811807551006498
   outer loop
      vertex 0.104481910427192 0.754011528923727 0.152421416287704
      vertex 0.104459537013996 0.752138404648374 0.152384032341063
      vertex 0.096982700025242 0.747221460241118 0.157617467297145
   endloop
endfacet
facet normal 0.403467739413879 -0.914630503280844 -0.025784214560180
   outer loop
      vertex -0.005886419042004 0.687433692943002 0.238679302485436
      vertex -0.006061540650776 0.687708705352476 0.226183647155412
      vertex 0.004929707546060 0.692564840357740 0.225913903024426
   endloop
endfacet
facet normal -0.400791006027724 -0.898740488650091 -0.177854163708022
   outer loop
      vertex 0.055290252916585 0.952603759861502 -0.166891741776288
      vertex 0.073036740157839 0.948668717662721 -0.186998387871791
      vertex 0.068396760443750 0.948441429593196 -0.175393738954969
   endloop
endfacet
facet normal -0.304478378117643 -0.917249333979371 -0.256800655320913
   outer loop
      vertex 0.118208357434031 0.921942306606738 -0.146599096420011
      vertex 0.126017198230017 0.922082456874225 -0.156358323540821
      vertex 0.133861662030132 0.917639854801893 -0.149790956433396
   endloop
endfacet
facet normal 0.086895085057377 0.896635008336117 -0.434160000482497
   outer loop
      vertex -0.199506113754846 0.519586211093389 -0.036479316715435
      vertex -0.197637631689083 0.514850529997293 -0.045885562215952
      vertex -0.205649613209407 0.519625647816313 -0.037627463851773
   endloop
endfacet
facet normal 0.353991172015822 0.917892261812049 0.179343374119107
   outer loop
      vertex 0.091691770366306 0.942821061994615 -0.178484962527821
      vertex 0.087677245838131 0.947459976808711 -0.194303320926524
      vertex 0.082473477079714 0.947246638082385 -0.182940145800926
   endloop
endfacet
facet normal 0.306825680964096 -0.909215946818680 0.281397163367952
   outer loop
      vertex -0.156531870986336 0.610420324109291 0.152108132258229
      vertex -0.163808488709407 0.605644207484038 0.144610301838416
      vertex -0.147786489039181 0.610608030451582 0.143178965590648
   endloop
endfacet
facet normal 0.306684421843270 -0.917615705110587 0.252836079571449
   outer loop
      vertex -0.157199550010892 0.615012414380342 0.168586501524716
      vertex -0.165277252933491 0.610232617767000 0.161037298925810
      vertex -0.148904036331620 0.615209111146168 0.159238101647767
   endloop
endfacet
facet normal -0.376777762464953 0.904177896915154 -0.201248225935019
   outer loop
      vertex -0.121529188346381 0.639032217945144 0.194665838266684
      vertex -0.115224836467384 0.639257392565299 0.183874480130832
      vertex -0.124071673365814 0.634346054648508 0.178371665027664
   endloop
endfacet
facet normal 0.278202445017389 -0.918378523826374 0.281397026567158
   outer loop
      vertex -0.182156502683313 0.605287875729842 0.161587068976899
      vertex -0.172982445716821 0.605466043128933 0.153098635410365
      vertex -0.165277252933491 0.610232617767000 0.161037298925810
   endloop
endfacet
facet normal -0.449705048664421 0.878375996332325 -0.161928929697342
   outer loop
      vertex -0.082611514857370 0.654326730851067 0.186077883750430
      vertex -0.069404151858814 0.659545584516969 0.177708149978782
      vertex -0.080289932512656 0.654445799807621 0.180276326303477
   endloop
endfacet
facet normal -0.105413684801214 -0.904215188199877 0.413863321019502
   outer loop
      vertex -0.205653408679870 0.516440701372793 -0.037725512443403
      vertex -0.215880156178268 0.511867764693944 -0.050321356704712
      vertex -0.203719992506456 0.511774360034076 -0.047428155767309
   endloop
endfacet
facet normal -0.080805393772489 0.909104065332809 0.408656685657574
   outer loop
      vertex 0.186269693502460 0.823033258147093 0.051585781770596
      vertex 0.188295912631535 0.827443780334385 0.042174717786839
      vertex 0.174108616671704 0.823248062542059 0.048703264018987
   endloop
endfacet
facet normal -0.660111100855133 0.022871789086430 -0.750819695926932
   outer loop
      vertex 0.118620853942300 0.763798514594457 0.140884863661488
      vertex 0.111670021203236 0.757060359127340 0.146790686596905
      vertex 0.111692716582943 0.758902194877055 0.146826839892915
   endloop
endfacet
facet normal 0.381346819243442 -0.913138342244578 -0.144058916335413
   outer loop
      vertex 0.048351375525354 0.712045153401847 0.219472431339376
      vertex 0.055139721809739 0.717220632376225 0.204636737153426
      vertex 0.058942752243173 0.716930874334108 0.216540635788301
   endloop
endfacet
facet normal -0.015448426188233 -0.917265266251261 -0.397977106700009
   outer loop
      vertex 0.204165064390441 0.841979543642651 0.003702858817604
      vertex 0.203811187992479 0.846421458494742 -0.006521215149348
      vertex 0.216662852963568 0.841837676305602 0.003544706043140
   endloop
endfacet
facet normal 0.864053037663585 0.002180303527952 -0.503396061149526
   outer loop
      vertex 0.194598782877918 0.894000527775881 -0.116143086334504
      vertex 0.200372817370681 0.889513943941071 -0.106251690050805
      vertex 0.194591292556990 0.892500703377633 -0.116162439102095
   endloop
endfacet
facet normal -0.379607831532079 0.888859649816300 -0.256566594021822
   outer loop
      vertex -0.125307463301126 0.629663084414043 0.162321562560113
      vertex -0.121639357649360 0.629769270740258 0.157262225445273
      vertex -0.129181637318850 0.624878058366622 0.151476231001518
   endloop
endfacet
facet normal 0.353666998636639 0.908736393950730 0.221625405549035
   outer loop
      vertex 0.102593998948251 0.933788244292382 -0.157765291073312
      vertex 0.100677397120153 0.938391527034759 -0.173581761819678
      vertex 0.094384943236043 0.938206820796798 -0.162782988303853
   endloop
endfacet
facet normal 0.561860301980206 0.016913950419459 -0.827059199416777
   outer loop
      vertex -0.110425067752674 0.632442069147839 0.157382092352819
      vertex -0.117993392432222 0.625253701098019 0.152093565372150
      vertex -0.117982423178336 0.627564626553762 0.152148277376942
   endloop
endfacet
facet normal 0.980198498851544 -0.006814592480936 0.197900136883478
   outer loop
      vertex -0.193364563019404 0.517954350142215 -0.035380193346552
      vertex -0.191559828855808 0.511680956430551 -0.044535054824323
      vertex -0.191558663873131 0.513242368080371 -0.044487058547176
   endloop
endfacet
facet normal -0.432271828523532 0.897847534646861 -0.083730942867475
   outer loop
      vertex -0.057644275656234 0.668611402609909 0.207399984161864
      vertex -0.054764443538469 0.668863792970548 0.195238861911869
      vertex -0.064187169330812 0.664082251734135 0.192612400349840
   endloop
endfacet
facet normal 0.050272909567288 0.924666222439023 0.377445375708838
   outer loop
      vertex 0.216318954873169 0.849294349494997 -0.007256356087501
      vertex 0.227829071269427 0.853643076399685 -0.019442935169140
      vertex 0.215406708645512 0.853754303623105 -0.018060853708182
   endloop
endfacet
facet normal -0.113010217590903 -0.021165377802740 0.993368369489649
   outer loop
      vertex -0.029083558335830 0.677741556286341 0.237555867702537
      vertex -0.040607718668153 0.675275392038841 0.236192279726179
      vertex -0.040619140662350 0.672901711706942 0.236140405069567
   endloop
endfacet
facet normal 0.065036640695454 0.021483026072006 -0.997651599987611
   outer loop
      vertex -0.015708706122333 0.688292166687791 0.188546751694248
      vertex -0.024850889782418 0.681151875048958 0.187797019036755
      vertex -0.024838543825712 0.683494172468378 0.187848261951697
   endloop
endfacet
facet normal -0.138382433290549 0.895040494424031 -0.423972658903582
   outer loop
      vertex -0.189847685053023 0.571816434185273 0.067299061223772
      vertex -0.187023947303079 0.567082288920427 0.056383245493335
      vertex -0.192986048003041 0.567048377491882 0.058257653863601
   endloop
endfacet
facet normal -0.927138538447326 -0.005913001614695 0.374672079207488
   outer loop
      vertex -0.226526967433252 0.576257837404462 0.093318493663503
      vertex -0.230889572287129 0.571529879010832 0.082448466939662
      vertex -0.226536884263020 0.574291429250315 0.093262920668334
   endloop
endfacet
facet normal 0.065901726907719 -0.898571874434086 -0.433849684645032
   outer loop
      vertex 0.188254522788671 0.824444331763082 0.042133639824198
      vertex 0.175966501501192 0.824645067970421 0.039851333836056
      vertex 0.177430222716172 0.829044906828733 0.030960905121101
   endloop
endfacet
facet normal -0.426569248258362 0.898331201116088 -0.105070117262823
   outer loop
      vertex -0.054764443538469 0.668863792970548 0.195238861911869
      vertex -0.060710607793785 0.664329043946111 0.180608101410987
      vertex -0.064187169330812 0.664082251734135 0.192612400349840
   endloop
endfacet
facet normal 0.835571468102004 0.010385017942081 -0.549283599879156
   outer loop
      vertex -0.162696094370298 0.595856822949033 0.106099628599583
      vertex -0.167745177259687 0.588977952520208 0.098288896955267
      vertex -0.167734125497614 0.591038204989123 0.098344661037650
   endloop
endfacet
facet normal -0.886094522774762 -0.008047670322047 0.463434711379019
   outer loop
      vertex -0.216260718123265 0.583714583824689 0.114300660551113
      vertex -0.221653746136389 0.578997713110302 0.103907195655641
      vertex -0.216271492245547 0.581685645539729 0.114244827190928
   endloop
endfacet
facet normal -0.034869312142764 0.931878574091830 0.361090645433066
   outer loop
      vertex 0.227011424895321 0.831299035993181 0.037707798422469
      vertex 0.228302879631040 0.835760671524654 0.026318219459669
      vertex 0.214626072313072 0.831485336597843 0.036030994343849
   endloop
endfacet
facet normal 0.258431464439087 -0.910700659827079 0.322238244748185
   outer loop
      vertex -0.177241268877367 0.596125398458294 0.128578599083231
      vertex -0.183363715791077 0.591382263041996 0.120083817113605
      vertex -0.167277835653819 0.596282498341625 0.121032028460322
   endloop
endfacet
facet normal 0.971508521211161 0.002960341015372 -0.236986137981056
   outer loop
      vertex -0.189638491160423 0.562313459445592 0.047491727462201
      vertex -0.191829942444392 0.555707819520605 0.038425507128380
      vertex -0.191822246169306 0.557549462680598 0.038480062591918
   endloop
endfacet
facet normal -0.002532532326083 0.928451357291572 -0.371445370712107
   outer loop
      vertex -0.245651147274612 0.543296724220328 0.013915327511554
      vertex -0.233655041224497 0.538585832407925 0.002058363416956
      vertex -0.246154241061417 0.538605492107780 0.002192724231726
   endloop
endfacet
facet normal 0.201243683976965 -0.901031697241359 -0.384243230552909
   outer loop
      vertex 0.169392799275663 0.786154133892679 0.120077007357707
      vertex 0.164124341914394 0.791375972703622 0.105072745482993
      vertex 0.174930720834428 0.791112664502733 0.111349927090050
   endloop
endfacet
facet normal 0.211864929930529 0.897431834837735 0.386948773464020
   outer loop
      vertex 0.160725945152160 0.885030901987530 -0.074146222422526
      vertex 0.167526150166331 0.889469075041748 -0.088162761866912
      vertex 0.156577195781029 0.889454050203719 -0.082133066512851
   endloop
endfacet
facet normal -0.282447157610134 0.921523461530377 0.266492238174076
   outer loop
      vertex 0.143989044486035 0.759597281494086 0.185034979044155
      vertex 0.152748686304156 0.764471196029942 0.177465187612722
      vertex 0.135920635361422 0.759884018764588 0.175491983108626
   endloop
endfacet
facet normal 0.063008025327345 0.902296334792050 -0.426487177961052
   outer loop
      vertex -0.207112566134131 0.524353863090500 -0.027840361793913
      vertex -0.205649613209407 0.519625647816313 -0.037627463851773
      vertex -0.219497092937274 0.524418127642966 -0.029534056107975
   endloop
endfacet
facet normal -0.314354255582315 0.881582971006125 0.352126209233709
   outer loop
      vertex 0.134235847220942 0.770197827749214 0.143351494818615
      vertex 0.125272358367190 0.770479749615466 0.134643684090308
      vertex 0.118643767354375 0.765609258723874 0.140919888414558
   endloop
endfacet
facet normal 0.071846150308181 -0.925405642172073 -0.372105533581519
   outer loop
      vertex 0.207746755514795 0.815170075939275 0.067794478465113
      vertex 0.198387878460490 0.819819092242276 0.054425622707914
      vertex 0.210548957278778 0.819604187872647 0.057308139402969
   endloop
endfacet
facet normal 0.265422488702038 0.908002424482862 0.324164309609280
   outer loop
      vertex 0.151785868202008 0.902782934038211 -0.112300577634696
      vertex 0.155328720030996 0.907296932390568 -0.127845391940990
      vertex 0.145766101035840 0.907218608589254 -0.119796225958354
   endloop
endfacet
facet normal 0.207699086201576 0.916750905041841 0.341216745919651
   outer loop
      vertex 0.162679051191836 0.893907875805238 -0.096464640380983
      vertex 0.173318928427116 0.893938759132903 -0.103024122365435
      vertex 0.167733382545260 0.898392682481995 -0.111590599599106
   endloop
endfacet
facet normal 0.252665512409885 0.916853604901982 0.309094817195131
   outer loop
      vertex 0.145766101035840 0.907218608589254 -0.119796225958354
      vertex 0.155328720030996 0.907296932390568 -0.127845391940990
      vertex 0.148539623682359 0.911746540118085 -0.135494398802703
   endloop
endfacet
facet normal 0.763663315565411 -0.022205125190587 0.645232727684294
   outer loop
      vertex 0.176628714075168 0.777413548739623 0.152284243016584
      vertex 0.169077591893755 0.772490385087206 0.161051925270343
      vertex 0.176605342593749 0.775696281283033 0.152252805993943
   endloop
endfacet
facet normal -0.250247540460858 -0.907907064644577 -0.336275081535576
   outer loop
      vertex 0.151773386543449 0.899783361024495 -0.112341753036161
      vertex 0.145754818835416 0.904219074638606 -0.119838841281433
      vertex 0.161719294985469 0.899845941018611 -0.119912209736081
   endloop
endfacet
facet normal -0.320055899191981 -0.908368916878747 -0.269128467912528
   outer loop
      vertex 0.110399514648397 0.921802256419552 -0.136839878242088
      vertex 0.118208357434031 0.921942306606738 -0.146599096420011
      vertex 0.125583424836419 0.917514949225318 -0.140426430952815
   endloop
endfacet
facet normal -0.042693891526735 -0.892688501350111 0.448647379557259
   outer loop
      vertex -0.196135787898543 0.530407441145618 -0.007735116502018
      vertex -0.201883543170270 0.525748837260213 -0.017551458604105
      vertex -0.195657321313649 0.525724138397323 -0.017008107052803
   endloop
endfacet
facet normal 0.336074485591890 -0.907835546922533 0.250775915665783
   outer loop
      vertex -0.148767766704117 0.619806745383932 0.175729360029235
      vertex -0.140942410532345 0.620011691429693 0.165984224664181
      vertex -0.132665513153351 0.624828863894116 0.172330712785624
   endloop
endfacet
facet normal 0.025158316870846 -0.904026251303771 0.426735979319623
   outer loop
      vertex -0.207316326548441 0.544463180929070 0.021426154377830
      vertex -0.220707122382800 0.539791084078993 0.012317927031857
      vertex -0.208229564632348 0.539786356434767 0.011572294412234
   endloop
endfacet
facet normal -0.052197891220185 -0.917071181808876 -0.395292078908543
   outer loop
      vertex 0.202953457298416 0.850866130791842 -0.016714151602003
      vertex 0.201594080992148 0.855313147621753 -0.026851654013467
      vertex 0.215375821909863 0.850754803593758 -0.018096234119515
   endloop
endfacet
facet normal -0.353861542600552 -0.908632592628352 -0.221740434476525
   outer loop
      vertex 0.094377559515855 0.935207400974659 -0.162838533968247
      vertex 0.085929226113005 0.939622510911982 -0.167448304401711
      vertex 0.100670113380210 0.935392109200265 -0.173637307484239
   endloop
endfacet
facet normal 0.359153816666840 -0.892490678287507 -0.272889950609304
   outer loop
      vertex 0.111173865360183 0.746641495994076 0.178191085475735
      vertex 0.104078283686480 0.746931428130265 0.167904275858164
      vertex 0.112050687099391 0.751849926160577 0.162310832325099
   endloop
endfacet
facet normal 0.017420367635053 0.920914836486926 -0.389374363215811
   outer loop
      vertex -0.233655041224497 0.538585832407925 0.002058363416956
      vertex -0.221109010013065 0.533848049128983 -0.008585733444852
      vertex -0.233599765974911 0.533882639976567 -0.009062750818605
   endloop
endfacet
facet normal -0.762965740170901 0.022216446327144 -0.646057047665345
   outer loop
      vertex 0.137563300130842 0.780233199654162 0.121157159528912
      vertex 0.131560848295482 0.773606132405287 0.128017908497725
      vertex 0.131584099758412 0.775354592388142 0.128050575114111
   endloop
endfacet
facet normal -0.414578145651288 0.901496007789611 -0.124217185154608
   outer loop
      vertex -0.085663631248480 0.658581916335572 0.224980850522997
      vertex -0.069404151858814 0.659545584516969 0.177708149978782
      vertex -0.087254877519753 0.654088488988004 0.197680997588114
   endloop
endfacet
facet normal -0.296333770985734 0.913730208586235 0.277998924620815
   outer loop
      vertex 0.135920635361422 0.759884018764588 0.175491983108626
      vertex 0.144222431080058 0.764755735936094 0.168328888075966
      vertex 0.127852226236809 0.760170756035092 0.165948987173094
   endloop
endfacet
facet normal 0.177377134742802 -0.920843808107993 0.347252117545168
   outer loop
      vertex -0.205307150273846 0.581807102876694 0.108243554457346
      vertex -0.221664142596302 0.577000088884258 0.103851493006324
      vertex -0.210418390307678 0.577108776452739 0.098395356243435
   endloop
endfacet
facet normal 0.234457376892958 -0.901407473764728 0.363997671230963
   outer loop
      vertex -0.178412664921193 0.586783948666752 0.104765440207084
      vertex -0.183378566331850 0.582050016619323 0.096240908995930
      vertex -0.173084547956071 0.586850872886880 0.101499237071218
   endloop
endfacet
facet normal -0.122264576828150 0.920057746010385 -0.372216492460132
   outer loop
      vertex -0.234721141004387 0.566810394975214 0.071378006144714
      vertex -0.222796843578118 0.566878418712935 0.067629291511541
      vertex -0.225919534808698 0.562152054308668 0.056972231066628
   endloop
endfacet
facet normal 0.086034220017463 -0.898739939263372 -0.429958875427474
   outer loop
      vertex 0.186226801629735 0.820033896637243 0.051543104956306
      vertex 0.174065724820145 0.820248699975866 0.048660687199116
      vertex 0.175966501501192 0.824645067970421 0.039851333836056
   endloop
endfacet
facet normal -0.159271232743885 0.880627214431048 0.446238034712032
   outer loop
      vertex 0.188928498244612 0.809070703071486 0.083752822145546
      vertex 0.169017279386914 0.814466826525966 0.065997147095444
      vertex 0.177321267957611 0.809318710961280 0.079120540240144
   endloop
endfacet
facet normal 0.731151388164603 -0.022423013827494 0.681846651407680
   outer loop
      vertex 0.169077591893755 0.772490385087206 0.161051925270343
      vertex 0.161103282339165 0.767572410572642 0.169441130787653
      vertex 0.169054340451991 0.770741924048010 0.161019358648375
   endloop
endfacet
facet normal -0.221698046556880 0.880696806081019 0.418596598064958
   outer loop
      vertex 0.148466506044971 0.789999721255823 0.106539603652214
      vertex 0.164171195190204 0.794623839350318 0.105128347243986
      vertex 0.153364816249003 0.794887148607550 0.098851065642510
   endloop
endfacet
facet normal -0.449704943401019 0.878376091822330 -0.161928704050938
   outer loop
      vertex -0.087254877519753 0.654088488988004 0.197680997588114
      vertex -0.069404151858814 0.659545584516969 0.177708149978782
      vertex -0.082611514857370 0.654326730851067 0.186077883750430
   endloop
endfacet
facet normal -0.037135463008655 -0.922772080946658 0.383552661328932
   outer loop
      vertex -0.233608053754214 0.530511111601023 -0.009165969690994
      vertex -0.245467248209182 0.525921830518998 -0.021355318384091
      vertex -0.233014754484651 0.525872432730701 -0.020268515287151
   endloop
endfacet
facet normal -0.223188121112038 -0.916776652719866 -0.331221423857572
   outer loop
      vertex 0.167719601420805 0.895393069790810 -0.111630465071532
      vertex 0.161719294985469 0.899845941018611 -0.119912209736081
      vertex 0.178024895966854 0.895439838101702 -0.118703967127844
   endloop
endfacet
facet normal -0.344526243067073 -0.019082512574500 0.938582721741633
   outer loop
      vertex -0.085663631248480 0.658581916335572 0.224980850522997
      vertex -0.096549749032572 0.651143984068754 0.220833653256756
      vertex -0.085678275363725 0.653583089360283 0.224873842948390
   endloop
endfacet
facet normal 0.861615481440335 0.009096634914276 -0.507480062047344
   outer loop
      vertex -0.167745177259687 0.588977952520208 0.098288896955267
      vertex -0.167756329023172 0.586917699119989 0.098233032878632
      vertex -0.172414224360146 0.582171473956288 0.090239636262349
   endloop
endfacet
facet normal -0.349973696167231 0.890143205821827 -0.291827834725008
   outer loop
      vertex -0.140585387080991 0.619902041566801 0.149999998628094
      vertex -0.136437630241355 0.620000389949714 0.145325798689620
      vertex -0.143390418883307 0.615135552685436 0.138825018185524
   endloop
endfacet
facet normal 0.090709567762105 -0.903500442452535 0.418877935447173
   outer loop
      vertex -0.201748860189169 0.558514070168937 0.050542126526590
      vertex -0.216305699443428 0.553787461037768 0.043499385443974
      vertex -0.204071671068987 0.553826918673854 0.040935169610961
   endloop
endfacet
facet normal -0.810786008958405 -0.004108192497210 0.585328258699088
   outer loop
      vertex 0.141839959762105 0.902720353938461 -0.104730110935334
      vertex 0.147115902890933 0.896799339514620 -0.097463528222694
      vertex 0.147122693472917 0.898299143872567 -0.097443595486315
   endloop
endfacet
facet normal -0.393132125885865 0.888181711314633 -0.237866305479927
   outer loop
      vertex -0.117242998088532 0.634565228320754 0.167904050590801
      vertex -0.113828710429430 0.634674813634882 0.162670293369661
      vertex -0.121639357649360 0.629769270740258 0.157262225445273
   endloop
endfacet
facet normal -0.123192676828181 0.902607684750388 0.412459612332471
   outer loop
      vertex 0.188928498244612 0.809070703071486 0.083752822145546
      vertex 0.216295908214482 0.813497756245876 0.082238909739848
      vertex 0.169017279386914 0.814466826525966 0.065997147095444
   endloop
endfacet
facet normal 0.179546699024394 -0.896945033025269 0.404045282859166
   outer loop
      vertex -0.186297316364632 0.572659001878738 0.076064399384300
      vertex -0.189866659432510 0.567946048033130 0.067188174541893
      vertex -0.180547433971399 0.572706770299260 0.073615350235754
   endloop
endfacet
facet normal -0.113019859753770 -0.021127894660314 0.993368070439382
   outer loop
      vertex -0.029071214366657 0.680083953680424 0.237607111674032
      vertex -0.040596398662900 0.677649171414102 0.236244055445093
      vertex -0.040607718668153 0.675275392038841 0.236192279726179
   endloop
endfacet
facet normal -0.144990353268501 -0.931063245539367 -0.334811932679790
   outer loop
      vertex 0.214653653387805 0.873054116743950 -0.075075504688601
      vertex 0.198916425973051 0.877557382380535 -0.080783422388838
      vertex 0.210403521678602 0.877540551541355 -0.085711106642559
   endloop
endfacet
facet normal -0.874037934078086 0.020934631111833 -0.485406459591055
   outer loop
      vertex 0.157855451239743 0.798184465940535 0.090907402685441
      vertex 0.153317962973194 0.791639281960853 0.098795463881516
      vertex 0.153341390615448 0.793263164768698 0.098823314230946
   endloop
endfacet
facet normal -0.886081116996980 -0.007981970521313 0.463461478709914
   outer loop
      vertex -0.216249844041905 0.585743525153638 0.114356393916715
      vertex -0.221643351664008 0.580995437311010 0.103962899361513
      vertex -0.216260718123265 0.583714583824689 0.114300660551113
   endloop
endfacet
facet normal -0.132899946790617 -0.892789526352093 0.430423588780932
   outer loop
      vertex -0.195319894841141 0.507052631795177 -0.055285149917183
      vertex -0.201322155178612 0.507106548000763 -0.057026607112753
      vertex -0.186644907603105 0.502314095055817 -0.062435340355181
   endloop
endfacet
facet normal 0.383987104447832 -0.922778474030032 0.032152627957537
   outer loop
      vertex -0.040619140662350 0.672901711706942 0.236140405069567
      vertex -0.052075082946674 0.668065627969570 0.234159233730859
      vertex -0.038951546754914 0.673164081348959 0.223754932300599
   endloop
endfacet
facet normal 0.134173613919189 0.890412329927040 -0.434929102316417
   outer loop
      vertex -0.189316872032369 0.510059514788714 -0.053449855142351
      vertex -0.186645508711467 0.505312675236728 -0.062343759858809
      vertex -0.195319030402062 0.510113333007282 -0.055191313394640
   endloop
endfacet
facet normal 0.502101719529322 -0.023311538607247 0.864494323528768
   outer loop
      vertex 0.115609267702794 0.743080418680332 0.205007526316470
      vertex 0.105556595313384 0.740167222128314 0.210767602309067
      vertex 0.105535483828887 0.738200435019287 0.210726828506398
   endloop
endfacet
facet normal 0.162974438177274 0.020731078904425 -0.986412466906345
   outer loop
      vertex -0.033937349022175 0.676325171587246 0.186650291825555
      vertex -0.033948769007673 0.673951390224340 0.186598516106806
      vertex -0.042969641715200 0.669095792521081 0.185006044911243
   endloop
endfacet
facet normal 0.969455874272289 -0.007750648721610 0.245143295407698
   outer loop
      vertex -0.191557498869287 0.514803778673850 -0.044438962275610
      vertex -0.189317255244969 0.508529214635646 -0.053496722878219
      vertex -0.189316872032369 0.510059514788714 -0.053449855142351
   endloop
endfacet
facet normal -0.416258251077796 0.881019740241784 -0.224796098084359
   outer loop
      vertex -0.105768308627722 0.639595153439191 0.167687542921473
      vertex -0.102616132688224 0.639707740749269 0.162291863853547
      vertex -0.110414422770328 0.634784398949011 0.157436536148522
   endloop
endfacet
facet normal 0.182701552509025 -0.900876987429907 -0.393752201555760
   outer loop
      vertex 0.174930720834428 0.791112664502733 0.111349927090050
      vertex 0.168932248274220 0.796333066425384 0.096622720019788
      vertex 0.180032389033886 0.796074553165851 0.102364660223259
   endloop
endfacet
facet normal 0.396455572947676 -0.914043369059693 -0.085718715323647
   outer loop
      vertex 0.028810739389274 0.702008320496932 0.236093771890186
      vertex 0.026799272526432 0.702292526766699 0.223760011405001
      vertex 0.037627652525560 0.707165432910171 0.221880889077598
   endloop
endfacet
facet normal -0.325349878928967 0.884996427549204 -0.333059723632344
   outer loop
      vertex -0.150024077415284 0.610282406600186 0.131988674901550
      vertex -0.145437047948855 0.610371440840571 0.127744407592797
      vertex -0.151533106543505 0.605523633697283 0.120817901882695
   endloop
endfacet
facet normal -0.250189686689013 -0.907951022182568 -0.336199437822379
   outer loop
      vertex 0.157414304887222 0.895346401454582 -0.104556961958666
      vertex 0.141827478101429 0.899720781030379 -0.104771296336239
      vertex 0.151773386543449 0.899783361024495 -0.112341753036161
   endloop
endfacet
facet normal 0.141784505014862 0.911942156067765 -0.385043709368388
   outer loop
      vertex -0.213325807439407 0.510274881674712 -0.060415687094457
      vertex -0.186645508711467 0.505312675236728 -0.062343759858809
      vertex -0.233926151578379 0.505799447005860 -0.078601017662821
   endloop
endfacet
facet normal -0.108035770084074 -0.898666553091505 0.425119628736401
   outer loop
      vertex -0.199509909225308 0.516401264649870 -0.036577365307064
      vertex -0.203719992506456 0.511774360034076 -0.047428155767309
      vertex -0.197639961675604 0.511727707753994 -0.045981654764665
   endloop
endfacet
facet normal -0.397702070309004 0.916378406363469 0.045647339710887
   outer loop
      vertex 0.004959837249346 0.697061437770727 0.226012401585274
      vertex 0.015923425049653 0.701859918378540 0.225202224116198
      vertex 0.004169926036223 0.697339880786325 0.213540513950179
   endloop
endfacet
facet normal 0.018146686164198 0.912347495263502 -0.409014358754887
   outer loop
      vertex -0.221109010013065 0.533848049128983 -0.008585733444852
      vertex -0.220555486382682 0.529132333923874 -0.019080050439536
      vertex -0.233599765974911 0.533882639976567 -0.009062750818605
   endloop
endfacet
facet normal 0.076073390507233 -0.917929257423477 -0.389382482429190
   outer loop
      vertex 0.210548957278778 0.819604187872647 0.057308139402969
      vertex 0.198387878460490 0.819819092242276 0.054425622707914
      vertex 0.200542642090027 0.824243696461712 0.044416046863146
   endloop
endfacet
facet normal -0.414866300258295 0.908043421954974 -0.057819518800279
   outer loop
      vertex -0.049777880594944 0.673133496261265 0.221975601455415
      vertex -0.047501570287781 0.673391036933491 0.209687254253385
      vertex -0.057644275656234 0.668611402609909 0.207399984161864
   endloop
endfacet
facet normal 0.083627480746884 -0.022337396339741 0.996246698959997
   outer loop
      vertex 0.017294244272936 0.697144391275080 0.237523209594381
      vertex 0.005734632626938 0.694534745042145 0.238435040468305
      vertex 0.005719616792817 0.692286496260464 0.238385891710493
   endloop
endfacet
facet normal 0.031866012330339 0.931446696093015 0.362479805776223
   outer loop
      vertex 0.216318954873169 0.849294349494997 -0.007256356087501
      vertex 0.228794037255513 0.849167609995333 -0.008027378462644
      vertex 0.227829071269427 0.853643076399685 -0.019442935169140
   endloop
endfacet
facet normal 0.746062238751697 0.013153214004430 -0.665746294672498
   outer loop
      vertex -0.145448710347706 0.608185940517723 0.127689020615214
      vertex -0.151556477994123 0.601215352637313 0.120706690446219
      vertex -0.151544791264465 0.603369442651795 0.120762345633389
   endloop
endfacet
facet normal 0.034509121577697 -0.022121219797958 0.999159532888811
   outer loop
      vertex 0.005719616792817 0.692286496260464 0.238385891710493
      vertex -0.005872227147815 0.689713324512125 0.238729282973590
      vertex -0.005886419042004 0.687433692943002 0.238679302485436
   endloop
endfacet
facet normal -0.119264395755860 0.889407515903913 -0.441282533711249
   outer loop
      vertex -0.195685348763098 0.562286574920608 0.049071811572392
      vertex -0.189638491160423 0.562313459445592 0.047491727462201
      vertex -0.191822246169306 0.557549462680598 0.038480062591918
   endloop
endfacet
facet normal 0.359704097902454 -0.892153091728934 -0.273268774049811
   outer loop
      vertex 0.095839231711583 0.742017720981859 0.173101204307224
      vertex 0.096982700025242 0.747221460241118 0.157617467297145
      vertex 0.104078283686480 0.746931428130265 0.167904275858164
   endloop
endfacet
facet normal 0.276802826505356 -0.023096156397573 0.960649136156539
   outer loop
      vertex 0.062764710278597 0.718732848116170 0.228489428761410
      vertex 0.051600972120818 0.716002880417433 0.231640529825863
      vertex 0.051582866450060 0.713879866836818 0.231594704819424
   endloop
endfacet
facet normal -0.141667748539403 0.919601280417199 -0.366420160579117
   outer loop
      vertex -0.215027100657844 0.576353275202146 0.088420494304110
      vertex -0.207437007883735 0.571693611829407 0.073791649237491
      vertex -0.219163291089781 0.571611795935622 0.078120008619645
   endloop
endfacet
facet normal -0.972612375241933 0.005462645660699 0.232368945921416
   outer loop
      vertex 0.173226273184226 0.865842237526326 -0.040465886265565
      vertex 0.173213682287581 0.864342391556695 -0.040483328074747
      vertex 0.175281650723846 0.859922822771216 -0.031723662608702
   endloop
endfacet
facet normal -0.131466336663319 0.022634409734952 -0.991062200782714
   outer loop
      vertex 0.020798095431728 0.707516308894937 0.186853802651396
      vertex 0.011700110633805 0.700487347515023 0.187900136917498
      vertex 0.011716048442901 0.702704313358888 0.187948654990192
   endloop
endfacet
facet normal -0.084090569262517 0.932294771684932 0.351788622399939
   outer loop
      vertex 0.219795872205186 0.817940667203903 0.071314491481524
      vertex 0.222752925961094 0.822388746043874 0.060233233974450
      vertex 0.207791049458305 0.818169347343687 0.067838854125637
   endloop
endfacet
facet normal 0.364338491600402 -0.903466431449626 -0.225844793568555
   outer loop
      vertex 0.099460361152892 0.736525301440205 0.199753806779734
      vertex 0.093406453916705 0.736816757008469 0.188821556742466
      vertex 0.102422031239411 0.741726853030346 0.183723431299300
   endloop
endfacet
facet normal -0.645376521763377 -0.010286432773182 0.763795348543972
   outer loop
      vertex 0.117313769453674 0.920389570773634 -0.131014259368878
      vertex 0.110407496973712 0.924801751864975 -0.136790362242114
      vertex 0.117309479541957 0.918889757223856 -0.131038082948832
   endloop
endfacet
facet normal -0.373251545780937 0.925146065681142 -0.069195669856183
   outer loop
      vertex -0.052054290903518 0.672875954657736 0.234263848663193
      vertex -0.060524109761530 0.668359112223935 0.219561107468414
      vertex -0.063403943866827 0.668106821837959 0.231722230774964
   endloop
endfacet
facet normal -0.396219417561020 0.893145633121533 -0.212840435969160
   outer loop
      vertex -0.100360029446918 0.644415234489148 0.177846181735523
      vertex -0.105768308627722 0.639595153439191 0.167687542921473
      vertex -0.108920484588387 0.639482567185456 0.173083121994981
   endloop
endfacet
facet normal -0.583463000491580 0.023175272740905 -0.811808988488516
   outer loop
      vertex 0.104504283840388 0.755884653199080 0.152458800234345
      vertex 0.097004653458050 0.749125772136140 0.157655980843610
      vertex 0.097026706871102 0.751030086018808 0.157694494389910
   endloop
endfacet
facet normal 0.162958599469290 0.020748168238288 -0.986414724329358
   outer loop
      vertex -0.033926027008223 0.678698849931501 0.186702166482333
      vertex -0.042959245672455 0.671500954808822 0.185058452371828
      vertex -0.042948849650876 0.673906118152904 0.185110759837996
   endloop
endfacet
facet normal 0.885312577241989 0.008312246456601 -0.464922087167293
   outer loop
      vertex -0.172392676136748 0.586229351582551 0.090351202988302
      vertex -0.176670934891349 0.579432356265247 0.082082947531119
      vertex -0.176660438451191 0.581429982478937 0.082138650180271
   endloop
endfacet
facet normal 0.406866532800262 -0.904212474066541 -0.129843853260591
   outer loop
      vertex 0.035012122953184 0.707451830826794 0.209660985957714
      vertex 0.041924804935614 0.712621759781108 0.195319334402990
      vertex 0.045138090230484 0.712333456591478 0.207395882871183
   endloop
endfacet
facet normal -0.996035639420225 0.009764172582621 0.088417565780335
   outer loop
      vertex 0.178124120448875 0.852588584724366 -0.013932345830161
      vertex 0.178860925256249 0.846674834475418 -0.004979071461032
      vertex 0.178877219502834 0.848174548756892 -0.004961131799007
   endloop
endfacet
facet normal 0.413860901183777 -0.894068873529875 0.171347611177898
   outer loop
      vertex -0.096811230295080 0.644255639026591 0.193433514741788
      vertex -0.091600885609347 0.644490378818838 0.182073657477905
      vertex -0.082627909222417 0.649390787508177 0.185970640799278
   endloop
endfacet
facet normal 0.425657962658339 -0.881091819953721 -0.206137099126265
   outer loop
      vertex 0.069715801717058 0.727301357668748 0.186193109364075
      vertex 0.064762911143972 0.727592810814624 0.174719996065375
      vertex 0.073127527808325 0.732494575977083 0.171040699599944
   endloop
endfacet
facet normal -0.343988857356392 0.921217991712904 -0.181739037521077
   outer loop
      vertex -0.117653554581262 0.643724160966031 0.211113198929034
      vertex -0.121529188346381 0.639032217945144 0.194665838266684
      vertex -0.127833540246543 0.638807044381329 0.205457096408118
   endloop
endfacet
facet normal 0.386917628453774 -0.913635177251934 -0.124761819798904
   outer loop
      vertex 0.051564660799058 0.711756851268559 0.231548879813150
      vertex 0.048351375525354 0.712045153401847 0.219472431339376
      vertex 0.058942752243173 0.716930874334108 0.216540635788301
   endloop
endfacet
facet normal 0.978904787016448 -0.016928440624623 0.203614453942497
   outer loop
      vertex 0.225118682719787 0.823842321909015 0.048980859884820
      vertex 0.222731530014853 0.820889066282771 0.060211895567222
      vertex 0.222710034088368 0.819389384534023 0.060190557160159
   endloop
endfacet
facet normal 0.807682254585321 0.011350279421971 -0.589508733425567
   outer loop
      vertex -0.157302795367447 0.598562478005438 0.113541183358609
      vertex -0.162718855184138 0.591673789742996 0.105988040058306
      vertex -0.162707523773574 0.593765255364860 0.106043833800751
   endloop
endfacet
facet normal 0.907015704228477 0.007299992385472 -0.421033516948581
   outer loop
      vertex -0.176670934891349 0.579432356265247 0.082082947531119
      vertex -0.180547433971399 0.572706770299260 0.073615350235754
      vertex -0.180537417140221 0.574673179384711 0.073671023225176
   endloop
endfacet
facet normal 0.115493390759091 -0.929411223628707 0.350508279622546
   outer loop
      vertex -0.234739056101006 0.563002440841828 0.071267578759803
      vertex -0.238029893860586 0.558352666287120 0.060022530136582
      vertex -0.222814758674736 0.563070464579549 0.067518864126630
   endloop
endfacet
facet normal -0.987829715564515 0.015751521500027 -0.154739596154842
   outer loop
      vertex 0.177450116653717 0.830544672594945 0.030980744671098
      vertex 0.175966501501192 0.824645067970421 0.039851333836056
      vertex 0.175987197416390 0.826144742268740 0.039871872289100
   endloop
endfacet
facet normal -0.998457519371788 0.004155297101223 -0.055365291617912
   outer loop
      vertex -0.246090491921518 0.533917230364103 -0.009539668197990
      vertex -0.245460443837672 0.529231130096762 -0.021253656633465
      vertex -0.246094645809194 0.532231465977566 -0.009591277634167
   endloop
endfacet
facet normal 0.201330349610792 0.907830224075059 0.367845585241178
   outer loop
      vertex 0.156577195781029 0.889454050203719 -0.082133066512851
      vertex 0.167526150166331 0.889469075041748 -0.088162761866912
      vertex 0.162679051191836 0.893907875805238 -0.096464640380983
   endloop
endfacet
facet normal 0.045619316187503 -0.898413267755046 -0.436775088932833
   outer loop
      vertex 0.189815575298421 0.828858606224070 0.032637709199722
      vertex 0.177430222716172 0.829044906828733 0.030960905121101
      vertex 0.178453391719793 0.833448019844378 0.022010900916551
   endloop
endfacet
facet normal 0.106045057204357 -0.898764771306360 -0.425413130616759
   outer loop
      vertex 0.168971683331698 0.811467648270982 0.065950972594102
      vertex 0.183737110042201 0.815627435162500 0.060843303747760
      vertex 0.195741932789081 0.815398755022716 0.064318941103645
   endloop
endfacet
facet normal -0.019731640321031 0.925146403972708 0.379097340516402
   outer loop
      vertex 0.215850004668567 0.835932384655970 0.025251109610798
      vertex 0.216540960338122 0.840383020760131 0.014425773055242
      vertex 0.203397129684928 0.836104098843629 0.024183899767509
   endloop
endfacet
facet normal 0.343480484517714 0.019068122782638 -0.938966220611276
   outer loop
      vertex -0.069404151858814 0.659545584516969 0.177708149978782
      vertex -0.069418895933136 0.654546754497694 0.177601242398759
      vertex -0.077976398384449 0.652096950589700 0.174421097911766
   endloop
endfacet
facet normal -0.281527768499491 0.893480719419760 0.349906158260819
   outer loop
      vertex 0.150342522530854 0.774796670263764 0.144567532974851
      vertex 0.140963312127816 0.775075581866792 0.136309003518995
      vertex 0.134235847220942 0.770197827749214 0.143351494818615
   endloop
endfacet
facet normal -0.417386879702752 0.886773359378589 -0.198547731662724
   outer loop
      vertex -0.100360029446918 0.644415234489148 0.177846181735523
      vertex -0.097477758946909 0.644530431459727 0.172301579051584
      vertex -0.105768308627722 0.639595153439191 0.167687542921473
   endloop
endfacet
facet normal -0.296558468955894 0.923389991281327 -0.243729355006751
   outer loop
      vertex -0.156570535846202 0.624160842615139 0.185584355827636
      vertex -0.157176416448234 0.619508749066154 0.168696699444126
      vertex -0.165472030086583 0.619312049256339 0.178045199315657
   endloop
endfacet
facet normal 0.294070914017701 0.908153641799449 0.297958487738127
   outer loop
      vertex 0.139383597349905 0.911652540713290 -0.126985928832502
      vertex 0.141381096178264 0.916194072159021 -0.142799590204462
      vertex 0.132653461814904 0.916084647003240 -0.133852309365411
   endloop
endfacet
facet normal 0.042029523005083 0.896634475033800 -0.440772205767136
   outer loop
      vertex -0.201876718802710 0.529058137235505 -0.017449796853513
      vertex -0.200920303715742 0.524321780273428 -0.026993464111396
      vertex -0.208102940680498 0.529082837154736 -0.017993248399233
   endloop
endfacet
facet normal 0.161073573044460 -0.878069015706556 -0.450610816251464
   outer loop
      vertex 0.188882438431931 0.806009323687098 0.083704390559820
      vertex 0.177275108143519 0.806257330645589 0.079072008660165
      vertex 0.168971683331698 0.811467648270982 0.065950972594102
   endloop
endfacet
facet normal 0.353796951847776 -0.902940463509856 -0.243979991433374
   outer loop
      vertex 0.093406453916705 0.736816757008469 0.188821556742466
      vertex 0.095839231711583 0.742017720981859 0.173101204307224
      vertex 0.102422031239411 0.741726853030346 0.183723431299300
   endloop
endfacet
facet normal 0.990024659270216 0.000375248588663 -0.140893694768036
   outer loop
      vertex -0.193577201875939 0.550978561817890 0.029314011258317
      vertex -0.193584218496890 0.549168135536061 0.029259885431849
      vertex -0.194890174625344 0.544473277845386 0.020070755201796
   endloop
endfacet
facet normal 0.364591343716618 -0.880014286596455 -0.304381352045494
   outer loop
      vertex 0.112050687099391 0.751849926160577 0.162310832325099
      vertex 0.104459537013996 0.752138404648374 0.152384032341063
      vertex 0.111670021203236 0.757060359127340 0.146790686596905
   endloop
endfacet
facet normal -0.106032348581996 0.898786373763137 0.425370656477263
   outer loop
      vertex 0.169017279386914 0.814466826525966 0.065997147095444
      vertex 0.183781401977012 0.818626807597916 0.060887580470420
      vertex 0.171776579230131 0.818855487737700 0.057411943114534
   endloop
endfacet
facet normal 0.386179335306059 -0.884604385105455 0.261420356580680
   outer loop
      vertex -0.110435714722553 0.630099839321330 0.157327649613669
      vertex -0.121661498083988 0.625147514771804 0.157152902486990
      vertex -0.117993392432222 0.625253701098019 0.152093565372150
   endloop
endfacet
facet normal -0.927110024161508 -0.006215088517930 0.374737742660067
   outer loop
      vertex -0.226536884263020 0.574291429250315 0.093262920668334
      vertex -0.230889572287129 0.571529879010832 0.082448466939662
      vertex -0.230899009486751 0.569594686928582 0.082393023598640
   endloop
endfacet
facet normal 0.520525701148105 0.017476489663265 -0.853667128776389
   outer loop
      vertex -0.102626253459707 0.637334011634300 0.162237588272182
      vertex -0.110435714722553 0.630099839321330 0.157327649613669
      vertex -0.110425067752674 0.632442069147839 0.157382092352819
   endloop
endfacet
facet normal 0.284178041116846 -0.891480692091339 -0.352852683956548
   outer loop
      vertex 0.150295917658383 0.771299847228731 0.144502300793217
      vertex 0.140916707276512 0.771578757775417 0.136243871331779
      vertex 0.147288679559481 0.776523016078001 0.128884040076079
   endloop
endfacet
facet normal 0.003811015931542 -0.908498279794124 -0.417871214333659
   outer loop
      vertex 0.204014285376122 0.837540432357856 0.013933269571334
      vertex 0.191523898514998 0.837697329159938 0.013478245316028
      vertex 0.191667275838480 0.842121409923357 0.003861111586487
   endloop
endfacet
facet normal -0.309148838864073 0.913932559262840 0.262971999551798
   outer loop
      vertex 0.127277836022021 0.755019121861352 0.182238999140895
      vertex 0.135920635361422 0.759884018764588 0.175491983108626
      vertex 0.119686685957790 0.755307599292808 0.172312299151278
   endloop
endfacet
facet normal -0.822455414959430 0.021619105456908 -0.568418599874384
   outer loop
      vertex 0.148466506044971 0.789999721255823 0.106539603652214
      vertex 0.148443098440961 0.788344643934068 0.106510523709206
      vertex 0.143171778567849 0.783428819490170 0.113950726840311
   endloop
endfacet
facet normal 0.345739967951822 -0.892283479443599 -0.290334405251422
   outer loop
      vertex 0.119641939152564 0.751561349685761 0.172237631252415
      vertex 0.112050687099391 0.751849926160577 0.162310832325099
      vertex 0.119738430327848 0.756773621856837 0.156333682532437
   endloop
endfacet
facet normal 0.849843383370996 -0.021293222255591 0.526604996583314
   outer loop
      vertex 0.196566806336504 0.792209928921154 0.123932140653762
      vertex 0.190413026795859 0.788928663942848 0.133730528732791
      vertex 0.190389517245238 0.787273683551770 0.133701549840920
   endloop
endfacet
facet normal 0.400827986971126 0.898723372055979 0.177857317479506
   outer loop
      vertex 0.055299040174395 0.955603016373711 -0.166827567652471
      vertex 0.068404945371131 0.951440797182450 -0.175331743651921
      vertex 0.073044827092508 0.951667983289665 -0.186936393625131
   endloop
endfacet
facet normal -0.128291004035854 0.919846668329524 0.370706791206402
   outer loop
      vertex 0.200535928513267 0.808822698100642 0.088385204045035
      vertex 0.216295908214482 0.813497756245876 0.082238909739848
      vertex 0.188928498244612 0.809070703071486 0.083752822145546
   endloop
endfacet
facet normal -0.793679806746456 0.021947953585067 -0.607939677678909
   outer loop
      vertex 0.143171778567849 0.783428819490170 0.113950726840311
      vertex 0.143148289055473 0.781742644585181 0.113920518354861
      vertex 0.137516559176703 0.776798563709975 0.121094384421494
   endloop
endfacet
facet normal 0.292607744802052 0.917058158682782 0.270896735445822
   outer loop
      vertex 0.125592006647387 0.920514476350209 -0.140378784849459
      vertex 0.133870243838983 0.920639382032418 -0.149743320329482
      vertex 0.126025180555332 0.925081952319650 -0.156308807540847
   endloop
endfacet
facet normal 0.333818886492738 -0.879602507997821 -0.338916477829998
   outer loop
      vertex 0.127124095795246 0.761703227514899 0.149986238439758
      vertex 0.118597940530226 0.761987770465040 0.140849838908418
      vertex 0.125226093533108 0.766920542459206 0.134576092715437
   endloop
endfacet
facet normal 0.099681417262040 -0.909256739655607 -0.404123491575889
   outer loop
      vertex 0.195741932789081 0.815398755022716 0.064318941103645
      vertex 0.183737110042201 0.815627435162500 0.060843303747760
      vertex 0.186226801629735 0.820033896637243 0.051543104956306
   endloop
endfacet
facet normal 0.397100662273592 -0.913754808062911 -0.085809176454425
   outer loop
      vertex 0.015891749413116 0.697425989609760 0.225105287964894
      vertex 0.024787807629956 0.702576634118145 0.211426149868844
      vertex 0.026799272526432 0.702292526766699 0.223760011405001
   endloop
endfacet
facet normal 0.421113197059858 -0.893441629813090 -0.156287329553472
   outer loop
      vertex 0.041924804935614 0.712621759781108 0.195319334402990
      vertex 0.047533560962627 0.717800146472812 0.180828939883840
      vertex 0.051336691376305 0.717510390418341 0.192732838518550
   endloop
endfacet
facet normal 0.255038222721125 0.931272658839983 0.260166753925936
   outer loop
      vertex 0.150108828534336 0.916303599277112 -0.151746869987127
      vertex 0.158836462897696 0.916413024432893 -0.160694150826178
      vertex 0.150426720213942 0.920889093210903 -0.168472372347199
   endloop
endfacet
facet normal 0.422124122156089 -0.905755955395493 0.037648037924296
   outer loop
      vertex -0.037283954835012 0.673426550965640 0.211369460588186
      vertex -0.047522362330937 0.668580710245326 0.209582639321051
      vertex -0.035616360927576 0.673688920607658 0.198983987819219
   endloop
endfacet
facet normal -0.907695344080434 -0.007255012292646 0.419567071076051
   outer loop
      vertex -0.221664142596302 0.577000088884258 0.103851493006324
      vertex -0.226536884263020 0.574291429250315 0.093262920668334
      vertex -0.226546901094198 0.572325020164864 0.093207247678911
   endloop
endfacet
facet normal 0.106449814706471 0.902042693389385 -0.418314972540767
   outer loop
      vertex -0.205649613209407 0.519625647816313 -0.037627463851773
      vertex -0.197637631689083 0.514850529997293 -0.045885562215952
      vertex -0.203717662541101 0.514897183333717 -0.047332163213014
   endloop
endfacet
facet normal 0.186404973192444 -0.928285462844065 0.321775209488712
   outer loop
      vertex -0.216271492245547 0.581685645539729 0.114244827190928
      vertex -0.221664142596302 0.577000088884258 0.103851493006324
      vertex -0.205307150273846 0.581807102876694 0.108243554457346
   endloop
endfacet
facet normal 0.838429278356641 0.003391164002544 -0.544999857982615
   outer loop
      vertex 0.188343971639475 0.898486218998143 -0.125737593712288
      vertex 0.194598782877918 0.894000527775881 -0.116143086334504
      vertex 0.188337081077248 0.896986412652551 -0.125757526448501
   endloop
endfacet
facet normal -0.022923972112001 0.920761382466880 -0.389452138343453
   outer loop
      vertex -0.232155958490863 0.548001507991118 0.024244146176411
      vertex -0.220695911818576 0.543287272373392 0.012423962277691
      vertex -0.233173469569031 0.543292000017618 0.013169594897314
   endloop
endfacet
facet normal 0.346887373638775 -0.912592764593673 -0.216433814412788
   outer loop
      vertex 0.105514370378023 0.736233746828580 0.210686155754701
      vertex 0.099460361152892 0.736525301440205 0.199753806779734
      vertex 0.109004832754770 0.741435885104169 0.194345657234823
   endloop
endfacet
facet normal -0.485070927415605 -0.015030213888986 0.874345634201153
   outer loop
      vertex 0.088088696517828 0.936522452647454 -0.152011987091782
      vertex 0.080177857103792 0.940923107734597 -0.156325127429512
      vertex 0.088085105631745 0.935022694736699 -0.152039760452422
   endloop
endfacet
facet normal 0.443102148494961 -0.895547267057662 0.040688800236718
   outer loop
      vertex -0.037283954835012 0.673426550965640 0.211369460588186
      vertex -0.035616360927576 0.673688920607658 0.198983987819219
      vertex -0.025918216413347 0.678542574545470 0.200198274018223
   endloop
endfacet
facet normal -0.972489978095396 0.006105897424178 0.232864682853933
   outer loop
      vertex 0.173238966048647 0.867341985508936 -0.040448445513102
      vertex 0.175295143430223 0.861422586654990 -0.031706221857568
      vertex 0.175308736116844 0.862922352526410 -0.031688781106599
   endloop
endfacet
facet normal 0.019734542202713 -0.925133328326397 -0.379129097622133
   outer loop
      vertex 0.228264789686569 0.832761261080762 0.026279741346426
      vertex 0.215811914702930 0.832932975268421 0.025212531503137
      vertex 0.216504570269470 0.837383633542794 0.014388294883362
   endloop
endfacet
facet normal -0.622544636502482 0.023048042076772 -0.782244823133027
   outer loop
      vertex 0.111692716582943 0.758902194877055 0.146826839892915
      vertex 0.104459537013996 0.752138404648374 0.152384032341063
      vertex 0.104481910427192 0.754011528923727 0.152421416287704
   endloop
endfacet
facet normal 0.310312193398111 -0.919847880154711 -0.239971289956400
   outer loop
      vertex 0.115587734250374 0.741144919165638 0.204967883170180
      vertex 0.118269547014131 0.746351565845535 0.188477895093142
      vertex 0.125365128687836 0.746061633709346 0.198764704710715
   endloop
endfacet
facet normal 0.336276177969146 -0.912384984061333 -0.233392315618714
   outer loop
      vertex 0.115587734250374 0.741144919165638 0.204967883170180
      vertex 0.109004832754770 0.741435885104169 0.194345657234823
      vertex 0.118269547014131 0.746351565845535 0.188477895093142
   endloop
endfacet
facet normal 0.060105138617283 0.912382179841517 -0.404902618192867
   outer loop
      vertex -0.219497092937274 0.524418127642966 -0.029534056107975
      vertex -0.217936612118529 0.519704521262160 -0.039923758124450
      vertex -0.231881517793808 0.524482295264757 -0.031227851473176
   endloop
endfacet
facet normal 0.195175057618016 -0.920704841452474 0.337948652623116
   outer loop
      vertex -0.205307150273846 0.581807102876694 0.108243554457346
      vertex -0.210418390307678 0.577108776452739 0.098395356243435
      vertex -0.194342908282387 0.581928558226014 0.102242281723931
   endloop
endfacet
facet normal -0.462662807062461 0.885465057456961 -0.043528829341314
   outer loop
      vertex -0.035593618928126 0.678436380314819 0.199087638194747
      vertex -0.033926027008223 0.678698849931501 0.186702166482333
      vertex -0.042948849650876 0.673906118152904 0.185110759837996
   endloop
endfacet
facet normal -0.458123043310068 0.023362096523949 -0.888581729293557
   outer loop
      vertex 0.081340860404626 0.741333343394058 0.167038505335403
      vertex 0.081319648939884 0.739366554297385 0.166997731532900
      vertex 0.073148219291268 0.734492551762122 0.171082503008020
   endloop
endfacet
facet normal -0.896702296781195 0.020531208253114 -0.442157732528787
   outer loop
      vertex 0.161975076328223 0.803108648103479 0.082781393334197
      vertex 0.157832107514554 0.796591579684918 0.090880779816317
      vertex 0.157855451239743 0.798184465940535 0.090907402685441
   endloop
endfacet
facet normal -0.344798538560650 0.922729521178670 0.172291028645786
   outer loop
      vertex 0.084614916461176 0.730485323052896 0.220698315276140
      vertex 0.095209832283534 0.735323683631186 0.215988919468650
      vertex 0.079661925907847 0.730776774211127 0.209225201977606
   endloop
endfacet
facet normal -0.353962255495112 -0.917905953069255 -0.179330373904799
   outer loop
      vertex 0.077262021767340 0.944034018735953 -0.171636793043886
      vertex 0.082465790525546 0.944247357472841 -0.182999969169428
      vertex 0.091684386195272 0.939821664672558 -0.178542638073326
   endloop
endfacet
facet normal 0.329644298112236 0.932104551890817 0.150052461047832
   outer loop
      vertex 0.077684706826776 0.951895269350417 -0.198541040541898
      vertex 0.082324688527974 0.952122457466404 -0.210145692515162
      vertex 0.071558521564294 0.956566583946640 -0.214100209256588
   endloop
endfacet
facet normal 0.994134260860834 -0.014606691395882 0.107162101272556
   outer loop
      vertex 0.228264789686569 0.832761261080762 0.026279741346426
      vertex 0.226991528970243 0.829799370201633 0.037687959929027
      vertex 0.226971633045166 0.828299704410083 0.037668121435583
   endloop
endfacet
facet normal 0.396851350922000 0.017274778275228 -0.917720320853214
   outer loop
      vertex 0.092877223297226 0.946173576244142 -0.205696408293038
      vertex 0.092873330029914 0.944673934950829 -0.205726320477178
      vertex 0.082316501615176 0.949123189746180 -0.210207676762214
   endloop
endfacet
facet normal -0.968852162771194 0.008312179383342 -0.247500291651300
   outer loop
      vertex -0.240199406512741 0.513615882843612 -0.056059663364359
      vertex -0.237335104096633 0.508959849886848 -0.067428487833436
      vertex -0.240200541501345 0.512054471790085 -0.056107659641556
   endloop
endfacet
facet normal 0.181123022621935 -0.022832014033689 0.983195377232552
   outer loop
      vertex 0.040243282078182 0.706879036981193 0.234100792197317
      vertex 0.028827399170524 0.704194001540373 0.236141459289259
      vertex 0.028810739389274 0.702008320496932 0.236093771890186
   endloop
endfacet
facet normal -0.264069342509390 0.893627812770866 0.362900419659465
   outer loop
      vertex 0.147335522481398 0.779957554035169 0.128946814126776
      vertex 0.153336887224563 0.784843140896435 0.121283224589848
      vertex 0.137563300130842 0.780233199654162 0.121157159528912
   endloop
endfacet
facet normal -0.990241588282064 -0.000659982700448 0.139359826562217
   outer loop
      vertex -0.242956760693207 0.550879278763614 0.037162452483234
      vertex -0.244582120411985 0.547991410876037 0.025599545352461
      vertex -0.244588477353685 0.546212200018500 0.025545949157516
   endloop
endfacet
facet normal -0.190547580116136 0.892625247851171 0.408548389558105
   outer loop
      vertex 0.164171195190204 0.794623839350318 0.105128347243986
      vertex 0.180079078471797 0.799260225702421 0.102417904904953
      vertex 0.168978937712131 0.799518738961955 0.096675964701481
   endloop
endfacet
facet normal -0.018790797366695 -0.904217573620028 0.426658511565202
   outer loop
      vertex -0.208666572706145 0.535112752654659 0.001684865793530
      vertex -0.221117297813534 0.530476521809781 -0.008689052311659
      vertex -0.208626543839223 0.530442030936860 -0.008212033881352
   endloop
endfacet
facet normal 0.440179573177656 -0.895712979070069 0.062771032192884
   outer loop
      vertex -0.047522362330937 0.668580710245326 0.209582639321051
      vertex -0.045245952022364 0.668838251848855 0.197294392113273
      vertex -0.035616360927576 0.673688920607658 0.198983987819219
   endloop
endfacet
facet normal -0.730412539152372 0.022457194922337 -0.682636943803370
   outer loop
      vertex 0.131584099758412 0.775354592388142 0.128050575114111
      vertex 0.125249226943916 0.768700096050004 0.134609887874596
      vertex 0.125272358367190 0.770479749615466 0.134643684090308
   endloop
endfacet
facet normal 0.019819954711662 0.890470017830921 -0.454610071093269
   outer loop
      vertex -0.196127400138996 0.533778971508807 -0.007631897629794
      vertex -0.195650496946089 0.529033438372617 -0.016906445302211
      vertex -0.202372778098752 0.533796265876257 -0.007870306322253
   endloop
endfacet
facet normal -0.864141800842373 -0.002120289540636 0.503243929331656
   outer loop
      vertex 0.152039173958673 0.893876992371938 -0.089905148397090
      vertex 0.152031583657501 0.892377165986046 -0.089924501164515
      vertex 0.156568903738561 0.887954304491628 -0.082151908251027
   endloop
endfacet
facet normal 0.183004668127490 0.924422278523891 0.334593398638175
   outer loop
      vertex 0.194420532936371 0.885027957665856 -0.090602124002059
      vertex 0.200372817370681 0.889513943941071 -0.106251690050805
      vertex 0.189423960971742 0.889499021382253 -0.100222023638680
   endloop
endfacet
facet normal 0.037506294107493 0.920945592191512 -0.387882062134030
   outer loop
      vertex -0.233599765974911 0.533882639976567 -0.009062750818605
      vertex -0.220555486382682 0.529132333923874 -0.019080050439536
      vertex -0.233007930117092 0.529181732705995 -0.020166853536558
   endloop
endfacet
facet normal -0.292070088012267 0.897728767850506 -0.329815286277212
   outer loop
      vertex -0.170693890032887 0.605187799394164 0.136872206090099
      vertex -0.161113447293724 0.605355667024043 0.128845103455247
      vertex -0.167254719520885 0.600528155940279 0.121143478446325
   endloop
endfacet
facet normal 0.175042045388835 0.897421374581907 0.404963157323741
   outer loop
      vertex 0.167815499914821 0.876184921584071 -0.057606943654732
      vertex 0.175962113681223 0.880590817926172 -0.070891968208104
      vertex 0.164475015988140 0.880607748740015 -0.065964282897830
   endloop
endfacet
facet normal -0.793655013885284 0.021893984840235 -0.607973989873386
   outer loop
      vertex 0.143195268080224 0.785114994395159 0.113980935325761
      vertex 0.137539930658122 0.778515831166565 0.121125821444135
      vertex 0.137563300130842 0.780233199654162 0.121157159528912
   endloop
endfacet
facet normal 0.218112043489527 0.907863613804906 0.358065350479378
   outer loop
      vertex 0.167526150166331 0.889469075041748 -0.088162761866912
      vertex 0.173318928427116 0.893938759132903 -0.103024122365435
      vertex 0.162679051191836 0.893907875805238 -0.096464640380983
   endloop
endfacet
facet normal -0.045243431837966 0.911861983269996 -0.407996023684585
   outer loop
      vertex -0.218259868709788 0.552739299529855 0.033292257174390
      vertex -0.207303552676895 0.548021603836732 0.021533346767621
      vertex -0.219729804580234 0.548011504932771 0.022888745943822
   endloop
endfacet
facet normal 0.969431986196505 -0.007767964680087 0.245237197145597
   outer loop
      vertex -0.191558663873131 0.513242368080371 -0.044487058547176
      vertex -0.189317636491204 0.506998815564255 -0.053543691665059
      vertex -0.189317255244969 0.508529214635646 -0.053496722878219
   endloop
endfacet
facet normal -0.998230354017506 0.012769138615793 -0.058078476366851
   outer loop
      vertex 0.179069799733581 0.840853712222721 0.013060600294902
      vertex 0.179051705673266 0.839353970614365 0.013041860680518
      vertex 0.178472385729306 0.834947773003493 0.022030240495950
   endloop
endfacet
facet normal 0.173522059791474 -0.910053947441433 -0.376419855363648
   outer loop
      vertex 0.185736999774218 0.790849354314198 0.117627108697275
      vertex 0.180032389033886 0.796074553165851 0.102364660223259
      vertex 0.191132529793552 0.795816039906317 0.108106600426731
   endloop
endfacet
facet normal 0.219315335925884 -0.901195573386383 -0.373827930920772
   outer loop
      vertex 0.163431625336862 0.781199039550042 0.128525097939426
      vertex 0.158906194083002 0.786421898717834 0.113279276087522
      vertex 0.169392799275663 0.786154133892679 0.120077007357707
   endloop
endfacet
facet normal -0.730414399593030 0.022458852388180 -0.682634898621920
   outer loop
      vertex 0.131560848295482 0.773606132405287 0.128017908497725
      vertex 0.125226093533108 0.766920542459206 0.134576092715437
      vertex 0.125249226943916 0.768700096050004 0.134609887874596
   endloop
endfacet
facet normal 0.312672420393707 -0.911969798012243 -0.265606937105660
   outer loop
      vertex 0.134824241289724 0.750984293791844 0.192091130169514
      vertex 0.127233091204327 0.751272772279642 0.182164330185477
      vertex 0.135875248555908 0.756200148372173 0.175419574409079
   endloop
endfacet
facet normal 0.339805738583594 -0.923255737767573 0.179250948965168
   outer loop
      vertex -0.127853883736120 0.634059683082068 0.205348646296528
      vertex -0.137750215913523 0.629223150720325 0.199197907371952
      vertex -0.121549531857124 0.634284857702224 0.194557288160676
   endloop
endfacet
facet normal 0.383635210360319 -0.905648790044104 0.180621965617266
   outer loop
      vertex -0.106143767564410 0.639374784696127 0.188827074488040
      vertex -0.115245179956961 0.634510031266038 0.183766030019242
      vertex -0.100379224534525 0.639605076549938 0.177738068052445
   endloop
endfacet
facet normal -0.387832669774880 0.915788997049437 0.104481257354965
   outer loop
      vertex 0.037662517957813 0.711474129521871 0.221974401482945
      vertex 0.048387686847114 0.716291182550721 0.219564081352088
      vertex 0.035046986376737 0.711760628469500 0.209754399425196
   endloop
endfacet
facet normal 0.404098639405207 -0.880661912535196 -0.247262786202678
   outer loop
      vertex 0.087352444691574 0.737108311620094 0.177889207767498
      vertex 0.081298535467854 0.737399867163021 0.166956958786784
      vertex 0.089256430196223 0.742308688908035 0.162478978371701
   endloop
endfacet
facet normal 0.645262735386071 0.010890865374492 -0.763883100594247
   outer loop
      vertex 0.150422430302225 0.919389279661126 -0.168496195927154
      vertex 0.141634881811638 0.922362657328898 -0.175876768839555
      vertex 0.141638871979470 0.923862455091761 -0.175852015311011
   endloop
endfacet
facet normal 0.917660305598659 -0.020125638846213 0.396855795207287
   outer loop
      vertex 0.212143256792980 0.808574792173158 0.093017487006825
      vertex 0.207467604449178 0.803656720376592 0.103579714577924
      vertex 0.212120178873466 0.807044002040648 0.092993220160281
   endloop
endfacet
facet normal 0.015603641941592 0.908301270786437 0.418025510998913
   outer loop
      vertex 0.191560186615873 0.840696814364296 0.013515724544628
      vertex 0.204199552656418 0.844979002576467 0.003739438099428
      vertex 0.191701764104457 0.845120868857173 0.003897690868311
   endloop
endfacet
facet normal -0.182995748511591 -0.924424162771211 -0.334593071224479
   outer loop
      vertex 0.194402249375666 0.882028423050260 -0.090638917525266
      vertex 0.178458424482688 0.886484405462282 -0.094230042815850
      vertex 0.189407278896212 0.886499427890129 -0.100259698171978
   endloop
endfacet
facet normal -0.113279792860455 0.901287304757920 -0.418149354670908
   outer loop
      vertex -0.213825819603346 0.562205823358636 0.053812062846246
      vertex -0.201732106385530 0.562259692383269 0.050651895682417
      vertex -0.204056276552449 0.557510106075518 0.041044179487067
   endloop
endfacet
facet normal 0.935943491779567 -0.019683850261941 0.351599667568582
   outer loop
      vertex 0.216295908214482 0.813497756245876 0.082238909739848
      vertex 0.212143256792980 0.808574792173158 0.093017487006825
      vertex 0.212120178873466 0.807044002040648 0.092993220160281
   endloop
endfacet
facet normal -0.222248203045676 0.912797413252206 0.342646492179694
   outer loop
      vertex 0.173620125513239 0.784299433898988 0.135887803118025
      vertex 0.179926421603198 0.789196428768003 0.126932797462605
      vertex 0.163478506368901 0.784571287397712 0.128585513853937
   endloop
endfacet
facet normal 0.132552538594148 -0.022633095075913 0.990917538203624
   outer loop
      vertex 0.028810739389274 0.702008320496932 0.236093771890186
      vertex 0.017310082101788 0.699361355131299 0.237571727667242
      vertex 0.017294244272936 0.697144391275080 0.237523209594381
   endloop
endfacet
facet normal 0.279003869593179 0.924713343907542 0.258963457559873
   outer loop
      vertex 0.133870243838983 0.920639382032418 -0.149743320329482
      vertex 0.142148483020229 0.920764187634329 -0.159107846866617
      vertex 0.133834023338850 0.925222002612472 -0.166068035718211
   endloop
endfacet
facet normal -0.380086362630078 -0.909237287432619 -0.169770174308711
   outer loop
      vertex 0.063756878720257 0.948214243591615 -0.163789098981202
      vertex 0.068396760443750 0.948441429593196 -0.175393738954969
      vertex 0.077262021767340 0.944034018735953 -0.171636793043886
   endloop
endfacet
facet normal -0.562911524884706 -0.016891909306364 0.826344527755803
   outer loop
      vertex -0.137739568943644 0.631565380546833 0.199252350111102
      vertex -0.147315593420098 0.629025780671022 0.192677183157547
      vertex -0.147326564661517 0.626714955189942 0.192622472209307
   endloop
endfacet
facet normal 0.229238645550694 -0.022959253720636 0.973099437906874
   outer loop
      vertex 0.051600972120818 0.716002880417433 0.231640529825863
      vertex 0.040278147510434 0.711187733592894 0.234194304602664
      vertex 0.051582866450060 0.713879866836818 0.231594704819424
   endloop
endfacet
facet normal 0.183007456891567 0.924412755999370 0.334618181316751
   outer loop
      vertex 0.178475006575856 0.889483997072396 -0.094192378281828
      vertex 0.189423960971742 0.889499021382253 -0.100222023638680
      vertex 0.183958905642639 0.893969644448215 -0.109583604350053
   endloop
endfacet
facet normal -0.886064275084987 -0.008312659618620 0.463487864035491
   outer loop
      vertex -0.216271492245547 0.581685645539729 0.114244827190928
      vertex -0.221653746136389 0.578997713110302 0.103907195655641
      vertex -0.221664142596302 0.577000088884258 0.103851493006324
   endloop
endfacet
facet normal -0.070429031671014 -0.916985260708752 -0.392654788765889
   outer loop
      vertex 0.201594080992148 0.855313147621753 -0.026851654013467
      vertex 0.199736361662332 0.859762413635000 -0.036909022711341
      vertex 0.213933818559031 0.855217402300955 -0.028841388361065
   endloop
endfacet
facet normal 0.994795675967626 -0.004803010057206 0.101776687755617
   outer loop
      vertex -0.195650496946089 0.529033438372617 -0.016906445302211
      vertex -0.194730769777851 0.522666060700348 -0.026196619799748
      vertex -0.194728041318520 0.524289698512697 -0.026146666423297
   endloop
endfacet
facet normal 0.203554171514708 0.931091496079627 0.302711620502357
   outer loop
      vertex 0.178038677093426 0.898439450687252 -0.118664091655976
      vertex 0.188343971639475 0.898486218998143 -0.125737593712288
      vertex 0.181623493547825 0.902970672032912 -0.135011947734293
   endloop
endfacet
facet normal 0.129891647622886 -0.918032463434035 -0.374625887999013
   outer loop
      vertex 0.212097198946665 0.805513313870447 0.092968954370127
      vertex 0.200489868679419 0.805761319772596 0.088336672464891
      vertex 0.216250314125631 0.810498479072569 0.082192634187533
   endloop
endfacet
facet normal 0.403527656199913 -0.894769385156747 0.191188854455542
   outer loop
      vertex -0.106143767564410 0.639374784696127 0.188827074488040
      vertex -0.100379224534525 0.639605076549938 0.177738068052445
      vertex -0.091600885609347 0.644490378818838 0.182073657477905
   endloop
endfacet
facet normal -0.164159174671854 0.888780758165119 -0.427925845546272
   outer loop
      vertex -0.189847685053023 0.571816434185273 0.067299061223772
      vertex -0.183984543460582 0.571857342660338 0.065134831535486
      vertex -0.187023947303079 0.567082288920427 0.056383245493335
   endloop
endfacet
facet normal 0.203324343315262 -0.878357303728101 -0.432605661547462
   outer loop
      vertex 0.168932248274220 0.796333066425384 0.096622720019788
      vertex 0.157832107514554 0.796591579684918 0.090880779816317
      vertex 0.161951814511400 0.801546859431096 0.082755899007514
   endloop
endfacet
facet normal 0.058039124936040 -0.917645359721271 -0.393139229483244
   outer loop
      vertex 0.198387878460490 0.819819092242276 0.054425622707914
      vertex 0.188254522788671 0.824444331763082 0.042133639824198
      vertex 0.200542642090027 0.824243696461712 0.044416046863146
   endloop
endfacet
facet normal -0.215288340906810 0.918243324756747 -0.332385509325044
   outer loop
      vertex -0.193663387278822 0.595419633400369 0.127243245241874
      vertex -0.189046693359512 0.590770507177310 0.111409373586860
      vertex -0.199703027270001 0.590636656749409 0.117941779858758
   endloop
endfacet
facet normal -0.419292672667690 0.907709003010252 -0.016063016569708
   outer loop
      vertex -0.028003787755483 0.682693256171558 0.225205856692398
      vertex -0.026948707101015 0.682960261243272 0.212753358795822
      vertex -0.037261212835561 0.678174010672802 0.211473110963714
   endloop
endfacet
facet normal -0.696102827192745 0.022688614687950 -0.717583500881821
   outer loop
      vertex 0.125249226943916 0.768700096050004 0.134609887874596
      vertex 0.118597940530226 0.761987770465040 0.140849838908418
      vertex 0.118620853942300 0.763798514594457 0.140884863661488
   endloop
endfacet
facet normal -0.148589146556755 0.910734545239000 -0.385336026908785
   outer loop
      vertex -0.203527233861271 0.576448711943489 0.083522594939134
      vertex -0.195710824657931 0.571775425735546 0.069463289855504
      vertex -0.207437007883735 0.571693611829407 0.073791649237491
   endloop
endfacet
facet normal 0.434906942868710 -0.881307789552022 -0.184804034370254
   outer loop
      vertex 0.060608054884497 0.722403770932035 0.189688096974975
      vertex 0.056224589512607 0.722694565583559 0.177985543386375
      vertex 0.064762911143972 0.727592810814624 0.174719996065375
   endloop
endfacet
facet normal -0.339097902679092 0.906022320659708 -0.253251193215428
   outer loop
      vertex -0.148745079715352 0.624365791704888 0.175839120467998
      vertex -0.140919721556047 0.624570637775986 0.166093984046391
      vertex -0.148880902768962 0.619705445831980 0.159348299567177
   endloop
endfacet
facet normal -0.716712013100550 -0.007792251264901 0.697325728119637
   outer loop
      vertex 0.123925729458832 0.915975119885151 -0.124905029582747
      vertex 0.130222279684053 0.910058789476581 -0.118499541481165
      vertex 0.130227469051790 0.911558639189881 -0.118477447806141
   endloop
endfacet
facet normal 0.907089311852090 0.006969747672582 -0.420880509100959
   outer loop
      vertex -0.176660438451191 0.581429982478937 0.082138650180271
      vertex -0.176670934891349 0.579432356265247 0.082082947531119
      vertex -0.180537417140221 0.574673179384711 0.073671023225176
   endloop
endfacet
facet normal 0.994133666164384 -0.013966332154901 0.107252950377599
   outer loop
      vertex 0.228302879631040 0.835760671524654 0.026318219459669
      vertex 0.227011424895321 0.831299035993181 0.037707798422469
      vertex 0.228283885642693 0.834260917309199 0.026298979874687
   endloop
endfacet
facet normal -0.391696122633031 0.917135806157598 -0.073729645176842
   outer loop
      vertex -0.063403943866827 0.668106821837959 0.231722230774964
      vertex -0.060524109761530 0.668359112223935 0.219561107468414
      vertex -0.071140194412154 0.663588769272496 0.216620999283936
   endloop
endfacet
facet normal -0.641316003312363 -0.015532516177057 0.767119628765075
   outer loop
      vertex -0.156581829350462 0.621881320448484 0.185529475608171
      vertex -0.165472030086583 0.619312049256339 0.178045199315657
      vertex -0.165483547882140 0.617063933422759 0.177990050886937
   endloop
endfacet
facet normal -0.415116730239924 0.907264331630356 0.067450224804940
   outer loop
      vertex 0.014521034166310 0.702141317695197 0.212784400367856
      vertex 0.024821127171290 0.706947997261369 0.211521424672573
      vertex 0.013118541294022 0.702422816055213 0.200366477681815
   endloop
endfacet
facet normal -0.211996521089148 0.920337313006188 0.328689375147186
   outer loop
      vertex 0.176652085535421 0.779130817252555 0.152315580044807
      vertex 0.183761744657577 0.784027580400265 0.143190092382114
      vertex 0.173620125513239 0.784299433898988 0.135887803118025
   endloop
endfacet
facet normal 0.464939766415277 -0.882367775111589 -0.072512916437916
   outer loop
      vertex 0.013086765698407 0.697988884242445 0.200269641525096
      vertex 0.011684272826119 0.698270382602461 0.187851718839055
      vertex 0.020764775890394 0.703144945751713 0.186758527847668
   endloop
endfacet
facet normal -0.994219132135969 0.014595168144014 -0.106373391229430
   outer loop
      vertex 0.178472385729306 0.834947773003493 0.022030240495950
      vertex 0.177430222716172 0.829044906828733 0.030960905121101
      vertex 0.177450116653717 0.830544672594945 0.030980744671098
   endloop
endfacet
facet normal 0.998202223148260 -0.013391416692275 0.058420815304521
   outer loop
      vertex 0.229013151171155 0.838726480336711 0.014862058752887
      vertex 0.228302879631040 0.835760671524654 0.026318219459669
      vertex 0.228283885642693 0.834260917309199 0.026298979874687
   endloop
endfacet
facet normal 0.401708835338587 -0.889901264905299 0.216115132119120
   outer loop
      vertex -0.105788552158221 0.634847795183916 0.167578992815299
      vertex -0.113850002381655 0.629990254007201 0.162561406834809
      vertex -0.102636376197556 0.634960381437652 0.162183413741791
   endloop
endfacet
facet normal 0.335609295768628 -0.908109552466502 0.250406552056401
   outer loop
      vertex -0.140942410532345 0.620011691429693 0.165984224664181
      vertex -0.148904036331620 0.615209111146168 0.159238101647767
      vertex -0.133116952413963 0.620216540544779 0.156238988247989
   endloop
endfacet
facet normal -0.086096846823442 0.898618796231861 0.430199479341691
   outer loop
      vertex 0.171776579230131 0.818855487737700 0.057411943114534
      vertex 0.186269693502460 0.823033258147093 0.051585781770596
      vertex 0.174108616671704 0.823248062542059 0.048703264018987
   endloop
endfacet
facet normal -0.188657476075490 0.926380283379641 -0.325926260504248
   outer loop
      vertex -0.210359361201654 0.590502807377850 0.124474086136237
      vertex -0.205285602050448 0.585864980502958 0.108355121183299
      vertex -0.216249844041905 0.585743525153638 0.114356393916715
   endloop
endfacet
facet normal 0.299851329431940 -0.879213109475752 -0.370234369506501
   outer loop
      vertex 0.140916707276512 0.771578757775417 0.136243871331779
      vertex 0.131537496873474 0.771857669378445 0.127985341875923
      vertex 0.137516559176703 0.776798563709975 0.121094384421494
   endloop
endfacet
facet normal 0.111464626253459 0.907922290467052 0.404045482052750
   outer loop
      vertex 0.187536041617132 0.862842145908138 -0.034281361163417
      vertex 0.197409993306839 0.867213053625162 -0.046827079667296
      vertex 0.185324430681388 0.867277468585894 -0.043637763118393
   endloop
endfacet
facet normal -0.435215073479012 -0.018268410254938 0.900141158376516
   outer loop
      vertex -0.107214074971265 0.648659212133312 0.216260807592166
      vertex -0.117653554581262 0.643724160966031 0.211113198929034
      vertex -0.107222947318200 0.646222686253357 0.216207068427986
   endloop
endfacet
facet normal 0.463639862157378 -0.883458775890293 0.067369648367143
   outer loop
      vertex -0.045245952022364 0.668838251848855 0.197294392113273
      vertex -0.042969641715200 0.669095792521081 0.185006044911243
      vertex -0.033948769007673 0.673951390224340 0.186598516106806
   endloop
endfacet
facet normal -0.295065960344032 -0.897617645728004 -0.327442576834426
   outer loop
      vertex 0.130217088328784 0.908559039737946 -0.118521634099635
      vertex 0.123916348184789 0.912975557950577 -0.124950885784687
      vertex 0.139373214639366 0.908653041236019 -0.127030114069443
   endloop
endfacet
facet normal 0.419353913809145 -0.905923128201017 0.058699069527850
   outer loop
      vertex -0.047522362330937 0.668580710245326 0.209582639321051
      vertex -0.057663019750386 0.663738310903050 0.207294405729112
      vertex -0.045245952022364 0.668838251848855 0.197294392113273
   endloop
endfacet
facet normal -0.215018905305862 0.918465178092657 -0.331946662872654
   outer loop
      vertex -0.210359361201654 0.590502807377850 0.124474086136237
      vertex -0.199703027270001 0.590636656749409 0.117941779858758
      vertex -0.205285602050448 0.585864980502958 0.108355121183299
   endloop
endfacet
facet normal -0.682148717559598 -0.009662696763758 0.731149614937359
   outer loop
      vertex 0.123921039814518 0.914475288983349 -0.124927963211715
      vertex 0.117313769453674 0.920389570773634 -0.131014259368878
      vertex 0.117309479541957 0.918889757223856 -0.131038082948832
   endloop
endfacet
facet normal 0.345091502966616 -0.915694162963379 0.205951582890347
   outer loop
      vertex -0.137750215913523 0.629223150720325 0.199197907371952
      vertex -0.130921540636242 0.629442324392570 0.188730292935089
      vertex -0.121549531857124 0.634284857702224 0.194557288160676
   endloop
endfacet
facet normal 0.184081592008678 0.907833717555824 0.376765057764547
   outer loop
      vertex 0.175962113681223 0.880590817926172 -0.070891968208104
      vertex 0.183188903035036 0.885028970302810 -0.085116809790609
      vertex 0.171957475077487 0.885029887151661 -0.079631516634927
   endloop
endfacet
facet normal -0.021382304067515 0.917513188657330 0.397130136998722
   outer loop
      vertex 0.203397129684928 0.836104098843629 0.024183899767509
      vertex 0.204050573476996 0.840539917562214 0.013970748799935
      vertex 0.190944254701292 0.836275813031288 0.023116689924221
   endloop
endfacet
facet normal 0.306478605238221 -0.899167332085235 0.312360326293137
   outer loop
      vertex -0.163808488709407 0.605644207484038 0.144610301838416
      vertex -0.154634431742915 0.605822374883130 0.136121868271882
      vertex -0.147786489039181 0.610608030451582 0.143178965590648
   endloop
endfacet
facet normal 0.322747917651113 -0.898608492767010 0.297214667166466
   outer loop
      vertex -0.156531870986336 0.610420324109291 0.152108132258229
      vertex -0.147786489039181 0.610608030451582 0.143178965590648
      vertex -0.140608420684572 0.615405709924977 0.149889700714099
   endloop
endfacet
facet normal -0.227201270453927 -0.924478953767974 -0.306134360606897
   outer loop
      vertex 0.171665103447245 0.899908519025081 -0.127482666435836
      vertex 0.164879856865239 0.904375718265943 -0.135937173246373
      vertex 0.181611011889266 0.899971099019196 -0.135053123135757
   endloop
endfacet
facet normal -0.365698257832928 0.889187001412320 -0.274975018387723
   outer loop
      vertex -0.121639357649360 0.629769270740258 0.157262225445273
      vertex -0.125268907265893 0.624980432936833 0.146603612265144
      vertex -0.129181637318850 0.624878058366622 0.151476231001518
   endloop
endfacet
facet normal -0.998454009600383 0.004169035920550 -0.055427518909035
   outer loop
      vertex -0.246094645809194 0.532231465977566 -0.009591277634167
      vertex -0.245463846012844 0.527576479779709 -0.021304437511570
      vertex -0.246098819692918 0.530545701193500 -0.009642887070312
   endloop
endfacet
facet normal 0.373705790246994 -0.923242849734193 0.089255939581385
   outer loop
      vertex -0.085678275363725 0.653583089360283 0.224873842948390
      vertex -0.067680424983120 0.658899500709259 0.204510356287804
      vertex -0.071156988507680 0.658652808471947 0.216514656283213
   endloop
endfacet
facet normal 0.241357563123287 -0.910906192676589 0.334658684134492
   outer loop
      vertex -0.177241268877367 0.596125398458294 0.128578599083231
      vertex -0.193686146105129 0.591236500219669 0.127131655644044
      vertex -0.183363715791077 0.591382263041996 0.120083817113605
   endloop
endfacet
facet normal 0.243687976968835 -0.878677041017218 -0.410539678313878
   outer loop
      vertex 0.158906194083002 0.786421898717834 0.113279276087522
      vertex 0.148419588890341 0.786689663542989 0.106481544817336
      vertex 0.153317962973194 0.791639281960853 0.098795463881516
   endloop
endfacet
facet normal -0.370001416806296 0.923541957049528 0.100842476816379
   outer loop
      vertex 0.040278147510434 0.711187733592894 0.234194304602664
      vertex 0.051600972120818 0.716002880417433 0.231640529825863
      vertex 0.037662517957813 0.711474129521871 0.221974401482945
   endloop
endfacet
facet normal 0.002238255716364 -0.924917967775542 -0.380160154536625
   outer loop
      vertex 0.215811914702930 0.832932975268421 0.025212531503137
      vertex 0.204014285376122 0.837540432357856 0.013933269571334
      vertex 0.216504570269470 0.837383633542794 0.014388294883362
   endloop
endfacet
facet normal -0.397901289866595 -0.017876385118384 0.917254053344873
   outer loop
      vertex 0.072058253008288 0.943820680041317 -0.160273620918121
      vertex 0.063760972178772 0.949713877346094 -0.163758096858234
      vertex 0.063756878720257 0.948214243591615 -0.163789098981202
   endloop
endfacet
facet normal 0.928325252730189 -0.001650417395619 -0.371765384706336
   outer loop
      vertex 0.210413413235647 0.879040337506508 -0.085693064862386
      vertex 0.214664544683794 0.874553925754582 -0.075057762893342
      vertex 0.210403521678602 0.877540551541355 -0.085711106642559
   endloop
endfacet
facet normal -0.131434603653396 0.022579681946822 -0.991067658096890
   outer loop
      vertex 0.020781435650478 0.705330627851496 0.186806115252323
      vertex 0.020764775890394 0.703144945751713 0.186758527847668
      vertex 0.011684272826119 0.698270382602461 0.187851718839055
   endloop
endfacet
facet normal 0.344584457892035 -0.915961362853502 0.205612093853467
   outer loop
      vertex -0.130921540636242 0.629442324392570 0.188730292935089
      vertex -0.140001524517560 0.624616496273319 0.182449287020554
      vertex -0.124092965339205 0.629661496077169 0.178262678498392
   endloop
endfacet
facet normal 0.130128879464920 -0.917761976280648 -0.375205849664746
   outer loop
      vertex 0.207421180816942 0.800533143963130 0.103528825918812
      vertex 0.200489868679419 0.805761319772596 0.088336672464891
      vertex 0.212097198946665 0.805513313870447 0.092968954370127
   endloop
endfacet
facet normal 0.459390107944472 -0.883617495381393 0.090448054587592
   outer loop
      vertex -0.054783185645089 0.663990601289024 0.195133282422561
      vertex -0.051903353527326 0.664242991649664 0.182972160172566
      vertex -0.042969641715200 0.669095792521081 0.185006044911243
   endloop
endfacet
facet normal -0.344695019523949 -0.925670129123982 -0.155949208279411
   outer loop
      vertex 0.073036740157839 0.948668717662721 -0.186998387871791
      vertex 0.077676619892318 0.948896003712909 -0.198603033788614
      vertex 0.087669561271284 0.944460596235067 -0.194363146351524
   endloop
endfacet
facet normal 0.166543699980423 -0.912663867134451 0.373239683881577
   outer loop
      vertex -0.203547167522217 0.572515894703891 0.083411348954541
      vertex -0.207455982263222 0.567823225677264 0.073680762555613
      vertex -0.192047300746808 0.572611332501576 0.078513349595147
   endloop
endfacet
facet normal 0.315005084945238 0.931840679220134 0.180124248809543
   outer loop
      vertex 0.097446830467925 0.943020213787616 -0.189579298099163
      vertex 0.103201892557882 0.943219265565812 -0.200673630927272
      vertex 0.092881014596760 0.947673315524473 -0.205666495052177
   endloop
endfacet
facet normal -0.040650869889925 -0.904457819982537 0.424621665308811
   outer loop
      vertex -0.201883543170270 0.525748837260213 -0.017551458604105
      vertex -0.208109765048058 0.525773537179444 -0.018094910149826
      vertex -0.207117827067370 0.521106791390420 -0.027940266434039
   endloop
endfacet
facet normal -0.106455862542924 -0.916816406796838 -0.384856889711457
   outer loop
      vertex 0.199736361662332 0.859762413635000 -0.036909022711341
      vertex 0.185299244913034 0.864277976595963 -0.043672644623650
      vertex 0.197384809526016 0.864213461660566 -0.046861962229106
   endloop
endfacet
facet normal 0.084796841561817 0.902275592337243 -0.422738987004531
   outer loop
      vertex -0.205649613209407 0.519625647816313 -0.037627463851773
      vertex -0.203717662541101 0.514897183333717 -0.047332163213014
      vertex -0.217936612118529 0.519704521262160 -0.039923758124450
   endloop
endfacet
facet normal 0.226705838152862 -0.889738957880137 0.396193197541019
   outer loop
      vertex -0.167756329023172 0.586917699119989 0.098233032878632
      vertex -0.177896396329181 0.582110794746966 0.093240323154626
      vertex -0.172414224360146 0.582171473956288 0.090239636262349
   endloop
endfacet
facet normal -0.034997420001673 -0.908274298862218 -0.416908837300881
   outer loop
      vertex 0.191336005651059 0.846548194950419 -0.005750092779621
      vertex 0.190530992706724 0.850977456002282 -0.015332069084325
      vertex 0.203811187992479 0.846421458494742 -0.006521215149348
   endloop
endfacet
facet normal -0.793672605306783 0.021931023369954 -0.607949690187840
   outer loop
      vertex 0.143171778567849 0.783428819490170 0.113950726840311
      vertex 0.137516559176703 0.776798563709975 0.121094384421494
      vertex 0.137539930658122 0.778515831166565 0.121125821444135
   endloop
endfacet
facet normal -0.017993289097152 -0.914160400833107 0.404953087525110
   outer loop
      vertex -0.221165732550965 0.535132413149571 0.001819226608233
      vertex -0.233608053754214 0.530511111601023 -0.009165969690994
      vertex -0.221117297813534 0.530476521809781 -0.008689052311659
   endloop
endfacet
facet normal -0.959314250247854 -0.003673699301774 0.282316618718839
   outer loop
      vertex -0.234730098552697 0.564906417908522 0.071322792452258
      vertex -0.238021545937907 0.560225425754319 0.060077514180687
      vertex -0.234739056101006 0.563002440841828 0.071267578759803
   endloop
endfacet
facet normal -0.405683673408356 0.908657330830084 -0.098805932304946
   outer loop
      vertex -0.057644275656234 0.668611402609909 0.207399984161864
      vertex -0.064187169330812 0.664082251734135 0.192612400349840
      vertex -0.067663630887595 0.663835461509806 0.204616699288528
   endloop
endfacet
facet normal -0.094026090542453 0.895585244185662 -0.434840389906701
   outer loop
      vertex -0.195685348763098 0.562286574920608 0.049071811572392
      vertex -0.191822246169306 0.557549462680598 0.038480062591918
      vertex -0.197939260367111 0.557529734390726 0.039762120511215
   endloop
endfacet
facet normal 0.945289548419752 -0.003531408820637 -0.326213425229745
   outer loop
      vertex 0.214664544683794 0.874553925754582 -0.075057762893342
      vertex 0.218397545190652 0.871568231224543 -0.064208086584389
      vertex 0.218385854073874 0.870068405256406 -0.064225728383902
   endloop
endfacet
facet normal -0.002738490468880 0.921015202905003 -0.389517004362850
   outer loop
      vertex -0.246154241061417 0.538605492107780 0.002192724231726
      vertex -0.233655041224497 0.538585832407925 0.002058363416956
      vertex -0.233599765974911 0.533882639976567 -0.009062750818605
   endloop
endfacet
facet normal -0.333068413439256 0.914057784834380 0.231438540335708
   outer loop
      vertex 0.115630899147925 0.745016020157335 0.205047170519149
      vertex 0.109048099620098 0.745306888108847 0.194424943527072
      vertex 0.099502686089664 0.740458777671242 0.199835353328353
   endloop
endfacet
facet normal -0.250614171727732 0.903998456974986 0.346380320913396
   outer loop
      vertex 0.157107742823254 0.779682009447182 0.136736369786776
      vertex 0.163478506368901 0.784571287397712 0.128585513853937
      vertex 0.147335522481398 0.779957554035169 0.128946814126776
   endloop
endfacet
facet normal 0.398988358771914 -0.915321279209651 0.054728835091779
   outer loop
      vertex -0.052075082946674 0.668065627969570 0.234159233730859
      vertex -0.049798672659267 0.668323170629442 0.221870886528663
      vertex -0.038951546754914 0.673164081348959 0.223754932300599
   endloop
endfacet
facet normal 0.271850351064341 -0.900210917940266 0.340173029276775
   outer loop
      vertex -0.161136818744342 0.601047385964074 0.128733892018770
      vertex -0.177241268877367 0.596125398458294 0.128578599083231
      vertex -0.167277835653819 0.596282498341625 0.121032028460322
   endloop
endfacet
facet normal 0.358590202322271 -0.922099092581915 0.145417778342549
   outer loop
      vertex -0.107231919666547 0.643786159442098 0.216153229269553
      vertex -0.117672749668869 0.638914003026821 0.211005085245957
      vertex -0.102021574980814 0.644020899234344 0.204793372005670
   endloop
endfacet
facet normal 0.306084591168890 -0.899448735040712 0.311936205148805
   outer loop
      vertex -0.154634431742915 0.605822374883130 0.136121868271882
      vertex -0.161136818744342 0.601047385964074 0.128733892018770
      vertex -0.150047502235564 0.605911406079529 0.131877700957714
   endloop
endfacet
facet normal 0.039773273467935 -0.917511095858840 -0.395716408168218
   outer loop
      vertex 0.200542642090027 0.824243696461712 0.044416046863146
      vertex 0.189815575298421 0.828858606224070 0.032637709199722
      vertex 0.202200927880668 0.828672305619408 0.034314513278342
   endloop
endfacet
facet normal 0.331419943469364 -0.920253533232265 -0.208072717203139
   outer loop
      vertex 0.095168549297893 0.731327734048751 0.215905312652332
      vertex 0.099460361152892 0.736525301440205 0.199753806779734
      vertex 0.105514370378023 0.736233746828580 0.210686155754701
   endloop
endfacet
facet normal 0.562021746206269 0.016666955517433 -0.826954514701405
   outer loop
      vertex -0.110425067752674 0.632442069147839 0.157382092352819
      vertex -0.110435714722553 0.630099839321330 0.157327649613669
      vertex -0.117993392432222 0.625253701098019 0.152093565372150
   endloop
endfacet
facet normal -0.339577368602340 0.905736686638270 -0.253630174093382
   outer loop
      vertex -0.132643472698968 0.629450617874925 0.172440035744072
      vertex -0.133094365405441 0.624775584878089 0.156348748686919
      vertex -0.140919721556047 0.624570637775986 0.166093984046391
   endloop
endfacet
facet normal -0.106430221260138 -0.916862193527607 -0.384754890914025
   outer loop
      vertex 0.197384809526016 0.864213461660566 -0.046861962229106
      vertex 0.194544932530500 0.868665948603918 -0.056686576023023
      vertex 0.209470274158757 0.864148944737524 -0.050051279834397
   endloop
endfacet
facet normal -0.361561678751752 -0.918069445656937 -0.162547363587910
   outer loop
      vertex 0.068396760443750 0.948441429593196 -0.175393738954969
      vertex 0.073036740157839 0.948668717662721 -0.186998387871791
      vertex 0.082465790525546 0.944247357472841 -0.182999969169428
   endloop
endfacet
facet normal 0.981960122854142 0.001497592649588 -0.189082189379474
   outer loop
      vertex -0.191822246169306 0.557549462680598 0.038480062591918
      vertex -0.191829942444392 0.555707819520605 0.038425507128380
      vertex -0.193577201875939 0.550978561817890 0.029314011258317
   endloop
endfacet
facet normal 0.369764406931169 -0.023263829161589 0.928834257346046
   outer loop
      vertex 0.084574675426667 0.726426900119064 0.220612648192124
      vertex 0.073777802621113 0.723591728063617 0.224839820349333
      vertex 0.073758353049791 0.721531282902470 0.224795956673227
   endloop
endfacet
facet normal -0.399414749568037 0.916751855642206 0.005821769840392
   outer loop
      vertex -0.006033156883563 0.692267969547064 0.226283508137301
      vertex -0.016589358595129 0.687749814165161 0.213525303225178
      vertex -0.017029734811066 0.687478636381853 0.226014628987936
   endloop
endfacet
facet normal -0.086131851028139 -0.898708583059729 0.430004868545974
   outer loop
      vertex -0.200925664650392 0.521074707642044 -0.027093468745774
      vertex -0.205653408679870 0.516440701372793 -0.037725512443403
      vertex -0.199509909225308 0.516401264649870 -0.036577365307064
   endloop
endfacet
facet normal 0.114118944824275 0.021132388499018 -0.993242311114725
   outer loop
      vertex -0.024850889782418 0.681151875048958 0.187797019036755
      vertex -0.024863133771346 0.678809479642520 0.187745775065093
      vertex -0.033948769007673 0.673951390224340 0.186598516106806
   endloop
endfacet
facet normal -0.968885894757058 0.007852677300421 -0.247383221743171
   outer loop
      vertex -0.240200541501345 0.512054471790085 -0.056107659641556
      vertex -0.237335104096633 0.508959849886848 -0.067428487833436
      vertex -0.237335515336940 0.507429450219164 -0.067475456620227
   endloop
endfacet
facet normal -0.093912430763617 0.895828317996099 -0.434363994852645
   outer loop
      vertex -0.204056276552449 0.557510106075518 0.041044179487067
      vertex -0.197939260367111 0.557529734390726 0.039762120511215
      vertex -0.199742555652849 0.552776543013752 0.030349066848546
   endloop
endfacet
facet normal 0.978879681805558 -0.016234550643424 0.203791579594587
   outer loop
      vertex 0.225139278654741 0.825341994219689 0.049001398338029
      vertex 0.222731530014853 0.820889066282771 0.060211895567222
      vertex 0.225118682719787 0.823842321909015 0.048980859884820
   endloop
endfacet
facet normal -0.095931317693651 -0.922685551899631 0.373428111691170
   outer loop
      vertex -0.230227306517872 0.516598450252133 -0.042318100988921
      vertex -0.240200541501345 0.512054471790085 -0.056107659641556
      vertex -0.228040317862550 0.511961069379147 -0.053214558698670
   endloop
endfacet
facet normal -0.988352540509410 0.005853801678714 -0.152069026019438
   outer loop
      vertex -0.244268695059621 0.522923023569654 -0.032971498107267
      vertex -0.242510519954557 0.519862269942735 -0.044516346669953
      vertex -0.242512408685530 0.518269846907072 -0.044565370437506
   endloop
endfacet
facet normal -0.928329530005939 0.001712460478201 0.371754423239406
   outer loop
      vertex 0.164465124431094 0.879107962774863 -0.065982324678003
      vertex 0.164455132893805 0.877608174822067 -0.066000366458010
      vertex 0.167793915274632 0.873185408569104 -0.057642526183446
   endloop
endfacet
facet normal 0.205813381716915 -0.890166902012487 0.406501830829505
   outer loop
      vertex -0.172414224360146 0.582171473956288 0.090239636262349
      vertex -0.182304156532853 0.577380340317795 0.084755212740468
      vertex -0.176681329363730 0.577434632064540 0.082027243825248
   endloop
endfacet
facet normal -0.437311998250767 0.896603586291776 0.069715315639012
   outer loop
      vertex 0.014521034166310 0.702141317695197 0.212784400367856
      vertex 0.013118541294022 0.702422816055213 0.200366477681815
      vertex 0.003380014823099 0.697618323801922 0.201068626315084
   endloop
endfacet
facet normal -0.296101328125977 0.915978167141860 -0.270754502827695
   outer loop
      vertex -0.157176416448234 0.619508749066154 0.168696699444126
      vertex -0.156508490810273 0.614853943184668 0.152218767658619
      vertex -0.165253972737673 0.614666234854731 0.161147934326366
   endloop
endfacet
facet normal 0.083627752968574 -0.022354644606749 0.996246289226682
   outer loop
      vertex 0.017325917921941 0.701578420018523 0.237620146802239
      vertex 0.005749646494692 0.696783092742149 0.238484290277089
      vertex 0.017310082101788 0.699361355131299 0.237571727667242
   endloop
endfacet
facet normal 0.484516498980618 0.015039890386253 -0.874652824789776
   outer loop
      vertex 0.113258813981900 0.937261183619258 -0.195207085211968
      vertex 0.113255221107225 0.935761525735982 -0.195234862515775
      vertex 0.103194606379560 0.940219970206063 -0.200731305416389
   endloop
endfacet
facet normal -0.501156734973538 0.023319402036521 -0.865042272076528
   outer loop
      vertex 0.089299597081305 0.746179689925068 0.162558264664116
      vertex 0.089277963648642 0.744244188422729 0.162518621517991
      vertex 0.081319648939884 0.739366554297385 0.166997731532900
   endloop
endfacet
facet normal 0.124101400572922 0.916817969779056 0.379530832299628
   outer loop
      vertex 0.182653699497843 0.871714287838871 -0.052873145329848
      vertex 0.194568414701968 0.871665604640521 -0.056651492413001
      vertex 0.191245418950948 0.876119277193488 -0.066323482904602
   endloop
endfacet
facet normal -0.407626565920334 0.892442693329669 -0.193356204654730
   outer loop
      vertex -0.091582940933820 0.649363433497698 0.182181235800353
      vertex -0.097477758946909 0.644530431459727 0.172301579051584
      vertex -0.100360029446918 0.644415234489148 0.177846181735523
   endloop
endfacet
facet normal 0.042059006340482 0.896421389941172 -0.441202597047647
   outer loop
      vertex -0.202372778098752 0.533796265876257 -0.007870306322253
      vertex -0.195650496946089 0.529033438372617 -0.016906445302211
      vertex -0.201876718802710 0.529058137235505 -0.017449796853513
   endloop
endfacet
facet normal 0.375167317516813 -0.903363240724247 -0.207808419404569
   outer loop
      vertex 0.074668794279086 0.727009805479512 0.197666321600473
      vertex 0.078637832182365 0.732202916212069 0.182256878389839
      vertex 0.084148038563693 0.731911154484745 0.193473056123347
   endloop
endfacet
facet normal -0.990261332328056 -0.000306756235716 0.139220686668598
   outer loop
      vertex -0.242956760693207 0.550879278763614 0.037162452483234
      vertex -0.244588477353685 0.546212200018500 0.025545949157516
      vertex -0.242963809295764 0.549068951860154 0.037108327713370
   endloop
endfacet
facet normal 0.015598851680467 0.908395660296933 0.417820535852357
   outer loop
      vertex 0.179203975531331 0.845262736194222 0.004055843642775
      vertex 0.191701764104457 0.845120868857173 0.003897690868311
      vertex 0.191368694124472 0.849547625501011 -0.005714213455738
   endloop
endfacet
facet normal -0.660113394992136 0.022876036892842 -0.750817549533862
   outer loop
      vertex 0.118620853942300 0.763798514594457 0.140884863661488
      vertex 0.118597940530226 0.761987770465040 0.140849838908418
      vertex 0.111670021203236 0.757060359127340 0.146790686596905
   endloop
endfacet
facet normal -0.082999954851623 0.920491226705606 -0.381846708840912
   outer loop
      vertex -0.240758183720036 0.557391837776029 0.048736728047940
      vertex -0.228524235308621 0.557431292765655 0.046172612209478
      vertex -0.230604811390034 0.552714502188267 0.035254417742054
   endloop
endfacet
facet normal 0.136836780540186 -0.897597817254728 0.419039203358046
   outer loop
      vertex -0.193003963099659 0.563240423358495 0.058147226478690
      vertex -0.195702004574026 0.558541054668585 0.048962043472953
      vertex -0.187041762398286 0.563274335718344 0.056272918102676
   endloop
endfacet
facet normal -0.158617363930417 -0.916754424372249 -0.366608588625079
   outer loop
      vertex 0.187429328279971 0.877574313194378 -0.075855737078562
      vertex 0.183170721444223 0.882029337594562 -0.085153594371093
      vertex 0.198916425973051 0.877557382380535 -0.080783422388838
   endloop
endfacet
facet normal 0.062395065671919 -0.922500130481546 0.380920418252064
   outer loop
      vertex -0.230618946599714 0.549093747611626 0.035146167145838
      vertex -0.232168630394633 0.544442987096437 0.024136952729899
      vertex -0.218274003898302 0.549118543896872 0.033184106572593
   endloop
endfacet
facet normal 0.211421814850056 0.020337926870513 -0.977183291371746
   outer loop
      vertex -0.042948849650876 0.673906118152904 0.185110759837996
      vertex -0.042959245672455 0.671500954808822 0.185058452371828
      vertex -0.051893979482133 0.666679437000258 0.183024998329598
   endloop
endfacet
facet normal 0.019388905146992 0.896366012455058 -0.442890553153507
   outer loop
      vertex -0.202407192606916 0.538536730692322 0.001722411911348
      vertex -0.196127400138996 0.533778971508807 -0.007631897629794
      vertex -0.202372778098752 0.533796265876257 -0.007870306322253
   endloop
endfacet
facet normal 0.400374185106007 -0.904005462497542 -0.149915428409841
   outer loop
      vertex 0.045138090230484 0.712333456591478 0.207395882871183
      vertex 0.051336691376305 0.717510390418341 0.192732838518550
      vertex 0.055139721809739 0.717220632376225 0.204636737153426
   endloop
endfacet
facet normal 0.181115150972594 -0.022807888452820 0.983197387258784
   outer loop
      vertex 0.040278147510434 0.711187733592894 0.234194304602664
      vertex 0.028844058930608 0.706379683640156 0.236189046693914
      vertex 0.040260665797952 0.709033334305889 0.234147547871797
   endloop
endfacet
facet normal -0.229624328060648 -0.897428466234955 -0.376689283035597
   outer loop
      vertex 0.152023993358445 0.890877339494517 -0.089943843932498
      vertex 0.147109010341173 0.895299633143692 -0.097483459902354
      vertex 0.162663870591607 0.890908222927817 -0.096503335916392
   endloop
endfacet
facet normal -0.253738427166974 0.913153490798185 0.319010208021498
   outer loop
      vertex 0.169100843356685 0.774238845070062 0.161084591886729
      vertex 0.166879963186276 0.779406463802852 0.144526025441194
      vertex 0.159721632953647 0.774517756673090 0.152826062430873
   endloop
endfacet
facet normal 0.777936375081249 0.012010932016279 -0.628228249792659
   outer loop
      vertex -0.151544791264465 0.603369442651795 0.120762345633389
      vertex -0.151556477994123 0.601215352637313 0.120706690446219
      vertex -0.157314302450026 0.596439600212601 0.113485457837248
   endloop
endfacet
facet normal -0.324944299462398 0.906589276655075 -0.269271397851533
   outer loop
      vertex -0.157176416448234 0.619508749066154 0.168696699444126
      vertex -0.148880902768962 0.619705445831980 0.159348299567177
      vertex -0.156508490810273 0.614853943184668 0.152218767658619
   endloop
endfacet
facet normal -0.327930760780702 0.894406343933606 0.304136002579620
   outer loop
      vertex 0.119783817112196 0.760457493305595 0.156405991237563
      vertex 0.127170020590939 0.765324818792386 0.150056189007869
      vertex 0.111715408008751 0.760744229519755 0.146863095296450
   endloop
endfacet
facet normal 0.385509422727260 -0.922613984403030 0.012881023734932
   outer loop
      vertex -0.029083558335830 0.677741556286341 0.237555867702537
      vertex -0.040619140662350 0.672901711706942 0.236140405069567
      vertex -0.028028477681362 0.678008561358054 0.225103369805960
   endloop
endfacet
facet normal 0.120955024335414 -0.921903216695082 0.368054807243812
   outer loop
      vertex -0.222814758674736 0.563070464579549 0.067518864126630
      vertex -0.225936190619626 0.558406534056646 0.056862462967188
      vertex -0.210890359259524 0.563138389273909 0.063770248431156
   endloop
endfacet
facet normal -0.356615090876127 0.895123477740463 -0.267543709620000
   outer loop
      vertex -0.125307463301126 0.629663084414043 0.162321562560113
      vertex -0.129181637318850 0.624878058366622 0.151476231001518
      vertex -0.133094365405441 0.624775584878089 0.156348748686919
   endloop
endfacet
facet normal -0.191740864376541 -0.916742987383475 -0.350453614635887
   outer loop
      vertex 0.178458424482688 0.886484405462282 -0.094230042815850
      vertex 0.173303847809248 0.890939108137495 -0.103062807901567
      vertex 0.189407278896212 0.886499427890129 -0.100259698171978
   endloop
endfacet
facet normal 0.746036234431209 0.013123623981500 -0.665776018950288
   outer loop
      vertex -0.145437047948855 0.610371440840571 0.127744407592797
      vertex -0.151544791264465 0.603369442651795 0.120762345633389
      vertex -0.151533106543505 0.605523633697283 0.120817901882695
   endloop
endfacet
facet normal 0.897181001337109 -0.020524096086909 0.441185915821842
   outer loop
      vertex 0.207421180816942 0.800533143963130 0.103528825918812
      vertex 0.202256016265938 0.797150312927736 0.113875162442772
      vertex 0.202232670553217 0.795557526646783 0.113848540630202
   endloop
endfacet
facet normal 0.106044609786335 -0.898764367534704 -0.425414095188684
   outer loop
      vertex 0.168971683331698 0.811467648270982 0.065950972594102
      vertex 0.171732187315076 0.815856113314637 0.057367666392039
      vertex 0.183737110042201 0.815627435162500 0.060843303747760
   endloop
endfacet
facet normal 0.034498455086954 -0.022072976941946 0.999160968155549
   outer loop
      vertex 0.005734632626938 0.694534745042145 0.238435040468305
      vertex -0.005872227147815 0.689713324512125 0.238729282973590
      vertex 0.005719616792817 0.692286496260464 0.238385891710493
   endloop
endfacet
facet normal 0.175375904855500 0.916741237708560 0.358927283834335
   outer loop
      vertex 0.187449211374305 0.880573887112328 -0.075819653518380
      vertex 0.194420532936371 0.885027957665856 -0.090602124002059
      vertex 0.183188903035036 0.885028970302810 -0.085116809790609
   endloop
endfacet
facet normal 0.366961131276038 -0.896784716924012 0.247217919302242
   outer loop
      vertex -0.132665513153351 0.624828863894116 0.172330712785624
      vertex -0.125329503776676 0.625041331489577 0.162212139607247
      vertex -0.117264290040757 0.629880668693073 0.167795164055948
   endloop
endfacet
facet normal -0.329599812110921 -0.932122278141858 -0.150040069475051
   outer loop
      vertex 0.073036740157839 0.948668717662721 -0.186998387871791
      vertex 0.071549734308601 0.953567327328798 -0.214164373380964
      vertex 0.077676619892318 0.948896003712909 -0.198603033788614
   endloop
endfacet
facet normal 0.423845394242677 -0.905722250631035 -0.004720857032639
   outer loop
      vertex -0.017056272661961 0.682856707393310 0.225913405584840
      vertex -0.016615896446024 0.683127885176618 0.213424079822083
      vertex -0.006236660293181 0.687983618843629 0.213687890774415
   endloop
endfacet
facet normal -0.043029052326607 0.920811770691640 -0.387626345352843
   outer loop
      vertex -0.244582120411985 0.547991410876037 0.025599545352461
      vertex -0.232155958490863 0.548001507991118 0.024244146176411
      vertex -0.233173469569031 0.543292000017618 0.013169594897314
   endloop
endfacet
facet normal 0.323702574616138 -0.023252407727916 0.945873125065798
   outer loop
      vertex 0.073797350206313 0.725652274130731 0.224883785076246
      vertex 0.062783535912810 0.720824677927366 0.228534324156363
      vertex 0.073777802621113 0.723591728063617 0.224839820349333
   endloop
endfacet
facet normal 0.981982062240995 0.001429487905814 -0.188968743450471
   outer loop
      vertex -0.191829942444392 0.555707819520605 0.038425507128380
      vertex -0.191837740666089 0.553866273291289 0.038371052715979
      vertex -0.193584218496890 0.549168135536061 0.029259885431849
   endloop
endfacet
facet normal -0.128532859159524 0.919580073894728 0.371283977316615
   outer loop
      vertex 0.207467604449178 0.803656720376592 0.103579714577924
      vertex 0.212143256792980 0.808574792173158 0.093017487006825
      vertex 0.200535928513267 0.808822698100642 0.088385204045035
   endloop
endfacet
facet normal -0.762945369799320 0.022171493226900 -0.646082647646467
   outer loop
      vertex 0.137563300130842 0.780233199654162 0.121157159528912
      vertex 0.137539930658122 0.778515831166565 0.121125821444135
      vertex 0.131560848295482 0.773606132405287 0.128017908497725
   endloop
endfacet
facet normal -0.959290043757725 -0.004014982657346 0.282394213576631
   outer loop
      vertex -0.234739056101006 0.563002440841828 0.071267578759803
      vertex -0.238021545937907 0.560225425754319 0.060077514180687
      vertex -0.238029893860586 0.558352666287120 0.060022530136582
   endloop
endfacet
facet normal 0.211830092360952 -0.890782424302261 -0.402038163020051
   outer loop
      vertex 0.174930720834428 0.791112664502733 0.111349927090050
      vertex 0.164124341914394 0.791375972703622 0.105072745482993
      vertex 0.168932248274220 0.796333066425384 0.096622720019788
   endloop
endfacet
facet normal -0.266476206043031 -0.916979080899453 -0.296883473446581
   outer loop
      vertex 0.139373214639366 0.908653041236019 -0.127030114069443
      vertex 0.148529442919841 0.908746944641440 -0.135538585096529
      vertex 0.155317337850328 0.904297396452275 -0.127888007263903
   endloop
endfacet
facet normal 0.148427734760883 0.907854546385620 0.392134326679918
   outer loop
      vertex 0.182653699497843 0.871714287838871 -0.052873145329848
      vertex 0.191245418950948 0.876119277193488 -0.066323482904602
      vertex 0.179530459432885 0.876152099388779 -0.061965213279667
   endloop
endfacet
facet normal 0.022636150756560 -0.922756040600464 0.384719240764329
   outer loop
      vertex -0.233184782079866 0.539795908653896 0.013063660702618
      vertex -0.233664892395787 0.535152073644485 0.001953587422937
      vertex -0.220707122382800 0.539791084078993 0.012317927031857
   endloop
endfacet
facet normal 0.999884351426463 -0.011584019134590 0.009853642634614
   outer loop
      vertex 0.229177835668979 0.843195537969810 0.003404792912461
      vertex 0.229013151171155 0.838726480336711 0.014862058752887
      vertex 0.229160641515530 0.841695810024896 0.003386453274256
   endloop
endfacet
facet normal 0.363569351847069 0.908752456482157 0.204905586149201
   outer loop
      vertex 0.080181548194484 0.942422856435775 -0.156296294128203
      vertex 0.085936710264284 0.942621910221686 -0.167390628856372
      vertex 0.077269708321719 0.947033299334933 -0.171576968675440
   endloop
endfacet
facet normal 0.459083181943098 -0.023338874757565 0.888086667494818
   outer loop
      vertex 0.105556595313384 0.740167222128314 0.210767602309067
      vertex 0.095209832283534 0.735323683631186 0.215988919468650
      vertex 0.105535483828887 0.738200435019287 0.210726828506398
   endloop
endfacet
facet normal 0.441150496514782 0.016200263290786 -0.897286905562580
   outer loop
      vertex 0.103201892557882 0.943219265565812 -0.200673630927272
      vertex 0.103198299457785 0.941719618932577 -0.200702473171635
      vertex 0.092877223297226 0.946173576244142 -0.205696408293038
   endloop
endfacet
facet normal -0.395369521418957 0.916190033967449 0.065412255668714
   outer loop
      vertex 0.015923425049653 0.701859918378540 0.225202224116198
      vertex 0.026832594055299 0.706663789935259 0.223855285152176
      vertex 0.014521034166310 0.702141317695197 0.212784400367856
   endloop
endfacet
facet normal 0.988676947602853 -0.005764089849361 0.149948886447731
   outer loop
      vertex -0.194728041318520 0.524289698512697 -0.026146666423297
      vertex -0.193364563019404 0.517954350142215 -0.035380193346552
      vertex -0.193362714280528 0.519546772382820 -0.035331169578931
   endloop
endfacet
facet normal -0.359076654745111 0.883766994535390 -0.300033090486608
   outer loop
      vertex -0.136437630241355 0.620000389949714 0.145325798689620
      vertex -0.132289873422887 0.620098739388970 0.140651498756727
      vertex -0.139017728882330 0.615229454787572 0.134360535374429
   endloop
endfacet
facet normal -0.716784378865620 -0.007789983749492 0.697251368135919
   outer loop
      vertex 0.123921039814518 0.914475288983349 -0.124927963211715
      vertex 0.130217088328784 0.908559039737946 -0.118521634099635
      vertex 0.130222279684053 0.910058789476581 -0.118499541481165
   endloop
endfacet
facet normal -0.207619307409978 0.888021529176562 -0.410258439169168
   outer loop
      vertex -0.182283365579392 0.581375687688205 0.084866719090076
      vertex -0.176660438451191 0.581429982478937 0.082138650180271
      vertex -0.180527400330209 0.576639589526503 0.073726596220179
   endloop
endfacet
facet normal -0.179062045082186 0.919184964728204 -0.350764571512855
   outer loop
      vertex -0.221643351664008 0.580995437311010 0.103962899361513
      vertex -0.210397599354218 0.581104123823150 0.098506862593043
      vertex -0.215027100657844 0.576353275202146 0.088420494304110
   endloop
endfacet
facet normal 0.152476545655579 -0.889998134238958 -0.429714119009506
   outer loop
      vertex 0.173319205596900 0.801293455759336 0.087949205995208
      vertex 0.165667877856518 0.806505338535382 0.074439726754763
      vertex 0.177275108143519 0.806257330645589 0.079072008660165
   endloop
endfacet
facet normal 0.155419125926267 -0.909908435292697 -0.384592686721304
   outer loop
      vertex 0.191132529793552 0.795816039906317 0.108106600426731
      vertex 0.184686498668522 0.801039951181610 0.093142411932096
      vertex 0.196053789752610 0.800786546578547 0.098335618925536
   endloop
endfacet
facet normal -0.527055060492295 -0.013854913142263 0.849718191279487
   outer loop
      vertex 0.095779248758265 0.933618258448740 -0.147288079456597
      vertex 0.088092389373805 0.938022112465559 -0.151984204788420
      vertex 0.095775558109952 0.932118487670017 -0.147314822874563
   endloop
endfacet
facet normal 0.003293330773931 -0.898559740741410 0.438838861418566
   outer loop
      vertex -0.201990685766293 0.539783994072128 0.011199528099466
      vertex -0.208666572706145 0.535112752654659 0.001684865793530
      vertex -0.202416941789263 0.535102872885522 0.001617734855027
   endloop
endfacet
facet normal -0.278427474640072 0.907914608883581 -0.313319652019032
   outer loop
      vertex -0.163785063889128 0.610015208004696 0.144721275782251
      vertex -0.161113447293724 0.605355667024043 0.128845103455247
      vertex -0.170693890032887 0.605187799394164 0.136872206090099
   endloop
endfacet
facet normal -0.376509120478391 0.915377126290099 0.142567874577231
   outer loop
      vertex 0.058980505479376 0.721114435969482 0.216630425521488
      vertex 0.069413884813256 0.725943069838597 0.213181131493227
      vertex 0.055177475045942 0.721404194011598 0.204726526886612
   endloop
endfacet
facet normal 0.746157103469041 0.012887708922525 -0.665645163658100
   outer loop
      vertex -0.145437047948855 0.610371440840571 0.127744407592797
      vertex -0.145448710347706 0.608185940517723 0.127689020615214
      vertex -0.151544791264465 0.603369442651795 0.120762345633389
   endloop
endfacet
facet normal 0.434102262944436 0.018492619597200 -0.900673774641492
   outer loop
      vertex -0.086381568575266 0.647161645422344 0.170767639372457
      vertex -0.094614683492173 0.639835468378413 0.166649062673405
      vertex -0.094605086952719 0.642240597863521 0.166703070046011
   endloop
endfacet
facet normal -0.212887555890430 -0.924475516553082 -0.316265565373330
   outer loop
      vertex 0.183943725042411 0.890969991570794 -0.109622299885461
      vertex 0.167719601420805 0.895393069790810 -0.111630465071532
      vertex 0.178024895966854 0.895439838101702 -0.118703967127844
   endloop
endfacet
facet normal 0.396017718198624 -0.915191485410758 0.074796469865940
   outer loop
      vertex -0.060542953835927 0.663486018529429 0.219455529035826
      vertex -0.071156988507680 0.658652808471947 0.216514656283213
      vertex -0.057663019750386 0.663738310903050 0.207294405729112
   endloop
endfacet
facet normal 0.526581370571224 0.013858900483469 -0.850011759356728
   outer loop
      vertex 0.123038445504394 0.934298405709897 -0.189196920210883
      vertex 0.123034752869311 0.932798734867810 -0.189223658972496
      vertex 0.113258813981900 0.937261183619258 -0.195207085211968
   endloop
endfacet
facet normal 0.018966798156721 0.902039512247705 -0.431236569543452
   outer loop
      vertex -0.208656721534855 0.538546511418099 0.001789641787549
      vertex -0.202372778098752 0.533796265876257 -0.007870306322253
      vertex -0.208618156079676 0.533813561300049 -0.008108815009130
   endloop
endfacet
facet normal -0.014709786524043 -0.021808408088381 0.999653947882500
   outer loop
      vertex -0.005872227147815 0.689713324512125 0.238729282973590
      vertex -0.017470113014535 0.687207558573208 0.238503955807247
      vertex -0.017483380946216 0.684896544091605 0.238453343577422
   endloop
endfacet
facet normal -0.944367061194175 -0.004816478864097 0.328858108099572
   outer loop
      vertex -0.230899009486751 0.569594686928582 0.082393023598640
      vertex -0.234730098552697 0.564906417908522 0.071322792452258
      vertex -0.230908446686373 0.567659494846334 0.082337580257619
   endloop
endfacet
facet normal -0.167434244933348 -0.924412183459058 -0.342677528729354
   outer loop
      vertex 0.198916425973051 0.877557382380535 -0.080783422388838
      vertex 0.183170721444223 0.882029337594562 -0.085153594371093
      vertex 0.194402249375666 0.882028423050260 -0.090638917525266
   endloop
endfacet
facet normal 0.810725487932915 0.004055535251613 -0.585412449346407
   outer loop
      vertex 0.181617302707609 0.901470886572694 -0.135032540434829
      vertex 0.188343971639475 0.898486218998143 -0.125737593712288
      vertex 0.188337081077248 0.896986412652551 -0.125757526448501
   endloop
endfacet
facet normal -0.243878198125563 0.908854783032233 -0.338387954629685
   outer loop
      vertex -0.177218152723267 0.600371055000607 0.128690149063651
      vertex -0.173018524684351 0.595711060126704 0.113147467130022
      vertex -0.183340954977237 0.595565296248034 0.120195405654881
   endloop
endfacet
facet normal 0.253583145994454 -0.900693323201759 0.352770641645995
   outer loop
      vertex -0.167277835653819 0.596282498341625 0.121032028460322
      vertex -0.183363715791077 0.591382263041996 0.120083817113605
      vertex -0.173041285498191 0.591528026920667 0.113035878588746
   endloop
endfacet
facet normal -0.004748222482590 0.898036399987585 0.439895531553338
   outer loop
      vertex 0.178491379717653 0.836447527218947 0.022049480080931
      vertex 0.191560186615873 0.840696814364296 0.013515724544628
      vertex 0.179069799733581 0.840853712222721 0.013060600294902
   endloop
endfacet
facet normal -0.678260094179382 -0.014547413543846 0.734677900445467
   outer loop
      vertex -0.165472030086583 0.619312049256339 0.178045199315657
      vertex -0.173999354705994 0.614478529568782 0.170077000999527
      vertex -0.165483547882140 0.617063933422759 0.177990050886937
   endloop
endfacet
facet normal -0.988323589162435 0.006289928928302 -0.152239679121969
   outer loop
      vertex -0.244268695059621 0.522923023569654 -0.032971498107267
      vertex -0.242512408685530 0.518269846907072 -0.044565370437506
      vertex -0.244271333536732 0.521299387546186 -0.033021451483868
   endloop
endfacet
facet normal -0.908905466126381 0.000978171931454 0.417001075328660
   outer loop
      vertex 0.160725945152160 0.885030901987530 -0.074146222422526
      vertex 0.164465124431094 0.879107962774863 -0.065982324678003
      vertex 0.164475015988140 0.880607748740015 -0.065964282897830
   endloop
endfacet
facet normal -0.849267038609208 0.021279960515123 -0.527534511110336
   outer loop
      vertex 0.153364816249003 0.794887148607550 0.098851065642510
      vertex 0.148443098440961 0.788344643934068 0.106510523709206
      vertex 0.148466506044971 0.789999721255823 0.106539603652214
   endloop
endfacet
facet normal -0.159978835979491 0.894976235834245 -0.416442444199210
   outer loop
      vertex -0.195710824657931 0.571775425735546 0.069463289855504
      vertex -0.189847685053023 0.571816434185273 0.067299061223772
      vertex -0.192986048003041 0.567048377491882 0.058257653863601
   endloop
endfacet
facet normal -0.166442421583112 -0.907834744101391 -0.384880497946975
   outer loop
      vertex 0.179508874792695 0.873152586373813 -0.062000795808381
      vertex 0.164455132893805 0.877608174822067 -0.066000366458010
      vertex 0.175942230586888 0.877591244008223 -0.070928051768286
   endloop
endfacet
facet normal 0.200308877022774 -0.896564916313042 0.395028738982954
   outer loop
      vertex -0.182304156532853 0.577380340317795 0.084755212740468
      vertex -0.186297316364632 0.572659001878738 0.076064399384300
      vertex -0.176681329363730 0.577434632064540 0.082027243825248
   endloop
endfacet
facet normal 0.835613167926238 0.010369177623434 -0.549220460055606
   outer loop
      vertex -0.162707523773574 0.593765255364860 0.106043833800751
      vertex -0.167756329023172 0.586917699119989 0.098233032878632
      vertex -0.167745177259687 0.588977952520208 0.098288896955267
   endloop
endfacet
facet normal -0.116327544720558 0.895330786316300 -0.429942653633624
   outer loop
      vertex -0.192986048003041 0.567048377491882 0.058257653863601
      vertex -0.189638491160423 0.562313459445592 0.047491727462201
      vertex -0.195685348763098 0.562286574920608 0.049071811572392
   endloop
endfacet
facet normal -0.681858596258930 -0.009052103130165 0.731427996549710
   outer loop
      vertex 0.123925729458832 0.915975119885151 -0.124905029582747
      vertex 0.117313769453674 0.920389570773634 -0.131014259368878
      vertex 0.123921039814518 0.914475288983349 -0.124927963211715
   endloop
endfacet
facet normal -0.317051609068756 0.922123926524418 0.221733491647299
   outer loop
      vertex 0.115630899147925 0.745016020157335 0.205047170519149
      vertex 0.125409235492773 0.749870262531024 0.198841631808895
      vertex 0.109048099620098 0.745306888108847 0.194424943527072
   endloop
endfacet
facet normal -0.400064599335844 0.916468682813846 0.005785307226476
   outer loop
      vertex -0.017470113014535 0.687207558573208 0.238503955807247
      vertex -0.017029734811066 0.687478636381853 0.226014628987936
      vertex -0.028003787755483 0.682693256171558 0.225205856692398
   endloop
endfacet
facet normal 0.378666290224544 -0.880232239172479 -0.286012317512699
   outer loop
      vertex 0.104078283686480 0.746931428130265 0.167904275858164
      vertex 0.096982700025242 0.747221460241118 0.157617467297145
      vertex 0.104459537013996 0.752138404648374 0.152384032341063
   endloop
endfacet
facet normal -0.228168257046565 0.022965464369202 -0.973350827771077
   outer loop
      vertex 0.038747928976382 0.717156193025578 0.183334536998316
      vertex 0.038729725312913 0.715033077482654 0.183288710935488
      vertex 0.029798343551725 0.710179123002760 0.185267837511279
   endloop
endfacet
facet normal 0.275209531538877 -0.910231545124602 0.309415978918724
   outer loop
      vertex -0.170717159515727 0.600879420347175 0.136760993596904
      vertex -0.177241268877367 0.596125398458294 0.128578599083231
      vertex -0.161136818744342 0.601047385964074 0.128733892018770
   endloop
endfacet
facet normal 0.033850535789554 0.917170197989989 0.397055372896231
   outer loop
      vertex 0.191368694124472 0.849547625501011 -0.005714213455738
      vertex 0.203843774519281 0.849420985976010 -0.006485234774328
      vertex 0.202984244053820 0.853865628833544 -0.016678771190504
   endloop
endfacet
facet normal -0.076526816552239 -0.922741987137491 0.377744452668644
   outer loop
      vertex -0.231886878707291 0.521235221577031 -0.031327756113135
      vertex -0.242514297416504 0.516677423871409 -0.044614394205060
      vertex -0.230227306517872 0.516598450252133 -0.042318100988921
   endloop
endfacet
facet normal 0.292596510557880 -0.918124232321194 0.267273597712101
   outer loop
      vertex -0.165277252933491 0.610232617767000 0.161037298925810
      vertex -0.172982445716821 0.605466043128933 0.153098635410365
      vertex -0.156531870986336 0.610420324109291 0.152108132258229
   endloop
endfacet
facet normal 0.640307678706675 0.015558320463579 -0.767960946437788
   outer loop
      vertex -0.125280300750398 0.622700908782532 0.146548732045846
      vertex -0.132312907005300 0.615602406690803 0.140541300837151
      vertex -0.132301389209743 0.617850522524383 0.140596449265872
   endloop
endfacet
facet normal -0.371274831276371 0.919421059375545 -0.129691615910412
   outer loop
      vertex -0.085663631248480 0.658581916335572 0.224980850522997
      vertex -0.087254877519753 0.654088488988004 0.197680997588114
      vertex -0.091898238194604 0.653850147150279 0.209284110369245
   endloop
endfacet
facet normal -0.982258238970227 -0.001767426685253 0.187525006807147
   outer loop
      vertex -0.240765891959512 0.555550293335593 0.048682273635390
      vertex -0.242949704101324 0.552689706896844 0.037216478315217
      vertex -0.242956760693207 0.550879278763614 0.037162452483234
   endloop
endfacet
facet normal 0.086969653434207 0.896435570235369 -0.434556725639268
   outer loop
      vertex -0.200920303715742 0.524321780273428 -0.026993464111396
      vertex -0.193362714280528 0.519546772382820 -0.035331169578931
      vertex -0.199506113754846 0.519586211093389 -0.036479316715435
   endloop
endfacet
facet normal 0.034518471508869 -0.022121270900691 0.999159208784281
   outer loop
      vertex 0.005734632626938 0.694534745042145 0.238435040468305
      vertex -0.005858035253625 0.691992956081248 0.238779263461744
      vertex -0.005872227147815 0.689713324512125 0.238729282973590
   endloop
endfacet
facet normal 0.165085223187651 -0.918045948566447 -0.360469839800524
   outer loop
      vertex 0.196543378715417 0.790586045056967 0.123904390298751
      vertex 0.191132529793552 0.795816039906317 0.108106600426731
      vertex 0.202232670553217 0.795557526646783 0.113848540630202
   endloop
endfacet
facet normal -0.874030949313298 0.020902812844456 -0.485420407541427
   outer loop
      vertex 0.157878796931299 0.799777253277830 0.090933924503593
      vertex 0.153341390615448 0.793263164768698 0.098823314230946
      vertex 0.153364816249003 0.794887148607550 0.098851065642510
   endloop
endfacet
facet normal -0.071756141716534 0.925555690795381 0.371749538482890
   outer loop
      vertex 0.210591849130337 0.822603550438839 0.057350716222841
      vertex 0.212871955248826 0.827042305807025 0.046739529751959
      vertex 0.198430770333216 0.822818453752128 0.054468299522205
   endloop
endfacet
facet normal 0.322671040999782 0.931971561659115 0.165264659134335
   outer loop
      vertex 0.087677245838131 0.947459976808711 -0.194303320926524
      vertex 0.092881014596760 0.947673315524473 -0.205666495052177
      vertex 0.082324688527974 0.952122457466404 -0.210145692515162
   endloop
endfacet
facet normal -0.369460891113552 0.915170136207240 0.161128122101645
   outer loop
      vertex 0.069413884813256 0.725943069838597 0.213181131493227
      vertex 0.079661925907847 0.730776774211127 0.209225201977606
      vertex 0.065030519421609 0.726233866477767 0.201478577904461
   endloop
endfacet
facet normal -0.979771650788733 0.006860038124758 -0.200001130465926
   outer loop
      vertex -0.242514297416504 0.516677423871409 -0.044614394205060
      vertex -0.240199406512741 0.513615882843612 -0.056059663364359
      vertex -0.240200541501345 0.512054471790085 -0.056107659641556
   endloop
endfacet
facet normal 0.469106432703108 -0.882758967289280 -0.025995393186634
   outer loop
      vertex -0.006411781923119 0.688258632309446 0.201192135449973
      vertex -0.006586901565524 0.688533545800598 0.188696379068975
      vertex 0.002560073865768 0.693400172448519 0.188498140124555
   endloop
endfacet
facet normal -0.057969046759280 0.917789359106617 0.392813291435621
   outer loop
      vertex 0.200583933940179 0.827243043070705 0.044457123769399
      vertex 0.202240717743291 0.831671737177170 0.034354191321783
      vertex 0.188295912631535 0.827443780334385 0.042174717786839
   endloop
endfacet
facet normal -0.238133072097332 -0.916850672439973 -0.320433276080772
   outer loop
      vertex 0.167719601420805 0.895393069790810 -0.111630465071532
      vertex 0.151773386543449 0.899783361024495 -0.112341753036161
      vertex 0.161719294985469 0.899845941018611 -0.119912209736081
   endloop
endfacet
facet normal -0.041671820575559 -0.898699715488905 0.436580211129731
   outer loop
      vertex -0.202381165879466 0.530424736569410 -0.007973625188894
      vertex -0.208109765048058 0.525773537179444 -0.018094910149826
      vertex -0.201883543170270 0.525748837260213 -0.017551458604105
   endloop
endfacet
facet normal 0.083641466283444 -0.022400249593883 0.996244113626820
   outer loop
      vertex 0.017310082101788 0.699361355131299 0.237571727667242
      vertex 0.005734632626938 0.694534745042145 0.238435040468305
      vertex 0.017294244272936 0.697144391275080 0.237523209594381
   endloop
endfacet
facet normal -0.398798081295097 0.916929913662686 -0.014128828185296
   outer loop
      vertex -0.017029734811066 0.687478636381853 0.226014628987936
      vertex -0.026948707101015 0.682960261243272 0.212753358795822
      vertex -0.028003787755483 0.682693256171558 0.225205856692398
   endloop
endfacet
facet normal -0.327097423003885 0.922323761386146 0.205733213280523
   outer loop
      vertex 0.105556595313384 0.740167222128314 0.210767602309067
      vertex 0.115630899147925 0.745016020157335 0.205047170519149
      vertex 0.099502686089664 0.740458777671242 0.199835353328353
   endloop
endfacet
facet normal 0.160176787784164 0.931064357715196 0.327814823410315
   outer loop
      vertex 0.194420532936371 0.885027957665856 -0.090602124002059
      vertex 0.205651960893921 0.885027040817005 -0.096087417157740
      vertex 0.200372817370681 0.889513943941071 -0.106251690050805
   endloop
endfacet
facet normal -0.047559317922343 0.901907851715922 -0.429302152675633
   outer loop
      vertex -0.219729804580234 0.548011504932771 0.022888745943822
      vertex -0.207303552676895 0.548021603836732 0.021533346767621
      vertex -0.208218252100346 0.543282446742147 0.011678328601348
   endloop
endfacet
facet normal 0.032829701926310 0.924742734248081 0.379174216062767
   outer loop
      vertex 0.216697341229545 0.844837135239418 0.003581285324964
      vertex 0.228794037255513 0.849167609995333 -0.008027378462644
      vertex 0.216318954873169 0.849294349494997 -0.007256356087501
   endloop
endfacet
facet normal -0.478986458069044 -0.017967900283924 0.877638380852763
   outer loop
      vertex -0.117663153108249 0.641319131455586 0.211059192612981
      vertex -0.127833540246543 0.638807044381329 0.205457096408118
      vertex -0.127843760977105 0.636433312222373 0.205402920821338
   endloop
endfacet
facet normal 0.084866900352658 0.902090287551099 -0.423120222077021
   outer loop
      vertex -0.207112566134131 0.524353863090500 -0.027840361793913
      vertex -0.199506113754846 0.519586211093389 -0.036479316715435
      vertex -0.205649613209407 0.519625647816313 -0.037627463851773
   endloop
endfacet
facet normal 0.158625817371762 0.916745068157763 0.366628326880996
   outer loop
      vertex 0.191245418950948 0.876119277193488 -0.066323482904602
      vertex 0.198936309067386 0.880556956298484 -0.080747338828657
      vertex 0.187449211374305 0.880573887112328 -0.075819653518380
   endloop
endfacet
facet normal -0.389468586817547 0.882438736427424 -0.263848623901498
   outer loop
      vertex -0.121639357649360 0.629769270740258 0.157262225445273
      vertex -0.117971351956672 0.629875454022486 0.152202988325016
      vertex -0.125268907265893 0.624980432936833 0.146603612265144
   endloop
endfacet
facet normal 0.339686619653948 -0.886556387617384 0.314055364550408
   outer loop
      vertex -0.132312907005300 0.615602406690803 0.140541300837151
      vertex -0.143413699079126 0.610701935597704 0.138714382784969
      vertex -0.139041009078148 0.610795837699840 0.134249899973874
   endloop
endfacet
facet normal -0.607360272717992 -0.011499732239905 0.794343285539908
   outer loop
      vertex 0.110407496973712 0.924801751864975 -0.136790362242114
      vertex 0.103223621616494 0.929211347546049 -0.142219364293264
      vertex 0.110403506803762 0.923301954207748 -0.136815125770099
   endloop
endfacet
facet normal -0.987845073001422 0.015750391903774 -0.154641640258027
   outer loop
      vertex 0.177470012578795 0.832044338386495 0.031000583164541
      vertex 0.175987197416390 0.826144742268740 0.039871872289100
      vertex 0.176007893331588 0.827644416567060 0.039892410742143
   endloop
endfacet
facet normal -0.945325243958054 0.002945673323911 0.326115786407703
   outer loop
      vertex 0.167815499914821 0.876184921584071 -0.057606943654732
      vertex 0.167804706611543 0.874685214535749 -0.057624684393603
      vertex 0.170727493158595 0.870263147988034 -0.049112340052121
   endloop
endfacet
facet normal -0.021822605648356 0.928368678851568 -0.371019366084993
   outer loop
      vertex -0.244582120411985 0.547991410876037 0.025599545352461
      vertex -0.233173469569031 0.543292000017618 0.013169594897314
      vertex -0.245651147274612 0.543296724220328 0.013915327511554
   endloop
endfacet
facet normal 0.278837532795018 -0.894476059498503 0.349517108721188
   outer loop
      vertex -0.156346647364883 0.601131318785191 0.124720340701427
      vertex -0.167277835653819 0.596282498341625 0.121032028460322
      vertex -0.162296020044983 0.596361099730097 0.117258793674188
   endloop
endfacet
facet normal -0.410456963507287 0.908508300271016 -0.078343790098816
   outer loop
      vertex -0.047501570287781 0.673391036933491 0.209687254253385
      vertex -0.054764443538469 0.668863792970548 0.195238861911869
      vertex -0.057644275656234 0.668611402609909 0.207399984161864
   endloop
endfacet
facet normal 0.114125812354097 0.021127805153580 -0.993241619548793
   outer loop
      vertex -0.024838543825712 0.683494172468378 0.187848261951697
      vertex -0.024850889782418 0.681151875048958 0.187797019036755
      vertex -0.033937349022175 0.676325171587246 0.186650291825555
   endloop
endfacet
facet normal 0.167432762830350 0.924414157450909 0.342672927782927
   outer loop
      vertex 0.198936309067386 0.880556956298484 -0.080747338828657
      vertex 0.205651960893921 0.885027040817005 -0.096087417157740
      vertex 0.194420532936371 0.885027957665856 -0.090602124002059
   endloop
endfacet
facet normal -0.279895432412607 -0.916983664358280 -0.284252539504259
   outer loop
      vertex 0.141371714904221 0.913194510224449 -0.142845446406403
      vertex 0.133861662030132 0.917639854801893 -0.149790956433396
      vertex 0.150099447260293 0.913304037342540 -0.151792726189067
   endloop
endfacet
facet normal 0.645139577412000 0.010246568263213 -0.763996029764222
   outer loop
      vertex 0.150422430302225 0.919389279661126 -0.168496195927154
      vertex 0.150418038422730 0.917889564098368 -0.168520018450389
      vertex 0.141634881811638 0.922362657328898 -0.175876768839555
   endloop
endfacet
facet normal -0.945193533962051 0.003549143106218 0.326491327510458
   outer loop
      vertex 0.167815499914821 0.876184921584071 -0.057606943654732
      vertex 0.170727493158595 0.870263147988034 -0.049112340052121
      vertex 0.170739184254206 0.871762975012513 -0.049094798247028
   endloop
endfacet
facet normal -0.180687676787454 0.880390788208131 0.438479216720038
   outer loop
      vertex 0.157878796931299 0.799777253277830 0.090933924503593
      vertex 0.173365531215257 0.804416931266832 0.087999993603515
      vertex 0.161998238143635 0.804670435844559 0.082806787666627
   endloop
endfacet
facet normal -0.228176626078090 0.022976817305311 -0.973348597974096
   outer loop
      vertex 0.038747928976382 0.717156193025578 0.183334536998316
      vertex 0.029798343551725 0.710179123002760 0.185267837511279
      vertex 0.029815827251739 0.712333422315101 0.185314593185592
   endloop
endfacet
facet normal 0.279510403024902 -0.925857527568817 0.254286793296496
   outer loop
      vertex -0.174022732873357 0.610044809462399 0.169966464537003
      vertex -0.182156502683313 0.605287875729842 0.161587068976899
      vertex -0.165277252933491 0.610232617767000 0.161037298925810
   endloop
endfacet
facet normal -0.095855429404742 -0.922817688240132 0.373120960178829
   outer loop
      vertex -0.215880156178268 0.511867764693944 -0.050321356704712
      vertex -0.228040317862550 0.511961069379147 -0.053214558698670
      vertex -0.225331088619284 0.507321815968439 -0.063992540115830
   endloop
endfacet
facet normal 0.026583214115027 -0.892408261303187 0.450445144146474
   outer loop
      vertex -0.194890174625344 0.544473277845386 0.020070755201796
      vertex -0.201990685766293 0.539783994072128 0.011199528099466
      vertex -0.195751906901649 0.539781630778186 0.010826661792446
   endloop
endfacet
facet normal 0.456248553738077 -0.881950364744805 -0.118325024142903
   outer loop
      vertex 0.032396491391864 0.707738327786777 0.197440983900131
      vertex 0.029780961819487 0.708024725703400 0.185221080780246
      vertex 0.038711519661911 0.712910061914396 0.183242885929215
   endloop
endfacet
facet normal 0.034517533195174 -0.022116974139553 0.999159336320805
   outer loop
      vertex 0.005749646494692 0.696783092742149 0.238484290277089
      vertex -0.005858035253625 0.691992956081248 0.238779263461744
      vertex 0.005734632626938 0.694534745042145 0.238435040468305
   endloop
endfacet
facet normal 0.345593869950267 0.917740692544326 0.195747026289188
   outer loop
      vertex 0.100677397120153 0.938391527034759 -0.173581761819678
      vertex 0.097446830467925 0.943020213787616 -0.189579298099163
      vertex 0.091691770366306 0.942821061994615 -0.178484962527821
   endloop
endfacet
facet normal 0.366456355692668 -0.897090503775572 0.246856977637130
   outer loop
      vertex -0.125329503776676 0.625041331489577 0.162212139607247
      vertex -0.133116952413963 0.620216540544779 0.156238988247989
      vertex -0.121661498083988 0.625147514771804 0.157152902486990
   endloop
endfacet
facet normal -0.280789415249921 0.916717982636786 -0.284227804048000
   outer loop
      vertex -0.182133077863034 0.609658876250498 0.161698042920734
      vertex -0.172959020896542 0.609837043649591 0.153209609354201
      vertex -0.180274230783106 0.605019832720923 0.144899407662651
   endloop
endfacet
facet normal -0.417522877086276 0.907465377172684 0.046703708015928
   outer loop
      vertex 0.004169926036223 0.697339880786325 0.213540513950179
      vertex 0.014521034166310 0.702141317695197 0.212784400367856
      vertex 0.003380014823099 0.697618323801922 0.201068626315084
   endloop
endfacet
facet normal 0.584353118637260 -0.023200278357897 0.811167787712890
   outer loop
      vertex 0.134846714683165 0.752857420054842 0.192128514115988
      vertex 0.125387182079721 0.747965948648355 0.198803118262596
      vertex 0.134824241289724 0.750984293791844 0.192091130169514
   endloop
endfacet
facet normal 0.090599021178702 -0.903717154409337 0.418434131241409
   outer loop
      vertex -0.204071671068987 0.553826918673854 0.040935169610961
      vertex -0.205929161198303 0.549143339250815 0.031221946005095
      vertex -0.197954654883649 0.553846546989062 0.039653110635111
   endloop
endfacet
facet normal 0.601920255267829 0.016018929823227 -0.798395516135725
   outer loop
      vertex -0.117971351956672 0.629875454022486 0.152202988325016
      vertex -0.117982423178336 0.627564626553762 0.152148277376942
      vertex -0.125280300750398 0.622700908782532 0.146548732045846
   endloop
endfacet
facet normal 0.838468043343580 0.003390193345009 -0.544940223217806
   outer loop
      vertex 0.188337081077248 0.896986412652551 -0.125757526448501
      vertex 0.194591292556990 0.892500703377633 -0.116162439102095
      vertex 0.188330190515019 0.895486606306958 -0.125777459184714
   endloop
endfacet
facet normal 0.971531933709343 0.002890798300360 -0.236890998284382
   outer loop
      vertex -0.189646769075764 0.560440700313403 0.047436843412398
      vertex -0.191837740666089 0.553866273291289 0.038371052715979
      vertex -0.191829942444392 0.555707819520605 0.038425507128380
   endloop
endfacet
facet normal 0.423172706478816 -0.905900048247049 0.016430553167457
   outer loop
      vertex -0.028028477681362 0.678008561358054 0.225103369805960
      vertex -0.026973397026893 0.678275566429768 0.212650871909384
      vertex -0.016615896446024 0.683127885176618 0.213424079822083
   endloop
endfacet
facet normal 0.201323378088752 0.907842532877644 0.367819021983960
   outer loop
      vertex 0.171957475077487 0.885029887151661 -0.079631516634927
      vertex 0.178475006575856 0.889483997072396 -0.094192378281828
      vertex 0.167526150166331 0.889469075041748 -0.088162761866912
   endloop
endfacet
facet normal 0.402279381165380 -0.889561752964370 0.216451350543620
   outer loop
      vertex -0.108940728097720 0.634735207873839 0.172974671883223
      vertex -0.105788552158221 0.634847795183916 0.167578992815299
      vertex -0.097496954013349 0.639720272464175 0.172193565362925
   endloop
endfacet
facet normal 0.086182202636772 -0.913711086213396 0.397120484084378
   outer loop
      vertex -0.216305699443428 0.553787461037768 0.043499385443974
      vertex -0.218274003898302 0.549118543896872 0.033184106572593
      vertex -0.204071671068987 0.553826918673854 0.040935169610961
   endloop
endfacet
facet normal -0.955735265917842 0.008780690432073 -0.294096924425416
   outer loop
      vertex -0.237335104096633 0.508959849886848 -0.067428487833436
      vertex -0.233926151578379 0.505799447005860 -0.078601017662821
      vertex -0.233925550448850 0.502800865768607 -0.078692498164775
   endloop
endfacet
facet normal -0.161829493012170 0.902878340816167 0.398273670830084
   outer loop
      vertex 0.180079078471797 0.799260225702421 0.102417904904953
      vertex 0.196100213384845 0.803910122992010 0.098386507584649
      vertex 0.184732922279590 0.804163528651415 0.093193200596791
   endloop
endfacet
facet normal -0.025232309055745 0.898161649794580 0.438940749325002
   outer loop
      vertex 0.177470012578795 0.832044338386495 0.031000583164541
      vertex 0.190944254701292 0.836275813031288 0.023116689924221
      vertex 0.178491379717653 0.836447527218947 0.022049480080931
   endloop
endfacet
facet normal 0.999983451781701 -0.003047031656515 0.004879729586633
   outer loop
      vertex -0.196157561690033 0.538526850923185 0.001655280972846
      vertex -0.196162537276384 0.536809971075814 0.001602842978711
      vertex -0.196131594018769 0.532093206327212 -0.007683507065906
   endloop
endfacet
facet normal -0.713460793789517 -0.013978972836095 0.700555696603546
   outer loop
      vertex -0.174010992816370 0.612261621050253 0.170021682242696
      vertex -0.182133077863034 0.609658876250498 0.161698042920734
      vertex -0.182144740283051 0.607473376983993 0.161642555948733
   endloop
endfacet
facet normal 0.412764020189066 -0.883189922160378 0.222713773780845
   outer loop
      vertex -0.105788552158221 0.634847795183916 0.167578992815299
      vertex -0.102636376197556 0.634960381437652 0.162183413741791
      vertex -0.094614683492173 0.639835468378413 0.166649062673405
   endloop
endfacet
facet normal 0.406213433441823 -0.904529906514359 -0.129677656951885
   outer loop
      vertex 0.048351375525354 0.712045153401847 0.219472431339376
      vertex 0.045138090230484 0.712333456591478 0.207395882871183
      vertex 0.055139721809739 0.717220632376225 0.204636737153426
   endloop
endfacet
facet normal -0.418622482284523 0.908019400048985 -0.015999576888986
   outer loop
      vertex -0.016589358595129 0.687749814165161 0.213525303225178
      vertex -0.025893626446547 0.683227266314986 0.200300860899246
      vertex -0.026948707101015 0.682960261243272 0.212753358795822
   endloop
endfacet
facet normal -0.967923126663651 0.017375706799439 -0.250644979368992
   outer loop
      vertex 0.174087120766385 0.821748379736968 0.048682025606344
      vertex 0.174065724820145 0.820248699975866 0.048660687199116
      vertex 0.171732187315076 0.815856113314637 0.057367666392039
   endloop
endfacet
facet normal -0.088523522910888 -0.916916026022009 -0.389138262209530
   outer loop
      vertex 0.199736361662332 0.859762413635000 -0.036909022711341
      vertex 0.197384809526016 0.864213461660566 -0.046861962229106
      vertex 0.211963767142864 0.859682209004374 -0.039501602768326
   endloop
endfacet
facet normal 0.018254946251383 -0.931644622289701 -0.362911910380521
   outer loop
      vertex 0.226971633045166 0.828299704410083 0.037668121435583
      vertex 0.215811914702930 0.832932975268421 0.025212531503137
      vertex 0.228264789686569 0.832761261080762 0.026279741346426
   endloop
endfacet
facet normal 0.162928902438556 0.020789402360175 -0.986418761733410
   outer loop
      vertex -0.033937349022175 0.676325171587246 0.186650291825555
      vertex -0.042969641715200 0.669095792521081 0.185006044911243
      vertex -0.042959245672455 0.671500954808822 0.185058452371828
   endloop
endfacet
facet normal 0.229845000510811 -0.919942947259263 0.317610216347219
   outer loop
      vertex -0.193686146105129 0.591236500219669 0.127131655644044
      vertex -0.199725332784502 0.586516249923636 0.117830052762042
      vertex -0.183363715791077 0.591382263041996 0.120083817113605
   endloop
endfacet
facet normal 0.037231909500154 -0.925141232339561 -0.377792913035980
   outer loop
      vertex 0.212830663398673 0.824042959198032 0.046698452845706
      vertex 0.202200927880668 0.828672305619408 0.034314513278342
      vertex 0.214586280462917 0.828486005014746 0.035991317356962
   endloop
endfacet
facet normal -0.071523069011089 0.895810165127138 -0.438644045501732
   outer loop
      vertex -0.197939260367111 0.557529734390726 0.039762120511215
      vertex -0.193570085295909 0.552788991143707 0.029368037090200
      vertex -0.199742555652849 0.552776543013752 0.030349066848546
   endloop
endfacet
facet normal -0.014706052373938 -0.021825662602703 0.999653626250377
   outer loop
      vertex -0.005858035253625 0.691992956081248 0.238779263461744
      vertex -0.017470113014535 0.687207558573208 0.238503955807247
      vertex -0.005872227147815 0.689713324512125 0.238729282973590
   endloop
endfacet
facet normal -0.408916242416258 0.895551350052958 0.175428863379129
   outer loop
      vertex 0.065030519421609 0.726233866477767 0.201478577904461
      vertex 0.060647052041019 0.726524762160296 0.189775925377996
      vertex 0.051374344632264 0.721693950066069 0.192822628251902
   endloop
endfacet
facet normal -0.440941792606943 0.897352786803160 -0.018119369447566
   outer loop
      vertex -0.026948707101015 0.682960261243272 0.212753358795822
      vertex -0.025893626446547 0.683227266314986 0.200300860899246
      vertex -0.035593618928126 0.678436380314819 0.199087638194747
   endloop
endfacet
facet normal -0.645451270866028 -0.010279417249509 0.763732276729510
   outer loop
      vertex 0.117309479541957 0.918889757223856 -0.131038082948832
      vertex 0.110403506803762 0.923301954207748 -0.136815125770099
      vertex 0.117305187644823 0.917390043543109 -0.131061895472792
   endloop
endfacet
facet normal 0.372640274682134 0.898376066938021 0.232507350502723
   outer loop
      vertex 0.095779248758265 0.933618258448740 -0.147288079456597
      vertex 0.094384943236043 0.938206820796798 -0.162782988303853
      vertex 0.088092389373805 0.938022112465559 -0.151984204788420
   endloop
endfacet
facet normal -0.849261757219687 0.021265343614353 -0.527543602828329
   outer loop
      vertex 0.153364816249003 0.794887148607550 0.098851065642510
      vertex 0.153341390615448 0.793263164768698 0.098823314230946
      vertex 0.148443098440961 0.788344643934068 0.106510523709206
   endloop
endfacet
facet normal 0.172800074175535 -0.890132923435341 -0.421667538448695
   outer loop
      vertex 0.168932248274220 0.796333066425384 0.096622720019788
      vertex 0.161951814511400 0.801546859431096 0.082755899007514
      vertex 0.173319205596900 0.801293455759336 0.087949205995208
   endloop
endfacet
facet normal 0.071772008657454 -0.925540980727770 -0.371783097742154
   outer loop
      vertex 0.222710034088368 0.819389384534023 0.060190557160159
      vertex 0.210548957278778 0.819604187872647 0.057308139402969
      vertex 0.212830663398673 0.824042959198032 0.046698452845706
   endloop
endfacet
facet normal -0.310017447643570 0.907143348616162 -0.284570074354318
   outer loop
      vertex -0.165253972737673 0.614666234854731 0.161147934326366
      vertex -0.156508490810273 0.614853943184668 0.152218767658619
      vertex -0.163785063889128 0.610015208004696 0.144721275782251
   endloop
endfacet
facet normal 0.372133384078977 0.909046715556608 0.187485501811931
   outer loop
      vertex 0.085936710264284 0.942621910221686 -0.167390628856372
      vertex 0.082473477079714 0.947246638082385 -0.182940145800926
      vertex 0.077269708321719 0.947033299334933 -0.171576968675440
   endloop
endfacet
facet normal 0.330605199883572 -0.893118913866209 0.305022634413230
   outer loop
      vertex -0.143413699079126 0.610701935597704 0.138714382784969
      vertex -0.150047502235564 0.605911406079529 0.131877700957714
      vertex -0.139041009078148 0.610795837699840 0.134249899973874
   endloop
endfacet
facet normal 0.325291160250514 0.028931953770305 -0.945171203070590
   outer loop
      vertex -0.186644907603105 0.502314095055817 -0.062435340355181
      vertex -0.233926151578379 0.505799447005860 -0.078601017662821
      vertex -0.186645508711467 0.505312675236728 -0.062343759858809
   endloop
endfacet
facet normal -0.909068196275884 0.000387633335815 0.416647169989319
   outer loop
      vertex 0.160725945152160 0.885030901987530 -0.074146222422526
      vertex 0.160716853352404 0.883531136148909 -0.074164664181701
      vertex 0.164465124431094 0.879107962774863 -0.065982324678003
   endloop
endfacet
facet normal -0.328448895291881 0.894071565331719 0.304560928628136
   outer loop
      vertex 0.127852226236809 0.760170756035092 0.165948987173094
      vertex 0.119783817112196 0.760457493305595 0.156405991237563
      vertex 0.112095433904617 0.755596175767624 0.162385500223962
   endloop
endfacet
facet normal 0.322329703548786 -0.898897028176843 0.296795712477440
   outer loop
      vertex -0.147786489039181 0.610608030451582 0.143178965590648
      vertex -0.154634431742915 0.605822374883130 0.136121868271882
      vertex -0.143413699079126 0.610701935597704 0.138714382784969
   endloop
endfacet
facet normal 0.972627951655895 -0.005465352289368 -0.232303675351922
   outer loop
      vertex 0.221581122532808 0.867084023754368 -0.053205714878209
      vertex 0.224218158036149 0.862601532141296 -0.042059301323041
      vertex 0.221568529648630 0.865584277759402 -0.053223155630837
   endloop
endfacet
facet normal 0.190889775719413 -0.910500642349839 -0.366810133183807
   outer loop
      vertex 0.196543378715417 0.790586045056967 0.123904390298751
      vertex 0.185736999774218 0.790849354314198 0.117627108697275
      vertex 0.191132529793552 0.795816039906317 0.108106600426731
   endloop
endfacet
facet normal 0.436166255667672 -0.895870879611861 0.084701620293323
   outer loop
      vertex -0.057663019750386 0.663738310903050 0.207294405729112
      vertex -0.054783185645089 0.663990601289024 0.195133282422561
      vertex -0.045245952022364 0.668838251848855 0.197294392113273
   endloop
endfacet
facet normal 0.259391259329095 0.019902037570805 -0.965567234056851
   outer loop
      vertex -0.051884607445640 0.669115983381859 0.183077737548765
      vertex -0.051893979482133 0.666679437000258 0.183024998329598
      vertex -0.060718953857659 0.661861014552328 0.180554929382265
   endloop
endfacet
facet normal 0.926600413947773 0.005925260394531 -0.376000750213443
   outer loop
      vertex -0.180537417140221 0.574673179384711 0.073671023225176
      vertex -0.180547433971399 0.572706770299260 0.073615350235754
      vertex -0.184003517840070 0.567986956508194 0.065023944853608
   endloop
endfacet
facet normal -0.063937523411153 -0.021483486546052 0.997722633253287
   outer loop
      vertex -0.017470113014535 0.687207558573208 0.238503955807247
      vertex -0.029058868409952 0.682426251099844 0.237658354588974
      vertex -0.017483380946216 0.684896544091605 0.238453343577422
   endloop
endfacet
facet normal -0.254216572166263 -0.924580901219221 -0.283767671761052
   outer loop
      vertex 0.157685569232540 0.908840946033879 -0.144047055066896
      vertex 0.150099447260293 0.913304037342540 -0.151792726189067
      vertex 0.166841597550410 0.908934845569642 -0.152555536093091
   endloop
endfacet
facet normal -0.040689042727753 -0.904264051838915 0.425030500498220
   outer loop
      vertex -0.208626543839223 0.530442030936860 -0.008212033881352
      vertex -0.220562310750242 0.525823033948581 -0.019181712190128
      vertex -0.208109765048058 0.525773537179444 -0.018094910149826
   endloop
endfacet
facet normal -0.439838357936700 0.896799768647876 0.047878949870090
   outer loop
      vertex 0.004169926036223 0.697339880786325 0.213540513950179
      vertex 0.003380014823099 0.697618323801922 0.201068626315084
      vertex -0.006383398134740 0.692817895447691 0.201292096426279
   endloop
endfacet
facet normal -0.441283050515532 0.896993376802013 0.025925880911324
   outer loop
      vertex -0.006208276504802 0.692542881981875 0.213787851750723
      vertex -0.006383398134740 0.692817895447691 0.201292096426279
      vertex -0.016149082338270 0.688020988904483 0.201036077457006
   endloop
endfacet
facet normal -0.180017913695174 0.022783040112473 -0.983399452832912
   outer loop
      vertex 0.029798343551725 0.710179123002760 0.185267837511279
      vertex 0.020764775890394 0.703144945751713 0.186758527847668
      vertex 0.020781435650478 0.705330627851496 0.186806115252323
   endloop
endfacet
facet normal 0.885398283187676 0.008065025238531 -0.464763203681422
   outer loop
      vertex -0.172392676136748 0.586229351582551 0.090351202988302
      vertex -0.172403450237864 0.584200412241248 0.090295469622534
      vertex -0.176670934891349 0.579432356265247 0.082082947531119
   endloop
endfacet
facet normal 0.432991440674953 -0.894205452923244 -0.113644270707165
   outer loop
      vertex 0.035012122953184 0.707451830826794 0.209660985957714
      vertex 0.032396491391864 0.707738327786777 0.197440983900131
      vertex 0.041924804935614 0.712621759781108 0.195319334402990
   endloop
endfacet
facet normal -0.383264835482774 0.915300107610882 0.123829636557123
   outer loop
      vertex 0.051600972120818 0.716002880417433 0.231640529825863
      vertex 0.048387686847114 0.716291182550721 0.219564081352088
      vertex 0.037662517957813 0.711474129521871 0.221974401482945
   endloop
endfacet
facet normal 0.810819729734536 0.004689192216283 -0.585277179932357
   outer loop
      vertex 0.181623493547825 0.902970672032912 -0.135011947734293
      vertex 0.188343971639475 0.898486218998143 -0.125737593712288
      vertex 0.181617302707609 0.901470886572694 -0.135032540434829
   endloop
endfacet
facet normal -0.306250151125020 0.921917282864105 0.237232730651501
   outer loop
      vertex 0.125409235492773 0.749870262531024 0.198841631808895
      vertex 0.134868988094950 0.754730543398891 0.192165798068376
      vertex 0.118313553859991 0.750160191623225 0.188554922185908
   endloop
endfacet
facet normal -0.660112750168841 0.022876039697378 -0.750818116371930
   outer loop
      vertex 0.118643767354375 0.765609258723874 0.140919888414558
      vertex 0.118620853942300 0.763798514594457 0.140884863661488
      vertex 0.111692716582943 0.758902194877055 0.146826839892915
   endloop
endfacet
facet normal 0.267425315807998 -0.890951135023138 -0.367001056491634
   outer loop
      vertex 0.140916707276512 0.771578757775417 0.136243871331779
      vertex 0.137516559176703 0.776798563709975 0.121094384421494
      vertex 0.147288679559481 0.776523016078001 0.128884040076079
   endloop
endfacet
facet normal 0.236873067501768 -0.901365246027107 -0.362535299173466
   outer loop
      vertex 0.157060899901338 0.776247471490014 0.136673595736079
      vertex 0.153289906212279 0.781470891061121 0.121222808675504
      vertex 0.163431625336862 0.781199039550042 0.128525097939426
   endloop
endfacet
facet normal 0.349612840692985 -0.879812483015436 -0.322026173397125
   outer loop
      vertex 0.119738430327848 0.756773621856837 0.156333682532437
      vertex 0.111670021203236 0.757060359127340 0.146790686596905
      vertex 0.118597940530226 0.761987770465040 0.140849838908418
   endloop
endfacet
facet normal 0.320070094299077 0.908357850549883 0.269148936612753
   outer loop
      vertex 0.125592006647387 0.920514476350209 -0.140378784849459
      vertex 0.126025180555332 0.925081952319650 -0.156308807540847
      vertex 0.118216339757229 0.924941802157798 -0.146549590419478
   endloop
endfacet
facet normal 0.208462473000821 -0.910370808945336 -0.357447041630780
   outer loop
      vertex 0.173573244481200 0.780927186051319 0.135827387203514
      vertex 0.169392799275663 0.786154133892679 0.120077007357707
      vertex 0.179879404468324 0.785886369067524 0.126874738627893
   endloop
endfacet
facet normal -0.113018063387562 -0.021136410859414 0.993368093651144
   outer loop
      vertex -0.029058868409952 0.682426251099844 0.237658354588974
      vertex -0.040596398662900 0.677649171414102 0.236244055445093
      vertex -0.029071214366657 0.680083953680424 0.237607111674032
   endloop
endfacet
facet normal 0.354288475457449 0.917751456641135 0.179476850850220
   outer loop
      vertex 0.077269708321719 0.947033299334933 -0.171576968675440
      vertex 0.082473477079714 0.947246638082385 -0.182940145800926
      vertex 0.073044827092508 0.951667983289665 -0.186936393625131
   endloop
endfacet
facet normal -0.396040517224697 0.906131941843761 0.148582679632755
   outer loop
      vertex 0.058980505479376 0.721114435969482 0.216630425521488
      vertex 0.055177475045942 0.721404194011598 0.204726526886612
      vertex 0.045174501532489 0.716579487727996 0.207487532883729
   endloop
endfacet
facet normal 0.994767391951844 -0.005182788742972 0.102034183537536
   outer loop
      vertex -0.195650496946089 0.529033438372617 -0.016906445302211
      vertex -0.195653909119286 0.527378787856799 -0.016957226180297
      vertex -0.194730769777851 0.522666060700348 -0.026196619799748
   endloop
endfacet
facet normal -0.253739862278123 0.913153518677024 0.319008986736815
   outer loop
      vertex 0.159721632953647 0.774517756673090 0.152826062430873
      vertex 0.166879963186276 0.779406463802852 0.144526025441194
      vertex 0.150342522530854 0.774796670263764 0.144567532974851
   endloop
endfacet
facet normal -0.945644330444729 0.009724621019885 -0.325057275020510
   outer loop
      vertex 0.071558521564294 0.956566583946640 -0.214100209256588
      vertex 0.071549734308601 0.953567327328798 -0.214164373380964
      vertex 0.055299040174395 0.955603016373711 -0.166827567652471
   endloop
endfacet
facet normal 0.567660283808122 0.013279363745063 -0.823155793689997
   outer loop
      vertex 0.132502309790605 0.928332353284738 -0.182766745974994
      vertex 0.123031062221760 0.931298964051060 -0.189250398790662
      vertex 0.123034752869311 0.932798734867810 -0.189223658972496
   endloop
endfacet
facet normal 0.082103674943924 -0.922330890413052 0.377577429344723
   outer loop
      vertex -0.228539629846326 0.553748106420335 0.046063502338956
      vertex -0.230618946599714 0.549093747611626 0.035146167145838
      vertex -0.216305699443428 0.553787461037768 0.043499385443974
   endloop
endfacet
facet normal -0.016565239789310 -0.930317648508113 0.366380493073878
   outer loop
      vertex -0.233608053754214 0.530511111601023 -0.009165969690994
      vertex -0.246098819692918 0.530545701193500 -0.009642887070312
      vertex -0.245467248209182 0.525921830518998 -0.021355318384091
   endloop
endfacet
facet normal 0.158946290075563 -0.921161167250344 0.355243832910859
   outer loop
      vertex -0.210418390307678 0.577108776452739 0.098395356243435
      vertex -0.226546901094198 0.572325020164864 0.093207247678911
      vertex -0.215047034297623 0.572420456906207 0.088309348313936
   endloop
endfacet
facet normal 0.385724936697289 -0.922255718131056 -0.025703376907375
   outer loop
      vertex -0.005886419042004 0.687433692943002 0.238679302485436
      vertex -0.017496648877897 0.682585529610002 0.238402731347597
      vertex -0.006061540650776 0.687708705352476 0.226183647155412
   endloop
endfacet
facet normal 0.584344018208417 -0.023172656273382 0.811175132992424
   outer loop
      vertex 0.134846714683165 0.752857420054842 0.192128514115988
      vertex 0.125409235492773 0.749870262531024 0.198841631808895
      vertex 0.125387182079721 0.747965948648355 0.198803118262596
   endloop
endfacet
facet normal 0.391857132747954 -0.880443576912734 -0.266958976975233
   outer loop
      vertex 0.095839231711583 0.742017720981859 0.173101204307224
      vertex 0.089256430196223 0.742308688908035 0.162478978371701
      vertex 0.096982700025242 0.747221460241118 0.157617467297145
   endloop
endfacet
facet normal 0.132551909651534 -0.022630279536331 0.990917686639934
   outer loop
      vertex 0.028827399170524 0.704194001540373 0.236141459289259
      vertex 0.017310082101788 0.699361355131299 0.237571727667242
      vertex 0.028810739389274 0.702008320496932 0.236093771890186
   endloop
endfacet
facet normal 0.437687612031949 -0.894409367166732 -0.091986076110328
   outer loop
      vertex 0.024787807629956 0.702576634118145 0.211426149868844
      vertex 0.022776242753236 0.702860739481945 0.199092288332853
      vertex 0.032396491391864 0.707738327786777 0.197440983900131
   endloop
endfacet
facet normal -0.887661381862041 -0.000877493997864 0.460495929574904
   outer loop
      vertex 0.156577195781029 0.889454050203719 -0.082133066512851
      vertex 0.156568903738561 0.887954304491628 -0.082151908251027
      vertex 0.160716853352404 0.883531136148909 -0.074164664181701
   endloop
endfacet
facet normal 0.763657815261170 -0.022167598497676 0.645240527840109
   outer loop
      vertex 0.176652085535421 0.779130817252555 0.152315580044807
      vertex 0.169100843356685 0.774238845070062 0.161084591886729
      vertex 0.176628714075168 0.777413548739623 0.152284243016584
   endloop
endfacet
facet normal -0.196146467538402 0.920172961520237 0.338833711662940
   outer loop
      vertex 0.183761744657577 0.784027580400265 0.143190092382114
      vertex 0.190413026795859 0.788928663942848 0.133730528732791
      vertex 0.179926421603198 0.789196428768003 0.126932797462605
   endloop
endfacet
facet normal 0.967791419578646 -0.018032833355862 0.251106720561415
   outer loop
      vertex 0.222731530014853 0.820889066282771 0.060211895567222
      vertex 0.219795872205186 0.817940667203903 0.071314491481524
      vertex 0.219773674260126 0.816441079967036 0.071292354176830
   endloop
endfacet
facet normal 0.056651297005374 0.897719658313853 0.436909653846729
   outer loop
      vertex 0.178893611742129 0.849674365000675 -0.004943191080595
      vertex 0.190561879442373 0.853976956031629 -0.015296688672992
      vertex 0.178139514809760 0.854088284286055 -0.013914706149897
   endloop
endfacet
facet normal -0.309666051132165 0.913643997243667 0.263365873029946
   outer loop
      vertex 0.134868988094950 0.754730543398891 0.192165798068376
      vertex 0.127277836022021 0.755019121861352 0.182238999140895
      vertex 0.118313553859991 0.750160191623225 0.188554922185908
   endloop
endfacet
facet normal -0.122388845358605 0.919865741226761 -0.372649954580876
   outer loop
      vertex -0.219163291089781 0.571611795935622 0.078120008619645
      vertex -0.210872544143150 0.566946341419650 0.063880675816233
      vertex -0.222796843578118 0.566878418712935 0.067629291511541
   endloop
endfacet
facet normal 0.645203588390256 0.010896272292785 -0.763932981863239
   outer loop
      vertex 0.150426720213942 0.920889093210903 -0.168472372347199
      vertex 0.141638871979470 0.923862455091761 -0.175852015311011
      vertex 0.141642864136952 0.925362152774324 -0.175827252839580
   endloop
endfacet
facet normal -0.442187421562599 -0.016768621134921 0.896765910122064
   outer loop
      vertex 0.080174166013100 0.939423359033418 -0.156353960730820
      vertex 0.072062046295355 0.945320319346984 -0.160243708733815
      vertex 0.072058253008288 0.943820680041317 -0.160273620918121
   endloop
endfacet
facet normal 0.034993577277677 0.908282515912751 0.416891257807735
   outer loop
      vertex 0.178893611742129 0.849674365000675 -0.004943191080595
      vertex 0.191368694124472 0.849547625501011 -0.005714213455738
      vertex 0.190561879442373 0.853976956031629 -0.015296688672992
   endloop
endfacet
facet normal -0.002967648868149 0.912277897704219 -0.409561021607973
   outer loop
      vertex -0.233655041224497 0.538585832407925 0.002058363416956
      vertex -0.221155881379675 0.538566171913011 0.001924002602252
      vertex -0.221109010013065 0.533848049128983 -0.008585733444852
   endloop
endfacet
facet normal 0.355662424899709 -0.915370840680700 0.188680851031489
   outer loop
      vertex -0.121549531857124 0.634284857702224 0.194557288160676
      vertex -0.130921540636242 0.629442324392570 0.188730292935089
      vertex -0.115245179956961 0.634510031266038 0.183766030019242
   endloop
endfacet
facet normal 0.445652676008690 -0.895198206263510 -0.003723421663946
   outer loop
      vertex -0.016615896446024 0.683127885176618 0.213424079822083
      vertex -0.016175520230087 0.683399062959926 0.200934754059325
      vertex -0.006411781923119 0.688258632309446 0.201192135449973
   endloop
endfacet
facet normal -0.234451612023115 -0.907873845836527 -0.347559378618614
   outer loop
      vertex 0.157414304887222 0.895346401454582 -0.104556961958666
      vertex 0.151773386543449 0.899783361024495 -0.112341753036161
      vertex 0.167719601420805 0.895393069790810 -0.111630465071532
   endloop
endfacet
facet normal -0.781490679748117 -0.005897303275935 0.623889044046213
   outer loop
      vertex 0.136203682001173 0.907140288763230 -0.111747059976050
      vertex 0.136197992899430 0.905640420766603 -0.111768363694340
      vertex 0.141833768921889 0.901220568478243 -0.104750703635870
   endloop
endfacet
facet normal -0.928307342337897 0.001649761268995 0.371810108051551
   outer loop
      vertex 0.164475015988140 0.880607748740015 -0.065964282897830
      vertex 0.164465124431094 0.879107962774863 -0.065982324678003
      vertex 0.167804706611543 0.874685214535749 -0.057624684393603
   endloop
endfacet
facet normal -0.717065210669346 -0.008409378237647 0.696955354384614
   outer loop
      vertex 0.123921039814518 0.914475288983349 -0.124927963211715
      vertex 0.123916348184789 0.912975557950577 -0.124950885784687
      vertex 0.130217088328784 0.908559039737946 -0.118521634099635
   endloop
endfacet
facet normal 0.273121935186702 -0.919253677328342 -0.283508527628696
   outer loop
      vertex 0.143943657680521 0.755913411101671 0.184962570344610
      vertex 0.144176604255910 0.761134247677259 0.168258838569825
      vertex 0.152702759520930 0.760849704727120 0.177395238101165
   endloop
endfacet
facet normal 0.048485695425345 0.931365584512599 0.360842466077132
   outer loop
      vertex 0.215406708645512 0.853754303623105 -0.018060853708182
      vertex 0.227829071269427 0.853643076399685 -0.019442935169140
      vertex 0.226302543173419 0.858121122413267 -0.030796042277431
   endloop
endfacet
facet normal 0.249586276833756 -0.890770628319185 -0.379782013976582
   outer loop
      vertex 0.147288679559481 0.776523016078001 0.128884040076079
      vertex 0.143148289055473 0.781742644585181 0.113920518354861
      vertex 0.153289906212279 0.781470891061121 0.121222808675504
   endloop
endfacet
facet normal 0.329211612235945 -0.923812695026621 0.195422155541949
   outer loop
      vertex -0.137750215913523 0.629223150720325 0.199197907371952
      vertex -0.147337633895648 0.624404027746554 0.192567760204680
      vertex -0.130921540636242 0.629442324392570 0.188730292935089
   endloop
endfacet
facet normal 0.403219869910616 -0.914987527655683 0.014545127837417
   outer loop
      vertex -0.029083558335830 0.677741556286341 0.237555867702537
      vertex -0.028028477681362 0.678008561358054 0.225103369805960
      vertex -0.017056272661961 0.682856707393310 0.225913405584840
   endloop
endfacet
facet normal 0.241058670494239 -0.911149670461740 0.334211004302691
   outer loop
      vertex -0.183363715791077 0.591382263041996 0.120083817113605
      vertex -0.189068998852847 0.586650099295194 0.111297746484563
      vertex -0.173041285498191 0.591528026920667 0.113035878588746
   endloop
endfacet
facet normal -0.218134697709498 -0.907842087325860 -0.358106126916327
   outer loop
      vertex 0.162663870591607 0.890908222927817 -0.096503335916392
      vertex 0.157414304887222 0.895346401454582 -0.104556961958666
      vertex 0.173303847809248 0.890939108137495 -0.103062807901567
   endloop
endfacet
facet normal -0.266566617948843 -0.916919112009102 -0.296987508538247
   outer loop
      vertex 0.148529442919841 0.908746944641440 -0.135538585096529
      vertex 0.141371714904221 0.913194510224449 -0.142845446406403
      vertex 0.157685569232540 0.908840946033879 -0.144047055066896
   endloop
endfacet
facet normal 0.067624594914213 0.924597062788896 0.374896233169707
   outer loop
      vertex 0.215406708645512 0.853754303623105 -0.018060853708182
      vertex 0.226302543173419 0.858121122413267 -0.030796042277431
      vertex 0.213962805606537 0.858216867734066 -0.028806307929833
   endloop
endfacet
facet normal 0.097072434774875 0.897570361333953 0.430051611858059
   outer loop
      vertex 0.176943586964460 0.858504402564108 -0.022837001722958
      vertex 0.187536041617132 0.862842145908138 -0.034281361163417
      vertex 0.175308736116844 0.862922352526410 -0.031688781106599
   endloop
endfacet
facet normal 0.987710198582913 -0.015760282863120 0.155499765592676
   outer loop
      vertex 0.226991528970243 0.829799370201633 0.037687959929027
      vertex 0.225159974569939 0.826841668518009 0.049021936791073
      vertex 0.225139278654741 0.825341994219689 0.049001398338029
   endloop
endfacet
facet normal 0.299714586796808 -0.911769386574859 -0.280798419094772
   outer loop
      vertex 0.143943657680521 0.755913411101671 0.184962570344610
      vertex 0.135875248555908 0.756200148372173 0.175419574409079
      vertex 0.144176604255910 0.761134247677259 0.168258838569825
   endloop
endfacet
facet normal -0.403335676398299 0.881738621539757 -0.244657588129811
   outer loop
      vertex -0.113828710429430 0.634674813634882 0.162670293369661
      vertex -0.110414422770328 0.634784398949011 0.157436536148522
      vertex -0.117971351956672 0.629875454022486 0.152202988325016
   endloop
endfacet
facet normal -0.288619858321475 0.886120861611259 -0.362613287125294
   outer loop
      vertex -0.162272903912049 0.600606757328752 0.117370243660190
      vertex -0.157291186317091 0.600685257811257 0.113596907823250
      vertex -0.162696094370298 0.595856822949033 0.106099628599583
   endloop
endfacet
facet normal 0.958806627481456 0.004034676972194 -0.284030935778775
   outer loop
      vertex -0.187032804849977 0.565178312785036 0.056328131795131
      vertex -0.189655146971351 0.558567939193570 0.047381959362761
      vertex -0.189646769075764 0.560440700313403 0.047436843412398
   endloop
endfacet
facet normal 0.445289147972056 -0.895011047029727 -0.025938396116047
   outer loop
      vertex -0.006236660293181 0.687983618843629 0.213687890774415
      vertex -0.006411781923119 0.688258632309446 0.201192135449973
      vertex 0.003349885119813 0.693121726388934 0.200970127754235
   endloop
endfacet
facet normal -0.428412180478267 0.896526506775625 0.112708590030007
   outer loop
      vertex 0.032431356824116 0.712047024398478 0.197534496305477
      vertex 0.041961214271253 0.716867889835947 0.195411085466509
      vertex 0.029815827251739 0.712333422315101 0.185314593185592
   endloop
endfacet
facet normal 0.419643936527649 -0.905145104436640 -0.067906600930718
   outer loop
      vertex 0.015891749413116 0.697425989609760 0.225105287964894
      vertex 0.014489258549528 0.697707386938770 0.212687464216718
      vertex 0.024787807629956 0.702576634118145 0.211426149868844
   endloop
endfacet
facet normal -0.354252521404756 -0.917770054107007 -0.179452720410680
   outer loop
      vertex 0.082465790525546 0.944247357472841 -0.182999969169428
      vertex 0.073036740157839 0.948668717662721 -0.186998387871791
      vertex 0.087669561271284 0.944460596235067 -0.194363146351524
   endloop
endfacet
facet normal 0.279552596257598 0.897594940719619 0.340842585837187
   outer loop
      vertex 0.141839959762105 0.902720353938461 -0.104730110935334
      vertex 0.145766101035840 0.907218608589254 -0.119796225958354
      vertex 0.136203682001173 0.907140288763230 -0.111747059976050
   endloop
endfacet
facet normal -0.400783880718687 -0.898746413745567 -0.177840278720968
   outer loop
      vertex 0.063756878720257 0.948214243591615 -0.163789098981202
      vertex 0.055290252916585 0.952603759861502 -0.166891741776288
      vertex 0.068396760443750 0.948441429593196 -0.175393738954969
   endloop
endfacet
facet normal -0.365217243726368 0.889509962450977 -0.274569465864971
   outer loop
      vertex -0.133094365405441 0.624775584878089 0.156348748686919
      vertex -0.129181637318850 0.624878058366622 0.151476231001518
      vertex -0.136437630241355 0.620000389949714 0.145325798689620
   endloop
endfacet
facet normal -0.002220124484796 0.925024939136091 0.379899898688514
   outer loop
      vertex 0.216540960338122 0.840383020760131 0.014425773055242
      vertex 0.216697341229545 0.844837135239418 0.003581285324964
      vertex 0.204050573476996 0.840539917562214 0.013970748799935
   endloop
endfacet
facet normal 0.346495238116586 -0.892523681518192 0.288691059597875
   outer loop
      vertex -0.136460663844936 0.615504058307890 0.145215500775625
      vertex -0.143413699079126 0.610701935597704 0.138714382784969
      vertex -0.132312907005300 0.615602406690803 0.140541300837151
   endloop
endfacet
facet normal 0.410067998541645 -0.906541901425295 0.100130003157196
   outer loop
      vertex -0.071156988507680 0.658652808471947 0.216514656283213
      vertex -0.067680424983120 0.658899500709259 0.204510356287804
      vertex -0.057663019750386 0.663738310903050 0.207294405729112
   endloop
endfacet
facet normal -0.265417994491453 -0.908006885829790 -0.324155492758986
   outer loop
      vertex 0.136192299820504 0.904140752824937 -0.111789675298964
      vertex 0.145754818835416 0.904219074638606 -0.119838841281433
      vertex 0.151773386543449 0.899783361024495 -0.112341753036161
   endloop
endfacet
facet normal -0.387866234206101 0.911552633081048 -0.136497551208023
   outer loop
      vertex -0.096541500876743 0.653611907274861 0.220887224206763
      vertex -0.091898238194604 0.653850147150279 0.209284110369245
      vertex -0.102003630305287 0.648893953913204 0.204900950328118
   endloop
endfacet
facet normal -0.527376739569807 -0.014439132108546 0.849508849880136
   outer loop
      vertex 0.095775558109952 0.932118487670017 -0.147314822874563
      vertex 0.088092389373805 0.938022112465559 -0.151984204788420
      vertex 0.088088696517828 0.936522452647454 -0.152011987091782
   endloop
endfacet
facet normal 0.379506804064170 -0.896450249866038 0.228804578590810
   outer loop
      vertex -0.117264290040757 0.629880668693073 0.167795164055948
      vertex -0.125329503776676 0.625041331489577 0.162212139607247
      vertex -0.113850002381655 0.629990254007201 0.162561406834809
   endloop
endfacet
facet normal 0.333187202073116 -0.916273217412473 0.222327864711743
   outer loop
      vertex -0.147337633895648 0.624404027746554 0.192567760204680
      vertex -0.140001524517560 0.624616496273319 0.182449287020554
      vertex -0.130921540636242 0.629442324392570 0.188730292935089
   endloop
endfacet
facet normal 0.173220422581094 -0.910346920364971 -0.375849929869410
   outer loop
      vertex 0.202232670553217 0.795557526646783 0.113848540630202
      vertex 0.191132529793552 0.795816039906317 0.108106600426731
      vertex 0.196053789752610 0.800786546578547 0.098335618925536
   endloop
endfacet
facet normal 0.402371165619878 -0.904325369537155 0.142453750702424
   outer loop
      vertex -0.087271271884800 0.649152545645114 0.197573754636962
      vertex -0.096811230295080 0.644255639026591 0.193433514741788
      vertex -0.082627909222417 0.649390787508177 0.185970640799278
   endloop
endfacet
facet normal 0.301165015942837 -0.891330437436703 -0.338865289563635
   outer loop
      vertex 0.127124095795246 0.761703227514899 0.149986238439758
      vertex 0.125226093533108 0.766920542459206 0.134576092715437
      vertex 0.134189582386860 0.766638620592954 0.143283903443742
   endloop
endfacet
facet normal 0.073547434926553 0.908038763764183 0.412378925646472
   outer loop
      vertex 0.190561879442373 0.853976956031629 -0.015296688672992
      vertex 0.201623066052122 0.858312713029527 -0.026816572525681
      vertex 0.189283326497707 0.858408558324989 -0.024826837121529
   endloop
endfacet
facet normal -0.201330036649874 -0.907836615426169 -0.367829982511104
   outer loop
      vertex 0.167509468109852 0.886469480598917 -0.088200346405234
      vertex 0.162663870591607 0.890908222927817 -0.096503335916392
      vertex 0.178458424482688 0.886484405462282 -0.094230042815850
   endloop
endfacet
facet normal 0.329460454660724 0.925363218327771 0.187506594499549
   outer loop
      vertex 0.106969950984931 0.938576235239237 -0.184380533335781
      vertex 0.103201892557882 0.943219265565812 -0.200673630927272
      vertex 0.097446830467925 0.943020213787616 -0.189579298099163
   endloop
endfacet
facet normal 0.945341141513100 -0.002944653949216 -0.326069709074345
   outer loop
      vertex 0.214675335999540 0.876053732777569 -0.075040021097918
      vertex 0.218397545190652 0.871568231224543 -0.064208086584389
      vertex 0.214664544683794 0.874553925754582 -0.075057762893342
   endloop
endfacet
facet normal 0.424149215529536 -0.905222816570376 -0.025866877006605
   outer loop
      vertex -0.006236660293181 0.687983618843629 0.213687890774415
      vertex -0.016615896446024 0.683127885176618 0.213424079822083
      vertex -0.006411781923119 0.688258632309446 0.201192135449973
   endloop
endfacet
facet normal 0.980211028061946 -0.006825370158097 0.197837698096060
   outer loop
      vertex -0.193362714280528 0.519546772382820 -0.035331169578931
      vertex -0.191558663873131 0.513242368080371 -0.044487058547176
      vertex -0.191557498869287 0.514803778673850 -0.044438962275610
   endloop
endfacet
facet normal 0.414939392179827 -0.023306880220317 0.909550487961956
   outer loop
      vertex 0.095189140800591 0.733325707846146 0.215947116060574
      vertex 0.084594844940278 0.728456162567135 0.220655482262325
      vertex 0.095168549297893 0.731327734048751 0.215905312652332
   endloop
endfacet
facet normal -0.336632599753626 -0.917494981015315 -0.211852431175150
   outer loop
      vertex 0.100670113380210 0.935392109200265 -0.173637307484239
      vertex 0.091684386195272 0.939821664672558 -0.178542638073326
      vertex 0.106962667243294 0.935576817489251 -0.184436086999895
   endloop
endfacet
facet normal 0.645087913588244 0.010291129387821 -0.764039054236293
   outer loop
      vertex 0.150426720213942 0.920889093210903 -0.168472372347199
      vertex 0.150422430302225 0.919389279661126 -0.168496195927154
      vertex 0.141638871979470 0.923862455091761 -0.175852015311011
   endloop
endfacet
facet normal 0.141514515615235 0.916778584414692 0.373484496370037
   outer loop
      vertex 0.179530459432885 0.876152099388779 -0.061965213279667
      vertex 0.191245418950948 0.876119277193488 -0.066323482904602
      vertex 0.187449211374305 0.880573887112328 -0.075819653518380
   endloop
endfacet
facet normal 0.958847955767986 0.003757123437302 -0.283895194998138
   outer loop
      vertex -0.187023947303079 0.567082288920427 0.056383245493335
      vertex -0.187032804849977 0.565178312785036 0.056328131795131
      vertex -0.189646769075764 0.560440700313403 0.047436843412398
   endloop
endfacet
facet normal 0.127042897976161 -0.913039455470724 0.387581030015070
   outer loop
      vertex -0.207455982263222 0.567823225677264 0.073680762555613
      vertex -0.222814758674736 0.563070464579549 0.067518864126630
      vertex -0.210890359259524 0.563138389273909 0.063770248431156
   endloop
endfacet
facet normal 0.982767086854400 -0.007336370384280 -0.184702546450507
   outer loop
      vertex 0.224204665308606 0.861101769313864 -0.042076842068594
      vertex 0.226302543173419 0.858121122413267 -0.030796042277431
      vertex 0.226288050643433 0.856621339709381 -0.030813583021324
   endloop
endfacet
facet normal 0.411707959584498 -0.904734472726125 -0.109325613996678
   outer loop
      vertex 0.037627652525560 0.707165432910171 0.221880889077598
      vertex 0.035012122953184 0.707451830826794 0.209660985957714
      vertex 0.045138090230484 0.712333456591478 0.207395882871183
   endloop
endfacet
facet normal -0.442083310784003 -0.016740423027592 0.896817765526036
   outer loop
      vertex 0.080177857103792 0.940923107734597 -0.156325127429512
      vertex 0.072065939562667 0.946819960640297 -0.160213796549674
      vertex 0.072062046295355 0.945320319346984 -0.160243708733815
   endloop
endfacet
facet normal 0.998553602362796 -0.004125383738420 0.053606757198080
   outer loop
      vertex -0.196131594018769 0.532093206327212 -0.007683507065906
      vertex -0.196135787898543 0.530407441145618 -0.007735116502018
      vertex -0.195657321313649 0.525724138397323 -0.017008107052803
   endloop
endfacet
facet normal 0.999878924278506 -0.012251967162167 0.009593022689168
   outer loop
      vertex 0.229177835668979 0.843195537969810 0.003404792912461
      vertex 0.229031347199247 0.840226123958049 0.014880797310549
      vertex 0.229013151171155 0.838726480336711 0.014862058752887
   endloop
endfacet
facet normal 0.810769560636162 0.004054521623552 -0.585351416159771
   outer loop
      vertex 0.181611011889266 0.899971099019196 -0.135053123135757
      vertex 0.188337081077248 0.896986412652551 -0.125757526448501
      vertex 0.188330190515019 0.895486606306958 -0.125777459184714
   endloop
endfacet
facet normal -0.342022525797391 0.894614838587131 0.287549791213444
   outer loop
      vertex 0.112095433904617 0.755596175767624 0.162385500223962
      vertex 0.119783817112196 0.760457493305595 0.156405991237563
      vertex 0.104504283840388 0.755884653199080 0.152458800234345
   endloop
endfacet
facet normal 0.928288619435582 -0.001710959105006 -0.371856574024613
   outer loop
      vertex 0.210423404772936 0.880540125459305 -0.085675023082379
      vertex 0.214675335999540 0.876053732777569 -0.075040021097918
      vertex 0.210413413235647 0.879040337506508 -0.085693064862386
   endloop
endfacet
facet normal 0.057975042638172 -0.917775678629447 -0.392844368862989
   outer loop
      vertex 0.212830663398673 0.824042959198032 0.046698452845706
      vertex 0.200542642090027 0.824243696461712 0.044416046863146
      vertex 0.202200927880668 0.828672305619408 0.034314513278342
   endloop
endfacet
facet normal -0.002974933268149 0.917386816038594 0.397985652418051
   outer loop
      vertex 0.204050573476996 0.840539917562214 0.013970748799935
      vertex 0.204199552656418 0.844979002576467 0.003739438099428
      vertex 0.191560186615873 0.840696814364296 0.013515724544628
   endloop
endfacet
facet normal 0.062461463204925 -0.922331123480277 0.381318586321083
   outer loop
      vertex -0.228539629846326 0.553748106420335 0.046063502338956
      vertex -0.242963809295764 0.549068951860154 0.037108327713370
      vertex -0.230618946599714 0.549093747611626 0.035146167145838
   endloop
endfacet
facet normal -0.349353179956077 0.905386297305843 0.241304803734596
   outer loop
      vertex 0.102465298104738 0.745597856035024 0.183802717591549
      vertex 0.111217870218510 0.750450221746432 0.178268113625054
      vertex 0.095882396609133 0.745888821973555 0.173180491656193
   endloop
endfacet
facet normal -0.166433988144193 -0.907844639117686 -0.384860804467923
   outer loop
      vertex 0.175942230586888 0.877591244008223 -0.070928051768286
      vertex 0.171939191518897 0.882030352430431 -0.079668300158693
      vertex 0.187429328279971 0.877574313194378 -0.075855737078562
   endloop
endfacet
facet normal 0.203203251770160 -0.927939226085851 0.312469568376226
   outer loop
      vertex -0.210381566714745 0.586382401483381 0.124362459033773
      vertex -0.216271492245547 0.581685645539729 0.114244827190928
      vertex -0.199725332784502 0.586516249923636 0.117830052762042
   endloop
endfacet
facet normal 0.076158588610638 -0.917787714687791 -0.389699345841120
   outer loop
      vertex 0.195741932789081 0.815398755022716 0.064318941103645
      vertex 0.186226801629735 0.820033896637243 0.051543104956306
      vertex 0.198387878460490 0.819819092242276 0.054425622707914
   endloop
endfacet
facet normal -0.368289055827947 0.894696637817244 0.252747102131517
   outer loop
      vertex 0.102465298104738 0.745597856035024 0.183802717591549
      vertex 0.095882396609133 0.745888821973555 0.173180491656193
      vertex 0.087394769628346 0.741041787851131 0.177970754316116
   endloop
endfacet
facet normal -0.210337303776940 -0.020347699430040 0.977417101225343
   outer loop
      vertex -0.052064686925097 0.670470791313653 0.234211541197026
      vertex -0.063413415904731 0.665670274525055 0.231669391561544
      vertex -0.052075082946674 0.668065627969570 0.234159233730859
   endloop
endfacet
facet normal 0.219534175682061 -0.927568495178953 0.302359773215702
   outer loop
      vertex -0.204008578385548 0.591090836315662 0.134179595225456
      vertex -0.210381566714745 0.586382401483381 0.124362459033773
      vertex -0.193686146105129 0.591236500219669 0.127131655644044
   endloop
endfacet
facet normal 0.223768051510357 -0.878513519432359 -0.422068543364496
   outer loop
      vertex 0.164124341914394 0.791375972703622 0.105072745482993
      vertex 0.153317962973194 0.791639281960853 0.098795463881516
      vertex 0.157832107514554 0.796591579684918 0.090880779816317
   endloop
endfacet
facet normal 0.484439239590417 0.015008235768893 -0.874696162106685
   outer loop
      vertex 0.113262504849074 0.938760943475406 -0.195179307851717
      vertex 0.113258813981900 0.937261183619258 -0.195207085211968
      vertex 0.103198299457785 0.941719618932577 -0.200702473171635
   endloop
endfacet
facet normal -0.371269380163301 0.919422877853551 -0.129694329223188
   outer loop
      vertex -0.085663631248480 0.658581916335572 0.224980850522997
      vertex -0.091898238194604 0.653850147150279 0.209284110369245
      vertex -0.096541500876743 0.653611907274861 0.220887224206763
   endloop
endfacet
facet normal 0.106421261228482 0.916863768732269 0.384753615635512
   outer loop
      vertex 0.185324430681388 0.867277468585894 -0.043637763118393
      vertex 0.197409993306839 0.867213053625162 -0.046827079667296
      vertex 0.194568414701968 0.871665604640521 -0.056651492413001
   endloop
endfacet
facet normal -0.927130916711269 -0.006213506383317 0.374686076091102
   outer loop
      vertex -0.226546901094198 0.572325020164864 0.093207247678911
      vertex -0.230899009486751 0.569594686928582 0.082393023598640
      vertex -0.230908446686373 0.567659494846334 0.082337580257619
   endloop
endfacet
facet normal 0.065020684735598 0.931291317323957 0.358425435528121
   outer loop
      vertex 0.213962805606537 0.858216867734066 -0.028806307929833
      vertex 0.226302543173419 0.858121122413267 -0.030796042277431
      vertex 0.224218158036149 0.862601532141296 -0.042059301323041
   endloop
endfacet
facet normal 0.115037030865022 -0.897872414805926 0.424960713784622
   outer loop
      vertex -0.195702004574026 0.558541054668585 0.048962043472953
      vertex -0.197954654883649 0.553846546989062 0.039653110635111
      vertex -0.189655146971351 0.558567939193570 0.047381959362761
   endloop
endfacet
facet normal 0.019380141933510 0.896580851351750 -0.442455858914772
   outer loop
      vertex -0.202372778098752 0.533796265876257 -0.007870306322253
      vertex -0.201876718802710 0.529058137235505 -0.017449796853513
      vertex -0.208618156079676 0.533813561300049 -0.008108815009130
   endloop
endfacet
facet normal 0.584339215806638 -0.023130081290885 0.811179807570406
   outer loop
      vertex 0.134824241289724 0.750984293791844 0.192091130169514
      vertex 0.125387182079721 0.747965948648355 0.198803118262596
      vertex 0.125365128687836 0.746061633709346 0.198764704710715
   endloop
endfacet
facet normal -0.130078356586982 -0.907907848081352 -0.398475796680199
   outer loop
      vertex 0.182630315297921 0.868714734820920 -0.052908327877901
      vertex 0.179508874792695 0.873152586373813 -0.062000795808381
      vertex 0.194544932530500 0.868665948603918 -0.056686576023023
   endloop
endfacet
facet normal -0.678264083525114 -0.014707605188639 0.734671027977457
   outer loop
      vertex -0.165495065677696 0.614815817589178 0.177934902458216
      vertex -0.174010992816370 0.612261621050253 0.170021682242696
      vertex -0.174022732873357 0.610044809462399 0.169966464537003
   endloop
endfacet
facet normal 0.161070388423600 -0.878070360148767 -0.450609334791553
   outer loop
      vertex 0.177275108143519 0.806257330645589 0.079072008660165
      vertex 0.165667877856518 0.806505338535382 0.074439726754763
      vertex 0.168971683331698 0.811467648270982 0.065950972594102
   endloop
endfacet
facet normal 0.025128742878260 -0.904231446497614 0.426302753270714
   outer loop
      vertex -0.208229564632348 0.539786356434767 0.011572294412234
      vertex -0.208666572706145 0.535112752654659 0.001684865793530
      vertex -0.201990685766293 0.539783994072128 0.011199528099466
   endloop
endfacet
facet normal 0.130092365304611 0.907878518667268 0.398538043142659
   outer loop
      vertex 0.185324430681388 0.867277468585894 -0.043637763118393
      vertex 0.194568414701968 0.871665604640521 -0.056651492413001
      vertex 0.182653699497843 0.871714287838871 -0.052873145329848
   endloop
endfacet
facet normal 0.270269142200905 -0.901728511248569 -0.337402256624679
   outer loop
      vertex 0.143153171199689 0.766356701770690 0.151991614177464
      vertex 0.140916707276512 0.771578757775417 0.136243871331779
      vertex 0.150295917658383 0.771299847228731 0.144502300793217
   endloop
endfacet
facet normal -0.003818826101508 0.908413120451492 0.418056239229592
   outer loop
      vertex 0.190944254701292 0.836275813031288 0.023116689924221
      vertex 0.204050573476996 0.840539917562214 0.013970748799935
      vertex 0.191560186615873 0.840696814364296 0.013515724544628
   endloop
endfacet
facet normal 0.280055170196653 0.908073875377006 0.311401571132694
   outer loop
      vertex 0.145766101035840 0.907218608589254 -0.119796225958354
      vertex 0.148539623682359 0.911746540118085 -0.135494398802703
      vertex 0.139383597349905 0.911652540713290 -0.126985928832502
   endloop
endfacet
facet normal 0.306614191669333 0.931727986625843 0.194603947557892
   outer loop
      vertex 0.106969950984931 0.938576235239237 -0.184380533335781
      vertex 0.113262504849074 0.938760943475406 -0.195179307851717
      vertex 0.103201892557882 0.943219265565812 -0.200673630927272
   endloop
endfacet
facet normal 0.404132494619545 -0.914337104631050 -0.025779563368909
   outer loop
      vertex -0.006061540650776 0.687708705352476 0.226183647155412
      vertex -0.017056272661961 0.682856707393310 0.225913405584840
      vertex -0.006236660293181 0.687983618843629 0.213687890774415
   endloop
endfacet
facet normal 0.212754280023219 -0.920332084288055 0.328214062711831
   outer loop
      vertex -0.199725332784502 0.586516249923636 0.117830052762042
      vertex -0.205307150273846 0.581807102876694 0.108243554457346
      vertex -0.189068998852847 0.586650099295194 0.111297746484563
   endloop
endfacet
facet normal -0.896698000142783 0.020505640462974 -0.442167632520900
   outer loop
      vertex 0.161998238143635 0.804670435844559 0.082806787666627
      vertex 0.157855451239743 0.798184465940535 0.090907402685441
      vertex 0.157878796931299 0.799777253277830 0.090933924503593
   endloop
endfacet
facet normal 0.177163896211232 -0.921044255378750 0.346829112839537
   outer loop
      vertex -0.210418390307678 0.577108776452739 0.098395356243435
      vertex -0.215047034297623 0.572420456906207 0.088309348313936
      vertex -0.199172735990600 0.577217361002569 0.092939318418577
   endloop
endfacet
facet normal 0.291357497051502 -0.909733745418629 0.295796080701684
   outer loop
      vertex -0.163808488709407 0.605644207484038 0.144610301838416
      vertex -0.170717159515727 0.600879420347175 0.136760993596904
      vertex -0.154634431742915 0.605822374883130 0.136121868271882
   endloop
endfacet
facet normal -0.265483902009263 -0.907959824544002 -0.324233333863071
   outer loop
      vertex 0.145754818835416 0.904219074638606 -0.119838841281433
      vertex 0.139373214639366 0.908653041236019 -0.127030114069443
      vertex 0.155317337850328 0.904297396452275 -0.127888007263903
   endloop
endfacet
facet normal -0.111452198861751 -0.907957782919122 -0.403969147096003
   outer loop
      vertex 0.185299244913034 0.864277976595963 -0.043672644623650
      vertex 0.182630315297921 0.868714734820920 -0.052908327877901
      vertex 0.197384809526016 0.864213461660566 -0.046861962229106
   endloop
endfacet
facet normal 0.325289378675686 0.028900474749835 -0.945172779273726
   outer loop
      vertex -0.186644907603105 0.502314095055817 -0.062435340355181
      vertex -0.233925550448850 0.502800865768607 -0.078692498164775
      vertex -0.233926151578379 0.505799447005860 -0.078601017662821
   endloop
endfacet
facet normal 0.163456745601677 -0.901041678152250 -0.401753390215797
   outer loop
      vertex 0.196053789752610 0.800786546578547 0.098335618925536
      vertex 0.184686498668522 0.801039951181610 0.093142411932096
      vertex 0.188882438431931 0.806009323687098 0.083704390559820
   endloop
endfacet
facet normal -0.281159140568691 0.916478978623872 -0.284632779937975
   outer loop
      vertex -0.165253972737673 0.614666234854731 0.161147934326366
      vertex -0.163785063889128 0.610015208004696 0.144721275782251
      vertex -0.172959020896542 0.609837043649591 0.153209609354201
   endloop
endfacet
facet normal 0.057485536674019 0.920946970276032 -0.385424559431151
   outer loop
      vertex -0.233007930117092 0.529181732705995 -0.020166853536558
      vertex -0.219497092937274 0.524418127642966 -0.029534056107975
      vertex -0.231881517793808 0.524482295264757 -0.031227851473176
   endloop
endfacet
facet normal 0.996075944116886 -0.009770063665608 -0.087961692841966
   outer loop
      vertex 0.227813578915830 0.852143274875686 -0.019460575905791
      vertex 0.228794037255513 0.849167609995333 -0.008027378462644
      vertex 0.228777743008928 0.847667895713861 -0.008045318124670
   endloop
endfacet
facet normal 0.063057659298896 0.902104951313187 -0.426884514148707
   outer loop
      vertex -0.208102940680498 0.529082837154736 -0.017993248399233
      vertex -0.200920303715742 0.524321780273428 -0.026993464111396
      vertex -0.207112566134131 0.524353863090500 -0.027840361793913
   endloop
endfacet
facet normal 0.191727313743717 0.916753670402899 0.350433082010578
   outer loop
      vertex 0.183188903035036 0.885028970302810 -0.085116809790609
      vertex 0.189423960971742 0.889499021382253 -0.100222023638680
      vertex 0.178475006575856 0.889483997072396 -0.094192378281828
   endloop
endfacet
facet normal -0.435246522060278 -0.018287022246644 0.900125574490461
   outer loop
      vertex -0.107222947318200 0.646222686253357 0.216207068427986
      vertex -0.117663153108249 0.641319131455586 0.211059192612981
      vertex -0.107231919666547 0.643786159442098 0.216153229269553
   endloop
endfacet
facet normal 0.213012163998493 -0.920123672009845 0.328630866164149
   outer loop
      vertex -0.193686146105129 0.591236500219669 0.127131655644044
      vertex -0.210381566714745 0.586382401483381 0.124362459033773
      vertex -0.199725332784502 0.586516249923636 0.117830052762042
   endloop
endfacet
facet normal -0.999888136104396 0.011644994651362 -0.009386659536157
   outer loop
      vertex 0.179186681418803 0.843763005205320 0.004037603999156
      vertex 0.179169387285109 0.842263275272760 0.004019264361118
      vertex 0.179033511653873 0.837854225962021 0.013023221060720
   endloop
endfacet
facet normal 0.101641884010958 -0.922132655989311 0.373283126022061
   outer loop
      vertex -0.225936190619626 0.558406534056646 0.056862462967188
      vertex -0.228539629846326 0.553748106420335 0.046063502338956
      vertex -0.213842575394519 0.558460301118969 0.053702294746971
   endloop
endfacet
facet normal 0.396920548555470 0.017881722668568 -0.917678768485372
   outer loop
      vertex 0.092881014596760 0.947673315524473 -0.205666495052177
      vertex 0.082320595071575 0.950622823606292 -0.210176684638688
      vertex 0.082324688527974 0.952122457466404 -0.210145692515162
   endloop
endfacet
facet normal 0.172503826183888 -0.890478755970742 -0.421058208703640
   outer loop
      vertex 0.184686498668522 0.801039951181610 0.093142411932096
      vertex 0.173319205596900 0.801293455759336 0.087949205995208
      vertex 0.177275108143519 0.806257330645589 0.079072008660165
   endloop
endfacet
facet normal 0.130953664103520 0.896310654047335 -0.423648851407745
   outer loop
      vertex -0.197637631689083 0.514850529997293 -0.045885562215952
      vertex -0.189316872032369 0.510059514788714 -0.053449855142351
      vertex -0.195319030402062 0.510113333007282 -0.055191313394640
   endloop
endfacet
facet normal -0.811047691273160 -0.004629846653649 0.584961714132165
   outer loop
      vertex 0.141833768921889 0.901220568478243 -0.104750703635870
      vertex 0.141827478101429 0.899720781030379 -0.104771296336239
      vertex 0.147109010341173 0.895299633143692 -0.097483459902354
   endloop
endfacet
facet normal 0.259791971794662 -0.895256396139824 0.361972535645698
   outer loop
      vertex -0.167880119337520 0.591600857350677 0.109511958795332
      vertex -0.173084547956071 0.586850872886880 0.101499237071218
      vertex -0.162718855184138 0.591673789742996 0.105988040058306
   endloop
endfacet
facet normal 0.097034480555975 -0.929622661076648 0.355508111856823
   outer loop
      vertex -0.238029893860586 0.558352666287120 0.060022530136582
      vertex -0.240773608230647 0.553708649778071 0.048627718171885
      vertex -0.225936190619626 0.558406534056646 0.056862462967188
   endloop
endfacet
facet normal -0.171180546065235 0.912314030806959 0.371995066958645
   outer loop
      vertex 0.191179219231462 0.799001712442887 0.108159845108424
      vertex 0.196100213384845 0.803910122992010 0.098386507584649
      vertex 0.180079078471797 0.799260225702421 0.102417904904953
   endloop
endfacet
facet normal -0.968867092622709 0.008316591737631 -0.247441692393761
   outer loop
      vertex -0.240198261526113 0.515177294095903 -0.056011667087178
      vertex -0.237334690889959 0.510490150636210 -0.067381620097618
      vertex -0.240199406512741 0.513615882843612 -0.056059663364359
   endloop
endfacet
facet normal 0.716593239066933 0.007794459797039 -0.697447758703141
   outer loop
      vertex 0.158827079636121 0.913413562472985 -0.160740005971565
      vertex 0.166846786918147 0.910434695282942 -0.152533442418067
      vertex 0.166841597550410 0.908934845569642 -0.152555536093091
   endloop
endfacet
facet normal 0.807659530531782 0.011313156576056 -0.589540579798767
   outer loop
      vertex -0.157291186317091 0.600685257811257 0.113596907823250
      vertex -0.162707523773574 0.593765255364860 0.106043833800751
      vertex -0.162696094370298 0.595856822949033 0.106099628599583
   endloop
endfacet
facet normal -0.132888472105323 -0.892785734132160 0.430434997312734
   outer loop
      vertex -0.189317636491204 0.506998815564255 -0.053543691665059
      vertex -0.195319894841141 0.507052631795177 -0.055285149917183
      vertex -0.186644907603105 0.502314095055817 -0.062435340355181
   endloop
endfacet
facet normal 0.081427693885052 0.931227326901623 0.355225556935619
   outer loop
      vertex 0.211990852535861 0.862681738759568 -0.039466721266223
      vertex 0.224218158036149 0.862601532141296 -0.042059301323041
      vertex 0.221581122532808 0.867084023754368 -0.053205714878209
   endloop
endfacet
facet normal 0.212179572763026 -0.890436821636835 -0.402619045221896
   outer loop
      vertex 0.158906194083002 0.786421898717834 0.113279276087522
      vertex 0.153317962973194 0.791639281960853 0.098795463881516
      vertex 0.164124341914394 0.791375972703622 0.105072745482993
   endloop
endfacet
facet normal 0.423481854500043 -0.905535493359539 -0.025857091392910
   outer loop
      vertex -0.006061540650776 0.687708705352476 0.226183647155412
      vertex -0.006236660293181 0.687983618843629 0.213687890774415
      vertex 0.004139796332937 0.692843283373337 0.213442015389330
   endloop
endfacet
facet normal 0.032813828865530 0.924821450426439 0.378983558306057
   outer loop
      vertex 0.203843774519281 0.849420985976010 -0.006485234774328
      vertex 0.216318954873169 0.849294349494997 -0.007256356087501
      vertex 0.215406708645512 0.853754303623105 -0.018060853708182
   endloop
endfacet
facet normal 0.084204341291996 -0.932139973581724 -0.352171405083723
   outer loop
      vertex 0.216250314125631 0.810498479072569 0.082192634187533
      vertex 0.207746755514795 0.815170075939275 0.067794478465113
      vertex 0.219751578261676 0.814941395799492 0.071270115820999
   endloop
endfacet
facet normal -0.223155029166435 -0.916806728894402 -0.331160466861120
   outer loop
      vertex 0.173303847809248 0.890939108137495 -0.103062807901567
      vertex 0.157414304887222 0.895346401454582 -0.104556961958666
      vertex 0.167719601420805 0.895393069790810 -0.111630465071532
   endloop
endfacet
facet normal -0.092590136397405 -0.908015078387380 -0.408577635294776
   outer loop
      vertex 0.187508956202967 0.859842617209285 -0.034316342659939
      vertex 0.185299244913034 0.864277976595963 -0.043672644623650
      vertex 0.199736361662332 0.859762413635000 -0.036909022711341
   endloop
endfacet
facet normal -0.999111491532212 0.001944021905107 0.042100454476297
   outer loop
      vertex -0.245651147274612 0.543296724220328 0.013915327511554
      vertex -0.246154241061417 0.538605492107780 0.002192724231726
      vertex -0.245656784548913 0.541548729979670 0.013862260948031
   endloop
endfacet
facet normal -0.348747606271745 0.913758195836742 -0.208377222029928
   outer loop
      vertex -0.121529188346381 0.639032217945144 0.194665838266684
      vertex -0.124071673365814 0.634346054648508 0.178371665027664
      vertex -0.130900348643095 0.634126880976263 0.188839279464526
   endloop
endfacet
facet normal 0.344724041423777 0.925658225434038 0.155955714710190
   outer loop
      vertex 0.087677245838131 0.947459976808711 -0.194303320926524
      vertex 0.082324688527974 0.952122457466404 -0.210145692515162
      vertex 0.077684706826776 0.951895269350417 -0.198541040541898
   endloop
endfacet
facet normal -0.987778145614443 0.015154676368292 -0.155127917637880
   outer loop
      vertex 0.177450116653717 0.830544672594945 0.030980744671098
      vertex 0.177430222716172 0.829044906828733 0.030960905121101
      vertex 0.175966501501192 0.824645067970421 0.039851333836056
   endloop
endfacet
facet normal 0.158765190117763 -0.921360622908988 0.354807295527631
   outer loop
      vertex -0.215047034297623 0.572420456906207 0.088309348313936
      vertex -0.219182265448102 0.567741408727137 0.078009221932185
      vertex -0.203547167522217 0.572515894703891 0.083411348954541
   endloop
endfacet
facet normal 0.444924240992588 -0.895377061536373 0.018502363407395
   outer loop
      vertex -0.026973397026893 0.678275566429768 0.212650871909384
      vertex -0.025918216413347 0.678542574545470 0.200198274018223
      vertex -0.016175520230087 0.683399062959926 0.200934754059325
   endloop
endfacet
facet normal 0.433391311992753 -0.887742687021196 0.155193080804485
   outer loop
      vertex -0.080306226897458 0.649509858452376 0.180169083352158
      vertex -0.088995712272713 0.644607698727629 0.176393728317689
      vertex -0.077984646540277 0.649629027383593 0.174367526961761
   endloop
endfacet
facet normal -0.309196795265632 0.897190962817229 -0.315350151476986
   outer loop
      vertex -0.163785063889128 0.610015208004696 0.144721275782251
      vertex -0.154611004935103 0.610193275429124 0.136232841159165
      vertex -0.161113447293724 0.605355667024043 0.128845103455247
   endloop
endfacet
facet normal -0.330810482453887 0.881788657005645 0.336174343272665
   outer loop
      vertex 0.127170020590939 0.765324818792386 0.150056189007869
      vertex 0.118643767354375 0.765609258723874 0.140919888414558
      vertex 0.111715408008751 0.760744229519755 0.146863095296450
   endloop
endfacet
facet normal 0.080861010170128 0.912357877779844 -0.401328543574122
   outer loop
      vertex -0.217936612118529 0.519704521262160 -0.039923758124450
      vertex -0.215877926193158 0.514990586005939 -0.050225364150251
      vertex -0.230223511047409 0.519783396695652 -0.042220052397292
   endloop
endfacet
facet normal -0.793677864312028 0.021947971944399 -0.607942212902366
   outer loop
      vertex 0.143195268080224 0.785114994395159 0.113980935325761
      vertex 0.143171778567849 0.783428819490170 0.113950726840311
      vertex 0.137539930658122 0.778515831166565 0.121125821444135
   endloop
endfacet
facet normal -0.038808695539895 -0.914365543486725 0.403025480627116
   outer loop
      vertex -0.208109765048058 0.525773537179444 -0.018094910149826
      vertex -0.220562310750242 0.525823033948581 -0.019181712190128
      vertex -0.219502351904146 0.521170957024564 -0.029634061799074
   endloop
endfacet
facet normal -0.325609928419342 0.896628425838832 -0.300059394941284
   outer loop
      vertex -0.156508490810273 0.614853943184668 0.152218767658619
      vertex -0.147763108863119 0.615041649526959 0.143289600991038
      vertex -0.154611004935103 0.610193275429124 0.136232841159165
   endloop
endfacet
facet normal 0.584328757388672 -0.023094743289406 0.811188348117136
   outer loop
      vertex 0.134868988094950 0.754730543398891 0.192165798068376
      vertex 0.125409235492773 0.749870262531024 0.198841631808895
      vertex 0.134846714683165 0.752857420054842 0.192128514115988
   endloop
endfacet
facet normal 0.266926142306674 -0.888793000792759 0.372555279515780
   outer loop
      vertex -0.157314302450026 0.596439600212601 0.113485457837248
      vertex -0.167880119337520 0.591600857350677 0.109511958795332
      vertex -0.162718855184138 0.591673789742996 0.105988040058306
   endloop
endfacet
facet normal -0.145986465128920 0.919717896877467 0.364426868057848
   outer loop
      vertex 0.202279359991127 0.798743199183353 0.113901785311896
      vertex 0.207467604449178 0.803656720376592 0.103579714577924
      vertex 0.196100213384845 0.803910122992010 0.098386507584649
   endloop
endfacet
facet normal 0.467592802033793 -0.882567273045846 -0.049315109597415
   outer loop
      vertex 0.003349885119813 0.693121726388934 0.200970127754235
      vertex 0.002560073865768 0.693400172448519 0.188498140124555
      vertex 0.011684272826119 0.698270382602461 0.187851718839055
   endloop
endfacet
facet normal 0.227146336901901 0.924516245803810 0.306062498318361
   outer loop
      vertex 0.178038677093426 0.898439450687252 -0.118664091655976
      vertex 0.181623493547825 0.902970672032912 -0.135011947734293
      vertex 0.171677585105805 0.902908092038797 -0.127441491034372
   endloop
endfacet
facet normal -0.098196988601091 0.927768148959828 -0.360005018305761
   outer loop
      vertex -0.234721141004387 0.566810394975214 0.071378006144714
      vertex -0.225919534808698 0.562152054308668 0.056972231066628
      vertex -0.238013190025903 0.562098286451286 0.060132399286912
   endloop
endfacet
facet normal 0.263478147253778 0.897533750160179 0.353570973417110
   outer loop
      vertex 0.147122693472917 0.898299143872567 -0.097443595486315
      vertex 0.151785868202008 0.902782934038211 -0.112300577634696
      vertex 0.141839959762105 0.902720353938461 -0.104730110935334
   endloop
endfacet
facet normal -0.175031669986415 -0.897434332100837 -0.404938926343827
   outer loop
      vertex 0.164455132893805 0.877608174822067 -0.066000366458010
      vertex 0.160707663559936 0.882031268347977 -0.074183106997263
      vertex 0.175942230586888 0.877591244008223 -0.070928051768286
   endloop
endfacet
facet normal 0.378071472858070 -0.923097328868202 0.070379562710496
   outer loop
      vertex -0.063422787941224 0.663233728143454 0.231616652342377
      vertex -0.074633450064463 0.658406018247619 0.228518955221900
      vertex -0.060542953835927 0.663486018529429 0.219455529035826
   endloop
endfacet
facet normal -0.382644548223809 0.915581529097452 0.123667349329437
   outer loop
      vertex 0.048387686847114 0.716291182550721 0.219564081352088
      vertex 0.058980505479376 0.721114435969482 0.216630425521488
      vertex 0.045174501532489 0.716579487727996 0.207487532883729
   endloop
endfacet
facet normal 0.166432893888655 0.907845922970677 0.384858249200102
   outer loop
      vertex 0.164475015988140 0.880607748740015 -0.065964282897830
      vertex 0.175962113681223 0.880590817926172 -0.070891968208104
      vertex 0.171957475077487 0.885029887151661 -0.079631516634927
   endloop
endfacet
facet normal 0.266582416322451 0.916910128412460 0.297001063503702
   outer loop
      vertex 0.139383597349905 0.911652540713290 -0.126985928832502
      vertex 0.148539623682359 0.911746540118085 -0.135494398802703
      vertex 0.141381096178264 0.916194072159021 -0.142799590204462
   endloop
endfacet
facet normal -0.037226520808825 0.925156987265167 0.377754861071183
   outer loop
      vertex 0.212871955248826 0.827042305807025 0.046739529751959
      vertex 0.227011424895321 0.831299035993181 0.037707798422469
      vertex 0.214626072313072 0.831485336597843 0.036030994343849
   endloop
endfacet
facet normal -0.641404688533358 -0.015261118690696 0.767050926460385
   outer loop
      vertex -0.156581829350462 0.621881320448484 0.185529475608171
      vertex -0.165483547882140 0.617063933422759 0.177990050886937
      vertex -0.156593222834967 0.619601796294183 0.185474595388873
   endloop
endfacet
facet normal -0.562956779591185 -0.016866737517215 0.826314212317474
   outer loop
      vertex -0.137750215913523 0.629223150720325 0.199197907371952
      vertex -0.147326564661517 0.626714955189942 0.192622472209307
      vertex -0.147337633895648 0.624404027746554 0.192567760204680
   endloop
endfacet
facet normal 0.253873878948257 -0.901543068498483 -0.350382860925169
   outer loop
      vertex 0.150295917658383 0.771299847228731 0.144502300793217
      vertex 0.147288679559481 0.776523016078001 0.128884040076079
      vertex 0.157060899901338 0.776247471490014 0.136673595736079
   endloop
endfacet
facet normal 0.396787875603976 0.017301975969710 -0.917747254641074
   outer loop
      vertex 0.092881014596760 0.947673315524473 -0.205666495052177
      vertex 0.092877223297226 0.946173576244142 -0.205696408293038
      vertex 0.082320595071575 0.950622823606292 -0.210176684638688
   endloop
endfacet
facet normal -0.999113891984416 0.001952605427406 0.042043051456789
   outer loop
      vertex -0.245656784548913 0.541548729979670 0.013862260948031
      vertex -0.246159156659620 0.536888613452995 0.002140286237490
      vertex -0.245662429812540 0.539800634509242 0.013809293322390
   endloop
endfacet
facet normal -0.959276568964795 -0.003997164214582 0.282440236002898
   outer loop
      vertex -0.234730098552697 0.564906417908522 0.071322792452258
      vertex -0.238013190025903 0.562098286451286 0.060132399286912
      vertex -0.238021545937907 0.560225425754319 0.060077514180687
   endloop
endfacet
facet normal -0.065613430563050 -0.892713299882746 0.445822657502068
   outer loop
      vertex -0.195657321313649 0.525724138397323 -0.017008107052803
      vertex -0.200925664650392 0.521074707642044 -0.027093468745774
      vertex -0.194733400244470 0.521042524850308 -0.026246572119811
   endloop
endfacet
facet normal 0.403845689275169 -0.914809836519656 -0.005623367384671
   outer loop
      vertex -0.017496648877897 0.682585529610002 0.238402731347597
      vertex -0.017056272661961 0.682856707393310 0.225913405584840
      vertex -0.006061540650776 0.687708705352476 0.226183647155412
   endloop
endfacet
facet normal 0.322027723220918 -0.908404385219430 0.266645116946216
   outer loop
      vertex -0.157199550010892 0.615012414380342 0.168586501524716
      vertex -0.148904036331620 0.615209111146168 0.159238101647767
      vertex -0.140942410532345 0.620011691429693 0.165984224664181
   endloop
endfacet
facet normal 0.317210975469982 -0.879405939451259 -0.354996324909472
   outer loop
      vertex 0.134189582386860 0.766638620592954 0.143283903443742
      vertex 0.125226093533108 0.766920542459206 0.134576092715437
      vertex 0.131537496873474 0.771857669378445 0.127985341875923
   endloop
endfacet
facet normal 0.042570713698069 -0.908644892218186 -0.415394022803697
   outer loop
      vertex 0.188254522788671 0.824444331763082 0.042133639824198
      vertex 0.177430222716172 0.829044906828733 0.030960905121101
      vertex 0.189815575298421 0.828858606224070 0.032637709199722
   endloop
endfacet
facet normal -0.039761171904811 0.917525747303991 0.395683651725729
   outer loop
      vertex 0.200583933940179 0.827243043070705 0.044457123769399
      vertex 0.214626072313072 0.831485336597843 0.036030994343849
      vertex 0.202240717743291 0.831671737177170 0.034354191321783
   endloop
endfacet
facet normal -0.042564315062935 0.908665738069914 0.415349076730744
   outer loop
      vertex 0.188295912631535 0.827443780334385 0.042174717786839
      vertex 0.202240717743291 0.831671737177170 0.034354191321783
      vertex 0.189855365161043 0.831858037781832 0.032677387243162
   endloop
endfacet
facet normal 0.092978604923414 -0.898125254579561 0.429797633907975
   outer loop
      vertex -0.197954654883649 0.553846546989062 0.039653110635111
      vertex -0.199756690841363 0.549155787380769 0.030240916246749
      vertex -0.191837740666089 0.553866273291289 0.038371052715979
   endloop
endfacet
facet normal 0.972639099860082 -0.005529018578296 -0.232255487291326
   outer loop
      vertex 0.221568529648630 0.865584277759402 -0.053223155630837
      vertex 0.224204665308606 0.861101769313864 -0.042076842068594
      vertex 0.221555838771742 0.864084429802128 -0.053240597439854
   endloop
endfacet
facet normal -0.179264083900325 0.918978550352917 -0.351201953603093
   outer loop
      vertex -0.205285602050448 0.585864980502958 0.108355121183299
      vertex -0.199151845056895 0.581212710360625 0.093050824768018
      vertex -0.210397599354218 0.581104123823150 0.098506862593043
   endloop
endfacet
facet normal -0.352586567451951 -0.018985431994468 0.935586589164485
   outer loop
      vertex 0.063760972178772 0.949713877346094 -0.163758096858234
      vertex 0.055299040174395 0.955603016373711 -0.166827567652471
      vertex 0.055290252916585 0.952603759861502 -0.166891741776288
   endloop
endfacet
facet normal 0.189499445293489 0.931071230956638 0.311763248504936
   outer loop
      vertex 0.183958905642639 0.893969644448215 -0.109583604350053
      vertex 0.194598782877918 0.894000527775881 -0.116143086334504
      vertex 0.188343971639475 0.898486218998143 -0.125737593712288
   endloop
endfacet
facet normal -0.061742454335470 0.908940891809307 0.412327933239471
   outer loop
      vertex 0.188295912631535 0.827443780334385 0.042174717786839
      vertex 0.189855365161043 0.831858037781832 0.032677387243162
      vertex 0.176007893331588 0.827644416567060 0.039892410742143
   endloop
endfacet
facet normal -0.365580210103108 0.904515428142391 -0.219551702870544
   outer loop
      vertex -0.115224836467384 0.639257392565299 0.183874480130832
      vertex -0.117242998088532 0.634565228320754 0.167904050590801
      vertex -0.124071673365814 0.634346054648508 0.178371665027664
   endloop
endfacet
facet normal -0.325394956718723 0.904667638228227 0.275126491789834
   outer loop
      vertex 0.127277836022021 0.755019121861352 0.182238999140895
      vertex 0.119686685957790 0.755307599292808 0.172312299151278
      vertex 0.111217870218510 0.750450221746432 0.178268113625054
   endloop
endfacet
facet normal 0.324863839497463 -0.912177185244768 -0.249792450858504
   outer loop
      vertex 0.125365128687836 0.746061633709346 0.198764704710715
      vertex 0.118269547014131 0.746351565845535 0.188477895093142
      vertex 0.127233091204327 0.751272772279642 0.182164330185477
   endloop
endfacet
facet normal 0.070454109643272 0.916935491172139 0.392766499924933
   outer loop
      vertex 0.202984244053820 0.853865628833544 -0.016678771190504
      vertex 0.213962805606537 0.858216867734066 -0.028806307929833
      vertex 0.201623066052122 0.858312713029527 -0.026816572525681
   endloop
endfacet
facet normal 0.402124710550425 -0.914434839583238 -0.045876369964441
   outer loop
      vertex 0.005719616792817 0.692286496260464 0.238385891710493
      vertex 0.004929707546060 0.692564840357740 0.225913903024426
      vertex 0.015891749413116 0.697425989609760 0.225105287964894
   endloop
endfacet
facet normal 0.943848300956074 0.004812814091068 -0.330344095759039
   outer loop
      vertex -0.183984543460582 0.571857342660338 0.065134831535486
      vertex -0.183994080640448 0.569922148590443 0.065079388194630
      vertex -0.187032804849977 0.565178312785036 0.056328131795131
   endloop
endfacet
facet normal -0.955652341150346 0.009290575932515 -0.294350620948393
   outer loop
      vertex -0.237335104096633 0.508959849886848 -0.067428487833436
      vertex -0.233925550448850 0.502800865768607 -0.078692498164775
      vertex -0.237335515336940 0.507429450219164 -0.067475456620227
   endloop
endfacet
facet normal -0.822463879300805 0.021640664682815 -0.568405532061007
   outer loop
      vertex 0.148466506044971 0.789999721255823 0.106539603652214
      vertex 0.143171778567849 0.783428819490170 0.113950726840311
      vertex 0.143195268080224 0.785114994395159 0.113980935325761
   endloop
endfacet
facet normal 0.230301717427187 0.931163223189221 0.282659106929088
   outer loop
      vertex 0.164891239045908 0.907375254204236 -0.135894557923460
      vertex 0.174453658080575 0.907453574030259 -0.143943723905763
      vertex 0.166851878293172 0.911934443033933 -0.152511349799430
   endloop
endfacet
facet normal -0.086058968311728 -0.898905282568714 0.429608131840149
   outer loop
      vertex -0.193366409770747 0.516361827926946 -0.035429218170726
      vertex -0.199509909225308 0.516401264649870 -0.036577365307064
      vertex -0.197639961675604 0.511727707753994 -0.045981654764665
   endloop
endfacet
facet normal 0.441338073557751 0.016749674133608 -0.897184570333636
   outer loop
      vertex 0.103198299457785 0.941719618932577 -0.200702473171635
      vertex 0.092873330029914 0.944673934950829 -0.205726320477178
      vertex 0.092877223297226 0.946173576244142 -0.205696408293038
   endloop
endfacet
facet normal 0.106769363343237 -0.913294831138418 0.393055790527412
   outer loop
      vertex -0.210890359259524 0.563138389273909 0.063770248431156
      vertex -0.225936190619626 0.558406534056646 0.056862462967188
      vertex -0.213842575394519 0.558460301118969 0.053702294746971
   endloop
endfacet
facet normal 0.148415284788491 0.907871089676393 0.392100736764099
   outer loop
      vertex 0.167815499914821 0.876184921584071 -0.057606943654732
      vertex 0.179530459432885 0.876152099388779 -0.061965213279667
      vertex 0.175962113681223 0.880590817926172 -0.070891968208104
   endloop
endfacet
facet normal 0.076951891733311 0.897633848785699 0.433972210945399
   outer loop
      vertex 0.178139514809760 0.854088284286055 -0.013914706149897
      vertex 0.189283326497707 0.858408558324989 -0.024826837121529
      vertex 0.176943586964460 0.858504402564108 -0.022837001722958
   endloop
endfacet
facet normal -0.359429819178300 0.913432483533921 -0.190922243624225
   outer loop
      vertex -0.127833540246543 0.638807044381329 0.205457096408118
      vertex -0.121529188346381 0.639032217945144 0.194665838266684
      vertex -0.130900348643095 0.634126880976263 0.188839279464526
   endloop
endfacet
facet normal 0.286019455561910 -0.901920181755720 -0.323624561462504
   outer loop
      vertex 0.135650351019344 0.761418687608747 0.159122537976515
      vertex 0.134189582386860 0.766638620592954 0.143283903443742
      vertex 0.143153171199689 0.766356701770690 0.151991614177464
   endloop
endfacet
facet normal 0.390798194507319 -0.915627934421356 0.094351771987067
   outer loop
      vertex -0.074633450064463 0.658406018247619 0.228518955221900
      vertex -0.071156988507680 0.658652808471947 0.216514656283213
      vertex -0.060542953835927 0.663486018529429 0.219455529035826
   endloop
endfacet
facet normal -0.063073511674006 0.920670499269084 -0.385211064094381
   outer loop
      vertex -0.242949704101324 0.552689706896844 0.037216478315217
      vertex -0.230604811390034 0.552714502188267 0.035254417742054
      vertex -0.232155958490863 0.548001507991118 0.024244146176411
   endloop
endfacet
facet normal -0.023223288246156 0.908533089431446 0.417166998084925
   outer loop
      vertex 0.189855365161043 0.831858037781832 0.032677387243162
      vertex 0.203397129684928 0.836104098843629 0.024183899767509
      vertex 0.190944254701292 0.836275813031288 0.023116689924221
   endloop
endfacet
facet normal -0.003812859475620 0.908513798130036 0.417837457284474
   outer loop
      vertex 0.191560186615873 0.840696814364296 0.013515724544628
      vertex 0.191701764104457 0.845120868857173 0.003897690868311
      vertex 0.179069799733581 0.840853712222721 0.013060600294902
   endloop
endfacet
facet normal -0.042526877320215 0.908787652579183 0.415086096159592
   outer loop
      vertex 0.189855365161043 0.831858037781832 0.032677387243162
      vertex 0.190944254701292 0.836275813031288 0.023116689924221
      vertex 0.177470012578795 0.832044338386495 0.031000583164541
   endloop
endfacet
facet normal 0.084200986585713 -0.932140910339198 -0.352169727730826
   outer loop
      vertex 0.216250314125631 0.810498479072569 0.082192634187533
      vertex 0.195741932789081 0.815398755022716 0.064318941103645
      vertex 0.207746755514795 0.815170075939275 0.067794478465113
   endloop
endfacet
facet normal 0.298627433272441 -0.919647170649759 -0.255089665829503
   outer loop
      vertex 0.125365128687836 0.746061633709346 0.198764704710715
      vertex 0.127233091204327 0.751272772279642 0.182164330185477
      vertex 0.134824241289724 0.750984293791844 0.192091130169514
   endloop
endfacet
facet normal -0.175376546829016 -0.916741483268103 -0.358926342969875
   outer loop
      vertex 0.187429328279971 0.877574313194378 -0.075855737078562
      vertex 0.171939191518897 0.882030352430431 -0.079668300158693
      vertex 0.183170721444223 0.882029337594562 -0.085153594371093
   endloop
endfacet
facet normal -0.329608924556866 -0.932119755325530 -0.150035724360366
   outer loop
      vertex 0.077676619892318 0.948896003712909 -0.198603033788614
      vertex 0.071549734308601 0.953567327328798 -0.214164373380964
      vertex 0.082316501615176 0.949123189746180 -0.210207676762214
   endloop
endfacet
facet normal 0.054554427381990 -0.925394761192456 -0.375057796093589
   outer loop
      vertex 0.225118682719787 0.823842321909015 0.048980859884820
      vertex 0.212830663398673 0.824042959198032 0.046698452845706
      vertex 0.214586280462917 0.828486005014746 0.035991317356962
   endloop
endfacet
facet normal 0.996101541805424 -0.009185175912248 -0.087734548248217
   outer loop
      vertex 0.227813578915830 0.852143274875686 -0.019460575905791
      vertex 0.228777743008928 0.847667895713861 -0.008045318124670
      vertex 0.227798186521311 0.850643476395673 -0.019478316637027
   endloop
endfacet
facet normal -0.438455696246947 0.897861935071445 -0.040006849143180
   outer loop
      vertex -0.025893626446547 0.683227266314986 0.200300860899246
      vertex -0.033926027008223 0.678698849931501 0.186702166482333
      vertex -0.035593618928126 0.678436380314819 0.199087638194747
   endloop
endfacet
facet normal 0.294997667669122 0.897670520040983 0.327359150657393
   outer loop
      vertex 0.136203682001173 0.907140288763230 -0.111747059976050
      vertex 0.139383597349905 0.911652540713290 -0.126985928832502
      vertex 0.130227469051790 0.911558639189881 -0.118477447806141
   endloop
endfacet
facet normal 0.998570829403933 -0.003698724785410 0.053316208590845
   outer loop
      vertex -0.196131594018769 0.532093206327212 -0.007683507065906
      vertex -0.195657321313649 0.525724138397323 -0.017008107052803
      vertex -0.195653909119286 0.527378787856799 -0.016957226180297
   endloop
endfacet
facet normal 0.265498852157575 0.907950400892799 0.324247481133804
   outer loop
      vertex 0.136203682001173 0.907140288763230 -0.111747059976050
      vertex 0.145766101035840 0.907218608589254 -0.119796225958354
      vertex 0.139383597349905 0.911652540713290 -0.126985928832502
   endloop
endfacet
facet normal 0.300216714480737 -0.911478095217567 -0.281207407948205
   outer loop
      vertex 0.127233091204327 0.751272772279642 0.182164330185477
      vertex 0.127806841439994 0.756486784611671 0.165876677411414
      vertex 0.135875248555908 0.756200148372173 0.175419574409079
   endloop
endfacet
facet normal 0.356192132178085 -0.915100207036951 0.188994116456991
   outer loop
      vertex -0.127853883736120 0.634059683082068 0.205348646296528
      vertex -0.121549531857124 0.634284857702224 0.194557288160676
      vertex -0.111908208605351 0.639144393798955 0.199916179861333
   endloop
endfacet
facet normal 0.084840383335754 0.924537336698296 0.371527687267401
   outer loop
      vertex 0.213962805606537 0.858216867734066 -0.028806307929833
      vertex 0.224218158036149 0.862601532141296 -0.042059301323041
      vertex 0.211990852535861 0.862681738759568 -0.039466721266223
   endloop
endfacet
facet normal -0.887482158389653 -0.000286662656069 0.460841986329984
   outer loop
      vertex 0.156577195781029 0.889454050203719 -0.082133066512851
      vertex 0.160716853352404 0.883531136148909 -0.074164664181701
      vertex 0.160725945152160 0.885030901987530 -0.074146222422526
   endloop
endfacet
facet normal 0.234415141571146 0.907898633326371 0.347519226815276
   outer loop
      vertex 0.162679051191836 0.893907875805238 -0.096464640380983
      vertex 0.167733382545260 0.898392682481995 -0.111590599599106
      vertex 0.157428087999210 0.898345914171103 -0.104517097542793
   endloop
endfacet
facet normal -0.177007976721374 0.900120377100733 -0.398059647421137
   outer loop
      vertex -0.187906192748515 0.581321395941461 0.087594688005296
      vertex -0.186277382724852 0.576591820174677 0.076175545374474
      vertex -0.192027267105618 0.576544151728818 0.078624595579574
   endloop
endfacet
facet normal -0.073158694898089 -0.930287200316697 0.359462835753196
   outer loop
      vertex -0.230227306517872 0.516598450252133 -0.042318100988921
      vertex -0.242514297416504 0.516677423871409 -0.044614394205060
      vertex -0.240200541501345 0.512054471790085 -0.056107659641556
   endloop
endfacet
facet normal -0.607430855207110 -0.011492760908424 0.794289413620162
   outer loop
      vertex 0.110403506803762 0.923301954207748 -0.136815125770099
      vertex 0.103219729233941 0.927711662097647 -0.142245096710719
      vertex 0.110399514648397 0.921802256419552 -0.136839878242088
   endloop
endfacet
facet normal 0.352556347876205 -0.897715520527021 0.264217459258641
   outer loop
      vertex -0.133116952413963 0.620216540544779 0.156238988247989
      vertex -0.140608420684572 0.615405709924977 0.149889700714099
      vertex -0.129204324328782 0.620319013102008 0.151366370568336
   endloop
endfacet
facet normal -0.205695592056547 0.912628791736668 0.353267620794456
   outer loop
      vertex 0.179926421603198 0.789196428768003 0.126932797462605
      vertex 0.185783853050027 0.794097220960894 0.117682710458268
      vertex 0.169439816410537 0.789464193593158 0.120135066192420
   endloop
endfacet
facet normal 0.242929405461819 0.931214099151180 0.271708677638429
   outer loop
      vertex 0.157695751982590 0.911840441535860 -0.144002869829623
      vertex 0.166851878293172 0.911934443033933 -0.152511349799430
      vertex 0.158836462897696 0.916413024432893 -0.160694150826178
   endloop
endfacet
facet normal 0.823069004022768 -0.021586543670518 0.567530999813517
   outer loop
      vertex 0.190389517245238 0.787273683551770 0.133701549840920
      vertex 0.183761744657577 0.784027580400265 0.143190092382114
      vertex 0.183738353137914 0.782341507457585 0.143159884953052
   endloop
endfacet
facet normal -0.041074343382095 0.928262666900700 -0.369650266541403
   outer loop
      vertex -0.242949704101324 0.552689706896844 0.037216478315217
      vertex -0.232155958490863 0.548001507991118 0.024244146176411
      vertex -0.244582120411985 0.547991410876037 0.025599545352461
   endloop
endfacet
facet normal 0.223193133296319 0.916772803453517 0.331228700594243
   outer loop
      vertex 0.157428087999210 0.898345914171103 -0.104517097542793
      vertex 0.167733382545260 0.898392682481995 -0.111590599599106
      vertex 0.161731776644029 0.902845514032327 -0.119871034334617
   endloop
endfacet
facet normal 0.445318953617882 -0.880941063098244 0.160105817808129
   outer loop
      vertex -0.080306226897458 0.649509858452376 0.180169083352158
      vertex -0.077984646540277 0.649629027383593 0.174367526961761
      vertex -0.069418895933136 0.654546754497694 0.177601242398759
   endloop
endfacet
facet normal -0.355850888395074 0.894490755871776 0.270659256055240
   outer loop
      vertex 0.111217870218510 0.750450221746432 0.178268113625054
      vertex 0.104122290532339 0.750740053907956 0.167981302950929
      vertex 0.095882396609133 0.745888821973555 0.173180491656193
   endloop
endfacet
facet normal 0.978898812074870 -0.016298724102691 0.203694544136638
   outer loop
      vertex 0.225159974569939 0.826841668518009 0.049021936791073
      vertex 0.222752925961094 0.822388746043874 0.060233233974450
      vertex 0.225139278654741 0.825341994219689 0.049001398338029
   endloop
endfacet
facet normal -0.341260522086526 0.896043521408459 -0.283984618962294
   outer loop
      vertex -0.148880902768962 0.619705445831980 0.159348299567177
      vertex -0.140585387080991 0.619902041566801 0.149999998628094
      vertex -0.147763108863119 0.615041649526959 0.143289600991038
   endloop
endfacet
facet normal 0.304663808251869 0.917146547570405 0.256947804468448
   outer loop
      vertex 0.118216339757229 0.924941802157798 -0.146549590419478
      vertex 0.126025180555332 0.925081952319650 -0.156308807540847
      vertex 0.117864811915215 0.929521691120259 -0.162480185925403
   endloop
endfacet
facet normal 0.349608773610799 -0.922682896919035 0.162572990215014
   outer loop
      vertex -0.117672749668869 0.638914003026821 0.211005085245957
      vertex -0.127853883736120 0.634059683082068 0.205348646296528
      vertex -0.111908208605351 0.639144393798955 0.199916179861333
   endloop
endfacet
facet normal 0.543878510683778 -0.023232209727941 0.838842315365381
   outer loop
      vertex 0.125365128687836 0.746061633709346 0.198764704710715
      vertex 0.115609267702794 0.743080418680332 0.205007526316470
      vertex 0.115587734250374 0.741144919165638 0.204967883170180
   endloop
endfacet
facet normal -0.180291110568364 0.903336064271936 0.389203122335516
   outer loop
      vertex 0.180079078471797 0.799260225702421 0.102417904904953
      vertex 0.184732922279590 0.804163528651415 0.093193200596791
      vertex 0.168978937712131 0.799518738961955 0.096675964701481
   endloop
endfacet
facet normal 0.247087687060492 -0.889276021341732 0.384884180981391
   outer loop
      vertex -0.162718855184138 0.591673789742996 0.105988040058306
      vertex -0.173084547956071 0.586850872886880 0.101499237071218
      vertex -0.167756329023172 0.586917699119989 0.098233032878632
   endloop
endfacet
facet normal 0.861577696466139 0.009115759611666 -0.507543865965104
   outer loop
      vertex -0.167734125497614 0.591038204989123 0.098344661037650
      vertex -0.167745177259687 0.588977952520208 0.098288896955267
      vertex -0.172403450237864 0.584200412241248 0.090295469622534
   endloop
endfacet
facet normal 0.444518310443433 -0.894476361292401 -0.048119754463447
   outer loop
      vertex -0.006411781923119 0.688258632309446 0.201192135449973
      vertex 0.002560073865768 0.693400172448519 0.188498140124555
      vertex 0.003349885119813 0.693121726388934 0.200970127754235
   endloop
endfacet
facet normal 0.304500555683962 0.917239663672669 0.256808899716904
   outer loop
      vertex 0.133870243838983 0.920639382032418 -0.149743320329482
      vertex 0.133834023338850 0.925222002612472 -0.166068035718211
      vertex 0.126025180555332 0.925081952319650 -0.156308807540847
   endloop
endfacet
facet normal -0.198948644513307 0.903178248107184 0.380379401377567
   outer loop
      vertex 0.169439816410537 0.789464193593158 0.120135066192420
      vertex 0.185783853050027 0.794097220960894 0.117682710458268
      vertex 0.174977574110237 0.794360531149429 0.111405528851045
   endloop
endfacet
facet normal -0.838583178276570 -0.003443211378604 0.544762698252156
   outer loop
      vertex 0.147122693472917 0.898299143872567 -0.097443595486315
      vertex 0.147115902890933 0.896799339514620 -0.097463528222694
      vertex 0.152031583657501 0.892377165986046 -0.089924501164515
   endloop
endfacet
facet normal 0.383896832031238 -0.903890917204786 -0.188691367452439
   outer loop
      vertex 0.079621784832416 0.726718354321282 0.209139434899006
      vertex 0.074668794279086 0.727009805479512 0.197666321600473
      vertex 0.084148038563693 0.731911154484745 0.193473056123347
   endloop
endfacet
facet normal 0.156020003114303 0.897441900673004 0.412620641200412
   outer loop
      vertex 0.170739184254206 0.871762975012513 -0.049094798247028
      vertex 0.179530459432885 0.876152099388779 -0.061965213279667
      vertex 0.167815499914821 0.876184921584071 -0.057606943654732
   endloop
endfacet
facet normal 0.214511652408429 -0.918522964151867 -0.332114912803797
   outer loop
      vertex 0.176605342593749 0.775696281283033 0.152252805993943
      vertex 0.173573244481200 0.780927186051319 0.135827387203514
      vertex 0.183714863625538 0.780655332552596 0.143129676467601
   endloop
endfacet
facet normal 0.749797937218562 0.006557028434697 -0.661634384475971
   outer loop
      vertex 0.166841597550410 0.908934845569642 -0.152555536093091
      vertex 0.174448068956960 0.905953708126912 -0.143965037623661
      vertex 0.174442377865567 0.904453940210581 -0.143986350284839
   endloop
endfacet
facet normal 0.132533823734595 -0.022584870446447 0.990921141763160
   outer loop
      vertex 0.028844058930608 0.706379683640156 0.236189046693914
      vertex 0.017325917921941 0.701578420018523 0.237620146802239
      vertex 0.028827399170524 0.704194001540373 0.236141459289259
   endloop
endfacet
facet normal -0.155947302401877 0.900712366899513 -0.405459826601667
   outer loop
      vertex -0.207437007883735 0.571693611829407 0.073791649237491
      vertex -0.195710824657931 0.571775425735546 0.069463289855504
      vertex -0.198948246716881 0.567014365157370 0.060131961183061
   endloop
endfacet
facet normal 0.301128887884185 0.924987876596414 0.231773210339960
   outer loop
      vertex 0.133834023338850 0.925222002612472 -0.166068035718211
      vertex 0.132506102192279 0.929832036777186 -0.182741016557206
      vertex 0.125185557033886 0.929676865941650 -0.172610601741443
   endloop
endfacet
facet normal 0.280156673053435 0.908007920037362 0.311502577345764
   outer loop
      vertex 0.130227469051790 0.911558639189881 -0.118477447806141
      vertex 0.139383597349905 0.911652540713290 -0.126985928832502
      vertex 0.132653461814904 0.916084647003240 -0.133852309365411
   endloop
endfacet
facet normal -0.180046790087046 0.022828125121755 -0.983393120823395
   outer loop
      vertex 0.029815827251739 0.712333422315101 0.185314593185592
      vertex 0.020781435650478 0.705330627851496 0.186806115252323
      vertex 0.020798095431728 0.707516308894937 0.186853802651396
   endloop
endfacet
facet normal -0.002984331893337 0.917289401535975 0.398210054610533
   outer loop
      vertex 0.203397129684928 0.836104098843629 0.024183899767509
      vertex 0.216540960338122 0.840383020760131 0.014425773055242
      vertex 0.204050573476996 0.840539917562214 0.013970748799935
   endloop
endfacet
facet normal 0.361599978814718 0.918052283886058 0.162559095017130
   outer loop
      vertex 0.082473477079714 0.947246638082385 -0.182940145800926
      vertex 0.077684706826776 0.951895269350417 -0.198541040541898
      vertex 0.073044827092508 0.951667983289665 -0.186936393625131
   endloop
endfacet
facet normal -0.413931442219956 0.023303574637597 -0.910009727723180
   outer loop
      vertex 0.073148219291268 0.734492551762122 0.171082503008020
      vertex 0.064762911143972 0.727592810814624 0.174719996065375
      vertex 0.064782982664871 0.729621971300386 0.174762829079189
   endloop
endfacet
facet normal 0.276808069827451 -0.023109175908415 0.960647312215693
   outer loop
      vertex 0.062745882656852 0.716641118279638 0.228444534423011
      vertex 0.051582866450060 0.713879866836818 0.231594704819424
      vertex 0.051564660799058 0.711756851268559 0.231548879813150
   endloop
endfacet
facet normal -0.019753080489645 0.925036445850783 0.379364454922864
   outer loop
      vertex 0.214626072313072 0.831485336597843 0.036030994343849
      vertex 0.228302879631040 0.835760671524654 0.026318219459669
      vertex 0.215850004668567 0.835932384655970 0.025251109610798
   endloop
endfacet
facet normal 0.384407105633313 -0.922069929537496 -0.044924627781838
   outer loop
      vertex -0.005886419042004 0.687433692943002 0.238679302485436
      vertex 0.004929707546060 0.692564840357740 0.225913903024426
      vertex 0.005719616792817 0.692286496260464 0.238385891710493
   endloop
endfacet
facet normal -0.041627967289095 -0.898910511732656 0.436150208341016
   outer loop
      vertex -0.195657321313649 0.525724138397323 -0.017008107052803
      vertex -0.201883543170270 0.525748837260213 -0.017551458604105
      vertex -0.200925664650392 0.521074707642044 -0.027093468745774
   endloop
endfacet
facet normal -0.607735004160903 -0.012083147786492 0.794047959670646
   outer loop
      vertex 0.110399514648397 0.921802256419552 -0.136839878242088
      vertex 0.103219729233941 0.927711662097647 -0.142245096710719
      vertex 0.103215938821282 0.926211878556592 -0.142270820185452
   endloop
endfacet
facet normal 0.154541222374696 -0.902675835624674 0.401613429016301
   outer loop
      vertex -0.192047300746808 0.572611332501576 0.078513349595147
      vertex -0.207455982263222 0.567823225677264 0.073680762555613
      vertex -0.195729799037419 0.567905039583404 0.069352403173625
   endloop
endfacet
facet normal 0.285558984443959 -0.902234733160877 -0.323154069572789
   outer loop
      vertex 0.152116660053440 0.766074779904438 0.160699424905770
      vertex 0.143153171199689 0.766356701770690 0.151991614177464
      vertex 0.150295917658383 0.771299847228731 0.144502300793217
   endloop
endfacet
facet normal -0.355293235545962 0.894820555777945 0.270301479338407
   outer loop
      vertex 0.104122290532339 0.750740053907956 0.167981302950929
      vertex 0.112095433904617 0.755596175767624 0.162385500223962
      vertex 0.097026706871102 0.751030086018808 0.157694494389910
   endloop
endfacet
facet normal -0.999974515217009 0.002678496770886 -0.006617746712857
   outer loop
      vertex -0.246164062238634 0.535171733940633 0.002087948237657
      vertex -0.246094645809194 0.532231465977566 -0.009591277634167
      vertex -0.246098819692918 0.530545701193500 -0.009642887070312
   endloop
endfacet
facet normal -0.994586007456692 0.004817515234503 -0.103804938795430
   outer loop
      vertex -0.245463846012844 0.527576479779709 -0.021304437511570
      vertex -0.244266044596953 0.524546559817223 -0.032921545787237
      vertex -0.244268695059621 0.522923023569654 -0.032971498107267
   endloop
endfacet
facet normal -0.336358197371451 0.922525053096327 0.189237124979872
   outer loop
      vertex 0.095209832283534 0.735323683631186 0.215988919468650
      vertex 0.105556595313384 0.740167222128314 0.210767602309067
      vertex 0.089699527930661 0.735615342339857 0.204772840673173
   endloop
endfacet
facet normal -0.038833364819047 -0.914201983918369 0.403393979102996
   outer loop
      vertex -0.221117297813534 0.530476521809781 -0.008689052311659
      vertex -0.233014754484651 0.525872432730701 -0.020268515287151
      vertex -0.220562310750242 0.525823033948581 -0.019181712190128
   endloop
endfacet
facet normal 0.567539077696638 0.012689412222200 -0.823248670879404
   outer loop
      vertex 0.132502309790605 0.928332353284738 -0.182766745974994
      vertex 0.132498519376465 0.926832569817628 -0.182792476449336
      vertex 0.123031062221760 0.931298964051060 -0.189250398790662
   endloop
endfacet
facet normal -0.994184146043508 0.013968096300137 -0.106783781734355
   outer loop
      vertex 0.178472385729306 0.834947773003493 0.022030240495950
      vertex 0.178453391719793 0.833448019844378 0.022010900916551
      vertex 0.177430222716172 0.829044906828733 0.030960905121101
   endloop
endfacet
facet normal -0.161864910179985 -0.020747228672939 0.986594802010845
   outer loop
      vertex -0.040596398662900 0.677649171414102 0.236244055445093
      vertex -0.052054290903518 0.672875954657736 0.234263848663193
      vertex -0.040607718668153 0.675275392038841 0.236192279726179
   endloop
endfacet
facet normal 0.601954603873726 0.016044386672344 -0.798369107951663
   outer loop
      vertex -0.117982423178336 0.627564626553762 0.152148277376942
      vertex -0.117993392432222 0.625253701098019 0.152093565372150
      vertex -0.125291596263358 0.620421487646882 0.146493752888517
   endloop
endfacet
facet normal 0.179732411341199 -0.896681867380273 0.404546522695356
   outer loop
      vertex -0.182304156532853 0.577380340317795 0.084755212740468
      vertex -0.192047300746808 0.572611332501576 0.078513349595147
      vertex -0.186297316364632 0.572659001878738 0.076064399384300
   endloop
endfacet
facet normal -0.999143936279254 0.011036712826687 0.039869607050722
   outer loop
      vertex 0.178893611742129 0.849674365000675 -0.004943191080595
      vertex 0.179186681418803 0.843763005205320 0.004037603999156
      vertex 0.179203975531331 0.845262736194222 0.004055843642775
   endloop
endfacet
facet normal 0.343226197206326 0.908599701016931 0.237996556410440
   outer loop
      vertex 0.110544166774674 0.929366518392148 -0.152349780108971
      vertex 0.109408747150704 0.933958330110687 -0.168242501633474
      vertex 0.102593998948251 0.933788244292382 -0.157765291073312
   endloop
endfacet
facet normal 0.763664651279239 -0.022210306920410 0.645230968454754
   outer loop
      vertex 0.176628714075168 0.777413548739623 0.152284243016584
      vertex 0.169100843356685 0.774238845070062 0.161084591886729
      vertex 0.169077591893755 0.772490385087206 0.161051925270343
   endloop
endfacet
facet normal -0.037105639698799 -0.922919073329205 0.383201716577189
   outer loop
      vertex -0.220562310750242 0.525823033948581 -0.019181712190128
      vertex -0.233014754484651 0.525872432730701 -0.020268515287151
      vertex -0.231886878707291 0.521235221577031 -0.031327756113135
   endloop
endfacet
facet normal 0.296571972215612 -0.894241584192932 0.335226870039168
   outer loop
      vertex -0.156346647364883 0.601131318785191 0.124720340701427
      vertex -0.162296020044983 0.596361099730097 0.117258793674188
      vertex -0.151556477994123 0.601215352637313 0.120706690446219
   endloop
endfacet
facet normal 0.623381179588777 -0.022969785277759 0.781580638129425
   outer loop
      vertex 0.143966351072695 0.757755346826050 0.184998724697174
      vertex 0.134868988094950 0.754730543398891 0.192165798068376
      vertex 0.134846714683165 0.752857420054842 0.192128514115988
   endloop
endfacet
facet normal 0.320518335348371 -0.916830648332003 0.238095692914903
   outer loop
      vertex -0.156593222834967 0.619601796294183 0.185474595388873
      vertex -0.148767766704117 0.619806745383932 0.175729360029235
      vertex -0.140001524517560 0.624616496273319 0.182449287020554
   endloop
endfacet
facet normal 0.133539158915224 -0.902986832096050 0.408389610662851
   outer loop
      vertex -0.195729799037419 0.567905039583404 0.069352403173625
      vertex -0.210890359259524 0.563138389273909 0.063770248431156
      vertex -0.198966061833255 0.563206413011629 0.060021533797984
   endloop
endfacet
facet normal 0.022663283212999 -0.922595752744309 0.385101873031239
   outer loop
      vertex -0.232168630394633 0.544442987096437 0.024136952729899
      vertex -0.245662429812540 0.539800634509242 0.013809293322390
      vertex -0.233184782079866 0.539795908653896 0.013063660702618
   endloop
endfacet
facet normal -0.160646560458011 0.919302018695931 -0.359272154549440
   outer loop
      vertex -0.210397599354218 0.581104123823150 0.098506862593043
      vertex -0.203527233861271 0.576448711943489 0.083522594939134
      vertex -0.215027100657844 0.576353275202146 0.088420494304110
   endloop
endfacet
facet normal 0.445613770253254 -0.895032647628398 0.018572222268231
   outer loop
      vertex -0.025918216413347 0.678542574545470 0.200198274018223
      vertex -0.035616360927576 0.673688920607658 0.198983987819219
      vertex -0.024863133771346 0.678809479642520 0.187745775065093
   endloop
endfacet
facet normal -0.161857775187824 -0.020756863792907 0.986595769916297
   outer loop
      vertex -0.040619140662350 0.672901711706942 0.236140405069567
      vertex -0.052064686925097 0.670470791313653 0.234211541197026
      vertex -0.052075082946674 0.668065627969570 0.234159233730859
   endloop
endfacet
facet normal 0.025830186909412 -0.898659774768970 0.437885156926345
   outer loop
      vertex -0.201990685766293 0.539783994072128 0.011199528099466
      vertex -0.202416941789263 0.535102872885522 0.001617734855027
      vertex -0.195751906901649 0.539781630778186 0.010826661792446
   endloop
endfacet
facet normal -0.109996923209764 -0.930129603290340 0.350370657971439
   outer loop
      vertex -0.213326571898242 0.507214182450252 -0.060509523617165
      vertex -0.225331088619284 0.507321815968439 -0.063992540115830
      vertex -0.233925550448850 0.502800865768607 -0.078692498164775
   endloop
endfacet
facet normal -0.521621838650772 -0.017455958675275 0.852998210402176
   outer loop
      vertex -0.127853883736120 0.634059683082068 0.205348646296528
      vertex -0.137739568943644 0.631565380546833 0.199252350111102
      vertex -0.137750215913523 0.629223150720325 0.199197907371952
   endloop
endfacet
facet normal 0.332210110444489 0.908367322264887 0.253978838409383
   outer loop
      vertex 0.103223621616494 0.929211347546049 -0.142219364293264
      vertex 0.110544166774674 0.929366518392148 -0.152349780108971
      vertex 0.102593998948251 0.933788244292382 -0.157765291073312
   endloop
endfacet
facet normal 0.033863821042103 0.917089742882074 0.397240034645201
   outer loop
      vertex 0.204199552656418 0.844979002576467 0.003739438099428
      vertex 0.216318954873169 0.849294349494997 -0.007256356087501
      vertex 0.203843774519281 0.849420985976010 -0.006485234774328
   endloop
endfacet
facet normal -0.209814985339870 0.892778583973658 0.398652821292940
   outer loop
      vertex 0.158953111237632 0.789731956430668 0.113337334922400
      vertex 0.174977574110237 0.794360531149429 0.111405528851045
      vertex 0.164171195190204 0.794623839350318 0.105128347243986
   endloop
endfacet
facet normal -0.033411264681480 0.022114670471070 -0.999196991960214
   outer loop
      vertex 0.002575089742221 0.695648419117516 0.188547488871204
      vertex -0.006586901565524 0.688533545800598 0.188696379068975
      vertex -0.006572711658867 0.690813277344384 0.188746360613684
   endloop
endfacet
facet normal 0.395377766259596 -0.915481249501049 0.074635807489239
   outer loop
      vertex -0.063422787941224 0.663233728143454 0.231616652342377
      vertex -0.060542953835927 0.663486018529429 0.219455529035826
      vertex -0.049798672659267 0.668323170629442 0.221870886528663
   endloop
endfacet
facet normal 0.343311598589910 0.019287760827954 -0.939023497339595
   outer loop
      vertex -0.069404151858814 0.659545584516969 0.177708149978782
      vertex -0.077976398384449 0.652096950589700 0.174421097911766
      vertex -0.077968252175231 0.654564970726484 0.174474769912913
   endloop
endfacet
facet normal -0.228594381806165 0.892939007169041 0.387820239392716
   outer loop
      vertex 0.153336887224563 0.784843140896435 0.121283224589848
      vertex 0.169439816410537 0.789464193593158 0.120135066192420
      vertex 0.158953111237632 0.789731956430668 0.113337334922400
   endloop
endfacet
facet normal -0.266772739567716 -0.924713371168663 -0.271546472275782
   outer loop
      vertex 0.141371714904221 0.913194510224449 -0.142845446406403
      vertex 0.150099447260293 0.913304037342540 -0.151792726189067
      vertex 0.157685569232540 0.908840946033879 -0.144047055066896
   endloop
endfacet
facet normal 0.351555422731646 0.018383909985731 -0.935986547233244
   outer loop
      vertex 0.082320595071575 0.950622823606292 -0.210176684638688
      vertex 0.082316501615176 0.949123189746180 -0.210207676762214
      vertex 0.071549734308601 0.953567327328798 -0.214164373380964
   endloop
endfacet
facet normal 0.696891256903041 -0.022722214694201 0.716816766692500
   outer loop
      vertex 0.161103282339165 0.767572410572642 0.169441130787653
      vertex 0.152748686304156 0.764471196029942 0.177465187612722
      vertex 0.152725672911838 0.762660449912879 0.177430162859819
   endloop
endfacet
facet normal -0.810826784381722 -0.004051988753201 0.585272164993638
   outer loop
      vertex 0.141833768921889 0.901220568478243 -0.104750703635870
      vertex 0.147109010341173 0.895299633143692 -0.097483459902354
      vertex 0.147115902890933 0.896799339514620 -0.097463528222694
   endloop
endfacet
facet normal -0.479020636028342 -0.017795750564862 0.877623234378419
   outer loop
      vertex -0.117653554581262 0.643724160966031 0.211113198929034
      vertex -0.127833540246543 0.638807044381329 0.205457096408118
      vertex -0.117663153108249 0.641319131455586 0.211059192612981
   endloop
endfacet
facet normal -0.944328830673293 -0.005096924051033 0.328963646812879
   outer loop
      vertex -0.230899009486751 0.569594686928582 0.082393023598640
      vertex -0.234721141004387 0.566810394975214 0.071378006144714
      vertex -0.234730098552697 0.564906417908522 0.071322792452258
   endloop
endfacet
facet normal 0.372900580896855 -0.906293060933608 0.198942314429031
   outer loop
      vertex -0.115245179956961 0.634510031266038 0.183766030019242
      vertex -0.124092965339205 0.629661496077169 0.178262678498392
      vertex -0.108940728097720 0.634735207873839 0.172974671883223
   endloop
endfacet
facet normal 0.224836962888051 -0.910832359680106 -0.346168676628675
   outer loop
      vertex 0.183714863625538 0.780655332552596 0.143129676467601
      vertex 0.173573244481200 0.780927186051319 0.135827387203514
      vertex 0.179879404468324 0.785886369067524 0.126874738627893
   endloop
endfacet
facet normal 0.375874832869655 -0.913865981474861 0.153515725312420
   outer loop
      vertex -0.107231919666547 0.643786159442098 0.216153229269553
      vertex -0.102021574980814 0.644020899234344 0.204793372005670
      vertex -0.091914534566939 0.648914305769697 0.209176868474480
   endloop
endfacet
facet normal 0.351406646594939 0.018385470023286 -0.936042383239628
   outer loop
      vertex 0.082324688527974 0.952122457466404 -0.210145692515162
      vertex 0.082320595071575 0.950622823606292 -0.210176684638688
      vertex 0.071558521564294 0.956566583946640 -0.214100209256588
   endloop
endfacet
facet normal 0.978919196684941 -0.016862499301941 0.203550638611137
   outer loop
      vertex 0.225139278654741 0.825341994219689 0.049001398338029
      vertex 0.222752925961094 0.822388746043874 0.060233233974450
      vertex 0.222731530014853 0.820889066282771 0.060211895567222
   endloop
endfacet
facet normal 0.393461732605462 -0.904997129569170 0.161765448865545
   outer loop
      vertex -0.096811230295080 0.644255639026591 0.193433514741788
      vertex -0.106143767564410 0.639374784696127 0.188827074488040
      vertex -0.091600885609347 0.644490378818838 0.182073657477905
   endloop
endfacet
facet normal 0.266565323322165 0.931346411042410 0.248066102159427
   outer loop
      vertex 0.142148483020229 0.920764187634329 -0.159107846866617
      vertex 0.150426720213942 0.920889093210903 -0.168472372347199
      vertex 0.141642864136952 0.925362152774324 -0.175827252839580
   endloop
endfacet
facet normal 0.192398048813602 -0.890623219183337 -0.412035523061094
   outer loop
      vertex 0.180032389033886 0.796074553165851 0.102364660223259
      vertex 0.168932248274220 0.796333066425384 0.096622720019788
      vertex 0.173319205596900 0.801293455759336 0.087949205995208
   endloop
endfacet
facet normal 0.315426241775916 -0.902320989685289 -0.293807960362688
   outer loop
      vertex 0.119641939152564 0.751561349685761 0.172237631252415
      vertex 0.119738430327848 0.756773621856837 0.156333682532437
      vertex 0.127806841439994 0.756486784611671 0.165876677411414
   endloop
endfacet
facet normal -0.395265258544957 0.916978103995923 -0.054004927362510
   outer loop
      vertex -0.052054290903518 0.672875954657736 0.234263848663193
      vertex -0.049777880594944 0.673133496261265 0.221975601455415
      vertex -0.060524109761530 0.668359112223935 0.219561107468414
   endloop
endfacet
facet normal 0.227210316494486 0.924473882946278 0.306142959789552
   outer loop
      vertex 0.161731776644029 0.902845514032327 -0.119871034334617
      vertex 0.171677585105805 0.902908092038797 -0.127441491034372
      vertex 0.164891239045908 0.907375254204236 -0.135894557923460
   endloop
endfacet
facet normal 0.403853661552465 -0.893350642702195 -0.197045297417225
   outer loop
      vertex 0.074668794279086 0.727009805479512 0.197666321600473
      vertex 0.069715801717058 0.727301357668748 0.186193109364075
      vertex 0.078637832182365 0.732202916212069 0.182256878389839
   endloop
endfacet
facet normal -0.864001245123882 -0.001548422943798 0.503487289621862
   outer loop
      vertex 0.152031583657501 0.892377165986046 -0.089924501164515
      vertex 0.156560611696095 0.886454558779538 -0.082170749989202
      vertex 0.156568903738561 0.887954304491628 -0.082151908251027
   endloop
endfacet
facet normal 0.660928078815446 -0.022866220751103 0.750100800280793
   outer loop
      vertex 0.152702759520930 0.760849704727120 0.177395238101165
      vertex 0.143966351072695 0.757755346826050 0.184998724697174
      vertex 0.143943657680521 0.755913411101671 0.184962570344610
   endloop
endfacet
facet normal 0.396990056914226 0.017880911876829 -0.917648716940035
   outer loop
      vertex 0.092877223297226 0.946173576244142 -0.205696408293038
      vertex 0.082316501615176 0.949123189746180 -0.210207676762214
      vertex 0.082320595071575 0.950622823606292 -0.210176684638688
   endloop
endfacet
facet normal 0.607186181421058 0.012095438753197 -0.794467520703447
   outer loop
      vertex 0.141638871979470 0.923862455091761 -0.175852015311011
      vertex 0.132498519376465 0.926832569817628 -0.182792476449336
      vertex 0.132502309790605 0.928332353284738 -0.182766745974994
   endloop
endfacet
facet normal 0.887598356297819 0.000873228735157 -0.460617406715145
   outer loop
      vertex 0.200372817370681 0.889513943941071 -0.106251690050805
      vertex 0.205651960893921 0.885027040817005 -0.096087417157740
      vertex 0.200364525332447 0.888014198017712 -0.106270511790097
   endloop
endfacet
facet normal 0.126913541538297 -0.913249644593850 0.387127937022651
   outer loop
      vertex -0.210890359259524 0.563138389273909 0.063770248431156
      vertex -0.213842575394519 0.558460301118969 0.053702294746971
      vertex -0.198966061833255 0.563206413011629 0.060021533797984
   endloop
endfacet
facet normal -0.370342788774085 0.912536841571123 -0.173559014685013
   outer loop
      vertex -0.102003630305287 0.648893953913204 0.204900950328118
      vertex -0.106124472517725 0.644184945679324 0.188935088176533
      vertex -0.111889013538910 0.643954552794505 0.200024193549992
   endloop
endfacet
facet normal 0.182409887613023 -0.878211953724229 -0.442120342482538
   outer loop
      vertex 0.173319205596900 0.801293455759336 0.087949205995208
      vertex 0.161951814511400 0.801546859431096 0.082755899007514
      vertex 0.165667877856518 0.806505338535382 0.074439726754763
   endloop
endfacet
facet normal 0.502095124244682 -0.023292843987151 0.864498657968136
   outer loop
      vertex 0.115609267702794 0.743080418680332 0.205007526316470
      vertex 0.105535483828887 0.738200435019287 0.210726828506398
      vertex 0.115587734250374 0.741144919165638 0.204967883170180
   endloop
endfacet
facet normal -0.367705657621079 0.895039276379673 0.252383127588201
   outer loop
      vertex 0.095882396609133 0.745888821973555 0.173180491656193
      vertex 0.104122290532339 0.750740053907956 0.167981302950929
      vertex 0.089299597081305 0.746179689925068 0.162558264664116
   endloop
endfacet
facet normal -0.441651996383915 0.897177919693363 0.003910818941275
   outer loop
      vertex -0.016589358595129 0.687749814165161 0.213525303225178
      vertex -0.016149082338270 0.688020988904483 0.201036077457006
      vertex -0.025893626446547 0.683227266314986 0.200300860899246
   endloop
endfacet
facet normal 0.443832045320201 -0.894818804012182 -0.048087665082602
   outer loop
      vertex 0.004139796332937 0.692843283373337 0.213442015389330
      vertex 0.003349885119813 0.693121726388934 0.200970127754235
      vertex 0.013086765698407 0.697988884242445 0.200269641525096
   endloop
endfacet
facet normal -0.082508849974170 0.022331369255940 -0.996340102386276
   outer loop
      vertex 0.011716048442901 0.702704313358888 0.187948654990192
      vertex 0.002575089742221 0.695648419117516 0.188547488871204
      vertex 0.002590103588809 0.697896767873862 0.188596638685571
   endloop
endfacet
facet normal 0.823075068614943 -0.021629405695047 0.567520572520315
   outer loop
      vertex 0.190413026795859 0.788928663942848 0.133730528732791
      vertex 0.183761744657577 0.784027580400265 0.143190092382114
      vertex 0.190389517245238 0.787273683551770 0.133701549840920
   endloop
endfacet
facet normal 0.050262604268387 0.924732106374560 0.377285305905529
   outer loop
      vertex 0.202984244053820 0.853865628833544 -0.016678771190504
      vertex 0.215406708645512 0.853754303623105 -0.018060853708182
      vertex 0.213962805606537 0.858216867734066 -0.028806307929833
   endloop
endfacet
facet normal -0.113395774170300 0.901054411688308 -0.418619571421782
   outer loop
      vertex -0.198948246716881 0.567014365157370 0.060131961183061
      vertex -0.195685348763098 0.562286574920608 0.049071811572392
      vertex -0.201732106385530 0.562259692383269 0.050651895682417
   endloop
endfacet
facet normal -0.116205620155012 0.895575509993631 -0.429465667712842
   outer loop
      vertex -0.201732106385530 0.562259692383269 0.050651895682417
      vertex -0.195685348763098 0.562286574920608 0.049071811572392
      vertex -0.197939260367111 0.557529734390726 0.039762120511215
   endloop
endfacet
facet normal 0.225223394511436 -0.910536896932697 -0.346694363797453
   outer loop
      vertex 0.166833122251893 0.775971825871021 0.144463250333943
      vertex 0.163431625336862 0.781199039550042 0.128525097939426
      vertex 0.173573244481200 0.780927186051319 0.135827387203514
   endloop
endfacet
facet normal -0.967955115491401 0.017422137615111 -0.250518189988170
   outer loop
      vertex 0.174108616671704 0.823248062542059 0.048703264018987
      vertex 0.174087120766385 0.821748379736968 0.048682025606344
      vertex 0.171754383272603 0.817355800526168 0.057389804753287
   endloop
endfacet
facet normal 0.980139287319123 -0.007237402818729 0.198178196212402
   outer loop
      vertex -0.193364563019404 0.517954350142215 -0.035380193346552
      vertex -0.193366409770747 0.516361827926946 -0.035429218170726
      vertex -0.191559828855808 0.511680956430551 -0.044535054824323
   endloop
endfacet
facet normal -0.216466399011247 0.903652529788546 0.369532682595010
   outer loop
      vertex 0.169439816410537 0.789464193593158 0.120135066192420
      vertex 0.174977574110237 0.794360531149429 0.111405528851045
      vertex 0.158953111237632 0.789731956430668 0.113337334922400
   endloop
endfacet
facet normal 0.158618691090434 0.916752955519769 0.366611687460352
   outer loop
      vertex 0.175962113681223 0.880590817926172 -0.070891968208104
      vertex 0.187449211374305 0.880573887112328 -0.075819653518380
      vertex 0.183188903035036 0.885028970302810 -0.085116809790609
   endloop
endfacet
facet normal -0.063936048596444 -0.021490379984250 0.997722579306495
   outer loop
      vertex -0.017483380946216 0.684896544091605 0.238453343577422
      vertex -0.029058868409952 0.682426251099844 0.237658354588974
      vertex -0.029071214366657 0.680083953680424 0.237607111674032
   endloop
endfacet
facet normal -0.928196143020881 0.002252174332359 0.372084463249860
   outer loop
      vertex 0.164465124431094 0.879107962774863 -0.065982324678003
      vertex 0.167793915274632 0.873185408569104 -0.057642526183446
      vertex 0.167804706611543 0.874685214535749 -0.057624684393603
   endloop
endfacet
facet normal 0.414938263664168 -0.023303852185944 0.909551080380130
   outer loop
      vertex 0.095189140800591 0.733325707846146 0.215947116060574
      vertex 0.084614916461176 0.730485323052896 0.220698315276140
      vertex 0.084594844940278 0.728456162567135 0.220655482262325
   endloop
endfacet
facet normal -0.864188657314153 -0.002115660803067 0.503163480937288
   outer loop
      vertex 0.152031583657501 0.892377165986046 -0.089924501164515
      vertex 0.152023993358445 0.890877339494517 -0.089943843932498
      vertex 0.156560611696095 0.886454558779538 -0.082170749989202
   endloop
endfacet
facet normal -0.996022817813874 0.009826740288349 0.088554963550417
   outer loop
      vertex 0.178139514809760 0.854088284286055 -0.013914706149897
      vertex 0.178877219502834 0.848174548756892 -0.004961131799007
      vertex 0.178893611742129 0.849674365000675 -0.004943191080595
   endloop
endfacet
facet normal 0.306720531014093 0.019464364599483 -0.951600575013052
   outer loop
      vertex -0.060710607793785 0.664329043946111 0.180608101410987
      vertex -0.060718953857659 0.661861014552328 0.180554929382265
      vertex -0.069404151858814 0.659545584516969 0.177708149978782
   endloop
endfacet
facet normal 0.037475499810408 0.921096752406865 -0.387525947027404
   outer loop
      vertex -0.233007930117092 0.529181732705995 -0.020166853536558
      vertex -0.231881517793808 0.524482295264757 -0.031227851473176
      vertex -0.245460443837672 0.529231130096762 -0.021253656633465
   endloop
endfacet
facet normal -0.990590724831453 0.007974261392557 0.136625133241065
   outer loop
      vertex 0.176943586964460 0.858504402564108 -0.022837001722958
      vertex 0.176929094434473 0.857004619860222 -0.022854542466852
      vertex 0.178124120448875 0.852588584724366 -0.013932345830161
   endloop
endfacet
facet normal 0.003820397359630 -0.908395983237222 -0.418093461085551
   outer loop
      vertex 0.190906166744353 0.833276302612733 0.023078210754424
      vertex 0.179033511653873 0.837854225962021 0.013023221060720
      vertex 0.191523898514998 0.837697329159938 0.013478245316028
   endloop
endfacet
facet normal -0.440248361237997 0.897694382485006 -0.018060345570405
   outer loop
      vertex -0.016149082338270 0.688020988904483 0.201036077457006
      vertex -0.024838543825712 0.683494172468378 0.187848261951697
      vertex -0.025893626446547 0.683227266314986 0.200300860899246
   endloop
endfacet
facet normal -0.641359476681669 -0.015290384276106 0.767088147359419
   outer loop
      vertex -0.156570535846202 0.624160842615139 0.185584355827636
      vertex -0.165472030086583 0.619312049256339 0.178045199315657
      vertex -0.156581829350462 0.621881320448484 0.185529475608171
   endloop
endfacet
facet normal 0.191751205262167 0.916738596131340 0.350459443650255
   outer loop
      vertex 0.167526150166331 0.889469075041748 -0.088162761866912
      vertex 0.178475006575856 0.889483997072396 -0.094192378281828
      vertex 0.173318928427116 0.893938759132903 -0.103024122365435
   endloop
endfacet
facet normal 0.607124608439394 0.012095843553244 -0.794514569026930
   outer loop
      vertex 0.141642864136952 0.925362152774324 -0.175827252839580
      vertex 0.132502309790605 0.928332353284738 -0.182766745974994
      vertex 0.132506102192279 0.929832036777186 -0.182741016557206
   endloop
endfacet
facet normal 0.064550551727528 0.896651190115601 -0.438006700332253
   outer loop
      vertex -0.200920303715742 0.524321780273428 -0.026993464111396
      vertex -0.199506113754846 0.519586211093389 -0.036479316715435
      vertex -0.207112566134131 0.524353863090500 -0.027840361793913
   endloop
endfacet
facet normal 0.864083157961911 0.002118530822213 -0.503344621461010
   outer loop
      vertex 0.194591292556990 0.892500703377633 -0.116162439102095
      vertex 0.200364525332447 0.888014198017712 -0.106270511790097
      vertex 0.194583702257934 0.891000876886106 -0.116181781870079
   endloop
endfacet
facet normal 0.440853384556168 -0.895372556099823 0.062898959519547
   outer loop
      vertex -0.045245952022364 0.668838251848855 0.197294392113273
      vertex -0.054783185645089 0.663990601289024 0.195133282422561
      vertex -0.042969641715200 0.669095792521081 0.185006044911243
   endloop
endfacet
facet normal -0.379246459966616 0.895247360337012 0.233889474779012
   outer loop
      vertex 0.087394769628346 0.741041787851131 0.177970754316116
      vertex 0.095882396609133 0.745888821973555 0.173180491656193
      vertex 0.081340860404626 0.741333343394058 0.167038505335403
   endloop
endfacet
facet normal 0.236481764205231 -0.901682809732034 -0.362000671038226
   outer loop
      vertex 0.173573244481200 0.780927186051319 0.135827387203514
      vertex 0.163431625336862 0.781199039550042 0.128525097939426
      vertex 0.169392799275663 0.786154133892679 0.120077007357707
   endloop
endfacet
facet normal 0.025849519952939 -0.898442570871596 0.438329498395717
   outer loop
      vertex -0.201103200596770 0.544468230381051 0.020748454789731
      vertex -0.208229564632348 0.539786356434767 0.011572294412234
      vertex -0.201990685766293 0.539783994072128 0.011199528099466
   endloop
endfacet
facet normal 0.277831656268610 -0.918614847178360 0.280991696173603
   outer loop
      vertex -0.172982445716821 0.605466043128933 0.153098635410365
      vertex -0.180297602233723 0.600711551660954 0.144788196226174
      vertex -0.163808488709407 0.605644207484038 0.144610301838416
   endloop
endfacet
facet normal -0.305679179489442 -0.019436541900859 0.951936163860580
   outer loop
      vertex -0.074625104021755 0.660874048697744 0.228572027256204
      vertex -0.085678275363725 0.653583089360283 0.224873842948390
      vertex -0.074633450064463 0.658406018247619 0.228518955221900
   endloop
endfacet
facet normal -0.450067129349117 0.885927295999600 -0.112126737588685
   outer loop
      vertex -0.067663630887595 0.663835461509806 0.204616699288528
      vertex -0.064187169330812 0.664082251734135 0.192612400349840
      vertex -0.069404151858814 0.659545584516969 0.177708149978782
   endloop
endfacet
facet normal 0.849840648681323 -0.021291291463120 0.526609487909913
   outer loop
      vertex 0.196543378715417 0.790586045056967 0.123904390298751
      vertex 0.190389517245238 0.787273683551770 0.133701549840920
      vertex 0.190366009682151 0.785618603186027 0.133672569892496
   endloop
endfacet
facet normal 0.990629179356989 -0.007977899717685 -0.136345818133865
   outer loop
      vertex 0.226302543173419 0.858121122413267 -0.030796042277431
      vertex 0.227829071269427 0.853643076399685 -0.019442935169140
      vertex 0.226288050643433 0.856621339709381 -0.030813583021324
   endloop
endfacet
facet normal 0.329018214980986 -0.902523904746956 -0.277844588882048
   outer loop
      vertex 0.111173865360183 0.746641495994076 0.178191085475735
      vertex 0.112050687099391 0.751849926160577 0.162310832325099
      vertex 0.119641939152564 0.751561349685761 0.172237631252415
   endloop
endfacet
facet normal -0.156008852236142 -0.897457674142724 -0.412590549026869
   outer loop
      vertex 0.167793915274632 0.873185408569104 -0.057642526183446
      vertex 0.164455132893805 0.877608174822067 -0.066000366458010
      vertex 0.179508874792695 0.873152586373813 -0.062000795808381
   endloop
endfacet
facet normal 0.990640734228043 -0.007978994302199 -0.136261775043665
   outer loop
      vertex 0.226288050643433 0.856621339709381 -0.030813583021324
      vertex 0.227813578915830 0.852143274875686 -0.019460575905791
      vertex 0.226273558113446 0.855121557005494 -0.030831123765217
   endloop
endfacet
facet normal 0.446341490810793 -0.894855112919179 -0.003687880584053
   outer loop
      vertex -0.016175520230087 0.683399062959926 0.200934754059325
      vertex -0.025918216413347 0.678542574545470 0.200198274018223
      vertex -0.015735242006862 0.683670138780925 0.188445427240181
   endloop
endfacet
facet normal 0.266489191661821 0.916971891616992 0.296894022694604
   outer loop
      vertex 0.155328720030996 0.907296932390568 -0.127845391940990
      vertex 0.157695751982590 0.911840441535860 -0.144002869829623
      vertex 0.148539623682359 0.911746540118085 -0.135494398802703
   endloop
endfacet
facet normal 0.175369248847218 0.916743567685713 0.358924584927855
   outer loop
      vertex 0.171957475077487 0.885029887151661 -0.079631516634927
      vertex 0.183188903035036 0.885028970302810 -0.085116809790609
      vertex 0.178475006575856 0.889483997072396 -0.094192378281828
   endloop
endfacet
facet normal 0.413251027936948 -0.889196161133830 0.196351152107433
   outer loop
      vertex -0.097496954013349 0.639720272464175 0.172193565362925
      vertex -0.105788552158221 0.634847795183916 0.167578992815299
      vertex -0.094614683492173 0.639835468378413 0.166649062673405
   endloop
endfacet
facet normal 0.034995936893572 0.908204742080917 0.417060464276676
   outer loop
      vertex 0.191701764104457 0.845120868857173 0.003897690868311
      vertex 0.203843774519281 0.849420985976010 -0.006485234774328
      vertex 0.191368694124472 0.849547625501011 -0.005714213455738
   endloop
endfacet
facet normal 0.454683996286354 -0.883388793262951 0.113519617064620
   outer loop
      vertex -0.067680424983120 0.658899500709259 0.204510356287804
      vertex -0.069418895933136 0.654546754497694 0.177601242398759
      vertex -0.064203863446093 0.659146292921233 0.192506057348951
   endloop
endfacet
facet normal 0.064598434895093 0.896446988996410 -0.438417424526416
   outer loop
      vertex -0.201876718802710 0.529058137235505 -0.017449796853513
      vertex -0.194728041318520 0.524289698512697 -0.026146666423297
      vertex -0.200920303715742 0.524321780273428 -0.026993464111396
   endloop
endfacet
facet normal 0.193675689624686 0.897417286808112 0.396398714158319
   outer loop
      vertex 0.164475015988140 0.880607748740015 -0.065964282897830
      vertex 0.171957475077487 0.885029887151661 -0.079631516634927
      vertex 0.160725945152160 0.885030901987530 -0.074146222422526
   endloop
endfacet
facet normal 0.526782239709339 0.014479720726606 -0.849876937923657
   outer loop
      vertex 0.123034752869311 0.932798734867810 -0.189223658972496
      vertex 0.113255221107225 0.935761525735982 -0.195234862515775
      vertex 0.113258813981900 0.937261183619258 -0.195207085211968
   endloop
endfacet
facet normal 0.167438747373877 0.924412717584670 0.342673887895755
   outer loop
      vertex 0.183188903035036 0.885028970302810 -0.085116809790609
      vertex 0.194420532936371 0.885027957665856 -0.090602124002059
      vertex 0.189423960971742 0.889499021382253 -0.100222023638680
   endloop
endfacet
facet normal 0.158551521848067 -0.897036749919489 0.412536645903781
   outer loop
      vertex -0.186297316364632 0.572659001878738 0.076064399384300
      vertex -0.195729799037419 0.567905039583404 0.069352403173625
      vertex -0.189866659432510 0.567946048033130 0.067188174541893
   endloop
endfacet
facet normal 0.421455858270506 -0.906071414122334 0.037544001382712
   outer loop
      vertex -0.038951546754914 0.673164081348959 0.223754932300599
      vertex -0.037283954835012 0.673426550965640 0.211369460588186
      vertex -0.026973397026893 0.678275566429768 0.212650871909384
   endloop
endfacet
facet normal -0.449704053239051 0.878378027212971 -0.161920677523960
   outer loop
      vertex -0.080289932512656 0.654445799807621 0.180276326303477
      vertex -0.069404151858814 0.659545584516969 0.177708149978782
      vertex -0.077968252175231 0.654564970726484 0.174474769912913
   endloop
endfacet
facet normal 0.660944518841059 -0.022906855736706 0.750085074491033
   outer loop
      vertex 0.152725672911838 0.762660449912879 0.177430162859819
      vertex 0.143989044486035 0.759597281494086 0.185034979044155
      vertex 0.143966351072695 0.757755346826050 0.184998724697174
   endloop
endfacet
facet normal 0.263053421547067 -0.878843399535251 -0.398041676845157
   outer loop
      vertex 0.153289906212279 0.781470891061121 0.121222808675504
      vertex 0.143148289055473 0.781742644585181 0.113920518354861
      vertex 0.148419588890341 0.786689663542989 0.106481544817336
   endloop
endfacet
facet normal -0.014706394428966 -0.021808428646149 0.999653997342523
   outer loop
      vertex -0.005886419042004 0.687433692943002 0.238679302485436
      vertex -0.017483380946216 0.684896544091605 0.238453343577422
      vertex -0.017496648877897 0.682585529610002 0.238402731347597
   endloop
endfacet
facet normal 0.257087657188430 -0.910900130455264 -0.322748956401020
   outer loop
      vertex 0.152116660053440 0.766074779904438 0.160699424905770
      vertex 0.150295917658383 0.771299847228731 0.144502300793217
      vertex 0.159675130048953 0.771020835651038 0.152760829192519
   endloop
endfacet
facet normal -0.945229686101495 0.003530620147487 0.326386849051618
   outer loop
      vertex 0.167804706611543 0.874685214535749 -0.057624684393603
      vertex 0.170715800054284 0.868763421994560 -0.049129980795080
      vertex 0.170727493158595 0.870263147988034 -0.049112340052121
   endloop
endfacet
facet normal 0.240976615537565 0.924521654442176 0.295279496801864
   outer loop
      vertex 0.155328720030996 0.907296932390568 -0.127845391940990
      vertex 0.164891239045908 0.907375254204236 -0.135894557923460
      vertex 0.157695751982590 0.911840441535860 -0.144002869829623
   endloop
endfacet
facet normal 0.271513364070589 -0.900482957831666 0.339721850615773
   outer loop
      vertex -0.167277835653819 0.596282498341625 0.121032028460322
      vertex -0.173041285498191 0.591528026920667 0.113035878588746
      vertex -0.162296020044983 0.596361099730097 0.117258793674188
   endloop
endfacet
facet normal -0.607643180340316 -0.012048803655256 0.794118751646367
   outer loop
      vertex 0.110403506803762 0.923301954207748 -0.136815125770099
      vertex 0.103223621616494 0.929211347546049 -0.142219364293264
      vertex 0.103219729233941 0.927711662097647 -0.142245096710719
   endloop
endfacet
facet normal 0.296934477020792 -0.893945009335558 0.335696643772973
   outer loop
      vertex -0.150047502235564 0.605911406079529 0.131877700957714
      vertex -0.161136818744342 0.601047385964074 0.128733892018770
      vertex -0.156346647364883 0.601131318785191 0.124720340701427
   endloop
endfacet
facet normal 0.389188558251715 0.018879300540138 -0.920964623716387
   outer loop
      vertex -0.077968252175231 0.654564970726484 0.174474769912913
      vertex -0.086381568575266 0.647161645422344 0.170767639372457
      vertex -0.086372596248086 0.649598173289945 0.170821378536473
   endloop
endfacet
facet normal 0.044714350376888 -0.914050941126631 0.403127155989142
   outer loop
      vertex -0.219742478471536 0.544453084012754 0.022781553553865
      vertex -0.220707122382800 0.539791084078993 0.012317927031857
      vertex -0.207316326548441 0.544463180929070 0.021426154377830
   endloop
endfacet
facet normal -0.310371181412980 0.915453613624866 -0.256153100800062
   outer loop
      vertex -0.148745079715352 0.624365791704888 0.175839120467998
      vertex -0.148880902768962 0.619705445831980 0.159348299567177
      vertex -0.157176416448234 0.619508749066154 0.168696699444126
   endloop
endfacet
facet normal -0.927161758105743 -0.005883169985958 0.374615085944473
   outer loop
      vertex -0.226536884263020 0.574291429250315 0.093262920668334
      vertex -0.230899009486751 0.569594686928582 0.082393023598640
      vertex -0.226546901094198 0.572325020164864 0.093207247678911
   endloop
endfacet
facet normal 0.835716243791155 0.010119568302434 -0.549068260056048
   outer loop
      vertex -0.162707523773574 0.593765255364860 0.106043833800751
      vertex -0.162718855184138 0.591673789742996 0.105988040058306
      vertex -0.167756329023172 0.586917699119989 0.098233032878632
   endloop
endfacet
facet normal 0.133699801733496 -0.929169232481393 0.344628641332034
   outer loop
      vertex -0.230908446686373 0.567659494846334 0.082337580257619
      vertex -0.234739056101006 0.563002440841828 0.071267578759803
      vertex -0.219182265448102 0.567741408727137 0.078009221932185
   endloop
endfacet
facet normal 0.241040666966691 -0.911005068490629 -0.334617934445595
   outer loop
      vertex 0.176605342593749 0.775696281283033 0.152252805993943
      vertex 0.166833122251893 0.775971825871021 0.144463250333943
      vertex 0.173573244481200 0.780927186051319 0.135827387203514
   endloop
endfacet
facet normal -0.423380408311209 0.895979733012321 0.134049796304969
   outer loop
      vertex 0.045174501532489 0.716579487727996 0.207487532883729
      vertex 0.041961214271253 0.716867889835947 0.195411085466509
      vertex 0.032431356824116 0.712047024398478 0.197534496305477
   endloop
endfacet
facet normal 0.343437446408600 0.019234491710361 -0.938978569900818
   outer loop
      vertex -0.069418895933136 0.654546754497694 0.177601242398759
      vertex -0.077984646540277 0.649629027383593 0.174367526961761
      vertex -0.077976398384449 0.652096950589700 0.174421097911766
   endloop
endfacet
facet normal -0.944344078212481 -0.005095583536040 0.328919894462842
   outer loop
      vertex -0.230908446686373 0.567659494846334 0.082337580257619
      vertex -0.234730098552697 0.564906417908522 0.071322792452258
      vertex -0.234739056101006 0.563002440841828 0.071267578759803
   endloop
endfacet
facet normal -0.982283539048756 -0.001435603427147 0.187395271969844
   outer loop
      vertex -0.240765891959512 0.555550293335593 0.048682273635390
      vertex -0.242956760693207 0.550879278763614 0.037162452483234
      vertex -0.240773608230647 0.553708649778071 0.048627718171885
   endloop
endfacet
facet normal 0.304719962226367 -0.887727588342570 0.345087631647741
   outer loop
      vertex -0.145460474735501 0.606000539238236 0.127633534699933
      vertex -0.156346647364883 0.601131318785191 0.124720340701427
      vertex -0.151556477994123 0.601215352637313 0.120706690446219
   endloop
endfacet
facet normal -0.278087908770979 0.908166638686844 -0.312890510197455
   outer loop
      vertex -0.180274230783106 0.605019832720923 0.144899407662651
      vertex -0.170693890032887 0.605187799394164 0.136872206090099
      vertex -0.177218152723267 0.600371055000607 0.128690149063651
   endloop
endfacet
facet normal 0.794320320661385 -0.021896693685079 0.607104408639944
   outer loop
      vertex 0.183761744657577 0.784027580400265 0.143190092382114
      vertex 0.176652085535421 0.779130817252555 0.152315580044807
      vertex 0.183738353137914 0.782341507457585 0.143159884953052
   endloop
endfacet
facet normal 0.998197571719483 -0.013460877489077 0.058484293537257
   outer loop
      vertex 0.228995059119539 0.837226637697350 0.014843418076367
      vertex 0.228283885642693 0.834260917309199 0.026298979874687
      vertex 0.228264789686569 0.832761261080762 0.026279741346426
   endloop
endfacet
facet normal -0.999110551520921 0.001570161940217 0.042138348698579
   outer loop
      vertex -0.245662429812540 0.539800634509242 0.013809293322390
      vertex -0.246159156659620 0.536888613452995 0.002140286237490
      vertex -0.246164062238634 0.535171733940633 0.002087948237657
   endloop
endfacet
facet normal 0.041043711578432 0.902283825974722 -0.429184472137896
   outer loop
      vertex -0.208102940680498 0.529082837154736 -0.017993248399233
      vertex -0.207112566134131 0.524353863090500 -0.027840361793913
      vertex -0.220555486382682 0.529132333923874 -0.019080050439536
   endloop
endfacet
facet normal 0.849838727818583 -0.021257779801913 0.526613941609588
   outer loop
      vertex 0.196590231970060 0.793833912760005 0.123959892065327
      vertex 0.190413026795859 0.788928663942848 0.133730528732791
      vertex 0.196566806336504 0.792209928921154 0.123932140653762
   endloop
endfacet
facet normal -0.087088769516190 0.911703665737374 -0.401512107046837
   outer loop
      vertex -0.228524235308621 0.557431292765655 0.046172612209478
      vertex -0.216290204946646 0.557470650427077 0.043608395319912
      vertex -0.218259868709788 0.552739299529855 0.033292257174390
   endloop
endfacet
facet normal -0.398144841135587 0.902549997131210 -0.163963984324518
   outer loop
      vertex -0.087254877519753 0.654088488988004 0.197680997588114
      vertex -0.091582940933820 0.649363433497698 0.182181235800353
      vertex -0.096793285619553 0.649128693705451 0.193541093064235
   endloop
endfacet
facet normal 0.445317426507390 -0.880939208455939 0.160120269341080
   outer loop
      vertex -0.087271271884800 0.649152545645114 0.197573754636962
      vertex -0.082627909222417 0.649390787508177 0.185970640799278
      vertex -0.069418895933136 0.654546754497694 0.177601242398759
   endloop
endfacet
facet normal 0.101753878092504 -0.921951358118651 0.373700202777990
   outer loop
      vertex -0.222814758674736 0.563070464579549 0.067518864126630
      vertex -0.238029893860586 0.558352666287120 0.060022530136582
      vertex -0.225936190619626 0.558406534056646 0.056862462967188
   endloop
endfacet
facet normal 0.141527117273534 0.916762790431864 0.373518488372162
   outer loop
      vertex 0.194568414701968 0.871665604640521 -0.056651492413001
      vertex 0.202960378469009 0.876086454998196 -0.070681752529536
      vertex 0.191245418950948 0.876119277193488 -0.066323482904602
   endloop
endfacet
facet normal 0.313953925599431 -0.893690150257150 0.320547731132292
   outer loop
      vertex -0.150047502235564 0.605911406079529 0.131877700957714
      vertex -0.156346647364883 0.601131318785191 0.124720340701427
      vertex -0.145460474735501 0.606000539238236 0.127633534699933
   endloop
endfacet
facet normal -0.101877432318161 -0.924486919750968 -0.367348504820187
   outer loop
      vertex 0.211963767142864 0.859682209004374 -0.039501602768326
      vertex 0.197384809526016 0.864213461660566 -0.046861962229106
      vertex 0.209470274158757 0.864148944737524 -0.050051279834397
   endloop
endfacet
facet normal -0.421891798960862 0.883265769808298 0.204570012109600
   outer loop
      vertex 0.069756042772733 0.731359779546239 0.186278876442509
      vertex 0.064803052219404 0.731651230704469 0.174805763143976
      vertex 0.056263586669129 0.726815556811820 0.178073371789394
   endloop
endfacet
facet normal -0.084192139252343 0.932156584856020 0.352130352281192
   outer loop
      vertex 0.216295908214482 0.813497756245876 0.082238909739848
      vertex 0.219795872205186 0.817940667203903 0.071314491481524
      vertex 0.207791049458305 0.818169347343687 0.067838854125637
   endloop
endfacet
facet normal 0.394055653513210 -0.904688791527898 0.162044229820343
   outer loop
      vertex -0.102021574980814 0.644020899234344 0.204793372005670
      vertex -0.096811230295080 0.644255639026591 0.193433514741788
      vertex -0.087271271884800 0.649152545645114 0.197573754636962
   endloop
endfacet
facet normal -0.979783739314468 0.006864494448314 -0.199941748744295
   outer loop
      vertex -0.242512408685530 0.518269846907072 -0.044565370437506
      vertex -0.240198261526113 0.515177294095903 -0.056011667087178
      vertex -0.240199406512741 0.513615882843612 -0.056059663364359
   endloop
endfacet
facet normal 0.960081426592377 -0.004809065157852 -0.279679329240926
   outer loop
      vertex 0.218385854073874 0.870068405256406 -0.064225728383902
      vertex 0.221581122532808 0.867084023754368 -0.053205714878209
      vertex 0.221568529648630 0.865584277759402 -0.053223155630837
   endloop
endfacet
facet normal 0.477980293693940 0.017849127666093 -0.878189186611754
   outer loop
      vertex -0.094595488404566 0.644645626317623 0.166757176356482
      vertex -0.094605086952719 0.642240597863521 0.166703070046011
      vertex -0.102626253459707 0.637334011634300 0.162237588272182
   endloop
endfacet
facet normal -0.994580017848771 0.004811708462202 -0.103862580160577
   outer loop
      vertex -0.245467248209182 0.525921830518998 -0.021355318384091
      vertex -0.244268695059621 0.522923023569654 -0.032971498107267
      vertex -0.244271333536732 0.521299387546186 -0.033021451483868
   endloop
endfacet
facet normal 0.140173975952600 -0.921455214346800 0.362314151557364
   outer loop
      vertex -0.215047034297623 0.572420456906207 0.088309348313936
      vertex -0.230908446686373 0.567659494846334 0.082337580257619
      vertex -0.219182265448102 0.567741408727137 0.078009221932185
   endloop
endfacet
facet normal -0.960132516199553 0.004198166719040 0.279513732636725
   outer loop
      vertex 0.170727493158595 0.870263147988034 -0.049112340052121
      vertex 0.170715800054284 0.868763421994560 -0.049129980795080
      vertex 0.173213682287581 0.864342391556695 -0.040483328074747
   endloop
endfacet
facet normal 0.441280159463507 0.016779921971262 -0.897212491599677
   outer loop
      vertex 0.103201892557882 0.943219265565812 -0.200673630927272
      vertex 0.092877223297226 0.946173576244142 -0.205696408293038
      vertex 0.092881014596760 0.947673315524473 -0.205666495052177
   endloop
endfacet
facet normal -0.063142798053842 0.920490239506598 -0.385630271149736
   outer loop
      vertex -0.228524235308621 0.557431292765655 0.046172612209478
      vertex -0.218259868709788 0.552739299529855 0.033292257174390
      vertex -0.230604811390034 0.552714502188267 0.035254417742054
   endloop
endfacet
facet normal 0.113690491803346 0.931130088778508 0.346512957686781
   outer loop
      vertex 0.206482929966771 0.871616916410538 -0.060429739501403
      vertex 0.218397545190652 0.871568231224543 -0.064208086584389
      vertex 0.214675335999540 0.876053732777569 -0.075040021097918
   endloop
endfacet
facet normal 0.861502136990306 0.009395468457506 -0.507667010089882
   outer loop
      vertex -0.167745177259687 0.588977952520208 0.098288896955267
      vertex -0.172414224360146 0.582171473956288 0.090239636262349
      vertex -0.172403450237864 0.584200412241248 0.090295469622534
   endloop
endfacet
facet normal 0.184480589853146 -0.890570609705625 0.415753413811585
   outer loop
      vertex -0.176681329363730 0.577434632064540 0.082027243825248
      vertex -0.186297316364632 0.572659001878738 0.076064399384300
      vertex -0.180547433971399 0.572706770299260 0.073615350235754
   endloop
endfacet
facet normal 0.716548574180101 0.007842139992311 -0.697493112281982
   outer loop
      vertex 0.158831771267967 0.914913293400121 -0.160717073399151
      vertex 0.166851878293172 0.911934443033933 -0.152511349799430
      vertex 0.166846786918147 0.910434695282942 -0.152533442418067
   endloop
endfacet
facet normal 0.322574771850692 -0.887155020663272 0.330002251321750
   outer loop
      vertex -0.139041009078148 0.610795837699840 0.134249899973874
      vertex -0.150047502235564 0.605911406079529 0.131877700957714
      vertex -0.145460474735501 0.606000539238236 0.127633534699933
   endloop
endfacet
facet normal 0.185833881221489 -0.912328722767483 0.364858973034255
   outer loop
      vertex -0.199172735990600 0.577217361002569 0.092939318418577
      vertex -0.203547167522217 0.572515894703891 0.083411348954541
      vertex -0.187926983680809 0.577326047514709 0.087483281650106
   endloop
endfacet
facet normal -0.076460137461500 -0.922880627531626 0.377419123397583
   outer loop
      vertex -0.217940407588992 0.516519574818641 -0.040021806716078
      vertex -0.230227306517872 0.516598450252133 -0.042318100988921
      vertex -0.228040317862550 0.511961069379147 -0.053214558698670
   endloop
endfacet
facet normal -0.136642320105335 -0.897497055834264 -0.419318388727538
   outer loop
      vertex 0.170715800054284 0.868763421994560 -0.049129980795080
      vertex 0.167793915274632 0.873185408569104 -0.057642526183446
      vertex 0.182630315297921 0.868714734820920 -0.052908327877901
   endloop
endfacet
facet normal 0.823079018238317 -0.021633274306874 0.567514696883361
   outer loop
      vertex 0.190366009682151 0.785618603186027 0.133672569892496
      vertex 0.183738353137914 0.782341507457585 0.143159884953052
      vertex 0.183714863625538 0.780655332552596 0.143129676467601
   endloop
endfacet
facet normal 0.928232643472335 -0.002278308853366 -0.371993237708872
   outer loop
      vertex 0.210413413235647 0.879040337506508 -0.085693064862386
      vertex 0.214675335999540 0.876053732777569 -0.075040021097918
      vertex 0.214664544683794 0.874553925754582 -0.075057762893342
   endloop
endfacet
facet normal -0.944352064796244 -0.004817785156537 0.328901150288740
   outer loop
      vertex -0.230889572287129 0.571529879010832 0.082448466939662
      vertex -0.234721141004387 0.566810394975214 0.071378006144714
      vertex -0.230899009486751 0.569594686928582 0.082393023598640
   endloop
endfacet
facet normal 0.136660459530621 0.897467388551036 0.419375971281454
   outer loop
      vertex 0.173238966048647 0.867341985508936 -0.040448445513102
      vertex 0.182653699497843 0.871714287838871 -0.052873145329848
      vertex 0.170739184254206 0.871762975012513 -0.049094798247028
   endloop
endfacet
facet normal 0.823078183830155 -0.021627439508920 0.567516129429941
   outer loop
      vertex 0.190389517245238 0.787273683551770 0.133701549840920
      vertex 0.183738353137914 0.782341507457585 0.143159884953052
      vertex 0.190366009682151 0.785618603186027 0.133672569892496
   endloop
endfacet
facet normal 0.749896810807772 0.007149938431570 -0.661516176310721
   outer loop
      vertex 0.166846786918147 0.910434695282942 -0.152533442418067
      vertex 0.174448068956960 0.905953708126912 -0.143965037623661
      vertex 0.166841597550410 0.908934845569642 -0.152555536093091
   endloop
endfacet
facet normal 0.945357966959232 -0.003008374551511 -0.326020342907105
   outer loop
      vertex 0.214664544683794 0.874553925754582 -0.075057762893342
      vertex 0.218385854073874 0.870068405256406 -0.064225728383902
      vertex 0.214653653387805 0.873054116743950 -0.075075504688601
   endloop
endfacet
facet normal -0.446256840952237 0.883911530779881 0.139840043112473
   outer loop
      vertex 0.041961214271253 0.716867889835947 0.195411085466509
      vertex 0.038747928976382 0.717156193025578 0.183334536998316
      vertex 0.029815827251739 0.712333422315101 0.185314593185592
   endloop
endfacet
facet normal -0.917236488499611 0.020155779157817 -0.397832840187237
   outer loop
      vertex 0.165690857783320 0.808036026705582 0.074463992544919
      vertex 0.161951814511400 0.801546859431096 0.082755899007514
      vertex 0.161975076328223 0.803108648103479 0.082781393334197
   endloop
endfacet
facet normal 0.998196158855190 -0.012769963560390 0.058663075928659
   outer loop
      vertex 0.229013151171155 0.838726480336711 0.014862058752887
      vertex 0.228283885642693 0.834260917309199 0.026298979874687
      vertex 0.228995059119539 0.837226637697350 0.014843418076367
   endloop
endfacet
facet normal 0.061797938037043 -0.908789408726764 -0.412653396254568
   outer loop
      vertex 0.186226801629735 0.820033896637243 0.051543104956306
      vertex 0.175966501501192 0.824645067970421 0.039851333836056
      vertex 0.188254522788671 0.824444331763082 0.042133639824198
   endloop
endfacet
facet normal -0.116971661596471 -0.897545404550700 -0.425123366981022
   outer loop
      vertex 0.173213682287581 0.864342391556695 -0.040483328074747
      vertex 0.170715800054284 0.868763421994560 -0.049129980795080
      vertex 0.185299244913034 0.864277976595963 -0.043672644623650
   endloop
endfacet
facet normal 0.320965210053608 0.925111812685291 0.202853316377569
   outer loop
      vertex 0.100677397120153 0.938391527034759 -0.173581761819678
      vertex 0.106969950984931 0.938576235239237 -0.184380533335781
      vertex 0.097446830467925 0.943020213787616 -0.189579298099163
   endloop
endfacet
facet normal 0.404500399300106 -0.914520712766931 -0.005594004497588
   outer loop
      vertex -0.017056272661961 0.682856707393310 0.225913405584840
      vertex -0.028028477681362 0.678008561358054 0.225103369805960
      vertex -0.016615896446024 0.683127885176618 0.213424079822083
   endloop
endfacet
facet normal 0.749759530861742 0.006608795178636 -0.661677390960479
   outer loop
      vertex 0.166846786918147 0.910434695282942 -0.152533442418067
      vertex 0.174453658080575 0.907453574030259 -0.143943723905763
      vertex 0.174448068956960 0.905953708126912 -0.143965037623661
   endloop
endfacet
facet normal -0.294767374093652 0.907406977817719 -0.299540935061715
   outer loop
      vertex -0.156508490810273 0.614853943184668 0.152218767658619
      vertex -0.154611004935103 0.610193275429124 0.136232841159165
      vertex -0.163785063889128 0.610015208004696 0.144721275782251
   endloop
endfacet
facet normal 0.373451072455760 -0.905994617100979 0.199268788990380
   outer loop
      vertex -0.121549531857124 0.634284857702224 0.194557288160676
      vertex -0.115245179956961 0.634510031266038 0.183766030019242
      vertex -0.106143767564410 0.639374784696127 0.188827074488040
   endloop
endfacet
facet normal 0.623397536273718 -0.023021443977776 0.781566071989462
   outer loop
      vertex 0.143966351072695 0.757755346826050 0.184998724697174
      vertex 0.134846714683165 0.752857420054842 0.192128514115988
      vertex 0.143943657680521 0.755913411101671 0.184962570344610
   endloop
endfacet
facet normal 0.386098191465010 -0.922435384143789 -0.006414719553470
   outer loop
      vertex -0.017496648877897 0.682585529610002 0.238402731347597
      vertex -0.029083558335830 0.677741556286341 0.237555867702537
      vertex -0.017056272661961 0.682856707393310 0.225913405584840
   endloop
endfacet
facet normal 0.313178213538421 -0.911682445575339 -0.265997227419109
   outer loop
      vertex 0.118269547014131 0.746351565845535 0.188477895093142
      vertex 0.119641939152564 0.751561349685761 0.172237631252415
      vertex 0.127233091204327 0.751272772279642 0.182164330185477
   endloop
endfacet
facet normal -0.019209530898253 -0.898855740294800 0.437823425665824
   outer loop
      vertex -0.196135787898543 0.530407441145618 -0.007735116502018
      vertex -0.202381165879466 0.530424736569410 -0.007973625188894
      vertex -0.201883543170270 0.525748837260213 -0.017551458604105
   endloop
endfacet
facet normal -0.321753038130509 0.913849082675190 0.247699084672312
   outer loop
      vertex 0.125409235492773 0.749870262531024 0.198841631808895
      vertex 0.118313553859991 0.750160191623225 0.188554922185908
      vertex 0.109048099620098 0.745306888108847 0.194424943527072
   endloop
endfacet
facet normal 0.849836468970547 -0.021259814359062 0.526617504742380
   outer loop
      vertex 0.196566806336504 0.792209928921154 0.123932140653762
      vertex 0.190389517245238 0.787273683551770 0.133701549840920
      vertex 0.196543378715417 0.790586045056967 0.123904390298751
   endloop
endfacet
facet normal 0.364912931283263 -0.903154660277902 -0.226164126688041
   outer loop
      vertex 0.084148038563693 0.731911154484745 0.193473056123347
      vertex 0.087352444691574 0.737108311620094 0.177889207767498
      vertex 0.093406453916705 0.736816757008469 0.188821556742466
   endloop
endfacet
facet normal 0.526650527169184 0.013858339364780 -0.849968922174494
   outer loop
      vertex 0.123034752869311 0.932798734867810 -0.189223658972496
      vertex 0.123031062221760 0.931298964051060 -0.189250398790662
      vertex 0.113255221107225 0.935761525735982 -0.195234862515775
   endloop
endfacet
facet normal -0.294700876046945 0.921720372669746 0.252156594723809
   outer loop
      vertex 0.134868988094950 0.754730543398891 0.192165798068376
      vertex 0.143989044486035 0.759597281494086 0.185034979044155
      vertex 0.127277836022021 0.755019121861352 0.182238999140895
   endloop
endfacet
facet normal 0.259363701820615 0.019942106858282 -0.965573809996916
   outer loop
      vertex -0.051893979482133 0.666679437000258 0.183024998329598
      vertex -0.051903353527326 0.664242991649664 0.182972160172566
      vertex -0.060727401889310 0.659393083145563 0.180501758410263
   endloop
endfacet
facet normal 0.681788456509438 0.009622832502967 -0.731486091231472
   outer loop
      vertex 0.158831771267967 0.914913293400121 -0.160717073399151
      vertex 0.150418038422730 0.917889564098368 -0.168520018450389
      vertex 0.150422430302225 0.919389279661126 -0.168496195927154
   endloop
endfacet
facet normal -0.132891357038251 -0.892782548072706 0.430440714943811
   outer loop
      vertex -0.201322155178612 0.507106548000763 -0.057026607112753
      vertex -0.213326571898242 0.507214182450252 -0.060509523617165
      vertex -0.186644907603105 0.502314095055817 -0.062435340355181
   endloop
endfacet
facet normal -0.243205434454504 0.893104414367736 -0.378438398803106
   outer loop
      vertex -0.167857358523680 0.595783890556714 0.109623547336609
      vertex -0.167734125497614 0.591038204989123 0.098344661037650
      vertex -0.173062242462736 0.590971280768995 0.101610864173516
   endloop
endfacet
facet normal -0.024100548534405 0.912177166632538 -0.409086763700045
   outer loop
      vertex -0.233173469569031 0.543292000017618 0.013169594897314
      vertex -0.220695911818576 0.543287272373392 0.012423962277691
      vertex -0.221155881379675 0.538566171913011 0.001924002602252
   endloop
endfacet
facet normal 0.132534441459437 -0.022587669541089 0.990920995343089
   outer loop
      vertex 0.028827399170524 0.704194001540373 0.236141459289259
      vertex 0.017325917921941 0.701578420018523 0.237620146802239
      vertex 0.017310082101788 0.699361355131299 0.237571727667242
   endloop
endfacet
facet normal -0.380132305796101 0.888524115617885 -0.256951991733076
   outer loop
      vertex -0.113828710429430 0.634674813634882 0.162670293369661
      vertex -0.117971351956672 0.629875454022486 0.152202988325016
      vertex -0.121639357649360 0.629769270740258 0.157262225445273
   endloop
endfacet
facet normal 0.445975058241159 -0.894669611246048 -0.025933263189184
   outer loop
      vertex -0.006411781923119 0.688258632309446 0.201192135449973
      vertex -0.016175520230087 0.683399062959926 0.200934754059325
      vertex -0.006586901565524 0.688533545800598 0.188696379068975
   endloop
endfacet
facet normal -0.377133112494345 0.915090229747143 0.142760242650565
   outer loop
      vertex 0.062783535912810 0.720824677927366 0.228534324156363
      vertex 0.058980505479376 0.721114435969482 0.216630425521488
      vertex 0.048387686847114 0.716291182550721 0.219564081352088
   endloop
endfacet
facet normal 0.136951831784899 -0.909767343462081 -0.391876991593930
   outer loop
      vertex 0.196053789752610 0.800786546578547 0.098335618925536
      vertex 0.188882438431931 0.806009323687098 0.083704390559820
      vertex 0.200489868679419 0.805761319772596 0.088336672464891
   endloop
endfacet
facet normal 0.279916862612545 0.916974876091751 0.284259787239890
   outer loop
      vertex 0.132653461814904 0.916084647003240 -0.133852309365411
      vertex 0.141381096178264 0.916194072159021 -0.142799590204462
      vertex 0.133870243838983 0.920639382032418 -0.149743320329482
   endloop
endfacet
facet normal -0.054605217876462 0.925284812490793 0.375321576723937
   outer loop
      vertex 0.210591849130337 0.822603550438839 0.057350716222841
      vertex 0.225159974569939 0.826841668518009 0.049021936791073
      vertex 0.212871955248826 0.827042305807025 0.046739529751959
   endloop
endfacet
facet normal 0.956380592320837 -0.008726127179692 0.291993180291061
   outer loop
      vertex -0.189317255244969 0.508529214635646 -0.053496722878219
      vertex -0.186644907603105 0.502314095055817 -0.062435340355181
      vertex -0.186645508711467 0.505312675236728 -0.062343759858809
   endloop
endfacet
facet normal -0.217296440264545 0.899609405886326 -0.378794368872094
   outer loop
      vertex -0.194321260078745 0.585986437839923 0.102353848449717
      vertex -0.183356918107041 0.586107895176889 0.096352575716135
      vertex -0.187906192748515 0.581321395941461 0.087594688005296
   endloop
endfacet
facet normal -0.527475884129265 -0.014467592795672 0.849446808470518
   outer loop
      vertex 0.095771865474106 0.930618816865959 -0.147341565235974
      vertex 0.088088696517828 0.936522452647454 -0.152011987091782
      vertex 0.088085105631745 0.935022694736699 -0.152039760452422
   endloop
endfacet
facet normal 0.198490898123839 -0.918357998306859 -0.342373991868265
   outer loop
      vertex 0.183714863625538 0.780655332552596 0.143129676467601
      vertex 0.179879404468324 0.785886369067524 0.126874738627893
      vertex 0.190366009682151 0.785618603186027 0.133672569892496
   endloop
endfacet
facet normal 0.982802893726840 -0.006683576762255 -0.184536722317844
   outer loop
      vertex 0.224218158036149 0.862601532141296 -0.042059301323041
      vertex 0.226302543173419 0.858121122413267 -0.030796042277431
      vertex 0.224204665308606 0.861101769313864 -0.042076842068594
   endloop
endfacet
facet normal -0.458111001363778 0.023336133003806 -0.888588619849425
   outer loop
      vertex 0.081319648939884 0.739366554297385 0.166997731532900
      vertex 0.073127527808325 0.732494575977083 0.171040699599944
      vertex 0.073148219291268 0.734492551762122 0.171082503008020
   endloop
endfacet
facet normal 0.080926621049384 0.912193160275905 -0.401689582079727
   outer loop
      vertex -0.219497092937274 0.524418127642966 -0.029534056107975
      vertex -0.205649613209407 0.519625647816313 -0.037627463851773
      vertex -0.217936612118529 0.519704521262160 -0.039923758124450
   endloop
endfacet
facet normal -0.397194328198210 0.917102605111993 -0.034051099012639
   outer loop
      vertex -0.028003787755483 0.682693256171558 0.225205856692398
      vertex -0.037261212835561 0.678174010672802 0.211473110963714
      vertex -0.038928806742997 0.677911641030784 0.223858583732681
   endloop
endfacet
facet normal -0.294390467919750 0.907668895073789 -0.299117751585422
   outer loop
      vertex -0.172959020896542 0.609837043649591 0.153209609354201
      vertex -0.163785063889128 0.610015208004696 0.144721275782251
      vertex -0.170693890032887 0.605187799394164 0.136872206090099
   endloop
endfacet
facet normal 0.082198166793211 -0.922157077138867 0.377981198551644
   outer loop
      vertex -0.225936190619626 0.558406534056646 0.056862462967188
      vertex -0.240773608230647 0.553708649778071 0.048627718171885
      vertex -0.228539629846326 0.553748106420335 0.046063502338956
   endloop
endfacet
facet normal 0.371528172218118 -0.885281533406181 0.279720260006788
   outer loop
      vertex -0.117993392432222 0.625253701098019 0.152093565372150
      vertex -0.129204324328782 0.620319013102008 0.151366370568336
      vertex -0.125291596263358 0.620421487646882 0.146493752888517
   endloop
endfacet
facet normal 0.681684192943736 0.009054318297609 -0.731590514161312
   outer loop
      vertex 0.158831771267967 0.914913293400121 -0.160717073399151
      vertex 0.158827079636121 0.913413562472985 -0.160740005971565
      vertex 0.150418038422730 0.917889564098368 -0.168520018450389
   endloop
endfacet
facet normal 0.349334756126084 -0.920663991695326 -0.174192544495906
   outer loop
      vertex 0.073758353049791 0.721531282902470 0.224795956673227
      vertex 0.079621784832416 0.726718354321282 0.209139434899006
      vertex 0.084574675426667 0.726426900119064 0.220612648192124
   endloop
endfacet
facet normal -0.343593561649591 0.914257900603276 0.214653105212666
   outer loop
      vertex 0.105556595313384 0.740167222128314 0.210767602309067
      vertex 0.099502686089664 0.740458777671242 0.199835353328353
      vertex 0.089699527930661 0.735615342339857 0.204772840673173
   endloop
endfacet
facet normal -0.716994963039664 -0.008416228517792 0.697027538963338
   outer loop
      vertex 0.123925729458832 0.915975119885151 -0.124905029582747
      vertex 0.123921039814518 0.914475288983349 -0.124927963211715
      vertex 0.130222279684053 0.910058789476581 -0.118499541481165
   endloop
endfacet
facet normal 0.106656571131805 -0.913493905860192 0.392623559902736
   outer loop
      vertex -0.213842575394519 0.558460301118969 0.053702294746971
      vertex -0.216305699443428 0.553787461037768 0.043499385443974
      vertex -0.201748860189169 0.558514070168937 0.050542126526590
   endloop
endfacet
facet normal 0.039733749916501 -0.917632832936703 -0.395438001504829
   outer loop
      vertex 0.214586280462917 0.828486005014746 0.035991317356962
      vertex 0.202200927880668 0.828672305619408 0.034314513278342
      vertex 0.203359039719291 0.833104689456080 0.024145321659849
   endloop
endfacet
facet normal 0.067611025164923 0.924652132076397 0.374762836901849
   outer loop
      vertex 0.201623066052122 0.858312713029527 -0.026816572525681
      vertex 0.213962805606537 0.858216867734066 -0.028806307929833
      vertex 0.211990852535861 0.862681738759568 -0.039466721266223
   endloop
endfacet
facet normal -0.066211905761856 0.911894694924650 -0.405048205654169
   outer loop
      vertex -0.230604811390034 0.552714502188267 0.035254417742054
      vertex -0.218259868709788 0.552739299529855 0.033292257174390
      vertex -0.219729804580234 0.548011504932771 0.022888745943822
   endloop
endfacet
facet normal 0.401599202013359 -0.915158459899591 0.034685360261112
   outer loop
      vertex -0.040619140662350 0.672901711706942 0.236140405069567
      vertex -0.038951546754914 0.673164081348959 0.223754932300599
      vertex -0.028028477681362 0.678008561358054 0.225103369805960
   endloop
endfacet
facet normal 0.887635941460676 0.000879692803735 -0.460544961505162
   outer loop
      vertex 0.200364525332447 0.888014198017712 -0.106270511790097
      vertex 0.205642871092281 0.883527174475549 -0.096105809976260
      vertex 0.200356235277513 0.886514352330957 -0.106289354584827
   endloop
endfacet
facet normal -0.388185797672651 0.903221720971438 -0.183036360460542
   outer loop
      vertex -0.096793285619553 0.649128693705451 0.193541093064235
      vertex -0.100360029446918 0.644415234489148 0.177846181735523
      vertex -0.106124472517725 0.644184945679324 0.188935088176533
   endloop
endfacet
facet normal 0.838353516684261 0.002847022769895 -0.545119505727396
   outer loop
      vertex 0.188337081077248 0.896986412652551 -0.125757526448501
      vertex 0.194598782877918 0.894000527775881 -0.116143086334504
      vertex 0.194591292556990 0.892500703377633 -0.116162439102095
   endloop
endfacet
facet normal -0.323467102050639 0.915166364612946 -0.240498563347240
   outer loop
      vertex -0.156570535846202 0.624160842615139 0.185584355827636
      vertex -0.148745079715352 0.624365791704888 0.175839120467998
      vertex -0.157176416448234 0.619508749066154 0.168696699444126
   endloop
endfacet
facet normal 0.907104220500830 0.007014933579802 -0.420847625461346
   outer loop
      vertex -0.176670934891349 0.579432356265247 0.082082947531119
      vertex -0.176681329363730 0.577434632064540 0.082027243825248
      vertex -0.180547433971399 0.572706770299260 0.073615350235754
   endloop
endfacet
facet normal -0.128238690863604 0.911235113578595 -0.391414621529389
   outer loop
      vertex -0.222796843578118 0.566878418712935 0.067629291511541
      vertex -0.210872544143150 0.566946341419650 0.063880675816233
      vertex -0.213825819603346 0.562205823358636 0.053812062846246
   endloop
endfacet
facet normal 0.874560005759864 -0.020913838667476 0.484466105808752
   outer loop
      vertex 0.202279359991127 0.798743199183353 0.113901785311896
      vertex 0.196590231970060 0.793833912760005 0.123959892065327
      vertex 0.202256016265938 0.797150312927736 0.113875162442772
   endloop
endfacet
facet normal 0.042594378727644 -0.922476018549937 0.383697425194726
   outer loop
      vertex -0.230618946599714 0.549093747611626 0.035146167145838
      vertex -0.244594834295385 0.544432989160961 0.025492352962571
      vertex -0.232168630394633 0.544442987096437 0.024136952729899
   endloop
endfacet
facet normal 0.413257929910018 -0.894400475746264 0.171072126167133
   outer loop
      vertex -0.091600885609347 0.644490378818838 0.182073657477905
      vertex -0.100379224534525 0.639605076549938 0.177738068052445
      vertex -0.088995712272713 0.644607698727629 0.176393728317689
   endloop
endfacet
facet normal -0.311953658246561 0.904459282626893 0.290926659446387
   outer loop
      vertex 0.135920635361422 0.759884018764588 0.175491983108626
      vertex 0.127852226236809 0.760170756035092 0.165948987173094
      vertex 0.119686685957790 0.755307599292808 0.172312299151278
   endloop
endfacet
facet normal 0.794329223045485 -0.021924254215314 0.607091766121942
   outer loop
      vertex 0.183714863625538 0.780655332552596 0.143129676467601
      vertex 0.176628714075168 0.777413548739623 0.152284243016584
      vertex 0.176605342593749 0.775696281283033 0.152252805993943
   endloop
endfacet
facet normal -0.979085829036912 0.016853461407151 -0.202748366744839
   outer loop
      vertex 0.175987197416390 0.826144742268740 0.039871872289100
      vertex 0.174065724820145 0.820248699975866 0.048660687199116
      vertex 0.174087120766385 0.821748379736968 0.048682025606344
   endloop
endfacet
facet normal 0.459071491957997 -0.023312769525462 0.888093396016720
   outer loop
      vertex 0.105514370378023 0.736233746828580 0.210686155754701
      vertex 0.095189140800591 0.733325707846146 0.215947116060574
      vertex 0.095168549297893 0.731327734048751 0.215905312652332
   endloop
endfacet
facet normal 0.129891121148339 -0.918032100890148 -0.374626958963245
   outer loop
      vertex 0.200489868679419 0.805761319772596 0.088336672464891
      vertex 0.188882438431931 0.806009323687098 0.083704390559820
      vertex 0.216250314125631 0.810498479072569 0.082192634187533
   endloop
endfacet
facet normal 0.422591112126152 -0.893691614552487 0.150771515978820
   outer loop
      vertex -0.082627909222417 0.649390787508177 0.185970640799278
      vertex -0.091600885609347 0.644490378818838 0.182073657477905
      vertex -0.080306226897458 0.649509858452376 0.180169083352158
   endloop
endfacet
facet normal -0.521636682234594 -0.017221798397076 0.852993892948394
   outer loop
      vertex -0.127833540246543 0.638807044381329 0.205457096408118
      vertex -0.137728923961298 0.633907710348006 0.199306793906805
      vertex -0.127843760977105 0.636433312222373 0.205402920821338
   endloop
endfacet
facet normal -0.458113557472859 0.023340015445421 -0.888587200075811
   outer loop
      vertex 0.081319648939884 0.739366554297385 0.166997731532900
      vertex 0.081298535467854 0.737399867163021 0.166956958786784
      vertex 0.073127527808325 0.732494575977083 0.171040699599944
   endloop
endfacet
facet normal 0.204715284803926 -0.911961667315436 0.355552484894842
   outer loop
      vertex -0.194342908282387 0.581928558226014 0.102242281723931
      vertex -0.199172735990600 0.577217361002569 0.092939318418577
      vertex -0.183378566331850 0.582050016619323 0.096240908995930
   endloop
endfacet
facet normal -0.266897243176552 -0.924642959598793 -0.271663871078105
   outer loop
      vertex 0.150099447260293 0.913304037342540 -0.151792726189067
      vertex 0.142139899223845 0.917764760378467 -0.159155481913978
      vertex 0.158827079636121 0.913413562472985 -0.160740005971565
   endloop
endfacet
facet normal -0.501168647603895 0.023338181952904 -0.865034863992207
   outer loop
      vertex 0.089299597081305 0.746179689925068 0.162558264664116
      vertex 0.081319648939884 0.739366554297385 0.166997731532900
      vertex 0.081340860404626 0.741333343394058 0.167038505335403
   endloop
endfacet
facet normal -0.417453185216290 0.892071294926018 -0.173036536378278
   outer loop
      vertex -0.096793285619553 0.649128693705451 0.193541093064235
      vertex -0.091582940933820 0.649363433497698 0.182181235800353
      vertex -0.100360029446918 0.644415234489148 0.177846181735523
   endloop
endfacet
facet normal 0.807797497788595 0.011091906789250 -0.589355726340437
   outer loop
      vertex -0.157302795367447 0.598562478005438 0.113541183358609
      vertex -0.157314302450026 0.596439600212601 0.113485457837248
      vertex -0.162718855184138 0.591673789742996 0.105988040058306
   endloop
endfacet
facet normal -0.450062539539467 0.885929345400403 -0.112128967986415
   outer loop
      vertex -0.064187169330812 0.664082251734135 0.192612400349840
      vertex -0.060710607793785 0.664329043946111 0.180608101410987
      vertex -0.069404151858814 0.659545584516969 0.177708149978782
   endloop
endfacet
facet normal -0.180598275125436 0.903024668006354 0.389782903670403
   outer loop
      vertex 0.174977574110237 0.794360531149429 0.111405528851045
      vertex 0.191179219231462 0.799001712442887 0.108159845108424
      vertex 0.180079078471797 0.799260225702421 0.102417904904953
   endloop
endfacet
facet normal 0.254119880357213 0.924634917907443 0.283678259642031
   outer loop
      vertex 0.164891239045908 0.907375254204236 -0.135894557923460
      vertex 0.166851878293172 0.911934443033933 -0.152511349799430
      vertex 0.157695751982590 0.911840441535860 -0.144002869829623
   endloop
endfacet
facet normal -0.360929160746215 0.905291425781631 0.224003516332433
   outer loop
      vertex 0.099502686089664 0.740458777671242 0.199835353328353
      vertex 0.093448778832311 0.740750234295849 0.188903003296665
      vertex 0.084189321549333 0.735907104067181 0.193556662939664
   endloop
endfacet
facet normal 0.175035362960090 0.931060522854607 0.320138914371770
   outer loop
      vertex 0.189423960971742 0.889499021382253 -0.100222023638680
      vertex 0.200372817370681 0.889513943941071 -0.106251690050805
      vertex 0.194598782877918 0.894000527775881 -0.116143086334504
   endloop
endfacet
facet normal 0.987683197001768 -0.015163597238985 0.155730432732785
   outer loop
      vertex 0.226991528970243 0.829799370201633 0.037687959929027
      vertex 0.225139278654741 0.825341994219689 0.049001398338029
      vertex 0.226971633045166 0.828299704410083 0.037668121435583
   endloop
endfacet
facet normal -0.294164335906777 -0.908092580748249 -0.298052358270337
   outer loop
      vertex 0.132643980560616 0.913085083081022 -0.133898165567185
      vertex 0.125583424836419 0.917514949225318 -0.140426430952815
      vertex 0.141371714904221 0.913194510224449 -0.142845446406403
   endloop
endfacet
facet normal 0.096851063637028 0.920999264972910 -0.377333043069031
   outer loop
      vertex -0.228038087856274 0.515083889634801 -0.053118466149791
      vertex -0.225330224159038 0.510382516124202 -0.063898603598869
      vertex -0.240198261526113 0.515177294095903 -0.056011667087178
   endloop
endfacet
facet normal -0.388649700859014 0.905924150391666 0.168085822600648
   outer loop
      vertex 0.069413884813256 0.725943069838597 0.213181131493227
      vertex 0.065030519421609 0.726233866477767 0.201478577904461
      vertex 0.055177475045942 0.721404194011598 0.204726526886612
   endloop
endfacet
facet normal -0.267252874506969 0.903875930228672 0.334042218620663
   outer loop
      vertex 0.159721632953647 0.774517756673090 0.152826062430873
      vertex 0.150342522530854 0.774796670263764 0.144567532974851
      vertex 0.143199336074693 0.769915905882963 0.152059305546920
   endloop
endfacet
facet normal 0.971582944655930 0.002589983612833 -0.236685178324707
   outer loop
      vertex -0.189646769075764 0.560440700313403 0.047436843412398
      vertex -0.189655146971351 0.558567939193570 0.047381959362761
      vertex -0.191837740666089 0.553866273291289 0.038371052715979
   endloop
endfacet
facet normal 0.234733858105576 -0.901147430199931 0.364463063839028
   outer loop
      vertex -0.173041285498191 0.591528026920667 0.113035878588746
      vertex -0.189068998852847 0.586650099295194 0.111297746484563
      vertex -0.178412664921193 0.586783948666752 0.104765440207084
   endloop
endfacet
facet normal 0.607007219813381 0.011504528179783 -0.794613038482122
   outer loop
      vertex 0.141642864136952 0.925362152774324 -0.175827252839580
      vertex 0.141638871979470 0.923862455091761 -0.175852015311011
      vertex 0.132502309790605 0.928332353284738 -0.182766745974994
   endloop
endfacet
facet normal 0.121097011424896 -0.921717723149790 0.368472458476242
   outer loop
      vertex -0.219182265448102 0.567741408727137 0.078009221932185
      vertex -0.234739056101006 0.563002440841828 0.071267578759803
      vertex -0.222814758674736 0.563070464579549 0.067518864126630
   endloop
endfacet
facet normal -0.362112477329049 0.914676128385679 0.179560947658461
   outer loop
      vertex 0.084614916461176 0.730485323052896 0.220698315276140
      vertex 0.079661925907847 0.730776774211127 0.209225201977606
      vertex 0.069413884813256 0.725943069838597 0.213181131493227
   endloop
endfacet
facet normal 0.115171535307704 -0.897636311209055 0.425422813508944
   outer loop
      vertex -0.193003963099659 0.563240423358495 0.058147226478690
      vertex -0.201748860189169 0.558514070168937 0.050542126526590
      vertex -0.195702004574026 0.558541054668585 0.048962043472953
   endloop
endfacet
facet normal 0.147779592667872 -0.917901627504630 -0.368263213225633
   outer loop
      vertex 0.202232670553217 0.795557526646783 0.113848540630202
      vertex 0.196053789752610 0.800786546578547 0.098335618925536
      vertex 0.207421180816942 0.800533143963130 0.103528825918812
   endloop
endfacet
facet normal -0.960101851703441 0.004213568455132 0.279618812307933
   outer loop
      vertex 0.170739184254206 0.871762975012513 -0.049094798247028
      vertex 0.170727493158595 0.870263147988034 -0.049112340052121
      vertex 0.173226273184226 0.865842237526326 -0.040465886265565
   endloop
endfacet
facet normal 0.623399048822544 -0.023063864050043 0.781563614878679
   outer loop
      vertex 0.143989044486035 0.759597281494086 0.185034979044155
      vertex 0.134868988094950 0.754730543398891 0.192165798068376
      vertex 0.143966351072695 0.757755346826050 0.184998724697174
   endloop
endfacet
facet normal 0.284630639304560 -0.891138862175440 -0.353350997578527
   outer loop
      vertex 0.134189582386860 0.766638620592954 0.143283903443742
      vertex 0.131537496873474 0.771857669378445 0.127985341875923
      vertex 0.140916707276512 0.771578757775417 0.136243871331779
   endloop
endfacet
facet normal -0.079313903259840 0.927958958937042 -0.364144854801178
   outer loop
      vertex -0.238013190025903 0.562098286451286 0.060132399286912
      vertex -0.228524235308621 0.557431292765655 0.046172612209478
      vertex -0.240758183720036 0.557391837776029 0.048736728047940
   endloop
endfacet
facet normal 0.088523973835994 0.916921361148103 0.389125588372950
   outer loop
      vertex 0.187536041617132 0.862842145908138 -0.034281361163417
      vertex 0.199763447076495 0.862761942333854 -0.036874041214820
      vertex 0.197409993306839 0.867213053625162 -0.046827079667296
   endloop
endfacet
facet normal 0.424518489807879 -0.905407120070091 -0.004690281187947
   outer loop
      vertex -0.016615896446024 0.683127885176618 0.213424079822083
      vertex -0.026973397026893 0.678275566429768 0.212650871909384
      vertex -0.016175520230087 0.683399062959926 0.200934754059325
   endloop
endfacet
facet normal 0.220644818457146 -0.896157630307446 0.384990085235655
   outer loop
      vertex -0.177896396329181 0.582110794746966 0.093240323154626
      vertex -0.182304156532853 0.577380340317795 0.084755212740468
      vertex -0.172414224360146 0.582171473956288 0.090239636262349
   endloop
endfacet
facet normal -0.416654601409726 0.895767212246303 0.154919477757283
   outer loop
      vertex 0.055177475045942 0.721404194011598 0.204726526886612
      vertex 0.051374344632264 0.721693950066069 0.192822628251902
      vertex 0.041961214271253 0.716867889835947 0.195411085466509
   endloop
endfacet
facet normal 0.317859050823161 -0.924351465588074 0.211044999644574
   outer loop
      vertex -0.147337633895648 0.624404027746554 0.192567760204680
      vertex -0.156593222834967 0.619601796294183 0.185474595388873
      vertex -0.140001524517560 0.624616496273319 0.182449287020554
   endloop
endfacet
facet normal -0.390347949791212 -0.018676119303689 0.920477963159115
   outer loop
      vertex -0.096541500876743 0.653611907274861 0.220887224206763
      vertex -0.107214074971265 0.648659212133312 0.216260807592166
      vertex -0.096549749032572 0.651143984068754 0.220833653256756
   endloop
endfacet
facet normal -0.275746760844894 0.023105795796440 -0.960952572234531
   outer loop
      vertex 0.047571314198830 0.721983708108185 0.180918729617026
      vertex 0.038729725312913 0.715033077482654 0.183288710935488
      vertex 0.038747928976382 0.717156193025578 0.183334536998316
   endloop
endfacet
facet normal 0.286214589576405 -0.919450289497716 -0.269615232982441
   outer loop
      vertex 0.134824241289724 0.750984293791844 0.192091130169514
      vertex 0.135875248555908 0.756200148372173 0.175419574409079
      vertex 0.143943657680521 0.755913411101671 0.184962570344610
   endloop
endfacet
facet normal -0.017974679377251 -0.914336216498744 0.404556787237648
   outer loop
      vertex -0.208626543839223 0.530442030936860 -0.008212033881352
      vertex -0.221117297813534 0.530476521809781 -0.008689052311659
      vertex -0.220562310750242 0.525823033948581 -0.019181712190128
   endloop
endfacet
facet normal -0.059563649016310 -0.914205564111290 0.400849545669969
   outer loop
      vertex -0.220562310750242 0.525823033948581 -0.019181712190128
      vertex -0.231886878707291 0.521235221577031 -0.031327756113135
      vertex -0.219502351904146 0.521170957024564 -0.029634061799074
   endloop
endfacet
facet normal 0.436834718190726 -0.895530169372288 0.084859558844424
   outer loop
      vertex -0.054783185645089 0.663990601289024 0.195133282422561
      vertex -0.064203863446093 0.659146292921233 0.192506057348951
      vertex -0.051903353527326 0.664242991649664 0.182972160172566
   endloop
endfacet
facet normal 0.435484074008542 -0.881701917605975 0.181536083947154
   outer loop
      vertex -0.088995712272713 0.644607698727629 0.176393728317689
      vertex -0.086390438955836 0.644725020624067 0.170713799157305
      vertex -0.077984646540277 0.649629027383593 0.174367526961761
   endloop
endfacet
facet normal -0.305645415511995 -0.019514141153399 0.951945417695545
   outer loop
      vertex -0.074616755949181 0.663341977060522 0.228625298222790
      vertex -0.085663631248480 0.658581916335572 0.224980850522997
      vertex -0.074625104021755 0.660874048697744 0.228572027256204
   endloop
endfacet
facet normal 0.002983482069375 -0.917373387097132 -0.398016541717398
   outer loop
      vertex 0.216504570269470 0.837383633542794 0.014388294883362
      vertex 0.204014285376122 0.837540432357856 0.013933269571334
      vertex 0.204165064390441 0.841979543642651 0.003702858817604
   endloop
endfacet
facet normal -0.352696004769839 0.914751807360411 0.197065113985849
   outer loop
      vertex 0.089699527930661 0.735615342339857 0.204772840673173
      vertex 0.099502686089664 0.740458777671242 0.199835353328353
      vertex 0.084189321549333 0.735907104067181 0.193556662939664
   endloop
endfacet
facet normal 0.926578060407918 0.005907825388480 -0.376056106944004
   outer loop
      vertex -0.180527400330209 0.576639589526503 0.073726596220179
      vertex -0.180537417140221 0.574673179384711 0.073671023225176
      vertex -0.183994080640448 0.569922148590443 0.065079388194630
   endloop
endfacet
facet normal -0.365057758727826 0.904810551464200 -0.219204696007331
   outer loop
      vertex -0.130900348643095 0.634126880976263 0.188839279464526
      vertex -0.124071673365814 0.634346054648508 0.178371665027664
      vertex -0.132643472698968 0.629450617874925 0.172440035744072
   endloop
endfacet
facet normal -0.713501558490469 -0.013734455398683 0.700519015278368
   outer loop
      vertex -0.173999354705994 0.614478529568782 0.170077000999527
      vertex -0.182133077863034 0.609658876250498 0.161698042920734
      vertex -0.174010992816370 0.612261621050253 0.170021682242696
   endloop
endfacet
facet normal 0.060157931488423 0.912215333586910 -0.405270537354934
   outer loop
      vertex -0.220555486382682 0.529132333923874 -0.019080050439536
      vertex -0.207112566134131 0.524353863090500 -0.027840361793913
      vertex -0.219497092937274 0.524418127642966 -0.029534056107975
   endloop
endfacet
facet normal 0.070433618326338 0.916992668967493 0.392636664703303
   outer loop
      vertex 0.189283326497707 0.858408558324989 -0.024826837121529
      vertex 0.201623066052122 0.858312713029527 -0.026816572525681
      vertex 0.199763447076495 0.862761942333854 -0.036874041214820
   endloop
endfacet
facet normal 0.039220414933209 0.912210165370682 -0.407841112747181
   outer loop
      vertex -0.221109010013065 0.533848049128983 -0.008585733444852
      vertex -0.208102940680498 0.529082837154736 -0.017993248399233
      vertex -0.220555486382682 0.529132333923874 -0.019080050439536
   endloop
endfacet
facet normal 0.345861956795900 0.917610510140013 0.195883788308007
   outer loop
      vertex 0.085936710264284 0.942621910221686 -0.167390628856372
      vertex 0.091691770366306 0.942821061994615 -0.178484962527821
      vertex 0.082473477079714 0.947246638082385 -0.182940145800926
   endloop
endfacet
facet normal -0.415769402709591 0.906961197992149 0.067506955990883
   outer loop
      vertex 0.015923425049653 0.701859918378540 0.225202224116198
      vertex 0.014521034166310 0.702141317695197 0.212784400367856
      vertex 0.004169926036223 0.697339880786325 0.213540513950179
   endloop
endfacet
facet normal -0.747025645321557 -0.012888777462164 0.664670267612026
   outer loop
      vertex -0.182133077863034 0.609658876250498 0.161698042920734
      vertex -0.189854573520857 0.604851966022347 0.152926610291756
      vertex -0.182144740283051 0.607473376983993 0.161642555948733
   endloop
endfacet
facet normal -0.350443810289978 0.889821222525550 -0.292245321215888
   outer loop
      vertex -0.129181637318850 0.624878058366622 0.151476231001518
      vertex -0.132289873422887 0.620098739388970 0.140651498756727
      vertex -0.136437630241355 0.620000389949714 0.145325798689620
   endloop
endfacet
facet normal 0.018150652881136 0.912166815080455 -0.409416969929151
   outer loop
      vertex -0.221155881379675 0.538566171913011 0.001924002602252
      vertex -0.208618156079676 0.533813561300049 -0.008108815009130
      vertex -0.221109010013065 0.533848049128983 -0.008585733444852
   endloop
endfacet
facet normal -0.747026772317635 -0.013089600091893 0.664665076418289
   outer loop
      vertex -0.182156502683313 0.605287875729842 0.161587068976899
      vertex -0.189866258262983 0.602697776033202 0.152870954048032
      vertex -0.189877942983942 0.600543584987714 0.152815397798726
   endloop
endfacet
facet normal 0.520608293064093 0.017298429329878 -0.853620389596928
   outer loop
      vertex -0.102616132688224 0.639707740749269 0.162291863853547
      vertex -0.102626253459707 0.637334011634300 0.162237588272182
      vertex -0.110425067752674 0.632442069147839 0.157382092352819
   endloop
endfacet
facet normal -0.762956847987406 0.022210796528163 -0.646067743063145
   outer loop
      vertex 0.137539930658122 0.778515831166565 0.121125821444135
      vertex 0.137516559176703 0.776798563709975 0.121094384421494
      vertex 0.131537496873474 0.771857669378445 0.127985341875923
   endloop
endfacet
facet normal 0.677228281101195 0.014800569671380 -0.735624087706570
   outer loop
      vertex -0.132301389209743 0.617850522524383 0.140596449265872
      vertex -0.139041009078148 0.610795837699840 0.134249899973874
      vertex -0.139029368980239 0.613012646243706 0.134305217674151
   endloop
endfacet
facet normal -0.399034632475484 0.916574009706836 0.025757461347879
   outer loop
      vertex -0.006033156883563 0.692267969547064 0.226283508137301
      vertex 0.004959837249346 0.697061437770727 0.226012401585274
      vertex -0.006208276504802 0.692542881981875 0.213787851750723
   endloop
endfacet
facet normal -0.258292665685904 -0.019941648873939 0.965860874812236
   outer loop
      vertex -0.063403943866827 0.668106821837959 0.231722230774964
      vertex -0.074616755949181 0.663341977060522 0.228625298222790
      vertex -0.063413415904731 0.665670274525055 0.231669391561544
   endloop
endfacet
facet normal 0.677358490576527 0.014572414250233 -0.735508749089233
   outer loop
      vertex -0.132301389209743 0.617850522524383 0.140596449265872
      vertex -0.132312907005300 0.615602406690803 0.140541300837151
      vertex -0.139041009078148 0.610795837699840 0.134249899973874
   endloop
endfacet
facet normal -0.778745153960903 -0.011981118745983 0.627225986368553
   outer loop
      vertex -0.189854573520857 0.604851966022347 0.152926610291756
      vertex -0.197145119150609 0.600056853246300 0.143783290309633
      vertex -0.189866258262983 0.602697776033202 0.152870954048032
   endloop
endfacet
facet normal -0.066284711373873 0.911696969619902 -0.405481161860782
   outer loop
      vertex -0.216290204946646 0.557470650427077 0.043608395319912
      vertex -0.205915027976155 0.552764193802119 0.031330197657864
      vertex -0.218259868709788 0.552739299529855 0.033292257174390
   endloop
endfacet
facet normal -0.021405552162325 0.917402871602435 0.397383660348827
   outer loop
      vertex 0.202240717743291 0.831671737177170 0.034354191321783
      vertex 0.215850004668567 0.835932384655970 0.025251109610798
      vertex 0.203397129684928 0.836104098843629 0.024183899767509
   endloop
endfacet
facet normal -0.316019937224734 -0.917259178201348 -0.242419057175511
   outer loop
      vertex 0.117857229098132 0.926522224224081 -0.162531651817199
      vertex 0.109401463848907 0.930958890409917 -0.168295977413575
      vertex 0.125177874238674 0.926677396952192 -0.172662057633630
   endloop
endfacet
facet normal 0.561970535318709 0.016668135148617 -0.826989292980430
   outer loop
      vertex -0.110414422770328 0.634784398949011 0.157436536148522
      vertex -0.110425067752674 0.632442069147839 0.157382092352819
      vertex -0.117982423178336 0.627564626553762 0.152148277376942
   endloop
endfacet
facet normal 0.332024479051605 0.908471205614590 0.253849983020847
   outer loop
      vertex 0.118216339757229 0.924941802157798 -0.146549590419478
      vertex 0.117864811915215 0.929521691120259 -0.162480185925403
      vertex 0.110544166774674 0.929366518392148 -0.152349780108971
   endloop
endfacet
facet normal 0.561824717639628 0.016890250994914 -0.827083856734298
   outer loop
      vertex -0.110414422770328 0.634784398949011 0.157436536148522
      vertex -0.117982423178336 0.627564626553762 0.152148277376942
      vertex -0.117971351956672 0.629875454022486 0.152202988325016
   endloop
endfacet
facet normal -0.356141475912284 0.895430236933365 -0.267147786665881
   outer loop
      vertex -0.140919721556047 0.624570637775986 0.166093984046391
      vertex -0.133094365405441 0.624775584878089 0.156348748686919
      vertex -0.140585387080991 0.619902041566801 0.149999998628094
   endloop
endfacet
facet normal 0.315850545004970 0.917348688837413 0.242301086065132
   outer loop
      vertex 0.126025180555332 0.925081952319650 -0.156308807540847
      vertex 0.125185557033886 0.929676865941650 -0.172610601741443
      vertex 0.117864811915215 0.929521691120259 -0.162480185925403
   endloop
endfacet
facet normal -0.107902451675362 0.911279327396704 -0.397400362835589
   outer loop
      vertex -0.210872544143150 0.566946341419650 0.063880675816233
      vertex -0.201732106385530 0.562259692383269 0.050651895682417
      vertex -0.213825819603346 0.562205823358636 0.053812062846246
   endloop
endfacet
facet normal 0.250255487628257 0.907901184779906 0.336285042169862
   outer loop
      vertex 0.141839959762105 0.902720353938461 -0.104730110935334
      vertex 0.151785868202008 0.902782934038211 -0.112300577634696
      vertex 0.145766101035840 0.907218608589254 -0.119796225958354
   endloop
endfacet
facet normal -0.160181592834252 -0.931064896844310 -0.327810944267237
   outer loop
      vertex 0.210403521678602 0.877540551541355 -0.085711106642559
      vertex 0.194402249375666 0.882028423050260 -0.090638917525266
      vertex 0.205633779300991 0.882027408214391 -0.096124211737667
   endloop
endfacet
facet normal -0.128390208505408 0.911019955858393 -0.391865531002294
   outer loop
      vertex -0.207437007883735 0.571693611829407 0.073791649237491
      vertex -0.198948246716881 0.567014365157370 0.060131961183061
      vertex -0.210872544143150 0.566946341419650 0.063880675816233
   endloop
endfacet
facet normal 0.712599197235033 0.013761731132118 -0.701436382615155
   outer loop
      vertex -0.139017728882330 0.615229454787572 0.134360535374429
      vertex -0.139029368980239 0.613012646243706 0.134305217674151
      vertex -0.145448710347706 0.608185940517723 0.127689020615214
   endloop
endfacet
facet normal 0.640434376600980 0.015346982324290 -0.767859544058190
   outer loop
      vertex -0.125280300750398 0.622700908782532 0.146548732045846
      vertex -0.125291596263358 0.620421487646882 0.146493752888517
      vertex -0.132312907005300 0.615602406690803 0.140541300837151
   endloop
endfacet
facet normal 0.234454058154637 0.907865597205935 0.347579274446469
   outer loop
      vertex 0.147122693472917 0.898299143872567 -0.097443595486315
      vertex 0.157428087999210 0.898345914171103 -0.104517097542793
      vertex 0.151785868202008 0.902782934038211 -0.112300577634696
   endloop
endfacet
facet normal 0.383337631981593 -0.892923140764349 -0.236094312922348
   outer loop
      vertex 0.093406453916705 0.736816757008469 0.188821556742466
      vertex 0.087352444691574 0.737108311620094 0.177889207767498
      vertex 0.095839231711583 0.742017720981859 0.173101204307224
   endloop
endfacet
facet normal 0.240480678756766 -0.895718885060192 0.373974226506602
   outer loop
      vertex -0.173084547956071 0.586850872886880 0.101499237071218
      vertex -0.177896396329181 0.582110794746966 0.093240323154626
      vertex -0.167756329023172 0.586917699119989 0.098233032878632
   endloop
endfacet
facet normal -0.431593776993072 0.898187895198421 -0.083578206369152
   outer loop
      vertex -0.045225159979207 0.673648578537020 0.197399007045608
      vertex -0.051884607445640 0.669115983381859 0.183077737548765
      vertex -0.054764443538469 0.668863792970548 0.195238861911869
   endloop
endfacet
facet normal -0.161549412342597 0.903187509672282 0.397685943608450
   outer loop
      vertex 0.184732922279590 0.804163528651415 0.093193200596791
      vertex 0.188928498244612 0.809070703071486 0.083752822145546
      vertex 0.173365531215257 0.804416931266832 0.087999993603515
   endloop
endfacet
facet normal 0.502102944322043 -0.023317488873304 0.864493451690514
   outer loop
      vertex 0.115630899147925 0.745016020157335 0.205047170519149
      vertex 0.105556595313384 0.740167222128314 0.210767602309067
      vertex 0.115609267702794 0.743080418680332 0.205007526316470
   endloop
endfacet
facet normal -0.341726418233650 0.895736789989365 -0.284391733601293
   outer loop
      vertex -0.133094365405441 0.624775584878089 0.156348748686919
      vertex -0.136437630241355 0.620000389949714 0.145325798689620
      vertex -0.140585387080991 0.619902041566801 0.149999998628094
   endloop
endfacet
facet normal 0.450214489652389 -0.881742781850957 -0.140842394046586
   outer loop
      vertex 0.041924804935614 0.712621759781108 0.195319334402990
      vertex 0.038711519661911 0.712910061914396 0.183242885929215
      vertex 0.047533560962627 0.717800146472812 0.180828939883840
   endloop
endfacet
facet normal -0.047608939898421 0.901689860381024 -0.429754330435190
   outer loop
      vertex -0.205915027976155 0.552764193802119 0.031330197657864
      vertex -0.201090526705468 0.548026651301068 0.020855647179687
      vertex -0.207303552676895 0.548021603836732 0.021533346767621
   endloop
endfacet
facet normal 0.990021352090534 0.000313514817602 -0.140917082404123
   outer loop
      vertex -0.193570085295909 0.552788991143707 0.029368037090200
      vertex -0.193577201875939 0.550978561817890 0.029314011258317
      vertex -0.194883737699449 0.546252490293041 0.020124351396609
   endloop
endfacet
facet normal -0.660130680302939 0.022909401779515 -0.750801334730355
   outer loop
      vertex 0.118643767354375 0.765609258723874 0.140919888414558
      vertex 0.111692716582943 0.758902194877055 0.146826839892915
      vertex 0.111715408008751 0.760744229519755 0.146863095296450
   endloop
endfacet
facet normal -0.002229539877893 0.924931913494623 0.380126274481399
   outer loop
      vertex 0.215850004668567 0.835932384655970 0.025251109610798
      vertex 0.229031347199247 0.840226123958049 0.014880797310549
      vertex 0.216540960338122 0.840383020760131 0.014425773055242
   endloop
endfacet
facet normal -0.134764907873534 0.901014437752135 -0.412324389974740
   outer loop
      vertex -0.210872544143150 0.566946341419650 0.063880675816233
      vertex -0.198948246716881 0.567014365157370 0.060131961183061
      vertex -0.201732106385530 0.562259692383269 0.050651895682417
   endloop
endfacet
facet normal 0.640420686450401 0.015285808894226 -0.767872182340816
   outer loop
      vertex -0.125268907265893 0.624980432936833 0.146603612265144
      vertex -0.125280300750398 0.622700908782532 0.146548732045846
      vertex -0.132301389209743 0.617850522524383 0.140596449265872
   endloop
endfacet
facet normal -0.258314531333080 -0.019896041776732 0.965855967742494
   outer loop
      vertex -0.063422787941224 0.663233728143454 0.231616652342377
      vertex -0.074625104021755 0.660874048697744 0.228572027256204
      vertex -0.074633450064463 0.658406018247619 0.228518955221900
   endloop
endfacet
facet normal -0.002972381876849 0.912092294282753 -0.409974159741808
   outer loop
      vertex -0.220695911818576 0.543287272373392 0.012423962277691
      vertex -0.208656721534855 0.538546511418099 0.001789641787549
      vertex -0.221155881379675 0.538566171913011 0.001924002602252
   endloop
endfacet
facet normal -0.622532033889783 0.023025786004552 -0.782255508104560
   outer loop
      vertex 0.111692716582943 0.758902194877055 0.146826839892915
      vertex 0.111670021203236 0.757060359127340 0.146790686596905
      vertex 0.104459537013996 0.752138404648374 0.152384032341063
   endloop
endfacet
facet normal 0.995711750334396 -0.000764935981854 -0.092506892278125
   outer loop
      vertex -0.194877400774964 0.548031701809391 0.020177847597169
      vertex -0.194883737699449 0.546252490293041 0.020124351396609
      vertex -0.195746249652465 0.541529626472714 0.010879628361517
   endloop
endfacet
facet normal -0.256162108746080 0.898449301869279 -0.356608785664861
   outer loop
      vertex -0.167254719520885 0.600528155940279 0.121143478446325
      vertex -0.167857358523680 0.595783890556714 0.109623547336609
      vertex -0.173018524684351 0.595711060126704 0.113147467130022
   endloop
endfacet
facet normal -0.749941680566649 -0.006553145142122 0.661471489965831
   outer loop
      vertex 0.130222279684053 0.910058789476581 -0.118499541481165
      vertex 0.136192299820504 0.904140752824937 -0.111789675298964
      vertex 0.136197992899430 0.905640420766603 -0.111768363694340
   endloop
endfacet
facet normal 0.677181587840639 0.014801886798579 -0.735667045093658
   outer loop
      vertex -0.132289873422887 0.620098739388970 0.140651498756727
      vertex -0.139029368980239 0.613012646243706 0.134305217674151
      vertex -0.139017728882330 0.615229454787572 0.134360535374429
   endloop
endfacet
facet normal -0.237134180610046 0.898909004610015 -0.368415501597631
   outer loop
      vertex -0.173018524684351 0.595711060126704 0.113147467130022
      vertex -0.173062242462736 0.590971280768995 0.101610864173516
      vertex -0.178390359427858 0.590904356548868 0.104877067309381
   endloop
endfacet
facet normal -0.862283387315708 -0.009287376814335 0.506340897608772
   outer loop
      vertex -0.210370514952672 0.588442653952296 0.124418223116155
      vertex -0.216249844041905 0.585743525153638 0.114356393916715
      vertex -0.216260718123265 0.583714583824689 0.114300660551113
   endloop
endfacet
facet normal -0.087186071355971 0.911505248792370 -0.401941252405711
   outer loop
      vertex -0.213825819603346 0.562205823358636 0.053812062846246
      vertex -0.204056276552449 0.557510106075518 0.041044179487067
      vertex -0.216290204946646 0.557470650427077 0.043608395319912
   endloop
endfacet
facet normal 0.999027302290012 -0.001493567741769 -0.044070608511130
   outer loop
      vertex -0.195746249652465 0.541529626472714 0.010879628361517
      vertex -0.196167412861323 0.535093092159745 0.001550504978827
      vertex -0.196162537276384 0.536809971075814 0.001602842978711
   endloop
endfacet
facet normal 0.712518593138834 0.013975375433417 -0.701514036433307
   outer loop
      vertex -0.139029368980239 0.613012646243706 0.134305217674151
      vertex -0.145460474735501 0.606000539238236 0.127633534699933
      vertex -0.145448710347706 0.608185940517723 0.127689020615214
   endloop
endfacet
facet normal 0.217167141506943 0.931120586041950 0.293006632857686
   outer loop
      vertex 0.171677585105805 0.902908092038797 -0.127441491034372
      vertex 0.181623493547825 0.902970672032912 -0.135011947734293
      vertex 0.174453658080575 0.907453574030259 -0.143943723905763
   endloop
endfacet
facet normal -0.849270780807509 0.021299715929652 -0.527527689290259
   outer loop
      vertex 0.153341390615448 0.793263164768698 0.098823314230946
      vertex 0.153317962973194 0.791639281960853 0.098795463881516
      vertex 0.148419588890341 0.786689663542989 0.106481544817336
   endloop
endfacet
facet normal -0.217566840065982 0.899342634905358 -0.379272323199560
   outer loop
      vertex -0.178390359427858 0.590904356548868 0.104877067309381
      vertex -0.177874748125539 0.586168674360875 0.093351889880412
      vertex -0.183356918107041 0.586107895176889 0.096352575716135
   endloop
endfacet
facet normal -0.336241708070163 0.914607860190551 -0.224575100649475
   outer loop
      vertex -0.147315593420098 0.629025780671022 0.192677183157547
      vertex -0.139979484063177 0.629238250254127 0.182558609979004
      vertex -0.148745079715352 0.624365791704888 0.175839120467998
   endloop
endfacet
facet normal 0.712634733229332 0.013760644156012 -0.701400300589878
   outer loop
      vertex -0.139029368980239 0.613012646243706 0.134305217674151
      vertex -0.139041009078148 0.610795837699840 0.134249899973874
      vertex -0.145460474735501 0.606000539238236 0.127633534699933
   endloop
endfacet
facet normal 0.999035703717471 -0.001900395388738 -0.043864007968996
   outer loop
      vertex -0.195740594369647 0.543277721085566 0.010932695981560
      vertex -0.195746249652465 0.541529626472714 0.010879628361517
      vertex -0.196162537276384 0.536809971075814 0.001602842978711
   endloop
endfacet
facet normal 0.712482044767846 0.013977369786147 -0.701551116467852
   outer loop
      vertex -0.139017728882330 0.615229454787572 0.134360535374429
      vertex -0.145448710347706 0.608185940517723 0.127689020615214
      vertex -0.145437047948855 0.610371440840571 0.127744407592797
   endloop
endfacet
facet normal -0.388368155931979 0.882624296916400 0.264848118646944
   outer loop
      vertex 0.095882396609133 0.745888821973555 0.173180491656193
      vertex 0.089299597081305 0.746179689925068 0.162558264664116
      vertex 0.081340860404626 0.741333343394058 0.167038505335403
   endloop
endfacet
facet normal -0.326039042054897 0.896332989546562 -0.300475814178859
   outer loop
      vertex -0.140585387080991 0.619902041566801 0.149999998628094
      vertex -0.143390418883307 0.615135552685436 0.138825018185524
      vertex -0.147763108863119 0.615041649526959 0.143289600991038
   endloop
endfacet
facet normal -0.265220633845546 0.917189877375557 -0.297356258085109
   outer loop
      vertex -0.189854573520857 0.604851966022347 0.152926610291756
      vertex -0.180274230783106 0.605019832720923 0.144899407662651
      vertex -0.187181685927060 0.600213953129631 0.136236719686725
   endloop
endfacet
facet normal 0.054310792978694 0.908186071276068 0.415028189050054
   outer loop
      vertex 0.178139514809760 0.854088284286055 -0.013914706149897
      vertex 0.190561879442373 0.853976956031629 -0.015296688672992
      vertex 0.189283326497707 0.858408558324989 -0.024826837121529
   endloop
endfacet
facet normal -0.274282176445749 0.898238248221310 -0.343420059280899
   outer loop
      vertex -0.177218152723267 0.600371055000607 0.128690149063651
      vertex -0.167254719520885 0.600528155940279 0.121143478446325
      vertex -0.173018524684351 0.595711060126704 0.113147467130022
   endloop
endfacet
facet normal -0.261124893166798 0.908648417130175 -0.325840212704719
   outer loop
      vertex -0.187181685927060 0.600213953129631 0.136236719686725
      vertex -0.177218152723267 0.600371055000607 0.128690149063651
      vertex -0.183340954977237 0.595565296248034 0.120195405654881
   endloop
endfacet
facet normal 0.229239222279299 -0.022969407626402 0.973099062419687
   outer loop
      vertex 0.051564660799058 0.711756851268559 0.231548879813150
      vertex 0.040260665797952 0.709033334305889 0.234147547871797
      vertex 0.040243282078182 0.706879036981193 0.234100792197317
   endloop
endfacet
facet normal -0.249041828975628 0.917641508169821 -0.309696996924881
   outer loop
      vertex -0.197145119150609 0.600056853246300 0.143783290309633
      vertex -0.187181685927060 0.600213953129631 0.136236719686725
      vertex -0.193663387278822 0.595419633400369 0.127243245241874
   endloop
endfacet
facet normal -0.255858456048361 0.898720196107939 -0.356143874826252
   outer loop
      vertex -0.183340954977237 0.595565296248034 0.120195405654881
      vertex -0.173018524684351 0.595711060126704 0.113147467130022
      vertex -0.178390359427858 0.590904356548868 0.104877067309381
   endloop
endfacet
facet normal -0.197491981974179 0.899751092022682 -0.389159208370947
   outer loop
      vertex -0.183356918107041 0.586107895176889 0.096352575716135
      vertex -0.182283365579392 0.581375687688205 0.084866719090076
      vertex -0.187906192748515 0.581321395941461 0.087594688005296
   endloop
endfacet
facet normal -0.232300659096675 0.918061861064792 -0.321245736223069
   outer loop
      vertex -0.203985817592874 0.595273870578041 0.134291083772314
      vertex -0.193663387278822 0.595419633400369 0.127243245241874
      vertex -0.199703027270001 0.590636656749409 0.117941779858758
   endloop
endfacet
facet normal -0.370685661034244 0.894484338685835 -0.249979816283977
   outer loop
      vertex -0.117242998088532 0.634565228320754 0.167904050590801
      vertex -0.121639357649360 0.629769270740258 0.157262225445273
      vertex -0.125307463301126 0.629663084414043 0.162321562560113
   endloop
endfacet
facet normal 0.999025577653850 -0.001548048366657 -0.044107808148279
   outer loop
      vertex -0.195740594369647 0.543277721085566 0.010932695981560
      vertex -0.196162537276384 0.536809971075814 0.001602842978711
      vertex -0.196157561690033 0.538526850923185 0.001655280972846
   endloop
endfacet
facet normal -0.223133437267441 0.893552967083333 -0.389582551187535
   outer loop
      vertex -0.173062242462736 0.590971280768995 0.101610864173516
      vertex -0.172392676136748 0.586229351582551 0.090351202988302
      vertex -0.177874748125539 0.586168674360875 0.093351889880412
   endloop
endfacet
facet normal 0.999985643212731 -0.002630702396628 0.004668273055552
   outer loop
      vertex -0.196162537276384 0.536809971075814 0.001602842978711
      vertex -0.196135787898543 0.530407441145618 -0.007735116502018
      vertex -0.196131594018769 0.532093206327212 -0.007683507065906
   endloop
endfacet
facet normal -0.249255115227759 0.887126990943498 -0.388429645460193
   outer loop
      vertex -0.173062242462736 0.590971280768995 0.101610864173516
      vertex -0.167734125497614 0.591038204989123 0.098344661037650
      vertex -0.172392676136748 0.586229351582551 0.090351202988302
   endloop
endfacet
facet normal -0.269249137076352 0.886638162283502 -0.376002222554833
   outer loop
      vertex -0.167857358523680 0.595783890556714 0.109623547336609
      vertex -0.162696094370298 0.595856822949033 0.106099628599583
      vertex -0.167734125497614 0.591038204989123 0.098344661037650
   endloop
endfacet
facet normal -0.249360276548871 0.917410348726831 -0.310125304559924
   outer loop
      vertex -0.180274230783106 0.605019832720923 0.144899407662651
      vertex -0.177218152723267 0.600371055000607 0.128690149063651
      vertex -0.187181685927060 0.600213953129631 0.136236719686725
   endloop
endfacet
facet normal 0.112132050061072 -0.903485540431620 0.413691046047754
   outer loop
      vertex -0.201748860189169 0.558514070168937 0.050542126526590
      vertex -0.204071671068987 0.553826918673854 0.040935169610961
      vertex -0.195702004574026 0.558541054668585 0.048962043472953
   endloop
endfacet
facet normal -0.281297093826869 0.892411804622610 -0.352807477209278
   outer loop
      vertex -0.167254719520885 0.600528155940279 0.121143478446325
      vertex -0.162272903912049 0.600606757328752 0.117370243660190
      vertex -0.167857358523680 0.595783890556714 0.109623547336609
   endloop
endfacet
facet normal -0.999974954545179 0.002664765784568 -0.006556623039427
   outer loop
      vertex -0.246159156659620 0.536888613452995 0.002140286237490
      vertex -0.246090491921518 0.533917230364103 -0.009539668197990
      vertex -0.246094645809194 0.532231465977566 -0.009591277634167
   endloop
endfacet
facet normal 0.109010560629736 0.896581182910523 -0.429253864422859
   outer loop
      vertex -0.197637631689083 0.514850529997293 -0.045885562215952
      vertex -0.195319030402062 0.510113333007282 -0.055191313394640
      vertex -0.203717662541101 0.514897183333717 -0.047332163213014
   endloop
endfacet
facet normal -0.399698808864047 0.916284284318408 0.025767663917504
   outer loop
      vertex -0.005858035253625 0.691992956081248 0.238779263461744
      vertex -0.006033156883563 0.692267969547064 0.226283508137301
      vertex -0.017029734811066 0.687478636381853 0.226014628987936
   endloop
endfacet
facet normal -0.236844926322547 0.899177000141151 -0.367947283306220
   outer loop
      vertex -0.189046693359512 0.590770507177310 0.111409373586860
      vertex -0.178390359427858 0.590904356548868 0.104877067309381
      vertex -0.183356918107041 0.586107895176889 0.096352575716135
   endloop
endfacet
facet normal -0.225471612993566 0.909526574198396 -0.349176119688919
   outer loop
      vertex -0.199703027270001 0.590636656749409 0.117941779858758
      vertex -0.189046693359512 0.590770507177310 0.111409373586860
      vertex -0.194321260078745 0.585986437839923 0.102353848449717
   endloop
endfacet
facet normal -0.323915639048873 0.914909204409434 -0.240873009003617
   outer loop
      vertex -0.139979484063177 0.629238250254127 0.182558609979004
      vertex -0.140919721556047 0.624570637775986 0.166093984046391
      vertex -0.148745079715352 0.624365791704888 0.175839120467998
   endloop
endfacet
facet normal -0.082571981633907 0.022420879949019 -0.996332862045291
   outer loop
      vertex 0.011700110633805 0.700487347515023 0.187900136917498
      vertex 0.002560073865768 0.693400172448519 0.188498140124555
      vertex 0.002575089742221 0.695648419117516 0.188547488871204
   endloop
endfacet
facet normal -0.406304826807236 0.887141204286786 -0.218853538627397
   outer loop
      vertex -0.097477758946909 0.644530431459727 0.172301579051584
      vertex -0.102616132688224 0.639707740749269 0.162291863853547
      vertex -0.105768308627722 0.639595153439191 0.167687542921473
   endloop
endfacet
facet normal 0.078370436225493 -0.929809150227667 0.359601194212046
   outer loop
      vertex -0.240773608230647 0.553708649778071 0.048627718171885
      vertex -0.242963809295764 0.549068951860154 0.037108327713370
      vertex -0.228539629846326 0.553748106420335 0.046063502338956
   endloop
endfacet
facet normal -0.428686003115888 0.885682812946154 -0.178309465773167
   outer loop
      vertex -0.080289932512656 0.654445799807621 0.180276326303477
      vertex -0.086372596248086 0.649598173289945 0.170821378536473
      vertex -0.088977767576020 0.649480752350148 0.176501406634554
   endloop
endfacet
facet normal -0.321761870574137 0.922339315854008 -0.213914667740650
   outer loop
      vertex -0.137728923961298 0.633907710348006 0.199306793906805
      vertex -0.139979484063177 0.629238250254127 0.182558609979004
      vertex -0.147315593420098 0.629025780671022 0.192677183157547
   endloop
endfacet
facet normal -0.268632204301925 0.924356310120135 -0.270928312940855
   outer loop
      vertex -0.173999354705994 0.614478529568782 0.170077000999527
      vertex -0.172959020896542 0.609837043649591 0.153209609354201
      vertex -0.182133077863034 0.609658876250498 0.161698042920734
   endloop
endfacet
facet normal -0.205660235897281 0.926021563995265 -0.316524770573233
   outer loop
      vertex -0.203985817592874 0.595273870578041 0.134291083772314
      vertex -0.199703027270001 0.590636656749409 0.117941779858758
      vertex -0.210359361201654 0.590502807377850 0.124474086136237
   endloop
endfacet
facet normal 0.887526489738948 0.000271472870003 -0.460756612881619
   outer loop
      vertex 0.200364525332447 0.888014198017712 -0.106270511790097
      vertex 0.205651960893921 0.885027040817005 -0.096087417157740
      vertex 0.205642871092281 0.883527174475549 -0.096105809976260
   endloop
endfacet
facet normal -0.484971070006946 -0.015004708496465 0.874401463847845
   outer loop
      vertex 0.088092389373805 0.938022112465559 -0.151984204788420
      vertex 0.080181548194484 0.942422856435775 -0.156296294128203
      vertex 0.088088696517828 0.936522452647454 -0.152011987091782
   endloop
endfacet
facet normal -0.567866529267500 -0.012648005463895 0.823023470440223
   outer loop
      vertex 0.103223621616494 0.929211347546049 -0.142219364293264
      vertex 0.095779248758265 0.933618258448740 -0.147288079456597
      vertex 0.103219729233941 0.927711662097647 -0.142245096710719
   endloop
endfacet
facet normal 0.059532191254136 -0.929966333468809 0.362792691242617
   outer loop
      vertex -0.242963809295764 0.549068951860154 0.037108327713370
      vertex -0.244594834295385 0.544432989160961 0.025492352962571
      vertex -0.230618946599714 0.549093747611626 0.035146167145838
   endloop
endfacet
facet normal -0.242915067072213 0.893386424815545 -0.377958947697499
   outer loop
      vertex -0.178390359427858 0.590904356548868 0.104877067309381
      vertex -0.173062242462736 0.590971280768995 0.101610864173516
      vertex -0.177874748125539 0.586168674360875 0.093351889880412
   endloop
endfacet
facet normal 0.016734422054015 0.928506076772317 -0.370939920358268
   outer loop
      vertex -0.246154241061417 0.538605492107780 0.002192724231726
      vertex -0.233599765974911 0.533882639976567 -0.009062750818605
      vertex -0.246090491921518 0.533917230364103 -0.009539668197990
   endloop
endfacet
facet normal 0.375840272182059 -0.891256073818891 0.253784752668580
   outer loop
      vertex -0.121661498083988 0.625147514771804 0.157152902486990
      vertex -0.129204324328782 0.620319013102008 0.151366370568336
      vertex -0.117993392432222 0.625253701098019 0.152093565372150
   endloop
endfacet
facet normal -0.292457205177754 0.897443251344579 -0.330248987516523
   outer loop
      vertex -0.154611004935103 0.610193275429124 0.136232841159165
      vertex -0.156323277922964 0.605439700876166 0.124831453200039
      vertex -0.161113447293724 0.605355667024043 0.128845103455247
   endloop
endfacet
facet normal -0.082516915309426 0.022349342623654 -0.996339031440658
   outer loop
      vertex 0.011700110633805 0.700487347515023 0.187900136917498
      vertex 0.011684272826119 0.698270382602461 0.187851718839055
      vertex 0.002560073865768 0.693400172448519 0.188498140124555
   endloop
endfacet
facet normal 0.909001123515697 -0.000981311800102 -0.416792507699398
   outer loop
      vertex 0.205633779300991 0.882027408214391 -0.096124211737667
      vertex 0.210413413235647 0.879040337506508 -0.085693064862386
      vertex 0.210403521678602 0.877540551541355 -0.085711106642559
   endloop
endfacet
facet normal 0.035933376206885 0.928528286324256 -0.369518624659320
   outer loop
      vertex -0.246090491921518 0.533917230364103 -0.009539668197990
      vertex -0.233007930117092 0.529181732705995 -0.020166853536558
      vertex -0.245460443837672 0.529231130096762 -0.021253656633465
   endloop
endfacet
facet normal -0.917215724111425 0.020077594220023 -0.397884663757088
   outer loop
      vertex 0.165690857783320 0.808036026705582 0.074463992544919
      vertex 0.165667877856518 0.806505338535382 0.074439726754763
      vertex 0.161951814511400 0.801546859431096 0.082755899007514
   endloop
endfacet
facet normal 0.065042436384418 0.021475582625385 -0.997651382407742
   outer loop
      vertex -0.015708706122333 0.688292166687791 0.188546751694248
      vertex -0.015721974054015 0.685981152206187 0.188496139464424
      vertex -0.024850889782418 0.681151875048958 0.187797019036755
   endloop
endfacet
facet normal -0.713507484952012 -0.013944879954709 0.700508821672149
   outer loop
      vertex -0.174022732873357 0.610044809462399 0.169966464537003
      vertex -0.182144740283051 0.607473376983993 0.161642555948733
      vertex -0.182156502683313 0.605287875729842 0.161587068976899
   endloop
endfacet
facet normal -0.917221072719797 0.020077479143585 -0.397872339563814
   outer loop
      vertex 0.165713837710122 0.809566714875784 0.074488258335074
      vertex 0.165690857783320 0.808036026705582 0.074463992544919
      vertex 0.161975076328223 0.803108648103479 0.082781393334197
   endloop
endfacet
facet normal -0.311447038351705 0.904768516490179 0.290507614134489
   outer loop
      vertex 0.127852226236809 0.760170756035092 0.165948987173094
      vertex 0.135696175834793 0.765040276898588 0.159192488544791
      vertex 0.119783817112196 0.760457493305595 0.156405991237563
   endloop
endfacet
facet normal -0.413947182170569 0.023326791667063 -0.910001973164656
   outer loop
      vertex 0.073148219291268 0.734492551762122 0.171082503008020
      vertex 0.073127527808325 0.732494575977083 0.171040699599944
      vertex 0.064762911143972 0.727592810814624 0.174719996065375
   endloop
endfacet
facet normal -0.324870370956025 0.904972418082402 0.274743816281613
   outer loop
      vertex 0.119686685957790 0.755307599292808 0.172312299151278
      vertex 0.127852226236809 0.760170756035092 0.165948987173094
      vertex 0.112095433904617 0.755596175767624 0.162385500223962
   endloop
endfacet
facet normal -0.413932643845885 0.023306100316000 -0.910009116463575
   outer loop
      vertex 0.073168810793966 0.736490525559517 0.171124306416261
      vertex 0.073148219291268 0.734492551762122 0.171082503008020
      vertex 0.064782982664871 0.729621971300386 0.174762829079189
   endloop
endfacet
facet normal -0.413960469162137 0.023347337291505 -0.909995402083143
   outer loop
      vertex 0.073168810793966 0.736490525559517 0.171124306416261
      vertex 0.064782982664871 0.729621971300386 0.174762829079189
      vertex 0.064803052219404 0.731651230704469 0.174805763143976
   endloop
endfacet
facet normal -0.368740898856954 0.023262828443473 -0.929241082993523
   outer loop
      vertex 0.064782982664871 0.729621971300386 0.174762829079189
      vertex 0.056224589512607 0.722694565583559 0.177985543386375
      vertex 0.056244039083929 0.724755010744705 0.178029407062481
   endloop
endfacet
facet normal -0.360344993892800 0.905598721745255 0.223701677574752
   outer loop
      vertex 0.093448778832311 0.740750234295849 0.188903003296665
      vertex 0.102465298104738 0.745597856035024 0.183802717591549
      vertex 0.087394769628346 0.741041787851131 0.177970754316116
   endloop
endfacet
facet normal 0.002921037610550 -0.914094485523893 0.405490738579919
   outer loop
      vertex -0.220707122382800 0.539791084078993 0.012317927031857
      vertex -0.233664892395787 0.535152073644485 0.001953587422937
      vertex -0.221165732550965 0.535132413149571 0.001819226608233
   endloop
endfacet
facet normal -0.352988307218510 0.905135738994202 -0.236914644888050
   outer loop
      vertex -0.124071673365814 0.634346054648508 0.178371665027664
      vertex -0.125307463301126 0.629663084414043 0.162321562560113
      vertex -0.132643472698968 0.629450617874925 0.172440035744072
   endloop
endfacet
facet normal -0.135225329990894 -0.924450675919937 -0.356517962969646
   outer loop
      vertex 0.202938793849986 0.873086940926888 -0.070717235063832
      vertex 0.198916425973051 0.877557382380535 -0.080783422388838
      vertex 0.214653653387805 0.873054116743950 -0.075075504688601
   endloop
endfacet
facet normal -0.368740684210465 0.023262520044119 -0.929241175889874
   outer loop
      vertex 0.064782982664871 0.729621971300386 0.174762829079189
      vertex 0.064762911143972 0.727592810814624 0.174719996065375
      vertex 0.056224589512607 0.722694565583559 0.177985543386375
   endloop
endfacet
facet normal -0.370472404069545 0.905812517588325 0.205557487830612
   outer loop
      vertex 0.084189321549333 0.735907104067181 0.193556662939664
      vertex 0.093448778832311 0.740750234295849 0.188903003296665
      vertex 0.078679117155538 0.736198765819840 0.182340484149603
   endloop
endfacet
facet normal -0.808547512239575 -0.011275819954969 0.588322850427839
   outer loop
      vertex -0.197156728222131 0.597934074496823 0.143727465850573
      vertex -0.203985817592874 0.595273870578041 0.134291083772314
      vertex -0.203997246996150 0.593182302993867 0.134235288973482
   endloop
endfacet
facet normal -0.368762540865275 0.023307311082191 -0.929231380068874
   outer loop
      vertex 0.064803052219404 0.731651230704469 0.174805763143976
      vertex 0.064782982664871 0.729621971300386 0.174762829079189
      vertex 0.056244039083929 0.724755010744705 0.178029407062481
   endloop
endfacet
facet normal -0.379709819395430 0.906021653118676 0.186936398635451
   outer loop
      vertex 0.074709033347229 0.731068327331667 0.197752089735461
      vertex 0.084189321549333 0.735907104067181 0.193556662939664
      vertex 0.069756042772733 0.731359779546239 0.186278876442509
   endloop
endfacet
facet normal 0.238195839810093 0.916805672651807 0.320515367011679
   outer loop
      vertex 0.151785868202008 0.902782934038211 -0.112300577634696
      vertex 0.161731776644029 0.902845514032327 -0.119871034334617
      vertex 0.155328720030996 0.907296932390568 -0.127845391940990
   endloop
endfacet
facet normal 0.373699857609042 -0.923246458973966 0.089243444661300
   outer loop
      vertex -0.074633450064463 0.658406018247619 0.228518955221900
      vertex -0.085678275363725 0.653583089360283 0.224873842948390
      vertex -0.071156988507680 0.658652808471947 0.216514656283213
   endloop
endfacet
facet normal 0.215361801331703 -0.901573086543700 0.375213624682301
   outer loop
      vertex -0.178412664921193 0.586783948666752 0.104765440207084
      vertex -0.194342908282387 0.581928558226014 0.102242281723931
      vertex -0.183378566331850 0.582050016619323 0.096240908995930
   endloop
endfacet
facet normal -0.368774656780291 0.023324801112638 -0.929226132956685
   outer loop
      vertex 0.064803052219404 0.731651230704469 0.174805763143976
      vertex 0.056244039083929 0.724755010744705 0.178029407062481
      vertex 0.056263586669129 0.726815556811820 0.178073371789394
   endloop
endfacet
facet normal 0.601808832675637 0.016276809779866 -0.798474291619322
   outer loop
      vertex -0.117982423178336 0.627564626553762 0.152148277376942
      vertex -0.125291596263358 0.620421487646882 0.146493752888517
      vertex -0.125280300750398 0.622700908782532 0.146548732045846
   endloop
endfacet
facet normal -0.935555965180576 0.019652128222013 -0.352631294515088
   outer loop
      vertex 0.169017279386914 0.814466826525966 0.065997147095444
      vertex 0.168971683331698 0.811467648270982 0.065950972594102
      vertex 0.165690857783320 0.808036026705582 0.074463992544919
   endloop
endfacet
facet normal -0.322662329068009 0.023227446780780 -0.946229098641790
   outer loop
      vertex 0.056244039083929 0.724755010744705 0.178029407062481
      vertex 0.047533560962627 0.717800146472812 0.180828939883840
      vertex 0.047552486577084 0.719891978271653 0.180873835278627
   endloop
endfacet
facet normal -0.917219635406551 0.020072039644596 -0.397875927456261
   outer loop
      vertex 0.165713837710122 0.809566714875784 0.074488258335074
      vertex 0.161975076328223 0.803108648103479 0.082781393334197
      vertex 0.161998238143635 0.804670435844559 0.082806787666627
   endloop
endfacet
facet normal 0.200546811181862 -0.896299691045896 0.395509595782222
   outer loop
      vertex -0.177896396329181 0.582110794746966 0.093240323154626
      vertex -0.187926983680809 0.577326047514709 0.087483281650106
      vertex -0.182304156532853 0.577380340317795 0.084755212740468
   endloop
endfacet
facet normal 0.260102158883715 -0.894972591877860 0.362451274975626
   outer loop
      vertex -0.162296020044983 0.596361099730097 0.117258793674188
      vertex -0.173041285498191 0.591528026920667 0.113035878588746
      vertex -0.167880119337520 0.591600857350677 0.109511958795332
   endloop
endfacet
facet normal -0.322635277729074 0.023189479098286 -0.946239253901376
   outer loop
      vertex 0.056244039083929 0.724755010744705 0.178029407062481
      vertex 0.056224589512607 0.722694565583559 0.177985543386375
      vertex 0.047533560962627 0.717800146472812 0.180828939883840
   endloop
endfacet
facet normal 0.640276540552453 0.015525209118350 -0.767987577699024
   outer loop
      vertex -0.125268907265893 0.624980432936833 0.146603612265144
      vertex -0.132301389209743 0.617850522524383 0.140596449265872
      vertex -0.132289873422887 0.620098739388970 0.140651498756727
   endloop
endfacet
facet normal -0.168479284053889 0.910416627207319 -0.377831041272603
   outer loop
      vertex -0.199151845056895 0.581212710360625 0.093050824768018
      vertex -0.192027267105618 0.576544151728818 0.078624595579574
      vertex -0.203527233861271 0.576448711943489 0.083522594939134
   endloop
endfacet
facet normal -0.401815398540430 0.906650432124262 0.128566634181210
   outer loop
      vertex 0.045174501532489 0.716579487727996 0.207487532883729
      vertex 0.055177475045942 0.721404194011598 0.204726526886612
      vertex 0.041961214271253 0.716867889835947 0.195411085466509
   endloop
endfacet
facet normal -0.309606933505861 0.896899946706604 -0.315775287701219
   outer loop
      vertex -0.147763108863119 0.615041649526959 0.143289600991038
      vertex -0.150024077415284 0.610282406600186 0.131988674901550
      vertex -0.154611004935103 0.610193275429124 0.136232841159165
   endloop
endfacet
facet normal 0.331031204665595 -0.892816306046642 0.305446206712204
   outer loop
      vertex -0.136460663844936 0.615504058307890 0.145215500775625
      vertex -0.147786489039181 0.610608030451582 0.143178965590648
      vertex -0.143413699079126 0.610701935597704 0.138714382784969
   endloop
endfacet
facet normal -0.322673591143255 0.023250147542896 -0.946224700701662
   outer loop
      vertex 0.056263586669129 0.726815556811820 0.178073371789394
      vertex 0.056244039083929 0.724755010744705 0.178029407062481
      vertex 0.047552486577084 0.719891978271653 0.180873835278627
   endloop
endfacet
facet normal 0.995721137480625 -0.000818794200493 -0.092405335075132
   outer loop
      vertex -0.194883737699449 0.546252490293041 0.020124351396609
      vertex -0.194890174625344 0.544473277845386 0.020070755201796
      vertex -0.195751906901649 0.539781630778186 0.010826661792446
   endloop
endfacet
facet normal -0.407235025766693 0.906865173786942 0.108421355650907
   outer loop
      vertex 0.035046986376737 0.711760628469500 0.209754399425196
      vertex 0.045174501532489 0.716579487727996 0.207487532883729
      vertex 0.032431356824116 0.712047024398478 0.197534496305477
   endloop
endfacet
facet normal 0.677331271443360 0.014540765387196 -0.735534441659176
   outer loop
      vertex -0.132289873422887 0.620098739388970 0.140651498756727
      vertex -0.132301389209743 0.617850522524383 0.140596449265872
      vertex -0.139029368980239 0.613012646243706 0.134305217674151
   endloop
endfacet
facet normal 0.269824912943661 -0.902043513864815 -0.336915442580723
   outer loop
      vertex 0.159675130048953 0.771020835651038 0.152760829192519
      vertex 0.150295917658383 0.771299847228731 0.144502300793217
      vertex 0.157060899901338 0.776247471490014 0.136673595736079
   endloop
endfacet
facet normal 0.413841954215726 -0.888851798533271 0.196665495639368
   outer loop
      vertex -0.100379224534525 0.639605076549938 0.177738068052445
      vertex -0.097496954013349 0.639720272464175 0.172193565362925
      vertex -0.088995712272713 0.644607698727629 0.176393728317689
   endloop
endfacet
facet normal -0.275756373510152 0.023119003084266 -0.960949496157274
   outer loop
      vertex 0.047552486577084 0.719891978271653 0.180873835278627
      vertex 0.047533560962627 0.717800146472812 0.180828939883840
      vertex 0.038711519661911 0.712910061914396 0.183242885929215
   endloop
endfacet
facet normal -0.275747420607071 0.023106707075103 -0.960952361002715
   outer loop
      vertex 0.047571314198830 0.721983708108185 0.180918729617026
      vertex 0.047552486577084 0.719891978271653 0.180873835278627
      vertex 0.038729725312913 0.715033077482654 0.183288710935488
   endloop
endfacet
facet normal 0.484643220071820 0.015621032162630 -0.874572428442946
   outer loop
      vertex 0.113258813981900 0.937261183619258 -0.195207085211968
      vertex 0.103194606379560 0.940219970206063 -0.200731305416389
      vertex 0.103198299457785 0.941719618932577 -0.200702473171635
   endloop
endfacet
facet normal 0.414943333277423 -0.023327612919975 0.909548158507332
   outer loop
      vertex 0.095209832283534 0.735323683631186 0.215988919468650
      vertex 0.084614916461176 0.730485323052896 0.220698315276140
      vertex 0.095189140800591 0.733325707846146 0.215947116060574
   endloop
endfacet
facet normal 0.307234309864691 -0.908952248623963 0.281802925044095
   outer loop
      vertex -0.165277252933491 0.610232617767000 0.161037298925810
      vertex -0.156531870986336 0.610420324109291 0.152108132258229
      vertex -0.148904036331620 0.615209111146168 0.159238101647767
   endloop
endfacet
facet normal 0.999039104300965 -0.001906530563629 -0.043786221791044
   outer loop
      vertex -0.195746249652465 0.541529626472714 0.010879628361517
      vertex -0.195751906901649 0.539781630778186 0.010826661792446
      vertex -0.196167412861323 0.535093092159745 0.001550504978827
   endloop
endfacet
facet normal 0.065576723170009 -0.913705968945927 0.401049991510871
   outer loop
      vertex -0.216305699443428 0.553787461037768 0.043499385443974
      vertex -0.230618946599714 0.549093747611626 0.035146167145838
      vertex -0.218274003898302 0.549118543896872 0.033184106572593
   endloop
endfacet
facet normal -0.329427968438873 -0.925376474471410 -0.187498250938776
   outer loop
      vertex 0.091684386195272 0.939821664672558 -0.178542638073326
      vertex 0.097439446297336 0.940020816443375 -0.189636971544785
      vertex 0.106962667243294 0.935576817489251 -0.184436086999895
   endloop
endfacet
facet normal -0.345560718867436 -0.917756078364839 -0.195733416156295
   outer loop
      vertex 0.085929226113005 0.939622510911982 -0.167448304401711
      vertex 0.091684386195272 0.939821664672558 -0.178542638073326
      vertex 0.100670113380210 0.935392109200265 -0.173637307484239
   endloop
endfacet
facet normal -0.113016480029378 -0.021136065154039 0.993368281148323
   outer loop
      vertex -0.029071214366657 0.680083953680424 0.237607111674032
      vertex -0.040607718668153 0.675275392038841 0.236192279726179
      vertex -0.029083558335830 0.677741556286341 0.237555867702537
   endloop
endfacet
facet normal 0.367320348636300 -0.921234695032251 0.128071847595567
   outer loop
      vertex -0.085678275363725 0.653583089360283 0.224873842948390
      vertex -0.096557895241790 0.648675963931971 0.220779981255610
      vertex -0.091914534566939 0.648914305769697 0.209176868474480
   endloop
endfacet
facet normal -0.232578273465745 0.917843027039264 -0.321669899784071
   outer loop
      vertex -0.187181685927060 0.600213953129631 0.136236719686725
      vertex -0.183340954977237 0.595565296248034 0.120195405654881
      vertex -0.193663387278822 0.595419633400369 0.127243245241874
   endloop
endfacet
facet normal -0.084192139252392 0.932156584856006 0.352130352281217
   outer loop
      vertex 0.216295908214482 0.813497756245876 0.082238909739848
      vertex 0.207791049458305 0.818169347343687 0.067838854125637
      vertex 0.195786226711425 0.818398027483469 0.064363216769751
   endloop
endfacet
facet normal 0.989981051631653 0.000719501272670 -0.141198440955294
   outer loop
      vertex -0.193570085295909 0.552788991143707 0.029368037090200
      vertex -0.194883737699449 0.546252490293041 0.020124351396609
      vertex -0.194877400774964 0.548031701809391 0.020177847597169
   endloop
endfacet
facet normal 0.989995681912211 0.000668657609156 -0.141096076104825
   outer loop
      vertex -0.193577201875939 0.550978561817890 0.029314011258317
      vertex -0.194890174625344 0.544473277845386 0.020070755201796
      vertex -0.194883737699449 0.546252490293041 0.020124351396609
   endloop
endfacet
facet normal 0.994792240455103 -0.004744314110233 0.101813013971399
   outer loop
      vertex -0.195653909119286 0.527378787856799 -0.016957226180297
      vertex -0.194733400244470 0.521042524850308 -0.026246572119811
      vertex -0.194730769777851 0.522666060700348 -0.026196619799748
   endloop
endfacet
facet normal 0.240780008600367 -0.895446415975701 0.374433844056168
   outer loop
      vertex -0.167880119337520 0.591600857350677 0.109511958795332
      vertex -0.178412664921193 0.586783948666752 0.104765440207084
      vertex -0.173084547956071 0.586850872886880 0.101499237071218
   endloop
endfacet
facet normal -0.363270481300130 -0.908905271092286 -0.204757821820390
   outer loop
      vertex 0.080174166013100 0.939423359033418 -0.156353960730820
      vertex 0.085929226113005 0.939622510911982 -0.167448304401711
      vertex 0.094377559515855 0.935207400974659 -0.162838533968247
   endloop
endfacet
facet normal 0.311480647804129 0.924998611971465 0.217617494458474
   outer loop
      vertex 0.109408747150704 0.933958330110687 -0.168242501633474
      vertex 0.116223595333402 0.934128417916639 -0.178719712193801
      vertex 0.106969950984931 0.938576235239237 -0.184380533335781
   endloop
endfacet
facet normal 0.995695428280279 -0.000414022591280 -0.092684641052577
   outer loop
      vertex -0.194883737699449 0.546252490293041 0.020124351396609
      vertex -0.195751906901649 0.539781630778186 0.010826661792446
      vertex -0.195746249652465 0.541529626472714 0.010879628361517
   endloop
endfacet
facet normal -0.184085968411645 -0.907834451572623 -0.376761150826065
   outer loop
      vertex 0.171939191518897 0.882030352430431 -0.079668300158693
      vertex 0.167509468109852 0.886469480598917 -0.088200346405234
      vertex 0.183170721444223 0.882029337594562 -0.085153594371093
   endloop
endfacet
facet normal 0.314930081945510 -0.902632935719592 -0.293381708427817
   outer loop
      vertex 0.135875248555908 0.756200148372173 0.175419574409079
      vertex 0.127806841439994 0.756486784611671 0.165876677411414
      vertex 0.135650351019344 0.761418687608747 0.159122537976515
   endloop
endfacet
facet normal 0.151496777746868 0.924417296139816 0.350001984179901
   outer loop
      vertex 0.202960378469009 0.876086454998196 -0.070681752529536
      vertex 0.210423404772936 0.880540125459305 -0.085675023082379
      vertex 0.198936309067386 0.880556956298484 -0.080747338828657
   endloop
endfacet
facet normal -0.065954674028196 0.898454427902818 0.434084809634771
   outer loop
      vertex 0.174108616671704 0.823248062542059 0.048703264018987
      vertex 0.188295912631535 0.827443780334385 0.042174717786839
      vertex 0.176007893331588 0.827644416567060 0.039892410742143
   endloop
endfacet
facet normal 0.314345791834170 -0.893393028642726 0.320991619094216
   outer loop
      vertex -0.143413699079126 0.610701935597704 0.138714382784969
      vertex -0.154634431742915 0.605822374883130 0.136121868271882
      vertex -0.150047502235564 0.605911406079529 0.131877700957714
   endloop
endfacet
facet normal 0.995688767002528 -0.000405327105461 -0.092756212594757
   outer loop
      vertex -0.194877400774964 0.548031701809391 0.020177847597169
      vertex -0.195746249652465 0.541529626472714 0.010879628361517
      vertex -0.195740594369647 0.543277721085566 0.010932695981560
   endloop
endfacet
facet normal -0.320694146363021 -0.925239981194427 -0.202697414112340
   outer loop
      vertex 0.100670113380210 0.935392109200265 -0.173637307484239
      vertex 0.106962667243294 0.935576817489251 -0.184436086999895
      vertex 0.116216214038893 0.931128876253558 -0.178773189030290
   endloop
endfacet
facet normal 0.346960005816018 -0.892207421852771 0.289110136029473
   outer loop
      vertex -0.129204324328782 0.620319013102008 0.151366370568336
      vertex -0.140608420684572 0.615405709924977 0.149889700714099
      vertex -0.136460663844936 0.615504058307890 0.145215500775625
   endloop
endfacet
facet normal 0.362079686874058 -0.891581638400200 0.271993533784905
   outer loop
      vertex -0.121661498083988 0.625147514771804 0.157152902486990
      vertex -0.133116952413963 0.620216540544779 0.156238988247989
      vertex -0.129204324328782 0.620319013102008 0.151366370568336
   endloop
endfacet
facet normal -0.243568468054231 0.909101857355428 -0.337947058461272
   outer loop
      vertex -0.193663387278822 0.595419633400369 0.127243245241874
      vertex -0.183340954977237 0.595565296248034 0.120195405654881
      vertex -0.189046693359512 0.590770507177310 0.111409373586860
   endloop
endfacet
facet normal -0.067838358279094 0.932147435038255 0.355667142842293
   outer loop
      vertex 0.222752925961094 0.822388746043874 0.060233233974450
      vertex 0.225159974569939 0.826841668518009 0.049021936791073
      vertex 0.210591849130337 0.822603550438839 0.057350716222841
   endloop
endfacet
facet normal -0.383907289433354 0.893821151428021 -0.231730322529922
   outer loop
      vertex -0.108920484588387 0.639482567185456 0.173083121994981
      vertex -0.113828710429430 0.634674813634882 0.162670293369661
      vertex -0.117242998088532 0.634565228320754 0.167904050590801
   endloop
endfacet
facet normal 0.391686262008325 -0.895782334024894 0.210133010740481
   outer loop
      vertex -0.108940728097720 0.634735207873839 0.172974671883223
      vertex -0.117264290040757 0.629880668693073 0.167795164055948
      vertex -0.105788552158221 0.634847795183916 0.167578992815299
   endloop
endfacet
facet normal 0.781175330851098 0.005347205271746 -0.624288803251716
   outer loop
      vertex 0.174448068956960 0.905953708126912 -0.143965037623661
      vertex 0.181623493547825 0.902970672032912 -0.135011947734293
      vertex 0.181617302707609 0.901470886572694 -0.135032540434829
   endloop
endfacet
facet normal -0.106027754241724 0.898782229633098 0.425380557884600
   outer loop
      vertex 0.169017279386914 0.814466826525966 0.065997147095444
      vertex 0.195786226711425 0.818398027483469 0.064363216769751
      vertex 0.183781401977012 0.818626807597916 0.060887580470420
   endloop
endfacet
facet normal 0.424427417047211 -0.888127784006752 0.176324720144081
   outer loop
      vertex -0.091600885609347 0.644490378818838 0.182073657477905
      vertex -0.088995712272713 0.644607698727629 0.176393728317689
      vertex -0.080306226897458 0.649509858452376 0.180169083352158
   endloop
endfacet
facet normal -0.301291362587896 -0.924905087560268 -0.231892418666635
   outer loop
      vertex 0.125177874238674 0.926677396952192 -0.172662057633630
      vertex 0.116216214038893 0.931128876253558 -0.178773189030290
      vertex 0.132498519376465 0.926832569817628 -0.182792476449336
   endloop
endfacet
facet normal -0.311243214601126 -0.925117200135816 -0.217453046374674
   outer loop
      vertex 0.109401463848907 0.930958890409917 -0.168295977413575
      vertex 0.116216214038893 0.931128876253558 -0.178773189030290
      vertex 0.125177874238674 0.926677396952192 -0.172662057633630
   endloop
endfacet
facet normal -0.080879317400517 0.908961995990577 0.408957975667003
   outer loop
      vertex 0.183781401977012 0.818626807597916 0.060887580470420
      vertex 0.198430770333216 0.822818453752128 0.054468299522205
      vertex 0.186269693502460 0.823033258147093 0.051585781770596
   endloop
endfacet
facet normal -0.129695953518605 -0.898581886653788 0.419201088522702
   outer loop
      vertex -0.197639961675604 0.511727707753994 -0.045981654764665
      vertex -0.201322155178612 0.507106548000763 -0.057026607112753
      vertex -0.195319894841141 0.507052631795177 -0.055285149917183
   endloop
endfacet
facet normal 0.422076468203001 -0.905343937714341 -0.046944748728411
   outer loop
      vertex 0.004929707546060 0.692564840357740 0.225913903024426
      vertex 0.004139796332937 0.692843283373337 0.213442015389330
      vertex 0.014489258549528 0.697707386938770 0.212687464216718
   endloop
endfacet
facet normal 0.275559378178298 -0.909978226657915 0.309849408756104
   outer loop
      vertex -0.180297602233723 0.600711551660954 0.144788196226174
      vertex -0.170717159515727 0.600879420347175 0.136760993596904
      vertex -0.163808488709407 0.605644207484038 0.144610301838416
   endloop
endfacet
facet normal -0.343202050419782 -0.908615073527286 -0.237972689077260
   outer loop
      vertex 0.095771865474106 0.930618816865959 -0.147341565235974
      vertex 0.102586615666210 0.930788802603966 -0.157818766853248
      vertex 0.110536583959707 0.926367051390337 -0.152401236001325
   endloop
endfacet
facet normal -0.262398351388264 0.892914260923363 -0.365856840619941
   outer loop
      vertex -0.173018524684351 0.595711060126704 0.113147467130022
      vertex -0.167857358523680 0.595783890556714 0.109623547336609
      vertex -0.173062242462736 0.590971280768995 0.101610864173516
   endloop
endfacet
facet normal -0.071844282037045 0.925421462140825 0.372066548547057
   outer loop
      vertex 0.207791049458305 0.818169347343687 0.067838854125637
      vertex 0.222752925961094 0.822388746043874 0.060233233974450
      vertex 0.210591849130337 0.822603550438839 0.057350716222841
   endloop
endfacet
facet normal 0.204960584653725 -0.911728700478975 0.356008336224479
   outer loop
      vertex -0.189068998852847 0.586650099295194 0.111297746484563
      vertex -0.205307150273846 0.581807102876694 0.108243554457346
      vertex -0.194342908282387 0.581928558226014 0.102242281723931
   endloop
endfacet
facet normal -0.290460630866421 -0.924809302418646 -0.245683487594544
   outer loop
      vertex 0.133826039028119 0.922222607036076 -0.166117540662190
      vertex 0.125177874238674 0.926677396952192 -0.172662057633630
      vertex 0.141634881811638 0.922362657328898 -0.175876768839555
   endloop
endfacet
facet normal -0.301099683535740 -0.925001778444482 -0.231755669724007
   outer loop
      vertex 0.117857229098132 0.926522224224081 -0.162531651817199
      vertex 0.125177874238674 0.926677396952192 -0.172662057633630
      vertex 0.133826039028119 0.922222607036076 -0.166117540662190
   endloop
endfacet
facet normal 0.166732348950824 -0.912446418316654 0.373686844181662
   outer loop
      vertex -0.199172735990600 0.577217361002569 0.092939318418577
      vertex -0.215047034297623 0.572420456906207 0.088309348313936
      vertex -0.203547167522217 0.572515894703891 0.083411348954541
   endloop
endfacet
facet normal -0.945644306107191 0.009725706510945 -0.325057313346298
   outer loop
      vertex 0.055299040174395 0.955603016373711 -0.166827567652471
      vertex 0.071549734308601 0.953567327328798 -0.214164373380964
      vertex 0.055290252916585 0.952603759861502 -0.166891741776288
   endloop
endfacet
facet normal 0.086262663522336 -0.913514020011309 0.397556144619613
   outer loop
      vertex -0.213842575394519 0.558460301118969 0.053702294746971
      vertex -0.228539629846326 0.553748106420335 0.046063502338956
      vertex -0.216305699443428 0.553787461037768 0.043499385443974
   endloop
endfacet
facet normal -0.336721882838261 0.914342791956455 -0.224934729233018
   outer loop
      vertex -0.130900348643095 0.634126880976263 0.188839279464526
      vertex -0.132643472698968 0.629450617874925 0.172440035744072
      vertex -0.139979484063177 0.629238250254127 0.182558609979004
   endloop
endfacet
facet normal -0.332001096208810 -0.908484483045172 -0.253833047852906
   outer loop
      vertex 0.103215938821282 0.926211878556592 -0.142270820185452
      vertex 0.110536583959707 0.926367051390337 -0.152401236001325
      vertex 0.118208357434031 0.921942306606738 -0.146599096420011
   endloop
endfacet
facet normal -0.345831298892958 -0.917625401974835 -0.195868155544828
   outer loop
      vertex 0.091684386195272 0.939821664672558 -0.178542638073326
      vertex 0.082465790525546 0.944247357472841 -0.182999969169428
      vertex 0.097439446297336 0.940020816443375 -0.189636971544785
   endloop
endfacet
facet normal 0.044759521835520 -0.913865363373185 0.403542665441775
   outer loop
      vertex -0.218274003898302 0.549118543896872 0.033184106572593
      vertex -0.232168630394633 0.544442987096437 0.024136952729899
      vertex -0.219742478471536 0.544453084012754 0.022781553553865
   endloop
endfacet
facet normal 0.287865876136483 0.931515359450172 0.222288939141362
   outer loop
      vertex 0.125185557033886 0.929676865941650 -0.172610601741443
      vertex 0.132506102192279 0.929832036777186 -0.182741016557206
      vertex 0.123038445504394 0.934298405709897 -0.189196920210883
   endloop
endfacet
facet normal 0.999169271368064 -0.011044816973391 -0.039227275865614
   outer loop
      vertex 0.228777743008928 0.847667895713861 -0.008045318124670
      vertex 0.229195129781507 0.844695268958712 0.003423032556080
      vertex 0.229177835668979 0.843195537969810 0.003404792912461
   endloop
endfacet
facet normal -0.048512609875610 -0.931294398622382 -0.361022533614777
   outer loop
      vertex 0.228761348782100 0.846168179444742 -0.008063257786527
      vertex 0.215375821909863 0.850754803593758 -0.018096234119515
      vertex 0.227798186521311 0.850643476395673 -0.019478316637027
   endloop
endfacet
facet normal -0.032812549297716 -0.924812473316805 -0.379005574901265
   outer loop
      vertex 0.216286268387289 0.846294818969742 -0.007292236467938
      vertex 0.215375821909863 0.850754803593758 -0.018096234119515
      vertex 0.228761348782100 0.846168179444742 -0.008063257786527
   endloop
endfacet
facet normal -0.287646265036583 -0.931619968119329 -0.222134781634587
   outer loop
      vertex 0.125177874238674 0.926677396952192 -0.172662057633630
      vertex 0.132498519376465 0.926832569817628 -0.182792476449336
      vertex 0.141634881811638 0.922362657328898 -0.175876768839555
   endloop
endfacet
facet normal 0.954354357553907 -0.019106615671826 0.298064921544685
   outer loop
      vertex 0.219773674260126 0.816441079967036 0.071292354176830
      vertex 0.216295908214482 0.813497756245876 0.082238909739848
      vertex 0.216250314125631 0.810498479072569 0.082192634187533
   endloop
endfacet
facet normal -0.073550694732047 -0.908029107097421 -0.412399607138869
   outer loop
      vertex 0.190530992706724 0.850977456002282 -0.015332069084325
      vertex 0.176914601904486 0.855504837156335 -0.022872083210745
      vertex 0.189254341458901 0.855408991860873 -0.024861818614896
   endloop
endfacet
facet normal 0.111233512361463 0.928345293851321 -0.354685947158661
   outer loop
      vertex -0.240198261526113 0.515177294095903 -0.056011667087178
      vertex -0.225330224159038 0.510382516124202 -0.063898603598869
      vertex -0.237334690889959 0.510490150636210 -0.067381620097618
   endloop
endfacet
facet normal -0.297321981287573 -0.931729657362346 -0.208517349481230
   outer loop
      vertex 0.116216214038893 0.931128876253558 -0.178773189030290
      vertex 0.123031062221760 0.931298964051060 -0.189250398790662
      vertex 0.132498519376465 0.926832569817628 -0.182792476449336
   endloop
endfacet
facet normal -0.070459485220411 -0.916928909117830 -0.392780901478753
   outer loop
      vertex 0.202953457298416 0.850866130791842 -0.016714151602003
      vertex 0.189254341458901 0.855408991860873 -0.024861818614896
      vertex 0.201594080992148 0.855313147621753 -0.026851654013467
   endloop
endfacet
facet normal -0.067627954973495 -0.924588194498372 -0.374917497991682
   outer loop
      vertex 0.215375821909863 0.850754803593758 -0.018096234119515
      vertex 0.201594080992148 0.855313147621753 -0.026851654013467
      vertex 0.213933818559031 0.855217402300955 -0.028841388361065
   endloop
endfacet
facet normal -0.065053289405966 -0.931228087710962 -0.358583767334285
   outer loop
      vertex 0.227798186521311 0.850643476395673 -0.019478316637027
      vertex 0.213933818559031 0.855217402300955 -0.028841388361065
      vertex 0.226273558113446 0.855121557005494 -0.030831123765217
   endloop
endfacet
facet normal -0.050265179064413 -0.924724293411159 -0.377304112022193
   outer loop
      vertex 0.215375821909863 0.850754803593758 -0.018096234119515
      vertex 0.213933818559031 0.855217402300955 -0.028841388361065
      vertex 0.227798186521311 0.850643476395673 -0.019478316637027
   endloop
endfacet
facet normal -0.314687889215927 -0.931976972942436 -0.179973482174119
   outer loop
      vertex 0.097439446297336 0.940020816443375 -0.189636971544785
      vertex 0.103194606379560 0.940219970206063 -0.200731305416389
      vertex 0.113255221107225 0.935761525735982 -0.195234862515775
   endloop
endfacet
facet normal -0.076930940982536 -0.897689432831445 -0.433860936824577
   outer loop
      vertex 0.176914601904486 0.855504837156335 -0.022872083210745
      vertex 0.175281650723846 0.859922822771216 -0.031723662608702
      vertex 0.189254341458901 0.855408991860873 -0.024861818614896
   endloop
endfacet
facet normal -0.092613571333846 -0.907964160665669 -0.408685465060207
   outer loop
      vertex 0.189254341458901 0.855408991860873 -0.024861818614896
      vertex 0.175281650723846 0.859922822771216 -0.031723662608702
      vertex 0.187508956202967 0.859842617209285 -0.034316342659939
   endloop
endfacet
facet normal 0.092721791160156 0.928434995377165 -0.359737583250703
   outer loop
      vertex -0.242510519954557 0.519862269942735 -0.044516346669953
      vertex -0.228038087856274 0.515083889634801 -0.053118466149791
      vertex -0.240198261526113 0.515177294095903 -0.056011667087178
   endloop
endfacet
facet normal -0.383025210505074 -0.898412679401680 -0.214817004931729
   outer loop
      vertex 0.080174166013100 0.939423359033418 -0.156353960730820
      vertex 0.072058253008288 0.943820680041317 -0.160273620918121
      vertex 0.085929226113005 0.939622510911982 -0.167448304401711
   endloop
endfacet
facet normal 0.023853130934988 -0.913994345601496 0.405025140396362
   outer loop
      vertex -0.219742478471536 0.544453084012754 0.022781553553865
      vertex -0.233184782079866 0.539795908653896 0.013063660702618
      vertex -0.220707122382800 0.539791084078993 0.012317927031857
   endloop
endfacet
facet normal -0.278988473317705 -0.924722729079331 -0.258946531314729
   outer loop
      vertex 0.142139899223845 0.917764760378467 -0.159155481913978
      vertex 0.133826039028119 0.922222607036076 -0.166117540662190
      vertex 0.150418038422730 0.917889564098368 -0.168520018450389
   endloop
endfacet
facet normal 0.093992228260522 -0.918090587846829 -0.385065102980892
   outer loop
      vertex 0.207746755514795 0.815170075939275 0.067794478465113
      vertex 0.195741932789081 0.815398755022716 0.064318941103645
      vertex 0.198387878460490 0.819819092242276 0.054425622707914
   endloop
endfacet
facet normal -0.054329816302807 -0.908103738251248 -0.415205818401683
   outer loop
      vertex 0.191336005651059 0.846548194950419 -0.005750092779621
      vertex 0.178108628074111 0.851088784256708 -0.013950086561231
      vertex 0.190530992706724 0.850977456002282 -0.015332069084325
   endloop
endfacet
facet normal -0.266412122093677 -0.931429527216270 -0.247918569355381
   outer loop
      vertex 0.142139899223845 0.917764760378467 -0.159155481913978
      vertex 0.150418038422730 0.917889564098368 -0.168520018450389
      vertex 0.158827079636121 0.913413562472985 -0.160740005971565
   endloop
endfacet
facet normal -0.056638242458409 -0.897779945624787 -0.436787452572961
   outer loop
      vertex 0.178108628074111 0.851088784256708 -0.013950086561231
      vertex 0.176914601904486 0.855504837156335 -0.022872083210745
      vertex 0.190530992706724 0.850977456002282 -0.015332069084325
   endloop
endfacet
facet normal -0.306343627333318 -0.931849463197949 -0.194448347717226
   outer loop
      vertex 0.106962667243294 0.935576817489251 -0.184436086999895
      vertex 0.113255221107225 0.935761525735982 -0.195234862515775
      vertex 0.123031062221760 0.931298964051060 -0.189250398790662
   endloop
endfacet
facet normal -0.326476997814437 -0.917480421701238 -0.227249742998736
   outer loop
      vertex 0.102586615666210 0.930788802603966 -0.157818766853248
      vertex 0.109401463848907 0.930958890409917 -0.168295977413575
      vertex 0.117857229098132 0.926522224224081 -0.162531651817199
   endloop
endfacet
facet normal -0.372830912872581 -0.898269562700006 -0.232613204984881
   outer loop
      vertex 0.088085105631745 0.935022694736699 -0.152039760452422
      vertex 0.080174166013100 0.939423359033418 -0.156353960730820
      vertex 0.094377559515855 0.935207400974659 -0.162838533968247
   endloop
endfacet
facet normal -0.353634300027397 -0.908753693490356 -0.221606647941279
   outer loop
      vertex 0.088085105631745 0.935022694736699 -0.152039760452422
      vertex 0.094377559515855 0.935207400974659 -0.162838533968247
      vertex 0.102586615666210 0.930788802603966 -0.157818766853248
   endloop
endfacet
facet normal -0.130096159035479 -0.907876151733981 -0.398542196657911
   outer loop
      vertex 0.185299244913034 0.864277976595963 -0.043672644623650
      vertex 0.170715800054284 0.868763421994560 -0.049129980795080
      vertex 0.182630315297921 0.868714734820920 -0.052908327877901
   endloop
endfacet
facet normal -0.311460261960218 -0.925008554099135 -0.217604411864971
   outer loop
      vertex 0.116216214038893 0.931128876253558 -0.178773189030290
      vertex 0.106962667243294 0.935576817489251 -0.184436086999895
      vertex 0.123031062221760 0.931298964051060 -0.189250398790662
   endloop
endfacet
facet normal 0.220913575933569 -0.895885114923707 0.385469911700485
   outer loop
      vertex -0.173084547956071 0.586850872886880 0.101499237071218
      vertex -0.183378566331850 0.582050016619323 0.096240908995930
      vertex -0.177896396329181 0.582110794746966 0.093240323154626
   endloop
endfacet
facet normal 0.137001057008878 -0.897351835403615 0.419512090262265
   outer loop
      vertex -0.189866659432510 0.567946048033130 0.067188174541893
      vertex -0.198966061833255 0.563206413011629 0.060021533797984
      vertex -0.193003963099659 0.563240423358495 0.058147226478690
   endloop
endfacet
facet normal 0.147048006811015 -0.912757941638529 0.381116548668124
   outer loop
      vertex -0.203547167522217 0.572515894703891 0.083411348954541
      vertex -0.219182265448102 0.567741408727137 0.078009221932185
      vertex -0.207455982263222 0.567823225677264 0.073680762555613
   endloop
endfacet
facet normal 0.186046776352291 -0.912102446317539 0.365315924140300
   outer loop
      vertex -0.194342908282387 0.581928558226014 0.102242281723931
      vertex -0.210418390307678 0.577108776452739 0.098395356243435
      vertex -0.199172735990600 0.577217361002569 0.092939318418577
   endloop
endfacet
facet normal 0.258751746191002 -0.910457038074126 0.322669359661555
   outer loop
      vertex -0.170717159515727 0.600879420347175 0.136760993596904
      vertex -0.187204802081160 0.595968296587317 0.136125169706304
      vertex -0.177241268877367 0.596125398458294 0.128578599083231
   endloop
endfacet
facet normal -0.336391678155075 -0.917615241178344 -0.211714213092133
   outer loop
      vertex 0.094377559515855 0.935207400974659 -0.162838533968247
      vertex 0.100670113380210 0.935392109200265 -0.173637307484239
      vertex 0.109401463848907 0.930958890409917 -0.168295977413575
   endloop
endfacet
facet normal 0.291734916814288 -0.909478165930343 0.296209729764809
   outer loop
      vertex -0.172982445716821 0.605466043128933 0.153098635410365
      vertex -0.163808488709407 0.605644207484038 0.144610301838416
      vertex -0.156531870986336 0.610420324109291 0.152108132258229
   endloop
endfacet
facet normal 0.349352820530317 -0.907239561241878 0.234241297181254
   outer loop
      vertex -0.140001524517560 0.624616496273319 0.182449287020554
      vertex -0.132665513153351 0.624828863894116 0.172330712785624
      vertex -0.124092965339205 0.629661496077169 0.178262678498392
   endloop
endfacet
facet normal 0.972590593573550 -0.006031369056379 -0.232446036489238
   outer loop
      vertex 0.221568529648630 0.865584277759402 -0.053223155630837
      vertex 0.224218158036149 0.862601532141296 -0.042059301323041
      vertex 0.224204665308606 0.861101769313864 -0.042076842068594
   endloop
endfacet
facet normal -0.275747399305476 0.023106664853289 -0.960952368130504
   outer loop
      vertex 0.047552486577084 0.719891978271653 0.180873835278627
      vertex 0.038711519661911 0.712910061914396 0.183242885929215
      vertex 0.038729725312913 0.715033077482654 0.183288710935488
   endloop
endfacet
facet normal -0.015757638072106 -0.897998573545777 -0.439716111544868
   outer loop
      vertex 0.179169387285109 0.842263275272760 0.004019264361118
      vertex 0.178860925256249 0.846674834475418 -0.004979071461032
      vertex 0.191667275838480 0.842121409923357 0.003861111586487
   endloop
endfacet
facet normal -0.124130021712536 -0.916784114138972 -0.379603247841829
   outer loop
      vertex 0.197384809526016 0.864213461660566 -0.046861962229106
      vertex 0.182630315297921 0.868714734820920 -0.052908327877901
      vertex 0.194544932530500 0.868665948603918 -0.056686576023023
   endloop
endfacet
facet normal -0.118686494071617 -0.924453115702389 -0.362353353776577
   outer loop
      vertex 0.209470274158757 0.864148944737524 -0.050051279834397
      vertex 0.194544932530500 0.868665948603918 -0.056686576023023
      vertex 0.206459547754381 0.868617263417922 -0.060464923106009
   endloop
endfacet
facet normal -0.113713966802475 -0.931099523980892 -0.346587377434034
   outer loop
      vertex 0.221555838771742 0.864084429802128 -0.053240597439854
      vertex 0.206459547754381 0.868617263417922 -0.060464923106009
      vertex 0.218374162978263 0.868568578231927 -0.064243270188995
   endloop
endfacet
facet normal -0.034997799783424 -0.908189693130219 -0.417093077504719
   outer loop
      vertex 0.191667275838480 0.842121409923357 0.003861111586487
      vertex 0.178860925256249 0.846674834475418 -0.004979071461032
      vertex 0.191336005651059 0.846548194950419 -0.005750092779621
   endloop
endfacet
facet normal -0.060251810313958 0.928123876847315 -0.367363292368469
   outer loop
      vertex -0.240758183720036 0.557391837776029 0.048736728047940
      vertex -0.230604811390034 0.552714502188267 0.035254417742054
      vertex -0.242949704101324 0.552689706896844 0.037216478315217
   endloop
endfacet
facet normal -0.411682511237479 0.907065108545139 0.088036349317757
   outer loop
      vertex 0.024821127171290 0.706947997261369 0.211521424672573
      vertex 0.035046986376737 0.711760628469500 0.209754399425196
      vertex 0.022809562294570 0.707232102625170 0.199187563136581
   endloop
endfacet
facet normal -0.051420066793834 0.932010692437008 0.358764610732451
   outer loop
      vertex 0.225159974569939 0.826841668518009 0.049021936791073
      vertex 0.227011424895321 0.831299035993181 0.037707798422469
      vertex 0.212871955248826 0.827042305807025 0.046739529751959
   endloop
endfacet
facet normal 0.567596667150655 0.013279855391717 -0.823199653109891
   outer loop
      vertex 0.132506102192279 0.929832036777186 -0.182741016557206
      vertex 0.123034752869311 0.932798734867810 -0.189223658972496
      vertex 0.123038445504394 0.934298405709897 -0.189196920210883
   endloop
endfacet
facet normal -0.322331744977917 -0.932116021074030 -0.165111990590056
   outer loop
      vertex 0.087669561271284 0.944460596235067 -0.194363146351524
      vertex 0.092873330029914 0.944673934950829 -0.205726320477178
      vertex 0.103194606379560 0.940219970206063 -0.200731305416389
   endloop
endfacet
facet normal -0.015600378304103 -0.908284425743762 -0.418062232386630
   outer loop
      vertex 0.191523898514998 0.837697329159938 0.013478245316028
      vertex 0.179169387285109 0.842263275272760 0.004019264361118
      vertex 0.191667275838480 0.842121409923357 0.003861111586487
   endloop
endfacet
facet normal -0.033872306403950 -0.917081048329355 -0.397259383342933
   outer loop
      vertex 0.204165064390441 0.841979543642651 0.003702858817604
      vertex 0.191336005651059 0.846548194950419 -0.005750092779621
      vertex 0.203811187992479 0.846421458494742 -0.006521215149348
   endloop
endfacet
facet normal -0.032823455724282 -0.924734495969608 -0.379194847958344
   outer loop
      vertex 0.216662852963568 0.841837676305602 0.003544706043140
      vertex 0.203811187992479 0.846421458494742 -0.006521215149348
      vertex 0.216286268387289 0.846294818969742 -0.007292236467938
   endloop
endfacet
facet normal -0.031870617986527 -0.931365136140205 -0.362688912005446
   outer loop
      vertex 0.229160641515530 0.841695810024896 0.003386453274256
      vertex 0.216286268387289 0.846294818969742 -0.007292236467938
      vertex 0.228761348782100 0.846168179444742 -0.008063257786527
   endloop
endfacet
facet normal -0.015309114030361 -0.924910744076850 -0.379875962017621
   outer loop
      vertex 0.216662852963568 0.841837676305602 0.003544706043140
      vertex 0.216286268387289 0.846294818969742 -0.007292236467938
      vertex 0.229160641515530 0.841695810024896 0.003386453274256
   endloop
endfacet
facet normal 0.967769822636320 -0.017983766608191 0.251193460370784
   outer loop
      vertex 0.222710034088368 0.819389384534023 0.060190557160159
      vertex 0.219773674260126 0.816441079967036 0.071292354176830
      vertex 0.219751578261676 0.814941395799492 0.071270115820999
   endloop
endfacet
facet normal -0.015176720977362 -0.931446656327101 -0.363561265204971
   outer loop
      vertex 0.228995059119539 0.837226637697350 0.014843418076367
      vertex 0.216662852963568 0.841837676305602 0.003544706043140
      vertex 0.229160641515530 0.841695810024896 0.003386453274256
   endloop
endfacet
facet normal -0.036231125103895 -0.897882814343923 -0.438741105071706
   outer loop
      vertex 0.178860925256249 0.846674834475418 -0.004979071461032
      vertex 0.178108628074111 0.851088784256708 -0.013950086561231
      vertex 0.191336005651059 0.846548194950419 -0.005750092779621
   endloop
endfacet
facet normal -0.322647224262429 0.023212967367430 -0.946234604536184
   outer loop
      vertex 0.056263586669129 0.726815556811820 0.178073371789394
      vertex 0.047552486577084 0.719891978271653 0.180873835278627
      vertex 0.047571314198830 0.721983708108185 0.180918729617026
   endloop
endfacet
facet normal -0.052215957404939 -0.916995310361113 -0.395465668001676
   outer loop
      vertex 0.203811187992479 0.846421458494742 -0.006521215149348
      vertex 0.190530992706724 0.850977456002282 -0.015332069084325
      vertex 0.202953457298416 0.850866130791842 -0.016714151602003
   endloop
endfacet
facet normal -0.050282892203823 -0.924656112532965 -0.377468812363410
   outer loop
      vertex 0.216286268387289 0.846294818969742 -0.007292236467938
      vertex 0.202953457298416 0.850866130791842 -0.016714151602003
      vertex 0.215375821909863 0.850754803593758 -0.018096234119515
   endloop
endfacet
facet normal -0.084842412234383 -0.924531634612819 -0.371541413151213
   outer loop
      vertex 0.213933818559031 0.855217402300955 -0.028841388361065
      vertex 0.199736361662332 0.859762413635000 -0.036909022711341
      vertex 0.211963767142864 0.859682209004374 -0.039501602768326
   endloop
endfacet
facet normal -0.067612793899349 -0.924647465746581 -0.374774030836648
   outer loop
      vertex 0.213933818559031 0.855217402300955 -0.028841388361065
      vertex 0.211963767142864 0.859682209004374 -0.039501602768326
      vertex 0.226273558113446 0.855121557005494 -0.030831123765217
   endloop
endfacet
facet normal -0.015307916114580 -0.924820111517927 -0.380096604873285
   outer loop
      vertex 0.216504570269470 0.837383633542794 0.014388294883362
      vertex 0.204165064390441 0.841979543642651 0.003702858817604
      vertex 0.216662852963568 0.841837676305602 0.003544706043140
   endloop
endfacet
facet normal -0.088550817732036 -0.916864282509381 -0.389253953271571
   outer loop
      vertex 0.201594080992148 0.855313147621753 -0.026851654013467
      vertex 0.187508956202967 0.859842617209285 -0.034316342659939
      vertex 0.199736361662332 0.859762413635000 -0.036909022711341
   endloop
endfacet
facet normal -0.081458042836625 -0.931174522748526 -0.355356997175069
   outer loop
      vertex 0.226273558113446 0.855121557005494 -0.030831123765217
      vertex 0.211963767142864 0.859682209004374 -0.039501602768326
      vertex 0.224191072621985 0.859602003442444 -0.042094282819562
   endloop
endfacet
facet normal -0.101851370611630 -0.924527858435765 -0.367252688595618
   outer loop
      vertex 0.209470274158757 0.864148944737524 -0.050051279834397
      vertex 0.206459547754381 0.868617263417922 -0.060464923106009
      vertex 0.221555838771742 0.864084429802128 -0.053240597439854
   endloop
endfacet
facet normal -0.097057834157865 -0.897613335884426 -0.429965203325824
   outer loop
      vertex 0.175281650723846 0.859922822771216 -0.031723662608702
      vertex 0.173213682287581 0.864342391556695 -0.040483328074747
      vertex 0.187508956202967 0.859842617209285 -0.034316342659939
   endloop
endfacet
facet normal 0.015801527102608 0.021845020561051 -0.999636487338229
   outer loop
      vertex -0.006572711658867 0.690813277344384 0.188746360613684
      vertex -0.015735242006862 0.683670138780925 0.188445427240181
      vertex -0.015721974054015 0.685981152206187 0.188496139464424
   endloop
endfacet
facet normal -0.290291648239950 -0.924895367402284 -0.245559195144324
   outer loop
      vertex 0.126017198230017 0.922082456874225 -0.156358323540821
      vertex 0.133826039028119 0.922222607036076 -0.166117540662190
      vertex 0.142139899223845 0.917764760378467 -0.159155481913978
   endloop
endfacet
facet normal -0.363014258974169 0.920036185962067 -0.147492590667492
   outer loop
      vertex -0.096541500876743 0.653611907274861 0.220887224206763
      vertex -0.102003630305287 0.648893953913204 0.204900950328118
      vertex -0.107214074971265 0.648659212133312 0.216260807592166
   endloop
endfacet
facet normal -0.309868109058497 -0.897694944373576 -0.313249967014577
   outer loop
      vertex 0.123916348184789 0.912975557950577 -0.124950885784687
      vertex 0.117305187644823 0.917390043543109 -0.131061895472792
      vertex 0.132643980560616 0.913085083081022 -0.133898165567185
   endloop
endfacet
facet normal 0.111151383506378 0.928461315550443 -0.354407894199550
   outer loop
      vertex -0.213325807439407 0.510274881674712 -0.060415687094457
      vertex -0.233926151578379 0.505799447005860 -0.078601017662821
      vertex -0.225330224159038 0.510382516124202 -0.063898603598869
   endloop
endfacet
facet normal -0.015453251932321 -0.917168685984656 -0.398199445572060
   outer loop
      vertex 0.204014285376122 0.837540432357856 0.013933269571334
      vertex 0.191667275838480 0.842121409923357 0.003861111586487
      vertex 0.204165064390441 0.841979543642651 0.003702858817604
   endloop
endfacet
facet normal 0.002216671722880 -0.925016148278970 -0.379921323157323
   outer loop
      vertex 0.228995059119539 0.837226637697350 0.014843418076367
      vertex 0.216504570269470 0.837383633542794 0.014388294883362
      vertex 0.216662852963568 0.841837676305602 0.003544706043140
   endloop
endfacet
facet normal -0.315830731029619 -0.917360117099953 -0.242283645530721
   outer loop
      vertex 0.110536583959707 0.926367051390337 -0.152401236001325
      vertex 0.117857229098132 0.926522224224081 -0.162531651817199
      vertex 0.126017198230017 0.922082456874225 -0.156358323540821
   endloop
endfacet
facet normal -0.323973863426140 -0.897784999320750 -0.298367275034281
   outer loop
      vertex 0.117305187644823 0.917390043543109 -0.131061895472792
      vertex 0.110399514648397 0.921802256419552 -0.136839878242088
      vertex 0.125583424836419 0.917514949225318 -0.140426430952815
   endloop
endfacet
facet normal -0.277336389543962 -0.931519505613221 -0.235278425906031
   outer loop
      vertex 0.133826039028119 0.922222607036076 -0.166117540662190
      vertex 0.141634881811638 0.922362657328898 -0.175876768839555
      vertex 0.150418038422730 0.917889564098368 -0.168520018450389
   endloop
endfacet
facet normal 0.073970693287881 0.928492085459008 -0.363910406246500
   outer loop
      vertex -0.244266044596953 0.524546559817223 -0.032921545787237
      vertex -0.230223511047409 0.519783396695652 -0.042220052397292
      vertex -0.242510519954557 0.519862269942735 -0.044516346669953
   endloop
endfacet
facet normal -0.337351963868920 -0.897890796855273 -0.282817554965009
   outer loop
      vertex 0.110399514648397 0.921802256419552 -0.136839878242088
      vertex 0.103215938821282 0.926211878556592 -0.142270820185452
      vertex 0.118208357434031 0.921942306606738 -0.146599096420011
   endloop
endfacet
facet normal -0.349977430751592 -0.898001502275946 -0.266662895571654
   outer loop
      vertex 0.103215938821282 0.926211878556592 -0.142270820185452
      vertex 0.095771865474106 0.930618816865959 -0.147341565235974
      vertex 0.110536583959707 0.926367051390337 -0.152401236001325
   endloop
endfacet
facet normal -0.361810690675219 -0.898131310649307 -0.249906328340199
   outer loop
      vertex 0.095771865474106 0.930618816865959 -0.147341565235974
      vertex 0.088085105631745 0.935022694736699 -0.152039760452422
      vertex 0.102586615666210 0.930788802603966 -0.157818766853248
   endloop
endfacet
facet normal 0.065011002156608 0.021518963786956 -0.997652496511751
   outer loop
      vertex -0.015721974054015 0.685981152206187 0.188496139464424
      vertex -0.015735242006862 0.683670138780925 0.188445427240181
      vertex -0.024863133771346 0.678809479642520 0.187745775065093
   endloop
endfacet
facet normal 0.065037250793206 0.021485403420624 -0.997651509019615
   outer loop
      vertex -0.015721974054015 0.685981152206187 0.188496139464424
      vertex -0.024863133771346 0.678809479642520 0.187745775065093
      vertex -0.024850889782418 0.681151875048958 0.187797019036755
   endloop
endfacet
facet normal -0.135311057913413 0.927293580542016 -0.349023685574377
   outer loop
      vertex -0.226526967433252 0.576257837404462 0.093318493663503
      vertex -0.219163291089781 0.571611795935622 0.078120008619645
      vertex -0.230889572287129 0.571529879010832 0.082448466939662
   endloop
endfacet
facet normal -0.935552158627622 0.019635654752976 -0.352642311059833
   outer loop
      vertex 0.169017279386914 0.814466826525966 0.065997147095444
      vertex 0.165690857783320 0.808036026705582 0.074463992544919
      vertex 0.165713837710122 0.809566714875784 0.074488258335074
   endloop
endfacet
facet normal -0.935554075779095 0.019635602949953 -0.352637227742500
   outer loop
      vertex 0.168971683331698 0.811467648270982 0.065950972594102
      vertex 0.165667877856518 0.806505338535382 0.074439726754763
      vertex 0.165690857783320 0.808036026705582 0.074463992544919
   endloop
endfacet
facet normal -0.778706294587212 -0.012237220442959 0.627269286037572
   outer loop
      vertex -0.189866258262983 0.602697776033202 0.152870954048032
      vertex -0.197145119150609 0.600056853246300 0.143783290309633
      vertex -0.197156728222131 0.597934074496823 0.143727465850573
   endloop
endfacet
facet normal -0.033424091841177 0.022115812186526 -0.999196537692121
   outer loop
      vertex 0.002590103588809 0.697896767873862 0.188596638685571
      vertex -0.006572711658867 0.690813277344384 0.188746360613684
      vertex -0.006558517777145 0.693092808938844 0.188796340045283
   endloop
endfacet
facet normal 0.111154280610999 0.928460427790783 -0.354409311289090
   outer loop
      vertex -0.225330224159038 0.510382516124202 -0.063898603598869
      vertex -0.233926151578379 0.505799447005860 -0.078601017662821
      vertex -0.237334690889959 0.510490150636210 -0.067381620097618
   endloop
endfacet
facet normal -0.222880836367887 0.893829483823670 -0.389092516797051
   outer loop
      vertex -0.183356918107041 0.586107895176889 0.096352575716135
      vertex -0.177874748125539 0.586168674360875 0.093351889880412
      vertex -0.182283365579392 0.581375687688205 0.084866719090076
   endloop
endfacet
facet normal -0.521655825095859 -0.017279255150824 0.852981024106042
   outer loop
      vertex -0.127843760977105 0.636433312222373 0.205402920821338
      vertex -0.137739568943644 0.631565380546833 0.199252350111102
      vertex -0.127853883736120 0.634059683082068 0.205348646296528
   endloop
endfacet
facet normal -0.033385493117935 0.022065832362001 -0.999198933091626
   outer loop
      vertex 0.002590103588809 0.697896767873862 0.188596638685571
      vertex 0.002575089742221 0.695648419117516 0.188547488871204
      vertex -0.006572711658867 0.690813277344384 0.188746360613684
   endloop
endfacet
facet normal -0.369784576180112 0.912819116114412 -0.173264619802773
   outer loop
      vertex -0.117653554581262 0.643724160966031 0.211113198929034
      vertex -0.111889013538910 0.643954552794505 0.200024193549992
      vertex -0.121529188346381 0.639032217945144 0.194665838266684
   endloop
endfacet
facet normal 0.055031080963458 0.928527133664356 -0.367163372597333
   outer loop
      vertex -0.245460443837672 0.529231130096762 -0.021253656633465
      vertex -0.231881517793808 0.524482295264757 -0.031227851473176
      vertex -0.244266044596953 0.524546559817223 -0.032921545787237
   endloop
endfacet
facet normal -0.082560062098466 0.022398202275720 -0.996334359881819
   outer loop
      vertex 0.011716048442901 0.702704313358888 0.187948654990192
      vertex 0.011700110633805 0.700487347515023 0.187900136917498
      vertex 0.002575089742221 0.695648419117516 0.188547488871204
   endloop
endfacet
facet normal 0.134171643784867 0.890411674647274 -0.434931051611521
   outer loop
      vertex -0.195319030402062 0.510113333007282 -0.055191313394640
      vertex -0.186645508711467 0.505312675236728 -0.062343759858809
      vertex -0.201321288752000 0.510167149238204 -0.056932771646764
   endloop
endfacet
facet normal -0.808580100789868 -0.011048575360747 0.588282372325692
   outer loop
      vertex -0.197145119150609 0.600056853246300 0.143783290309633
      vertex -0.203985817592874 0.595273870578041 0.134291083772314
      vertex -0.197156728222131 0.597934074496823 0.143727465850573
   endloop
endfacet
facet normal -0.035544614944785 -0.930336179644789 0.364981058676153
   outer loop
      vertex -0.233014754484651 0.525872432730701 -0.020268515287151
      vertex -0.245467248209182 0.525921830518998 -0.021355318384091
      vertex -0.244271333536732 0.521299387546186 -0.033021451483868
   endloop
endfacet
facet normal 0.311269110239162 0.925103822891930 0.217472889992425
   outer loop
      vertex 0.125185557033886 0.929676865941650 -0.172610601741443
      vertex 0.123038445504394 0.934298405709897 -0.189196920210883
      vertex 0.116223595333402 0.934128417916639 -0.178719712193801
   endloop
endfacet
facet normal -0.602855691646126 -0.016217783303777 0.797685400740532
   outer loop
      vertex -0.147326564661517 0.626714955189942 0.192622472209307
      vertex -0.156570535846202 0.624160842615139 0.185584355827636
      vertex -0.156581829350462 0.621881320448484 0.185529475608171
   endloop
endfacet
facet normal -0.778738283013822 -0.012243607413906 0.627229448165645
   outer loop
      vertex -0.189877942983942 0.600543584987714 0.152815397798726
      vertex -0.197156728222131 0.597934074496823 0.143727465850573
      vertex -0.197168235304709 0.595811196703986 0.143671740329212
   endloop
endfacet
facet normal -0.562998058020443 -0.016647084193323 0.826290542880088
   outer loop
      vertex -0.137739568943644 0.631565380546833 0.199252350111102
      vertex -0.147326564661517 0.626714955189942 0.192622472209307
      vertex -0.137750215913523 0.629223150720325 0.199197907371952
   endloop
endfacet
facet normal 0.520486329340470 0.017477306998746 -0.853691117858067
   outer loop
      vertex -0.102616132688224 0.639707740749269 0.162291863853547
      vertex -0.110425067752674 0.632442069147839 0.157382092352819
      vertex -0.110414422770328 0.634784398949011 0.157436536148522
   endloop
endfacet
facet normal -0.258286082769116 -0.019974732463717 0.965861951580446
   outer loop
      vertex -0.063413415904731 0.665670274525055 0.231669391561544
      vertex -0.074616755949181 0.663341977060522 0.228625298222790
      vertex -0.074625104021755 0.660874048697744 0.228572027256204
   endloop
endfacet
facet normal -0.562957903509559 -0.016648042035784 0.826317881672966
   outer loop
      vertex -0.137728923961298 0.633907710348006 0.199306793906805
      vertex -0.147315593420098 0.629025780671022 0.192677183157547
      vertex -0.137739568943644 0.631565380546833 0.199252350111102
   endloop
endfacet
facet normal 0.003309373388856 -0.898779924168150 0.438387609268404
   outer loop
      vertex -0.202416941789263 0.535102872885522 0.001617734855027
      vertex -0.202381165879466 0.530424736569410 -0.007973625188894
      vertex -0.196167412861323 0.535093092159745 0.001550504978827
   endloop
endfacet
facet normal 0.320712933344112 0.925231084671216 0.202708298655828
   outer loop
      vertex 0.116223595333402 0.934128417916639 -0.178719712193801
      vertex 0.113262504849074 0.938760943475406 -0.195179307851717
      vertex 0.106969950984931 0.938576235239237 -0.184380533335781
   endloop
endfacet
facet normal 0.520671820502055 0.017261240233926 -0.853582394921933
   outer loop
      vertex -0.102626253459707 0.637334011634300 0.162237588272182
      vertex -0.102636376197556 0.634960381437652 0.162183413741791
      vertex -0.110435714722553 0.630099839321330 0.157327649613669
   endloop
endfacet
facet normal 0.526705712095595 0.014445426473462 -0.849924951098549
   outer loop
      vertex 0.123038445504394 0.934298405709897 -0.189196920210883
      vertex 0.113258813981900 0.937261183619258 -0.195207085211968
      vertex 0.113262504849074 0.938760943475406 -0.195179307851717
   endloop
endfacet
facet normal 0.002916536310259 -0.914268834764248 0.405097508749160
   outer loop
      vertex -0.221165732550965 0.535132413149571 0.001819226608233
      vertex -0.221117297813534 0.530476521809781 -0.008689052311659
      vertex -0.208666572706145 0.535112752654659 0.001684865793530
   endloop
endfacet
facet normal -0.746988487190779 -0.013121754908788 0.664707469156579
   outer loop
      vertex -0.182144740283051 0.607473376983993 0.161642555948733
      vertex -0.189854573520857 0.604851966022347 0.152926610291756
      vertex -0.189866258262983 0.602697776033202 0.152870954048032
   endloop
endfacet
facet normal 0.002480388781947 -0.930271102912421 0.366864447388404
   outer loop
      vertex -0.246164062238634 0.535171733940633 0.002087948237657
      vertex -0.246098819692918 0.530545701193500 -0.009642887070312
      vertex -0.233664892395787 0.535152073644485 0.001953587422937
   endloop
endfacet
facet normal 0.478041860190484 0.017811670632931 -0.878156434978920
   outer loop
      vertex -0.094605086952719 0.642240597863521 0.166703070046011
      vertex -0.094614683492173 0.639835468378413 0.166649062673405
      vertex -0.102636376197556 0.634960381437652 0.162183413741791
   endloop
endfacet
facet normal 0.623408369915422 -0.023077857260873 0.781555766931345
   outer loop
      vertex 0.143943657680521 0.755913411101671 0.184962570344610
      vertex 0.134846714683165 0.752857420054842 0.192128514115988
      vertex 0.134824241289724 0.750984293791844 0.192091130169514
   endloop
endfacet
facet normal 0.023832501427786 -0.914177012343487 0.404613892468400
   outer loop
      vertex -0.220707122382800 0.539791084078993 0.012317927031857
      vertex -0.221165732550965 0.535132413149571 0.001819226608233
      vertex -0.208229564632348 0.539786356434767 0.011572294412234
   endloop
endfacet
facet normal -0.161852419664310 -0.020782350707673 0.986596111966732
   outer loop
      vertex -0.040607718668153 0.675275392038841 0.236192279726179
      vertex -0.052064686925097 0.670470791313653 0.234211541197026
      vertex -0.040619140662350 0.672901711706942 0.236140405069567
   endloop
endfacet
facet normal -0.439190175775738 0.883699964546078 0.161822007660694
   outer loop
      vertex 0.051374344632264 0.721693950066069 0.192822628251902
      vertex 0.047571314198830 0.721983708108185 0.180918729617026
      vertex 0.038747928976382 0.717156193025578 0.183334536998316
   endloop
endfacet
facet normal 0.864009507077894 0.001549595514037 -0.503473107953898
   outer loop
      vertex 0.194583702257934 0.891000876886106 -0.116181781870079
      vertex 0.200364525332447 0.888014198017712 -0.106270511790097
      vertex 0.200356235277513 0.886514352330957 -0.106289354584827
   endloop
endfacet
facet normal 0.660921562956555 -0.022831087310220 0.750107611660686
   outer loop
      vertex 0.152725672911838 0.762660449912879 0.177430162859819
      vertex 0.143966351072695 0.757755346826050 0.184998724697174
      vertex 0.152702759520930 0.760849704727120 0.177395238101165
   endloop
endfacet
facet normal 0.943759840674357 0.005179007420836 -0.330591199236228
   outer loop
      vertex -0.183984543460582 0.571857342660338 0.065134831535486
      vertex -0.187032804849977 0.565178312785036 0.056328131795131
      vertex -0.187023947303079 0.567082288920427 0.056383245493335
   endloop
endfacet
facet normal 0.326500128109718 0.917468511922182 0.227264594637252
   outer loop
      vertex 0.117864811915215 0.929521691120259 -0.162480185925403
      vertex 0.116223595333402 0.934128417916639 -0.178719712193801
      vertex 0.109408747150704 0.933958330110687 -0.168242501633474
   endloop
endfacet
facet normal 0.660944884918583 -0.022908852049195 0.750084690950128
   outer loop
      vertex 0.152748686304156 0.764471196029942 0.177465187612722
      vertex 0.143989044486035 0.759597281494086 0.185034979044155
      vertex 0.152725672911838 0.762660449912879 0.177430162859819
   endloop
endfacet
facet normal 0.999184584813216 -0.010456144471370 -0.038997878332472
   outer loop
      vertex 0.228777743008928 0.847667895713861 -0.008045318124670
      vertex 0.229177835668979 0.843195537969810 0.003404792912461
      vertex 0.228761348782100 0.846168179444742 -0.008063257786527
   endloop
endfacet
facet normal 0.696876302773844 -0.022644293572215 0.716833770549961
   outer loop
      vertex 0.161080148907191 0.765792858038187 0.169407235634076
      vertex 0.152725672911838 0.762660449912879 0.177430162859819
      vertex 0.152702759520930 0.760849704727120 0.177395238101165
   endloop
endfacet
facet normal 0.696888461965545 -0.022712529102175 0.716819790882673
   outer loop
      vertex 0.161103282339165 0.767572410572642 0.169441130787653
      vertex 0.152725672911838 0.762660449912879 0.177430162859819
      vertex 0.161080148907191 0.765792858038187 0.169407235634076
   endloop
endfacet
facet normal -0.305651571365108 -0.019482416971669 0.951944090979603
   outer loop
      vertex -0.074625104021755 0.660874048697744 0.228572027256204
      vertex -0.085663631248480 0.658581916335572 0.224980850522997
      vertex -0.085678275363725 0.653583089360283 0.224873842948390
   endloop
endfacet
facet normal 0.696875365040853 -0.022632047380147 0.716835068917921
   outer loop
      vertex 0.161126415728806 0.769351965219782 0.169474825952394
      vertex 0.152748686304156 0.764471196029942 0.177465187612722
      vertex 0.161103282339165 0.767572410572642 0.169441130787653
   endloop
endfacet
facet normal -0.996066024686853 0.009187906097580 0.088136580635235
   outer loop
      vertex 0.178139514809760 0.854088284286055 -0.013914706149897
      vertex 0.178124120448875 0.852588584724366 -0.013932345830161
      vertex 0.178877219502834 0.848174548756892 -0.004961131799007
   endloop
endfacet
facet normal 0.810855216378722 0.004630415791481 -0.585228483005581
   outer loop
      vertex 0.181617302707609 0.901470886572694 -0.135032540434829
      vertex 0.188337081077248 0.896986412652551 -0.125757526448501
      vertex 0.181611011889266 0.899971099019196 -0.135053123135757
   endloop
endfacet
facet normal 0.052196570725572 0.917076559483034 0.395279776931797
   outer loop
      vertex 0.190561879442373 0.853976956031629 -0.015296688672992
      vertex 0.202984244053820 0.853865628833544 -0.016678771190504
      vertex 0.201623066052122 0.858312713029527 -0.026816572525681
   endloop
endfacet
facet normal -0.982756263798631 0.006758093461495 0.184782180248315
   outer loop
      vertex 0.175308736116844 0.862922352526410 -0.031688781106599
      vertex 0.175295143430223 0.861422586654990 -0.031706221857568
      vertex 0.176929094434473 0.857004619860222 -0.022854542466852
   endloop
endfacet
facet normal 0.945309975162826 -0.003553996315635 -0.326153981989867
   outer loop
      vertex 0.214653653387805 0.873054116743950 -0.075075504688601
      vertex 0.218385854073874 0.870068405256406 -0.064225728383902
      vertex 0.218374162978263 0.868568578231927 -0.064243270188995
   endloop
endfacet
facet normal 0.441207111210397 0.016164185009313 -0.897259719446026
   outer loop
      vertex 0.103198299457785 0.941719618932577 -0.200702473171635
      vertex 0.103194606379560 0.940219970206063 -0.200731305416389
      vertex 0.092873330029914 0.944673934950829 -0.205726320477178
   endloop
endfacet
facet normal 0.794319159341230 -0.021889007261141 0.607106205259478
   outer loop
      vertex 0.183738353137914 0.782341507457585 0.143159884953052
      vertex 0.176652085535421 0.779130817252555 0.152315580044807
      vertex 0.176628714075168 0.777413548739623 0.152284243016584
   endloop
endfacet
facet normal -0.422723131854898 0.896316236038314 0.133874414317659
   outer loop
      vertex 0.041961214271253 0.716867889835947 0.195411085466509
      vertex 0.051374344632264 0.721693950066069 0.192822628251902
      vertex 0.038747928976382 0.717156193025578 0.183334536998316
   endloop
endfacet
facet normal -0.361320133622996 0.882199643289858 0.301946270746813
   outer loop
      vertex 0.112095433904617 0.755596175767624 0.162385500223962
      vertex 0.104504283840388 0.755884653199080 0.152458800234345
      vertex 0.097026706871102 0.751030086018808 0.157694494389910
   endloop
endfacet
facet normal -0.338063785947366 0.904867624394784 0.258703418904879
   outer loop
      vertex 0.118313553859991 0.750160191623225 0.188554922185908
      vertex 0.111217870218510 0.750450221746432 0.178268113625054
      vertex 0.102465298104738 0.745597856035024 0.183802717591549
   endloop
endfacet
facet normal 0.184088271193558 0.907832027600225 0.376765866384194
   outer loop
      vertex 0.160725945152160 0.885030901987530 -0.074146222422526
      vertex 0.171957475077487 0.885029887151661 -0.079631516634927
      vertex 0.167526150166331 0.889469075041748 -0.088162761866912
   endloop
endfacet
facet normal -0.375294133274003 0.882406717509204 0.283747596332986
   outer loop
      vertex 0.104122290532339 0.750740053907956 0.167981302950929
      vertex 0.097026706871102 0.751030086018808 0.157694494389910
      vertex 0.089299597081305 0.746179689925068 0.162558264664116
   endloop
endfacet
facet normal -0.282845357429728 0.904061741419291 0.320422957171252
   outer loop
      vertex 0.152162924908689 0.769633986004356 0.160767116275060
      vertex 0.143199336074693 0.769915905882963 0.152059305546920
      vertex 0.135696175834793 0.765040276898588 0.159192488544791
   endloop
endfacet
facet normal -0.268590232861249 0.913341643724589 0.306049552605466
   outer loop
      vertex 0.152162924908689 0.769633986004356 0.160767116275060
      vertex 0.159721632953647 0.774517756673090 0.152826062430873
      vertex 0.143199336074693 0.769915905882963 0.152059305546920
   endloop
endfacet
facet normal -0.342564454401961 0.894274227160773 0.287963888736572
   outer loop
      vertex 0.119686685957790 0.755307599292808 0.172312299151278
      vertex 0.112095433904617 0.755596175767624 0.162385500223962
      vertex 0.104122290532339 0.750740053907956 0.167981302950929
   endloop
endfacet
facet normal -0.063982339327203 -0.898726770394319 0.433816150495593
   outer loop
      vertex -0.201883543170270 0.525748837260213 -0.017551458604105
      vertex -0.207117827067370 0.521106791390420 -0.027940266434039
      vertex -0.200925664650392 0.521074707642044 -0.027093468745774
   endloop
endfacet
facet normal 0.994142270317751 -0.014605815965124 0.107087891507210
   outer loop
      vertex 0.228283885642693 0.834260917309199 0.026298979874687
      vertex 0.227011424895321 0.831299035993181 0.037707798422469
      vertex 0.226991528970243 0.829799370201633 0.037687959929027
   endloop
endfacet
facet normal -0.135245223521151 -0.924425709944131 -0.356575148193201
   outer loop
      vertex 0.206459547754381 0.868617263417922 -0.060464923106009
      vertex 0.191223834331924 0.873119763122179 -0.066358965438898
      vertex 0.202938793849986 0.873086940926888 -0.070717235063832
   endloop
endfacet
facet normal 0.484581365068321 0.015659989673090 -0.874606005783153
   outer loop
      vertex 0.113262504849074 0.938760943475406 -0.195179307851717
      vertex 0.103198299457785 0.941719618932577 -0.200702473171635
      vertex 0.103201892557882 0.943219265565812 -0.200673630927272
   endloop
endfacet
facet normal 0.259384589304675 0.019915034930504 -0.965568757890893
   outer loop
      vertex -0.051893979482133 0.666679437000258 0.183024998329598
      vertex -0.060727401889310 0.659393083145563 0.180501758410263
      vertex -0.060718953857659 0.661861014552328 0.180554929382265
   endloop
endfacet
facet normal 0.909064702854847 -0.000398625226278 -0.416654781709459
   outer loop
      vertex 0.205642871092281 0.883527174475549 -0.096105809976260
      vertex 0.210413413235647 0.879040337506508 -0.085693064862386
      vertex 0.205633779300991 0.882027408214391 -0.096124211737667
   endloop
endfacet
facet normal 0.607067771360143 0.011498904452658 -0.794566860731190
   outer loop
      vertex 0.141638871979470 0.923862455091761 -0.175852015311011
      vertex 0.141634881811638 0.922362657328898 -0.175876768839555
      vertex 0.132498519376465 0.926832569817628 -0.182792476449336
   endloop
endfacet
facet normal -0.333926962444217 0.890748153558541 -0.308318845815218
   outer loop
      vertex -0.147763108863119 0.615041649526959 0.143289600991038
      vertex -0.143390418883307 0.615135552685436 0.138825018185524
      vertex -0.150024077415284 0.610282406600186 0.131988674901550
   endloop
endfacet
facet normal 0.987696429207715 -0.015695553011798 0.155593744559297
   outer loop
      vertex 0.226971633045166 0.828299704410083 0.037668121435583
      vertex 0.225139278654741 0.825341994219689 0.049001398338029
      vertex 0.225118682719787 0.823842321909015 0.048980859884820
   endloop
endfacet
facet normal 0.567475431774093 0.012689839541337 -0.823292537501235
   outer loop
      vertex 0.132506102192279 0.929832036777186 -0.182741016557206
      vertex 0.132502309790605 0.928332353284738 -0.182766745974994
      vertex 0.123034752869311 0.932798734867810 -0.189223658972496
   endloop
endfacet
facet normal 0.967744403326620 -0.017447386419600 0.251329183616088
   outer loop
      vertex 0.222731530014853 0.820889066282771 0.060211895567222
      vertex 0.219773674260126 0.816441079967036 0.071292354176830
      vertex 0.222710034088368 0.819389384534023 0.060190557160159
   endloop
endfacet
facet normal 0.999173738679092 -0.010976838561980 -0.039132453912697
   outer loop
      vertex 0.228761348782100 0.846168179444742 -0.008063257786527
      vertex 0.229177835668979 0.843195537969810 0.003404792912461
      vertex 0.229160641515530 0.841695810024896 0.003386453274256
   endloop
endfacet
facet normal -0.110809944806545 -0.892663269791674 0.436890653249538
   outer loop
      vertex -0.193366409770747 0.516361827926946 -0.035429218170726
      vertex -0.197639961675604 0.511727707753994 -0.045981654764665
      vertex -0.191559828855808 0.511680956430551 -0.044535054824323
   endloop
endfacet
facet normal 0.124122185681057 0.916786920001193 0.379599033634812
   outer loop
      vertex 0.197409993306839 0.867213053625162 -0.046827079667296
      vertex 0.206482929966771 0.871616916410538 -0.060429739501403
      vertex 0.194568414701968 0.871665604640521 -0.056651492413001
   endloop
endfacet
facet normal -0.097690846307009 -0.931132318712832 -0.351353246172972
   outer loop
      vertex 0.224191072621985 0.859602003442444 -0.042094282819562
      vertex 0.209470274158757 0.864148944737524 -0.050051279834397
      vertex 0.221555838771742 0.864084429802128 -0.053240597439854
   endloop
endfacet
facet normal -0.437726640781998 0.885295660885220 -0.156993569191574
   outer loop
      vertex -0.082611514857370 0.654326730851067 0.186077883750430
      vertex -0.080289932512656 0.654445799807621 0.180276326303477
      vertex -0.088977767576020 0.649480752350148 0.176501406634554
   endloop
endfacet
facet normal 0.999878761093274 -0.012181712963427 0.009698916633107
   outer loop
      vertex 0.229160641515530 0.841695810024896 0.003386453274256
      vertex 0.229013151171155 0.838726480336711 0.014862058752887
      vertex 0.228995059119539 0.837226637697350 0.014843418076367
   endloop
endfacet
facet normal -0.084820869948067 -0.924582266661589 -0.371420317425113
   outer loop
      vertex 0.211963767142864 0.859682209004374 -0.039501602768326
      vertex 0.209470274158757 0.864148944737524 -0.050051279834397
      vertex 0.224191072621985 0.859602003442444 -0.042094282819562
   endloop
endfacet
facet normal 0.198187557418773 0.924422996544831 0.325827892519127
   outer loop
      vertex 0.173318928427116 0.893938759132903 -0.103024122365435
      vertex 0.183958905642639 0.893969644448215 -0.109583604350053
      vertex 0.178038677093426 0.898439450687252 -0.118664091655976
   endloop
endfacet
facet normal -0.397548622769087 0.902863570600130 -0.163684041426115
   outer loop
      vertex -0.102003630305287 0.648893953913204 0.204900950328118
      vertex -0.096793285619553 0.649128693705451 0.193541093064235
      vertex -0.106124472517725 0.644184945679324 0.188935088176533
   endloop
endfacet
facet normal 0.958871296224868 0.003719288650165 -0.283816849690038
   outer loop
      vertex -0.187032804849977 0.565178312785036 0.056328131795131
      vertex -0.187041762398286 0.563274335718344 0.056272918102676
      vertex -0.189655146971351 0.558567939193570 0.047381959362761
   endloop
endfacet
facet normal 0.305764730995306 -0.924876251997625 0.226079295315149
   outer loop
      vertex -0.156593222834967 0.619601796294183 0.185474595388873
      vertex -0.165495065677696 0.614815817589178 0.177934902458216
      vertex -0.148767766704117 0.619806745383932 0.175729360029235
   endloop
endfacet
facet normal -0.602931133465789 -0.015996221172485 0.797632853639981
   outer loop
      vertex -0.147326564661517 0.626714955189942 0.192622472209307
      vertex -0.156581829350462 0.621881320448484 0.185529475608171
      vertex -0.147337633895648 0.624404027746554 0.192567760204680
   endloop
endfacet
facet normal 0.195273592515204 -0.902225173306742 0.384523030152714
   outer loop
      vertex -0.187926983680809 0.577326047514709 0.087483281650106
      vertex -0.192047300746808 0.572611332501576 0.078513349595147
      vertex -0.182304156532853 0.577380340317795 0.084755212740468
   endloop
endfacet
facet normal -0.003218127865339 0.902163492554667 -0.431382285629126
   outer loop
      vertex -0.221155881379675 0.538566171913011 0.001924002602252
      vertex -0.208656721534855 0.538546511418099 0.001789641787549
      vertex -0.208618156079676 0.533813561300049 -0.008108815009130
   endloop
endfacet
facet normal -0.069629647767711 0.901730978308416 -0.426653202156847
   outer loop
      vertex -0.218259868709788 0.552739299529855 0.033292257174390
      vertex -0.205915027976155 0.552764193802119 0.031330197657864
      vertex -0.207303552676895 0.548021603836732 0.021533346767621
   endloop
endfacet
facet normal 0.807775521891666 0.011054252259267 -0.589386553748587
   outer loop
      vertex -0.157291186317091 0.600685257811257 0.113596907823250
      vertex -0.157302795367447 0.598562478005438 0.113541183358609
      vertex -0.162707523773574 0.593765255364860 0.106043833800751
   endloop
endfacet
facet normal 0.048317783558985 -0.898514430146556 0.436276529978817
   outer loop
      vertex -0.201103200596770 0.544468230381051 0.020748454789731
      vertex -0.201990685766293 0.539783994072128 0.011199528099466
      vertex -0.194890174625344 0.544473277845386 0.020070755201796
   endloop
endfacet
facet normal -0.348240284357678 0.914028587117262 -0.208039530577496
   outer loop
      vertex -0.137728923961298 0.633907710348006 0.199306793906805
      vertex -0.130900348643095 0.634126880976263 0.188839279464526
      vertex -0.139979484063177 0.629238250254127 0.182558609979004
   endloop
endfacet
facet normal 0.289128186894694 -0.899979695999876 0.326253641099925
   outer loop
      vertex -0.161136818744342 0.601047385964074 0.128733892018770
      vertex -0.167277835653819 0.596282498341625 0.121032028460322
      vertex -0.156346647364883 0.601131318785191 0.124720340701427
   endloop
endfacet
facet normal 0.169198276622150 -0.928608417581855 0.330239837064242
   outer loop
      vertex -0.221664142596302 0.577000088884258 0.103851493006324
      vertex -0.226546901094198 0.572325020164864 0.093207247678911
      vertex -0.210418390307678 0.577108776452739 0.098395356243435
   endloop
endfacet
facet normal -0.390366361198264 -0.018728944256992 0.920469081877194
   outer loop
      vertex -0.096549749032572 0.651143984068754 0.220833653256756
      vertex -0.107222947318200 0.646222686253357 0.216207068427986
      vertex -0.096557895241790 0.648675963931971 0.220779981255610
   endloop
endfacet
facet normal 0.088546765022743 0.916872901304101 0.389234573564847
   outer loop
      vertex 0.201623066052122 0.858312713029527 -0.026816572525681
      vertex 0.211990852535861 0.862681738759568 -0.039466721266223
      vertex 0.199763447076495 0.862761942333854 -0.036874041214820
   endloop
endfacet
facet normal -0.998464897302050 0.003748926288339 -0.055261147357726
   outer loop
      vertex -0.246094645809194 0.532231465977566 -0.009591277634167
      vertex -0.245460443837672 0.529231130096762 -0.021253656633465
      vertex -0.245463846012844 0.527576479779709 -0.021304437511570
   endloop
endfacet
facet normal -0.959299647576204 -0.003675206233644 0.282366214372950
   outer loop
      vertex -0.234721141004387 0.566810394975214 0.071378006144714
      vertex -0.238013190025903 0.562098286451286 0.060132399286912
      vertex -0.234730098552697 0.564906417908522 0.071322792452258
   endloop
endfacet
facet normal -0.017256529588407 -0.922740474581912 0.385035360395526
   outer loop
      vertex -0.233664892395787 0.535152073644485 0.001953587422937
      vertex -0.246098819692918 0.530545701193500 -0.009642887070312
      vertex -0.233608053754214 0.530511111601023 -0.009165969690994
   endloop
endfacet
facet normal -0.039729264285425 0.917646643026143 0.395406403719248
   outer loop
      vertex 0.202240717743291 0.831671737177170 0.034354191321783
      vertex 0.203397129684928 0.836104098843629 0.024183899767509
      vertex 0.189855365161043 0.831858037781832 0.032677387243162
   endloop
endfacet
facet normal -0.971940284705806 -0.002895365203270 0.235209905884800
   outer loop
      vertex -0.238029893860586 0.558352666287120 0.060022530136582
      vertex -0.240765891959512 0.555550293335593 0.048682273635390
      vertex -0.240773608230647 0.553708649778071 0.048627718171885
   endloop
endfacet
facet normal 0.252594673735542 0.916902464045649 0.309007770496881
   outer loop
      vertex 0.161731776644029 0.902845514032327 -0.119871034334617
      vertex 0.164891239045908 0.907375254204236 -0.135894557923460
      vertex 0.155328720030996 0.907296932390568 -0.127845391940990
   endloop
endfacet
facet normal -0.836418889505478 -0.010330956549539 0.547993350885934
   outer loop
      vertex -0.203997246996150 0.593182302993867 0.134235288973482
      vertex -0.210359361201654 0.590502807377850 0.124474086136237
      vertex -0.210370514952672 0.588442653952296 0.124418223116155
   endloop
endfacet
facet normal -0.329273579446441 -0.932259399289803 -0.149904377235438
   outer loop
      vertex 0.077676619892318 0.948896003712909 -0.198603033788614
      vertex 0.082316501615176 0.949123189746180 -0.210207676762214
      vertex 0.092873330029914 0.944673934950829 -0.205726320477178
   endloop
endfacet
facet normal 0.121790854059973 0.912055369383791 -0.391563521086348
   outer loop
      vertex -0.215877926193158 0.514990586005939 -0.050225364150251
      vertex -0.201321288752000 0.510167149238204 -0.056932771646764
      vertex -0.213325807439407 0.510274881674712 -0.060415687094457
   endloop
endfacet
facet normal -0.602895603081076 -0.016190415442069 0.797655791825847
   outer loop
      vertex -0.147337633895648 0.624404027746554 0.192567760204680
      vertex -0.156581829350462 0.621881320448484 0.185529475608171
      vertex -0.156593222834967 0.619601796294183 0.185474595388873
   endloop
endfacet
facet normal 0.994126583625219 -0.014035400493318 0.107309567432933
   outer loop
      vertex 0.228283885642693 0.834260917309199 0.026298979874687
      vertex 0.226991528970243 0.829799370201633 0.037687959929027
      vertex 0.228264789686569 0.832761261080762 0.026279741346426
   endloop
endfacet
facet normal 0.023229633359518 -0.908517816953612 -0.417199904616271
   outer loop
      vertex 0.189815575298421 0.828858606224070 0.032637709199722
      vertex 0.178453391719793 0.833448019844378 0.022010900916551
      vertex 0.190906166744353 0.833276302612733 0.023078210754424
   endloop
endfacet
facet normal -0.344440973394320 -0.019223162175223 0.938611147325216
   outer loop
      vertex -0.085663631248480 0.658581916335572 0.224980850522997
      vertex -0.096541500876743 0.653611907274861 0.220887224206763
      vertex -0.096549749032572 0.651143984068754 0.220833653256756
   endloop
endfacet
facet normal -0.202567220174665 0.893971402442664 -0.399726972977063
   outer loop
      vertex -0.177874748125539 0.586168674360875 0.093351889880412
      vertex -0.176660438451191 0.581429982478937 0.082138650180271
      vertex -0.182283365579392 0.581375687688205 0.084866719090076
   endloop
endfacet
facet normal -0.238234247898995 0.925235110019103 -0.295270103999607
   outer loop
      vertex -0.189854573520857 0.604851966022347 0.152926610291756
      vertex -0.187181685927060 0.600213953129631 0.136236719686725
      vertex -0.197145119150609 0.600056853246300 0.143783290309633
   endloop
endfacet
facet normal 0.749858061248004 0.007199727060771 -0.661559560365984
   outer loop
      vertex 0.166851878293172 0.911934443033933 -0.152511349799430
      vertex 0.174453658080575 0.907453574030259 -0.143943723905763
      vertex 0.166846786918147 0.910434695282942 -0.152533442418067
   endloop
endfacet
facet normal -0.141861994812723 0.889112867297087 -0.435147657277973
   outer loop
      vertex -0.192986048003041 0.567048377491882 0.058257653863601
      vertex -0.187023947303079 0.567082288920427 0.056383245493335
      vertex -0.189638491160423 0.562313459445592 0.047491727462201
   endloop
endfacet
facet normal -0.907724600458770 -0.006973591292534 0.419508544306848
   outer loop
      vertex -0.221653746136389 0.578997713110302 0.103907195655641
      vertex -0.226536884263020 0.574291429250315 0.093262920668334
      vertex -0.221664142596302 0.577000088884258 0.103851493006324
   endloop
endfacet
facet normal -0.246438227022540 0.893449194191735 0.375521953632708
   outer loop
      vertex 0.153336887224563 0.784843140896435 0.121283224589848
      vertex 0.158953111237632 0.789731956430668 0.113337334922400
      vertex 0.143195268080224 0.785114994395159 0.113980935325761
   endloop
endfacet
facet normal 0.731149236651117 -0.022415148610104 0.681849217098088
   outer loop
      vertex 0.169077591893755 0.772490385087206 0.161051925270343
      vertex 0.161126415728806 0.769351965219782 0.169474825952394
      vertex 0.161103282339165 0.767572410572642 0.169441130787653
   endloop
endfacet
facet normal -0.696097765325807 0.022674929654375 -0.717588843749390
   outer loop
      vertex 0.125272358367190 0.770479749615466 0.134643684090308
      vertex 0.125249226943916 0.768700096050004 0.134609887874596
      vertex 0.118620853942300 0.763798514594457 0.140884863661488
   endloop
endfacet
facet normal -0.071442331782930 0.896044442442995 -0.438178445837356
   outer loop
      vertex -0.205915027976155 0.552764193802119 0.031330197657864
      vertex -0.199742555652849 0.552776543013752 0.030349066848546
      vertex -0.201090526705468 0.548026651301068 0.020855647179687
   endloop
endfacet
facet normal 0.681742068121577 0.009669881502488 -0.731528704799096
   outer loop
      vertex 0.158836462897696 0.916413024432893 -0.160694150826178
      vertex 0.150422430302225 0.919389279661126 -0.168496195927154
      vertex 0.150426720213942 0.920889093210903 -0.168472372347199
   endloop
endfacet
facet normal -0.304641041721184 -0.917159162582672 -0.256929768983051
   outer loop
      vertex 0.126017198230017 0.922082456874225 -0.156358323540821
      vertex 0.117857229098132 0.926522224224081 -0.162531651817199
      vertex 0.133826039028119 0.922222607036076 -0.166117540662190
   endloop
endfacet
facet normal -0.730417234786635 0.022466933314445 -0.682631599059178
   outer loop
      vertex 0.131584099758412 0.775354592388142 0.128050575114111
      vertex 0.131560848295482 0.773606132405287 0.128017908497725
      vertex 0.125249226943916 0.768700096050004 0.134609887874596
   endloop
endfacet
facet normal -0.968017934489256 0.018020979247736 -0.250232937108820
   outer loop
      vertex 0.174087120766385 0.821748379736968 0.048682025606344
      vertex 0.171732187315076 0.815856113314637 0.057367666392039
      vertex 0.171754383272603 0.817355800526168 0.057389804753287
   endloop
endfacet
facet normal 0.716649359805147 0.008417213254946 -0.697382854400575
   outer loop
      vertex 0.158836462897696 0.916413024432893 -0.160694150826178
      vertex 0.166851878293172 0.911934443033933 -0.152511349799430
      vertex 0.158831771267967 0.914913293400121 -0.160717073399151
   endloop
endfacet
facet normal -0.242828282522047 -0.931276097619692 -0.271586551967565
   outer loop
      vertex 0.174442377865567 0.904453940210581 -0.143986350284839
      vertex 0.157685569232540 0.908840946033879 -0.144047055066896
      vertex 0.166841597550410 0.908934845569642 -0.152555536093091
   endloop
endfacet
facet normal 0.874559333222732 -0.020896202408348 0.484468080886573
   outer loop
      vertex 0.202232670553217 0.795557526646783 0.113848540630202
      vertex 0.196566806336504 0.792209928921154 0.123932140653762
      vertex 0.196543378715417 0.790586045056967 0.123904390298751
   endloop
endfacet
facet normal -0.959978241009237 0.004868084535532 0.280032281249442
   outer loop
      vertex 0.170739184254206 0.871762975012513 -0.049094798247028
      vertex 0.173226273184226 0.865842237526326 -0.040465886265565
      vertex 0.173238966048647 0.867341985508936 -0.040448445513102
   endloop
endfacet
facet normal 0.366733283445917 -0.921501940100420 0.127831424947620
   outer loop
      vertex -0.096557895241790 0.648675963931971 0.220779981255610
      vertex -0.107231919666547 0.643786159442098 0.216153229269553
      vertex -0.091914534566939 0.648914305769697 0.209176868474480
   endloop
endfacet
facet normal -0.211878973179398 -0.897422891539522 -0.386961825591733
   outer loop
      vertex 0.156560611696095 0.886454558779538 -0.082170749989202
      vertex 0.152023993358445 0.890877339494517 -0.089943843932498
      vertex 0.167509468109852 0.886469480598917 -0.088200346405234
   endloop
endfacet
facet normal -0.987793738327072 0.015155778063074 -0.155028490649722
   outer loop
      vertex 0.177470012578795 0.832044338386495 0.031000583164541
      vertex 0.177450116653717 0.830544672594945 0.030980744671098
      vertex 0.175987197416390 0.826144742268740 0.039871872289100
   endloop
endfacet
facet normal -0.218106720954101 -0.907868498006030 -0.358056208719978
   outer loop
      vertex 0.167509468109852 0.886469480598917 -0.088200346405234
      vertex 0.152023993358445 0.890877339494517 -0.089943843932498
      vertex 0.162663870591607 0.890908222927817 -0.096503335916392
   endloop
endfacet
facet normal -0.088810516204616 0.925710662237223 0.367658077609880
   outer loop
      vertex 0.207791049458305 0.818169347343687 0.067838854125637
      vertex 0.210591849130337 0.822603550438839 0.057350716222841
      vertex 0.195786226711425 0.818398027483469 0.064363216769751
   endloop
endfacet
facet normal 0.454688615173324 -0.883386706320221 0.113517356948074
   outer loop
      vertex -0.064203863446093 0.659146292921233 0.192506057348951
      vertex -0.069418895933136 0.654546754497694 0.177601242398759
      vertex -0.060727401889310 0.659393083145563 0.180501758410263
   endloop
endfacet
facet normal -0.982782242805289 0.006694402065671 0.184646278618306
   outer loop
      vertex 0.175295143430223 0.861422586654990 -0.031706221857568
      vertex 0.175281650723846 0.859922822771216 -0.031723662608702
      vertex 0.176914601904486 0.855504837156335 -0.022872083210745
   endloop
endfacet
facet normal -0.982700239492552 0.007331566457316 0.185058065035174
   outer loop
      vertex 0.175295143430223 0.861422586654990 -0.031706221857568
      vertex 0.176914601904486 0.855504837156335 -0.022872083210745
      vertex 0.176929094434473 0.857004619860222 -0.022854542466852
   endloop
endfacet
facet normal 0.368405622501190 0.918219727904530 0.145429806423723
   outer loop
      vertex 0.055299040174395 0.955603016373711 -0.166827567652471
      vertex 0.073044827092508 0.951667983289665 -0.186936393625131
      vertex 0.071558521564294 0.956566583946640 -0.214100209256588
   endloop
endfacet
facet normal 0.781271807716144 0.005958265546906 -0.624162528144410
   outer loop
      vertex 0.174453658080575 0.907453574030259 -0.143943723905763
      vertex 0.181623493547825 0.902970672032912 -0.135011947734293
      vertex 0.174448068956960 0.905953708126912 -0.143965037623661
   endloop
endfacet
facet normal 0.838384017788132 0.002786744572116 -0.545072905923710
   outer loop
      vertex 0.188330190515019 0.895486606306958 -0.125777459184714
      vertex 0.194591292556990 0.892500703377633 -0.116162439102095
      vertex 0.194583702257934 0.891000876886106 -0.116181781870079
   endloop
endfacet
facet normal 0.459067697388861 -0.023294899780314 0.888095826393928
   outer loop
      vertex 0.105535483828887 0.738200435019287 0.210726828506398
      vertex 0.095189140800591 0.733325707846146 0.215947116060574
      vertex 0.105514370378023 0.736233746828580 0.210686155754701
   endloop
endfacet
facet normal 0.105951279199176 -0.898922953863008 -0.425102163549262
   outer loop
      vertex 0.183737110042201 0.815627435162500 0.060843303747760
      vertex 0.171732187315076 0.815856113314637 0.057367666392039
      vertex 0.174065724820145 0.820248699975866 0.048660687199116
   endloop
endfacet
facet normal -0.485315299563730 -0.015612431463493 0.874199812395979
   outer loop
      vertex 0.088088696517828 0.936522452647454 -0.152011987091782
      vertex 0.080181548194484 0.942422856435775 -0.156296294128203
      vertex 0.080177857103792 0.940923107734597 -0.156325127429512
   endloop
endfacet
facet normal 0.917653775699721 -0.020087603840995 0.396872821085010
   outer loop
      vertex 0.212097198946665 0.805513313870447 0.092968954370127
      vertex 0.207444342653521 0.802094930647867 0.103554320245661
      vertex 0.207421180816942 0.800533143963130 0.103528825918812
   endloop
endfacet
facet normal 0.466728737473640 -0.883299224450682 0.044122167910100
   outer loop
      vertex -0.035616360927576 0.673688920607658 0.198983987819219
      vertex -0.033948769007673 0.673951390224340 0.186598516106806
      vertex -0.024863133771346 0.678809479642520 0.187745775065093
   endloop
endfacet
facet normal -0.238277192853900 0.912972929330249 0.331216560086915
   outer loop
      vertex 0.166879963186276 0.779406463802852 0.144526025441194
      vertex 0.173620125513239 0.784299433898988 0.135887803118025
      vertex 0.157107742823254 0.779682009447182 0.136736369786776
   endloop
endfacet
facet normal 0.070795440080929 -0.898109179679699 0.434036757704697
   outer loop
      vertex -0.197954654883649 0.553846546989062 0.039653110635111
      vertex -0.205929161198303 0.549143339250815 0.031221946005095
      vertex -0.199756690841363 0.549155787380769 0.030240916246749
   endloop
endfacet
facet normal 0.861480212472819 0.009371603145446 -0.507704654865672
   outer loop
      vertex -0.167734125497614 0.591038204989123 0.098344661037650
      vertex -0.172403450237864 0.584200412241248 0.090295469622534
      vertex -0.172392676136748 0.586229351582551 0.090351202988302
   endloop
endfacet
facet normal -0.033442997805953 0.022155575147474 -0.999195024200799
   outer loop
      vertex 0.002575089742221 0.695648419117516 0.188547488871204
      vertex 0.002560073865768 0.693400172448519 0.188498140124555
      vertex -0.006586901565524 0.688533545800598 0.188696379068975
   endloop
endfacet
facet normal -0.391063874080146 0.917418063244760 -0.073574068948655
   outer loop
      vertex -0.049777880594944 0.673133496261265 0.221975601455415
      vertex -0.057644275656234 0.668611402609909 0.207399984161864
      vertex -0.060524109761530 0.668359112223935 0.219561107468414
   endloop
endfacet
facet normal -0.838350559594019 -0.002791210646231 0.545124342119781
   outer loop
      vertex 0.147122693472917 0.898299143872567 -0.097443595486315
      vertex 0.152031583657501 0.892377165986046 -0.089924501164515
      vertex 0.152039173958673 0.893876992371938 -0.089905148397090
   endloop
endfacet
facet normal -0.141531503700364 -0.916753880192431 -0.373538694933250
   outer loop
      vertex 0.194544932530500 0.868665948603918 -0.056686576023023
      vertex 0.179508874792695 0.873152586373813 -0.062000795808381
      vertex 0.191223834331924 0.873119763122179 -0.066358965438898
   endloop
endfacet
facet normal -0.198159701377910 -0.924446187306318 -0.325779034814441
   outer loop
      vertex 0.189407278896212 0.886499427890129 -0.100259698171978
      vertex 0.173303847809248 0.890939108137495 -0.103062807901567
      vertex 0.183943725042411 0.890969991570794 -0.109622299885461
   endloop
endfacet
facet normal -0.129497623709939 -0.931074704147569 -0.341072222190545
   outer loop
      vertex 0.218374162978263 0.868568578231927 -0.064243270188995
      vertex 0.202938793849986 0.873086940926888 -0.070717235063832
      vertex 0.214653653387805 0.873054116743950 -0.075075504688601
   endloop
endfacet
facet normal 0.112240013166701 -0.903254888967343 0.414165166329728
   outer loop
      vertex -0.198966061833255 0.563206413011629 0.060021533797984
      vertex -0.213842575394519 0.558460301118969 0.053702294746971
      vertex -0.201748860189169 0.558514070168937 0.050542126526590
   endloop
endfacet
facet normal -0.329697058539712 -0.925252156900581 -0.187638737314776
   outer loop
      vertex 0.097439446297336 0.940020816443375 -0.189636971544785
      vertex 0.087669561271284 0.944460596235067 -0.194363146351524
      vertex 0.103194606379560 0.940219970206063 -0.200731305416389
   endloop
endfacet
facet normal 0.289501527573536 -0.899699950582782 0.326693839020465
   outer loop
      vertex -0.170717159515727 0.600879420347175 0.136760993596904
      vertex -0.161136818744342 0.601047385964074 0.128733892018770
      vertex -0.154634431742915 0.605822374883130 0.136121868271882
   endloop
endfacet
facet normal 0.731157124593272 -0.022461968437043 0.681839217946894
   outer loop
      vertex 0.169100843356685 0.774238845070062 0.161084591886729
      vertex 0.161126415728806 0.769351965219782 0.169474825952394
      vertex 0.169077591893755 0.772490385087206 0.161051925270343
   endloop
endfacet
facet normal -0.730419604972726 0.022469595013679 -0.682628975338293
   outer loop
      vertex 0.131560848295482 0.773606132405287 0.128017908497725
      vertex 0.131537496873474 0.771857669378445 0.127985341875923
      vertex 0.125226093533108 0.766920542459206 0.134576092715437
   endloop
endfacet
facet normal 0.381493345804934 -0.922945422487204 0.051328103573725
   outer loop
      vertex -0.052075082946674 0.668065627969570 0.234159233730859
      vertex -0.063422787941224 0.663233728143454 0.231616652342377
      vertex -0.049798672659267 0.668323170629442 0.221870886528663
   endloop
endfacet
facet normal -0.279603341639056 -0.897554984189970 -0.340906177268784
   outer loop
      vertex 0.136192299820504 0.904140752824937 -0.111789675298964
      vertex 0.130217088328784 0.908559039737946 -0.118521634099635
      vertex 0.145754818835416 0.904219074638606 -0.119838841281433
   endloop
endfacet
facet normal 0.389291159855993 0.018742387483706 -0.920924055375571
   outer loop
      vertex -0.077968252175231 0.654564970726484 0.174474769912913
      vertex -0.077976398384449 0.652096950589700 0.174421097911766
      vertex -0.086381568575266 0.647161645422344 0.170767639372457
   endloop
endfacet
facet normal -0.320934900847648 -0.925126162191745 -0.202835828803204
   outer loop
      vertex 0.106962667243294 0.935576817489251 -0.184436086999895
      vertex 0.097439446297336 0.940020816443375 -0.189636971544785
      vertex 0.113255221107225 0.935761525735982 -0.195234862515775
   endloop
endfacet
facet normal -0.863953255141165 -0.001549722731751 0.503569629038963
   outer loop
      vertex 0.152039173958673 0.893876992371938 -0.089905148397090
      vertex 0.156568903738561 0.887954304491628 -0.082151908251027
      vertex 0.156577195781029 0.889454050203719 -0.082133066512851
   endloop
endfacet
facet normal -0.210324623512131 -0.020378778491589 0.977419182404188
   outer loop
      vertex -0.052064686925097 0.670470791313653 0.234211541197026
      vertex -0.063403943866827 0.668106821837959 0.231722230774964
      vertex -0.063413415904731 0.665670274525055 0.231669391561544
   endloop
endfacet
facet normal 0.917659824553913 -0.020120722556392 0.396857156825337
   outer loop
      vertex 0.212120178873466 0.807044002040648 0.092993220160281
      vertex 0.207467604449178 0.803656720376592 0.103579714577924
      vertex 0.207444342653521 0.802094930647867 0.103554320245661
   endloop
endfacet
facet normal -0.234207791563337 0.903509790106315 0.358910531404509
   outer loop
      vertex 0.157107742823254 0.779682009447182 0.136736369786776
      vertex 0.173620125513239 0.784299433898988 0.135887803118025
      vertex 0.163478506368901 0.784571287397712 0.128585513853937
   endloop
endfacet
facet normal -0.158625645475115 -0.916745258417786 -0.366627925513198
   outer loop
      vertex 0.191223834331924 0.873119763122179 -0.066358965438898
      vertex 0.175942230586888 0.877591244008223 -0.070928051768286
      vertex 0.187429328279971 0.877574313194378 -0.075855737078562
   endloop
endfacet
facet normal 0.392245652220858 -0.895458380751264 0.210470037430885
   outer loop
      vertex -0.115245179956961 0.634510031266038 0.183766030019242
      vertex -0.108940728097720 0.634735207873839 0.172974671883223
      vertex -0.100379224534525 0.639605076549938 0.177738068052445
   endloop
endfacet
facet normal -0.153297658190084 0.912169240830486 0.380061973993940
   outer loop
      vertex 0.207467604449178 0.803656720376592 0.103579714577924
      vertex 0.200535928513267 0.808822698100642 0.088385204045035
      vertex 0.196100213384845 0.803910122992010 0.098386507584649
   endloop
endfacet
facet normal 0.960148929753130 -0.004215827030735 -0.279457079882343
   outer loop
      vertex 0.218385854073874 0.870068405256406 -0.064225728383902
      vertex 0.221568529648630 0.865584277759402 -0.053223155630837
      vertex 0.218374162978263 0.868568578231927 -0.064243270188995
   endloop
endfacet
facet normal 0.015174684005672 0.931543233788676 0.363313821025109
   outer loop
      vertex 0.216697341229545 0.844837135239418 0.003581285324964
      vertex 0.229195129781507 0.844695268958712 0.003423032556080
      vertex 0.228794037255513 0.849167609995333 -0.008027378462644
   endloop
endfacet
facet normal -0.151503393306736 -0.924417479439987 -0.349998636457867
   outer loop
      vertex 0.202938793849986 0.873086940926888 -0.070717235063832
      vertex 0.187429328279971 0.877574313194378 -0.075855737078562
      vertex 0.198916425973051 0.877557382380535 -0.080783422388838
   endloop
endfacet
facet normal -0.527137760682319 -0.013853421587325 0.849666913545040
   outer loop
      vertex 0.095775558109952 0.932118487670017 -0.147314822874563
      vertex 0.088088696517828 0.936522452647454 -0.152011987091782
      vertex 0.095771865474106 0.930618816865959 -0.147341565235974
   endloop
endfacet
facet normal 0.392170107392721 -0.913839063434079 -0.105360206005431
   outer loop
      vertex 0.040243282078182 0.706879036981193 0.234100792197317
      vertex 0.037627652525560 0.707165432910171 0.221880889077598
      vertex 0.048351375525354 0.712045153401847 0.219472431339376
   endloop
endfacet
facet normal -0.392344243147924 -0.898574559316501 -0.196544540035687
   outer loop
      vertex 0.072058253008288 0.943820680041317 -0.160273620918121
      vertex 0.063756878720257 0.948214243591615 -0.163789098981202
      vertex 0.077262021767340 0.944034018735953 -0.171636793043886
   endloop
endfacet
facet normal 0.015828746050100 0.021801612878104 -0.999637004354278
   outer loop
      vertex -0.006558517777145 0.693092808938844 0.188796340045283
      vertex -0.015721974054015 0.685981152206187 0.188496139464424
      vertex -0.015708706122333 0.688292166687791 0.188546751694248
   endloop
endfacet
facet normal -0.971928861393241 -0.002888299420175 0.235257191425251
   outer loop
      vertex -0.238021545937907 0.560225425754319 0.060077514180687
      vertex -0.240758183720036 0.557391837776029 0.048736728047940
      vertex -0.240765891959512 0.555550293335593 0.048682273635390
   endloop
endfacet
facet normal -0.321218687152255 0.914132883875061 0.247345154879664
   outer loop
      vertex 0.118313553859991 0.750160191623225 0.188554922185908
      vertex 0.127277836022021 0.755019121861352 0.182238999140895
      vertex 0.111217870218510 0.750450221746432 0.178268113625054
   endloop
endfacet
facet normal 0.400430732815095 -0.913951665515316 -0.065936191268123
   outer loop
      vertex 0.004929707546060 0.692564840357740 0.225913903024426
      vertex 0.014489258549528 0.697707386938770 0.212687464216718
      vertex 0.015891749413116 0.697425989609760 0.225105287964894
   endloop
endfacet
facet normal 0.231147015936959 -0.890601602275772 -0.391662920184267
   outer loop
      vertex 0.153289906212279 0.781470891061121 0.121222808675504
      vertex 0.148419588890341 0.786689663542989 0.106481544817336
      vertex 0.158906194083002 0.786421898717834 0.113279276087522
   endloop
endfacet
facet normal -0.439152535494366 0.897137738414002 0.047842751616924
   outer loop
      vertex 0.003380014823099 0.697618323801922 0.201068626315084
      vertex 0.013118541294022 0.702422816055213 0.200366477681815
      vertex 0.002590103588809 0.697896767873862 0.188596638685571
   endloop
endfacet
facet normal 0.438349498682453 -0.894074372851124 -0.092090894314862
   outer loop
      vertex 0.013086765698407 0.697988884242445 0.200269641525096
      vertex 0.020764775890394 0.703144945751713 0.186758527847668
      vertex 0.022776242753236 0.702860739481945 0.199092288332853
   endloop
endfacet
facet normal -0.972581948699928 0.005527573894219 0.232494728950774
   outer loop
      vertex 0.173238966048647 0.867341985508936 -0.040448445513102
      vertex 0.173226273184226 0.865842237526326 -0.040465886265565
      vertex 0.175295143430223 0.861422586654990 -0.031706221857568
   endloop
endfacet
facet normal 0.068979682545550 -0.903704964702003 0.422562587280118
   outer loop
      vertex -0.204071671068987 0.553826918673854 0.040935169610961
      vertex -0.218274003898302 0.549118543896872 0.033184106572593
      vertex -0.205929161198303 0.549143339250815 0.031221946005095
   endloop
endfacet
facet normal 0.897183221858342 -0.020536429888368 0.441180826264385
   outer loop
      vertex 0.207467604449178 0.803656720376592 0.103579714577924
      vertex 0.202279359991127 0.798743199183353 0.113901785311896
      vertex 0.207444342653521 0.802094930647867 0.103554320245661
   endloop
endfacet
facet normal 0.328486075419659 -0.902840177224825 -0.277446414004644
   outer loop
      vertex 0.127233091204327 0.751272772279642 0.182164330185477
      vertex 0.119641939152564 0.751561349685761 0.172237631252415
      vertex 0.127806841439994 0.756486784611671 0.165876677411414
   endloop
endfacet
facet normal 0.366179104913605 -0.912718582197194 -0.181266800149987
   outer loop
      vertex 0.069374887677900 0.721822077553994 0.213093403084626
      vertex 0.074668794279086 0.727009805479512 0.197666321600473
      vertex 0.079621784832416 0.726718354321282 0.209139434899006
   endloop
endfacet
facet normal 0.433669868761580 -0.893860448477527 -0.113771453255504
   outer loop
      vertex 0.022776242753236 0.702860739481945 0.199092288332853
      vertex 0.029780961819487 0.708024725703400 0.185221080780246
      vertex 0.032396491391864 0.707738327786777 0.197440983900131
   endloop
endfacet
facet normal -0.838408965524023 -0.002786123456317 0.545034534726951
   outer loop
      vertex 0.147115902890933 0.896799339514620 -0.097463528222694
      vertex 0.152023993358445 0.890877339494517 -0.089943843932498
      vertex 0.152031583657501 0.892377165986046 -0.089924501164515
   endloop
endfacet
facet normal 0.373607023987136 -0.913218175938432 -0.162635650345052
   outer loop
      vertex 0.073758353049791 0.721531282902470 0.224795956673227
      vertex 0.069374887677900 0.721822077553994 0.213093403084626
      vertex 0.079621784832416 0.726718354321282 0.209139434899006
   endloop
endfacet
facet normal -0.999171792874857 0.010385278740619 0.039343033801735
   outer loop
      vertex 0.178877219502834 0.848174548756892 -0.004961131799007
      vertex 0.178860925256249 0.846674834475418 -0.004979071461032
      vertex 0.179169387285109 0.842263275272760 0.004019264361118
   endloop
endfacet
facet normal 0.290489052981282 0.924794390135274 0.245706015539638
   outer loop
      vertex 0.126025180555332 0.925081952319650 -0.156308807540847
      vertex 0.133834023338850 0.925222002612472 -0.166068035718211
      vertex 0.125185557033886 0.929676865941650 -0.172610601741443
   endloop
endfacet
facet normal 0.394690452084721 -0.892792459038171 -0.217119948686743
   outer loop
      vertex 0.069715801717058 0.727301357668748 0.186193109364075
      vertex 0.073127527808325 0.732494575977083 0.171040699599944
      vertex 0.078637832182365 0.732202916212069 0.182256878389839
   endloop
endfacet
facet normal 0.276805610336618 -0.023108817746636 0.960648029524094
   outer loop
      vertex 0.062783535912810 0.720824677927366 0.228534324156363
      vertex 0.051600972120818 0.716002880417433 0.231640529825863
      vertex 0.062764710278597 0.718732848116170 0.228489428761410
   endloop
endfacet
facet normal 0.392804154272475 -0.913552172686005 -0.105486132581330
   outer loop
      vertex 0.026799272526432 0.702292526766699 0.223760011405001
      vertex 0.035012122953184 0.707451830826794 0.209660985957714
      vertex 0.037627652525560 0.707165432910171 0.221880889077598
   endloop
endfacet
facet normal 0.387551513704139 -0.913344497304468 -0.124922589907827
   outer loop
      vertex 0.037627652525560 0.707165432910171 0.221880889077598
      vertex 0.045138090230484 0.712333456591478 0.207395882871183
      vertex 0.048351375525354 0.712045153401847 0.219472431339376
   endloop
endfacet
facet normal -0.749875388487596 -0.006552100674868 0.661546651202562
   outer loop
      vertex 0.130227469051790 0.911558639189881 -0.118477447806141
      vertex 0.136197992899430 0.905640420766603 -0.111768363694340
      vertex 0.136203682001173 0.907140288763230 -0.111747059976050
   endloop
endfacet
facet normal 0.340782715744587 -0.920460230708247 -0.191363801002867
   outer loop
      vertex 0.084574675426667 0.726426900119064 0.220612648192124
      vertex 0.089658242936321 0.731619493788428 0.204689134918991
      vertex 0.095168549297893 0.731327734048751 0.215905312652332
   endloop
endfacet
facet normal -0.945362076772508 0.002923800296566 0.326009194950383
   outer loop
      vertex 0.167804706611543 0.874685214535749 -0.057624684393603
      vertex 0.167793915274632 0.873185408569104 -0.057642526183446
      vertex 0.170715800054284 0.868763421994560 -0.049129980795080
   endloop
endfacet
facet normal 0.301088249763913 -0.902117330377633 -0.309079582124792
   outer loop
      vertex 0.127806841439994 0.756486784611671 0.165876677411414
      vertex 0.127124095795246 0.761703227514899 0.149986238439758
      vertex 0.135650351019344 0.761418687608747 0.159122537976515
   endloop
endfacet
facet normal 0.392927950969952 -0.903787576630978 -0.169633845897741
   outer loop
      vertex 0.055139721809739 0.717220632376225 0.204636737153426
      vertex 0.060608054884497 0.722403770932035 0.189688096974975
      vertex 0.064991420297310 0.722112973236524 0.201390750558161
   endloop
endfacet
facet normal 0.286519472043965 -0.911281108571832 -0.295758910769805
   outer loop
      vertex 0.135875248555908 0.756200148372173 0.175419574409079
      vertex 0.135650351019344 0.761418687608747 0.159122537976515
      vertex 0.144176604255910 0.761134247677259 0.168258838569825
   endloop
endfacet
facet normal 0.416839020429823 -0.904630319927584 -0.088821254859538
   outer loop
      vertex 0.014489258549528 0.697707386938770 0.212687464216718
      vertex 0.022776242753236 0.702860739481945 0.199092288332853
      vertex 0.024787807629956 0.702576634118145 0.211426149868844
   endloop
endfacet
facet normal -0.369561670364236 0.925028007167003 -0.088019076081492
   outer loop
      vertex -0.085663631248480 0.658581916335572 0.224980850522997
      vertex -0.071140194412154 0.663588769272496 0.216620999283936
      vertex -0.067663630887595 0.663835461509806 0.204616699288528
   endloop
endfacet
facet normal 0.357029613836899 -0.920869795866234 -0.156616327069548
   outer loop
      vertex 0.062745882656852 0.716641118279638 0.228444534423011
      vertex 0.069374887677900 0.721822077553994 0.213093403084626
      vertex 0.073758353049791 0.721531282902470 0.224795956673227
   endloop
endfacet
facet normal -0.369557346527482 0.925030596890109 -0.088010013320619
   outer loop
      vertex -0.074616755949181 0.663341977060522 0.228625298222790
      vertex -0.071140194412154 0.663588769272496 0.216620999283936
      vertex -0.085663631248480 0.658581916335572 0.224980850522997
   endloop
endfacet
facet normal 0.341267454238338 -0.903046078220367 -0.260853033887856
   outer loop
      vertex 0.118269547014131 0.746351565845535 0.188477895093142
      vertex 0.111173865360183 0.746641495994076 0.178191085475735
      vertex 0.119641939152564 0.751561349685761 0.172237631252415
   endloop
endfacet
facet normal 0.399775685049399 -0.914242202857413 -0.065883200876319
   outer loop
      vertex 0.017294244272936 0.697144391275080 0.237523209594381
      vertex 0.015891749413116 0.697425989609760 0.225105287964894
      vertex 0.026799272526432 0.702292526766699 0.223760011405001
   endloop
endfacet
facet normal -0.436642293001262 0.896935175351011 0.069647678932255
   outer loop
      vertex 0.013118541294022 0.702422816055213 0.200366477681815
      vertex 0.022809562294570 0.707232102625170 0.199187563136581
      vertex 0.011716048442901 0.702704313358888 0.187948654990192
   endloop
endfacet
facet normal -0.990605232977260 0.007975633261687 0.136519821535718
   outer loop
      vertex 0.176929094434473 0.857004619860222 -0.022854542466852
      vertex 0.176914601904486 0.855504837156335 -0.022872083210745
      vertex 0.178108628074111 0.851088784256708 -0.013950086561231
   endloop
endfacet
facet normal -0.379070590789104 0.924833519262773 -0.031439606340329
   outer loop
      vertex -0.029058868409952 0.682426251099844 0.237658354588974
      vertex -0.038928806742997 0.677911641030784 0.223858583732681
      vertex -0.040596398662900 0.677649171414102 0.236244055445093
   endloop
endfacet
facet normal -0.380591389952224 0.924659897535561 -0.012420458274982
   outer loop
      vertex -0.017470113014535 0.687207558573208 0.238503955807247
      vertex -0.028003787755483 0.682693256171558 0.225205856692398
      vertex -0.029058868409952 0.682426251099844 0.237658354588974
   endloop
endfacet
facet normal -0.429081605547275 0.896188851329627 0.112847323997767
   outer loop
      vertex 0.035046986376737 0.711760628469500 0.209754399425196
      vertex 0.032431356824116 0.712047024398478 0.197534496305477
      vertex 0.022809562294570 0.707232102625170 0.199187563136581
   endloop
endfacet
facet normal -0.996070573497444 0.009247172441554 0.088078955570046
   outer loop
      vertex 0.178124120448875 0.852588584724366 -0.013932345830161
      vertex 0.178108628074111 0.851088784256708 -0.013950086561231
      vertex 0.178860925256249 0.846674834475418 -0.004979071461032
   endloop
endfacet
facet normal -0.377239521294615 0.923932745103956 0.063550185665175
   outer loop
      vertex 0.017325917921941 0.701578420018523 0.237620146802239
      vertex 0.028844058930608 0.706379683640156 0.236189046693914
      vertex 0.015923425049653 0.701859918378540 0.225202224116198
   endloop
endfacet
facet normal 0.394069050644842 -0.893137757449887 -0.216828341185510
   outer loop
      vertex 0.084148038563693 0.731911154484745 0.193473056123347
      vertex 0.078637832182365 0.732202916212069 0.182256878389839
      vertex 0.087352444691574 0.737108311620094 0.177889207767498
   endloop
endfacet
facet normal 0.412352240006898 -0.904424014384447 -0.109466124285164
   outer loop
      vertex 0.024787807629956 0.702576634118145 0.211426149868844
      vertex 0.032396491391864 0.707738327786777 0.197440983900131
      vertex 0.035012122953184 0.707451830826794 0.209660985957714
   endloop
endfacet
facet normal -0.433057103657954 0.896731766656510 0.091289011608617
   outer loop
      vertex 0.022809562294570 0.707232102625170 0.199187563136581
      vertex 0.032431356824116 0.712047024398478 0.197534496305477
      vertex 0.020798095431728 0.707516308894937 0.186853802651396
   endloop
endfacet
facet normal 0.374836370182300 -0.921481703922133 -0.101829096653761
   outer loop
      vertex 0.028810739389274 0.702008320496932 0.236093771890186
      vertex 0.037627652525560 0.707165432910171 0.221880889077598
      vertex 0.040243282078182 0.706879036981193 0.234100792197317
   endloop
endfacet
facet normal -0.998225931302079 0.012832490292284 -0.058140495947279
   outer loop
      vertex 0.179051705673266 0.839353970614365 0.013041860680518
      vertex 0.179033511653873 0.837854225962021 0.013023221060720
      vertex 0.178453391719793 0.833448019844378 0.022010900916551
   endloop
endfacet
facet normal 0.420472328704144 -0.893778353907056 -0.156087395010959
   outer loop
      vertex 0.055139721809739 0.717220632376225 0.204636737153426
      vertex 0.051336691376305 0.717510390418341 0.192732838518550
      vertex 0.060608054884497 0.722403770932035 0.189688096974975
   endloop
endfacet
facet normal 0.427910340894157 -0.893653089226410 -0.135192071779156
   outer loop
      vertex 0.032396491391864 0.707738327786777 0.197440983900131
      vertex 0.038711519661911 0.712910061914396 0.183242885929215
      vertex 0.041924804935614 0.712621759781108 0.195319334402990
   endloop
endfacet
facet normal -0.352401271013776 0.922935093148611 0.154932753227458
   outer loop
      vertex 0.073797350206313 0.725652274130731 0.224883785076246
      vertex 0.084614916461176 0.730485323052896 0.220698315276140
      vertex 0.069413884813256 0.725943069838597 0.213181131493227
   endloop
endfacet
facet normal -0.402446937644522 0.906349117963958 0.128715728434803
   outer loop
      vertex 0.048387686847114 0.716291182550721 0.219564081352088
      vertex 0.045174501532489 0.716579487727996 0.207487532883729
      vertex 0.035046986376737 0.711760628469500 0.209754399425196
   endloop
endfacet
facet normal 0.427245438198022 -0.893996816584439 -0.135022322139230
   outer loop
      vertex 0.045138090230484 0.712333456591478 0.207395882871183
      vertex 0.041924804935614 0.712621759781108 0.195319334402990
      vertex 0.051336691376305 0.717510390418341 0.192732838518550
   endloop
endfacet
facet normal -0.836481763740577 -0.010058128362655 0.547902448418781
   outer loop
      vertex -0.203997246996150 0.593182302993867 0.134235288973482
      vertex -0.210370514952672 0.588442653952296 0.124418223116155
      vertex -0.204008578385548 0.591090836315662 0.134179595225456
   endloop
endfacet
facet normal 0.116997321920435 0.897511031795666 0.425188869172894
   outer loop
      vertex 0.175308736116844 0.862922352526410 -0.031688781106599
      vertex 0.185324430681388 0.867277468585894 -0.043637763118393
      vertex 0.173238966048647 0.867341985508936 -0.040448445513102
   endloop
endfacet
facet normal -0.258311222922418 -0.019912453361256 0.965856514350585
   outer loop
      vertex -0.063413415904731 0.665670274525055 0.231669391561544
      vertex -0.074625104021755 0.660874048697744 0.228572027256204
      vertex -0.063422787941224 0.663233728143454 0.231616652342377
   endloop
endfacet
facet normal 0.272130459489155 -0.911088234770634 -0.309617895931018
   outer loop
      vertex 0.144176604255910 0.761134247677259 0.168258838569825
      vertex 0.143153171199689 0.766356701770690 0.151991614177464
      vertex 0.152116660053440 0.766074779904438 0.160699424905770
   endloop
endfacet
facet normal 0.307545258171739 0.908168188773320 0.283983195059611
   outer loop
      vertex 0.117313769453674 0.920389570773634 -0.131014259368878
      vertex 0.125592006647387 0.920514476350209 -0.140378784849459
      vertex 0.118216339757229 0.924941802157798 -0.146549590419478
   endloop
endfacet
facet normal 0.259362096215255 -0.919065228933154 -0.296732890008637
   outer loop
      vertex 0.152702759520930 0.760849704727120 0.177395238101165
      vertex 0.152116660053440 0.766074779904438 0.160699424905770
      vertex 0.161080148907191 0.765792858038187 0.169407235634076
   endloop
endfacet
facet normal 0.307103701303735 -0.917368702987468 0.253223181057021
   outer loop
      vertex -0.165495065677696 0.614815817589178 0.177934902458216
      vertex -0.157199550010892 0.615012414380342 0.168586501524716
      vertex -0.148767766704117 0.619806745383932 0.175729360029235
   endloop
endfacet
facet normal -0.307524917643692 -0.908180647156303 -0.283965380212095
   outer loop
      vertex 0.125583424836419 0.917514949225318 -0.140426430952815
      vertex 0.118208357434031 0.921942306606738 -0.146599096420011
      vertex 0.133861662030132 0.917639854801893 -0.149790956433396
   endloop
endfacet
facet normal -0.374078543072685 0.923739351627706 0.082285198347223
   outer loop
      vertex 0.028844058930608 0.706379683640156 0.236189046693914
      vertex 0.040278147510434 0.711187733592894 0.234194304602664
      vertex 0.026832594055299 0.706663789935259 0.223855285152176
   endloop
endfacet
facet normal 0.015451401065023 0.917272575842196 0.397960143498002
   outer loop
      vertex 0.191701764104457 0.845120868857173 0.003897690868311
      vertex 0.204199552656418 0.844979002576467 0.003739438099428
      vertex 0.203843774519281 0.849420985976010 -0.006485234774328
   endloop
endfacet
facet normal -0.452226878707379 0.884127262326761 0.117515250862043
   outer loop
      vertex 0.032431356824116 0.712047024398478 0.197534496305477
      vertex 0.029815827251739 0.712333422315101 0.185314593185592
      vertex 0.020798095431728 0.707516308894937 0.186853802651396
   endloop
endfacet
facet normal 0.502090124872698 -0.023268832878927 0.864502208164774
   outer loop
      vertex 0.115587734250374 0.741144919165638 0.204967883170180
      vertex 0.105535483828887 0.738200435019287 0.210726828506398
      vertex 0.105514370378023 0.736233746828580 0.210686155754701
   endloop
endfacet
facet normal 0.241443196349874 -0.910713792642617 -0.335120233389237
   outer loop
      vertex 0.159675130048953 0.771020835651038 0.152760829192519
      vertex 0.157060899901338 0.776247471490014 0.136673595736079
      vertex 0.166833122251893 0.775971825871021 0.144463250333943
   endloop
endfacet
facet normal 0.294173897376610 0.908083139360363 0.298071686195927
   outer loop
      vertex 0.123925729458832 0.915975119885151 -0.124905029582747
      vertex 0.132653461814904 0.916084647003240 -0.133852309365411
      vertex 0.125592006647387 0.920514476350209 -0.140378784849459
   endloop
endfacet
facet normal 0.230022557525673 -0.918697597057397 -0.321067513445868
   outer loop
      vertex 0.169054340451991 0.770741924048010 0.161019358648375
      vertex 0.166833122251893 0.775971825871021 0.144463250333943
      vertex 0.176605342593749 0.775696281283033 0.152252805993943
   endloop
endfacet
facet normal -0.018775817041057 -0.904412247505569 0.426246355123849
   outer loop
      vertex -0.202381165879466 0.530424736569410 -0.007973625188894
      vertex -0.208626543839223 0.530442030936860 -0.008212033881352
      vertex -0.208109765048058 0.525773537179444 -0.018094910149826
   endloop
endfacet
facet normal 0.256667253037311 -0.911188181921541 -0.322270101537201
   outer loop
      vertex 0.169054340451991 0.770741924048010 0.161019358648375
      vertex 0.159675130048953 0.771020835651038 0.152760829192519
      vertex 0.166833122251893 0.775971825871021 0.144463250333943
   endloop
endfacet
facet normal 0.054330837129519 0.908113250205318 0.415184880430801
   outer loop
      vertex 0.191368694124472 0.849547625501011 -0.005714213455738
      vertex 0.202984244053820 0.853865628833544 -0.016678771190504
      vertex 0.190561879442373 0.853976956031629 -0.015296688672992
   endloop
endfacet
facet normal 0.191218249179084 -0.910207461564670 -0.367366245173513
   outer loop
      vertex 0.179879404468324 0.785886369067524 0.126874738627893
      vertex 0.174930720834428 0.791112664502733 0.111349927090050
      vertex 0.185736999774218 0.790849354314198 0.117627108697275
   endloop
endfacet
facet normal 0.036246635081840 0.897810911577258 0.438886942729055
   outer loop
      vertex 0.179203975531331 0.845262736194222 0.004055843642775
      vertex 0.191368694124472 0.849547625501011 -0.005714213455738
      vertex 0.178893611742129 0.849674365000675 -0.004943191080595
   endloop
endfacet
facet normal -0.370071152668721 0.914884198491247 0.161351310231659
   outer loop
      vertex 0.073797350206313 0.725652274130731 0.224883785076246
      vertex 0.069413884813256 0.725943069838597 0.213181131493227
      vertex 0.058980505479376 0.721114435969482 0.216630425521488
   endloop
endfacet
facet normal 0.002688932092850 -0.922838318463225 0.385178150496841
   outer loop
      vertex -0.233664892395787 0.535152073644485 0.001953587422937
      vertex -0.233608053754214 0.530511111601023 -0.009165969690994
      vertex -0.221165732550965 0.535132413149571 0.001819226608233
   endloop
endfacet
facet normal 0.021544292339764 -0.930198320900632 0.366424517822190
   outer loop
      vertex -0.245662429812540 0.539800634509242 0.013809293322390
      vertex -0.246164062238634 0.535171733940633 0.002087948237657
      vertex -0.233184782079866 0.539795908653896 0.013063660702618
   endloop
endfacet
facet normal 0.130072674101320 0.907912226641574 0.398467675184413
   outer loop
      vertex 0.170739184254206 0.871762975012513 -0.049094798247028
      vertex 0.182653699497843 0.871714287838871 -0.052873145329848
      vertex 0.179530459432885 0.876152099388779 -0.061965213279667
   endloop
endfacet
facet normal -0.191736446404150 -0.916752312358650 -0.350431637991459
   outer loop
      vertex 0.183170721444223 0.882029337594562 -0.085153594371093
      vertex 0.167509468109852 0.886469480598917 -0.088200346405234
      vertex 0.178458424482688 0.886484405462282 -0.094230042815850
   endloop
endfacet
facet normal -0.994566378942662 0.005242144848998 -0.103972293397155
   outer loop
      vertex -0.245463846012844 0.527576479779709 -0.021304437511570
      vertex -0.244268695059621 0.522923023569654 -0.032971498107267
      vertex -0.245467248209182 0.525921830518998 -0.021355318384091
   endloop
endfacet
facet normal -0.132995852414267 -0.892588263504059 0.430811205861003
   outer loop
      vertex -0.191559828855808 0.511680956430551 -0.044535054824323
      vertex -0.195319894841141 0.507052631795177 -0.055285149917183
      vertex -0.189317636491204 0.506998815564255 -0.053543691665059
   endloop
endfacet
facet normal 0.323861230958355 0.897858290738383 0.298268994088371
   outer loop
      vertex 0.123925729458832 0.915975119885151 -0.124905029582747
      vertex 0.125592006647387 0.920514476350209 -0.140378784849459
      vertex 0.117313769453674 0.920389570773634 -0.131014259368878
   endloop
endfacet
facet normal 0.399938404536822 -0.883908077162439 0.242395923446623
   outer loop
      vertex -0.113850002381655 0.629990254007201 0.162561406834809
      vertex -0.110435714722553 0.630099839321330 0.157327649613669
      vertex -0.102636376197556 0.634960381437652 0.162183413741791
   endloop
endfacet
facet normal -0.326689363339871 -0.917374002110718 -0.227374141300093
   outer loop
      vertex 0.109401463848907 0.930958890409917 -0.168295977413575
      vertex 0.100670113380210 0.935392109200265 -0.173637307484239
      vertex 0.116216214038893 0.931128876253558 -0.178773189030290
   endloop
endfacet
facet normal -0.017242912235468 -0.922894432833185 0.384666801041048
   outer loop
      vertex -0.221117297813534 0.530476521809781 -0.008689052311659
      vertex -0.233608053754214 0.530511111601023 -0.009165969690994
      vertex -0.233014754484651 0.525872432730701 -0.020268515287151
   endloop
endfacet
facet normal -0.808569285319463 -0.011284910772731 0.588292751635463
   outer loop
      vertex -0.197168235304709 0.595811196703986 0.143671740329212
      vertex -0.203997246996150 0.593182302993867 0.134235288973482
      vertex -0.204008578385548 0.591090836315662 0.134179595225456
   endloop
endfacet
facet normal 0.309769953629380 0.897760665664816 0.313158686632701
   outer loop
      vertex 0.130227469051790 0.911558639189881 -0.118477447806141
      vertex 0.132653461814904 0.916084647003240 -0.133852309365411
      vertex 0.123925729458832 0.915975119885151 -0.124905029582747
   endloop
endfacet
facet normal 0.935935573041315 -0.019625268061936 0.351624020751316
   outer loop
      vertex 0.216250314125631 0.810498479072569 0.082192634187533
      vertex 0.212120178873466 0.807044002040648 0.092993220160281
      vertex 0.212097198946665 0.805513313870447 0.092968954370127
   endloop
endfacet
facet normal -0.998461491738516 0.003754154186304 -0.055322290639869
   outer loop
      vertex -0.246098819692918 0.530545701193500 -0.009642887070312
      vertex -0.245463846012844 0.527576479779709 -0.021304437511570
      vertex -0.245467248209182 0.525921830518998 -0.021355318384091
   endloop
endfacet
facet normal -0.099668709896664 0.909277045274610 0.404080936452351
   outer loop
      vertex 0.183781401977012 0.818626807597916 0.060887580470420
      vertex 0.186269693502460 0.823033258147093 0.051585781770596
      vertex 0.171776579230131 0.818855487737700 0.057411943114534
   endloop
endfacet
facet normal 0.211400768833809 0.020378491049305 -0.977186999524159
   outer loop
      vertex -0.042959245672455 0.671500954808822 0.185058452371828
      vertex -0.051903353527326 0.664242991649664 0.182972160172566
      vertex -0.051893979482133 0.666679437000258 0.183024998329598
   endloop
endfacet
facet normal 0.337768693800555 0.925369924876109 0.172054676260342
   outer loop
      vertex 0.082473477079714 0.947246638082385 -0.182940145800926
      vertex 0.087677245838131 0.947459976808711 -0.194303320926524
      vertex 0.077684706826776 0.951895269350417 -0.198541040541898
   endloop
endfacet
facet normal 0.097665251433125 0.931171897586420 0.351255456623537
   outer loop
      vertex 0.209495557919823 0.867148538689765 -0.050016397272752
      vertex 0.221581122532808 0.867084023754368 -0.053205714878209
      vertex 0.218397545190652 0.871568231224543 -0.064208086584389
   endloop
endfacet
facet normal -0.994572702503026 0.005234014122445 -0.103912196262006
   outer loop
      vertex -0.245460443837672 0.529231130096762 -0.021253656633465
      vertex -0.244266044596953 0.524546559817223 -0.032921545787237
      vertex -0.245463846012844 0.527576479779709 -0.021304437511570
   endloop
endfacet
facet normal -0.056864918622089 -0.922913138577724 0.380785661062386
   outer loop
      vertex -0.219502351904146 0.521170957024564 -0.029634061799074
      vertex -0.231886878707291 0.521235221577031 -0.031327756113135
      vertex -0.230227306517872 0.516598450252133 -0.042318100988921
   endloop
endfacet
facet normal -0.320211960461167 -0.908274638957123 -0.269260989757011
   outer loop
      vertex 0.118208357434031 0.921942306606738 -0.146599096420011
      vertex 0.110536583959707 0.926367051390337 -0.152401236001325
      vertex 0.126017198230017 0.922082456874225 -0.156358323540821
   endloop
endfacet
facet normal -0.971948748835080 -0.002555608525625 0.235178864915593
   outer loop
      vertex -0.238013190025903 0.562098286451286 0.060132399286912
      vertex -0.240758183720036 0.557391837776029 0.048736728047940
      vertex -0.238021545937907 0.560225425754319 0.060077514180687
   endloop
endfacet
facet normal 0.111452679369907 0.907958728566091 0.403966889091069
   outer loop
      vertex 0.173238966048647 0.867341985508936 -0.040448445513102
      vertex 0.185324430681388 0.867277468585894 -0.043637763118393
      vertex 0.182653699497843 0.871714287838871 -0.052873145329848
   endloop
endfacet
facet normal 0.292991760543397 -0.917886029596940 0.267658485620102
   outer loop
      vertex -0.174022732873357 0.610044809462399 0.169966464537003
      vertex -0.165277252933491 0.610232617767000 0.161037298925810
      vertex -0.157199550010892 0.615012414380342 0.168586501524716
   endloop
endfacet
facet normal -0.968902668800910 0.007836102614893 -0.247318041974867
   outer loop
      vertex -0.240199406512741 0.513615882843612 -0.056059663364359
      vertex -0.237334690889959 0.510490150636210 -0.067381620097618
      vertex -0.237335104096633 0.508959849886848 -0.067428487833436
   endloop
endfacet
facet normal -0.115097393625947 -0.922598895861493 0.368189988098085
   outer loop
      vertex -0.228040317862550 0.511961069379147 -0.053214558698670
      vertex -0.237335515336940 0.507429450219164 -0.067475456620227
      vertex -0.225331088619284 0.507321815968439 -0.063992540115830
   endloop
endfacet
facet normal -0.372377031054718 -0.908924385275272 -0.187594798954669
   outer loop
      vertex 0.077262021767340 0.944034018735953 -0.171636793043886
      vertex 0.068396760443750 0.948441429593196 -0.175393738954969
      vertex 0.082465790525546 0.944247357472841 -0.182999969169428
   endloop
endfacet
facet normal -0.332178916065861 -0.908383994718563 -0.253960008388044
   outer loop
      vertex 0.110536583959707 0.926367051390337 -0.152401236001325
      vertex 0.102586615666210 0.930788802603966 -0.157818766853248
      vertex 0.117857229098132 0.926522224224081 -0.162531651817199
   endloop
endfacet
facet normal 0.926507998402782 0.006260576616314 -0.376222984513309
   outer loop
      vertex -0.180537417140221 0.574673179384711 0.073671023225176
      vertex -0.184003517840070 0.567986956508194 0.065023944853608
      vertex -0.183994080640448 0.569922148590443 0.065079388194630
   endloop
endfacet
facet normal 0.015759098225592 0.897916289402003 0.439884062054599
   outer loop
      vertex 0.179069799733581 0.840853712222721 0.013060600294902
      vertex 0.191701764104457 0.845120868857173 0.003897690868311
      vertex 0.179203975531331 0.845262736194222 0.004055843642775
   endloop
endfacet
facet normal 0.424615249911092 -0.882460567755861 0.202398705279814
   outer loop
      vertex -0.097496954013349 0.639720272464175 0.172193565362925
      vertex -0.094614683492173 0.639835468378413 0.166649062673405
      vertex -0.086390438955836 0.644725020624067 0.170713799157305
   endloop
endfacet
facet normal -0.063949475840931 -0.898920011738874 0.433420439106248
   outer loop
      vertex -0.194733400244470 0.521042524850308 -0.026246572119811
      vertex -0.200925664650392 0.521074707642044 -0.027093468745774
      vertex -0.199509909225308 0.516401264649870 -0.036577365307064
   endloop
endfacet
facet normal -0.109994554981653 -0.930130321692544 0.350369494309240
   outer loop
      vertex -0.225331088619284 0.507321815968439 -0.063992540115830
      vertex -0.237335515336940 0.507429450219164 -0.067475456620227
      vertex -0.233925550448850 0.502800865768607 -0.078692498164775
   endloop
endfacet
facet normal -0.140355738969796 -0.913929840125346 0.380831345698727
   outer loop
      vertex -0.213326571898242 0.507214182450252 -0.060509523617165
      vertex -0.233925550448850 0.502800865768607 -0.078692498164775
      vertex -0.186644907603105 0.502314095055817 -0.062435340355181
   endloop
endfacet
facet normal -0.105316172901592 -0.904391012248201 0.413503809764840
   outer loop
      vertex -0.197639961675604 0.511727707753994 -0.045981654764665
      vertex -0.203719992506456 0.511774360034076 -0.047428155767309
      vertex -0.201322155178612 0.507106548000763 -0.057026607112753
   endloop
endfacet
facet normal 0.794331898100481 -0.021941772928266 0.607087633098264
   outer loop
      vertex 0.183738353137914 0.782341507457585 0.143159884953052
      vertex 0.176628714075168 0.777413548739623 0.152284243016584
      vertex 0.183714863625538 0.780655332552596 0.143129676467601
   endloop
endfacet
facet normal -0.363535078353523 -0.908768276286327 -0.204896234279882
   outer loop
      vertex 0.085929226113005 0.939622510911982 -0.167448304401711
      vertex 0.077262021767340 0.944034018735953 -0.171636793043886
      vertex 0.091684386195272 0.939821664672558 -0.178542638073326
   endloop
endfacet
facet normal -0.836443666348232 -0.010344386039330 0.547955278013996
   outer loop
      vertex -0.204008578385548 0.591090836315662 0.134179595225456
      vertex -0.210370514952672 0.588442653952296 0.124418223116155
      vertex -0.210381566714745 0.586382401483381 0.124362459033773
   endloop
endfacet
facet normal -0.713552983087683 -0.013668765927361 0.700467918726255
   outer loop
      vertex -0.174010992816370 0.612261621050253 0.170021682242696
      vertex -0.182144740283051 0.607473376983993 0.161642555948733
      vertex -0.174022732873357 0.610044809462399 0.169966464537003
   endloop
endfacet
facet normal 0.367314827993620 -0.921236516020534 0.128074582514898
   outer loop
      vertex -0.085678275363725 0.653583089360283 0.224873842948390
      vertex -0.091914534566939 0.648914305769697 0.209176868474480
      vertex -0.087271271884800 0.649152545645114 0.197573754636962
   endloop
endfacet
facet normal 0.365587352186524 -0.913005902300993 -0.181014116258362
   outer loop
      vertex 0.084574675426667 0.726426900119064 0.220612648192124
      vertex 0.079621784832416 0.726718354321282 0.209139434899006
      vertex 0.089658242936321 0.731619493788428 0.204689134918991
   endloop
endfacet
facet normal 0.321244048502562 -0.920053161261980 -0.224286517101499
   outer loop
      vertex 0.105514370378023 0.736233746828580 0.210686155754701
      vertex 0.109004832754770 0.741435885104169 0.194345657234823
      vertex 0.115587734250374 0.741144919165638 0.204967883170180
   endloop
endfacet
facet normal -0.400513957619119 0.882835755426762 0.245335685729429
   outer loop
      vertex 0.087394769628346 0.741041787851131 0.177970754316116
      vertex 0.081340860404626 0.741333343394058 0.167038505335403
      vertex 0.073168810793966 0.736490525559517 0.171124306416261
   endloop
endfacet
facet normal -0.999973128496620 0.003066401703282 -0.006658788574251
   outer loop
      vertex -0.246154241061417 0.538605492107780 0.002192724231726
      vertex -0.246090491921518 0.533917230364103 -0.009539668197990
      vertex -0.246159156659620 0.536888613452995 0.002140286237490
   endloop
endfacet
facet normal -0.379845498091653 0.894908103348280 0.234215465204773
   outer loop
      vertex 0.093448778832311 0.740750234295849 0.188903003296665
      vertex 0.087394769628346 0.741041787851131 0.177970754316116
      vertex 0.078679117155538 0.736198765819840 0.182340484149603
   endloop
endfacet
facet normal 0.371691389824302 -0.892708187275692 -0.254789330823383
   outer loop
      vertex 0.102422031239411 0.741726853030346 0.183723431299300
      vertex 0.095839231711583 0.742017720981859 0.173101204307224
      vertex 0.104078283686480 0.746931428130265 0.167904275858164
   endloop
endfacet
facet normal -0.266816750720535 0.904182699277084 0.333560291196272
   outer loop
      vertex 0.150342522530854 0.774796670263764 0.144567532974851
      vertex 0.157107742823254 0.779682009447182 0.136736369786776
      vertex 0.140963312127816 0.775075581866792 0.136309003518995
   endloop
endfacet
facet normal -0.457107251941719 0.884331445678475 0.094925520312026
   outer loop
      vertex 0.022809562294570 0.707232102625170 0.199187563136581
      vertex 0.020798095431728 0.707516308894937 0.186853802651396
      vertex 0.011716048442901 0.702704313358888 0.187948654990192
   endloop
endfacet
facet normal -0.054417978350481 -0.930329983680115 0.362663487406720
   outer loop
      vertex -0.231886878707291 0.521235221577031 -0.031327756113135
      vertex -0.244271333536732 0.521299387546186 -0.033021451483868
      vertex -0.242514297416504 0.516677423871409 -0.044614394205060
   endloop
endfacet
facet normal -0.399552394539122 0.895677798309587 0.195241301043975
   outer loop
      vertex 0.069756042772733 0.731359779546239 0.186278876442509
      vertex 0.078679117155538 0.736198765819840 0.182340484149603
      vertex 0.064803052219404 0.731651230704469 0.174805763143976
   endloop
endfacet
facet normal -0.433730383811087 0.896396380424285 0.091386450425251
   outer loop
      vertex 0.024821127171290 0.706947997261369 0.211521424672573
      vertex 0.022809562294570 0.707232102625170 0.199187563136581
      vertex 0.013118541294022 0.702422816055213 0.200366477681815
   endloop
endfacet
facet normal -0.411697649294961 0.883049569255157 0.225229891007577
   outer loop
      vertex 0.078679117155538 0.736198765819840 0.182340484149603
      vertex 0.073168810793966 0.736490525559517 0.171124306416261
      vertex 0.064803052219404 0.731651230704469 0.174805763143976
   endloop
endfacet
facet normal 0.316477134763542 -0.891871351132249 -0.323121828729345
   outer loop
      vertex 0.135650351019344 0.761418687608747 0.159122537976515
      vertex 0.127124095795246 0.761703227514899 0.149986238439758
      vertex 0.134189582386860 0.766638620592954 0.143283903443742
   endloop
endfacet
facet normal -0.390483378328280 0.895125817097084 0.215110443297417
   outer loop
      vertex 0.084189321549333 0.735907104067181 0.193556662939664
      vertex 0.078679117155538 0.736198765819840 0.182340484149603
      vertex 0.069756042772733 0.731359779546239 0.186278876442509
   endloop
endfacet
facet normal -0.412342114137828 0.906755282363928 0.088141016635046
   outer loop
      vertex 0.026832594055299 0.706663789935259 0.223855285152176
      vertex 0.024821127171290 0.706947997261369 0.211521424672573
      vertex 0.014521034166310 0.702141317695197 0.212784400367856
   endloop
endfacet
facet normal -0.371072436770899 0.905499905788634 0.205852294827342
   outer loop
      vertex 0.089699527930661 0.735615342339857 0.204772840673173
      vertex 0.084189321549333 0.735907104067181 0.193556662939664
      vertex 0.074709033347229 0.731068327331667 0.197752089735461
   endloop
endfacet
facet normal 0.300683337084144 -0.891674459501101 -0.338387631383538
   outer loop
      vertex 0.143153171199689 0.766356701770690 0.151991614177464
      vertex 0.134189582386860 0.766638620592954 0.143283903443742
      vertex 0.140916707276512 0.771578757775417 0.136243871331779
   endloop
endfacet
facet normal -0.337515281940403 0.905183835605710 0.258313101128893
   outer loop
      vertex 0.111217870218510 0.750450221746432 0.178268113625054
      vertex 0.119686685957790 0.755307599292808 0.172312299151278
      vertex 0.104122290532339 0.750740053907956 0.167981302950929
   endloop
endfacet
facet normal -0.353279511975589 0.914467164901280 0.197340798457147
   outer loop
      vertex 0.095209832283534 0.735323683631186 0.215988919468650
      vertex 0.089699527930661 0.735615342339857 0.204772840673173
      vertex 0.079661925907847 0.730776774211127 0.209225201977606
   endloop
endfacet
facet normal -0.747064028175965 -0.012853307032763 0.664627813369123
   outer loop
      vertex -0.182144740283051 0.607473376983993 0.161642555948733
      vertex -0.189866258262983 0.602697776033202 0.152870954048032
      vertex -0.182156502683313 0.605287875729842 0.161587068976899
   endloop
endfacet
facet normal -0.408276705281821 0.895889561781844 0.175191395378186
   outer loop
      vertex 0.060647052041019 0.726524762160296 0.189775925377996
      vertex 0.069756042772733 0.731359779546239 0.186278876442509
      vertex 0.056263586669129 0.726815556811820 0.178073371789394
   endloop
endfacet
facet normal -0.400185430167962 0.895337746312311 0.195504326063837
   outer loop
      vertex 0.074709033347229 0.731068327331667 0.197752089735461
      vertex 0.069756042772733 0.731359779546239 0.186278876442509
      vertex 0.060647052041019 0.726524762160296 0.189775925377996
   endloop
endfacet
facet normal -0.388030648194543 0.906229269685792 0.167871161390155
   outer loop
      vertex 0.065030519421609 0.726233866477767 0.201478577904461
      vertex 0.074709033347229 0.731068327331667 0.197752089735461
      vertex 0.060647052041019 0.726524762160296 0.189775925377996
   endloop
endfacet
facet normal -0.405733675494885 0.887485517890876 -0.218516910337334
   outer loop
      vertex -0.108920484588387 0.639482567185456 0.173083121994981
      vertex -0.105768308627722 0.639595153439191 0.167687542921473
      vertex -0.113828710429430 0.634674813634882 0.162670293369661
   endloop
endfacet
facet normal 0.208110443423355 -0.910661877601784 -0.356910336108284
   outer loop
      vertex 0.190366009682151 0.785618603186027 0.133672569892496
      vertex 0.179879404468324 0.785886369067524 0.126874738627893
      vertex 0.185736999774218 0.790849354314198 0.117627108697275
   endloop
endfacet
facet normal 0.999986005791364 -0.002628346711082 0.004591297746897
   outer loop
      vertex -0.196157561690033 0.538526850923185 0.001655280972846
      vertex -0.196131594018769 0.532093206327212 -0.007683507065906
      vertex -0.196127400138996 0.533778971508807 -0.007631897629794
   endloop
endfacet
facet normal 0.229243055666299 -0.022979231095425 0.973097927429219
   outer loop
      vertex 0.051582866450060 0.713879866836818 0.231594704819424
      vertex 0.040278147510434 0.711187733592894 0.234194304602664
      vertex 0.040260665797952 0.709033334305889 0.234147547871797
   endloop
endfacet
facet normal 0.331500498868034 -0.892077810233827 -0.307090539969347
   outer loop
      vertex 0.127806841439994 0.756486784611671 0.165876677411414
      vertex 0.119738430327848 0.756773621856837 0.156333682532437
      vertex 0.127124095795246 0.761703227514899 0.149986238439758
   endloop
endfacet
facet normal -0.682221281649617 -0.009655765788561 0.731081998856072
   outer loop
      vertex 0.123916348184789 0.912975557950577 -0.124950885784687
      vertex 0.117309479541957 0.918889757223856 -0.131038082948832
      vertex 0.117305187644823 0.917390043543109 -0.131061895472792
   endloop
endfacet
facet normal 0.369771865794000 -0.023264067675576 0.928831282000348
   outer loop
      vertex 0.084614916461176 0.730485323052896 0.220698315276140
      vertex 0.073797350206313 0.725652274130731 0.224883785076246
      vertex 0.084594844940278 0.728456162567135 0.220655482262325
   endloop
endfacet
facet normal -0.407894833624792 0.906552151909377 0.108558742488490
   outer loop
      vertex 0.037662517957813 0.711474129521871 0.221974401482945
      vertex 0.035046986376737 0.711760628469500 0.209754399425196
      vertex 0.024821127171290 0.706947997261369 0.211521424672573
   endloop
endfacet
facet normal -0.317502380410352 0.891023633753759 -0.324452034245446
   outer loop
      vertex -0.143390418883307 0.615135552685436 0.138825018185524
      vertex -0.145437047948855 0.610371440840571 0.127744407592797
      vertex -0.150024077415284 0.610282406600186 0.131988674901550
   endloop
endfacet
facet normal -0.995867390830337 0.000464228470466 0.090818083951957
   outer loop
      vertex -0.244594834295385 0.544432989160961 0.025492352962571
      vertex -0.245656784548913 0.541548729979670 0.013862260948031
      vertex -0.245662429812540 0.539800634509242 0.013809293322390
   endloop
endfacet
facet normal 0.101400690824009 0.912295248038285 -0.396781149132842
   outer loop
      vertex -0.215877926193158 0.514990586005939 -0.050225364150251
      vertex -0.213325807439407 0.510274881674712 -0.060415687094457
      vertex -0.228038087856274 0.515083889634801 -0.053118466149791
   endloop
endfacet
facet normal -0.388472444323401 0.915503348391637 0.104607739126234
   outer loop
      vertex 0.040278147510434 0.711187733592894 0.234194304602664
      vertex 0.037662517957813 0.711474129521871 0.221974401482945
      vertex 0.026832594055299 0.706663789935259 0.223855285152176
   endloop
endfacet
facet normal -0.186098721120507 0.888418424509385 -0.419618837743940
   outer loop
      vertex -0.186277382724852 0.576591820174677 0.076175545374474
      vertex -0.180527400330209 0.576639589526503 0.073726596220179
      vertex -0.183984543460582 0.571857342660338 0.065134831535486
   endloop
endfacet
facet normal -0.583460654482169 0.023171285575705 -0.811810788420558
   outer loop
      vertex 0.104504283840388 0.755884653199080 0.152458800234345
      vertex 0.104481910427192 0.754011528923727 0.152421416287704
      vertex 0.097004653458050 0.749125772136140 0.157655980843610
   endloop
endfacet
facet normal -0.297898740891243 0.893668398647929 0.335578803611698
   outer loop
      vertex 0.143199336074693 0.769915905882963 0.152059305546920
      vertex 0.134235847220942 0.770197827749214 0.143351494818615
      vertex 0.127170020590939 0.765324818792386 0.150056189007869
   endloop
endfacet
facet normal -0.048876922084819 0.895998278939570 -0.441359412072343
   outer loop
      vertex -0.199742555652849 0.552776543013752 0.030349066848546
      vertex -0.194877400774964 0.548031701809391 0.020177847597169
      vertex -0.201090526705468 0.548026651301068 0.020855647179687
   endloop
endfacet
facet normal -0.207669834479978 -0.916773681254025 -0.341173353600485
   outer loop
      vertex 0.178458424482688 0.886484405462282 -0.094230042815850
      vertex 0.162663870591607 0.890908222927817 -0.096503335916392
      vertex 0.173303847809248 0.890939108137495 -0.103062807901567
   endloop
endfacet
facet normal 0.246422076559355 -0.919519653208165 0.306202167771737
   outer loop
      vertex -0.187204802081160 0.595968296587317 0.136125169706304
      vertex -0.193686146105129 0.591236500219669 0.127131655644044
      vertex -0.177241268877367 0.596125398458294 0.128578599083231
   endloop
endfacet
facet normal 0.229604278477590 0.897447208968542 0.376656849691280
   outer loop
      vertex 0.156577195781029 0.889454050203719 -0.082133066512851
      vertex 0.162679051191836 0.893907875805238 -0.096464640380983
      vertex 0.152039173958673 0.893876992371938 -0.089905148397090
   endloop
endfacet
facet normal 0.223151747169305 0.916804420422552 0.331169069251577
   outer loop
      vertex 0.173318928427116 0.893938759132903 -0.103024122365435
      vertex 0.178038677093426 0.898439450687252 -0.118664091655976
      vertex 0.167733382545260 0.898392682481995 -0.111590599599106
   endloop
endfacet
facet normal 0.065513541938504 -0.913896159937447 0.400626739839293
   outer loop
      vertex -0.218274003898302 0.549118543896872 0.033184106572593
      vertex -0.219742478471536 0.544453084012754 0.022781553553865
      vertex -0.205929161198303 0.549143339250815 0.031221946005095
   endloop
endfacet
facet normal -0.386529270984725 0.917567462968747 -0.093086376946980
   outer loop
      vertex -0.060524109761530 0.668359112223935 0.219561107468414
      vertex -0.067663630887595 0.663835461509806 0.204616699288528
      vertex -0.071140194412154 0.663588769272496 0.216620999283936
   endloop
endfacet
facet normal 0.278493278114050 -0.894760195577225 0.349064014839536
   outer loop
      vertex -0.162296020044983 0.596361099730097 0.117258793674188
      vertex -0.167880119337520 0.591600857350677 0.109511958795332
      vertex -0.157314302450026 0.596439600212601 0.113485457837248
   endloop
endfacet
facet normal 0.070709493918422 -0.898334440084956 0.433584364601688
   outer loop
      vertex -0.199756690841363 0.549155787380769 0.030240916246749
      vertex -0.201103200596770 0.544468230381051 0.020748454789731
      vertex -0.193584218496890 0.549168135536061 0.029259885431849
   endloop
endfacet
facet normal -0.395397852457116 0.906444426667152 0.148388138462477
   outer loop
      vertex 0.055177475045942 0.721404194011598 0.204726526886612
      vertex 0.065030519421609 0.726233866477767 0.201478577904461
      vertex 0.051374344632264 0.721693950066069 0.192822628251902
   endloop
endfacet
facet normal 0.262770020843701 -0.918852129681311 0.294385257657242
   outer loop
      vertex -0.172982445716821 0.605466043128933 0.153098635410365
      vertex -0.189877942983942 0.600543584987714 0.152815397798726
      vertex -0.180297602233723 0.600711551660954 0.144788196226174
   endloop
endfacet
facet normal -0.416008286700968 0.896102397410352 0.154717803602383
   outer loop
      vertex 0.051374344632264 0.721693950066069 0.192822628251902
      vertex 0.060647052041019 0.726524762160296 0.189775925377996
      vertex 0.047571314198830 0.721983708108185 0.180918729617026
   endloop
endfacet
facet normal -0.317107023870169 0.891329559925734 -0.323998072547972
   outer loop
      vertex -0.154611004935103 0.610193275429124 0.136232841159165
      vertex -0.150024077415284 0.610282406600186 0.131988674901550
      vertex -0.156323277922964 0.605439700876166 0.124831453200039
   endloop
endfacet
facet normal -0.107780402701965 0.911486317869701 -0.396958533262275
   outer loop
      vertex -0.225919534808698 0.562152054308668 0.056972231066628
      vertex -0.213825819603346 0.562205823358636 0.053812062846246
      vertex -0.216290204946646 0.557470650427077 0.043608395319912
   endloop
endfacet
facet normal 0.297570963761921 0.931616290608195 0.208668657443396
   outer loop
      vertex 0.116223595333402 0.934128417916639 -0.178719712193801
      vertex 0.123038445504394 0.934298405709897 -0.189196920210883
      vertex 0.113262504849074 0.938760943475406 -0.195179307851717
   endloop
endfacet
facet normal 0.361646848662394 0.898226574649900 0.249801075748819
   outer loop
      vertex 0.103223621616494 0.929211347546049 -0.142219364293264
      vertex 0.102593998948251 0.933788244292382 -0.157765291073312
      vertex 0.095779248758265 0.933618258448740 -0.147288079456597
   endloop
endfacet
facet normal -0.160141965587278 0.894719786910459 -0.416930514317130
   outer loop
      vertex -0.186277382724852 0.576591820174677 0.076175545374474
      vertex -0.183984543460582 0.571857342660338 0.065134831535486
      vertex -0.189847685053023 0.571816434185273 0.067299061223772
   endloop
endfacet
facet normal -0.954635661229704 0.019088233890368 -0.297163917115576
   outer loop
      vertex 0.171754383272603 0.817355800526168 0.057389804753287
      vertex 0.168971683331698 0.811467648270982 0.065950972594102
      vertex 0.169017279386914 0.814466826525966 0.065997147095444
   endloop
endfacet
facet normal -0.025436756387711 0.901839184776019 -0.431322450409200
   outer loop
      vertex -0.207303552676895 0.548021603836732 0.021533346767621
      vertex -0.201979473235702 0.543280083448205 0.011305462294329
      vertex -0.208218252100346 0.543282446742147 0.011678328601348
   endloop
endfacet
facet normal 0.246734277076563 -0.919298025095196 0.306615944744525
   outer loop
      vertex -0.180297602233723 0.600711551660954 0.144788196226174
      vertex -0.197168235304709 0.595811196703986 0.143671740329212
      vertex -0.187204802081160 0.595968296587317 0.136125169706304
   endloop
endfacet
facet normal 0.175007904347051 -0.902583417181323 0.393338796008402
   outer loop
      vertex -0.192047300746808 0.572611332501576 0.078513349595147
      vertex -0.195729799037419 0.567905039583404 0.069352403173625
      vertex -0.186297316364632 0.572659001878738 0.076064399384300
   endloop
endfacet
facet normal 0.681628456818229 0.009050409571429 -0.731642492575568
   outer loop
      vertex 0.158836462897696 0.916413024432893 -0.160694150826178
      vertex 0.158831771267967 0.914913293400121 -0.160717073399151
      vertex 0.150422430302225 0.919389279661126 -0.168496195927154
   endloop
endfacet
facet normal -0.183009447611602 -0.924416792237917 -0.334605941838242
   outer loop
      vertex 0.189407278896212 0.886499427890129 -0.100259698171978
      vertex 0.183943725042411 0.890969991570794 -0.109622299885461
      vertex 0.200356235277513 0.886514352330957 -0.106289354584827
   endloop
endfacet
facet normal -0.645750015953210 -0.010882104950022 0.763471346343977
   outer loop
      vertex 0.117305187644823 0.917390043543109 -0.131061895472792
      vertex 0.110403506803762 0.923301954207748 -0.136815125770099
      vertex 0.110399514648397 0.921802256419552 -0.136839878242088
   endloop
endfacet
facet normal -0.822461650683503 0.021640691391469 -0.568408755765661
   outer loop
      vertex 0.148443098440961 0.788344643934068 0.106510523709206
      vertex 0.143148289055473 0.781742644585181 0.113920518354861
      vertex 0.143171778567849 0.783428819490170 0.113950726840311
   endloop
endfacet
facet normal -0.750130868096302 -0.007145219528071 0.661250804587022
   outer loop
      vertex 0.130227469051790 0.911558639189881 -0.118477447806141
      vertex 0.130222279684053 0.910058789476581 -0.118499541481165
      vertex 0.136197992899430 0.905640420766603 -0.111768363694340
   endloop
endfacet
facet normal -0.568281337777237 -0.013271722206230 0.822727283201301
   outer loop
      vertex 0.103215938821282 0.926211878556592 -0.142270820185452
      vertex 0.095775558109952 0.932118487670017 -0.147314822874563
      vertex 0.095771865474106 0.930618816865959 -0.147341565235974
   endloop
endfacet
facet normal 0.897181638257565 -0.020521970441371 0.441184719480032
   outer loop
      vertex 0.207444342653521 0.802094930647867 0.103554320245661
      vertex 0.202279359991127 0.798743199183353 0.113901785311896
      vertex 0.202256016265938 0.797150312927736 0.113875162442772
   endloop
endfacet
facet normal 0.151611462739172 -0.928900882034624 0.337871448514648
   outer loop
      vertex -0.226546901094198 0.572325020164864 0.093207247678911
      vertex -0.230908446686373 0.567659494846334 0.082337580257619
      vertex -0.215047034297623 0.572420456906207 0.088309348313936
   endloop
endfacet
facet normal -0.198184661959226 -0.924425268925877 -0.325823206563663
   outer loop
      vertex 0.183943725042411 0.890969991570794 -0.109622299885461
      vertex 0.178024895966854 0.895439838101702 -0.118703967127844
      vertex 0.194583702257934 0.891000876886106 -0.116181781870079
   endloop
endfacet
facet normal 0.278854939301457 0.924792074907535 0.258842695503266
   outer loop
      vertex 0.150108828534336 0.916303599277112 -0.151746869987127
      vertex 0.150426720213942 0.920889093210903 -0.168472372347199
      vertex 0.142148483020229 0.920764187634329 -0.159107846866617
   endloop
endfacet
facet normal 0.018940664942965 0.902236176424106 -0.430826105480073
   outer loop
      vertex -0.208618156079676 0.533813561300049 -0.008108815009130
      vertex -0.208102940680498 0.529082837154736 -0.017993248399233
      vertex -0.221109010013065 0.533848049128983 -0.008585733444852
   endloop
endfacet
facet normal -0.188657132263179 0.912469005052502 0.363054818539475
   outer loop
      vertex 0.196590231970060 0.793833912760005 0.123959892065327
      vertex 0.191179219231462 0.799001712442887 0.108159845108424
      vertex 0.185783853050027 0.794097220960894 0.117682710458268
   endloop
endfacet
facet normal 0.323690646073534 -0.023214708322819 0.945878133250782
   outer loop
      vertex 0.073758353049791 0.721531282902470 0.224795956673227
      vertex 0.062764710278597 0.718732848116170 0.228489428761410
      vertex 0.062745882656852 0.716641118279638 0.228444534423011
   endloop
endfacet
facet normal 0.240907923555712 0.924566504928420 0.295195105536190
   outer loop
      vertex 0.171677585105805 0.902908092038797 -0.127441491034372
      vertex 0.174453658080575 0.907453574030259 -0.143943723905763
      vertex 0.164891239045908 0.907375254204236 -0.135894557923460
   endloop
endfacet
facet normal -0.228168866350842 0.022966276764102 -0.973350665772499
   outer loop
      vertex 0.038729725312913 0.715033077482654 0.183288710935488
      vertex 0.038711519661911 0.712910061914396 0.183242885929215
      vertex 0.029780961819487 0.708024725703400 0.185221080780246
   endloop
endfacet
facet normal -0.063938913111627 -0.021483476621789 0.997722544409188
   outer loop
      vertex -0.017483380946216 0.684896544091605 0.238453343577422
      vertex -0.029071214366657 0.680083953680424 0.237607111674032
      vertex -0.017496648877897 0.682585529610002 0.238402731347597
   endloop
endfacet
facet normal -0.088315586868466 -0.892708555419768 0.441895680219246
   outer loop
      vertex -0.194733400244470 0.521042524850308 -0.026246572119811
      vertex -0.199509909225308 0.516401264649870 -0.036577365307064
      vertex -0.193366409770747 0.516361827926946 -0.035429218170726
   endloop
endfacet
facet normal -0.210337404359307 -0.020347211388210 0.977417089740154
   outer loop
      vertex -0.052075082946674 0.668065627969570 0.234159233730859
      vertex -0.063413415904731 0.665670274525055 0.231669391561544
      vertex -0.063422787941224 0.663233728143454 0.231616652342377
   endloop
endfacet
facet normal 0.198163213586546 0.924443261825303 0.325785199858505
   outer loop
      vertex 0.189423960971742 0.889499021382253 -0.100222023638680
      vertex 0.194598782877918 0.894000527775881 -0.116143086334504
      vertex 0.183958905642639 0.893969644448215 -0.109583604350053
   endloop
endfacet
facet normal 0.383808069397513 -0.913515930651360 0.134833268563563
   outer loop
      vertex -0.091914534566939 0.648914305769697 0.209176868474480
      vertex -0.102021574980814 0.644020899234344 0.204793372005670
      vertex -0.087271271884800 0.649152545645114 0.197573754636962
   endloop
endfacet
facet normal 0.885326369856807 0.008356446545434 -0.464895029697352
   outer loop
      vertex -0.172403450237864 0.584200412241248 0.090295469622534
      vertex -0.176681329363730 0.577434632064540 0.082027243825248
      vertex -0.176670934891349 0.579432356265247 0.082082947531119
   endloop
endfacet
facet normal -0.406548981316423 0.902183631862918 -0.144161784773963
   outer loop
      vertex -0.091898238194604 0.653850147150279 0.209284110369245
      vertex -0.087254877519753 0.654088488988004 0.197680997588114
      vertex -0.096793285619553 0.649128693705451 0.193541093064235
   endloop
endfacet
facet normal 0.982812534636801 -0.006762088333899 -0.184482508444980
   outer loop
      vertex 0.224204665308606 0.861101769313864 -0.042076842068594
      vertex 0.226288050643433 0.856621339709381 -0.030813583021324
      vertex 0.224191072621985 0.859602003442444 -0.042094282819562
   endloop
endfacet
facet normal -0.025399862814305 0.902048396380574 -0.430886919685722
   outer loop
      vertex -0.220695911818576 0.543287272373392 0.012423962277691
      vertex -0.208218252100346 0.543282446742147 0.011678328601348
      vertex -0.208656721534855 0.538546511418099 0.001789641787549
   endloop
endfacet
facet normal 0.144978275622621 0.931075264966684 0.334783737007507
   outer loop
      vertex 0.198936309067386 0.880556956298484 -0.080747338828657
      vertex 0.210423404772936 0.880540125459305 -0.085675023082379
      vertex 0.205651960893921 0.885027040817005 -0.096087417157740
   endloop
endfacet
facet normal -0.252654573778596 -0.916862106611685 -0.309078539870272
   outer loop
      vertex 0.155317337850328 0.904297396452275 -0.127888007263903
      vertex 0.148529442919841 0.908746944641440 -0.135538585096529
      vertex 0.164879856865239 0.904375718265943 -0.135937173246373
   endloop
endfacet
facet normal -0.292588762368608 -0.917069046639621 -0.270880379191816
   outer loop
      vertex 0.133861662030132 0.917639854801893 -0.149790956433396
      vertex 0.126017198230017 0.922082456874225 -0.156358323540821
      vertex 0.142139899223845 0.917764760378467 -0.159155481913978
   endloop
endfacet
facet normal 0.175214565732794 -0.902342680852166 0.393798860165435
   outer loop
      vertex -0.187926983680809 0.577326047514709 0.087483281650106
      vertex -0.203547167522217 0.572515894703891 0.083411348954541
      vertex -0.192047300746808 0.572611332501576 0.078513349595147
   endloop
endfacet
facet normal -0.141513414010798 -0.916779965002567 -0.373481524877604
   outer loop
      vertex 0.191223834331924 0.873119763122179 -0.066358965438898
      vertex 0.187429328279971 0.877574313194378 -0.075855737078562
      vertex 0.202938793849986 0.873086940926888 -0.070717235063832
   endloop
endfacet
facet normal -0.696096645304438 0.022676560025308 -0.717589878706024
   outer loop
      vertex 0.125249226943916 0.768700096050004 0.134609887874596
      vertex 0.125226093533108 0.766920542459206 0.134576092715437
      vertex 0.118597940530226 0.761987770465040 0.140849838908418
   endloop
endfacet
facet normal -0.179836775613264 0.920013437710015 0.348186743817200
   outer loop
      vertex 0.190413026795859 0.788928663942848 0.133730528732791
      vertex 0.196590231970060 0.793833912760005 0.123959892065327
      vertex 0.185783853050027 0.794097220960894 0.117682710458268
   endloop
endfacet
facet normal 0.021412965264373 -0.917387946618547 -0.397417715153204
   outer loop
      vertex 0.202200927880668 0.828672305619408 0.034314513278342
      vertex 0.190906166744353 0.833276302612733 0.023078210754424
      vertex 0.203359039719291 0.833104689456080 0.024145321659849
   endloop
endfacet
facet normal 0.906992496684661 0.007280128898309 -0.421083852315605
   outer loop
      vertex -0.176660438451191 0.581429982478937 0.082138650180271
      vertex -0.180537417140221 0.574673179384711 0.073671023225176
      vertex -0.180527400330209 0.576639589526503 0.073726596220179
   endloop
endfacet
facet normal -0.954591628779074 0.018517679367992 -0.297341416246945
   outer loop
      vertex 0.171776579230131 0.818855487737700 0.057411943114534
      vertex 0.171754383272603 0.817355800526168 0.057389804753287
      vertex 0.169017279386914 0.814466826525966 0.065997147095444
   endloop
endfacet
facet normal 0.015815348843668 0.021818868400458 -0.999636839918716
   outer loop
      vertex -0.006558517777145 0.693092808938844 0.188796340045283
      vertex -0.006572711658867 0.690813277344384 0.188746360613684
      vertex -0.015721974054015 0.685981152206187 0.188496139464424
   endloop
endfacet
facet normal 0.025217547023544 -0.898258588985164 -0.438743185287814
   outer loop
      vertex 0.190906166744353 0.833276302612733 0.023078210754424
      vertex 0.178453391719793 0.833448019844378 0.022010900916551
      vertex 0.179033511653873 0.837854225962021 0.013023221060720
   endloop
endfacet
facet normal -0.998245673699780 0.013382408244950 -0.057675697561783
   outer loop
      vertex 0.179069799733581 0.840853712222721 0.013060600294902
      vertex 0.178472385729306 0.834947773003493 0.022030240495950
      vertex 0.178491379717653 0.836447527218947 0.022049480080931
   endloop
endfacet
facet normal -0.310436898837150 0.906870118926310 -0.284983366600497
   outer loop
      vertex -0.148880902768962 0.619705445831980 0.159348299567177
      vertex -0.147763108863119 0.615041649526959 0.143289600991038
      vertex -0.156508490810273 0.614853943184668 0.152218767658619
   endloop
endfacet
facet normal -0.994230519021912 0.014596124567684 -0.106266778407100
   outer loop
      vertex 0.178491379717653 0.836447527218947 0.022049480080931
      vertex 0.177450116653717 0.830544672594945 0.030980744671098
      vertex 0.177470012578795 0.832044338386495 0.031000583164541
   endloop
endfacet
facet normal -0.862328029205912 -0.009077219579316 0.506268677809084
   outer loop
      vertex -0.210370514952672 0.588442653952296 0.124418223116155
      vertex -0.216260718123265 0.583714583824689 0.114300660551113
      vertex -0.210381566714745 0.586382401483381 0.124362459033773
   endloop
endfacet
facet normal -0.982682562294007 0.007330297483439 0.185151960567770
   outer loop
      vertex 0.175308736116844 0.862922352526410 -0.031688781106599
      vertex 0.176929094434473 0.857004619860222 -0.022854542466852
      vertex 0.176943586964460 0.858504402564108 -0.022837001722958
   endloop
endfacet
facet normal 0.084818562423372 0.924585288877929 0.371413321057482
   outer loop
      vertex 0.199763447076495 0.862761942333854 -0.036874041214820
      vertex 0.211990852535861 0.862681738759568 -0.039466721266223
      vertex 0.209495557919823 0.867148538689765 -0.050016397272752
   endloop
endfacet
facet normal 0.290307471801458 0.924887070777827 0.245571737226124
   outer loop
      vertex 0.142148483020229 0.920764187634329 -0.159107846866617
      vertex 0.141642864136952 0.925362152774324 -0.175827252839580
      vertex 0.133834023338850 0.925222002612472 -0.166068035718211
   endloop
endfacet
facet normal 0.042531156865753 -0.908773720939337 -0.415116158232529
   outer loop
      vertex 0.202200927880668 0.828672305619408 0.034314513278342
      vertex 0.189815575298421 0.828858606224070 0.032637709199722
      vertex 0.190906166744353 0.833276302612733 0.023078210754424
   endloop
endfacet
facet normal 0.343443865318452 0.908483104073625 0.238127614920808
   outer loop
      vertex 0.095779248758265 0.933618258448740 -0.147288079456597
      vertex 0.102593998948251 0.933788244292382 -0.157765291073312
      vertex 0.094384943236043 0.938206820796798 -0.162782988303853
   endloop
endfacet
facet normal -0.352217872841661 -0.018376956895270 0.935737600776075
   outer loop
      vertex 0.063765065635171 0.951213511206205 -0.163727104734707
      vertex 0.055299040174395 0.955603016373711 -0.166827567652471
      vertex 0.063760972178772 0.949713877346094 -0.163758096858234
   endloop
endfacet
facet normal -0.908934203368045 0.001039707767087 0.416938284348484
   outer loop
      vertex 0.160716853352404 0.883531136148909 -0.074164664181701
      vertex 0.164455132893805 0.877608174822067 -0.066000366458010
      vertex 0.164465124431094 0.879107962774863 -0.065982324678003
   endloop
endfacet
facet normal -0.100464458109921 -0.914131473340504 0.392772888709237
   outer loop
      vertex -0.217940407588992 0.516519574818641 -0.040021806716078
      vertex -0.228040317862550 0.511961069379147 -0.053214558698670
      vertex -0.215880156178268 0.511867764693944 -0.050321356704712
   endloop
endfacet
facet normal -0.026127611057085 0.896155966256159 -0.442969335376546
   outer loop
      vertex -0.201090526705468 0.548026651301068 0.020855647179687
      vertex -0.195740594369647 0.543277721085566 0.010932695981560
      vertex -0.201979473235702 0.543280083448205 0.011305462294329
   endloop
endfacet
facet normal -0.018225591317121 0.931758557204633 0.362620764569655
   outer loop
      vertex 0.228302879631040 0.835760671524654 0.026318219459669
      vertex 0.229031347199247 0.840226123958049 0.014880797310549
      vertex 0.215850004668567 0.835932384655970 0.025251109610798
   endloop
endfacet
facet normal -0.207695091519660 -0.916754403762209 -0.341209777323623
   outer loop
      vertex 0.173303847809248 0.890939108137495 -0.103062807901567
      vertex 0.167719601420805 0.895393069790810 -0.111630465071532
      vertex 0.183943725042411 0.890969991570794 -0.109622299885461
   endloop
endfacet
facet normal 0.129469794116685 0.931096960485649 0.341022026540469
   outer loop
      vertex 0.202960378469009 0.876086454998196 -0.070681752529536
      vertex 0.214675335999540 0.876053732777569 -0.075040021097918
      vertex 0.210423404772936 0.880540125459305 -0.085675023082379
   endloop
endfacet
facet normal -0.131459298569650 0.022625129410560 -0.991063346279506
   outer loop
      vertex 0.020798095431728 0.707516308894937 0.186853802651396
      vertex 0.020781435650478 0.705330627851496 0.186806115252323
      vertex 0.011700110633805 0.700487347515023 0.187900136917498
   endloop
endfacet
facet normal 0.972600569745831 -0.006112278213856 -0.232402176808054
   outer loop
      vertex 0.221555838771742 0.864084429802128 -0.053240597439854
      vertex 0.224204665308606 0.861101769313864 -0.042076842068594
      vertex 0.224191072621985 0.859602003442444 -0.042094282819562
   endloop
endfacet
facet normal -0.979110777905492 0.016903759508612 -0.202623659782805
   outer loop
      vertex 0.176007893331588 0.827644416567060 0.039892410742143
      vertex 0.174087120766385 0.821748379736968 0.048682025606344
      vertex 0.174108616671704 0.823248062542059 0.048703264018987
   endloop
endfacet
facet normal 0.277519815570217 0.931425669047049 0.235433589375283
   outer loop
      vertex 0.133834023338850 0.925222002612472 -0.166068035718211
      vertex 0.141642864136952 0.925362152774324 -0.175827252839580
      vertex 0.132506102192279 0.929832036777186 -0.182741016557206
   endloop
endfacet
facet normal -0.128294181951961 0.919848842558816 0.370700296358776
   outer loop
      vertex 0.212143256792980 0.808574792173158 0.093017487006825
      vertex 0.216295908214482 0.813497756245876 0.082238909739848
      vertex 0.200535928513267 0.808822698100642 0.088385204045035
   endloop
endfacet
facet normal -0.201428653661114 0.880544115026991 0.429032118815835
   outer loop
      vertex 0.153364816249003 0.794887148607550 0.098851065642510
      vertex 0.168978937712131 0.799518738961955 0.096675964701481
      vertex 0.157878796931299 0.799777253277830 0.090933924503593
   endloop
endfacet
facet normal 0.781308990144872 0.005904301898085 -0.624116496447496
   outer loop
      vertex 0.174448068956960 0.905953708126912 -0.143965037623661
      vertex 0.181617302707609 0.901470886572694 -0.135032540434829
      vertex 0.174442377865567 0.904453940210581 -0.143986350284839
   endloop
endfacet
facet normal 0.338277389120314 -0.898020527405751 0.281296179085038
   outer loop
      vertex -0.148904036331620 0.615209111146168 0.159238101647767
      vertex -0.140608420684572 0.615405709924977 0.149889700714099
      vertex -0.133116952413963 0.620216540544779 0.156238988247989
   endloop
endfacet
facet normal 0.389227136616257 -0.890590257254580 0.235268420755380
   outer loop
      vertex -0.113850002381655 0.629990254007201 0.162561406834809
      vertex -0.121661498083988 0.625147514771804 0.157152902486990
      vertex -0.110435714722553 0.630099839321330 0.157327649613669
   endloop
endfacet
facet normal 0.066158595429120 0.890549476111480 -0.450049631539028
   outer loop
      vertex -0.194728041318520 0.524289698512697 -0.026146666423297
      vertex -0.193362714280528 0.519546772382820 -0.035331169578931
      vertex -0.200920303715742 0.524321780273428 -0.026993464111396
   endloop
endfacet
facet normal 0.015822709269758 0.021817860989765 -0.999636745429657
   outer loop
      vertex -0.006572711658867 0.690813277344384 0.188746360613684
      vertex -0.006586901565524 0.688533545800598 0.188696379068975
      vertex -0.015735242006862 0.683670138780925 0.188445427240181
   endloop
endfacet
facet normal -0.428199479200978 0.880285309057653 -0.204310990084440
   outer loop
      vertex -0.097477758946909 0.644530431459727 0.172301579051584
      vertex -0.094595488404566 0.644645626317623 0.166757176356482
      vertex -0.102616132688224 0.639707740749269 0.162291863853547
   endloop
endfacet
facet normal -0.274619675736651 0.897960778873050 -0.343875665472277
   outer loop
      vertex -0.161113447293724 0.605355667024043 0.128845103455247
      vertex -0.162272903912049 0.600606757328752 0.117370243660190
      vertex -0.167254719520885 0.600528155940279 0.121143478446325
   endloop
endfacet
facet normal 0.885419470396148 0.008086691987652 -0.464722462181570
   outer loop
      vertex -0.172403450237864 0.584200412241248 0.090295469622534
      vertex -0.172414224360146 0.582171473956288 0.090239636262349
      vertex -0.176681329363730 0.577434632064540 0.082027243825248
   endloop
endfacet
facet normal -0.280041512539838 -0.908082016882831 -0.311390112027356
   outer loop
      vertex 0.130217088328784 0.908559039737946 -0.118521634099635
      vertex 0.139373214639366 0.908653041236019 -0.127030114069443
      vertex 0.145754818835416 0.904219074638606 -0.119838841281433
   endloop
endfacet
facet normal 0.332708666192683 -0.916531604653245 0.221979190718485
   outer loop
      vertex -0.140001524517560 0.624616496273319 0.182449287020554
      vertex -0.148767766704117 0.619806745383932 0.175729360029235
      vertex -0.132665513153351 0.624828863894116 0.172330712785624
   endloop
endfacet
facet normal 0.003170376659863 -0.904137871721850 0.427229045864298
   outer loop
      vertex -0.208229564632348 0.539786356434767 0.011572294412234
      vertex -0.221165732550965 0.535132413149571 0.001819226608233
      vertex -0.208666572706145 0.535112752654659 0.001684865793530
   endloop
endfacet
facet normal -0.170836070318861 0.892477672597378 0.417490887317527
   outer loop
      vertex 0.168978937712131 0.799518738961955 0.096675964701481
      vertex 0.184732922279590 0.804163528651415 0.093193200596791
      vertex 0.173365531215257 0.804416931266832 0.087999993603515
   endloop
endfacet
facet normal -0.080054760673827 -0.914342078562852 0.396950624968421
   outer loop
      vertex -0.205653408679870 0.516440701372793 -0.037725512443403
      vertex -0.217940407588992 0.516519574818641 -0.040021806716078
      vertex -0.215880156178268 0.511867764693944 -0.050321356704712
   endloop
endfacet
facet normal 0.158363901668699 -0.897286628395390 0.412065020538142
   outer loop
      vertex -0.189866659432510 0.567946048033130 0.067188174541893
      vertex -0.193003963099659 0.563240423358495 0.058147226478690
      vertex -0.184003517840070 0.567986956508194 0.065023944853608
   endloop
endfacet
facet normal 0.323685575353401 -0.023191754612354 0.945880431569518
   outer loop
      vertex 0.073777802621113 0.723591728063617 0.224839820349333
      vertex 0.062764710278597 0.718732848116170 0.228489428761410
      vertex 0.073758353049791 0.721531282902470 0.224795956673227
   endloop
endfacet
facet normal 0.111783261918586 0.890493070263348 -0.441051691038361
   outer loop
      vertex -0.191557498869287 0.514803778673850 -0.044438962275610
      vertex -0.189316872032369 0.510059514788714 -0.053449855142351
      vertex -0.197637631689083 0.514850529997293 -0.045885562215952
   endloop
endfacet
facet normal -0.849271332753005 0.021301235902920 -0.527526739334552
   outer loop
      vertex 0.153341390615448 0.793263164768698 0.098823314230946
      vertex 0.148419588890341 0.786689663542989 0.106481544817336
      vertex 0.148443098440961 0.788344643934068 0.106510523709206
   endloop
endfacet
facet normal -0.343404316061460 -0.908501552809654 -0.238114267218091
   outer loop
      vertex 0.102586615666210 0.930788802603966 -0.157818766853248
      vertex 0.094377559515855 0.935207400974659 -0.162838533968247
      vertex 0.109401463848907 0.930958890409917 -0.168295977413575
   endloop
endfacet
facet normal 0.095554426842338 -0.891819693748392 0.442184334133806
   outer loop
      vertex -0.189655146971351 0.558567939193570 0.047381959362761
      vertex -0.197954654883649 0.553846546989062 0.039653110635111
      vertex -0.191837740666089 0.553866273291289 0.038371052715979
   endloop
endfacet
facet normal 0.928257121760792 -0.002341088685018 -0.371931761488769
   outer loop
      vertex 0.210403521678602 0.877540551541355 -0.085711106642559
      vertex 0.214664544683794 0.874553925754582 -0.075057762893342
      vertex 0.214653653387805 0.873054116743950 -0.075075504688601
   endloop
endfacet
facet normal -0.102735962007641 0.920291931175973 -0.377502428499159
   outer loop
      vertex -0.238013190025903 0.562098286451286 0.060132399286912
      vertex -0.225919534808698 0.562152054308668 0.056972231066628
      vertex -0.228524235308621 0.557431292765655 0.046172612209478
   endloop
endfacet
facet normal 0.127763499524078 0.901959358367975 -0.412487338038142
   outer loop
      vertex -0.203717662541101 0.514897183333717 -0.047332163213014
      vertex -0.195319030402062 0.510113333007282 -0.055191313394640
      vertex -0.201321288752000 0.510167149238204 -0.056932771646764
   endloop
endfacet
facet normal -0.254114158041434 -0.924638269646151 -0.283672460751243
   outer loop
      vertex 0.148529442919841 0.908746944641440 -0.135538585096529
      vertex 0.157685569232540 0.908840946033879 -0.144047055066896
      vertex 0.164879856865239 0.904375718265943 -0.135937173246373
   endloop
endfacet
facet normal -0.043064380751292 0.920644743727014 -0.388018962111813
   outer loop
      vertex -0.230604811390034 0.552714502188267 0.035254417742054
      vertex -0.219729804580234 0.548011504932771 0.022888745943822
      vertex -0.232155958490863 0.548001507991118 0.024244146176411
   endloop
endfacet
facet normal 0.981925302441084 0.001852627167202 -0.189259790231750
   outer loop
      vertex -0.191829942444392 0.555707819520605 0.038425507128380
      vertex -0.193584218496890 0.549168135536061 0.029259885431849
      vertex -0.193577201875939 0.550978561817890 0.029314011258317
   endloop
endfacet
facet normal 0.096915068284770 0.920862164312901 -0.377651087481974
   outer loop
      vertex -0.230223511047409 0.519783396695652 -0.042220052397292
      vertex -0.215877926193158 0.514990586005939 -0.050225364150251
      vertex -0.228038087856274 0.515083889634801 -0.053118466149791
   endloop
endfacet
facet normal -0.002742898939735 0.920849917852652 -0.389907559937186
   outer loop
      vertex -0.233173469569031 0.543292000017618 0.013169594897314
      vertex -0.221155881379675 0.538566171913011 0.001924002602252
      vertex -0.233655041224497 0.538585832407925 0.002058363416956
   endloop
endfacet
facet normal -0.874033744699778 0.020921978215182 -0.485414548559936
   outer loop
      vertex 0.157855451239743 0.798184465940535 0.090907402685441
      vertex 0.157832107514554 0.796591579684918 0.090880779816317
      vertex 0.153317962973194 0.791639281960853 0.098795463881516
   endloop
endfacet
facet normal 0.389377762934705 0.018688274192219 -0.920888541648598
   outer loop
      vertex -0.077976398384449 0.652096950589700 0.174421097911766
      vertex -0.077984646540277 0.649629027383593 0.174367526961761
      vertex -0.086390438955836 0.644725020624067 0.170713799157305
   endloop
endfacet
facet normal -0.181346628879295 0.894629181119829 -0.408352823527620
   outer loop
      vertex -0.192027267105618 0.576544151728818 0.078624595579574
      vertex -0.186277382724852 0.576591820174677 0.076175545374474
      vertex -0.189847685053023 0.571816434185273 0.067299061223772
   endloop
endfacet
facet normal -0.153441032505298 0.927015252954907 -0.342196683696171
   outer loop
      vertex -0.221643351664008 0.580995437311010 0.103962899361513
      vertex -0.215027100657844 0.576353275202146 0.088420494304110
      vertex -0.226526967433252 0.576257837404462 0.093318493663503
   endloop
endfacet
facet normal 0.998575075688995 -0.003693065865366 0.053237012286875
   outer loop
      vertex -0.196127400138996 0.533778971508807 -0.007631897629794
      vertex -0.195653909119286 0.527378787856799 -0.016957226180297
      vertex -0.195650496946089 0.529033438372617 -0.016906445302211
   endloop
endfacet
facet normal -0.134906502732868 0.900778439280151 -0.412793457855623
   outer loop
      vertex -0.195710824657931 0.571775425735546 0.069463289855504
      vertex -0.192986048003041 0.567048377491882 0.058257653863601
      vertex -0.198948246716881 0.567014365157370 0.060131961183061
   endloop
endfacet
facet normal -0.295703722753388 0.916223117998085 -0.270359957086204
   outer loop
      vertex -0.173999354705994 0.614478529568782 0.170077000999527
      vertex -0.165253972737673 0.614666234854731 0.161147934326366
      vertex -0.172959020896542 0.609837043649591 0.153209609354201
   endloop
endfacet
facet normal 0.116289110851714 0.920776748822206 -0.372353355733134
   outer loop
      vertex -0.228038087856274 0.515083889634801 -0.053118466149791
      vertex -0.213325807439407 0.510274881674712 -0.060415687094457
      vertex -0.225330224159038 0.510382516124202 -0.063898603598869
   endloop
endfacet
facet normal -0.197259083863294 0.918839370164544 -0.341793893551418
   outer loop
      vertex -0.216249844041905 0.585743525153638 0.114356393916715
      vertex -0.205285602050448 0.585864980502958 0.108355121183299
      vertex -0.210397599354218 0.581104123823150 0.098506862593043
   endloop
endfacet
facet normal -0.048819604380404 0.896230439824102 -0.440894142579415
   outer loop
      vertex -0.207303552676895 0.548021603836732 0.021533346767621
      vertex -0.201090526705468 0.548026651301068 0.020855647179687
      vertex -0.201979473235702 0.543280083448205 0.011305462294329
   endloop
endfacet
facet normal -0.171239187997554 0.926710980092621 -0.334490507891796
   outer loop
      vertex -0.216249844041905 0.585743525153638 0.114356393916715
      vertex -0.210397599354218 0.581104123823150 0.098506862593043
      vertex -0.221643351664008 0.580995437311010 0.103962899361513
   endloop
endfacet
facet normal -0.019671246283919 -0.892627750865434 0.450365119047373
   outer loop
      vertex -0.196167412861323 0.535093092159745 0.001550504978827
      vertex -0.202381165879466 0.530424736569410 -0.007973625188894
      vertex -0.196135787898543 0.530407441145618 -0.007735116502018
   endloop
endfacet
facet normal 0.956282448304783 -0.009209060725683 0.292299627548104
   outer loop
      vertex -0.189317255244969 0.508529214635646 -0.053496722878219
      vertex -0.189317636491204 0.506998815564255 -0.053543691665059
      vertex -0.186644907603105 0.502314095055817 -0.062435340355181
   endloop
endfacet
facet normal -0.156139550415466 0.900463916396750 -0.405937404119753
   outer loop
      vertex -0.192027267105618 0.576544151728818 0.078624595579574
      vertex -0.189847685053023 0.571816434185273 0.067299061223772
      vertex -0.195710824657931 0.571775425735546 0.069463289855504
   endloop
endfacet
facet normal 0.777782972574159 0.012242765136182 -0.628413687212115
   outer loop
      vertex -0.151533106543505 0.605523633697283 0.120817901882695
      vertex -0.157302795367447 0.598562478005438 0.113541183358609
      vertex -0.157291186317091 0.600685257811257 0.113596907823250
   endloop
endfacet
facet normal 0.041075970080580 0.902084675264791 -0.429599817660990
   outer loop
      vertex -0.208618156079676 0.533813561300049 -0.008108815009130
      vertex -0.201876718802710 0.529058137235505 -0.017449796853513
      vertex -0.208102940680498 0.529082837154736 -0.017993248399233
   endloop
endfacet
end solid no_name
