solid no_name
facet normal 0.194598145290267 0.961477761943097 -0.194144469760230
   outer loop
      vertex -0.221430967804268 0.447799279864244 -0.210657605388991
      vertex -0.211262463628501 0.443491981752892 -0.221796729247708
      vertex -0.236393779628564 0.448149131471577 -0.223922783079016
   endloop
endfacet
facet normal -0.004971254244089 -0.952232204402927 -0.305334432269247
   outer loop
      vertex 0.336487803030292 0.204753246855090 0.004520496407550
      vertex 0.326496315780055 0.204924945029202 0.004147704165997
      vertex 0.326693795122606 0.209967774112121 -0.011582346121419
   endloop
endfacet
facet normal -0.200918053722438 -0.953004617083983 -0.226746853351925
   outer loop
      vertex 0.269318325873518 0.276091690878397 -0.207603558432767
      vertex 0.251535958742077 0.281316154944394 -0.213804922470552
      vertex 0.259191922085349 0.281232561714143 -0.220237455043125
   endloop
endfacet
facet normal 0.665348355050309 -0.016179246484797 0.746357687985481
   outer loop
      vertex -0.189348808627007 0.434850591129558 -0.242511026431506
      vertex -0.200560279904019 0.439175966533041 -0.232422679506362
      vertex -0.189364766549796 0.432850975013816 -0.242540147461119
   endloop
endfacet
facet normal 0.255224333965061 0.966874254117574 0.003836153891026
   outer loop
      vertex 0.003651767276558 0.373506497541080 -0.336272364671576
      vertex 0.003430452124950 0.373644260358144 -0.356270078790331
      vertex -0.013565920554499 0.378127766055197 -0.355513677888265
   endloop
endfacet
facet normal 0.270970814436090 0.947090359681101 0.172031009771392
   outer loop
      vertex 0.188280749242790 0.311097028323523 -0.258913273542182
      vertex 0.181181023597063 0.316208347693903 -0.275869884238823
      vertex 0.175724282361029 0.316247445813907 -0.267490068493547
   endloop
endfacet
facet normal 0.767427190525158 -0.017336123051512 0.640901682070039
   outer loop
      vertex -0.231062560060258 0.450098921478937 -0.199062363432394
      vertex -0.221469685051757 0.443800050264574 -0.210719426180552
      vertex -0.221450327421779 0.445799715051742 -0.210688515256494
   endloop
endfacet
facet normal -0.548270428232624 0.014752156756086 -0.836170982154164
   outer loop
      vertex -0.173861711364201 0.422411815850358 -0.303394348811187
      vertex -0.173875067262775 0.420412123973847 -0.303420871046793
      vertex -0.188092894358003 0.424785835503722 -0.294021195626481
   endloop
endfacet
facet normal -0.019506691473656 -0.952009707760041 -0.305445584872973
   outer loop
      vertex 0.326496315780055 0.204924945029202 0.004147704165997
      vertex 0.316695996377161 0.210134997735220 -0.011465056938796
      vertex 0.326693795122606 0.209967774112121 -0.011582346121419
   endloop
endfacet
facet normal 0.112537290958947 0.003610200612928 -0.993640943497779
   outer loop
      vertex -0.022498550346666 0.047769771604094 0.300788435806325
      vertex -0.022516703643867 0.045769902604466 0.300779113675189
      vertex -0.037717623952706 0.041031350498784 0.299040278810682
   endloop
endfacet
facet normal -0.246735423909870 -0.001907157229035 0.969081004529199
   outer loop
      vertex 0.093064896934204 0.342529463051427 -0.304986567394795
      vertex 0.078509012980451 0.349019665813714 -0.308679833844007
      vertex 0.078492960736065 0.347019764837398 -0.308687856685122
   endloop
endfacet
facet normal -0.004611771978810 -0.949433116365760 -0.313935485581382
   outer loop
      vertex 0.326496315780055 0.204924945029202 0.004147704165997
      vertex 0.316504826542286 0.205096743177976 0.003774912980997
      vertex 0.316695996377161 0.210134997735220 -0.011465056938796
   endloop
endfacet
facet normal 0.022864738205927 -0.955096506568211 -0.295411351995779
   outer loop
      vertex 0.353511128957779 0.194323582703356 0.039536774758888
      vertex 0.333697254920038 0.194683566734396 0.036839320758555
      vertex 0.335488888284456 0.199714334079397 0.020712983512051
   endloop
endfacet
facet normal 0.244219193136361 0.957323156337366 0.154561832429897
   outer loop
      vertex 0.186637764751478 0.316169253678521 -0.284249709941279
      vertex 0.197551147183673 0.316091058450108 -0.301009341399969
      vertex 0.182913301157215 0.321275047653470 -0.309988983650102
   endloop
endfacet
facet normal 0.063468621924652 0.004372035600483 -0.997974257852222
   outer loop
      vertex -0.007231732124327 0.052509021313602 0.301780722421658
      vertex -0.007249985528771 0.050509156664380 0.301770800324179
      vertex -0.022516703643867 0.045769902604466 0.300779113675189
   endloop
endfacet
facet normal 0.009541048983835 -0.952383970391372 -0.304751934080582
   outer loop
      vertex 0.335488888284456 0.199714334079397 0.020712983512051
      vertex 0.325527721337378 0.199890302389412 0.019851202666177
      vertex 0.326496315780055 0.204924945029202 0.004147704165997
   endloop
endfacet
facet normal -0.105196851884218 -0.951204092207730 -0.290076537005182
   outer loop
      vertex 0.316158656188422 0.235300694267972 -0.089315352777434
      vertex 0.302247434503596 0.240525638835366 -0.101403789722936
      vertex 0.311781811650827 0.240389871570063 -0.104416250128191
   endloop
endfacet
facet normal 0.008789457509404 -0.954952688202889 -0.296627896076494
   outer loop
      vertex 0.355411224187310 0.199362296428361 0.022436644141664
      vertex 0.335488888284456 0.199714334079397 0.020712983512051
      vertex 0.336487803030292 0.204753246855090 0.004520496407550
   endloop
endfacet
facet normal 0.764975677417421 -0.016598737090165 0.643845241410364
   outer loop
      vertex 0.279244570099640 0.142486976879951 0.211264907944709
      vertex 0.268085694511667 0.137692001124950 0.224399551685636
      vertex 0.279214409868328 0.140487336867407 0.211249190416935
   endloop
endfacet
facet normal 0.188515562668345 -0.010177708742255 0.982017462612858
   outer loop
      vertex -0.041080862127285 0.382689846355605 -0.312042436349786
      vertex -0.055849332271143 0.389112388100504 -0.309140804427067
      vertex -0.055860285381673 0.387112580496744 -0.309159427952853
   endloop
endfacet
facet normal 0.256900926384713 0.952619498508377 0.162843498747493
   outer loop
      vertex 0.181181023597063 0.316208347693903 -0.275869884238823
      vertex 0.186637764751478 0.316169253678521 -0.284249709941279
      vertex 0.172836690468194 0.321337869069589 -0.292713142893425
   endloop
endfacet
facet normal 0.014266146586760 0.005129150285461 -0.999885077835905
   outer loop
      vertex 0.008063970895436 0.057249260409660 0.302023871559893
      vertex 0.008045517403504 0.055249398123198 0.302013349496236
      vertex -0.007249985528771 0.050509156664380 0.301770800324179
   endloop
endfacet
facet normal -0.004970564685069 -0.952155439145698 -0.305573744277834
   outer loop
      vertex 0.325527721337378 0.199890302389412 0.019851202666177
      vertex 0.316504826542286 0.205096743177976 0.003774912980997
      vertex 0.326496315780055 0.204924945029202 0.004147704165997
   endloop
endfacet
facet normal -0.005319667171493 -0.954806089778206 -0.297181816509080
   outer loop
      vertex 0.356470777530764 0.204409850506869 0.005266080890656
      vertex 0.336487803030292 0.204753246855090 0.004520496407550
      vertex 0.336691593491711 0.209800569427612 -0.011699535098311
   endloop
endfacet
facet normal 0.628000332245873 -0.015756731347502 0.778053538078400
   outer loop
      vertex -0.177655053207320 0.430515760742146 -0.252037343945494
      vertex -0.189348808627007 0.434850591129558 -0.242511026431506
      vertex -0.177670111142812 0.428516154275747 -0.252065685020138
   endloop
endfacet
facet normal 0.010335865076260 -0.949587139257560 -0.313332786107309
   outer loop
      vertex 0.325527721337378 0.199890302389412 0.019851202666177
      vertex 0.315566554369134 0.200066271755769 0.018989321825885
      vertex 0.316504826542286 0.205096743177976 0.003774912980997
   endloop
endfacet
facet normal -0.034973872824969 0.005885865060529 -0.999370894519203
   outer loop
      vertex 0.023351842006711 0.061990964404072 0.301517395988502
      vertex 0.023333088447046 0.059991102492726 0.301506273958833
      vertex 0.008045517403504 0.055249398123198 0.302013349496236
   endloop
endfacet
facet normal -0.019450969252899 -0.954663531447055 -0.297050839958684
   outer loop
      vertex 0.336691593491711 0.209800569427612 -0.011699535098311
      vertex 0.336099762791335 0.214856142988563 -0.027908410417774
      vertex 0.356687290984011 0.209466123112716 -0.011934013469303
   endloop
endfacet
facet normal 0.023999443119984 -0.952533626044466 -0.303485943635800
   outer loop
      vertex 0.333697254920038 0.194683566734396 0.036839320758555
      vertex 0.323790315924218 0.194863658196408 0.035490644812151
      vertex 0.325527721337378 0.199890302389412 0.019851202666177
   endloop
endfacet
facet normal 0.201895843712426 0.965411606179385 -0.164980298659530
   outer loop
      vertex -0.214148237722338 0.439510487061766 -0.247093098589452
      vertex -0.202199451349454 0.435176532974370 -0.257831588487471
      vertex -0.227736297506319 0.439845105471877 -0.261763506616380
   endloop
endfacet
facet normal 0.152828736925824 0.962026296202579 -0.226160966093633
   outer loop
      vertex -0.256305818247301 0.464951850524061 -0.161504780269186
      vertex -0.248500677403728 0.460674410750802 -0.174425487923205
      vertex -0.273574354304318 0.465325046661623 -0.171586555632809
   endloop
endfacet
facet normal -0.084118944784840 0.006641940434905 -0.996433584217004
   outer loop
      vertex 0.038595070909268 0.066734285770173 0.300262805193827
      vertex 0.038576017281872 0.064734424233941 0.300251083198146
      vertex 0.023333088447046 0.059991102492726 0.301506273958833
   endloop
endfacet
facet normal 0.247535293040288 0.001315224133738 -0.968877984518658
   outer loop
      vertex 0.104228864342838 0.344570790480534 -0.343394710840689
      vertex 0.104211611929759 0.342570886137795 -0.343401833413082
      vertex 0.087749574048293 0.347102817819460 -0.347601510699722
   endloop
endfacet
facet normal 0.009568167350767 -0.952299806606617 -0.305013980844398
   outer loop
      vertex 0.323790315924218 0.194863658196408 0.035490644812151
      vertex 0.315566554369134 0.200066271755769 0.018989321825885
      vertex 0.325527721337378 0.199890302389412 0.019851202666177
   endloop
endfacet
facet normal 0.264358704593054 0.952573165247810 0.150727702018083
   outer loop
      vertex 0.167798485205421 0.321369276660926 -0.284075212568639
      vertex 0.172836690468194 0.321337869069589 -0.292713142893425
      vertex 0.158635189193296 0.326508951272291 -0.300485726470234
   endloop
endfacet
facet normal 0.271428222447874 0.949917771095944 0.154864289669704
   outer loop
      vertex 0.162760179960287 0.321400682370252 -0.275437292243128
      vertex 0.167798485205421 0.321369276660926 -0.284075212568639
      vertex 0.154027623027221 0.326532629742186 -0.291610585702218
   endloop
endfacet
facet normal -0.229777486806008 0.008821598549133 -0.973203208973415
   outer loop
      vertex 0.083694136298708 0.080978807460100 0.292051771835953
      vertex 0.083673780601938 0.078979036960611 0.292038450988291
      vertex 0.068782378859447 0.074227969120267 0.295511309301002
   endloop
endfacet
facet normal 0.242944634432230 0.964515166201478 -0.103384712447857
   outer loop
      vertex -0.135402728121987 0.413361750654258 -0.302054414062251
      vertex -0.120865701058495 0.408971306143485 -0.308853848666175
      vertex -0.144141916925918 0.413635062379366 -0.320040881125021
   endloop
endfacet
facet normal 0.040016562294815 -0.949902151906710 -0.309975122461635
   outer loop
      vertex 0.321288200815491 0.189844985973161 0.051028927385147
      vertex 0.311459301667846 0.190028838990189 0.049196647662082
      vertex 0.313883378915930 0.195043649683757 0.034141967809193
   endloop
endfacet
facet normal 0.052656524199270 -0.952840209822303 -0.298869243993158
   outer loop
      vertex 0.327754628058366 0.184646857565880 0.068740637275895
      vertex 0.318027276994013 0.184834291851231 0.066429247146664
      vertex 0.321288200815491 0.189844985973161 0.051028927385147
   endloop
endfacet
facet normal 0.278488118619788 0.949877264343211 0.142047704914474
   outer loop
      vertex 0.149419957090239 0.326556295698798 -0.282735395042482
      vertex 0.154027623027221 0.326532629742186 -0.291610585702218
      vertex 0.139902154212880 0.331697880759234 -0.298457435298114
   endloop
endfacet
facet normal 0.290655830612625 0.949840541581312 0.115421547812381
   outer loop
      vertex 0.139902154212880 0.331697880759234 -0.298457435298114
      vertex 0.129170476058486 0.336856368203679 -0.313883633559063
      vertex 0.125456896758691 0.336864471788757 -0.304598743669778
   endloop
endfacet
facet normal 0.288035357856806 0.952484468389241 0.099040244858176
   outer loop
      vertex 0.107475238508896 0.342032021224261 -0.300563125341442
      vertex 0.129170476058486 0.336856368203679 -0.313883633559063
      vertex 0.120485168980277 0.342030860933491 -0.338388302626127
   endloop
endfacet
facet normal 0.283048964012288 0.952499207971955 0.112376789348907
   outer loop
      vertex 0.144067778104490 0.331681980728647 -0.307548392401757
      vertex 0.136597634658074 0.336840161033524 -0.332453413337632
      vertex 0.129170476058486 0.336856368203679 -0.313883633559063
   endloop
endfacet
facet normal 0.277478185766261 0.952502418193465 0.125479080963584
   outer loop
      vertex 0.139902154212880 0.331697880759234 -0.298457435298114
      vertex 0.144067778104490 0.331681980728647 -0.307548392401757
      vertex 0.129170476058486 0.336856368203679 -0.313883633559063
   endloop
endfacet
facet normal 0.298682288693607 0.946950055174463 0.118635928056515
   outer loop
      vertex 0.135736530338202 0.331713779944748 -0.289366398198938
      vertex 0.125456896758691 0.336864471788757 -0.304598743669778
      vertex 0.121743317647067 0.336872565904539 -0.295313903883358
   endloop
endfacet
facet normal -0.298757977452547 -0.946922582781237 -0.118664624582790
   outer loop
      vertex 0.107438433084508 0.338032219903734 -0.300575769832129
      vertex 0.129133170589367 0.332856564263756 -0.313895077904590
      vertex 0.125419591289573 0.332864667848834 -0.304610188015305
   endloop
endfacet
facet normal -0.284928112560236 -0.949842568097803 -0.128899443374406
   outer loop
      vertex 0.139864248498866 0.327698083266077 -0.298467779387077
      vertex 0.125419591289573 0.332864667848834 -0.304610188015305
      vertex 0.144029972349555 0.327682186279476 -0.307558836485304
   endloop
endfacet
facet normal 0.282105080186576 0.958442502713505 0.042481675169411
   outer loop
      vertex 0.063785932632548 0.355503054427350 -0.311652896684812
      vertex 0.051622588251368 0.360061453075289 -0.333724101804860
      vertex 0.048916009260997 0.359979807694998 -0.313908685337079
   endloop
endfacet
facet normal -0.292790301311890 -0.946951161026622 -0.132504105928929
   outer loop
      vertex 0.135698624622072 0.327713982557225 -0.289376752287342
      vertex 0.121706012182183 0.332872761753347 -0.295325328230001
      vertex 0.139864248498866 0.327698083266077 -0.298467779387077
   endloop
endfacet
facet normal 0.141479596095213 0.962152586478671 -0.232907544362863
   outer loop
      vertex -0.263468427394658 0.469222541377365 -0.148213269211139
      vertex -0.256305818247301 0.464951850524061 -0.161504780269186
      vertex -0.281212542113251 0.469600071286881 -0.157432329977995
   endloop
endfacet
facet normal -0.278491555168944 -0.949876401606168 -0.142046736573922
   outer loop
      vertex 0.153989017069019 0.322532837658857 -0.291619919529428
      vertex 0.139864248498866 0.327698083266077 -0.298467779387077
      vertex 0.158596583034224 0.322509169292063 -0.300495070191230
   endloop
endfacet
facet normal 0.826380860136206 -0.018551251825135 0.562805939073377
   outer loop
      vertex -0.248500677403728 0.460674410750802 -0.174425487923205
      vertex -0.248523928422310 0.458674877678096 -0.174457256679696
      vertex -0.240094375599906 0.454390497290721 -0.186975784367983
   endloop
endfacet
facet normal -0.284873949683308 -0.949862586282971 -0.128871641456363
   outer loop
      vertex 0.135698624622072 0.327713982557225 -0.289376752287342
      vertex 0.139864248498866 0.327698083266077 -0.298467779387077
      vertex 0.153989017069019 0.322532837658857 -0.291619919529428
   endloop
endfacet
facet normal -0.286164331098890 -0.946986474758874 -0.146036270256694
   outer loop
      vertex 0.149381450911411 0.322556515706215 -0.282744738763645
      vertex 0.135698624622072 0.327713982557225 -0.289376752287342
      vertex 0.153989017069019 0.322532837658857 -0.291619919529428
   endloop
endfacet
facet normal 0.192144654537375 0.968909368798207 -0.155868748592442
   outer loop
      vertex -0.214148237722338 0.439510487061766 -0.247093098589452
      vertex -0.227736297506319 0.439845105471877 -0.261763506616380
      vertex -0.239847731533196 0.444176926948843 -0.249766264559624
   endloop
endfacet
facet normal -0.271430996321842 -0.949917262237607 -0.154862549180687
   outer loop
      vertex 0.167759178791576 0.317369500618698 -0.284083596025091
      vertex 0.153989017069019 0.322532837658857 -0.291619919529428
      vertex 0.172797384056466 0.317338092921726 -0.292721516350436
   endloop
endfacet
facet normal -0.231186143378794 -0.952793737606888 -0.196817328217653
   outer loop
      vertex 0.225264463089431 0.296682944261775 -0.254935861691039
      vertex 0.212862761575426 0.301841520750189 -0.265341235279410
      vertex 0.238521612421878 0.296559423497675 -0.269910048377524
   endloop
endfacet
facet normal -0.240299117145908 -0.952728353528764 -0.185916698231407
   outer loop
      vertex 0.212862761575426 0.301841520750189 -0.265341235279410
      vertex 0.199963488707369 0.307003824807840 -0.275122979364486
      vertex 0.225368464156933 0.301732954712005 -0.280948630281689
   endloop
endfacet
facet normal 0.219823917954566 0.968365804611117 -0.118089430327055
   outer loop
      vertex -0.163401026513479 0.422115485876603 -0.286351731962809
      vertex -0.173861711364201 0.422411815850358 -0.303394348811187
      vertex -0.188078738414275 0.426785533140517 -0.293993713445787
   endloop
endfacet
facet normal 0.100758968105669 0.966680196831540 -0.235323240246296
   outer loop
      vertex -0.280928341990956 0.481994165805293 -0.106446360248719
      vertex -0.294360796903247 0.478128553959573 -0.128077248513965
      vertex -0.318746376606078 0.482769547379765 -0.119453830855404
   endloop
endfacet
facet normal 0.175760555839886 0.969167351052738 -0.172693001202346
   outer loop
      vertex -0.236393779628564 0.448149131471577 -0.223922783079016
      vertex -0.251356561456670 0.448498983569568 -0.237187950769649
      vertex -0.262235858812365 0.452811617812223 -0.224057638951329
   endloop
endfacet
facet normal -0.248878016657595 -0.952670103207615 -0.174583525222098
   outer loop
      vertex 0.199963488707369 0.307003824807840 -0.275122979364486
      vertex 0.186597557988304 0.312169486336919 -0.284257203065555
      vertex 0.211687335382280 0.306910375019088 -0.291326002442157
   endloop
endfacet
facet normal 0.199989479094911 0.002374274432386 -0.979795167916369
   outer loop
      vertex 0.087781678756984 0.351102608718284 -0.347585365128729
      vertex 0.087765626292679 0.349102718795776 -0.347593487858607
      vertex 0.071114907546474 0.353626849159326 -0.350981162293272
   endloop
endfacet
facet normal -0.664756206668397 0.016211677063013 -0.746884440340437
   outer loop
      vertex -0.215066151974933 0.433502856715795 -0.273181271572884
      vertex -0.215082209875850 0.431503238506775 -0.273210382602890
      vertex -0.227770413209371 0.435845844089712 -0.261823128594927
   endloop
endfacet
facet normal 0.200142758094580 0.002963043592571 -0.979762265427161
   outer loop
      vertex 0.087765626292679 0.349102718795776 -0.347593487858607
      vertex 0.071099855269208 0.351626959684291 -0.350990285285959
      vertex 0.071114907546474 0.353626849159326 -0.350981162293272
   endloop
endfacet
facet normal -0.256904505754981 -0.952618072928291 -0.162846191399056
   outer loop
      vertex 0.186597557988304 0.312169486336919 -0.284257203065555
      vertex 0.172797384056466 0.317338092921726 -0.292721516350436
      vertex 0.197511040411327 0.312091292567981 -0.301016784527203
   endloop
endfacet
facet normal -0.797517169352835 0.018260741312969 -0.603019825473543
   outer loop
      vertex -0.272459671228605 0.457115468855202 -0.210405919553423
      vertex -0.262235858812365 0.452811617812223 -0.224057638951329
      vertex -0.272481570488255 0.455115860739630 -0.210437509378755
   endloop
endfacet
facet normal -0.271400672647119 -0.949928268512005 -0.154848182322155
   outer loop
      vertex 0.162720873546443 0.317400906328024 -0.275445675699580
      vertex 0.167759178791576 0.317369500618698 -0.284083596025091
      vertex 0.181140816792021 0.312208582457430 -0.275877387341410
   endloop
endfacet
facet normal -0.875858810792500 0.018326308088082 -0.482219338049614
   outer loop
      vertex 0.281554169066153 0.162471997059828 0.135371693094676
      vertex 0.281520209881885 0.160472266727973 0.135357375495066
      vertex 0.274080338930187 0.155633540675070 0.148686580760460
   endloop
endfacet
facet normal -0.271222649801934 -0.952533868615934 -0.138266060094229
   outer loop
      vertex 0.158596583034224 0.322509169292063 -0.300495070191230
      vertex 0.144029972349555 0.327682186279476 -0.307558836485304
      vertex 0.167811815113999 0.322461826027532 -0.318245511612842
   endloop
endfacet
facet normal -0.277478630339301 -0.952502345491996 -0.125478649726844
   outer loop
      vertex 0.144029972349555 0.327682186279476 -0.307558836485304
      vertex 0.129133170589367 0.332856564263756 -0.313895077904590
      vertex 0.152361220111609 0.327650387274643 -0.325740850687006
   endloop
endfacet
facet normal -0.262497411907387 -0.947135306232330 -0.184471733417656
   outer loop
      vertex 0.188239642033852 0.307097274526609 -0.258919956287555
      vertex 0.175684075597855 0.312247678472306 -0.267497561617823
      vertex 0.194101615361792 0.307050550608230 -0.267021462826383
   endloop
endfacet
facet normal -0.898448111495589 0.018739014684386 -0.438679655647111
   outer loop
      vertex 0.288368035835489 0.169317115050957 0.121708796064498
      vertex 0.288333074967077 0.167317459535602 0.121694979495193
      vertex 0.281554169066153 0.162471997059828 0.135371693094676
   endloop
endfacet
facet normal -0.246679484845047 -0.950079234522844 -0.191046276815511
   outer loop
      vertex 0.206609960291496 0.301895803921809 -0.257537552788081
      vertex 0.194101615361792 0.307050550608230 -0.267021462826383
      vertex 0.212862761575426 0.301841520750189 -0.265341235279410
   endloop
endfacet
facet normal 0.078032487922929 -0.955691081479185 -0.283840602468539
   outer loop
      vertex 0.337624203127913 0.174254524985618 0.106425473124518
      vertex 0.299806098513919 0.175029905802544 0.093417942521298
      vertex 0.323617443637263 0.179640590042922 0.084439905957408
   endloop
endfacet
facet normal -0.375151410938131 0.012430157226952 -0.926880202648888
   outer loop
      vertex -0.112951556115859 0.404819525735879 -0.333686966913466
      vertex -0.112962909511854 0.402819728214911 -0.333709190448958
      vertex -0.128723720158811 0.407232370748147 -0.327270882482994
   endloop
endfacet
facet normal 0.060272935272883 -0.959961136337943 -0.273572275631789
   outer loop
      vertex 0.337624203127913 0.174254524985618 0.106425473124518
      vertex 0.323617443637263 0.179640590042922 0.084439905957408
      vertex 0.342822330659021 0.179259046573396 0.090009921454902
   endloop
endfacet
facet normal 0.047236878838294 -0.959823296136140 -0.276600646188637
   outer loop
      vertex 0.342822330659021 0.179259046573396 0.090009921454902
      vertex 0.327754628058366 0.184646857565880 0.068740637275895
      vertex 0.347209328220705 0.184272087913500 0.073363518585330
   endloop
endfacet
facet normal -0.734707515086179 0.016986744536452 -0.678171304159905
   outer loop
      vertex -0.251375909088624 0.446499318981166 -0.237218861693723
      vertex -0.239847731533196 0.444176926948843 -0.249766264559624
      vertex -0.239865901277849 0.442177380401977 -0.249796664457569
   endloop
endfacet
facet normal -0.263658039738006 -0.957230730396883 -0.119137596355488
   outer loop
      vertex 0.144029972349555 0.327682186279476 -0.307558836485304
      vertex 0.152361220111609 0.327650387274643 -0.325740850687006
      vertex 0.167811815113999 0.322461826027532 -0.318245511612842
   endloop
endfacet
facet normal -0.824352064189767 0.017493825511225 -0.565807069887831
   outer loop
      vertex 0.266060232419908 0.154800576945229 0.161667503945216
      vertex 0.266028172690952 0.152800892829371 0.161652386387106
      vertex 0.257317795504195 0.147974942241270 0.174193751551856
   endloop
endfacet
facet normal 0.034062458959887 -0.959689211574051 -0.278991695356658
   outer loop
      vertex 0.347209328220705 0.184272087913500 0.073363518585330
      vertex 0.331117199964547 0.189661133887435 0.052861307102465
      vertex 0.350775096252548 0.189293529815688 0.056525867604981
   endloop
endfacet
facet normal -0.797532592679717 0.017655204990451 -0.603017460236694
   outer loop
      vertex -0.272503469747905 0.453116252624057 -0.210469099204087
      vertex -0.262256458269572 0.450812032578284 -0.224088948794447
      vertex -0.262277057724663 0.448812447238711 -0.224120248638124
   endloop
endfacet
facet normal 0.020788124169433 -0.959554961797365 -0.280752790161689
   outer loop
      vertex 0.350775096252548 0.189293529815688 0.056525867604981
      vertex 0.333697254920038 0.194683566734396 0.036839320758555
      vertex 0.353511128957779 0.194323582703356 0.039536774758888
   endloop
endfacet
facet normal 0.237490133941291 0.964619945962825 -0.114484916610112
   outer loop
      vertex -0.139981310032995 0.417458001887326 -0.277012076736439
      vertex -0.149592705055604 0.417743119389541 -0.294547849318076
      vertex -0.163401026513479 0.422115485876603 -0.286351731962809
   endloop
endfacet
facet normal 0.007434216126021 -0.959421869270871 -0.281876585042780
   outer loop
      vertex 0.353511128957779 0.194323582703356 0.039536774758888
      vertex 0.335488888284456 0.199714334079397 0.020712983512051
      vertex 0.355411224187310 0.199362296428361 0.022436644141664
   endloop
endfacet
facet normal -0.269037260338104 -0.957193513893035 -0.106768579230371
   outer loop
      vertex 0.129133170589367 0.332856564263756 -0.313895077904590
      vertex 0.120448363775810 0.338031048559156 -0.338400847228050
      vertex 0.136560329188956 0.332840357093600 -0.332464857683159
   endloop
endfacet
facet normal -0.797574987568914 0.017657779856810 -0.602961310545689
   outer loop
      vertex -0.272481570488255 0.455115860739630 -0.210437509378755
      vertex -0.262235858812365 0.452811617812223 -0.224057638951329
      vertex -0.262256458269572 0.450812032578284 -0.224088948794447
   endloop
endfacet
facet normal -0.732371118317589 0.016138008020956 -0.680714411299893
   outer loop
      vertex 0.238133985124200 0.140340779901153 0.197944894953156
      vertex 0.238104624713676 0.138341156846114 0.197929077429635
      vertex 0.227647349785695 0.133532830095646 0.209065920123206
   endloop
endfacet
facet normal -0.005949529278565 -0.959288614414280 -0.282364936485559
   outer loop
      vertex 0.355411224187310 0.199362296428361 0.022436644141664
      vertex 0.336487803030292 0.204753246855090 0.004520496407550
      vertex 0.356470777530764 0.204409850506869 0.005266080890656
   endloop
endfacet
facet normal -0.019352072183605 -0.959158821088914 -0.282205338768644
   outer loop
      vertex 0.356470777530764 0.204409850506869 0.005266080890656
      vertex 0.336691593491711 0.209800569427612 -0.011699535098311
      vertex 0.356687290984011 0.209466123112716 -0.011934013469303
   endloop
endfacet
facet normal -0.329251768307531 0.012345391342929 -0.944161460968914
   outer loop
      vertex -0.096908942099899 0.398397146689360 -0.339365421802583
      vertex -0.112974163921371 0.400819982668921 -0.333731413456340
      vertex -0.112962909511854 0.402819728214911 -0.333709190448958
   endloop
endfacet
facet normal 0.148375171736435 0.969531514703080 -0.194919086827675
   outer loop
      vertex -0.290842880363312 0.465698242997949 -0.181668330996449
      vertex -0.265251933936173 0.461042640025036 -0.185345204015012
      vertex -0.282003190468194 0.461410869278144 -0.196264918106931
   endloop
endfacet
facet normal -0.032732956877820 -0.959030171149487 -0.281406617475533
   outer loop
      vertex 0.356687290984011 0.209466123112716 -0.011934013469303
      vertex 0.336099762791335 0.214856142988563 -0.027908410417774
      vertex 0.356059964063114 0.214531134069159 -0.029122536265155
   endloop
endfacet
facet normal 0.052740883732172 -0.952743502677353 -0.299162526545754
   outer loop
      vertex 0.314014951130027 0.179831310796531 0.081654897680467
      vertex 0.308299927896026 0.185021627218260 0.064117755966460
      vertex 0.318027276994013 0.184834291851231 0.066429247146664
   endloop
endfacet
facet normal -0.624435001600401 0.014548472708892 -0.780941272259410
   outer loop
      vertex 0.205181614574335 0.125932446038144 0.229760044373618
      vertex 0.205155057543387 0.123932680800533 0.229744024743506
      vertex 0.193173558784879 0.119140452436521 0.239235068252363
   endloop
endfacet
facet normal 0.255499938898402 0.950020188674794 0.179391812336073
   outer loop
      vertex 0.188280749242790 0.311097028323523 -0.258913273542182
      vertex 0.194142722558676 0.311050305010651 -0.267014790075169
      vertex 0.181181023597063 0.316208347693903 -0.275869884238823
   endloop
endfacet
facet normal -0.139689171576444 0.008769111143408 -0.990156572484393
   outer loop
      vertex -0.030519351884284 0.380602286137685 -0.353940462239174
      vertex -0.030530604605138 0.378602456159909 -0.353956585798349
      vertex -0.047376069436524 0.383067081200857 -0.351540523645359
   endloop
endfacet
facet normal -0.046065914973079 -0.958904183153088 -0.279965531823476
   outer loop
      vertex 0.356059964063114 0.214531134069159 -0.029122536265155
      vertex 0.334713411790499 0.219919938393853 -0.044067227920346
      vertex 0.354590299009815 0.219604788955836 -0.046258386518144
   endloop
endfacet
facet normal -0.059315371287042 -0.958780310449955 -0.277888472273621
   outer loop
      vertex 0.354590299009815 0.219604788955836 -0.046258386518144
      vertex 0.332535843833712 0.224991823434620 -0.060137387547273
      vertex 0.352281599143859 0.224686957035055 -0.063300264003257
   endloop
endfacet
facet normal -0.072456770387457 -0.958660034372510 -0.275174408188546
   outer loop
      vertex 0.352281599143859 0.224686957035055 -0.063300264003257
      vertex 0.329572063008071 0.230071645479275 -0.076079889793224
      vertex 0.349139168476565 0.229777492618941 -0.080207369104820
   endloop
endfacet
facet normal 0.050797356305683 -0.955299066671696 -0.291244436528047
   outer loop
      vertex 0.323617443637263 0.179640590042922 0.084439905957408
      vertex 0.318027276994013 0.184834291851231 0.066429247146664
      vertex 0.327754628058366 0.184646857565880 0.068740637275895
   endloop
endfacet
facet normal -0.502876354943795 0.012782405304644 -0.864263838045460
   outer loop
      vertex 0.167907951922109 0.111570893609821 0.256421014941591
      vertex 0.167883794522858 0.109571170793991 0.256405495279587
      vertex 0.154636645800690 0.104793877168129 0.264042760971907
   endloop
endfacet
facet normal 0.103665405644869 0.004355921010169 -0.994602689331091
   outer loop
      vertex 0.054329167241740 0.360143098455580 -0.353539518272642
      vertex 0.054315115130346 0.358143210484361 -0.353549741522557
      vertex 0.037405658401409 0.362651724272087 -0.355292434338191
   endloop
endfacet
facet normal -0.085455790182937 -0.958543181716610 -0.271831338717240
   outer loop
      vertex 0.349139168476565 0.229777492618941 -0.080207369104820
      vertex 0.325829275380509 0.235159174108101 -0.091856536485390
      vertex 0.345170414025526 0.234876119690563 -0.096938704017954
   endloop
endfacet
facet normal -0.098283523858361 -0.958429723039169 -0.267867159116315
   outer loop
      vertex 0.345170414025526 0.234876119690563 -0.096938704017954
      vertex 0.321316188992578 0.240254094518562 -0.107428730637985
      vertex 0.340384943684546 0.239982539993024 -0.113453651659806
   endloop
endfacet
facet normal -0.110908199587350 -0.958320361607827 -0.263289680375316
   outer loop
      vertex 0.340384943684546 0.239982539993024 -0.113453651659806
      vertex 0.316043813255999 0.245356045783139 -0.122758646282616
      vertex 0.334794167106152 0.245096384666474 -0.129711936093743
   endloop
endfacet
facet normal -0.005309158368669 -0.954729437290732 -0.297428166803245
   outer loop
      vertex 0.335488888284456 0.199714334079397 0.020712983512051
      vertex 0.326496315780055 0.204924945029202 0.004147704165997
      vertex 0.336487803030292 0.204753246855090 0.004520496407550
   endloop
endfacet
facet normal -0.370325446839243 0.010810235908209 -0.928839169190729
   outer loop
      vertex 0.127121898431998 0.097253987768259 0.277342080196389
      vertex 0.127099942797320 0.095254198142546 0.277327559418363
      vertex 0.112877506144110 0.090491590245388 0.282942573800649
   endloop
endfacet
facet normal -0.123301656666368 -0.958215223482745 -0.258109060184337
   outer loop
      vertex 0.334794167106152 0.245096384666474 -0.129711936093743
      vertex 0.310025159324986 0.250464599184673 -0.137808688603582
      vertex 0.328411896559888 0.250217177031729 -0.145673703054158
   endloop
endfacet
facet normal -0.135434200111560 -0.958113886731817 -0.252339765973960
   outer loop
      vertex 0.328411896559888 0.250217177031729 -0.145673703054158
      vertex 0.303275140659341 0.255579228877183 -0.152541744240717
      vertex 0.321253945402262 0.255344405570125 -0.161299609095543
   endloop
endfacet
facet normal -0.061636854939582 -0.954185796556267 -0.292797479093382
   outer loop
      vertex 0.334713411790499 0.219919938393853 -0.044067227920346
      vertex 0.322662966210388 0.225144255049890 -0.058555799327654
      vertex 0.332535843833712 0.224991823434620 -0.060137387547273
   endloop
endfacet
facet normal -0.116103008113117 -0.953693681371780 -0.277467932595153
   outer loop
      vertex 0.321316188992578 0.240254094518562 -0.107428730637985
      vertex 0.306668686220609 0.245485882386844 -0.119282006324029
      vertex 0.316043813255999 0.245356045783139 -0.122758646282616
   endloop
endfacet
facet normal -0.084062824813393 0.006591608499470 -0.996438654500006
   outer loop
      vertex 0.038614124515498 0.068734148362747 0.300274427195089
      vertex 0.038595070909268 0.066734285770173 0.300262805193827
      vertex 0.023351842006711 0.061990964404072 0.301517395988502
   endloop
endfacet
facet normal -0.201226972893316 -0.957604945819158 -0.206156428769225
   outer loop
      vertex 0.248456804183461 0.286378197621256 -0.232356683747497
      vertex 0.263118716129399 0.286225354966530 -0.245958050885802
      vertex 0.274503748789534 0.281065373371631 -0.233102530187548
   endloop
endfacet
facet normal -0.210790368265058 -0.957538031094640 -0.196693517061650
   outer loop
      vertex 0.237138581025471 0.291528409929026 -0.243932130334322
      vertex 0.251115067102820 0.291390121710576 -0.258237087919658
      vertex 0.263118716129399 0.286225354966530 -0.245958050885802
   endloop
endfacet
facet normal 0.123726424397547 0.966324437569067 -0.225629903298798
   outer loop
      vertex -0.294360796903247 0.478128553959573 -0.128077248513965
      vertex -0.269970441394862 0.473486486507370 -0.134583530356963
      vertex -0.288147238564006 0.473867962849323 -0.142917178431366
   endloop
endfacet
facet normal -0.166680293768686 -0.953269686165471 -0.251981318964659
   outer loop
      vertex 0.295810570952260 0.260699416085893 -0.166921580210514
      vertex 0.279132709967479 0.265929304655142 -0.175674703163334
      vertex 0.287649657464931 0.265824979331911 -0.180913810364521
   endloop
endfacet
facet normal 0.063508366240162 0.004368480943819 -0.997971744986675
   outer loop
      vertex -0.007213378739638 0.054508887950470 0.301790644518971
      vertex -0.007231732124327 0.052509021313602 0.301780722421658
      vertex -0.022498550346666 0.047769771604094 0.300788435806325
   endloop
endfacet
facet normal 0.265556811440043 0.962657632427557 0.052629484386307
   outer loop
      vertex 0.083153421991615 0.351061088219809 -0.328128538068683
      vertex 0.071129959802574 0.355626739690702 -0.350972139295003
      vertex 0.067457896227439 0.355564896065203 -0.331312517989824
   endloop
endfacet
facet normal -0.211485257102260 -0.952926812677203 -0.217265910140679
   outer loop
      vertex 0.259191922085349 0.281232561714143 -0.220237455043125
      vertex 0.241125848010680 0.286454628998902 -0.225556005072411
      vertex 0.248456804183461 0.286378197621256 -0.232356683747497
   endloop
endfacet
facet normal -0.251258779495925 -0.957287418907316 -0.143072790313141
   outer loop
      vertex 0.172797384056466 0.317338092921726 -0.292721516350436
      vertex 0.182873994751837 0.317275271188705 -0.309997327108788
      vertex 0.197511040411327 0.312091292567981 -0.301016784527203
   endloop
endfacet
facet normal -0.264333140729808 -0.952582598219343 -0.150712920088498
   outer loop
      vertex 0.167759178791576 0.317369500618698 -0.284083596025091
      vertex 0.172797384056466 0.317338092921726 -0.292721516350436
      vertex 0.186597557988304 0.312169486336919 -0.284257203065555
   endloop
endfacet
facet normal -0.937065681791859 0.019110464377126 -0.348629743652558
   outer loop
      vertex 0.299879523005200 0.179029112860064 0.093443073680532
      vertex 0.294434106223208 0.172169975788681 0.107703566324419
      vertex 0.294469968774353 0.174169555556233 0.107716781869167
   endloop
endfacet
facet normal -0.271184283768750 -0.952547701202368 -0.138246016835621
   outer loop
      vertex 0.153989017069019 0.322532837658857 -0.291619919529428
      vertex 0.158596583034224 0.322509169292063 -0.300495070191230
      vertex 0.172797384056466 0.317338092921726 -0.292721516350436
   endloop
endfacet
facet normal 0.701037113352528 -0.016608754845285 0.712931353613266
   outer loop
      vertex -0.200577237777418 0.437176337935238 -0.232452500495244
      vertex -0.211280621389714 0.441492335535760 -0.221827140201665
      vertex -0.200594295628944 0.435176707244156 -0.232482311484517
   endloop
endfacet
facet normal -0.875784046466217 0.018052863030868 -0.482365419668168
   outer loop
      vertex 0.281588130237955 0.164471627417021 0.135386009637732
      vertex 0.274113300405376 0.157633145874098 0.148701397277267
      vertex 0.274146359873277 0.159632853035437 0.148716214850463
   endloop
endfacet
facet normal -0.277428467419404 -0.952519643281060 -0.125458258512715
   outer loop
      vertex 0.139864248498866 0.327698083266077 -0.298467779387077
      vertex 0.144029972349555 0.327682186279476 -0.307558836485304
      vertex 0.158596583034224 0.322509169292063 -0.300495070191230
   endloop
endfacet
facet normal -0.795520226465025 0.016799319182085 -0.605694107747511
   outer loop
      vertex 0.257348955474452 0.149974605299294 0.174209169094715
      vertex 0.248002576373974 0.143155115663700 0.186295584897599
      vertex 0.248032836585531 0.145154757663890 0.186311302425207
   endloop
endfacet
facet normal -0.283050013155102 -0.952498846659461 -0.112377209278811
   outer loop
      vertex 0.125419591289573 0.332864667848834 -0.304610188015305
      vertex 0.129133170589367 0.332856564263756 -0.313895077904590
      vertex 0.144029972349555 0.327682186279476 -0.307558836485304
   endloop
endfacet
facet normal -0.697964002981253 0.015319468414707 -0.715968968901499
   outer loop
      vertex 0.227675708448575 0.135532531136211 0.209081938693776
      vertex 0.216655456980368 0.128730107550335 0.219679505969609
      vertex 0.216682915821049 0.130729790702091 0.219695524541673
   endloop
endfacet
facet normal -0.288036814066463 -0.952483977515123 -0.099040730608234
   outer loop
      vertex 0.107438433084508 0.338032219903734 -0.300575769832129
      vertex 0.120448363775810 0.338031048559156 -0.338400847228050
      vertex 0.129133170589367 0.332856564263756 -0.313895077904590
   endloop
endfacet
facet normal -0.585202146355593 0.013676855750692 -0.810772095916961
   outer loop
      vertex 0.193199315952706 0.121140202829311 0.239250987889384
      vertex 0.180739867993805 0.114353341130819 0.248129528228594
      vertex 0.180764825277345 0.116353077735130 0.248145247878106
   endloop
endfacet
facet normal 0.038442113365117 -0.952596030901662 -0.301799612044852
   outer loop
      vertex 0.318027276994013 0.184834291851231 0.066429247146664
      vertex 0.311459301667846 0.190028838990189 0.049196647662082
      vertex 0.321288200815491 0.189844985973161 0.051028927385147
   endloop
endfacet
facet normal 0.283729197204632 -0.011058797929369 0.958840677924113
   outer loop
      vertex -0.070457778444685 0.395525312661617 -0.305515567576780
      vertex -0.084883254393941 0.399929180438312 -0.301196153215686
      vertex -0.070468731809214 0.393525517733959 -0.305535391035587
   endloop
endfacet
facet normal -0.459650571472119 0.011833563774954 -0.888021012653270
   outer loop
      vertex 0.154660101308365 0.106793688157789 0.264058081702789
      vertex 0.141030825359910 0.100021603019973 0.271022518905252
      vertex 0.141053482928497 0.102021302359174 0.271037438603236
   endloop
endfacet
facet normal 0.304985343348318 0.000465231819421 -0.952356930936119
   outer loop
      vertex -0.082538828654270 0.028817602010701 0.289397408713546
      vertex -0.082557081402553 0.026817704614881 0.289390586443035
      vertex -0.097126997660724 0.022079944691871 0.284722362876001
   endloop
endfacet
facet normal -0.324095506806812 0.009870484853713 -0.945972872759250
   outer loop
      vertex 0.112898961814066 0.092491373101899 0.282956794596250
      vertex 0.098397531769645 0.085733292781754 0.287854548986094
      vertex 0.098418387452303 0.087733068994103 0.287868269810599
   endloop
endfacet
facet normal -0.091085724945628 0.008541179135333 -0.995806426455517
   outer loop
      vertex -0.013577473139676 0.376127926379507 -0.355528501413849
      vertex -0.030530604605138 0.378602456159909 -0.353956585798349
      vertex -0.030519351884284 0.380602286137685 -0.353940462239174
   endloop
endfacet
facet normal 0.240294703842326 0.952730454498605 0.185911635935495
   outer loop
      vertex 0.206652167941636 0.305895546398820 -0.257531590435421
      vertex 0.212904969237363 0.305841262633012 -0.265335282933587
      vertex 0.200004595916308 0.311003578604753 -0.275116296619114
   endloop
endfacet
facet normal 0.054710976244230 -0.950059452219248 -0.307235652760655
   outer loop
      vertex 0.318027276994013 0.184834291851231 0.066429247146664
      vertex 0.308299927896026 0.185021627218260 0.064117755966460
      vertex 0.311459301667846 0.190028838990189 0.049196647662082
   endloop
endfacet
facet normal -0.181454164480554 0.007774850937337 -0.983368668346499
   outer loop
      vertex 0.068822086263812 0.078227700755537 0.295536953166912
      vertex 0.053757239654726 0.071479765816376 0.298263412787291
      vertex 0.053776693308932 0.073479630021481 0.298275634754399
   endloop
endfacet
facet normal 0.257672912580004 0.001295423081381 -0.966231334620016
   outer loop
      vertex -0.067756372013813 0.033555382711466 0.293346647381248
      vertex -0.067774524930018 0.031555494697686 0.293339125149642
      vertex -0.082557081402553 0.026817704614881 0.289390586443035
   endloop
endfacet
facet normal -0.034784563031270 0.005531077411212 -0.999379528186061
   outer loop
      vertex 0.023370595545208 0.063990827371761 0.301528418023753
      vertex 0.008063970895436 0.057249260409660 0.302023871559893
      vertex 0.008082522358913 0.059249225714772 0.302034294685520
   endloop
endfacet
facet normal 0.103818725729297 0.004938190476307 -0.994583976576521
   outer loop
      vertex 0.054315115130346 0.358143210484361 -0.353549741522557
      vertex 0.037392306117647 0.360651851836680 -0.355303757633523
      vertex 0.037405658401409 0.362651724272087 -0.355292434338191
   endloop
endfacet
facet normal 0.064464138491275 -0.955542415181305 -0.287720467881688
   outer loop
      vertex 0.342822330659021 0.179259046573396 0.090009921454902
      vertex 0.323617443637263 0.179640590042922 0.084439905957408
      vertex 0.327754628058366 0.184646857565880 0.068740637275895
   endloop
endfacet
facet normal 0.112703657596185 0.003316623130406 -0.993623110427416
   outer loop
      vertex -0.022480297090387 0.049769643647708 0.300797657942875
      vertex -0.037699470803671 0.043031226892805 0.299048900980889
      vertex -0.037681419601245 0.045031200217502 0.299057624202235
   endloop
endfacet
facet normal 0.236244560767492 -0.010925565669676 0.971632203831559
   outer loop
      vertex -0.055860285381673 0.387112580496744 -0.309159427952853
      vertex -0.070468731809214 0.393525517733959 -0.305535391035587
      vertex -0.070479685571249 0.391525742801234 -0.305555214283082
   endloop
endfacet
facet normal 0.209760581839319 0.002066967854298 -0.977750594962908
   outer loop
      vertex -0.052797681967458 0.038293173438578 0.296566408135272
      vertex -0.052815835010661 0.036293291762848 0.296558285937155
      vertex -0.067774524930018 0.031555494697686 0.293339125149642
   endloop
endfacet
facet normal 0.230872214094752 0.968090209986882 -0.097464691486410
   outer loop
      vertex -0.135402728121987 0.413361750654258 -0.302054414062251
      vertex -0.144141916925918 0.413635062379366 -0.320040881125021
      vertex -0.159204100082446 0.418028237103024 -0.312083641898596
   endloop
endfacet
facet normal -0.221586525764798 -0.952854451182999 -0.207286773481167
   outer loop
      vertex 0.248456804183461 0.286378197621256 -0.232356683747497
      vertex 0.230150337988913 0.291597553932617 -0.236779641542212
      vertex 0.237138581025471 0.291528409929026 -0.243932130334322
   endloop
endfacet
facet normal 0.050730902125188 -0.955393649717716 -0.290945612870563
   outer loop
      vertex 0.347209328220705 0.184272087913500 0.073363518585330
      vertex 0.327754628058366 0.184646857565880 0.068740637275895
      vertex 0.331117199964547 0.189661133887435 0.052861307102465
   endloop
endfacet
facet normal 0.257861169358670 0.000942486689034 -0.966181519723815
   outer loop
      vertex -0.067738219118775 0.035555271781589 0.293354069618435
      vertex -0.082538828654270 0.028817602010701 0.289397408713546
      vertex -0.082520575905986 0.030817499406520 0.289404230984058
   endloop
endfacet
facet normal 0.263103452826478 0.962599640441255 0.064641359307740
   outer loop
      vertex 0.078525065444756 0.351019555736222 -0.308671711114128
      vertex 0.083153421991615 0.351061088219809 -0.328128538068683
      vertex 0.067457896227439 0.355564896065203 -0.331312517989824
   endloop
endfacet
facet normal 0.161359408430953 0.002790156133308 -0.986891765260793
   outer loop
      vertex -0.037699470803671 0.043031226892805 0.299048900980889
      vertex -0.037717623952706 0.041031350498784 0.299040278810682
      vertex -0.052815835010661 0.036293291762848 0.296558285937155
   endloop
endfacet
facet normal 0.283865962088132 0.958857721786598 0.003461926919171
   outer loop
      vertex 0.018923923101699 0.368912849413500 -0.316222902780077
      vertex 0.003651767276558 0.373506497541080 -0.336272364671576
      vertex 0.003873182188492 0.373368747765469 -0.316274750441750
   endloop
endfacet
facet normal 0.281989026869749 0.959152363698480 -0.022559519867901
   outer loop
      vertex -0.026155324727882 0.382257561536267 -0.314164880435386
      vertex -0.011165605777471 0.377817131675041 -0.315588338804322
      vertex -0.028331711945656 0.382429838825864 -0.334044609557692
   endloop
endfacet
facet normal -0.231199904760981 -0.952787473506856 -0.196831487234478
   outer loop
      vertex 0.237138581025471 0.291528409929026 -0.243932130334322
      vertex 0.218635838472836 0.296744701650509 -0.247448768368844
      vertex 0.225264463089431 0.296682944261775 -0.254935861691039
   endloop
endfacet
facet normal -0.151218882741933 -0.003941081234209 0.988492446800170
   outer loop
      vertex 0.063770880355282 0.353503164952315 -0.311662019677500
      vertex 0.048916009260997 0.359979807694998 -0.313908685337079
      vertex 0.048901956972016 0.357979928664904 -0.313918808486920
   endloop
endfacet
facet normal 0.036851614839830 -0.955246069627219 -0.293507929953261
   outer loop
      vertex 0.350775096252548 0.189293529815688 0.056525867604981
      vertex 0.331117199964547 0.189661133887435 0.052861307102465
      vertex 0.333697254920038 0.194683566734396 0.036839320758555
   endloop
endfacet
facet normal -0.240302840208935 -0.952727064937384 -0.185918489460615
   outer loop
      vertex 0.225264463089431 0.296682944261775 -0.254935861691039
      vertex 0.206609960291496 0.301895803921809 -0.257537552788081
      vertex 0.212862761575426 0.301841520750189 -0.265341235279410
   endloop
endfacet
facet normal -0.463753073455114 0.014264436288291 -0.885849655821073
   outer loop
      vertex -0.144154072638229 0.411635373227761 -0.320065403474253
      vertex -0.159229511713088 0.414028858062552 -0.312134686483601
      vertex -0.159216755907645 0.416028548576611 -0.312109164191181
   endloop
endfacet
facet normal 0.261928157307020 0.960086115671992 -0.098123854916201
   outer loop
      vertex -0.113019237532908 0.408710551531354 -0.290460127267122
      vertex -0.099081506958506 0.404324126665940 -0.296173941963937
      vertex -0.120865701058495 0.408971306143485 -0.308853848666175
   endloop
endfacet
facet normal -0.506539751531503 0.014842502353827 -0.862088847069883
   outer loop
      vertex -0.159216755907645 0.416028548576611 -0.312109164191181
      vertex -0.173888523141593 0.418412430109688 -0.303447393282234
      vertex -0.173875067262775 0.420412123973847 -0.303420871046793
   endloop
endfacet
facet normal -0.548125730188654 0.015401248861524 -0.836254139265487
   outer loop
      vertex -0.173875067262775 0.420412123973847 -0.303420871046793
      vertex -0.188107152269507 0.422786235853947 -0.294048676750456
      vertex -0.188092894358003 0.424785835503722 -0.294021195626481
   endloop
endfacet
facet normal -0.588417442515519 0.015888781353829 -0.808401175141765
   outer loop
      vertex -0.188092894358003 0.424785835503722 -0.294021195626481
      vertex -0.201849885091759 0.427149921767863 -0.283961319411442
      vertex -0.201834827156268 0.429149528234262 -0.283932978336797
   endloop
endfacet
facet normal -0.627302426767648 0.016372682283646 -0.778603622292022
   outer loop
      vertex -0.201834827156268 0.429149528234262 -0.283932978336797
      vertex -0.215082209875850 0.431503238506775 -0.273210382602890
      vertex -0.215066151974933 0.433502856715795 -0.273181271572884
   endloop
endfacet
facet normal -0.664688675343236 0.016805565781743 -0.746931414407782
   outer loop
      vertex -0.215066151974933 0.433502856715795 -0.273181271572884
      vertex -0.227770413209371 0.435845844089712 -0.261823128594927
      vertex -0.227753355357845 0.437845474780795 -0.261793317605654
   endloop
endfacet
facet normal -0.734595416155222 0.017593630995541 -0.678277257994199
   outer loop
      vertex -0.251375909088624 0.446499318981166 -0.237218861693723
      vertex -0.239865901277849 0.442177380401977 -0.249796664457569
      vertex -0.251395258708110 0.444499754367428 -0.237249771561243
   endloop
endfacet
facet normal -0.766951737419151 0.017941817432153 -0.641453913899492
   outer loop
      vertex -0.262256458269572 0.450812032578284 -0.224088948794447
      vertex -0.251375909088624 0.446499318981166 -0.237218861693723
      vertex -0.262277057724663 0.448812447238711 -0.224120248638124
   endloop
endfacet
facet normal -0.304694371894530 -0.000468205169277 0.952450061955858
   outer loop
      vertex -0.093654613063069 0.030787379775639 0.327823413940655
      vertex -0.110100123325145 0.026080937351909 0.322560084973921
      vertex -0.093672865811352 0.028787482379820 0.327816591670142
   endloop
endfacet
facet normal 0.210755544661601 0.957552603384797 0.196659889518402
   outer loop
      vertex 0.237182989843604 0.295528115422684 -0.243927348904157
      vertex 0.251159475720084 0.295389837307334 -0.258232316383280
      vertex 0.238564820597611 0.300559149422674 -0.269904726447232
   endloop
endfacet
facet normal -0.797474485373478 0.018261165396024 -0.603076259702440
   outer loop
      vertex -0.272481570488255 0.455115860739630 -0.210437509378755
      vertex -0.262256458269572 0.450812032578284 -0.224088948794447
      vertex -0.272503469747905 0.453116252624057 -0.210469099204087
   endloop
endfacet
facet normal -0.033562154033611 -0.954522001084687 -0.296245390279595
   outer loop
      vertex 0.336099762791335 0.214856142988563 -0.027908410417774
      vertex 0.334713411790499 0.219919938393853 -0.044067227920346
      vertex 0.356059964063114 0.214531134069159 -0.029122536265155
   endloop
endfacet
facet normal -0.826089003935614 0.018551238908721 -0.563234240002876
   outer loop
      vertex -0.282026441485294 0.459411336131493 -0.196296679863812
      vertex -0.272481570488255 0.455115860739630 -0.210437509378755
      vertex -0.282049690514862 0.457411703010179 -0.196328442677247
   endloop
endfacet
facet normal -0.133025571739279 0.007344279357032 -0.991085394314821
   outer loop
      vertex 0.053757239654726 0.071479765816376 0.298263412787291
      vertex 0.053737885980764 0.069479903598917 0.298251190820015
      vertex 0.038576017281872 0.064734424233941 0.300251083198146
   endloop
endfacet
facet normal -0.852726655447382 0.018808168848700 -0.522018681537434
   outer loop
      vertex -0.290867521117874 0.463698682825143 -0.181700149747841
      vertex -0.282026441485294 0.459411336131493 -0.196296679863812
      vertex -0.290892151872295 0.461699122745467 -0.181731958499808
   endloop
endfacet
facet normal -0.047625002116726 -0.954384168218631 -0.294758746480939
   outer loop
      vertex 0.334713411790499 0.219919938393853 -0.044067227920346
      vertex 0.332535843833712 0.224991823434620 -0.060137387547273
      vertex 0.354590299009815 0.219604788955836 -0.046258386518144
   endloop
endfacet
facet normal -0.506685005378420 0.014208760090916 -0.862014162564253
   outer loop
      vertex -0.159204100082446 0.418028237103024 -0.312083641898596
      vertex -0.159216755907645 0.416028548576611 -0.312109164191181
      vertex -0.173875067262775 0.420412123973847 -0.303420871046793
   endloop
endfacet
facet normal 0.236616892063306 0.957371926662354 0.165684762211600
   outer loop
      vertex 0.200004595916308 0.311003578604753 -0.275116296619114
      vertex 0.211728442589827 0.310910128885984 -0.291319319696045
      vertex 0.197551147183673 0.316091058450108 -0.301009341399969
   endloop
endfacet
facet normal -0.877318440544193 0.019045838459986 -0.479530614161871
   outer loop
      vertex -0.298982721264009 0.467978211903279 -0.166683127385244
      vertex -0.290867521117874 0.463698682825143 -0.181700149747841
      vertex -0.299008771727317 0.465978623070867 -0.166714886137646
   endloop
endfacet
facet normal -0.181641726561187 0.008107778663385 -0.983331351629254
   outer loop
      vertex 0.068802232561629 0.076227834937901 0.295524131233957
      vertex 0.068782378859447 0.074227969120267 0.295511309301002
      vertex 0.053737885980764 0.069479903598917 0.298251190820015
   endloop
endfacet
facet normal 0.507068672685900 -0.014829533992950 0.861778072418945
   outer loop
      vertex -0.140006721674220 0.413458623375024 -0.277063171318653
      vertex -0.152953797550042 0.419819462461226 -0.269335677347639
      vertex -0.152967153454966 0.417819770901615 -0.269362229581571
   endloop
endfacet
facet normal -0.899803432162213 0.019253096052539 -0.435870510314123
   outer loop
      vertex -0.306351527861409 0.472249919810019 -0.151282404209274
      vertex -0.298982721264009 0.467978211903279 -0.166683127385244
      vertex -0.306379019987552 0.470250400323127 -0.151313971913336
   endloop
endfacet
facet normal -0.061602436743900 -0.954247529586887 -0.292603472406835
   outer loop
      vertex 0.332535843833712 0.224991823434620 -0.060137387547273
      vertex 0.329572063008071 0.230071645479275 -0.076079889793224
      vertex 0.352281599143859 0.224686957035055 -0.063300264003257
   endloop
endfacet
facet normal 0.265247150565327 0.963613112031355 -0.033071429334431
   outer loop
      vertex -0.044206459733421 0.386878088443352 -0.331756833012352
      vertex -0.028331711945656 0.382429838825864 -0.334044609557692
      vertex -0.047354063586794 0.387066715863445 -0.351505876554483
   endloop
endfacet
facet normal -0.920123347863261 0.019432249651315 -0.391146280041616
   outer loop
      vertex -0.312955178812381 0.476513884289558 -0.135536295508600
      vertex -0.306351527861409 0.472249919810019 -0.151282404209274
      vertex -0.312984122571868 0.474514432576178 -0.135567542171563
   endloop
endfacet
facet normal -0.938225688301120 0.019589032927940 -0.345468996584120
   outer loop
      vertex -0.318746376606078 0.482769547379765 -0.119453830855404
      vertex -0.312955178812381 0.476513884289558 -0.135536295508600
      vertex -0.318807181376505 0.478770476748920 -0.119515455281598
   endloop
endfacet
facet normal -0.075467680389051 -0.954115705963846 -0.289772063611741
   outer loop
      vertex 0.329572063008071 0.230071645479275 -0.076079889793224
      vertex 0.325829275380509 0.235159174108101 -0.091856536485390
      vertex 0.349139168476565 0.229777492618941 -0.080207369104820
   endloop
endfacet
facet normal -0.277349483351636 0.009483926401363 -0.960722290375629
   outer loop
      vertex 0.098397531769645 0.085733292781754 0.287854548986094
      vertex 0.098376678074520 0.083733416594742 0.287840827105034
      vertex 0.083673780601938 0.078979036960611 0.292038450988291
   endloop
endfacet
facet normal 0.267226926684016 0.962783549058166 0.040467361144240
   outer loop
      vertex 0.067457896227439 0.355564896065203 -0.331312517989824
      vertex 0.054329167241740 0.360143098455580 -0.353539518272642
      vertex 0.051622588251368 0.360061453075289 -0.333724101804860
   endloop
endfacet
facet normal -0.130026805838904 -0.962134272319988 0.239563502626378
   outer loop
      vertex -0.275853252297648 0.473744668446988 -0.120711953620752
      vertex -0.288202222814175 0.469868923769906 -0.142980303840049
      vertex -0.270025435643056 0.469487447229188 -0.134646655765629
   endloop
endfacet
facet normal -0.877367685215010 0.018434750895810 -0.479464393776915
   outer loop
      vertex -0.299008771727317 0.465978623070867 -0.166714886137646
      vertex -0.290867521117874 0.463698682825143 -0.181700149747841
      vertex -0.290892151872295 0.461699122745467 -0.181731958499808
   endloop
endfacet
facet normal 0.184153869874662 0.969038034046944 -0.164476870047494
   outer loop
      vertex -0.225555117576897 0.443834453953338 -0.235781496903632
      vertex -0.239847731533196 0.444176926948843 -0.249766264559624
      vertex -0.251356561456670 0.448498983569568 -0.237187950769649
   endloop
endfacet
facet normal -0.089185321935459 -0.953986672930699 -0.286278546562407
   outer loop
      vertex 0.325829275380509 0.235159174108101 -0.091856536485390
      vertex 0.321316188992578 0.240254094518562 -0.107428730637985
      vertex 0.345170414025526 0.234876119690563 -0.096938704017954
   endloop
endfacet
facet normal -0.141695880778574 -0.962018450384205 0.233329763405264
   outer loop
      vertex -0.270025435643056 0.469487447229188 -0.134646655765629
      vertex -0.281264655021191 0.465600993186687 -0.157495826427344
      vertex -0.263520530306689 0.465223463581571 -0.148276775659946
   endloop
endfacet
facet normal -0.324249310801537 0.010141941349571 -0.945917293144802
   outer loop
      vertex 0.112877506144110 0.090491590245388 0.282942573800649
      vertex 0.112856150475564 0.088491808320180 0.282928452999299
      vertex 0.098376678074520 0.083733416594742 0.287840827105034
   endloop
endfacet
facet normal -0.153056249156437 -0.961897342587659 0.226555262390798
   outer loop
      vertex -0.263520530306689 0.465223463581571 -0.148276775659946
      vertex -0.273623615817393 0.461325926713539 -0.171650193135627
      vertex -0.256355089758400 0.460952730377213 -0.161568417771988
   endloop
endfacet
facet normal -0.102723534519428 -0.953862168675385 -0.282125572442002
   outer loop
      vertex 0.321316188992578 0.240254094518562 -0.107428730637985
      vertex 0.316043813255999 0.245356045783139 -0.122758646282616
      vertex 0.340384943684546 0.239982539993024 -0.113453651659806
   endloop
endfacet
facet normal -0.019559329030804 -0.949279232898339 -0.313825382395699
   outer loop
      vertex 0.316695996377161 0.210134997735220 -0.011465056938796
      vertex 0.316139361559067 0.215181147932676 -0.026694284570062
      vertex 0.326693795122606 0.209967774112121 -0.011582346121419
   endloop
endfacet
facet normal 0.244122345408692 0.960561376532643 -0.133139484698842
   outer loop
      vertex -0.152940341664874 0.421819156008481 -0.269309125113873
      vertex -0.139981310032995 0.417458001887326 -0.277012076736439
      vertex -0.163401026513479 0.422115485876603 -0.286351731962809
   endloop
endfacet
facet normal 0.330203108797356 -0.011794840635730 0.943836208605571
   outer loop
      vertex -0.084883254393941 0.399929180438312 -0.301196153215686
      vertex -0.099081506958506 0.404324126665940 -0.296173941963937
      vertex -0.084894308411384 0.397929417250385 -0.301217276390453
   endloop
endfacet
facet normal 0.118077711913187 0.962233732857032 -0.245283300086591
   outer loop
      vertex -0.280928341990956 0.481994165805293 -0.106446360248719
      vertex -0.275795368753741 0.477743771823076 -0.120649458181718
      vertex -0.294360796903247 0.478128553959573 -0.128077248513965
   endloop
endfacet
facet normal -0.164062552442176 -0.961774933728404 0.219254317489718
   outer loop
      vertex -0.256355089758400 0.460952730377213 -0.161568417771988
      vertex -0.265298423984816 0.457043473955837 -0.185408728585345
      vertex -0.248547179438775 0.456675344499755 -0.174489015436745
   endloop
endfacet
facet normal 0.231194446541252 0.952790185194136 0.196824772033927
   outer loop
      vertex 0.237182989843604 0.295528115422684 -0.243927348904157
      vertex 0.238564820597611 0.300559149422674 -0.269904726447232
      vertex 0.225307671285040 0.300682669187027 -0.254930539771312
   endloop
endfacet
facet normal -0.370388079372795 0.010875696097355 -0.928813431154465
   outer loop
      vertex 0.127099942797320 0.095254198142546 0.277327559418363
      vertex 0.127077887161232 0.093254407585528 0.277312938646084
      vertex 0.112856150475564 0.088491808320180 0.282928452999299
   endloop
endfacet
facet normal -0.174719281011512 -0.961644185031419 0.211455986526933
   outer loop
      vertex -0.248547179438775 0.456675344499755 -0.174489015436745
      vertex -0.256309872303625 0.452753570894321 -0.198738236198729
      vertex -0.240116284857581 0.452390888976384 -0.187007374193299
   endloop
endfacet
facet normal -0.116050074022444 -0.953741307195712 -0.277326340739567
   outer loop
      vertex 0.316043813255999 0.245356045783139 -0.122758646282616
      vertex 0.310025159324986 0.250464599184673 -0.137808688603582
      vertex 0.334794167106152 0.245096384666474 -0.129711936093743
   endloop
endfacet
facet normal -0.415595214417443 0.011493970791895 -0.909477051051182
   outer loop
      vertex 0.141030825359910 0.100021603019973 0.271022518905252
      vertex 0.141008169778856 0.098021803706109 0.271007598150713
      vertex 0.127077887161232 0.093254407585528 0.277312938646084
   endloop
endfacet
facet normal -0.194834100406518 -0.961375713460476 0.194412990530836
   outer loop
      vertex -0.231083149518170 0.448099336380381 -0.199093667275864
      vertex -0.236432476880005 0.444149902269436 -0.223984603870610
      vertex -0.221469685051757 0.443800050264574 -0.210719426180552
   endloop
endfacet
facet normal -0.129134849292460 -0.953624604620663 -0.271890242856007
   outer loop
      vertex 0.310025159324986 0.250464599184673 -0.137808688603582
      vertex 0.303275140659341 0.255579228877183 -0.152541744240717
      vertex 0.328411896559888 0.250217177031729 -0.145673703054158
   endloop
endfacet
facet normal -0.204251760504857 -0.961238217115935 0.185208823457320
   outer loop
      vertex -0.221469685051757 0.443800050264574 -0.210719426180552
      vertex -0.225591435086856 0.439835261493740 -0.235842317754994
      vertex -0.211298781138460 0.439492789293294 -0.221857550099069
   endloop
endfacet
facet normal 0.155555717264860 0.966098223915435 -0.206050092389341
   outer loop
      vertex -0.265251933936173 0.461042640025036 -0.185345204015012
      vertex -0.256266073784324 0.456752787125465 -0.198675056548065
      vertex -0.282003190468194 0.461410869278144 -0.196264918106931
   endloop
endfacet
facet normal -0.459806668395882 0.012128182277914 -0.887936222311779
   outer loop
      vertex 0.154636645800690 0.104793877168129 0.264042760971907
      vertex 0.154613290294426 0.102794067109773 0.264027540235276
      vertex 0.141008169778856 0.098021803706109 0.271007598150713
   endloop
endfacet
facet normal -0.213235258719782 -0.961092884281788 0.175588132348463
   outer loop
      vertex -0.211298781138460 0.439492789293294 -0.221857550099069
      vertex -0.214182353425390 0.435511225679601 -0.247152720567999
      vertex -0.200594295628944 0.435176707244156 -0.232482311484517
   endloop
endfacet
facet normal -0.141945684930881 -0.953512250952552 -0.265830415515044
   outer loop
      vertex 0.303275140659341 0.255579228877183 -0.152541744240717
      vertex 0.295810570952260 0.260699416085893 -0.166921580210514
      vertex 0.321253945402262 0.255344405570125 -0.161299609095543
   endloop
endfacet
facet normal -0.221744490632629 -0.960948488751057 0.165551752757668
   outer loop
      vertex -0.200594295628944 0.435176707244156 -0.232482311484517
      vertex -0.202231467175277 0.431177298755241 -0.257889830546532
      vertex -0.189380824452830 0.430851356910429 -0.242569268490566
   endloop
endfacet
facet normal -0.329401189310605 0.011746113636670 -0.944116987081153
   outer loop
      vertex -0.096897888302376 0.400396920931095 -0.339344398516579
      vertex -0.096908942099899 0.398397146689360 -0.339365421802583
      vertex -0.112962909511854 0.402819728214911 -0.333709190448958
   endloop
endfacet
facet normal -0.502913634084424 0.012782005093785 -0.864242151828861
   outer loop
      vertex 0.167883794522858 0.109571170793991 0.256405495279587
      vertex 0.167859639111139 0.107571348003496 0.256389974561029
      vertex 0.154613290294426 0.102794067109773 0.264027540235276
   endloop
endfacet
facet normal 0.265231078494274 0.963617625324704 -0.033068824659246
   outer loop
      vertex -0.041058855880048 0.386689461023260 -0.312007789470222
      vertex -0.044206459733421 0.386878088443352 -0.331756833012352
      vertex -0.059949885294987 0.391316527720404 -0.328693144585078
   endloop
endfacet
facet normal -0.229775113060426 -0.960800164010201 0.155133627096254
   outer loop
      vertex -0.189380824452830 0.430851356910429 -0.242569268490566
      vertex -0.189767477094909 0.426833235782428 -0.268027672753195
      vertex -0.177685167090770 0.426516447834684 -0.252094027151337
   endloop
endfacet
facet normal 0.920405803750147 -0.018818294654659 0.390511239542906
   outer loop
      vertex -0.275795368753741 0.477743771823076 -0.120649458181718
      vertex -0.269997933518888 0.471486966914844 -0.134615088061584
      vertex -0.269970441394862 0.473486486507370 -0.134583530356963
   endloop
endfacet
facet normal -0.154454066237656 -0.953404053823117 -0.259161439215601
   outer loop
      vertex 0.295810570952260 0.260699416085893 -0.166921580210514
      vertex 0.287649657464931 0.265824979331911 -0.180913810364521
      vertex 0.313338028214823 0.260477515952506 -0.176551201676761
   endloop
endfacet
facet normal -0.544783806364891 0.013389381965878 -0.838469634973833
   outer loop
      vertex 0.180739867993805 0.114353341130819 0.248129528228594
      vertex 0.180714912697799 0.112353504551846 0.248113807522526
      vertex 0.167859639111139 0.107571348003496 0.256389974561029
   endloop
endfacet
facet normal -0.244303437682595 -0.960499760418064 0.133251793884018
   outer loop
      vertex -0.165537040389097 0.422172534224968 -0.261032423973753
      vertex -0.163427838301455 0.418116100664103 -0.286404826431065
      vertex -0.152967153454966 0.417819770901615 -0.269362229581571
   endloop
endfacet
facet normal 0.235662712356956 0.967950724556634 -0.086801387286434
   outer loop
      vertex -0.120865701058495 0.408971306143485 -0.308853848666175
      vertex -0.128712066589251 0.409232162612291 -0.327247559009398
      vertex -0.144141916925918 0.413635062379366 -0.320040881125021
   endloop
endfacet
facet normal -0.166627801264360 -0.953301892214701 -0.251894180452180
   outer loop
      vertex 0.287649657464931 0.265824979331911 -0.180913810364521
      vertex 0.278811806969177 0.270955773579685 -0.194485240489744
      vertex 0.304683552656266 0.265616318804180 -0.191392035871936
   endloop
endfacet
facet normal -0.585332482895371 0.013952262259498 -0.810673312034745
   outer loop
      vertex 0.193173558784879 0.119140452436521 0.239235068252363
      vertex 0.193147801638218 0.117140700987390 0.239219248609759
      vertex 0.180714912697799 0.112353504551846 0.248113807522526
   endloop
endfacet
facet normal -0.178441010180597 -0.953203811810898 -0.244051836778384
   outer loop
      vertex 0.278811806969177 0.270955773579685 -0.194485240489744
      vertex 0.269318325873518 0.276091690878397 -0.207603558432767
      vertex 0.295311125695254 0.270760671286334 -0.205786867584491
   endloop
endfacet
facet normal -0.624465888875120 0.014540829926378 -0.780916716363825
   outer loop
      vertex 0.205155057543387 0.123932680800533 0.229744024743506
      vertex 0.205128400553359 0.121932912518934 0.229728105107978
      vertex 0.193147801638218 0.117140700987390 0.239219248609759
   endloop
endfacet
facet normal -0.189867940426946 -0.953111014593016 -0.235647107046748
   outer loop
      vertex 0.269318325873518 0.276091690878397 -0.207603558432767
      vertex 0.259191922085349 0.281232561714143 -0.220237455043125
      vertex 0.285243155127422 0.275910406771036 -0.219701439405386
   endloop
endfacet
facet normal -0.662079335280390 0.015093568516627 -0.749281748065513
   outer loop
      vertex 0.216655456980368 0.128730107550335 0.219679505969609
      vertex 0.216627998139688 0.126730424398579 0.219663487397545
      vertex 0.205128400553359 0.121932912518934 0.229728105107978
   endloop
endfacet
facet normal -0.200880767498485 -0.953023539733102 -0.226700352809185
   outer loop
      vertex 0.259191922085349 0.281232561714143 -0.220237455043125
      vertex 0.248456804183461 0.286378197621256 -0.232356683747497
      vertex 0.274503748789534 0.281065373371631 -0.233102530187548
   endloop
endfacet
facet normal -0.698079238180168 0.015598273975629 -0.715850592701282
   outer loop
      vertex 0.227647349785695 0.133532830095646 0.209065920123206
      vertex 0.227618991143981 0.131533127998739 0.209050001547054
      vertex 0.216627998139688 0.126730424398579 0.219663487397545
   endloop
endfacet
facet normal -0.211453748435473 -0.952941301459009 -0.217233027521596
   outer loop
      vertex 0.248456804183461 0.286378197621256 -0.232356683747497
      vertex 0.237138581025471 0.291528409929026 -0.243932130334322
      vertex 0.263118716129399 0.286225354966530 -0.245958050885802
   endloop
endfacet
facet normal -0.732399756113229 0.016134461870551 -0.680683683060958
   outer loop
      vertex 0.238104624713676 0.138341156846114 0.197929077429635
      vertex 0.238075366249763 0.136341436860399 0.197913158854977
      vertex 0.227618991143981 0.131533127998739 0.209050001547054
   endloop
endfacet
facet normal 0.268740612247995 0.963080503448622 0.015950774455246
   outer loop
      vertex 0.018923923101699 0.368912849413500 -0.316222902780077
      vertex 0.019681462245649 0.369032455309359 -0.336207615161342
      vertex 0.003651767276558 0.373506497541080 -0.336272364671576
   endloop
endfacet
facet normal -0.221564305429731 -0.952864301575270 -0.207265243933743
   outer loop
      vertex 0.237138581025471 0.291528409929026 -0.243932130334322
      vertex 0.225264463089431 0.296682944261775 -0.254935861691039
      vertex 0.251115067102820 0.291390121710576 -0.258237087919658
   endloop
endfacet
facet normal -0.264359011828933 -0.952572554871234 -0.150731020599345
   outer loop
      vertex 0.172797384056466 0.317338092921726 -0.292721516350436
      vertex 0.158596583034224 0.322509169292063 -0.300495070191230
      vertex 0.182873994751837 0.317275271188705 -0.309997327108788
   endloop
endfacet
facet normal -0.132370171746486 -0.950966248199375 -0.279537711977133
   outer loop
      vertex 0.306668686220609 0.245485882386844 -0.119282006324029
      vertex 0.291638522070328 0.250712023325263 -0.129943674153171
      vertex 0.300831890688837 0.250588312195973 -0.133876176378739
   endloop
endfacet
facet normal -0.463816656160092 0.014241246152333 -0.885816739724702
   outer loop
      vertex -0.144141916925918 0.413635062379366 -0.320040881125021
      vertex -0.159216755907645 0.416028548576611 -0.312109164191181
      vertex -0.159204100082446 0.418028237103024 -0.312083641898596
   endloop
endfacet
facet normal -0.506607130545462 0.014817121970125 -0.862049690085795
   outer loop
      vertex -0.159204100082446 0.418028237103024 -0.312083641898596
      vertex -0.173875067262775 0.420412123973847 -0.303420871046793
      vertex -0.173861711364201 0.422411815850358 -0.303394348811187
   endloop
endfacet
facet normal -0.588550079450823 0.015275199506449 -0.808316443144928
   outer loop
      vertex -0.188078738414275 0.426785533140517 -0.293993713445787
      vertex -0.188092894358003 0.424785835503722 -0.294021195626481
      vertex -0.201834827156268 0.429149528234262 -0.283932978336797
   endloop
endfacet
facet normal -0.548192967871730 0.015372863715724 -0.836210586537364
   outer loop
      vertex -0.173861711364201 0.422411815850358 -0.303394348811187
      vertex -0.188092894358003 0.424785835503722 -0.294021195626481
      vertex -0.188078738414275 0.426785533140517 -0.293993713445787
   endloop
endfacet
facet normal -0.588475763355724 0.015887666997289 -0.808358743368488
   outer loop
      vertex -0.188078738414275 0.426785533140517 -0.293993713445787
      vertex -0.201834827156268 0.429149528234262 -0.283932978336797
      vertex -0.201819771208309 0.431149234675326 -0.283904636205599
   endloop
endfacet
facet normal -0.627361944803764 0.016343984773448 -0.778556269240550
   outer loop
      vertex -0.201819771208309 0.431149234675326 -0.283904636205599
      vertex -0.215066151974933 0.433502856715795 -0.273181271572884
      vertex -0.215050196039676 0.435502572806201 -0.273152149486717
   endloop
endfacet
facet normal -0.664743431662876 0.016805306476212 -0.746882689406646
   outer loop
      vertex -0.215050196039676 0.435502572806201 -0.273152149486717
      vertex -0.227753355357845 0.437845474780795 -0.261793317605654
      vertex -0.227736297506319 0.439845105471877 -0.261763506616380
   endloop
endfacet
facet normal -0.700531444203406 0.017211996559081 -0.713413935143364
   outer loop
      vertex -0.227736297506319 0.439845105471877 -0.261763506616380
      vertex -0.239865901277849 0.442177380401977 -0.249796664457569
      vertex -0.239847731533196 0.444176926948843 -0.249766264559624
   endloop
endfacet
facet normal 0.278854421104918 0.947044653189750 0.159206270903340
   outer loop
      vertex 0.175724282361029 0.316247445813907 -0.267490068493547
      vertex 0.167798485205421 0.321369276660926 -0.284075212568639
      vertex 0.162760179960287 0.321400682370252 -0.275437292243128
   endloop
endfacet
facet normal -0.734643848086358 0.017592037984037 -0.678224842267250
   outer loop
      vertex -0.251356561456670 0.448498983569568 -0.237187950769649
      vertex -0.239847731533196 0.444176926948843 -0.249766264559624
      vertex -0.251375909088624 0.446499318981166 -0.237218861693723
   endloop
endfacet
facet normal -0.766997041754912 0.017944644196855 -0.641399662990138
   outer loop
      vertex -0.262235858812365 0.452811617812223 -0.224057638951329
      vertex -0.251356561456670 0.448498983569568 -0.237187950769649
      vertex -0.262256458269572 0.450812032578284 -0.224088948794447
   endloop
endfacet
facet normal -0.938264567176318 0.018979913294219 -0.345397401369468
   outer loop
      vertex -0.318807181376505 0.478770476748920 -0.119515455281598
      vertex -0.312955178812381 0.476513884289558 -0.135536295508600
      vertex -0.312984122571868 0.474514432576178 -0.135567542171563
   endloop
endfacet
facet normal -0.147277299000351 -0.958017329175779 -0.245992264508597
   outer loop
      vertex 0.321253945402262 0.255344405570125 -0.161299609095543
      vertex 0.295810570952260 0.260699416085893 -0.166921580210514
      vertex 0.313338028214823 0.260477515952506 -0.176551201676761
   endloop
endfacet
facet normal -0.157608573826576 -0.969519760797873 0.187592566160784
   outer loop
      vertex -0.256309872303625 0.452753570894321 -0.198738236198729
      vertex -0.272503469747905 0.453116252624057 -0.210469099204087
      vertex -0.262277057724663 0.448812447238711 -0.224120248638124
   endloop
endfacet
facet normal -0.229720929882670 0.008760816252990 -0.973217109627869
   outer loop
      vertex 0.083714390006534 0.082978677002949 0.292064993745917
      vertex 0.083694136298708 0.080978807460100 0.292051771835953
      vertex 0.068802232561629 0.076227834937901 0.295524131233957
   endloop
endfacet
facet normal -0.148132034593744 -0.969644333709839 0.194542454059569
   outer loop
      vertex -0.265298423984816 0.457043473955837 -0.185408728585345
      vertex -0.282049690514862 0.457411703010179 -0.196328442677247
      vertex -0.272503469747905 0.453116252624057 -0.210469099204087
   endloop
endfacet
facet normal -0.158804722875817 -0.957924648819403 -0.239084560723939
   outer loop
      vertex 0.313338028214823 0.260477515952506 -0.176551201676761
      vertex 0.287649657464931 0.265824979331911 -0.180913810364521
      vertex 0.304683552656266 0.265616318804180 -0.191392035871936
   endloop
endfacet
facet normal -0.138333705092823 -0.969764873649014 0.201046949421779
   outer loop
      vertex -0.273623615817393 0.461325926713539 -0.171650193135627
      vertex -0.290892151872295 0.461699122745467 -0.181731958499808
      vertex -0.282049690514862 0.457411703010179 -0.196328442677247
   endloop
endfacet
facet normal -0.169986685656670 -0.957837346846418 -0.231629323889865
   outer loop
      vertex 0.304683552656266 0.265616318804180 -0.191392035871936
      vertex 0.278811806969177 0.270955773579685 -0.194485240489744
      vertex 0.295311125695254 0.270760671286334 -0.205786867584491
   endloop
endfacet
facet normal -0.375085157012031 0.012411593563013 -0.926907264689670
   outer loop
      vertex -0.112962909511854 0.402819728214911 -0.333709190448958
      vertex -0.112974163921371 0.400819982668921 -0.333731413456340
      vertex -0.128735475717314 0.405232677927363 -0.327294304894288
   endloop
endfacet
facet normal -0.128232775394942 -0.969882742120940 0.207084093668434
   outer loop
      vertex -0.281264655021191 0.465600993186687 -0.157495826427344
      vertex -0.299008771727317 0.465978623070867 -0.166714886137646
      vertex -0.290892151872295 0.461699122745467 -0.181731958499808
   endloop
endfacet
facet normal -0.180800953279868 -0.957755248246159 -0.223642347845905
   outer loop
      vertex 0.295311125695254 0.270760671286334 -0.205786867584491
      vertex 0.269318325873518 0.276091690878397 -0.207603558432767
      vertex 0.285243155127422 0.275910406771036 -0.219701439405386
   endloop
endfacet
facet normal -0.117852610642353 -0.969995278476073 0.212649763458386
   outer loop
      vertex -0.288202222814175 0.469868923769906 -0.142980303840049
      vertex -0.306379019987552 0.470250400323127 -0.151313971913336
      vertex -0.299008771727317 0.465978623070867 -0.166714886137646
   endloop
endfacet
facet normal -0.700480677311084 0.017214681684920 -0.713463716980963
   outer loop
      vertex -0.227753355357845 0.437845474780795 -0.261793317605654
      vertex -0.239884069037087 0.440177733986081 -0.249827075411510
      vertex -0.239865901277849 0.442177380401977 -0.249796664457569
   endloop
endfacet
facet normal -0.191222725593129 -0.957677656996274 -0.215145008091894
   outer loop
      vertex 0.285243155127422 0.275910406771036 -0.219701439405386
      vertex 0.259191922085349 0.281232561714143 -0.220237455043125
      vertex 0.274503748789534 0.281065373371631 -0.233102530187548
   endloop
endfacet
facet normal -0.107219531201198 -0.970103479734089 0.217722784147198
   outer loop
      vertex -0.294418692432712 0.474129550359383 -0.128139742896428
      vertex -0.312984122571868 0.474514432576178 -0.135567542171563
      vertex -0.306379019987552 0.470250400323127 -0.151313971913336
   endloop
endfacet
facet normal -0.107412883257216 -0.969971965872554 0.218212872974317
   outer loop
      vertex -0.318807181376505 0.478770476748920 -0.119515455281598
      vertex -0.312984122571868 0.474514432576178 -0.135567542171563
      vertex -0.294418692432712 0.474129550359383 -0.128139742896428
   endloop
endfacet
facet normal -0.274732553255626 -0.958123902570310 -0.080750303436484
   outer loop
      vertex 0.093064896934204 0.342529463051427 -0.304986567394795
      vertex 0.078492960736065 0.347019764837398 -0.308687856685122
      vertex 0.098638254531358 0.342550169595878 -0.324194200456765
   endloop
endfacet
facet normal -0.274959192005169 -0.958053348482660 -0.080815989711370
   outer loop
      vertex 0.107438433084508 0.338032219903734 -0.300575769832129
      vertex 0.093064896934204 0.342529463051427 -0.304986567394795
      vertex 0.098638254531358 0.342550169595878 -0.324194200456765
   endloop
endfacet
facet normal -0.219892517310729 -0.957476100608968 -0.186780078149133
   outer loop
      vertex 0.225264463089431 0.296682944261775 -0.254935861691039
      vertex 0.238521612421878 0.296559423497675 -0.269910048377524
      vertex 0.251115067102820 0.291390121710576 -0.258237087919658
   endloop
endfacet
facet normal -0.263356020922672 -0.962526545153819 -0.064701283743300
   outer loop
      vertex 0.078492960736065 0.347019764837398 -0.308687856685122
      vertex 0.083121317282925 0.347061297320985 -0.328144683639677
      vertex 0.098638254531358 0.342550169595878 -0.324194200456765
   endloop
endfacet
facet normal 0.184741094088938 0.961620708995964 -0.202870254559216
   outer loop
      vertex -0.231041960604320 0.452098506776256 -0.199031059588940
      vertex -0.221430967804268 0.447799279864244 -0.210657605388991
      vertex -0.246638908714365 0.452455012296344 -0.211544348798467
   endloop
endfacet
facet normal -0.228509687161600 -0.957420025862247 -0.176437572391038
   outer loop
      vertex 0.212862761575426 0.301841520750189 -0.265341235279410
      vertex 0.225368464156933 0.301732954712005 -0.280948630281689
      vertex 0.238521612421878 0.296559423497675 -0.269910048377524
   endloop
endfacet
facet normal -0.265583261386927 -0.962650066798179 -0.052634400961203
   outer loop
      vertex 0.063755828099182 0.351503274420939 -0.311671042675769
      vertex 0.067427891674317 0.351565118046438 -0.331330663980946
      vertex 0.083121317282925 0.347061297320985 -0.328144683639677
   endloop
endfacet
facet normal 0.165588423045526 0.965966679078567 -0.198718013937391
   outer loop
      vertex -0.256266073784324 0.456752787125465 -0.198675056548065
      vertex -0.246638908714365 0.452455012296344 -0.211544348798467
      vertex -0.272459671228605 0.457115468855202 -0.210405919553423
   endloop
endfacet
facet normal -0.236623732089413 -0.957369377748674 -0.165689721954001
   outer loop
      vertex 0.199963488707369 0.307003824807840 -0.275122979364486
      vertex 0.211687335382280 0.306910375019088 -0.291326002442157
      vertex 0.225368464156933 0.301732954712005 -0.280948630281689
   endloop
endfacet
facet normal -0.267249982730021 -0.962777038472900 -0.040470000249017
   outer loop
      vertex 0.048887804681624 0.355980048703506 -0.313929031631014
      vertex 0.051594383870749 0.356061684086330 -0.333744448204450
      vertex 0.067427891674317 0.351565118046438 -0.331330663980946
   endloop
endfacet
facet normal 0.209809854525720 0.002028083115285 -0.977740104436130
   outer loop
      vertex -0.052779628925665 0.040293054183005 0.296574430339134
      vertex -0.052797681967458 0.038293173438578 0.296566408135272
      vertex -0.067756372013813 0.033555382711466 0.293346647381248
   endloop
endfacet
facet normal -0.268350308425925 -0.962907509328735 -0.028235446623755
   outer loop
      vertex 0.033923598392239 0.360450035246176 -0.315455931122340
      vertex 0.035657902364197 0.360550937548872 -0.335379844430676
      vertex 0.051594383870749 0.356061684086330 -0.333744448204450
   endloop
endfacet
facet normal -0.420018594800009 0.013030829877873 -0.907421940166161
   outer loop
      vertex -0.128712066589251 0.409232162612291 -0.327247559009398
      vertex -0.128723720158811 0.407232370748147 -0.327270882482994
      vertex -0.144154072638229 0.411635373227761 -0.320065403474253
   endloop
endfacet
facet normal -0.244212170500158 -0.957325364658676 -0.154559250647561
   outer loop
      vertex 0.186597557988304 0.312169486336919 -0.284257203065555
      vertex 0.197511040411327 0.312091292567981 -0.301016784527203
      vertex 0.211687335382280 0.306910375019088 -0.291326002442157
   endloop
endfacet
facet normal -0.268881656202864 -0.963041042432662 -0.015956363865786
   outer loop
      vertex 0.018898718567192 0.364913117607022 -0.316247749673059
      vertex 0.019656257512389 0.365032733500348 -0.336232461948668
      vertex 0.035657902364197 0.360550937548872 -0.335379844430676
   endloop
endfacet
facet normal -0.268836681251514 -0.963178827320363 -0.003658608402434
   outer loop
      vertex 0.003849077524937 0.369369033182897 -0.316301997519563
      vertex 0.003627662393084 0.369506794012315 -0.336299711638152
      vertex 0.019656257512389 0.365032733500348 -0.336232461948668
   endloop
endfacet
facet normal -0.268219738618746 -0.963319097187542 0.008630689953358
   outer loop
      vertex -0.011188710968991 0.373817453380002 -0.315618085849909
      vertex -0.012388868247545 0.373972765043176 -0.335580705447498
      vertex 0.003627662393084 0.369506794012315 -0.336299711638152
   endloop
endfacet
facet normal -0.267025055060112 -0.963463274344114 0.020883940247541
   outer loop
      vertex -0.026177830169592 0.378257901580715 -0.314197127553737
      vertex -0.028354217387365 0.378430178870312 -0.334076856676043
      vertex -0.012388868247545 0.373972765043176 -0.335580705447498
   endloop
endfacet
facet normal -0.265261135667032 -0.963609167900471 0.033074180908959
   outer loop
      vertex -0.041080862127285 0.382689846355605 -0.312042436349786
      vertex -0.044228465781904 0.382878463778231 -0.331791479997572
      vertex -0.028354217387365 0.378430178870312 -0.334076856676043
   endloop
endfacet
facet normal 0.263328448998217 0.962534658990119 0.064692798602074
   outer loop
      vertex 0.098672659377272 0.346549976293710 -0.324179955311815
      vertex 0.087781678756984 0.351102608718284 -0.347585365128729
      vertex 0.083153421991615 0.351061088219809 -0.328128538068683
   endloop
endfacet
facet normal -0.262926954015656 -0.963757683787549 0.045172378645676
   outer loop
      vertex -0.055860285381673 0.387112580496744 -0.309159427952853
      vertex -0.059971691713391 0.387316923441654 -0.328730291536743
      vertex -0.044228465781904 0.382878463778231 -0.331791479997572
   endloop
endfacet
facet normal -0.256577350649360 -0.964058443322539 0.068988267062435
   outer loop
      vertex -0.084905362208908 0.395929643008651 -0.301238299676457
      vertex -0.090912729153248 0.396163512261219 -0.320312422326821
      vertex -0.075545079632667 0.391745160722027 -0.324901004135092
   endloop
endfacet
facet normal -0.252572901079330 -0.964210440275647 0.080654550422240
   outer loop
      vertex -0.099104116155290 0.400324653581246 -0.296218387767224
      vertex -0.106039140127124 0.400572322595645 -0.314974850561746
      vertex -0.090912729153248 0.396163512261219 -0.320312422326821
   endloop
endfacet
facet normal -0.242943289615345 -0.964514990028267 0.103389516110905
   outer loop
      vertex -0.126687750745504 0.409089061768512 -0.284116911702575
      vertex -0.135426937557667 0.409362273307688 -0.302103359823016
      vertex -0.120889010206313 0.404971823446203 -0.308900594551231
   endloop
endfacet
facet normal -0.281976821283611 -0.958481035310533 -0.042463834127884
   outer loop
      vertex 0.048887804681624 0.355980048703506 -0.313929031631014
      vertex 0.033923598392239 0.360450035246176 -0.315455931122340
      vertex 0.051594383870749 0.356061684086330 -0.333744448204450
   endloop
endfacet
facet normal 0.145419142098830 0.966099586835120 -0.213318685136230
   outer loop
      vertex -0.281212542113251 0.469600071286881 -0.157432329977995
      vertex -0.256305818247301 0.464951850524061 -0.161504780269186
      vertex -0.273574354304318 0.465325046661623 -0.171586555632809
   endloop
endfacet
facet normal 0.184775676788093 0.965600835402696 -0.182956213168937
   outer loop
      vertex -0.221430967804268 0.447799279864244 -0.210657605388991
      vertex -0.236393779628564 0.448149131471577 -0.223922783079016
      vertex -0.246638908714365 0.452455012296344 -0.211544348798467
   endloop
endfacet
facet normal -0.280157343742384 -0.958357452575877 -0.055343073997448
   outer loop
      vertex 0.063755828099182 0.351503274420939 -0.311671042675769
      vertex 0.048887804681624 0.355980048703506 -0.313929031631014
      vertex 0.067427891674317 0.351565118046438 -0.331330663980946
   endloop
endfacet
facet normal 0.145393478969446 -0.956055854893635 -0.254593673520693
   outer loop
      vertex 0.282763733060810 0.150449563201904 0.172532913294832
      vertex 0.274379973984708 0.150625337492370 0.167085040536346
      vertex 0.282720831319924 0.155453576155668 0.153717231626364
   endloop
endfacet
facet normal 0.248020988072197 0.964364429813435 -0.092124025022247
   outer loop
      vertex -0.120865701058495 0.408971306143485 -0.308853848666175
      vertex -0.106016531526599 0.404571825672738 -0.314930404441492
      vertex -0.128712066589251 0.409232162612291 -0.327247559009398
   endloop
endfacet
facet normal -0.118070227842898 -0.962242775844613 0.245251425341382
   outer loop
      vertex -0.280989146759267 0.477995095068814 -0.106507974675471
      vertex -0.294418692432712 0.474129550359383 -0.128139742896428
      vertex -0.275853252297648 0.473744668446988 -0.120711953620752
   endloop
endfacet
facet normal 0.254650295747696 0.967001866725540 -0.007785667918124
   outer loop
      vertex -0.012365763056025 0.377972443338215 -0.335550958401911
      vertex -0.013565920554499 0.378127766055197 -0.355513677888265
      vertex -0.030508099163429 0.382602116115462 -0.353924338679998
   endloop
endfacet
facet normal -0.479092020652734 0.002868396395203 0.877759994559447
   outer loop
      vertex 0.162760179960287 0.321400682370252 -0.275437292243128
      vertex 0.149419957090239 0.326556295698798 -0.282735395042482
      vertex 0.162740526653988 0.319400799347871 -0.275441483918527
   endloop
endfacet
facet normal -0.033573625996055 -0.954452096144534 -0.296469235845447
   outer loop
      vertex 0.336691593491711 0.209800569427612 -0.011699535098311
      vertex 0.326119562274578 0.215018640461886 -0.027301347546746
      vertex 0.336099762791335 0.214856142988563 -0.027908410417774
   endloop
endfacet
facet normal -0.139755796908065 0.008769410212202 -0.990147168190225
   outer loop
      vertex -0.030508099163429 0.382602116115462 -0.353924338679998
      vertex -0.030519351884284 0.380602286137685 -0.353940462239174
      vertex -0.047365116402404 0.385066892539595 -0.351523200152666
   endloop
endfacet
facet normal 0.231392857246408 0.964763704162420 -0.125253106732526
   outer loop
      vertex -0.152940341664874 0.421819156008481 -0.269309125113873
      vertex -0.163401026513479 0.422115485876603 -0.286351731962809
      vertex -0.176793783449139 0.426478730378531 -0.277485591528713
   endloop
endfacet
facet normal -0.521580476151338 0.003629536256025 0.853194370213675
   outer loop
      vertex 0.175724282361029 0.316247445813907 -0.267490068493547
      vertex 0.162760179960287 0.321400682370252 -0.275437292243128
      vertex 0.175704228968506 0.314247563189746 -0.267493820055489
   endloop
endfacet
facet normal 0.277679308204108 0.959458052544501 -0.048316117422677
   outer loop
      vertex -0.055838478942103 0.391112183719153 -0.309122181006770
      vertex -0.041058855880048 0.386689461023260 -0.312007789470222
      vertex -0.059949885294987 0.391316527720404 -0.328693144585078
   endloop
endfacet
facet normal 0.284341736536905 -0.955239207054933 0.081656807237610
   outer loop
      vertex -0.085340566204229 0.026810200725909 0.298995332449072
      vertex -0.082557081402553 0.026817704614881 0.289390586443035
      vertex -0.067774524930018 0.031555494697686 0.293339125149642
   endloop
endfacet
facet normal -0.184973858110066 -0.961514037885395 0.203163546841456
   outer loop
      vertex -0.240116284857581 0.452390888976384 -0.187007374193299
      vertex -0.246680107626663 0.448455841722832 -0.211606958485263
      vertex -0.231083149518170 0.448099336380381 -0.199093667275864
   endloop
endfacet
facet normal -0.265381798483754 -0.962707750981829 -0.052595505825460
   outer loop
      vertex 0.067427891674317 0.351565118046438 -0.331330663980946
      vertex 0.051594383870749 0.356061684086330 -0.333744448204450
      vertex 0.071099855269208 0.351626959684291 -0.350990285285959
   endloop
endfacet
facet normal -0.641043835835382 0.005919888644803 0.767481436554587
   outer loop
      vertex 0.212050621972588 0.300806189939279 -0.239956353106124
      vertex 0.200399266665666 0.305949828176983 -0.249727897937089
      vertex 0.212028967894599 0.298806325982957 -0.239959014071187
   endloop
endfacet
facet normal -0.267074436992241 -0.962826728290453 -0.040446710555741
   outer loop
      vertex 0.051594383870749 0.356061684086330 -0.333744448204450
      vertex 0.035657902364197 0.360550937548872 -0.335379844430676
      vertex 0.054300962861120 0.356143329466621 -0.353559864672232
   endloop
endfacet
facet normal -0.677892949067320 0.006664793884815 0.735130417087530
   outer loop
      vertex 0.223206603748616 0.295666405523145 -0.229622381319544
      vertex 0.212050621972588 0.300806189939279 -0.239956353106124
      vertex 0.223184349349427 0.293666551782493 -0.229624772034544
   endloop
endfacet
facet normal -0.268202206356493 -0.962949086655478 -0.028224688038835
   outer loop
      vertex 0.035657902364197 0.360550937548872 -0.335379844430676
      vertex 0.019656257512389 0.365032733500348 -0.336232461948668
      vertex 0.037392306117647 0.360651851836680 -0.355303757633523
   endloop
endfacet
facet normal 0.193656468070147 0.965466101740895 -0.174276730414121
   outer loop
      vertex -0.211262463628501 0.443491981752892 -0.221796729247708
      vertex -0.225555117576897 0.443834453953338 -0.235781496903632
      vertex -0.236393779628564 0.448149131471577 -0.223922783079016
   endloop
endfacet
facet normal -0.237291146960416 -0.960652415121924 0.144360136099357
   outer loop
      vertex -0.177685167090770 0.426516447834684 -0.252094027151337
      vertex -0.176822095334477 0.422479334999308 -0.277540545890661
      vertex -0.165537040389097 0.422172534224968 -0.261032423973753
   endloop
endfacet
facet normal -0.713102476317391 0.007388620592377 0.701020874550642
   outer loop
      vertex 0.223206603748616 0.295666405523145 -0.229622381319544
      vertex 0.233817746668249 0.288530898374626 -0.218753155988007
      vertex 0.233840601299844 0.290530746370169 -0.218750985473034
   endloop
endfacet
facet normal -0.268756410490381 -0.963076053652037 -0.015953266196773
   outer loop
      vertex 0.019656257512389 0.365032733500348 -0.336232461948668
      vertex 0.003627662393084 0.369506794012315 -0.336299711638152
      vertex 0.020413896437831 0.365152351381319 -0.356217174224446
   endloop
endfacet
facet normal -0.250765116742916 -0.960351090366854 0.121830371648890
   outer loop
      vertex -0.152967153454966 0.417819770901615 -0.269362229581571
      vertex -0.149618116696829 0.413743740877240 -0.294598943900289
      vertex -0.140006721674220 0.413458623375024 -0.277063171318653
   endloop
endfacet
facet normal -0.899834730610956 0.019250326751931 -0.435806014766033
   outer loop
      vertex -0.306324035737383 0.474249439402545 -0.151250846504653
      vertex -0.298956668815285 0.469977700866662 -0.166651379688839
      vertex -0.306351527861409 0.472249919810019 -0.151282404209274
   endloop
endfacet
facet normal -0.198944657172038 -0.002383524613486 0.980007827618289
   outer loop
      vertex 0.078525065444756 0.351019555736222 -0.308671711114128
      vertex 0.063785932632548 0.355503054427350 -0.311652896684812
      vertex 0.078509012980451 0.349019665813714 -0.308679833844007
   endloop
endfacet
facet normal 0.251876294043431 0.967265828494554 -0.030905493454916
   outer loop
      vertex -0.044206459733421 0.386878088443352 -0.331756833012352
      vertex -0.047354063586794 0.387066715863445 -0.351505876554483
      vertex -0.064061291449118 0.391520861724190 -0.348264108269043
   endloop
endfacet
facet normal -0.746586246077310 0.008128157736612 0.665238987297046
   outer loop
      vertex 0.233840601299844 0.290530746370169 -0.218750985473034
      vertex 0.243903550454503 0.283399581781454 -0.207370379692204
      vertex 0.243927105309333 0.285399425491363 -0.207368379380215
   endloop
endfacet
facet normal -0.256686708322596 -0.960199317161125 0.110132670419910
   outer loop
      vertex -0.140006721674220 0.413458623375024 -0.277063171318653
      vertex -0.135426937557667 0.409362273307688 -0.302103359823016
      vertex -0.126687750745504 0.409089061768512 -0.284116911702575
   endloop
endfacet
facet normal -0.268739954785637 -0.963205809672654 -0.003661272273511
   outer loop
      vertex -0.012388868247545 0.373972765043176 -0.335580705447498
      vertex 0.003406347262642 0.369644555773037 -0.356297325762489
      vertex 0.003627662393084 0.369506794012315 -0.336299711638152
   endloop
endfacet
facet normal -0.262050600032705 -0.960047300586679 0.098176696108242
   outer loop
      vertex -0.126687750745504 0.409089061768512 -0.284116911702575
      vertex -0.120889010206313 0.404971823446203 -0.308900594551231
      vertex -0.113042546682843 0.404711068939707 -0.290506883151621
   endloop
endfacet
facet normal -0.778284776958731 0.008806044181623 0.627849710950137
   outer loop
      vertex 0.243927105309333 0.285399425491363 -0.207368379380215
      vertex 0.253417751909976 0.278272803736508 -0.195503783460371
      vertex 0.253441907220095 0.280272630499614 -0.195501889460428
   endloop
endfacet
facet normal 0.700907539027547 -0.017208681917247 0.713044516843808
   outer loop
      vertex -0.200577237777418 0.437176337935238 -0.232452500495244
      vertex -0.211262463628501 0.443491981752892 -0.221796729247708
      vertex -0.211280621389714 0.441492335535760 -0.221827140201665
   endloop
endfacet
facet normal -0.266843679855957 -0.959896095261973 0.085988003940948
   outer loop
      vertex -0.113042546682843 0.404711068939707 -0.290506883151621
      vertex -0.106039140127124 0.400572322595645 -0.314974850561746
      vertex -0.099104116155290 0.400324653581246 -0.296218387767224
   endloop
endfacet
facet normal -0.268145230992664 -0.963339881027125 0.008626048836890
   outer loop
      vertex -0.028354217387365 0.378430178870312 -0.334076856676043
      vertex -0.013589025526099 0.374128076706350 -0.355543325045088
      vertex -0.012388868247545 0.373972765043176 -0.335580705447498
   endloop
endfacet
facet normal -0.271053838882547 -0.959746208395745 0.073600488429258
   outer loop
      vertex -0.099104116155290 0.400324653581246 -0.296218387767224
      vertex -0.090912729153248 0.396163512261219 -0.320312422326821
      vertex -0.084905362208908 0.395929643008651 -0.301238299676457
   endloop
endfacet
facet normal -0.808088843201294 0.009542186399322 0.588983334375698
   outer loop
      vertex 0.253441907220095 0.280272630499614 -0.195501889460428
      vertex 0.262337443582283 0.273150709120827 -0.183181774498967
      vertex 0.262362399120434 0.275150532360588 -0.183179934708648
   endloop
endfacet
facet normal -0.274681805278958 -0.959595918574220 0.061037520463980
   outer loop
      vertex -0.084905362208908 0.395929643008651 -0.301238299676457
      vertex -0.075545079632667 0.391745160722027 -0.324901004135092
      vertex -0.070479685571249 0.391525742801234 -0.305555214283082
   endloop
endfacet
facet normal -0.920150924313732 0.019436508820425 -0.391081191838036
   outer loop
      vertex -0.312926227040286 0.478513436070733 -0.135505037789658
      vertex -0.306324035737383 0.474249439402545 -0.151250846504653
      vertex -0.312955178812381 0.476513884289558 -0.135536295508600
   endloop
endfacet
facet normal -0.266979550196885 -0.963475995275876 0.020878848240008
   outer loop
      vertex -0.044228465781904 0.382878463778231 -0.331791479997572
      vertex -0.030530604605138 0.378602456159909 -0.353956585798349
      vertex -0.028354217387365 0.378430178870312 -0.334076856676043
   endloop
endfacet
facet normal -0.277714995493832 -0.959447325232717 0.048324024890789
   outer loop
      vertex -0.070479685571249 0.391525742801234 -0.305555214283082
      vertex -0.059971691713391 0.387316923441654 -0.328730291536743
      vertex -0.055860285381673 0.387112580496744 -0.309159427952853
   endloop
endfacet
facet normal -0.835967603544730 0.010217226782457 0.548683673987623
   outer loop
      vertex 0.262362399120434 0.275150532360588 -0.183179934708648
      vertex 0.270641318488017 0.268033435045972 -0.170433746490348
      vertex 0.270666974287502 0.270033252098684 -0.170431896913061
   endloop
endfacet
facet normal -0.280147612661631 -0.959300746092266 0.035487936919620
   outer loop
      vertex -0.055860285381673 0.387112580496744 -0.309159427952853
      vertex -0.044228465781904 0.382878463778231 -0.331791479997572
      vertex -0.041080862127285 0.382689846355605 -0.312042436349786
   endloop
endfacet
facet normal 0.267055836527947 0.962831993413457 0.040444191620398
   outer loop
      vertex 0.048916009260997 0.359979807694998 -0.313908685337079
      vertex 0.051622588251368 0.360061453075289 -0.333724101804860
      vertex 0.035684606711801 0.364550693473494 -0.335357297728771
   endloop
endfacet
facet normal -0.767012581882130 0.017337235289440 -0.641397785704806
   outer loop
      vertex -0.262277057724663 0.448812447238711 -0.224120248638124
      vertex -0.251375909088624 0.446499318981166 -0.237218861693723
      vertex -0.251395258708110 0.444499754367428 -0.237249771561243
   endloop
endfacet
facet normal -0.265239868807493 -0.963615140252668 0.033070734355543
   outer loop
      vertex -0.059971691713391 0.387316923441654 -0.328730291536743
      vertex -0.047376069436524 0.383067081200857 -0.351540523645359
      vertex -0.044228465781904 0.382878463778231 -0.331791479997572
   endloop
endfacet
facet normal -0.281977484828190 -0.959155787378952 0.022558226602071
   outer loop
      vertex -0.041080862127285 0.382689846355605 -0.312042436349786
      vertex -0.028354217387365 0.378430178870312 -0.334076856676043
      vertex -0.026177830169592 0.378257901580715 -0.314197127553737
   endloop
endfacet
facet normal -0.861831418131502 0.010871811308373 0.507078307996231
   outer loop
      vertex 0.270666974287502 0.270033252098684 -0.170431896913061
      vertex 0.278309569942214 0.262921118441317 -0.157290039489180
      vertex 0.278335926214486 0.264920918675708 -0.157288120233928
   endloop
endfacet
facet normal 0.243714479594151 0.967673590142909 -0.064892799108114
   outer loop
      vertex -0.090890521358036 0.400163051678526 -0.320270275866215
      vertex -0.096897888302376 0.400396920931095 -0.339344398516579
      vertex -0.112951556115859 0.404819525735879 -0.333686966913466
   endloop
endfacet
facet normal -0.283196253518886 -0.959014286091627 0.009564573437167
   outer loop
      vertex -0.026177830169592 0.378257901580715 -0.314197127553737
      vertex -0.012388868247545 0.373972765043176 -0.335580705447498
      vertex -0.011188710968991 0.373817453380002 -0.315618085849909
   endloop
endfacet
facet normal 0.181807705475355 -0.007817979270343 0.983303024214771
   outer loop
      vertex 0.077099892639206 0.073895633010283 0.334635221944211
      vertex 0.060144001844153 0.071176144993023 0.337748657602805
      vertex 0.060124648149025 0.069176283831907 0.337736335641112
   endloop
endfacet
facet normal -0.262933040583670 -0.963755975738236 0.045173392591950
   outer loop
      vertex -0.075545079632667 0.391745160722027 -0.324901004135092
      vertex -0.064083098066274 0.387521267442906 -0.348301255115052
      vertex -0.059971691713391 0.387316923441654 -0.328730291536743
   endloop
endfacet
facet normal 0.247619287594416 0.001899158451692 -0.968855552499138
   outer loop
      vertex 0.104228864342838 0.344570790480534 -0.343394710840689
      vertex 0.087749574048293 0.347102817819460 -0.347601510699722
      vertex 0.087765626292679 0.349102718795776 -0.347593487858607
   endloop
endfacet
facet normal 0.254751433511874 0.966627587143195 0.027070554064708
   outer loop
      vertex 0.035684606711801 0.364550693473494 -0.335357297728771
      vertex 0.037418910683760 0.364651595776190 -0.355281211037109
      vertex 0.020439100972338 0.369152083187796 -0.356192327331464
   endloop
endfacet
facet normal -0.283808134622984 -0.958874834899987 -0.003463194673407
   outer loop
      vertex -0.011188710968991 0.373817453380002 -0.315618085849909
      vertex 0.003627662393084 0.369506794012315 -0.336299711638152
      vertex 0.003849077524937 0.369369033182897 -0.316301997519563
   endloop
endfacet
facet normal 0.797960012651529 -0.017651960352696 0.602451845797553
   outer loop
      vertex -0.240072486338492 0.456390105218092 -0.186944195542579
      vertex -0.231062560060258 0.450098921478937 -0.199062363432394
      vertex -0.231041960604320 0.452098506776256 -0.199031059588940
   endloop
endfacet
facet normal -0.885630344704532 0.011506616405385 0.464248306746973
   outer loop
      vertex 0.278335926214486 0.264920918675708 -0.157288120233928
      vertex 0.285323592433798 0.257813849044899 -0.143781840350142
      vertex 0.285350648992804 0.259813641824631 -0.143779791314618
   endloop
endfacet
facet normal -0.826184265906088 0.017944266964823 -0.563114164315118
   outer loop
      vertex -0.282026441485294 0.459411336131493 -0.196296679863812
      vertex -0.272459671228605 0.457115468855202 -0.210405919553423
      vertex -0.272481570488255 0.455115860739630 -0.210437509378755
   endloop
endfacet
facet normal -0.256888785787965 -0.952624135101989 -0.162835527319967
   outer loop
      vertex 0.199963488707369 0.307003824807840 -0.275122979364486
      vertex 0.181140816792021 0.312208582457430 -0.275877387341410
      vertex 0.186597557988304 0.312169486336919 -0.284257203065555
   endloop
endfacet
facet normal 0.588880056378739 -0.015886537623667 0.808064290215640
   outer loop
      vertex -0.165537040389097 0.422172534224968 -0.261032423973753
      vertex -0.177670111142812 0.428516154275747 -0.252065685020138
      vertex -0.177685167090770 0.426516447834684 -0.252094027151337
   endloop
endfacet
facet normal 0.589094000022749 -0.015273603682695 0.807920154574536
   outer loop
      vertex -0.165522884445369 0.424172231861762 -0.261004941793059
      vertex -0.177670111142812 0.428516154275747 -0.252065685020138
      vertex -0.165537040389097 0.422172534224968 -0.261032423973753
   endloop
endfacet
facet normal -0.260063320793543 -0.963898282656720 0.057159162601115
   outer loop
      vertex -0.090912729153248 0.396163512261219 -0.320312422326821
      vertex -0.080610373912594 0.391964590627933 -0.344246793881613
      vertex -0.075545079632667 0.391745160722027 -0.324901004135092
   endloop
endfacet
facet normal -0.852815047491022 0.018206819001651 -0.521895589667825
   outer loop
      vertex -0.290867521117874 0.463698682825143 -0.181700149747841
      vertex -0.282003190468194 0.461410869278144 -0.196264918106931
      vertex -0.282026441485294 0.459411336131493 -0.196296679863812
   endloop
endfacet
facet normal -0.877401140222584 0.018440969825399 -0.479402930495849
   outer loop
      vertex -0.298982721264009 0.467978211903279 -0.166683127385244
      vertex -0.290842880363312 0.465698242997949 -0.181668330996449
      vertex -0.290867521117874 0.463698682825143 -0.181700149747841
   endloop
endfacet
facet normal 0.266736832718292 0.959929505591143 -0.085946532024031
   outer loop
      vertex -0.099081506958506 0.404324126665940 -0.296173941963937
      vertex -0.084883254393941 0.399929180438312 -0.301196153215686
      vertex -0.106016531526599 0.404571825672738 -0.314930404441492
   endloop
endfacet
facet normal 0.283300303350408 0.958576925315697 0.029516374673582
   outer loop
      vertex 0.048916009260997 0.359979807694998 -0.313908685337079
      vertex 0.035684606711801 0.364550693473494 -0.335357297728771
      vertex 0.033950202759599 0.364449789183153 -0.315433384420269
   endloop
endfacet
facet normal -0.256634230056206 -0.964042044790902 0.069005853656308
   outer loop
      vertex -0.106039140127124 0.400572322595645 -0.314974850561746
      vertex -0.096919995897423 0.396397372447625 -0.339386445088588
      vertex -0.090912729153248 0.396163512261219 -0.320312422326821
   endloop
endfacet
facet normal -0.899880318144769 0.018643649641399 -0.435738255543069
   outer loop
      vertex -0.306351527861409 0.472249919810019 -0.151282404209274
      vertex -0.298956668815285 0.469977700866662 -0.166651379688839
      vertex -0.298982721264009 0.467978211903279 -0.166683127385244
   endloop
endfacet
facet normal 0.268858452247871 0.963047502809844 0.015957442984498
   outer loop
      vertex 0.035684606711801 0.364550693473494 -0.335357297728771
      vertex 0.020439100972338 0.369152083187796 -0.356192327331464
      vertex 0.019681462245649 0.369032455309359 -0.336207615161342
   endloop
endfacet
facet normal 0.375939927138117 -0.012412807302938 0.926560895677261
   outer loop
      vertex -0.099081506958506 0.404324126665940 -0.296173941963937
      vertex -0.113019237532908 0.408710551531354 -0.290460127267122
      vertex -0.099092762361789 0.402324431107281 -0.296196164443042
   endloop
endfacet
facet normal -0.248874146344808 -0.952671950121395 -0.174578964176793
   outer loop
      vertex 0.212862761575426 0.301841520750189 -0.265341235279410
      vertex 0.194101615361792 0.307050550608230 -0.267021462826383
      vertex 0.199963488707369 0.307003824807840 -0.275122979364486
   endloop
endfacet
facet normal -0.627374605127481 0.015759171009974 -0.778558124593287
   outer loop
      vertex -0.201834827156268 0.429149528234262 -0.283932978336797
      vertex -0.201849885091759 0.427149921767863 -0.283961319411442
      vertex -0.215082209875850 0.431503238506775 -0.273210382602890
   endloop
endfacet
facet normal -0.920193578234127 0.018823261430107 -0.391010822619793
   outer loop
      vertex -0.312955178812381 0.476513884289558 -0.135536295508600
      vertex -0.306324035737383 0.474249439402545 -0.151250846504653
      vertex -0.306351527861409 0.472249919810019 -0.151282404209274
   endloop
endfacet
facet normal 0.294366992307600 0.000288649428764 -0.955692414180046
   outer loop
      vertex 0.120485168980277 0.342030860933491 -0.338388302626127
      vertex 0.120448363775810 0.338031048559156 -0.338400847228050
      vertex 0.104228864342838 0.344570790480534 -0.343394710840689
   endloop
endfacet
facet normal -0.187953379316644 0.009546576553869 -0.982131554365073
   outer loop
      vertex -0.047354063586794 0.387066715863445 -0.351505876554483
      vertex -0.047365116402404 0.385066892539595 -0.351523200152666
      vertex -0.064072144756991 0.389521065049200 -0.348282631694922
   endloop
endfacet
facet normal -0.944042908540610 0.013393025625338 0.329550623878614
   outer loop
      vertex 0.297350773870953 0.249615256579647 -0.115800359406888
      vertex 0.302276792162476 0.242525399214846 -0.101400971473797
      vertex 0.302306149823474 0.244525159488691 -0.101398143225216
   endloop
endfacet
facet normal 0.294451017721731 0.000878168038024 -0.955666169215764
   outer loop
      vertex 0.120485168980277 0.342030860933491 -0.338388302626127
      vertex 0.104228864342838 0.344570790480534 -0.343394710840689
      vertex 0.104246016775673 0.346570692835627 -0.343387588268131
   endloop
endfacet
facet normal -0.248131948994430 -0.964331178470619 0.092173283101413
   outer loop
      vertex -0.135426937557667 0.409362273307688 -0.302103359823016
      vertex -0.128735475717314 0.405232677927363 -0.327294304894288
      vertex -0.120889010206313 0.404971823446203 -0.308900594551231
   endloop
endfacet
facet normal 0.043507123113167 -0.007070009086798 0.999028100310461
   outer loop
      vertex 0.003873182188492 0.373368747765469 -0.316274750441750
      vertex -0.011165605777471 0.377817131675041 -0.315588338804322
      vertex 0.003861029975846 0.371368883487805 -0.316288374033318
   endloop
endfacet
facet normal 0.247561114018423 0.001948060200125 -0.968870321502013
   outer loop
      vertex 0.104246016775673 0.346570692835627 -0.343387588268131
      vertex 0.087765626292679 0.349102718795776 -0.347593487858607
      vertex 0.087781678756984 0.351102608718284 -0.347585365128729
   endloop
endfacet
facet normal 0.200067773047421 0.002914690214098 -0.979777725185055
   outer loop
      vertex 0.087781678756984 0.351102608718284 -0.347585365128729
      vertex 0.071114907546474 0.353626849159326 -0.350981162293272
      vertex 0.071129959802574 0.355626739690702 -0.350972139295003
   endloop
endfacet
facet normal 0.152104545920203 0.003983635278668 -0.988356381959653
   outer loop
      vertex 0.071129959802574 0.355626739690702 -0.350972139295003
      vertex 0.054315115130346 0.358143210484361 -0.353549741522557
      vertex 0.054329167241740 0.360143098455580 -0.353539518272642
   endloop
endfacet
facet normal -0.971734077334983 0.014520125300098 0.235631171340294
   outer loop
      vertex 0.306548252960940 0.239441717617225 -0.086767833035383
      vertex 0.310035915846712 0.232365542080816 -0.071948792702420
      vertex 0.310066674193359 0.234365281846731 -0.071945174922880
   endloop
endfacet
facet normal 0.103744086572475 0.004894194113750 -0.994591982355187
   outer loop
      vertex 0.054329167241740 0.360143098455580 -0.353539518272642
      vertex 0.037405658401409 0.362651724272087 -0.355292434338191
      vertex 0.037418910683760 0.364651595776190 -0.355281211037109
   endloop
endfacet
facet normal -0.237484456050313 -0.964621691258796 0.114481989358615
   outer loop
      vertex -0.163427838301455 0.418116100664103 -0.286404826431065
      vertex -0.159229511713088 0.414028858062552 -0.312134686483601
      vertex -0.149618116696829 0.413743740877240 -0.294598943900289
   endloop
endfacet
facet normal -0.263741641416941 -0.949972455678240 -0.167310131299188
   outer loop
      vertex 0.194101615361792 0.307050550608230 -0.267021462826383
      vertex 0.175684075597855 0.312247678472306 -0.267497561617823
      vertex 0.181140816792021 0.312208582457430 -0.275877387341410
   endloop
endfacet
facet normal 0.055127834929952 0.005853814275068 -0.998462144837935
   outer loop
      vertex 0.037418910683760 0.364651595776190 -0.355281211037109
      vertex 0.020426448714962 0.367152216290735 -0.356204750777872
      vertex 0.020439100972338 0.369152083187796 -0.356192327331464
   endloop
endfacet
facet normal 0.006360082669392 0.006773622023035 -0.999956832764859
   outer loop
      vertex 0.020439100972338 0.369152083187796 -0.356192327331464
      vertex 0.003418399693796 0.371644408065591 -0.356283702276410
      vertex 0.003430452124950 0.373644260358144 -0.356270078790331
   endloop
endfacet
facet normal -0.042444078732786 0.007650649234562 -0.999069551005742
   outer loop
      vertex 0.003430452124950 0.373644260358144 -0.356270078790331
      vertex -0.013577473139676 0.376127926379507 -0.355528501413849
      vertex -0.013565920554499 0.378127766055197 -0.355513677888265
   endloop
endfacet
facet normal -0.091159797667694 0.008541541257453 -0.995799645190805
   outer loop
      vertex -0.013565920554499 0.378127766055197 -0.355513677888265
      vertex -0.030519351884284 0.380602286137685 -0.353940462239174
      vertex -0.030508099163429 0.382602116115462 -0.353924338679998
   endloop
endfacet
facet normal -0.224787364778606 -0.964908644955228 0.135727475208804
   outer loop
      vertex -0.189767477094909 0.426833235782428 -0.268027672753195
      vertex -0.188107152269507 0.422786235853947 -0.294048676750456
      vertex -0.176822095334477 0.422479334999308 -0.277540545890661
   endloop
endfacet
facet normal -0.139671948344901 0.009349222409830 -0.990153694577701
   outer loop
      vertex -0.030508099163429 0.382602116115462 -0.353924338679998
      vertex -0.047365116402404 0.385066892539595 -0.351523200152666
      vertex -0.047354063586794 0.387066715863445 -0.351505876554483
   endloop
endfacet
facet normal -0.187871574807290 0.010116855139342 -0.982141497250533
   outer loop
      vertex -0.047354063586794 0.387066715863445 -0.351505876554483
      vertex -0.064072144756991 0.389521065049200 -0.348282631694922
      vertex -0.064061291449118 0.391520861724190 -0.348264108269043
   endloop
endfacet
facet normal -0.235608350762900 0.010923585576607 -0.971786694871327
   outer loop
      vertex -0.064061291449118 0.391520861724190 -0.348264108269043
      vertex -0.080599520329557 0.393964373570479 -0.344226970528297
      vertex -0.080588566766275 0.395964158500670 -0.344207147175145
   endloop
endfacet
facet normal -0.998974791945541 0.016638663603373 0.042101305571887
   outer loop
      vertex 0.316205180549902 0.219180554935356 -0.026683450486924
      vertex 0.316729456110842 0.212134694776751 -0.011458940042868
      vertex 0.316763016002353 0.214134384864802 -0.011452923247178
   endloop
endfacet
facet normal -0.048499622853200 -0.951728558783035 -0.303085032589642
   outer loop
      vertex 0.326119562274578 0.215018640461886 -0.027301347546746
      vertex 0.314836524748770 0.220235078890745 -0.041876169422622
      vertex 0.324774918378889 0.220077502649743 -0.042971698724228
   endloop
endfacet
facet normal -0.282800081680657 0.011646124707995 -0.959108169906137
   outer loop
      vertex -0.080588566766275 0.395964158500670 -0.344207147175145
      vertex -0.096908942099899 0.398397146689360 -0.339365421802583
      vertex -0.096897888302376 0.400396920931095 -0.339344398516579
   endloop
endfacet
facet normal -0.210122904544291 -0.965194902105070 0.155715015127817
   outer loop
      vertex -0.214182353425390 0.435511225679601 -0.247152720567999
      vertex -0.215082209875850 0.431503238506775 -0.273210382602890
      vertex -0.202231467175277 0.431177298755241 -0.257889830546532
   endloop
endfacet
facet normal -0.329316012432692 0.012361730568409 -0.944138841258417
   outer loop
      vertex -0.096897888302376 0.400396920931095 -0.339344398516579
      vertex -0.112962909511854 0.402819728214911 -0.333709190448958
      vertex -0.112951556115859 0.404819525735879 -0.333686966913466
   endloop
endfacet
facet normal -0.375074354704274 0.012996136126913 -0.926903624380088
   outer loop
      vertex -0.112951556115859 0.404819525735879 -0.333686966913466
      vertex -0.128723720158811 0.407232370748147 -0.327270882482994
      vertex -0.128712066589251 0.409232162612291 -0.327247559009398
   endloop
endfacet
facet normal -0.419931691071447 0.013680845451473 -0.907452593418305
   outer loop
      vertex -0.128712066589251 0.409232162612291 -0.327247559009398
      vertex -0.144154072638229 0.411635373227761 -0.320065403474253
      vertex -0.144141916925918 0.413635062379366 -0.320040881125021
   endloop
endfacet
facet normal 0.255258720901277 0.966749113996664 0.015464022455660
   outer loop
      vertex 0.019681462245649 0.369032455309359 -0.336207615161342
      vertex 0.020439100972338 0.369152083187796 -0.356192327331464
      vertex 0.003430452124950 0.373644260358144 -0.356270078790331
   endloop
endfacet
facet normal -0.175484389680531 -0.965735433893609 0.191207480765723
   outer loop
      vertex -0.256309872303625 0.452753570894321 -0.198738236198729
      vertex -0.262277057724663 0.448812447238711 -0.224120248638124
      vertex -0.246680107626663 0.448455841722832 -0.211606958485263
   endloop
endfacet
facet normal -0.145407305838615 -0.966105846885908 0.213298401357391
   outer loop
      vertex -0.281264655021191 0.465600993186687 -0.157495826427344
      vertex -0.290892151872295 0.461699122745467 -0.181731958499808
      vertex -0.273623615817393 0.461325926713539 -0.171650193135627
   endloop
endfacet
facet normal -0.134713575315103 -0.966219802370914 0.219707865430743
   outer loop
      vertex -0.288202222814175 0.469868923769906 -0.142980303840049
      vertex -0.299008771727317 0.465978623070867 -0.166714886137646
      vertex -0.281264655021191 0.465600993186687 -0.157495826427344
   endloop
endfacet
facet normal 0.824382619956048 -0.017236472641838 0.565770448084088
   outer loop
      vertex 0.299531353201958 0.150097915577610 0.183428757749506
      vertex 0.289745479580615 0.147288756921955 0.197602145870716
      vertex 0.289714319589193 0.145289094920274 0.197586628333439
   endloop
endfacet
facet normal 0.329979562456184 -0.012346886407128 0.943907327420057
   outer loop
      vertex -0.084894308411384 0.397929417250385 -0.301217276390453
      vertex -0.099081506958506 0.404324126665940 -0.296173941963937
      vertex -0.099092762361789 0.402324431107281 -0.296196164443042
   endloop
endfacet
facet normal -0.250280089909231 -0.966212042896433 -0.061596791774649
   outer loop
      vertex 0.083121317282925 0.347061297320985 -0.328144683639677
      vertex 0.087749574048293 0.347102817819460 -0.347601510699722
      vertex 0.104211611929759 0.342570886137795 -0.343401833413082
   endloop
endfacet
facet normal -0.254934696012269 -0.966578778298665 -0.027088117538739
   outer loop
      vertex 0.035657902364197 0.360550937548872 -0.335379844430676
      vertex 0.037392306117647 0.360651851836680 -0.355303757633523
      vertex 0.054300962861120 0.356143329466621 -0.353559864672232
   endloop
endfacet
facet normal -0.255414860255482 -0.966707790699626 -0.015469213338752
   outer loop
      vertex 0.019656257512389 0.365032733500348 -0.336232461948668
      vertex 0.020413896437831 0.365152351381319 -0.356217174224446
      vertex 0.037392306117647 0.360651851836680 -0.355303757633523
   endloop
endfacet
facet normal -0.243672298330847 -0.967685145271169 0.064878892158222
   outer loop
      vertex -0.090912729153248 0.396163512261219 -0.320312422326821
      vertex -0.096919995897423 0.396397372447625 -0.339386445088588
      vertex -0.080610373912594 0.391964590627933 -0.344246793881613
   endloop
endfacet
facet normal -0.230757773938880 -0.968123001338393 0.097409979192661
   outer loop
      vertex -0.135426937557667 0.409362273307688 -0.302103359823016
      vertex -0.144166226341842 0.409635583045150 -0.320089826885621
      vertex -0.128735475717314 0.405232677927363 -0.327294304894288
   endloop
endfacet
facet normal -0.199007074684137 -0.002334033651235 0.979995273719510
   outer loop
      vertex 0.078509012980451 0.349019665813714 -0.308679833844007
      vertex 0.063770880355282 0.353503164952315 -0.311662019677500
      vertex 0.078492960736065 0.347019764837398 -0.308687856685122
   endloop
endfacet
facet normal -0.219665647649634 -0.968413615888602 0.117991829396066
   outer loop
      vertex -0.163427838301455 0.418116100664103 -0.286404826431065
      vertex -0.173888523141593 0.418412430109688 -0.303447393282234
      vertex -0.159229511713088 0.414028858062552 -0.312134686483601
   endloop
endfacet
facet normal 0.140682811415969 -0.008773567575509 0.990015843855085
   outer loop
      vertex -0.026155324727882 0.382257561536267 -0.314164880435386
      vertex -0.041058855880048 0.386689461023260 -0.312007789470222
      vertex -0.026166577448737 0.380257731558491 -0.314181003994562
   endloop
endfacet
facet normal 0.069321874579257 -0.950120365864598 -0.304081844367829
   outer loop
      vertex 0.299806098513919 0.175029905802544 0.093417942521298
      vertex 0.314014951130027 0.179831310796531 0.081654897680467
      vertex 0.323617443637263 0.179640590042922 0.084439905957408
   endloop
endfacet
facet normal -0.282733653708618 0.011645963433247 -0.959127756139028
   outer loop
      vertex -0.080599520329557 0.393964373570479 -0.344226970528297
      vertex -0.096919995897423 0.396397372447625 -0.339386445088588
      vertex -0.096908942099899 0.398397146689360 -0.339365421802583
   endloop
endfacet
facet normal -0.260030638574867 -0.963907498531671 0.057152438939767
   outer loop
      vertex -0.070479685571249 0.391525742801234 -0.305555214283082
      vertex -0.075545079632667 0.391745160722027 -0.324901004135092
      vertex -0.059971691713391 0.387316923441654 -0.328730291536743
   endloop
endfacet
facet normal -0.183920221376632 -0.969123188456772 0.164236408156504
   outer loop
      vertex -0.225591435086856 0.439835261493740 -0.235842317754994
      vertex -0.239884069037087 0.440177733986081 -0.249827075411510
      vertex -0.227770413209371 0.435845844089712 -0.261823128594927
   endloop
endfacet
facet normal -0.175525353449371 -0.969257633521150 0.172425317623177
   outer loop
      vertex -0.236432476880005 0.444149902269436 -0.223984603870610
      vertex -0.251395258708110 0.444499754367428 -0.237249771561243
      vertex -0.239884069037087 0.440177733986081 -0.249827075411510
   endloop
endfacet
facet normal -0.248021757135915 -0.964363563088513 0.092131027208213
   outer loop
      vertex -0.113042546682843 0.404711068939707 -0.290506883151621
      vertex -0.120889010206313 0.404971823446203 -0.308900594551231
      vertex -0.106039140127124 0.400572322595645 -0.314974850561746
   endloop
endfacet
facet normal -0.390784989137017 0.001322928547748 0.920481038438728
   outer loop
      vertex 0.135717577479079 0.329713881303804 -0.289371580242861
      vertex 0.121724664817364 0.334872668722042 -0.295319606004410
      vertex 0.135698624622072 0.327713982557225 -0.289376752287342
   endloop
endfacet
facet normal -0.237340123263567 -0.964666710911652 0.114401935071614
   outer loop
      vertex -0.140006721674220 0.413458623375024 -0.277063171318653
      vertex -0.149618116696829 0.413743740877240 -0.294598943900289
      vertex -0.135426937557667 0.409362273307688 -0.302103359823016
   endloop
endfacet
facet normal -0.231219509253138 -0.964819186170340 0.125145821098192
   outer loop
      vertex -0.152967153454966 0.417819770901615 -0.269362229581571
      vertex -0.163427838301455 0.418116100664103 -0.286404826431065
      vertex -0.149618116696829 0.413743740877240 -0.294598943900289
   endloop
endfacet
facet normal -0.968364689054681 0.018709910635658 -0.248836830545714
   outer loop
      vertex 0.308335887847221 0.187021338525693 0.064128172723883
      vertex 0.308299927896026 0.185021627218260 0.064117755966460
      vertex 0.304412558581870 0.180022034594126 0.078869789408940
   endloop
endfacet
facet normal -0.224600245758802 -0.964969531587235 0.135604324095507
   outer loop
      vertex -0.165537040389097 0.422172534224968 -0.261032423973753
      vertex -0.176822095334477 0.422479334999308 -0.277540545890661
      vertex -0.163427838301455 0.418116100664103 -0.286404826431065
   endloop
endfacet
facet normal -0.217500297144417 -0.965118385557997 0.145739914230849
   outer loop
      vertex -0.177685167090770 0.426516447834684 -0.252094027151337
      vertex -0.189767477094909 0.426833235782428 -0.268027672753195
      vertex -0.176822095334477 0.422479334999308 -0.277540545890661
   endloop
endfacet
facet normal 0.246962093149635 0.967536674996651 -0.053688984750836
   outer loop
      vertex -0.075523172506104 0.395744730582410 -0.324861357428790
      vertex -0.080588566766275 0.395964158500670 -0.344207147175145
      vertex -0.096897888302376 0.400396920931095 -0.339344398516579
   endloop
endfacet
facet normal -0.994357142909077 0.017639988728240 -0.104607376142245
   outer loop
      vertex 0.315601215993190 0.202065885770377 0.018997037679617
      vertex 0.315566554369134 0.200066271755769 0.018989321825885
      vertex 0.313883378915930 0.195043649683757 0.034141967809193
   endloop
endfacet
facet normal -0.209914809124766 -0.965268835201088 0.155537290382883
   outer loop
      vertex -0.189380824452830 0.430851356910429 -0.242569268490566
      vertex -0.202231467175277 0.431177298755241 -0.257889830546532
      vertex -0.189767477094909 0.426833235782428 -0.268027672753195
   endloop
endfacet
facet normal -0.201883213649009 -0.965415142710538 0.164975059545196
   outer loop
      vertex -0.200594295628944 0.435176707244156 -0.232482311484517
      vertex -0.214182353425390 0.435511225679601 -0.247152720567999
      vertex -0.202231467175277 0.431177298755241 -0.257889830546532
   endloop
endfacet
facet normal -0.165576259899839 -0.965972282339932 0.198700910688813
   outer loop
      vertex -0.240116284857581 0.452390888976384 -0.187007374193299
      vertex -0.256309872303625 0.452753570894321 -0.198738236198729
      vertex -0.246680107626663 0.448455841722832 -0.211606958485263
   endloop
endfacet
facet normal -0.990125488242160 0.015331958723198 0.139342917204051
   outer loop
      vertex 0.312821647456592 0.227296408114472 -0.056970193669114
      vertex 0.312790088544732 0.225296688777844 -0.056974411096870
      vertex 0.314836524748770 0.220235078890745 -0.041876169422622
   endloop
endfacet
facet normal -0.155542381488678 -0.966102917438141 0.206038152967702
   outer loop
      vertex -0.248547179438775 0.456675344499755 -0.174489015436745
      vertex -0.265298423984816 0.457043473955837 -0.185408728585345
      vertex -0.256309872303625 0.452753570894321 -0.198738236198729
   endloop
endfacet
facet normal -0.971778898154425 0.014227780929814 0.235464102044419
   outer loop
      vertex 0.306518094977931 0.237441965556882 -0.086771051049557
      vertex 0.306488036975168 0.235442215484185 -0.086774269063897
      vertex 0.310005057299901 0.230365811381063 -0.071952510370558
   endloop
endfacet
facet normal -0.145177681566668 -0.966228211061790 0.212900175958735
   outer loop
      vertex -0.256355089758400 0.460952730377213 -0.161568417771988
      vertex -0.273623615817393 0.461325926713539 -0.171650193135627
      vertex -0.265298423984816 0.457043473955837 -0.185408728585345
   endloop
endfacet
facet normal -0.944100933220836 0.013116077157164 0.329395501504733
   outer loop
      vertex 0.297322116539023 0.247615486738458 -0.115802857886361
      vertex 0.297293459204975 0.245615717002904 -0.115805366365276
      vertex 0.302247434503596 0.240525638835366 -0.101403789722936
   endloop
endfacet
facet normal -0.293389136186687 -0.000322449402004 0.955993049553193
   outer loop
      vertex 0.107475238508896 0.342032021224261 -0.300563125341442
      vertex 0.093082149347283 0.344529367394166 -0.304979444822403
      vertex 0.107438433084508 0.338032219903734 -0.300575769832129
   endloop
endfacet
facet normal -0.134483153742442 -0.966351399855096 0.219269818619853
   outer loop
      vertex -0.263520530306689 0.465223463581571 -0.148276775659946
      vertex -0.281264655021191 0.465600993186687 -0.157495826427344
      vertex -0.273623615817393 0.461325926713539 -0.171650193135627
   endloop
endfacet
facet normal -0.123504070259077 -0.966467556099126 0.225138196753069
   outer loop
      vertex -0.270025435643056 0.469487447229188 -0.134646655765629
      vertex -0.288202222814175 0.469868923769906 -0.142980303840049
      vertex -0.281264655021191 0.465600993186687 -0.157495826427344
   endloop
endfacet
facet normal -0.112250046118858 -0.966581194608472 0.230479329605875
   outer loop
      vertex -0.275853252297648 0.473744668446988 -0.120711953620752
      vertex -0.294418692432712 0.474129550359383 -0.128139742896428
      vertex -0.288202222814175 0.469868923769906 -0.142980303840049
   endloop
endfacet
facet normal -0.836065172362850 0.009928506075699 0.548540292347775
   outer loop
      vertex 0.262337443582283 0.273150709120827 -0.183181774498967
      vertex 0.262312488044132 0.271150885881066 -0.183183614289286
      vertex 0.270615662489780 0.266033627990727 -0.170435595961981
   endloop
endfacet
facet normal -0.100748527176898 -0.966688845667986 0.235292179922712
   outer loop
      vertex -0.280989146759267 0.477995095068814 -0.106507974675471
      vertex -0.318807181376505 0.478770476748920 -0.119515455281598
      vertex -0.294418692432712 0.474129550359383 -0.128139742896428
   endloop
endfacet
facet normal 0.084309798326604 -0.006332095072758 0.996419471145620
   outer loop
      vertex 0.043016314828335 0.064460011268660 0.340002563407104
      vertex 0.025834566720922 0.061746052883081 0.341439111684977
      vertex 0.025815813161258 0.059746190971734 0.341427989655307
   endloop
endfacet
facet normal -0.283805410036138 -0.958739985966124 -0.016496319101414
   outer loop
      vertex 0.018898718567192 0.364913117607022 -0.316247749673059
      vertex 0.003849077524937 0.369369033182897 -0.316301997519563
      vertex 0.019656257512389 0.365032733500348 -0.336232461948668
   endloop
endfacet
facet normal -0.746714805608534 0.007811736509603 0.665098470797907
   outer loop
      vertex 0.233817746668249 0.288530898374626 -0.218753155988007
      vertex 0.233794892036653 0.286531050379082 -0.218755326502979
      vertex 0.243879995400921 0.281399748069010 -0.207372379898537
   endloop
endfacet
facet normal -0.345101574197049 0.000542682191734 0.938565186325786
   outer loop
      vertex 0.121743317647067 0.336872565904539 -0.295313903883358
      vertex 0.107475238508896 0.342032021224261 -0.300563125341442
      vertex 0.121724664817364 0.334872668722042 -0.295319606004410
   endloop
endfacet
facet normal -0.283195850125101 -0.958608111260870 -0.029505923079749
   outer loop
      vertex 0.033923598392239 0.360450035246176 -0.315455931122340
      vertex 0.018898718567192 0.364913117607022 -0.316247749673059
      vertex 0.035657902364197 0.360550937548872 -0.335379844430676
   endloop
endfacet
facet normal -0.390750463313481 0.001317961454459 0.920495702541790
   outer loop
      vertex 0.135736530338202 0.331713779944748 -0.289366398198938
      vertex 0.121743317647067 0.336872565904539 -0.295313903883358
      vertex 0.135717577479079 0.329713881303804 -0.289371580242861
   endloop
endfacet
facet normal -0.562939939959164 0.004126629238246 0.826487504400340
   outer loop
      vertex 0.188239642033852 0.307097274526609 -0.258919956287555
      vertex 0.175704228968506 0.314247563189746 -0.267493820055489
      vertex 0.175684075597855 0.312247678472306 -0.267497561617823
   endloop
endfacet
facet normal -0.479253932591313 0.002563518523011 0.877672545126338
   outer loop
      vertex 0.162720873546443 0.317400906328024 -0.275445675699580
      vertex 0.149400704000825 0.324556405702507 -0.282740066903064
      vertex 0.149381450911411 0.322556515706215 -0.282744738763645
   endloop
endfacet
facet normal -0.435454461708982 0.002089212835783 0.900208335313258
   outer loop
      vertex 0.149419957090239 0.326556295698798 -0.282735395042482
      vertex 0.135736530338202 0.331713779944748 -0.289366398198938
      vertex 0.149400704000825 0.324556405702507 -0.282740066903064
   endloop
endfacet
facet normal -0.435612223659521 0.001800376242472 0.900132628696345
   outer loop
      vertex 0.149381450911411 0.322556515706215 -0.282744738763645
      vertex 0.135717577479079 0.329713881303804 -0.289371580242861
      vertex 0.135698624622072 0.327713982557225 -0.289376752287342
   endloop
endfacet
facet normal -0.277739061126805 -0.958238779768541 -0.068113543969601
   outer loop
      vertex 0.078492960736065 0.347019764837398 -0.308687856685122
      vertex 0.063755828099182 0.351503274420939 -0.311671042675769
      vertex 0.083121317282925 0.347061297320985 -0.328144683639677
   endloop
endfacet
facet normal -0.345185665178567 0.000534083582598 0.938534267520349
   outer loop
      vertex 0.121724664817364 0.334872668722042 -0.295319606004410
      vertex 0.107438433084508 0.338032219903734 -0.300575769832129
      vertex 0.121706012182183 0.332872761753347 -0.295325328230001
   endloop
endfacet
facet normal -0.175242225341967 -0.965838147929279 0.190910540467873
   outer loop
      vertex -0.231083149518170 0.448099336380381 -0.199093667275864
      vertex -0.246680107626663 0.448455841722832 -0.211606958485263
      vertex -0.236432476880005 0.444149902269436 -0.223984603870610
   endloop
endfacet
facet normal -0.260320225126169 -0.962481100862283 -0.076573565106950
   outer loop
      vertex 0.098638254531358 0.342550169595878 -0.324194200456765
      vertex 0.083121317282925 0.347061297320985 -0.328144683639677
      vertex 0.104211611929759 0.342570886137795 -0.343401833413082
   endloop
endfacet
facet normal -0.151317874290505 -0.003982163841578 0.988477133418544
   outer loop
      vertex 0.063755828099182 0.351503274420939 -0.311671042675769
      vertex 0.048901956972016 0.357979928664904 -0.313918808486920
      vertex 0.048887804681624 0.355980048703506 -0.313929031631014
   endloop
endfacet
facet normal 0.920296696060308 -0.019426707070037 0.390738524173001
   outer loop
      vertex -0.275795368753741 0.477743771823076 -0.120649458181718
      vertex -0.275824310525695 0.475744220135032 -0.120680705901235
      vertex -0.269997933518888 0.471486966914844 -0.134615088061584
   endloop
endfacet
facet normal -0.955067224595409 0.019070881995361 -0.295775080024570
   outer loop
      vertex 0.304485280779411 0.184021349895970 0.078892821743106
      vertex 0.304448918686874 0.182021742232381 0.078881306104300
      vertex 0.299879523005200 0.179029112860064 0.093443073680532
   endloop
endfacet
facet normal -0.562797921024603 0.004403073361858 0.826582792607827
   outer loop
      vertex 0.188280749242790 0.311097028323523 -0.258913273542182
      vertex 0.175724282361029 0.316247445813907 -0.267490068493547
      vertex 0.188260195638321 0.309097151425066 -0.258916614914869
   endloop
endfacet
facet normal -0.263128375003604 -0.962592561567849 -0.064645329933485
   outer loop
      vertex 0.083121317282925 0.347061297320985 -0.328144683639677
      vertex 0.067427891674317 0.351565118046438 -0.331330663980946
      vertex 0.087749574048293 0.347102817819460 -0.347601510699722
   endloop
endfacet
facet normal -0.988053414422012 0.018024169306414 -0.153054172010490
   outer loop
      vertex 0.313953700317617 0.199042980662622 0.034159000482244
      vertex 0.313918540610540 0.197043265185858 0.034150483617442
      vertex 0.311494863495098 0.192028451879452 0.049206163413850
   endloop
endfacet
facet normal -0.602653694031861 0.005154947512537 0.797986185084614
   outer loop
      vertex 0.200399266665666 0.305949828176983 -0.249727897937089
      vertex 0.188280749242790 0.311097028323523 -0.258913273542182
      vertex 0.200378212836680 0.303949957632376 -0.249730879116672
   endloop
endfacet
facet normal -0.998291909224115 0.017246686251402 -0.055819492930492
   outer loop
      vertex 0.316573047859100 0.209096057278103 0.003788645736074
      vertex 0.316538887696871 0.207096374768722 0.003781729097271
      vertex 0.315601215993190 0.202065885770377 0.018997037679617
   endloop
endfacet
facet normal -0.995747838710916 0.015794837619401 0.090756624039880
   outer loop
      vertex 0.314900842965761 0.224234509801053 -0.041866634841810
      vertex 0.314868683846682 0.222234794874070 -0.041871452129426
      vertex 0.316172321044607 0.217180852427838 -0.026688867528575
   endloop
endfacet
facet normal -0.971764228963679 0.014276038243070 0.235521714580011
   outer loop
      vertex 0.306548252960940 0.239441717617225 -0.086767833035383
      vertex 0.306518094977931 0.237441965556882 -0.086771051049557
      vertex 0.310035915846712 0.232365542080816 -0.071948792702420
   endloop
endfacet
facet normal -0.944088661252998 0.013117502806771 0.329430616084233
   outer loop
      vertex 0.297350773870953 0.249615256579647 -0.115800359406888
      vertex 0.297322116539023 0.247615486738458 -0.115802857886361
      vertex 0.302276792162476 0.242525399214846 -0.101400971473797
   endloop
endfacet
facet normal 0.826336306511984 -0.018548957531185 0.562871428227298
   outer loop
      vertex -0.248523928422310 0.458674877678096 -0.174457256679696
      vertex -0.248547179438775 0.456675344499755 -0.174489015436745
      vertex -0.240116284857581 0.452390888976384 -0.187007374193299
   endloop
endfacet
facet normal -0.885693716471767 0.011227517777019 0.464134229988476
   outer loop
      vertex 0.278335926214486 0.264920918675708 -0.157288120233928
      vertex 0.278309569942214 0.262921118441317 -0.157290039489180
      vertex 0.285323592433798 0.257813849044899 -0.143781840350142
   endloop
endfacet
facet normal 0.043256361848799 -0.007655083100814 0.999034677507405
   outer loop
      vertex 0.003861029975846 0.371368883487805 -0.316288374033318
      vertex -0.011165605777471 0.377817131675041 -0.315588338804322
      vertex -0.011177158362647 0.375817291999351 -0.315603162329906
   endloop
endfacet
facet normal -0.778364940558445 0.008539952015434 0.627754003196334
   outer loop
      vertex 0.243927105309333 0.285399425491363 -0.207368379380215
      vertex 0.243903550454503 0.283399581781454 -0.207370379692204
      vertex 0.253417751909976 0.278272803736508 -0.195503783460371
   endloop
endfacet
facet normal -0.746687053364843 0.007811385531603 0.665129631420376
   outer loop
      vertex 0.233840601299844 0.290530746370169 -0.218750985473034
      vertex 0.233817746668249 0.288530898374626 -0.218753155988007
      vertex 0.243903550454503 0.283399581781454 -0.207370379692204
   endloop
endfacet
facet normal -0.602764681180902 0.004861745026825 0.797904193845464
   outer loop
      vertex 0.200378212836680 0.303949957632376 -0.249730879116672
      vertex 0.188280749242790 0.311097028323523 -0.258913273542182
      vertex 0.188260195638321 0.309097151425066 -0.258916614914869
   endloop
endfacet
facet normal 0.292730087101072 0.946973661308265 0.132476340884769
   outer loop
      vertex 0.149419957090239 0.326556295698798 -0.282735395042482
      vertex 0.139902154212880 0.331697880759234 -0.298457435298114
      vertex 0.135736530338202 0.331713779944748 -0.289366398198938
   endloop
endfacet
facet normal -0.479218661982461 0.002563133978301 0.877691804879110
   outer loop
      vertex 0.162740526653988 0.319400799347871 -0.275441483918527
      vertex 0.149419957090239 0.326556295698798 -0.282735395042482
      vertex 0.149400704000825 0.324556405702507 -0.282740066903064
   endloop
endfacet
facet normal -0.345248834020491 0.000210018988117 0.938511160562045
   outer loop
      vertex 0.121724664817364 0.334872668722042 -0.295319606004410
      vertex 0.107475238508896 0.342032021224261 -0.300563125341442
      vertex 0.107438433084508 0.338032219903734 -0.300575769832129
   endloop
endfacet
facet normal 0.734930678231951 -0.017593680612804 0.677913977283268
   outer loop
      vertex -0.221450327421779 0.445799715051742 -0.210688515256494
      vertex -0.221469685051757 0.443800050264574 -0.210719426180552
      vertex -0.211298781138460 0.439492789293294 -0.221857550099069
   endloop
endfacet
facet normal -0.999830547911412 0.017103445868963 -0.006807907356471
   outer loop
      vertex 0.316763016002353 0.214134384864802 -0.011452923247178
      vertex 0.316538887696871 0.207096374768722 0.003781729097271
      vertex 0.316573047859100 0.209096057278103 0.003788645736074
   endloop
endfacet
facet normal -0.154507632844413 -0.953368985302354 -0.259258498908668
   outer loop
      vertex 0.303275140659341 0.255579228877183 -0.152541744240717
      vertex 0.287046842222660 0.260810371098503 -0.162106764424842
      vertex 0.295810570952260 0.260699416085893 -0.166921580210514
   endloop
endfacet
facet normal 0.278446204725714 0.949893360872624 0.142022230808977
   outer loop
      vertex 0.167798485205421 0.321369276660926 -0.284075212568639
      vertex 0.158635189193296 0.326508951272291 -0.300485726470234
      vertex 0.154027623027221 0.326532629742186 -0.291610585702218
   endloop
endfacet
facet normal -0.907291500481556 0.012167918644074 0.420326153016676
   outer loop
      vertex 0.285350648992804 0.259813641824631 -0.143779791314618
      vertex 0.291666379107764 0.252711800006709 -0.129941435446547
      vertex 0.291694235946447 0.254711586685622 -0.129939196634267
   endloop
endfacet
facet normal -0.994369937866176 0.017928164646580 -0.104436619920516
   outer loop
      vertex 0.315635875629713 0.204065599759650 0.019004754589903
      vertex 0.313918540610540 0.197043265185858 0.034150483617442
      vertex 0.313953700317617 0.199042980662622 0.034159000482244
   endloop
endfacet
facet normal -0.988070061321565 0.018341570572196 -0.152908929461116
   outer loop
      vertex 0.313953700317617 0.199042980662622 0.034159000482244
      vertex 0.311494863495098 0.192028451879452 0.049206163413850
      vertex 0.311530525281428 0.194028067812704 0.049215579171034
   endloop
endfacet
facet normal -0.926776594880996 0.012811988979391 0.375394454033592
   outer loop
      vertex 0.291694235946447 0.254711586685622 -0.129939196634267
      vertex 0.297322116539023 0.247615486738458 -0.115802857886361
      vertex 0.297350773870953 0.249615256579647 -0.115800359406888
   endloop
endfacet
facet normal 0.263737285994740 0.949974125964575 0.167307513202397
   outer loop
      vertex 0.194142722558676 0.311050305010651 -0.267014790075169
      vertex 0.186637764751478 0.316169253678521 -0.284249709941279
      vertex 0.181181023597063 0.316208347693903 -0.275869884238823
   endloop
endfacet
facet normal -0.252651845676114 -0.964187287530617 0.080684071791183
   outer loop
      vertex -0.120889010206313 0.404971823446203 -0.308900594551231
      vertex -0.112974163921371 0.400819982668921 -0.333731413456340
      vertex -0.106039140127124 0.400572322595645 -0.314974850561746
   endloop
endfacet
facet normal 0.255490087343369 0.950024811074059 0.179381363616671
   outer loop
      vertex 0.206652167941636 0.305895546398820 -0.257531590435421
      vertex 0.200004595916308 0.311003578604753 -0.275116296619114
      vertex 0.194142722558676 0.311050305010651 -0.267014790075169
   endloop
endfacet
facet normal 0.119481489164876 -0.955797530581112 -0.268654525891511
   outer loop
      vertex 0.299273236540880 0.160104788569775 0.144560149647366
      vertex 0.290396723200799 0.160288528177044 0.139958712574006
      vertex 0.297389340309892 0.165130483083899 0.125842292144393
   endloop
endfacet
facet normal -0.959034678351456 0.014007756358600 0.282942164551554
   outer loop
      vertex 0.302306149823474 0.244525159488691 -0.101398143225216
      vertex 0.306518094977931 0.237441965556882 -0.086771051049557
      vertex 0.306548252960940 0.239441717617225 -0.086767833035383
   endloop
endfacet
facet normal -0.979397832024267 0.018659524466496 -0.201076375471737
   outer loop
      vertex 0.311494863495098 0.192028451879452 0.049206163413850
      vertex 0.308299927896026 0.185021627218260 0.064117755966460
      vertex 0.308335887847221 0.187021338525693 0.064128172723883
   endloop
endfacet
facet normal -0.243073110145529 -0.964475882611476 0.103449190354462
   outer loop
      vertex -0.149618116696829 0.413743740877240 -0.294598943900289
      vertex -0.144166226341842 0.409635583045150 -0.320089826885621
      vertex -0.135426937557667 0.409362273307688 -0.302103359823016
   endloop
endfacet
facet normal 0.264079503622219 -0.959938879025459 -0.093698262000891
   outer loop
      vertex 0.088787808273019 0.078798659141475 0.311372542290231
      vertex 0.101405120601836 0.083636396186904 0.297370593144618
      vertex 0.104433365177362 0.083539270772769 0.306900458122398
   endloop
endfacet
facet normal 0.237307676022209 0.950145829967919 0.202257184533733
   outer loop
      vertex 0.230194846785174 0.295597261519554 -0.236774870111655
      vertex 0.225307671285040 0.300682669187027 -0.254930539771312
      vertex 0.218679146628813 0.300744429563153 -0.247443446438718
   endloop
endfacet
facet normal -0.988062348293108 0.018299975836045 -0.152963743318179
   outer loop
      vertex 0.313918540610540 0.197043265185858 0.034150483617442
      vertex 0.311459301667846 0.190028838990189 0.049196647662082
      vertex 0.311494863495098 0.192028451879452 0.049206163413850
   endloop
endfacet
facet normal -0.982095019804708 0.015053792431847 0.187783799642592
   outer loop
      vertex 0.310066674193359 0.234365281846731 -0.071945174922880
      vertex 0.312821647456592 0.227296408114472 -0.056970193669114
      vertex 0.312853106189455 0.229296135460921 -0.056965976135537
   endloop
endfacet
facet normal 0.217022980894857 0.950291472413482 0.223264737972049
   outer loop
      vertex 0.251583068652605 0.285315832261113 -0.213800911952789
      vertex 0.248502513444535 0.290377893717977 -0.232352352716994
      vertex 0.241171557273871 0.290454324989989 -0.225551664042466
   endloop
endfacet
facet normal -0.231386597137718 -0.964765667616317 0.125249547918824
   outer loop
      vertex -0.176822095334477 0.422479334999308 -0.277540545890661
      vertex -0.173888523141593 0.418412430109688 -0.303447393282234
      vertex -0.163427838301455 0.418116100664103 -0.286404826431065
   endloop
endfacet
facet normal -0.998292197190958 0.017519595064742 -0.055729281499204
   outer loop
      vertex 0.316538887696871 0.207096374768722 0.003781729097271
      vertex 0.315566554369134 0.200066271755769 0.018989321825885
      vertex 0.315601215993190 0.202065885770377 0.018997037679617
   endloop
endfacet
facet normal -0.990099409254801 0.015586578519584 0.139499886606932
   outer loop
      vertex 0.312853106189455 0.229296135460921 -0.056965976135537
      vertex 0.314868683846682 0.222234794874070 -0.041871452129426
      vertex 0.314900842965761 0.224234509801053 -0.041866634841810
   endloop
endfacet
facet normal 0.262926260477633 0.963757893168454 -0.045171948228419
   outer loop
      vertex -0.055838478942103 0.391112183719153 -0.309122181006770
      vertex -0.059949885294987 0.391316527720404 -0.328693144585078
      vertex -0.075523172506104 0.395744730582410 -0.324861357428790
   endloop
endfacet
facet normal -0.999831005225915 0.017054233497601 -0.006863971790901
   outer loop
      vertex 0.316729456110842 0.212134694776751 -0.011458940042868
      vertex 0.316504826542286 0.205096743177976 0.003774912980997
      vertex 0.316538887696871 0.207096374768722 0.003781729097271
   endloop
endfacet
facet normal -0.995729233386074 0.016115766215197 0.090904212551885
   outer loop
      vertex 0.314900842965761 0.224234509801053 -0.041866634841810
      vertex 0.316172321044607 0.217180852427838 -0.026688867528575
      vertex 0.316205180549902 0.219180554935356 -0.026683450486924
   endloop
endfacet
facet normal -0.217686641352446 -0.965053693729980 0.145890007864877
   outer loop
      vertex -0.202231467175277 0.431177298755241 -0.257889830546532
      vertex -0.201849885091759 0.427149921767863 -0.283961319411442
      vertex -0.189767477094909 0.426833235782428 -0.268027672753195
   endloop
endfacet
facet normal 0.183077950465512 0.950551726399083 0.250866258179675
   outer loop
      vertex 0.279183921784955 0.269928926775453 -0.175671004114248
      vertex 0.278861618065867 0.274955418039871 -0.194481557909108
      vertex 0.270611958603558 0.275052974179998 -0.188830743808935
   endloop
endfacet
facet normal -0.990104553449262 0.015593706149062 0.139462574074821
   outer loop
      vertex 0.312821647456592 0.227296408114472 -0.056970193669114
      vertex 0.314836524748770 0.220235078890745 -0.041876169422622
      vertex 0.314868683846682 0.222234794874070 -0.041871452129426
   endloop
endfacet
facet normal -0.202109388452212 -0.965332792503302 0.165179886236944
   outer loop
      vertex -0.225591435086856 0.439835261493740 -0.235842317754994
      vertex -0.227770413209371 0.435845844089712 -0.261823128594927
      vertex -0.214182353425390 0.435511225679601 -0.247152720567999
   endloop
endfacet
facet normal 0.158406544281681 0.950751873583617 0.266417419862100
   outer loop
      vertex 0.294340051462582 0.259696225225185 -0.148158728794579
      vertex 0.295863383276177 0.264699028645421 -0.166917751593962
      vertex 0.287099654745331 0.264809973660565 -0.162102935913945
   endloop
endfacet
facet normal -0.054362830667935 -0.005861638083930 0.998504042976664
   outer loop
      vertex 0.033923598392239 0.360450035246176 -0.315455931122340
      vertex 0.018911270844323 0.366912982516438 -0.316235326226485
      vertex 0.018898718567192 0.364913117607022 -0.316247749673059
   endloop
endfacet
facet normal -0.193643539227917 -0.965471133402593 0.174263221253361
   outer loop
      vertex -0.236432476880005 0.444149902269436 -0.223984603870610
      vertex -0.239884069037087 0.440177733986081 -0.249827075411510
      vertex -0.225591435086856 0.439835261493740 -0.235842317754994
   endloop
endfacet
facet normal -0.184765823782706 -0.965604906680793 0.182944676216269
   outer loop
      vertex -0.246680107626663 0.448455841722832 -0.211606958485263
      vertex -0.251395258708110 0.444499754367428 -0.237249771561243
      vertex -0.236432476880005 0.444149902269436 -0.223984603870610
   endloop
endfacet
facet normal -0.165814852943650 -0.965862817915941 0.199033794896126
   outer loop
      vertex -0.265298423984816 0.457043473955837 -0.185408728585345
      vertex -0.272503469747905 0.453116252624057 -0.210469099204087
      vertex -0.256309872303625 0.452753570894321 -0.198738236198729
   endloop
endfacet
facet normal -0.959052021431810 0.013960173508459 0.282885725591045
   outer loop
      vertex 0.302276792162476 0.242525399214846 -0.101400971473797
      vertex 0.306488036975168 0.235442215484185 -0.086774269063897
      vertex 0.306518094977931 0.237441965556882 -0.086771051049557
   endloop
endfacet
facet normal -0.155785165114893 -0.965985262574883 0.206406043560403
   outer loop
      vertex -0.273623615817393 0.461325926713539 -0.171650193135627
      vertex -0.282049690514862 0.457411703010179 -0.196328442677247
      vertex -0.265298423984816 0.457043473955837 -0.185408728585345
   endloop
endfacet
facet normal 0.118903335223416 0.951089370007489 0.285115778468161
   outer loop
      vertex 0.311840526968588 0.244389392329022 -0.104410613629912
      vertex 0.316101027740862 0.249355593475336 -0.122753649217848
      vertex 0.306725900707590 0.249485429973408 -0.119276999259819
   endloop
endfacet
facet normal -0.123715429362761 -0.966331653732428 0.225605025503285
   outer loop
      vertex -0.294418692432712 0.474129550359383 -0.128139742896428
      vertex -0.306379019987552 0.470250400323127 -0.151313971913336
      vertex -0.288202222814175 0.469868923769906 -0.142980303840049
   endloop
endfacet
facet normal -0.256956860052725 -0.962375895957046 -0.088350477942783
   outer loop
      vertex 0.107438433084508 0.338032219903734 -0.300575769832129
      vertex 0.098638254531358 0.342550169595878 -0.324194200456765
      vertex 0.120448363775810 0.338031048559156 -0.338400847228050
   endloop
endfacet
facet normal -0.247668039748928 -0.966097934543460 -0.072906261444295
   outer loop
      vertex 0.098638254531358 0.342550169595878 -0.324194200456765
      vertex 0.104211611929759 0.342570886137795 -0.343401833413082
      vertex 0.120448363775810 0.338031048559156 -0.338400847228050
   endloop
endfacet
facet normal -0.885640053036196 0.011551034261757 0.464228682941422
   outer loop
      vertex 0.278309569942214 0.262921118441317 -0.157290039489180
      vertex 0.285296435894550 0.255814054277521 -0.143783889385499
      vertex 0.285323592433798 0.257813849044899 -0.143781840350142
   endloop
endfacet
facet normal -0.252363660629364 -0.966330694212030 -0.050175414472060
   outer loop
      vertex 0.067427891674317 0.351565118046438 -0.331330663980946
      vertex 0.071099855269208 0.351626959684291 -0.350990285285959
      vertex 0.087749574048293 0.347102817819460 -0.347601510699722
   endloop
endfacet
facet normal -0.253916066780648 -0.966453153839014 -0.038664356522121
   outer loop
      vertex 0.051594383870749 0.356061684086330 -0.333744448204450
      vertex 0.054300962861120 0.356143329466621 -0.353559864672232
      vertex 0.071099855269208 0.351626959684291 -0.350990285285959
   endloop
endfacet
facet normal -0.091226988450129 -0.951384287754746 -0.294186290625032
   outer loop
      vertex 0.316158656188422 0.235300694267972 -0.089315352777434
      vertex 0.311781811650827 0.240389871570063 -0.104416250128191
      vertex 0.325829275380509 0.235159174108101 -0.091856536485390
   endloop
endfacet
facet normal -0.808115045172862 0.009542546449719 0.588947377592021
   outer loop
      vertex 0.253417751909976 0.278272803736508 -0.195503783460371
      vertex 0.262312488044132 0.271150885881066 -0.183183614289286
      vertex 0.262337443582283 0.273150709120827 -0.183181774498967
   endloop
endfacet
facet normal -0.255353447682995 -0.966840169668188 -0.003834458553441
   outer loop
      vertex 0.003627662393084 0.369506794012315 -0.336299711638152
      vertex 0.003406347262642 0.369644555773037 -0.356297325762489
      vertex 0.020413896437831 0.365152351381319 -0.356217174224446
   endloop
endfacet
facet normal -0.852778369895670 0.018205862851405 -0.521955552126729
   outer loop
      vertex -0.290892151872295 0.461699122745467 -0.181731958499808
      vertex -0.282026441485294 0.459411336131493 -0.196296679863812
      vertex -0.282049690514862 0.457411703010179 -0.196328442677247
   endloop
endfacet
facet normal 0.019503558837784 0.952018823166674 0.305417372670583
   outer loop
      vertex 0.326564535308090 0.208924349106525 0.004161437871972
      vertex 0.336758613336822 0.213799945503386 -0.011687301517930
      vertex 0.326760814570211 0.213967170182827 -0.011570112329727
   endloop
endfacet
facet normal -0.254750460933517 -0.966975428906859 0.007792467167538
   outer loop
      vertex -0.012388868247545 0.373972765043176 -0.335580705447498
      vertex -0.013589025526099 0.374128076706350 -0.355543325045088
      vertex 0.003406347262642 0.369644555773037 -0.356297325762489
   endloop
endfacet
facet normal -0.778298255171262 0.008845284239946 0.627832451330834
   outer loop
      vertex 0.243903550454503 0.283399581781454 -0.207370379692204
      vertex 0.253393496818577 0.276272964977728 -0.195505676565859
      vertex 0.253417751909976 0.278272803736508 -0.195503783460371
   endloop
endfacet
facet normal -0.253605454160628 -0.967113523183598 0.019383160098161
   outer loop
      vertex -0.028354217387365 0.378430178870312 -0.334076856676043
      vertex -0.030530604605138 0.378602456159909 -0.353956585798349
      vertex -0.013589025526099 0.374128076706350 -0.355543325045088
   endloop
endfacet
facet normal -0.246951110404211 -0.967539716069050 0.053684698929483
   outer loop
      vertex -0.075545079632667 0.391745160722027 -0.324901004135092
      vertex -0.080610373912594 0.391964590627933 -0.344246793881613
      vertex -0.064083098066274 0.387521267442906 -0.348301255115052
   endloop
endfacet
facet normal -0.024033461650481 0.952456287876754 0.303725883660133
   outer loop
      vertex 0.321359522442951 0.193844315701643 0.051047959944904
      vertex 0.333767676323135 0.198682898644565 0.036856453425858
      vertex 0.323860637347071 0.198862988118931 0.035507777479620
   endloop
endfacet
facet normal 0.248867164359872 0.952674380941586 0.174575652371807
   outer loop
      vertex 0.212904969237363 0.305841262633012 -0.265335282933587
      vertex 0.211728442589827 0.310910128885984 -0.291319319696045
      vertex 0.200004595916308 0.311003578604753 -0.275116296619114
   endloop
endfacet
facet normal -0.105151311003913 -0.951255303730405 -0.289925074664012
   outer loop
      vertex 0.311781811650827 0.240389871570063 -0.104416250128191
      vertex 0.306668686220609 0.245485882386844 -0.119282006324029
      vertex 0.321316188992578 0.240254094518562 -0.107428730637985
   endloop
endfacet
facet normal -0.677930686127287 0.006631369277554 0.735095918740194
   outer loop
      vertex 0.223184349349427 0.293666551782493 -0.229624772034544
      vertex 0.212028967894599 0.298806325982957 -0.239959014071187
      vertex 0.223162194930483 0.291666700029487 -0.229627162749709
   endloop
endfacet
facet normal -0.239878245184069 -0.967830373712347 0.075913076655020
   outer loop
      vertex -0.106039140127124 0.400572322595645 -0.314974850561746
      vertex -0.112974163921371 0.400819982668921 -0.333731413456340
      vertex -0.096919995897423 0.396397372447625 -0.339386445088588
   endloop
endfacet
facet normal -0.641075562638309 0.005920267441117 0.767454932501838
   outer loop
      vertex 0.212028967894599 0.298806325982957 -0.239959014071187
      vertex 0.200378212836680 0.303949957632376 -0.249730879116672
      vertex 0.212007313816610 0.296806462026635 -0.239961675036250
   endloop
endfacet
facet normal -0.235569609112391 -0.967976856956115 0.086762685873579
   outer loop
      vertex -0.120889010206313 0.404971823446203 -0.308900594551231
      vertex -0.128735475717314 0.405232677927363 -0.327294304894288
      vertex -0.112974163921371 0.400819982668921 -0.333731413456340
   endloop
endfacet
facet normal 0.069239422660835 -0.950219103610199 -0.303791964152812
   outer loop
      vertex 0.314014951130027 0.179831310796531 0.081654897680467
      vertex 0.304412558581870 0.180022034594126 0.078869789408940
      vertex 0.308299927896026 0.185021627218260 0.064117755966460
   endloop
endfacet
facet normal -0.052729242141668 0.952755302835788 0.299126996343444
   outer loop
      vertex 0.314087773286646 0.183830629142361 0.081677830020048
      vertex 0.327826649949699 0.188646181137385 0.068761569728438
      vertex 0.318099300872879 0.188833515448072 0.066450178542653
   endloop
endfacet
facet normal -0.602684498478940 0.005155317997837 0.797962917678215
   outer loop
      vertex 0.200378212836680 0.303949957632376 -0.249730879116672
      vertex 0.188260195638321 0.309097151425066 -0.258916614914869
      vertex 0.200357158989807 0.301950087987541 -0.249733860286746
   endloop
endfacet
facet normal -0.225453898141887 -0.968268304059718 0.107828712159358
   outer loop
      vertex -0.149618116696829 0.413743740877240 -0.294598943900289
      vertex -0.159229511713088 0.414028858062552 -0.312134686483601
      vertex -0.144166226341842 0.409635583045150 -0.320089826885621
   endloop
endfacet
facet normal -0.060270570713227 0.959968397329768 0.273547316627342
   outer loop
      vertex 0.337697527638949 0.178253730055492 0.106450604283918
      vertex 0.342895052835395 0.183258362931581 0.090032853794650
      vertex 0.323690167801170 0.183639806426444 0.084462837240602
   endloop
endfacet
facet normal -0.562831547749739 0.004403457217007 0.826559894031988
   outer loop
      vertex 0.188260195638321 0.309097151425066 -0.258916614914869
      vertex 0.175704228968506 0.314247563189746 -0.267493820055489
      vertex 0.188239642033852 0.307097274526609 -0.258919956287555
   endloop
endfacet
facet normal -0.213407960934573 -0.968557479645978 0.127880611632800
   outer loop
      vertex -0.176822095334477 0.422479334999308 -0.277540545890661
      vertex -0.188107152269507 0.422786235853947 -0.294048676750456
      vertex -0.173888523141593 0.418412430109688 -0.303447393282234
   endloop
endfacet
facet normal -0.521604346358388 0.003660141423057 0.853179646513442
   outer loop
      vertex 0.175704228968506 0.314247563189746 -0.267493820055489
      vertex 0.162740526653988 0.319400799347871 -0.275441483918527
      vertex 0.175684075597855 0.312247678472306 -0.267497561617823
   endloop
endfacet
facet normal 0.022892070368930 -0.955011950979718 -0.295682475977418
   outer loop
      vertex 0.331117199964547 0.189661133887435 0.052861307102465
      vertex 0.323790315924218 0.194863658196408 0.035490644812151
      vertex 0.333697254920038 0.194683566734396 0.036839320758555
   endloop
endfacet
facet normal -0.206681989992735 -0.968702124667519 0.137472719756605
   outer loop
      vertex -0.189767477094909 0.426833235782428 -0.268027672753195
      vertex -0.201849885091759 0.427149921767863 -0.283961319411442
      vertex -0.188107152269507 0.422786235853947 -0.294048676750456
   endloop
endfacet
facet normal -0.069305980784741 0.950128496234538 0.304060062603690
   outer loop
      vertex 0.299879523005200 0.179029112860064 0.093443073680532
      vertex 0.323690167801170 0.183639806426444 0.084462837240602
      vertex 0.314087773286646 0.183830629142361 0.081677830020048
   endloop
endfacet
facet normal 0.237337347825099 0.964667592705727 -0.114400257476485
   outer loop
      vertex -0.149592705055604 0.417743119389541 -0.294547849318076
      vertex -0.135402728121987 0.413361750654258 -0.302054414062251
      vertex -0.159204100082446 0.418028237103024 -0.312083641898596
   endloop
endfacet
facet normal -0.199517347122594 -0.968844545646919 0.146741522983026
   outer loop
      vertex -0.202231467175277 0.431177298755241 -0.257889830546532
      vertex -0.215082209875850 0.431503238506775 -0.273210382602890
      vertex -0.201849885091759 0.427149921767863 -0.283961319411442
   endloop
endfacet
facet normal -0.435489278140166 0.002089587363169 0.900191491989126
   outer loop
      vertex 0.149400704000825 0.324556405702507 -0.282740066903064
      vertex 0.135717577479079 0.329713881303804 -0.289371580242861
      vertex 0.149381450911411 0.322556515706215 -0.282744738763645
   endloop
endfacet
facet normal -0.191931428638795 -0.968983650472155 0.155669559703650
   outer loop
      vertex -0.214182353425390 0.435511225679601 -0.247152720567999
      vertex -0.227770413209371 0.435845844089712 -0.261823128594927
      vertex -0.215082209875850 0.431503238506775 -0.273210382602890
   endloop
endfacet
facet normal -0.050792803305292 0.955306812458346 0.291219822819576
   outer loop
      vertex 0.323690167801170 0.183639806426444 0.084462837240602
      vertex 0.347281352099571 0.188271311510341 0.073384449981319
      vertex 0.327826649949699 0.188646181137385 0.068761569728438
   endloop
endfacet
facet normal -0.479127336631781 0.002868675529419 0.877740716836608
   outer loop
      vertex 0.162740526653988 0.319400799347871 -0.275441483918527
      vertex 0.149400704000825 0.324556405702507 -0.282740066903064
      vertex 0.162720873546443 0.317400906328024 -0.275445675699580
   endloop
endfacet
facet normal -0.060175998671824 0.960065297946825 0.273227877168716
   outer loop
      vertex 0.342895052835395 0.183258362931581 0.090032853794650
      vertex 0.347281352099571 0.188271311510341 0.073384449981319
      vertex 0.323690167801170 0.183639806426444 0.084462837240602
   endloop
endfacet
facet normal -0.955042007002647 0.019069146585790 -0.295856608019571
   outer loop
      vertex 0.304448918686874 0.182021742232381 0.078881306104300
      vertex 0.304412558581870 0.180022034594126 0.078869789408940
      vertex 0.299806098513919 0.175029905802544 0.093417942521298
   endloop
endfacet
facet normal -0.014038627116331 -0.004832702593138 0.999889774892380
   outer loop
      vertex 0.008564258137792 0.055034477139395 0.342009101834217
      vertex -0.008678681568213 0.052324377680596 0.341753909399999
      vertex -0.008696934972658 0.050324513031375 0.341743987302520
   endloop
endfacet
facet normal -0.066777840947874 0.953003641388237 0.295507663960009
   outer loop
      vertex 0.314087773286646 0.183830629142361 0.081677830020048
      vertex 0.318099300872879 0.188833515448072 0.066450178542653
      vertex 0.304485280779411 0.184021349895970 0.078892821743106
   endloop
endfacet
facet normal -0.298758230869700 -0.946922318934944 -0.118666091999678
   outer loop
      vertex 0.121706012182183 0.332872761753347 -0.295325328230001
      vertex 0.107438433084508 0.338032219903734 -0.300575769832129
      vertex 0.125419591289573 0.332864667848834 -0.304610188015305
   endloop
endfacet
facet normal -0.979376690404777 0.018375079748626 -0.201205503741866
   outer loop
      vertex 0.311494863495098 0.192028451879452 0.049206163413850
      vertex 0.311459301667846 0.190028838990189 0.049196647662082
      vertex 0.308299927896026 0.185021627218260 0.064117755966460
   endloop
endfacet
facet normal 0.701103627918165 -0.016576886362008 0.712866684421798
   outer loop
      vertex -0.200560279904019 0.439175966533041 -0.232422679506362
      vertex -0.211262463628501 0.443491981752892 -0.221796729247708
      vertex -0.200577237777418 0.437176337935238 -0.232452500495244
   endloop
endfacet
facet normal -0.166749421531899 -0.969389960611542 0.180215800318200
   outer loop
      vertex -0.246680107626663 0.448455841722832 -0.211606958485263
      vertex -0.262277057724663 0.448812447238711 -0.224120248638124
      vertex -0.251395258708110 0.444499754367428 -0.237249771561243
   endloop
endfacet
facet normal -0.036902900287309 0.955164561408811 0.293766636259293
   outer loop
      vertex 0.327826649949699 0.188646181137385 0.068761569728438
      vertex 0.350846217919520 0.193292855568880 0.056544900165070
      vertex 0.331188421590596 0.193660462684615 0.052880239667969
   endloop
endfacet
facet normal -0.955080008563938 0.019393311928119 -0.295712828084896
   outer loop
      vertex 0.304448918686874 0.182021742232381 0.078881306104300
      vertex 0.299806098513919 0.175029905802544 0.093417942521298
      vertex 0.299879523005200 0.179029112860064 0.093443073680532
   endloop
endfacet
facet normal -0.047150722694267 0.959923605706558 0.276267045730629
   outer loop
      vertex 0.347281352099571 0.188271311510341 0.073384449981319
      vertex 0.350846217919520 0.193292855568880 0.056544900165070
      vertex 0.327826649949699 0.188646181137385 0.068761569728438
   endloop
endfacet
facet normal -0.998289463259615 0.017195052612789 -0.055879134840059
   outer loop
      vertex 0.316538887696871 0.207096374768722 0.003781729097271
      vertex 0.316504826542286 0.205096743177976 0.003774912980997
      vertex 0.315566554369134 0.200066271755769 0.018989321825885
   endloop
endfacet
facet normal -0.988047968306754 0.018026024686355 -0.153089107250985
   outer loop
      vertex 0.313918540610540 0.197043265185858 0.034150483617442
      vertex 0.313883378915930 0.195043649683757 0.034141967809193
      vertex 0.311459301667846 0.190028838990189 0.049196647662082
   endloop
endfacet
facet normal -0.052653479913738 0.952848113630430 0.298844580683512
   outer loop
      vertex 0.318099300872879 0.188833515448072 0.066450178542653
      vertex 0.321359522442951 0.193844315701643 0.051047959944904
      vertex 0.308371949787360 0.189020950789766 0.064138688419004
   endloop
endfacet
facet normal -0.998986667805123 0.016351886923820 0.041931531591953
   outer loop
      vertex 0.316172321044607 0.217180852427838 -0.026688867528575
      vertex 0.316139361559067 0.215181147932676 -0.026694284570062
      vertex 0.316695996377161 0.210134997735220 -0.011465056938796
   endloop
endfacet
facet normal -0.999835158607403 0.016751068160891 -0.007004093658635
   outer loop
      vertex 0.316729456110842 0.212134694776751 -0.011458940042868
      vertex 0.316695996377161 0.210134997735220 -0.011465056938796
      vertex 0.316504826542286 0.205096743177976 0.003774912980997
   endloop
endfacet
facet normal -0.022898918807080 0.955021110440202 0.295652360266293
   outer loop
      vertex 0.331188421590596 0.193660462684615 0.052880239667969
      vertex 0.353581550360876 0.198322914613524 0.039553907426192
      vertex 0.333767676323135 0.198682898644565 0.036856453425858
   endloop
endfacet
facet normal -0.995751992674495 0.015799533230128 0.090710219019043
   outer loop
      vertex 0.314868683846682 0.222234794874070 -0.041871452129426
      vertex 0.314836524748770 0.220235078890745 -0.041876169422622
      vertex 0.316139361559067 0.215181147932676 -0.026694284570062
   endloop
endfacet
facet normal -0.034001004136165 0.959786575692526 0.278664064490110
   outer loop
      vertex 0.350846217919520 0.193292855568880 0.056544900165070
      vertex 0.353581550360876 0.198322914613524 0.039553907426192
      vertex 0.331188421590596 0.193660462684615 0.052880239667969
   endloop
endfacet
facet normal -0.982128489217573 0.014806752775818 0.187628331387994
   outer loop
      vertex 0.310035915846712 0.232365542080816 -0.071948792702420
      vertex 0.310005057299901 0.230365811381063 -0.071952510370558
      vertex 0.312790088544732 0.225296688777844 -0.056974411096870
   endloop
endfacet
facet normal -0.038395340394794 0.952695432705821 0.301491642234799
   outer loop
      vertex 0.321359522442951 0.193844315701643 0.051047959944904
      vertex 0.323860637347071 0.198862988118931 0.035507777479620
      vertex 0.311530525281428 0.194028067812704 0.049215579171034
   endloop
endfacet
facet normal -0.959092398301922 0.013681545446288 0.282762421183701
   outer loop
      vertex 0.302276792162476 0.242525399214846 -0.101400971473797
      vertex 0.302247434503596 0.240525638835366 -0.101403789722936
      vertex 0.306488036975168 0.235442215484185 -0.086774269063897
   endloop
endfacet
facet normal -0.926852355659644 0.012491073414323 0.375218181719820
   outer loop
      vertex 0.291666379107764 0.252711800006709 -0.129941435446547
      vertex 0.291638522070328 0.250712023325263 -0.129943674153171
      vertex 0.297293459204975 0.245615717002904 -0.115805366365276
   endloop
endfacet
facet normal 0.174481496480261 0.961760256520421 -0.211124172855180
   outer loop
      vertex -0.240072486338492 0.456390105218092 -0.186944195542579
      vertex -0.231041960604320 0.452098506776256 -0.199031059588940
      vertex -0.256266073784324 0.456752787125465 -0.198675056548065
   endloop
endfacet
facet normal -0.008816679019112 0.954876925429318 0.296870886840942
   outer loop
      vertex 0.333767676323135 0.198682898644565 0.036856453425858
      vertex 0.355480643419434 0.203361727450893 0.022451977967651
      vertex 0.335558209523868 0.203713663139619 0.020728316281651
   endloop
endfacet
facet normal -0.885703435517322 0.011271934382818 0.464114606329173
   outer loop
      vertex 0.278309569942214 0.262921118441317 -0.157290039489180
      vertex 0.278283113689698 0.260921316219280 -0.157291958744267
      vertex 0.285296435894550 0.255814054277521 -0.143783889385499
   endloop
endfacet
facet normal -0.091266455631024 -0.951329643128639 -0.294350716291444
   outer loop
      vertex 0.319788610154691 0.230218728895821 -0.074016150084765
      vertex 0.306488036975168 0.235442215484185 -0.086774269063897
      vertex 0.316158656188422 0.235300694267972 -0.089315352777434
   endloop
endfacet
facet normal -0.020744041446305 0.959647007747742 0.280441268834099
   outer loop
      vertex 0.353581550360876 0.198322914613524 0.039553907426192
      vertex 0.355480643419434 0.203361727450893 0.022451977967651
      vertex 0.333767676323135 0.198682898644565 0.036856453425858
   endloop
endfacet
facet normal -0.907366695064088 0.011891216504344 0.420171726391152
   outer loop
      vertex 0.285323592433798 0.257813849044899 -0.143781840350142
      vertex 0.285296435894550 0.255814054277521 -0.143783889385499
      vertex 0.291638522070328 0.250712023325263 -0.129943674153171
   endloop
endfacet
facet normal -0.808199480946637 0.009244856895331 0.588836251956833
   outer loop
      vertex 0.253417751909976 0.278272803736508 -0.195503783460371
      vertex 0.253393496818577 0.276272964977728 -0.195505676565859
      vertex 0.262312488044132 0.271150885881066 -0.183183614289286
   endloop
endfacet
facet normal 0.277914524737135 0.958184945618503 0.068155168037349
   outer loop
      vertex 0.093099301780118 0.346529269749259 -0.304972322249844
      vertex 0.083153421991615 0.351061088219809 -0.328128538068683
      vertex 0.078525065444756 0.351019555736222 -0.308671711114128
   endloop
endfacet
facet normal -0.024007626928326 0.952543366076906 0.303454724122310
   outer loop
      vertex 0.323860637347071 0.198862988118931 0.035507777479620
      vertex 0.325597042576790 0.203889631449635 0.019866535435777
      vertex 0.313953700317617 0.199042980662622 0.034159000482244
   endloop
endfacet
facet normal -0.861922965482409 0.010588993490889 0.506928668345814
   outer loop
      vertex 0.270641318488017 0.268033435045972 -0.170433746490348
      vertex 0.270615662489780 0.266033627990727 -0.170435595961981
      vertex 0.278283113689698 0.260921316219280 -0.157291958744267
   endloop
endfacet
facet normal -0.678024423713501 0.006363509335360 0.735011827521784
   outer loop
      vertex 0.223162194930483 0.291666700029487 -0.229627162749709
      vertex 0.212028967894599 0.298806325982957 -0.239959014071187
      vertex 0.212007313816610 0.296806462026635 -0.239961675036250
   endloop
endfacet
facet normal 0.005311453108547 0.954736572634185 0.297405220768913
   outer loop
      vertex 0.335558209523868 0.203713663139619 0.020728316281651
      vertex 0.356539097635304 0.208409226579439 0.005279814279499
      vertex 0.336556022558326 0.208752650932414 0.004534230113525
   endloop
endfacet
facet normal 0.092112300970270 -0.007962510777210 0.995716788264658
   outer loop
      vertex -0.011177158362647 0.375817291999351 -0.315603162329906
      vertex -0.026166577448737 0.380257731558491 -0.314181003994562
      vertex -0.011188710968991 0.373817453380002 -0.315618085849909
   endloop
endfacet
facet normal -0.641190050935466 0.005606306200032 0.767361640891807
   outer loop
      vertex 0.212007313816610 0.296806462026635 -0.239961675036250
      vertex 0.200378212836680 0.303949957632376 -0.249730879116672
      vertex 0.200357158989807 0.301950087987541 -0.249733860286746
   endloop
endfacet
facet normal 0.259350786784908 -0.964520526260976 -0.049369259821269
   outer loop
      vertex 0.043016314828335 0.064460011268660 0.340002563407104
      vertex 0.056931266060545 0.069328144230914 0.317993713761633
      vertex 0.060124648149025 0.069176283831907 0.337736335641112
   endloop
endfacet
facet normal 0.938470085177175 -0.018972462764575 0.344839012996200
   outer loop
      vertex -0.280928341990956 0.481994165805293 -0.106446360248719
      vertex -0.275824310525695 0.475744220135032 -0.120680705901235
      vertex -0.275795368753741 0.477743771823076 -0.120649458181718
   endloop
endfacet
facet normal -0.007411602333497 0.959510093320107 0.281576719505876
   outer loop
      vertex 0.355480643419434 0.203361727450893 0.022451977967651
      vertex 0.356539097635304 0.208409226579439 0.005279814279499
      vertex 0.335558209523868 0.203713663139619 0.020728316281651
   endloop
endfacet
facet normal -0.778390098875229 0.008540432766145 0.627722801068416
   outer loop
      vertex 0.243903550454503 0.283399581781454 -0.207370379692204
      vertex 0.243879995400921 0.281399748069010 -0.207372379898537
      vertex 0.253393496818577 0.276272964977728 -0.195505676565859
   endloop
endfacet
facet normal -0.009538902658285 0.952391441981334 0.304728650731746
   outer loop
      vertex 0.325597042576790 0.203889631449635 0.019866535435777
      vertex 0.326564535308090 0.208924349106525 0.004161437871972
      vertex 0.315635875629713 0.204065599759650 0.019004754589903
   endloop
endfacet
facet normal -0.713238127005006 0.007063402051895 0.700886212261194
   outer loop
      vertex 0.223184349349427 0.293666551782493 -0.229624772034544
      vertex 0.223162194930483 0.291666700029487 -0.229627162749709
      vertex 0.233794892036653 0.286531050379082 -0.218755326502979
   endloop
endfacet
facet normal -0.193419165557653 -0.965557820225344 0.174031957400540
   outer loop
      vertex -0.211298781138460 0.439492789293294 -0.221857550099069
      vertex -0.225591435086856 0.439835261493740 -0.235842317754994
      vertex -0.214182353425390 0.435511225679601 -0.247152720567999
   endloop
endfacet
facet normal -0.151037397770195 -0.003323173334501 0.988522463575713
   outer loop
      vertex 0.063770880355282 0.353503164952315 -0.311662019677500
      vertex 0.048901956972016 0.357979928664904 -0.313918808486920
      vertex 0.063755828099182 0.351503274420939 -0.311671042675769
   endloop
endfacet
facet normal 0.019451400278339 0.954597233017438 0.297263798237631
   outer loop
      vertex 0.336556022558326 0.208752650932414 0.004534230113525
      vertex 0.356754310431615 0.213465519183423 -0.011921779677611
      vertex 0.336758613336822 0.213799945503386 -0.011687301517930
   endloop
endfacet
facet normal -0.184531273168326 -0.965700317596076 0.182677600755304
   outer loop
      vertex -0.221469685051757 0.443800050264574 -0.210719426180552
      vertex -0.236432476880005 0.444149902269436 -0.223984603870610
      vertex -0.225591435086856 0.439835261493740 -0.235842317754994
   endloop
endfacet
facet normal 0.005963088428653 0.959373533977876 0.282075989547485
   outer loop
      vertex 0.356539097635304 0.208409226579439 0.005279814279499
      vertex 0.356754310431615 0.213465519183423 -0.011921779677611
      vertex 0.336556022558326 0.208752650932414 0.004534230113525
   endloop
endfacet
facet normal -0.602795489389760 0.004862100546620 0.797880917148439
   outer loop
      vertex 0.200357158989807 0.301950087987541 -0.249733860286746
      vertex 0.188260195638321 0.309097151425066 -0.258916614914869
      vertex 0.188239642033852 0.307097274526609 -0.258919956287555
   endloop
endfacet
facet normal 0.004973373063295 0.952240902193894 0.305307271039083
   outer loop
      vertex 0.326564535308090 0.208924349106525 0.004161437871972
      vertex 0.326760814570211 0.213967170182827 -0.011570112329727
      vertex 0.316573047859100 0.209096057278103 0.003788645736074
   endloop
endfacet
facet normal -0.899849141457249 0.018644849780005 -0.435802583970463
   outer loop
      vertex -0.306379019987552 0.470250400323127 -0.151313971913336
      vertex -0.298982721264009 0.467978211903279 -0.166683127385244
      vertex -0.299008771727317 0.465978623070867 -0.166714886137646
   endloop
endfacet
facet normal -0.521733973839723 0.003339017780454 0.853101700561939
   outer loop
      vertex 0.175684075597855 0.312247678472306 -0.267497561617823
      vertex 0.162740526653988 0.319400799347871 -0.275441483918527
      vertex 0.162720873546443 0.317400906328024 -0.275445675699580
   endloop
endfacet
facet normal 0.248130788269192 0.964331031652331 -0.092177943702715
   outer loop
      vertex -0.113019237532908 0.408710551531354 -0.290460127267122
      vertex -0.120865701058495 0.408971306143485 -0.308853848666175
      vertex -0.135402728121987 0.413361750654258 -0.302054414062251
   endloop
endfacet
facet normal 0.253704904515886 0.966509751873100 0.038635747162230
   outer loop
      vertex 0.051622588251368 0.360061453075289 -0.333724101804860
      vertex 0.054329167241740 0.360143098455580 -0.353539518272642
      vertex 0.037418910683760 0.364651595776190 -0.355281211037109
   endloop
endfacet
facet normal -0.968379443510961 0.018772479551815 -0.248774692034536
   outer loop
      vertex 0.308371949787360 0.189020950789766 0.064138688419004
      vertex 0.308335887847221 0.187021338525693 0.064128172723883
      vertex 0.304448918686874 0.182021742232381 0.078881306104300
   endloop
endfacet
facet normal 0.184542464765774 0.965695769743058 -0.182690336357824
   outer loop
      vertex -0.236393779628564 0.448149131471577 -0.223922783079016
      vertex -0.225555117576897 0.443834453953338 -0.235781496903632
      vertex -0.251356561456670 0.448498983569568 -0.237187950769649
   endloop
endfacet
facet normal 0.507296061397145 -0.014216657817967 0.861654566941667
   outer loop
      vertex -0.139994065844788 0.415458311690170 -0.277037629027184
      vertex -0.152953797550042 0.419819462461226 -0.269335677347639
      vertex -0.140006721674220 0.413458623375024 -0.277063171318653
   endloop
endfacet
facet normal 0.019349256695633 0.959238989201688 0.281932913759018
   outer loop
      vertex 0.336758613336822 0.213799945503386 -0.011687301517930
      vertex 0.356754310431615 0.213465519183423 -0.011921779677611
      vertex 0.356125783053949 0.218530541071840 -0.029111702182016
   endloop
endfacet
facet normal 0.852944879403731 -0.018812054915305 0.521661901320021
   outer loop
      vertex -0.256330449003838 0.462952290550019 -0.161536599020595
      vertex -0.256355089758400 0.460952730377213 -0.161568417771988
      vertex -0.248547179438775 0.456675344499755 -0.174489015436745
   endloop
endfacet
facet normal -0.390919854697769 0.001012452458621 0.920424164254228
   outer loop
      vertex 0.135698624622072 0.327713982557225 -0.289376752287342
      vertex 0.121724664817364 0.334872668722042 -0.295319606004410
      vertex 0.121706012182183 0.332872761753347 -0.295325328230001
   endloop
endfacet
facet normal -0.118860011725494 -0.951130016968159 -0.284998225318622
   outer loop
      vertex 0.306668686220609 0.245485882386844 -0.119282006324029
      vertex 0.300831890688837 0.250588312195973 -0.133876176378739
      vertex 0.316043813255999 0.245356045783139 -0.122758646282616
   endloop
endfacet
facet normal -0.506617634937293 0.014234149339178 -0.862053339975627
   outer loop
      vertex -0.159216755907645 0.416028548576611 -0.312109164191181
      vertex -0.159229511713088 0.414028858062552 -0.312134686483601
      vertex -0.173888523141593 0.418412430109688 -0.303447393282234
   endloop
endfacet
facet normal -0.999834718719069 0.016800677576041 -0.006947839732361
   outer loop
      vertex 0.316763016002353 0.214134384864802 -0.011452923247178
      vertex 0.316729456110842 0.212134694776751 -0.011458940042868
      vertex 0.316538887696871 0.207096374768722 0.003781729097271
   endloop
endfacet
facet normal -0.150977149661714 -0.003373094260783 0.988531497988371
   outer loop
      vertex 0.063785932632548 0.355503054427350 -0.311652896684812
      vertex 0.048916009260997 0.359979807694998 -0.313908685337079
      vertex 0.063770880355282 0.353503164952315 -0.311662019677500
   endloop
endfacet
facet normal -0.700546724588790 0.016611754466271 -0.713413159593703
   outer loop
      vertex -0.227753355357845 0.437845474780795 -0.261793317605654
      vertex -0.227770413209371 0.435845844089712 -0.261823128594927
      vertex -0.239884069037087 0.440177733986081 -0.249827075411510
   endloop
endfacet
facet normal 0.019501147420739 0.952092378758406 0.305188151079682
   outer loop
      vertex 0.316763016002353 0.214134384864802 -0.011452923247178
      vertex 0.326760814570211 0.213967170182827 -0.011570112329727
      vertex 0.326185381265413 0.219018047464566 -0.027290513463608
   endloop
endfacet
facet normal -0.968405284865127 0.019042059160968 -0.248653582777732
   outer loop
      vertex 0.308371949787360 0.189020950789766 0.064138688419004
      vertex 0.304448918686874 0.182021742232381 0.078881306104300
      vertex 0.304485280779411 0.184021349895970 0.078892821743106
   endloop
endfacet
facet normal -0.982124249990217 0.014766735659854 0.187653673289668
   outer loop
      vertex 0.310066674193359 0.234365281846731 -0.071945174922880
      vertex 0.310035915846712 0.232365542080816 -0.071948792702420
      vertex 0.312821647456592 0.227296408114472 -0.056970193669114
   endloop
endfacet
facet normal 0.047644192736374 0.954324485918144 0.294948820095232
   outer loop
      vertex 0.336165481801926 0.218855548003598 -0.027897576334470
      vertex 0.354654817187295 0.223604223841436 -0.046248851937664
      vertex 0.334777830186488 0.223919361294340 -0.044057693445356
   endloop
endfacet
facet normal 0.032718208150208 0.959106530254935 0.281147972565658
   outer loop
      vertex 0.336165481801926 0.218855548003598 -0.027897576334470
      vertex 0.356125783053949 0.218530541071840 -0.029111702182016
      vertex 0.354654817187295 0.223604223841436 -0.046248851937664
   endloop
endfacet
facet normal 0.824406030014460 -0.017536684643877 0.565727109450748
   outer loop
      vertex 0.299563514898692 0.152097501706450 0.183443874250897
      vertex 0.289745479580615 0.147288756921955 0.197602145870716
      vertex 0.299531353201958 0.150097915577610 0.183428757749506
   endloop
endfacet
facet normal -0.979386066787811 0.018413883890057 -0.201156310022793
   outer loop
      vertex 0.311530525281428 0.194028067812704 0.049215579171034
      vertex 0.311494863495098 0.192028451879452 0.049206163413850
      vertex 0.308335887847221 0.187021338525693 0.064128172723883
   endloop
endfacet
facet normal -0.734658987583187 0.016989273897609 -0.678223810062489
   outer loop
      vertex -0.251395258708110 0.444499754367428 -0.237249771561243
      vertex -0.239865901277849 0.442177380401977 -0.249796664457569
      vertex -0.239884069037087 0.440177733986081 -0.249827075411510
   endloop
endfacet
facet normal -0.907358241645170 0.011845729824599 0.420191265977184
   outer loop
      vertex 0.285350648992804 0.259813641824631 -0.143779791314618
      vertex 0.285323592433798 0.257813849044899 -0.143781840350142
      vertex 0.291666379107764 0.252711800006709 -0.129941435446547
   endloop
endfacet
facet normal 0.256629497014699 0.964043478344648 -0.069003428343343
   outer loop
      vertex -0.084883254393941 0.399929180438312 -0.301196153215686
      vertex -0.090890521358036 0.400163051678526 -0.320270275866215
      vertex -0.106016531526599 0.404571825672738 -0.314930404441492
   endloop
endfacet
facet normal 0.283467284206900 -0.011695728926488 0.958910584313909
   outer loop
      vertex -0.070468731809214 0.393525517733959 -0.305535391035587
      vertex -0.084883254393941 0.399929180438312 -0.301196153215686
      vertex -0.084894308411384 0.397929417250385 -0.301217276390453
   endloop
endfacet
facet normal 0.129821172721469 0.962275159995637 -0.239108719139627
   outer loop
      vertex -0.269970441394862 0.473486486507370 -0.134583530356963
      vertex -0.263468427394658 0.469222541377365 -0.148213269211139
      vertex -0.288147238564006 0.473867962849323 -0.142917178431366
   endloop
endfacet
facet normal -0.994361096493531 0.017638098498132 -0.104570106921398
   outer loop
      vertex 0.315635875629713 0.204065599759650 0.019004754589903
      vertex 0.315601215993190 0.202065885770377 0.018997037679617
      vertex 0.313918540610540 0.197043265185858 0.034150483617442
   endloop
endfacet
facet normal 0.852987705545230 -0.018807207916706 0.521592046640918
   outer loop
      vertex -0.256305818247301 0.464951850524061 -0.161504780269186
      vertex -0.256330449003838 0.462952290550019 -0.161536599020595
      vertex -0.248523928422310 0.458674877678096 -0.174457256679696
   endloop
endfacet
facet normal 0.140361824637913 -0.009352198319595 0.990056106779261
   outer loop
      vertex -0.026177830169592 0.378257901580715 -0.314197127553737
      vertex -0.041069809112921 0.384689659681989 -0.312025112857260
      vertex -0.041080862127285 0.382689846355605 -0.312042436349786
   endloop
endfacet
facet normal 0.157852481822777 0.969414235363696 -0.187932525808097
   outer loop
      vertex -0.282003190468194 0.461410869278144 -0.196264918106931
      vertex -0.256266073784324 0.456752787125465 -0.198675056548065
      vertex -0.272459671228605 0.457115468855202 -0.210405919553423
   endloop
endfacet
facet normal -0.255504812235214 -0.950018861180946 -0.179391901503682
   outer loop
      vertex 0.194101615361792 0.307050550608230 -0.267021462826383
      vertex 0.181140816792021 0.312208582457430 -0.275877387341410
      vertex 0.199963488707369 0.307003824807840 -0.275122979364486
   endloop
endfacet
facet normal -0.042530035603315 0.007062226407893 -0.999070228277144
   outer loop
      vertex 0.003430452124950 0.373644260358144 -0.356270078790331
      vertex 0.003418399693796 0.371644408065591 -0.356283702276410
      vertex -0.013577473139676 0.376127926379507 -0.355528501413849
   endloop
endfacet
facet normal -0.836044297320194 0.009928216304282 0.548572113253489
   outer loop
      vertex 0.262362399120434 0.275150532360588 -0.183179934708648
      vertex 0.262337443582283 0.273150709120827 -0.183181774498967
      vertex 0.270641318488017 0.268033435045972 -0.170433746490348
   endloop
endfacet
facet normal -0.419945274483909 0.013097748376960 -0.907454910960367
   outer loop
      vertex -0.128723720158811 0.407232370748147 -0.327270882482994
      vertex -0.128735475717314 0.405232677927363 -0.327294304894288
      vertex -0.144166226341842 0.409635583045150 -0.320089826885621
   endloop
endfacet
facet normal 0.046039505842203 0.958976241726766 0.279722955270769
   outer loop
      vertex 0.334777830186488 0.223919361294340 -0.044057693445356
      vertex 0.354654817187295 0.223604223841436 -0.046248851937664
      vertex 0.352344616568663 0.228686414771940 -0.063291928930686
   endloop
endfacet
facet normal -0.998986882127150 0.016301920935794 0.041945878363430
   outer loop
      vertex 0.316205180549902 0.219180554935356 -0.026683450486924
      vertex 0.316172321044607 0.217180852427838 -0.026688867528575
      vertex 0.316729456110842 0.212134694776751 -0.011458940042868
   endloop
endfacet
facet normal 0.548627562253987 -0.015372022706552 0.835925534275127
   outer loop
      vertex -0.152967153454966 0.417819770901615 -0.269362229581571
      vertex -0.165522884445369 0.424172231861762 -0.261004941793059
      vertex -0.165537040389097 0.422172534224968 -0.261032423973753
   endloop
endfacet
facet normal -0.677998499386567 0.006363196810272 0.735035743726737
   outer loop
      vertex 0.223184349349427 0.293666551782493 -0.229624772034544
      vertex 0.212050621972588 0.300806189939279 -0.239956353106124
      vertex 0.212028967894599 0.298806325982957 -0.239959014071187
   endloop
endfacet
facet normal 0.938371732861954 -0.019584277901492 0.345072379399931
   outer loop
      vertex -0.280928341990956 0.481994165805293 -0.106446360248719
      vertex -0.280989146759267 0.477995095068814 -0.106507974675471
      vertex -0.275824310525695 0.475744220135032 -0.120680705901235
   endloop
endfacet
facet normal -0.990123746407281 0.015282223260986 0.139360756501290
   outer loop
      vertex 0.312853106189455 0.229296135460921 -0.056965976135537
      vertex 0.312821647456592 0.227296408114472 -0.056970193669114
      vertex 0.314868683846682 0.222234794874070 -0.041871452129426
   endloop
endfacet
facet normal 0.229567987414743 0.960874038620278 -0.154982647609016
   outer loop
      vertex -0.177655053207320 0.430515760742146 -0.252037343945494
      vertex -0.165508726514109 0.426171829523893 -0.260977460668918
      vertex -0.189737461204171 0.430832446727581 -0.267970990603741
   endloop
endfacet
facet normal -0.047644816783319 -0.954317005139063 -0.294972922716806
   outer loop
      vertex 0.336099762791335 0.214856142988563 -0.027908410417774
      vertex 0.324774918378889 0.220077502649743 -0.042971698724228
      vertex 0.334713411790499 0.219919938393853 -0.044067227920346
   endloop
endfacet
facet normal 0.025220012218582 -0.949744443875070 -0.312008721532154
   outer loop
      vertex 0.323790315924218 0.194863658196408 0.035490644812151
      vertex 0.313883378915930 0.195043649683757 0.034141967809193
      vertex 0.315566554369134 0.200066271755769 0.018989321825885
   endloop
endfacet
facet normal -0.562918890301551 0.004094120278421 0.826502003095465
   outer loop
      vertex 0.188260195638321 0.309097151425066 -0.258916614914869
      vertex 0.175724282361029 0.316247445813907 -0.267490068493547
      vertex 0.175704228968506 0.314247563189746 -0.267493820055489
   endloop
endfacet
facet normal 0.217697250828653 0.965050073375438 -0.145898124935545
   outer loop
      vertex -0.177655053207320 0.430515760742146 -0.252037343945494
      vertex -0.189737461204171 0.430832446727581 -0.267970990603741
      vertex -0.202199451349454 0.435176532974370 -0.257831588487471
   endloop
endfacet
facet normal 0.265360698779276 0.962713781375753 0.052591583856866
   outer loop
      vertex 0.063785932632548 0.355503054427350 -0.311652896684812
      vertex 0.067457896227439 0.355564896065203 -0.331312517989824
      vertex 0.051622588251368 0.360061453075289 -0.333724101804860
   endloop
endfacet
facet normal -0.959082196669382 0.013679934471030 0.282797099392305
   outer loop
      vertex 0.302306149823474 0.244525159488691 -0.101398143225216
      vertex 0.302276792162476 0.242525399214846 -0.101400971473797
      vertex 0.306518094977931 0.237441965556882 -0.086771051049557
   endloop
endfacet
facet normal -0.390879320674261 0.001021321153036 0.920441368894472
   outer loop
      vertex 0.135717577479079 0.329713881303804 -0.289371580242861
      vertex 0.121743317647067 0.336872565904539 -0.295313903883358
      vertex 0.121724664817364 0.334872668722042 -0.295319606004410
   endloop
endfacet
facet normal 0.043430699316209 -0.007065226138504 0.999031459432843
   outer loop
      vertex 0.003861029975846 0.371368883487805 -0.316288374033318
      vertex -0.011177158362647 0.375817291999351 -0.315603162329906
      vertex 0.003849077524937 0.369369033182897 -0.316301997519563
   endloop
endfacet
facet normal -0.926836628354053 0.012490636440860 0.375257043028634
   outer loop
      vertex 0.291694235946447 0.254711586685622 -0.129939196634267
      vertex 0.291666379107764 0.252711800006709 -0.129941435446547
      vertex 0.297322116539023 0.247615486738458 -0.115802857886361
   endloop
endfacet
facet normal -0.998294178939276 0.017517656080311 -0.055694380519121
   outer loop
      vertex 0.316573047859100 0.209096057278103 0.003788645736074
      vertex 0.315601215993190 0.202065885770377 0.018997037679617
      vertex 0.315635875629713 0.204065599759650 0.019004754589903
   endloop
endfacet
facet normal 0.075463505614770 0.954121468446042 0.289754176450830
   outer loop
      vertex 0.319850227026983 0.234218200417830 -0.074008914631504
      vertex 0.329633779661853 0.234071128986396 -0.076072654234475
      vertex 0.325889491366281 0.239158676241141 -0.091850100456876
   endloop
endfacet
facet normal -0.861901247893205 0.010588515333888 0.506965602603530
   outer loop
      vertex 0.270666974287502 0.270033252098684 -0.170431896913061
      vertex 0.270641318488017 0.268033435045972 -0.170433746490348
      vertex 0.278309569942214 0.262921118441317 -0.157290039489180
   endloop
endfacet
facet normal -0.808184725876814 0.009204125894471 0.588857141355982
   outer loop
      vertex 0.253441907220095 0.280272630499614 -0.195501889460428
      vertex 0.253417751909976 0.278272803736508 -0.195503783460371
      vertex 0.262337443582283 0.273150709120827 -0.183181774498967
   endloop
endfacet
facet normal -0.979408812227027 0.018720238244123 -0.201017241081773
   outer loop
      vertex 0.311530525281428 0.194028067812704 0.049215579171034
      vertex 0.308335887847221 0.187021338525693 0.064128172723883
      vertex 0.308371949787360 0.189020950789766 0.064138688419004
   endloop
endfacet
facet normal 0.247536087371549 -0.957193431112124 -0.150022067991958
   outer loop
      vertex 0.164272129123864 0.102547463766600 0.281538568234740
      vertex 0.159442708704796 0.102670815953689 0.272783004766076
      vertex 0.173112865335127 0.107441833229967 0.264897969408409
   endloop
endfacet
facet normal 0.250606501789365 0.960403626301643 -0.121742580256669
   outer loop
      vertex -0.139981310032995 0.417458001887326 -0.277012076736439
      vertex -0.126663439333580 0.413088440705526 -0.284067927000762
      vertex -0.149592705055604 0.417743119389541 -0.294547849318076
   endloop
endfacet
facet normal -0.713199489250214 0.007098576021301 0.700925173432731
   outer loop
      vertex 0.223206603748616 0.295666405523145 -0.229622381319544
      vertex 0.223184349349427 0.293666551782493 -0.229624772034544
      vertex 0.233817746668249 0.288530898374626 -0.218753155988007
   endloop
endfacet
facet normal 0.036905291648463 -0.955154856490282 -0.293797888983856
   outer loop
      vertex 0.327754628058366 0.184646857565880 0.068740637275895
      vertex 0.321288200815491 0.189844985973161 0.051028927385147
      vertex 0.331117199964547 0.189661133887435 0.052861307102465
   endloop
endfacet
facet normal -0.968396381277285 0.019040314595767 -0.248688389654914
   outer loop
      vertex 0.308335887847221 0.187021338525693 0.064128172723883
      vertex 0.304412558581870 0.180022034594126 0.078869789408940
      vertex 0.304448918686874 0.182021742232381 0.078881306104300
   endloop
endfacet
facet normal 0.091220378622614 0.951390692359789 0.294167627408436
   outer loop
      vertex 0.306548252960940 0.239441717617225 -0.086767833035383
      vertex 0.316218772193949 0.239300194413367 -0.089308916748754
      vertex 0.311840526968588 0.244389392329022 -0.104410613629912
   endloop
endfacet
facet normal 0.165826054069071 0.965857701004091 -0.199049293399834
   outer loop
      vertex -0.265251933936173 0.461042640025036 -0.185345204015012
      vertex -0.240072486338492 0.456390105218092 -0.186944195542579
      vertex -0.256266073784324 0.456752787125465 -0.198675056548065
   endloop
endfacet
facet normal 0.275064194795276 -0.954748588865537 -0.113114193631445
   outer loop
      vertex 0.116348521310499 0.088387899280953 0.292298039133321
      vertex 0.112856150475564 0.088491808320180 0.282928452999299
      vertex 0.127077887161232 0.093254407585528 0.277312938646084
   endloop
endfacet
facet normal 0.098225900082082 0.958486858006893 0.267683797756120
   outer loop
      vertex 0.321374904312455 0.244253615171887 -0.107423084140265
      vertex 0.340443658805671 0.243982070643815 -0.113448005056430
      vertex 0.334851381789769 0.249095922361205 -0.129706939134630
   endloop
endfacet
facet normal -0.994365990085688 0.017930083405983 -0.104473871709456
   outer loop
      vertex 0.315601215993190 0.202065885770377 0.018997037679617
      vertex 0.313883378915930 0.195043649683757 0.034141967809193
      vertex 0.313918540610540 0.197043265185858 0.034150483617442
   endloop
endfacet
facet normal 0.121862795803655 0.948250925713908 0.293205799536150
   outer loop
      vertex 0.302306149823474 0.244525159488691 -0.101398143225216
      vertex 0.306725900707590 0.249485429973408 -0.119276999259819
      vertex 0.297350773870953 0.249615256579647 -0.115800359406888
   endloop
endfacet
facet normal 0.231223518501863 0.964817923888963 -0.125148145148900
   outer loop
      vertex -0.163401026513479 0.422115485876603 -0.286351731962809
      vertex -0.149592705055604 0.417743119389541 -0.294547849318076
      vertex -0.173861711364201 0.422411815850358 -0.303394348811187
   endloop
endfacet
facet normal -0.435579312844080 0.001795522973260 0.900148564582276
   outer loop
      vertex 0.149400704000825 0.324556405702507 -0.282740066903064
      vertex 0.135736530338202 0.331713779944748 -0.289366398198938
      vertex 0.135717577479079 0.329713881303804 -0.289371580242861
   endloop
endfacet
facet normal 0.206153965823447 0.950372222942964 0.233008970285943
   outer loop
      vertex 0.261404271757337 0.280181992461407 -0.201550830893771
      vertex 0.259238932013517 0.285232237148851 -0.220233454524638
      vertex 0.251583068652605 0.285315832261113 -0.213800911952789
   endloop
endfacet
facet normal 0.284870236623263 0.949863806780738 0.128870853392885
   outer loop
      vertex 0.154027623027221 0.326532629742186 -0.291610585702218
      vertex 0.144067778104490 0.331681980728647 -0.307548392401757
      vertex 0.139902154212880 0.331697880759234 -0.298457435298114
   endloop
endfacet
facet normal -0.998978241056615 0.016586708579204 0.042039921431177
   outer loop
      vertex 0.316172321044607 0.217180852427838 -0.026688867528575
      vertex 0.316695996377161 0.210134997735220 -0.011465056938796
      vertex 0.316729456110842 0.212134694776751 -0.011458940042868
   endloop
endfacet
facet normal 0.141993457001192 0.953478048086479 0.265927565299367
   outer loop
      vertex 0.310080973181349 0.254464164532678 -0.137804211084844
      vertex 0.321308158697153 0.259343983225402 -0.161295521129759
      vertex 0.303329453934477 0.259578808520106 -0.152537656275099
   endloop
endfacet
facet normal 0.206879272617596 0.968639652337698 -0.137616098187374
   outer loop
      vertex -0.189737461204171 0.430832446727581 -0.267970990603741
      vertex -0.201819771208309 0.431149234675326 -0.283904636205599
      vertex -0.215050196039676 0.435502572806201 -0.273152149486717
   endloop
endfacet
facet normal 0.252123853082270 0.966395532091933 0.050132207807945
   outer loop
      vertex 0.067457896227439 0.355564896065203 -0.331312517989824
      vertex 0.071129959802574 0.355626739690702 -0.350972139295003
      vertex 0.054329167241740 0.360143098455580 -0.353539518272642
   endloop
endfacet
facet normal 0.246673273042996 0.950081915660598 0.191040963934292
   outer loop
      vertex 0.218679146628813 0.300744429563153 -0.247443446438718
      vertex 0.212904969237363 0.305841262633012 -0.265335282933587
      vertex 0.206652167941636 0.305895546398820 -0.257531590435421
   endloop
endfacet
facet normal 0.210134910120056 0.965190908946663 -0.155723565447075
   outer loop
      vertex -0.189348808627007 0.434850591129558 -0.242511026431506
      vertex -0.202199451349454 0.435176532974370 -0.257831588487471
      vertex -0.214148237722338 0.439510487061766 -0.247093098589452
   endloop
endfacet
facet normal -0.995730764333360 0.016165628839693 0.090878586060306
   outer loop
      vertex 0.314868683846682 0.222234794874070 -0.041871452129426
      vertex 0.316139361559067 0.215181147932676 -0.026694284570062
      vertex 0.316172321044607 0.217180852427838 -0.026688867528575
   endloop
endfacet
facet normal 0.138569510686860 0.969646548591817 -0.201454862219756
   outer loop
      vertex -0.298956668815285 0.469977700866662 -0.166651379688839
      vertex -0.273574354304318 0.465325046661623 -0.171586555632809
      vertex -0.290842880363312 0.465698242997949 -0.181668330996449
   endloop
endfacet
facet normal 0.163834110060249 0.961896599752252 -0.218891104812009
   outer loop
      vertex -0.248500677403728 0.460674410750802 -0.174425487923205
      vertex -0.240072486338492 0.456390105218092 -0.186944195542579
      vertex -0.265251933936173 0.461042640025036 -0.185345204015012
   endloop
endfacet
facet normal 0.227417083765318 0.950215766523830 0.213005791144769
   outer loop
      vertex 0.241171557273871 0.290454324989989 -0.225551664042466
      vertex 0.237182989843604 0.295528115422684 -0.243927348904157
      vertex 0.230194846785174 0.295597261519554 -0.236774870111655
   endloop
endfacet
facet normal -0.982098295996416 0.015103158420497 0.187762700253971
   outer loop
      vertex 0.310035915846712 0.232365542080816 -0.071948792702420
      vertex 0.312790088544732 0.225296688777844 -0.056974411096870
      vertex 0.312821647456592 0.227296408114472 -0.056970193669114
   endloop
endfacet
facet normal 0.194827531496161 0.950459597558989 0.242216404025653
   outer loop
      vertex 0.270611958603558 0.275052974179998 -0.188830743808935
      vertex 0.269366736474423 0.280091346371126 -0.207599768433158
      vertex 0.261404271757337 0.280181992461407 -0.201550830893771
   endloop
endfacet
facet normal 0.145541204522718 0.950860011715945 0.273281898239947
   outer loop
      vertex 0.300887604564956 0.254587875556333 -0.133871698859834
      vertex 0.303329453934477 0.259578808520106 -0.152537656275099
      vertex 0.294340051462582 0.259696225225185 -0.148158728794579
   endloop
endfacet
facet normal -0.971738210438710 0.014557211347076 0.235611837502215
   outer loop
      vertex 0.306518094977931 0.237441965556882 -0.086771051049557
      vertex 0.310005057299901 0.230365811381063 -0.071952510370558
      vertex 0.310035915846712 0.232365542080816 -0.071948792702420
   endloop
endfacet
facet normal 0.154446398677209 0.953408921364692 0.259148101667473
   outer loop
      vertex 0.287099654745331 0.264809973660565 -0.162102935913945
      vertex 0.295863383276177 0.264699028645421 -0.166917751593962
      vertex 0.287700869280294 0.269824601557856 -0.180910121314877
   endloop
endfacet
facet normal -0.944054636874088 0.013394891413571 0.329516948699993
   outer loop
      vertex 0.297322116539023 0.247615486738458 -0.115802857886361
      vertex 0.302247434503596 0.240525638835366 -0.101403789722936
      vertex 0.302276792162476 0.242525399214846 -0.101400971473797
   endloop
endfacet
facet normal 0.767478170179073 -0.017336963506135 0.640840610444570
   outer loop
      vertex -0.231041960604320 0.452098506776256 -0.199031059588940
      vertex -0.221450327421779 0.445799715051742 -0.210688515256494
      vertex -0.221430967804268 0.447799279864244 -0.210657605388991
   endloop
endfacet
facet normal 0.105191881473195 0.951210778036334 0.290056414891381
   outer loop
      vertex 0.316218772193949 0.239300194413367 -0.089308916748754
      vertex 0.321374904312455 0.244253615171887 -0.107423084140265
      vertex 0.311840526968588 0.244389392329022 -0.104410613629912
   endloop
endfacet
facet normal -0.926792705824330 0.012810394256751 0.375354731194112
   outer loop
      vertex 0.291666379107764 0.252711800006709 -0.129941435446547
      vertex 0.297293459204975 0.245615717002904 -0.115805366365276
      vertex 0.297322116539023 0.247615486738458 -0.115802857886361
   endloop
endfacet
facet normal 0.178481899248074 0.953180774050383 0.244111907987944
   outer loop
      vertex 0.287700869280294 0.269824601557856 -0.180910121314877
      vertex 0.295360936791734 0.274760315757083 -0.205783186003799
      vertex 0.278861618065867 0.274955418039871 -0.194481557909108
   endloop
endfacet
facet normal 0.253532703625771 0.967132760509228 -0.019375028825977
   outer loop
      vertex -0.028331711945656 0.382429838825864 -0.334044609557692
      vertex -0.030508099163429 0.382602116115462 -0.353924338679998
      vertex -0.047354063586794 0.387066715863445 -0.351505876554483
   endloop
endfacet
facet normal -0.235537923102931 0.010911605476363 -0.971803901847634
   outer loop
      vertex -0.064072144756991 0.389521065049200 -0.348282631694922
      vertex -0.080610373912594 0.391964590627933 -0.344246793881613
      vertex -0.080599520329557 0.393964373570479 -0.344226970528297
   endloop
endfacet
facet normal 0.330147087328003 -0.011747497059714 0.943856396408727
   outer loop
      vertex -0.084894308411384 0.397929417250385 -0.301217276390453
      vertex -0.099092762361789 0.402324431107281 -0.296196164443042
      vertex -0.084905362208908 0.395929643008651 -0.301238299676457
   endloop
endfacet
facet normal 0.128462899791181 0.969756416598188 -0.207532589835626
   outer loop
      vertex -0.306324035737383 0.474249439402545 -0.151250846504653
      vertex -0.281212542113251 0.469600071286881 -0.157432329977995
      vertex -0.298956668815285 0.469977700866662 -0.166651379688839
   endloop
endfacet
facet normal 0.268300900814462 -0.960013508788473 -0.079929278526659
   outer loop
      vertex 0.072941235729571 0.074061803052920 0.315073265622441
      vertex 0.086230793443712 0.078888898038375 0.301705497167538
      vertex 0.088787808273019 0.078798659141475 0.311372542290231
   endloop
endfacet
facet normal 0.091263185757051 0.951336037401019 0.294331063375242
   outer loop
      vertex 0.319850227026983 0.234218200417830 -0.074008914631504
      vertex 0.325889491366281 0.239158676241141 -0.091850100456876
      vertex 0.316218772193949 0.239300194413367 -0.089308916748754
   endloop
endfacet
facet normal -0.907309276548230 0.012168382450020 0.420287767081172
   outer loop
      vertex 0.285323592433798 0.257813849044899 -0.143781840350142
      vertex 0.291638522070328 0.250712023325263 -0.129943674153171
      vertex 0.291666379107764 0.252711800006709 -0.129941435446547
   endloop
endfacet
facet normal 0.170880524317776 0.950679140136568 0.258861003084816
   outer loop
      vertex 0.270666974287502 0.270033252098684 -0.170431896913061
      vertex 0.279183921784955 0.269928926775453 -0.175671004114248
      vertex 0.270611958603558 0.275052974179998 -0.188830743808935
   endloop
endfacet
facet normal 0.077147117780558 0.951466819839184 0.297924844488108
   outer loop
      vertex 0.322726083814190 0.229143704776955 -0.058547464360904
      vertex 0.329633779661853 0.234071128986396 -0.076072654234475
      vertex 0.319850227026983 0.234218200417830 -0.074008914631504
   endloop
endfacet
facet normal 0.169925719553458 0.957869823710978 0.231539738831458
   outer loop
      vertex 0.278861618065867 0.274955418039871 -0.194481557909108
      vertex 0.295360936791734 0.274760315757083 -0.205783186003799
      vertex 0.285291565529575 0.279910072261232 -0.219697649300122
   endloop
endfacet
facet normal -0.861842590359639 0.010915054781218 0.507058390149804
   outer loop
      vertex 0.270641318488017 0.268033435045972 -0.170433746490348
      vertex 0.278283113689698 0.260921316219280 -0.157291958744267
      vertex 0.278309569942214 0.262921118441317 -0.157290039489180
   endloop
endfacet
facet normal 0.268201670910222 0.963324142871105 -0.008628990822543
   outer loop
      vertex -0.012365763056025 0.377972443338215 -0.335550958401911
      vertex 0.003651767276558 0.373506497541080 -0.336272364671576
      vertex -0.013565920554499 0.378127766055197 -0.355513677888265
   endloop
endfacet
facet normal 0.055200746153120 0.005856093470380 -0.998458103173791
   outer loop
      vertex 0.037405658401409 0.362651724272087 -0.355292434338191
      vertex 0.020413896437831 0.365152351381319 -0.356217174224446
      vertex 0.020426448714962 0.367152216290735 -0.356204750777872
   endloop
endfacet
facet normal -0.009562374281361 0.952309702474189 0.304983264412368
   outer loop
      vertex 0.323860637347071 0.198862988118931 0.035507777479620
      vertex 0.335558209523868 0.203713663139619 0.020728316281651
      vertex 0.325597042576790 0.203889631449635 0.019866535435777
   endloop
endfacet
facet normal 0.048496319023939 0.951736684309305 0.303060044844348
   outer loop
      vertex 0.326185381265413 0.219018047464566 -0.027290513463608
      vertex 0.334777830186488 0.223919361294340 -0.044057693445356
      vertex 0.324839336576125 0.224076935547697 -0.042962164143583
   endloop
endfacet
facet normal -0.835988435890519 0.010217686558222 0.548651924209440
   outer loop
      vertex 0.262337443582283 0.273150709120827 -0.183181774498967
      vertex 0.270615662489780 0.266033627990727 -0.170435595961981
      vertex 0.270641318488017 0.268033435045972 -0.170433746490348
   endloop
endfacet
facet normal -0.282882788898718 0.011056673620429 -0.959090755723010
   outer loop
      vertex -0.080588566766275 0.395964158500670 -0.344207147175145
      vertex -0.080599520329557 0.393964373570479 -0.344226970528297
      vertex -0.096908942099899 0.398397146689360 -0.339365421802583
   endloop
endfacet
facet normal -0.038437262245566 0.952604210764090 0.301774409958153
   outer loop
      vertex 0.318099300872879 0.188833515448072 0.066450178542653
      vertex 0.331188421590596 0.193660462684615 0.052880239667969
      vertex 0.321359522442951 0.193844315701643 0.051047959944904
   endloop
endfacet
facet normal 0.189860769894464 0.953114529786007 0.235638666533912
   outer loop
      vertex 0.261404271757337 0.280181992461407 -0.201550830893771
      vertex 0.269366736474423 0.280091346371126 -0.207599768433158
      vertex 0.259238932013517 0.285232237148851 -0.220233454524638
   endloop
endfacet
facet normal -0.078022130495887 0.955700832327920 0.283810616856740
   outer loop
      vertex 0.337697527638949 0.178253730055492 0.106450604283918
      vertex 0.323690167801170 0.183639806426444 0.084462837240602
      vertex 0.299879523005200 0.179029112860064 0.093443073680532
   endloop
endfacet
facet normal -0.069313097483446 0.950130469708801 0.304052273545492
   outer loop
      vertex 0.299879523005200 0.179029112860064 0.093443073680532
      vertex 0.314087773286646 0.183830629142361 0.081677830020048
      vertex 0.304485280779411 0.184021349895970 0.078892821743106
   endloop
endfacet
facet normal 0.004962071711438 0.952163462822347 0.305548879740193
   outer loop
      vertex 0.325597042576790 0.203889631449635 0.019866535435777
      vertex 0.336556022558326 0.208752650932414 0.004534230113525
      vertex 0.326564535308090 0.208924349106525 0.004161437871972
   endloop
endfacet
facet normal 0.033560389792259 0.954529218452198 0.296222334333569
   outer loop
      vertex 0.326185381265413 0.219018047464566 -0.027290513463608
      vertex 0.336165481801926 0.218855548003598 -0.027897576334470
      vertex 0.334777830186488 0.223919361294340 -0.044057693445356
   endloop
endfacet
facet normal 0.286110806035992 0.947006270606908 0.146012773758431
   outer loop
      vertex 0.162760179960287 0.321400682370252 -0.275437292243128
      vertex 0.154027623027221 0.326532629742186 -0.291610585702218
      vertex 0.149419957090239 0.326556295698798 -0.282735395042482
   endloop
endfacet
facet normal 0.064200352255626 0.948780274451475 0.309344962108708
   outer loop
      vertex 0.314900842965761 0.224234509801053 -0.041866634841810
      vertex 0.322726083814190 0.229143704776955 -0.058547464360904
      vertex 0.312853106189455 0.229296135460921 -0.056965976135537
   endloop
endfacet
facet normal -0.005273960402900 -0.006178565687076 0.999967004789518
   outer loop
      vertex 0.018923923101699 0.368912849413500 -0.316222902780077
      vertex 0.003873182188492 0.373368747765469 -0.316274750441750
      vertex 0.018911270844323 0.366912982516438 -0.316235326226485
   endloop
endfacet
facet normal 0.059281108412721 0.958848759988675 0.277659513889836
   outer loop
      vertex 0.332598861279682 0.228991280115164 -0.060128952480283
      vertex 0.352344616568663 0.228686414771940 -0.063291928930686
      vertex 0.349200785370023 0.233776963084608 -0.080200033657142
   endloop
endfacet
facet normal 0.085404746952132 0.958603753633335 0.271633710570179
   outer loop
      vertex 0.325889491366281 0.239158676241141 -0.091850100456876
      vertex 0.345230630011298 0.238875621823603 -0.096932267989441
      vertex 0.340443658805671 0.243982070643815 -0.113448005056430
   endloop
endfacet
facet normal 0.089181156880383 0.953992701842882 0.286259752825986
   outer loop
      vertex 0.316218772193949 0.239300194413367 -0.089308916748754
      vertex 0.325889491366281 0.239158676241141 -0.091850100456876
      vertex 0.321374904312455 0.244253615171887 -0.107423084140265
   endloop
endfacet
facet normal 0.105144760972619 0.951261180293389 0.289908168403097
   outer loop
      vertex 0.302306149823474 0.244525159488691 -0.101398143225216
      vertex 0.311840526968588 0.244389392329022 -0.104410613629912
      vertex 0.306725900707590 0.249485429973408 -0.119276999259819
   endloop
endfacet
facet normal 0.033573018584458 0.954459637648116 0.296445024454374
   outer loop
      vertex 0.336758613336822 0.213799945503386 -0.011687301517930
      vertex 0.356125783053949 0.218530541071840 -0.029111702182016
      vertex 0.336165481801926 0.218855548003598 -0.027897576334470
   endloop
endfacet
facet normal 0.129182639469626 0.953586369972564 0.272001618859537
   outer loop
      vertex 0.316101027740862 0.249355593475336 -0.122753649217848
      vertex 0.328467610438124 0.254216740286454 -0.145669215535812
      vertex 0.310080973181349 0.254464164532678 -0.137804211084844
   endloop
endfacet
facet normal 0.123238400657909 0.958263996965579 0.257958153045866
   outer loop
      vertex 0.310080973181349 0.254464164532678 -0.137804211084844
      vertex 0.328467610438124 0.254216740286454 -0.145669215535812
      vertex 0.321308158697153 0.259343983225402 -0.161295521129759
   endloop
endfacet
facet normal -0.235619032491978 0.010340481728920 -0.971790484603116
   outer loop
      vertex -0.064072144756991 0.389521065049200 -0.348282631694922
      vertex -0.064083098066274 0.387521267442906 -0.348301255115052
      vertex -0.080610373912594 0.391964590627933 -0.344246793881613
   endloop
endfacet
facet normal 0.129128709958220 0.953629668220137 0.271875398215575
   outer loop
      vertex 0.300887604564956 0.254587875556333 -0.133871698859834
      vertex 0.310080973181349 0.254464164532678 -0.137804211084844
      vertex 0.303329453934477 0.259578808520106 -0.152537656275099
   endloop
endfacet
facet normal 0.149285199835770 0.948012885748697 0.281043586591872
   outer loop
      vertex 0.291694235946447 0.254711586685622 -0.129939196634267
      vertex 0.294340051462582 0.259696225225185 -0.148158728794579
      vertex 0.285350648992804 0.259813641824631 -0.143779791314618
   endloop
endfacet
facet normal 0.034014442029133 0.951945924094905 0.304371443030623
   outer loop
      vertex 0.316205180549902 0.219180554935356 -0.026683450486924
      vertex 0.326185381265413 0.219018047464566 -0.027290513463608
      vertex 0.324839336576125 0.224076935547697 -0.042962164143583
   endloop
endfacet
facet normal 0.154499911523984 0.953373748779513 0.259245583332060
   outer loop
      vertex 0.303329453934477 0.259578808520106 -0.152537656275099
      vertex 0.313390840538740 0.264477128512034 -0.176547373060209
      vertex 0.295863383276177 0.264699028645421 -0.166917751593962
   endloop
endfacet
facet normal 0.061630814994786 0.954192468593744 0.292777006477720
   outer loop
      vertex 0.334777830186488 0.223919361294340 -0.044057693445356
      vertex 0.352344616568663 0.228686414771940 -0.063291928930686
      vertex 0.332598861279682 0.228991280115164 -0.060128952480283
   endloop
endfacet
facet normal 0.734985247236289 -0.017594545989858 0.677854791453467
   outer loop
      vertex -0.221430967804268 0.447799279864244 -0.210657605388991
      vertex -0.221450327421779 0.445799715051742 -0.210688515256494
      vertex -0.211280621389714 0.441492335535760 -0.221827140201665
   endloop
endfacet
facet normal 0.735111351607714 -0.016983476867613 0.677733621897989
   outer loop
      vertex -0.221450327421779 0.445799715051742 -0.210688515256494
      vertex -0.211298781138460 0.439492789293294 -0.221857550099069
      vertex -0.211280621389714 0.441492335535760 -0.221827140201665
   endloop
endfacet
facet normal -0.246679355027863 -0.950079360375126 -0.191045818567772
   outer loop
      vertex 0.218635838472836 0.296744701650509 -0.247448768368844
      vertex 0.200357158989807 0.301950087987541 -0.249733860286746
      vertex 0.206609960291496 0.301895803921809 -0.257537552788081
   endloop
endfacet
facet normal 0.141939880044514 0.953516692495906 0.265817583287143
   outer loop
      vertex 0.294340051462582 0.259696225225185 -0.148158728794579
      vertex 0.303329453934477 0.259578808520106 -0.152537656275099
      vertex 0.295863383276177 0.264699028645421 -0.166917751593962
   endloop
endfacet
facet normal 0.048475015161971 0.951802291974732 0.302857342484369
   outer loop
      vertex 0.314900842965761 0.224234509801053 -0.041866634841810
      vertex 0.324839336576125 0.224076935547697 -0.042962164143583
      vertex 0.322726083814190 0.229143704776955 -0.058547464360904
   endloop
endfacet
facet normal 0.145490992251713 0.950897778872595 0.273177204958206
   outer loop
      vertex 0.285350648992804 0.259813641824631 -0.143779791314618
      vertex 0.294340051462582 0.259696225225185 -0.148158728794579
      vertex 0.287099654745331 0.264809973660565 -0.162102935913945
   endloop
endfacet
facet normal 0.075500757437013 0.954063662299183 0.289934758017571
   outer loop
      vertex 0.332598861279682 0.228991280115164 -0.060128952480283
      vertex 0.349200785370023 0.233776963084608 -0.080200033657142
      vertex 0.329633779661853 0.234071128986396 -0.076072654234475
   endloop
endfacet
facet normal -0.237314308741002 -0.950142918229728 -0.202263080676322
   outer loop
      vertex 0.230150337988913 0.291597553932617 -0.236779641542212
      vertex 0.212007313816610 0.296806462026635 -0.239961675036250
      vertex 0.218635838472836 0.296744701650509 -0.247448768368844
   endloop
endfacet
facet normal 0.062851712147913 0.951661979100651 0.300647866804854
   outer loop
      vertex 0.312853106189455 0.229296135460921 -0.056965976135537
      vertex 0.322726083814190 0.229143704776955 -0.058547464360904
      vertex 0.319850227026983 0.234218200417830 -0.074008914631504
   endloop
endfacet
facet normal 0.166672184676074 0.953274880492349 0.251967031727572
   outer loop
      vertex 0.295863383276177 0.264699028645421 -0.166917751593962
      vertex 0.304734764473109 0.269615940956182 -0.191388339822683
      vertex 0.287700869280294 0.269824601557856 -0.180910121314877
   endloop
endfacet
facet normal 0.078884543715946 0.948642144688853 0.306358140226208
   outer loop
      vertex 0.312853106189455 0.229296135460921 -0.056965976135537
      vertex 0.319850227026983 0.234218200417830 -0.074008914631504
      vertex 0.310066674193359 0.234365281846731 -0.071945174922880
   endloop
endfacet
facet normal 0.147212448941299 0.958057836664088 0.245873293554287
   outer loop
      vertex 0.295863383276177 0.264699028645421 -0.166917751593962
      vertex 0.313390840538740 0.264477128512034 -0.176547373060209
      vertex 0.304734764473109 0.269615940956182 -0.191388339822683
   endloop
endfacet
facet normal 0.089224211758627 0.953937792774841 0.286429271464905
   outer loop
      vertex 0.329633779661853 0.234071128986396 -0.076072654234475
      vertex 0.345230630011298 0.238875621823603 -0.096932267989441
      vertex 0.325889491366281 0.239158676241141 -0.091850100456876
   endloop
endfacet
facet normal -0.227424077017606 -0.950212554167970 -0.213012654774953
   outer loop
      vertex 0.241125848010680 0.286454628998902 -0.225556005072411
      vertex 0.223162194930483 0.291666700029487 -0.229627162749709
      vertex 0.230150337988913 0.291597553932617 -0.236779641542212
   endloop
endfacet
facet normal 0.158356438295778 0.950785991833865 0.266325432850054
   outer loop
      vertex 0.278335926214486 0.264920918675708 -0.157288120233928
      vertex 0.287099654745331 0.264809973660565 -0.162102935913945
      vertex 0.279183921784955 0.269928926775453 -0.175671004114248
   endloop
endfacet
facet normal 0.077112500785630 0.951523709819275 0.297752064433399
   outer loop
      vertex 0.310066674193359 0.234365281846731 -0.071945174922880
      vertex 0.319850227026983 0.234218200417830 -0.074008914631504
      vertex 0.316218772193949 0.239300194413367 -0.089308916748754
   endloop
endfacet
facet normal 0.420529409838208 -0.013667473945090 0.907175956260465
   outer loop
      vertex -0.113030891113050 0.406710760195381 -0.290483500737927
      vertex -0.126663439333580 0.413088440705526 -0.284067927000762
      vertex -0.126675595039542 0.411088751237020 -0.284092419351668
   endloop
endfacet
facet normal 0.175419646393191 0.947794073028163 0.266297470494884
   outer loop
      vertex 0.278335926214486 0.264920918675708 -0.157288120233928
      vertex 0.279183921784955 0.269928926775453 -0.175671004114248
      vertex 0.270666974287502 0.270033252098684 -0.170431896913061
   endloop
endfacet
facet normal 0.102766092526993 0.953816659110470 0.282263903165239
   outer loop
      vertex 0.325889491366281 0.239158676241141 -0.091850100456876
      vertex 0.340443658805671 0.243982070643815 -0.113448005056430
      vertex 0.321374904312455 0.244253615171887 -0.107423084140265
   endloop
endfacet
facet normal -0.217030405831935 -0.950287484450117 -0.223274494382800
   outer loop
      vertex 0.251535958742077 0.281316154944394 -0.213804922470552
      vertex 0.233794892036653 0.286531050379082 -0.218755326502979
      vertex 0.241125848010680 0.286454628998902 -0.225556005072411
   endloop
endfacet
facet normal 0.158741408653925 0.957960968056820 0.238981063806755
   outer loop
      vertex 0.287700869280294 0.269824601557856 -0.180910121314877
      vertex 0.304734764473109 0.269615940956182 -0.191388339822683
      vertex 0.295360936791734 0.274760315757083 -0.205783186003799
   endloop
endfacet
facet normal -0.641158328525204 0.005605920817942 0.767388149123082
   outer loop
      vertex 0.212028967894599 0.298806325982957 -0.239959014071187
      vertex 0.200399266665666 0.305949828176983 -0.249727897937089
      vertex 0.200378212836680 0.303949957632376 -0.249730879116672
   endloop
endfacet
facet normal 0.166621237896471 0.953305693353041 0.251884136266112
   outer loop
      vertex 0.279183921784955 0.269928926775453 -0.175671004114248
      vertex 0.287700869280294 0.269824601557856 -0.180910121314877
      vertex 0.278861618065867 0.274955418039871 -0.194481557909108
   endloop
endfacet
facet normal -0.521697863991524 0.003338730247027 0.853123784445738
   outer loop
      vertex 0.175704228968506 0.314247563189746 -0.267493820055489
      vertex 0.162760179960287 0.321400682370252 -0.275437292243128
      vertex 0.162740526653988 0.319400799347871 -0.275441483918527
   endloop
endfacet
facet normal -0.206158944517748 -0.950368821647120 -0.233018437975180
   outer loop
      vertex 0.261355961336064 0.276182328927167 -0.201554617999368
      vertex 0.243879995400921 0.281399748069010 -0.207372379898537
      vertex 0.251535958742077 0.281316154944394 -0.213804922470552
   endloop
endfacet
facet normal -0.199994990789254 -0.947612694926299 -0.249062610750235
   outer loop
      vertex 0.253393496818577 0.276272964977728 -0.195505676565859
      vertex 0.243879995400921 0.281399748069010 -0.207372379898537
      vertex 0.261355961336064 0.276182328927167 -0.201554617999368
   endloop
endfacet
facet normal 0.187929620622999 0.947692435232511 0.257995166419003
   outer loop
      vertex 0.270666974287502 0.270033252098684 -0.170431896913061
      vertex 0.270611958603558 0.275052974179998 -0.188830743808935
      vertex 0.262362399120434 0.275150532360588 -0.183179934708648
   endloop
endfacet
facet normal 0.116045672905150 0.953746424338765 0.277310583752246
   outer loop
      vertex 0.306725900707590 0.249485429973408 -0.119276999259819
      vertex 0.316101027740862 0.249355593475336 -0.122753649217848
      vertex 0.310080973181349 0.254464164532678 -0.137804211084844
   endloop
endfacet
facet normal -0.183041115194046 -0.950573108247750 -0.250812112994433
   outer loop
      vertex 0.270562147506866 0.271053329719812 -0.188834426389570
      vertex 0.261355961336064 0.276182328927167 -0.201554617999368
      vertex 0.278811806969177 0.270955773579685 -0.194485240489744
   endloop
endfacet
facet normal 0.271397404084789 0.949930089227487 0.154842741632591
   outer loop
      vertex 0.181181023597063 0.316208347693903 -0.275869884238823
      vertex 0.172836690468194 0.321337869069589 -0.292713142893425
      vertex 0.167798485205421 0.321369276660926 -0.284075212568639
   endloop
endfacet
facet normal -0.194835472842864 -0.950454927139113 -0.242228342683264
   outer loop
      vertex 0.270562147506866 0.271053329719812 -0.188834426389570
      vertex 0.253393496818577 0.276272964977728 -0.195505676565859
      vertex 0.261355961336064 0.276182328927167 -0.201554617999368
   endloop
endfacet
facet normal 0.918868698995493 -0.018742216069154 0.394118057621251
   outer loop
      vertex 0.331570029778023 0.171407139353616 0.122547276322738
      vertex 0.324732642727198 0.168567725367968 0.138353311882463
      vertex 0.324697781839030 0.166568071840258 0.138339495312992
   endloop
endfacet
facet normal 0.199729038975104 0.968774758825592 -0.146914184653823
   outer loop
      vertex -0.202199451349454 0.435176532974370 -0.257831588487471
      vertex -0.215050196039676 0.435502572806201 -0.273152149486717
      vertex -0.227736297506319 0.439845105471877 -0.261763506616380
   endloop
endfacet
facet normal -0.187894135469140 -0.947712708221303 -0.257946538127861
   outer loop
      vertex 0.262312488044132 0.271150885881066 -0.183183614289286
      vertex 0.253393496818577 0.276272964977728 -0.195505676565859
      vertex 0.270562147506866 0.271053329719812 -0.188834426389570
   endloop
endfacet
facet normal 0.178434673708575 0.953207604133018 0.244041657594572
   outer loop
      vertex 0.270611958603558 0.275052974179998 -0.188830743808935
      vertex 0.278861618065867 0.274955418039871 -0.194481557909108
      vertex 0.269366736474423 0.280091346371126 -0.207599768433158
   endloop
endfacet
facet normal 0.132311936184398 0.951014809679030 0.279400041722070
   outer loop
      vertex 0.291694235946447 0.254711586685622 -0.129939196634267
      vertex 0.300887604564956 0.254587875556333 -0.133871698859834
      vertex 0.294340051462582 0.259696225225185 -0.148158728794579
   endloop
endfacet
facet normal -0.170887195558311 -0.950674965260648 -0.258871931311374
   outer loop
      vertex 0.279132709967479 0.265929304655142 -0.175674703163334
      vertex 0.270562147506866 0.271053329719812 -0.188834426389570
      vertex 0.287649657464931 0.265824979331911 -0.180913810364521
   endloop
endfacet
facet normal 0.135370129907290 0.958158349780806 0.252205282803922
   outer loop
      vertex 0.303329453934477 0.259578808520106 -0.152537656275099
      vertex 0.321308158697153 0.259343983225402 -0.161295521129759
      vertex 0.313390840538740 0.264477128512034 -0.176547373060209
   endloop
endfacet
facet normal -0.183085658482545 -0.950547228872833 -0.250877674056881
   outer loop
      vertex 0.279132709967479 0.265929304655142 -0.175674703163334
      vertex 0.262312488044132 0.271150885881066 -0.183183614289286
      vertex 0.270562147506866 0.271053329719812 -0.188834426389570
   endloop
endfacet
facet normal -0.175381141981978 -0.947817875282404 -0.266238108339598
   outer loop
      vertex 0.270615662489780 0.266033627990727 -0.170435595961981
      vertex 0.262312488044132 0.271150885881066 -0.183183614289286
      vertex 0.279132709967479 0.265929304655142 -0.175674703163334
   endloop
endfacet
facet normal 0.162528816046160 0.947900780041708 0.273986304677724
   outer loop
      vertex 0.285350648992804 0.259813641824631 -0.143779791314618
      vertex 0.287099654745331 0.264809973660565 -0.162102935913945
      vertex 0.278335926214486 0.264920918675708 -0.157288120233928
   endloop
endfacet
facet normal 0.200910329477631 0.953008444665167 0.226737610259237
   outer loop
      vertex 0.269366736474423 0.280091346371126 -0.207599768433158
      vertex 0.274550858700063 0.285065050688350 -0.233098519669784
      vertex 0.259238932013517 0.285232237148851 -0.220233454524638
   endloop
endfacet
facet normal 0.170928529086896 0.950649224497077 0.258939162560042
   outer loop
      vertex 0.287099654745331 0.264809973660565 -0.162102935913945
      vertex 0.287700869280294 0.269824601557856 -0.180910121314877
      vertex 0.279183921784955 0.269928926775453 -0.175671004114248
   endloop
endfacet
facet normal 0.038391716954418 -0.952685525991666 -0.301523406446787
   outer loop
      vertex 0.331117199964547 0.189661133887435 0.052861307102465
      vertex 0.321288200815491 0.189844985973161 0.051028927385147
      vertex 0.323790315924218 0.194863658196408 0.035490644812151
   endloop
endfacet
facet normal 0.035194939313311 -0.005887894867541 0.999363121663373
   outer loop
      vertex 0.025853320280586 0.063745914794428 0.341450233714646
      vertex 0.008601265080734 0.059034204756305 0.342030045966947
      vertex 0.025834566720922 0.061746052883081 0.341439111684977
   endloop
endfacet
facet normal 0.548846886449586 -0.014763529481570 0.835792518171730
   outer loop
      vertex -0.152953797550042 0.419819462461226 -0.269335677347639
      vertex -0.165522884445369 0.424172231861762 -0.261004941793059
      vertex -0.152967153454966 0.417819770901615 -0.269362229581571
   endloop
endfacet
facet normal 0.084314719556862 -0.006593884646045 0.996417356709187
   outer loop
      vertex 0.043054424049495 0.068459635422802 0.340025906347493
      vertex 0.025853320280586 0.063745914794428 0.341450233714646
      vertex 0.043035370443264 0.066459772830228 0.340014284346231
   endloop
endfacet
facet normal -0.158364677948869 -0.950780938582632 -0.266338573259829
   outer loop
      vertex 0.287046842222660 0.260810371098503 -0.162106764424842
      vertex 0.279132709967479 0.265929304655142 -0.175674703163334
      vertex 0.295810570952260 0.260699416085893 -0.166921580210514
   endloop
endfacet
facet normal 0.132362984368023 0.950972446335227 0.279520029122038
   outer loop
      vertex 0.306725900707590 0.249485429973408 -0.119276999259819
      vertex 0.310080973181349 0.254464164532678 -0.137804211084844
      vertex 0.300887604564956 0.254587875556333 -0.133871698859834
   endloop
endfacet
facet normal -0.170935333480021 -0.950643842574097 -0.258954429087494
   outer loop
      vertex 0.287046842222660 0.260810371098503 -0.162106764424842
      vertex 0.270615662489780 0.266033627990727 -0.170435595961981
      vertex 0.279132709967479 0.265929304655142 -0.175674703163334
   endloop
endfacet
facet normal -0.102725091080809 -0.004357845830148 0.994700238686088
   outer loop
      vertex 0.048901956972016 0.357979928664904 -0.313918808486920
      vertex 0.033936850674590 0.362449906750280 -0.315444707821258
      vertex 0.048887804681624 0.355980048703506 -0.313929031631014
   endloop
endfacet
facet normal -0.162489200830844 -0.947928436216931 -0.273914109575752
   outer loop
      vertex 0.278283113689698 0.260921316219280 -0.157291958744267
      vertex 0.270615662489780 0.266033627990727 -0.170435595961981
      vertex 0.287046842222660 0.260810371098503 -0.162106764424842
   endloop
endfacet
facet normal 0.194790237445424 0.950480369165828 0.242164884379109
   outer loop
      vertex 0.253441907220095 0.280272630499614 -0.195501889460428
      vertex 0.261404271757337 0.280181992461407 -0.201550830893771
      vertex 0.251583068652605 0.285315832261113 -0.213800911952789
   endloop
endfacet
facet normal 0.062881911435673 0.951599875243646 0.300838067156525
   outer loop
      vertex 0.324839336576125 0.224076935547697 -0.042962164143583
      vertex 0.332598861279682 0.228991280115164 -0.060128952480283
      vertex 0.322726083814190 0.229143704776955 -0.058547464360904
   endloop
endfacet
facet normal 0.324441629875130 -0.010190829629289 0.945850821110515
   outer loop
      vertex 0.126847087540063 0.090076052881766 0.320421219376378
      vertex 0.110510907962861 0.085344901163145 0.325973809964268
      vertex 0.126825731850352 0.088076272012899 0.320406998580611
   endloop
endfacet
facet normal -0.145498496595197 -0.950893074293368 -0.273189583896321
   outer loop
      vertex 0.294285838167690 0.255696647569908 -0.148162816760364
      vertex 0.287046842222660 0.260810371098503 -0.162106764424842
      vertex 0.303275140659341 0.255579228877183 -0.152541744240717
   endloop
endfacet
facet normal 0.034026005627948 0.951876522188857 0.304587126199802
   outer loop
      vertex 0.326760814570211 0.213967170182827 -0.011570112329727
      vertex 0.336165481801926 0.218855548003598 -0.027897576334470
      vertex 0.326185381265413 0.219018047464566 -0.027290513463608
   endloop
endfacet
facet normal 0.140607564635888 -0.008773230383493 0.990026536611925
   outer loop
      vertex -0.026166577448737 0.380257731558491 -0.314181003994562
      vertex -0.041069809112921 0.384689659681989 -0.312025112857260
      vertex -0.026177830169592 0.378257901580715 -0.314197127553737
   endloop
endfacet
facet normal -0.158413677727924 -0.950746865016598 -0.266431051812331
   outer loop
      vertex 0.294285838167690 0.255696647569908 -0.148162816760364
      vertex 0.278283113689698 0.260921316219280 -0.157291958744267
      vertex 0.287046842222660 0.260810371098503 -0.162106764424842
   endloop
endfacet
facet normal -0.149243279684098 -0.948044419350350 -0.280959467553225
   outer loop
      vertex 0.285296435894550 0.255814054277521 -0.143783889385499
      vertex 0.278283113689698 0.260921316219280 -0.157291958744267
      vertex 0.294285838167690 0.255696647569908 -0.148162816760364
   endloop
endfacet
facet normal 0.191171904175252 0.957701055297517 0.215086010089057
   outer loop
      vertex 0.259238932013517 0.285232237148851 -0.220233454524638
      vertex 0.274550858700063 0.285065050688350 -0.233098519669784
      vertex 0.263164425392589 0.290225050957617 -0.245953709855857
   endloop
endfacet
facet normal 0.200024268486228 0.947597275283347 0.249097763723655
   outer loop
      vertex 0.262362399120434 0.275150532360588 -0.183179934708648
      vertex 0.261404271757337 0.280181992461407 -0.201550830893771
      vertex 0.253441907220095 0.280272630499614 -0.195501889460428
   endloop
endfacet
facet normal -0.132320145776685 -0.951009308772520 -0.279414877287611
   outer loop
      vertex 0.300831890688837 0.250588312195973 -0.133876176378739
      vertex 0.294285838167690 0.255696647569908 -0.148162816760364
      vertex 0.310025159324986 0.250464599184673 -0.137808688603582
   endloop
endfacet
facet normal -0.145548126613524 -0.950854199218816 -0.273298435171585
   outer loop
      vertex 0.300831890688837 0.250588312195973 -0.133876176378739
      vertex 0.285296435894550 0.255814054277521 -0.143783889385499
      vertex 0.294285838167690 0.255696647569908 -0.148162816760364
   endloop
endfacet
facet normal 0.123513806155414 0.966461390841201 -0.225159320709345
   outer loop
      vertex -0.288147238564006 0.473867962849323 -0.142917178431366
      vertex -0.281212542113251 0.469600071286881 -0.157432329977995
      vertex -0.306324035737383 0.474249439402545 -0.151250846504653
   endloop
endfacet
facet normal 0.222873696323176 0.947422070258307 0.229605610285788
   outer loop
      vertex 0.243927105309333 0.285399425491363 -0.207368379380215
      vertex 0.241171557273871 0.290454324989989 -0.225551664042466
      vertex 0.233840601299844 0.290530746370169 -0.218750985473034
   endloop
endfacet
facet normal 0.221578676097016 0.952857777454582 0.207279874188035
   outer loop
      vertex 0.248502513444535 0.290377893717977 -0.232352352716994
      vertex 0.251159475720084 0.295389837307334 -0.258232316383280
      vertex 0.237182989843604 0.295528115422684 -0.243927348904157
   endloop
endfacet
facet normal 0.066788152965760 -0.952992137422039 -0.295542431192539
   outer loop
      vertex 0.323617443637263 0.179640590042922 0.084439905957408
      vertex 0.314014951130027 0.179831310796531 0.081654897680467
      vertex 0.318027276994013 0.184834291851231 0.066429247146664
   endloop
endfacet
facet normal 0.211477561973947 0.952930101364486 0.217258976097711
   outer loop
      vertex 0.259238932013517 0.285232237148851 -0.220233454524638
      vertex 0.263164425392589 0.290225050957617 -0.245953709855857
      vertex 0.248502513444535 0.290377893717977 -0.232352352716994
   endloop
endfacet
facet normal -0.937089384111613 0.019061949532749 -0.348568685147315
   outer loop
      vertex 0.299806098513919 0.175029905802544 0.093417942521298
      vertex 0.294398345639840 0.170170298034111 0.107690349722952
      vertex 0.294434106223208 0.172169975788681 0.107703566324419
   endloop
endfacet
facet normal -0.277316648627538 0.009483891199070 -0.960731769122743
   outer loop
      vertex 0.098418387452303 0.087733068994103 0.287868269810599
      vertex 0.098397531769645 0.085733292781754 0.287854548986094
      vertex 0.083694136298708 0.080978807460100 0.292051771835953
   endloop
endfacet
facet normal -0.287089383969572 0.957862697192154 0.008873496477895
   outer loop
      vertex 0.008212133556360 0.059195443726671 0.312033257240468
      vertex 0.023991251739283 0.063929598466432 0.311508896945122
      vertex 0.008082522358913 0.059249225714772 0.302034294685520
   endloop
endfacet
facet normal 0.225594243544186 0.968227007872387 -0.107905970669887
   outer loop
      vertex -0.149592705055604 0.417743119389541 -0.294547849318076
      vertex -0.159204100082446 0.418028237103024 -0.312083641898596
      vertex -0.173861711364201 0.422411815850358 -0.303394348811187
   endloop
endfacet
facet normal 0.049395248287452 0.948922117452852 0.311619839637044
   outer loop
      vertex 0.316205180549902 0.219180554935356 -0.026683450486924
      vertex 0.324839336576125 0.224076935547697 -0.042962164143583
      vertex 0.314900842965761 0.224234509801053 -0.041866634841810
   endloop
endfacet
facet normal -0.295411343362553 0.955062850587553 0.024229932734299
   outer loop
      vertex 0.023991251739283 0.063929598466432 0.311508896945122
      vertex 0.023370595545208 0.063990827371761 0.301528418023753
      vertex 0.008082522358913 0.059249225714772 0.302034294685520
   endloop
endfacet
facet normal 0.271220403861277 0.952534824714917 0.138263878994654
   outer loop
      vertex 0.154027623027221 0.326532629742186 -0.291610585702218
      vertex 0.158635189193296 0.326508951272291 -0.300485726470234
      vertex 0.144067778104490 0.331681980728647 -0.307548392401757
   endloop
endfacet
facet normal -0.093376122053904 -0.948553647917618 -0.302534092049729
   outer loop
      vertex 0.306488036975168 0.235442215484185 -0.086774269063897
      vertex 0.302247434503596 0.240525638835366 -0.101403789722936
      vertex 0.316158656188422 0.235300694267972 -0.089315352777434
   endloop
endfacet
facet normal -0.181597833675995 0.008107394913070 -0.983339461707863
   outer loop
      vertex 0.068822086263812 0.078227700755537 0.295536953166912
      vertex 0.068802232561629 0.076227834937901 0.295524131233957
      vertex 0.053757239654726 0.071479765816376 0.298263412787291
   endloop
endfacet
facet normal 0.047621152670918 0.954390474438514 0.294738949104664
   outer loop
      vertex 0.324839336576125 0.224076935547697 -0.042962164143583
      vertex 0.334777830186488 0.223919361294340 -0.044057693445356
      vertex 0.332598861279682 0.228991280115164 -0.060128952480283
   endloop
endfacet
facet normal -0.132992819786543 0.007350630371319 -0.991089742716757
   outer loop
      vertex 0.053776693308932 0.073479630021481 0.298275634754399
      vertex 0.053757239654726 0.071479765816376 0.298263412787291
      vertex 0.038595070909268 0.066734285770173 0.300262805193827
   endloop
endfacet
facet normal 0.061600181598624 0.954254649583072 0.292580726255344
   outer loop
      vertex 0.322726083814190 0.229143704776955 -0.058547464360904
      vertex 0.332598861279682 0.228991280115164 -0.060128952480283
      vertex 0.329633779661853 0.234071128986396 -0.076072654234475
   endloop
endfacet
facet normal -0.293927545999766 0.955014059140180 0.039430249138857
   outer loop
      vertex 0.039724224896233 0.068665495366921 0.310212321717616
      vertex 0.038614124515498 0.068734148362747 0.300274427195089
      vertex 0.023370595545208 0.063990827371761 0.301528418023753
   endloop
endfacet
facet normal 0.072412433327898 0.958724471167866 0.274961502547954
   outer loop
      vertex 0.329633779661853 0.234071128986396 -0.076072654234475
      vertex 0.349200785370023 0.233776963084608 -0.080200033657142
      vertex 0.345230630011298 0.238875621823603 -0.096932267989441
   endloop
endfacet
facet normal 0.257774409975731 0.957246229814479 0.131270747189273
   outer loop
      vertex 0.158635189193296 0.326508951272291 -0.300485726470234
      vertex 0.167850321094074 0.326461616017581 -0.318236167786025
      vertex 0.152399025845379 0.331650182780155 -0.325730506597878
   endloop
endfacet
facet normal -0.034918383275872 0.005835384379585 -0.999373130916847
   outer loop
      vertex 0.023370595545208 0.063990827371761 0.301528418023753
      vertex 0.023351842006711 0.061990964404072 0.301517395988502
      vertex 0.008063970895436 0.057249260409660 0.302023871559893
   endloop
endfacet
facet normal 0.093412244343823 0.948506812088275 0.302669754069989
   outer loop
      vertex 0.310066674193359 0.234365281846731 -0.071945174922880
      vertex 0.316218772193949 0.239300194413367 -0.089308916748754
      vertex 0.306548252960940 0.239441717617225 -0.086767833035383
   endloop
endfacet
facet normal 0.875854401553923 -0.018053079414919 0.482237652617729
   outer loop
      vertex 0.317026263199875 0.159737310411578 0.153762923799666
      vertex 0.308675563942463 0.156913593683420 0.168824003910049
      vertex 0.308642504474562 0.154913886522082 0.168809186336851
   endloop
endfacet
facet normal -0.282948481952217 0.957661909413263 0.053139663339913
   outer loop
      vertex 0.056970075397412 0.073327769622473 0.318018256633880
      vertex 0.055373333369284 0.073403748815485 0.308146946222500
      vertex 0.039724224896233 0.068665495366921 0.310212321717616
   endloop
endfacet
facet normal 0.014320958566674 0.005078211885198 -0.999884554291035
   outer loop
      vertex 0.008082522358913 0.059249225714772 0.302034294685520
      vertex 0.008063970895436 0.057249260409660 0.302023871559893
      vertex -0.007231732124327 0.052509021313602 0.301780722421658
   endloop
endfacet
facet normal -0.284923539917395 0.957779029021921 0.038443568600822
   outer loop
      vertex 0.039724224896233 0.068665495366921 0.310212321717616
      vertex 0.055373333369284 0.073403748815485 0.308146946222500
      vertex 0.038614124515498 0.068734148362747 0.300274427195089
   endloop
endfacet
facet normal 0.107749013582552 0.948376967371510 0.298280535454805
   outer loop
      vertex 0.306548252960940 0.239441717617225 -0.086767833035383
      vertex 0.311840526968588 0.244389392329022 -0.104410613629912
      vertex 0.302306149823474 0.244525159488691 -0.101398143225216
   endloop
endfacet
facet normal -0.291689432799167 0.954958018341607 0.054520253102600
   outer loop
      vertex 0.055373333369284 0.073403748815485 0.308146946222500
      vertex 0.053776693308932 0.073479630021481 0.298275634754399
      vertex 0.038614124515498 0.068734148362747 0.300274427195089
   endloop
endfacet
facet normal 0.116096153971462 0.953699503171756 0.277450789660041
   outer loop
      vertex 0.321374904312455 0.244253615171887 -0.107423084140265
      vertex 0.334851381789769 0.249095922361205 -0.129706939134630
      vertex 0.316101027740862 0.249355593475336 -0.122753649217848
   endloop
endfacet
facet normal 0.112599690152285 0.003554286460745 -0.993634075917973
   outer loop
      vertex -0.022480297090387 0.049769643647708 0.300797657942875
      vertex -0.022498550346666 0.047769771604094 0.300788435806325
      vertex -0.037699470803671 0.043031226892805 0.299048900980889
   endloop
endfacet
facet normal 0.102718591693485 0.953867668251365 0.282108777575622
   outer loop
      vertex 0.311840526968588 0.244389392329022 -0.104410613629912
      vertex 0.321374904312455 0.244253615171887 -0.107423084140265
      vertex 0.316101027740862 0.249355593475336 -0.122753649217848
   endloop
endfacet
facet normal 0.152167297043144 0.003926069357097 -0.988346953093896
   outer loop
      vertex 0.071114907546474 0.353626849159326 -0.350981162293272
      vertex 0.054300962861120 0.356143329466621 -0.353559864672232
      vertex 0.054315115130346 0.358143210484361 -0.353549741522557
   endloop
endfacet
facet normal -0.280031718696776 0.957602554580716 0.067672623594902
   outer loop
      vertex 0.072980845120058 0.078061433782224 0.315098808437544
      vertex 0.070901465691935 0.078144567268880 0.305317880802228
      vertex 0.055373333369284 0.073403748815485 0.308146946222500
   endloop
endfacet
facet normal 0.161373538417173 0.002847971640039 -0.986889289716055
   outer loop
      vertex -0.037681419601245 0.045031200217502 0.299057624202235
      vertex -0.037699470803671 0.043031226892805 0.299048900980889
      vertex -0.052797681967458 0.038293173438578 0.296566408135272
   endloop
endfacet
facet normal -0.282727063030748 0.957729948329655 0.053091938206137
   outer loop
      vertex 0.055373333369284 0.073403748815485 0.308146946222500
      vertex 0.070901465691935 0.078144567268880 0.305317880802228
      vertex 0.053776693308932 0.073479630021481 0.298275634754399
   endloop
endfacet
facet normal 0.110847380960888 0.958373363570863 0.263122317814323
   outer loop
      vertex 0.316101027740862 0.249355593475336 -0.122753649217848
      vertex 0.334851381789769 0.249095922361205 -0.129706939134630
      vertex 0.328467610438124 0.254216740286454 -0.145669215535812
   endloop
endfacet
facet normal 0.118852907856540 0.951135890179007 0.284981586611194
   outer loop
      vertex 0.297350773870953 0.249615256579647 -0.115800359406888
      vertex 0.306725900707590 0.249485429973408 -0.119276999259819
      vertex 0.300887604564956 0.254587875556333 -0.133871698859834
   endloop
endfacet
facet normal 0.257731893406662 0.001246520065198 -0.966215668113876
   outer loop
      vertex -0.067738219118775 0.035555271781589 0.293354069618435
      vertex -0.067756372013813 0.033555382711466 0.293346647381248
      vertex -0.082538828654270 0.028817602010701 0.289397408713546
   endloop
endfacet
facet normal 0.260022358390834 0.963909891727452 -0.057149748615720
   outer loop
      vertex -0.075523172506104 0.395744730582410 -0.324861357428790
      vertex -0.059949885294987 0.391316527720404 -0.328693144585078
      vertex -0.080588566766275 0.395964158500670 -0.344207147175145
   endloop
endfacet
facet normal 0.135718774039149 0.948129672972038 0.287455279310099
   outer loop
      vertex 0.297350773870953 0.249615256579647 -0.115800359406888
      vertex 0.300887604564956 0.254587875556333 -0.133871698859834
      vertex 0.291694235946447 0.254711586685622 -0.129939196634267
   endloop
endfacet
facet normal -0.253411089096069 -0.947199235841628 -0.196459735172836
   outer loop
      vertex 0.200357158989807 0.301950087987541 -0.249733860286746
      vertex 0.188239642033852 0.307097274526609 -0.258919956287555
      vertex 0.206609960291496 0.301895803921809 -0.257537552788081
   endloop
endfacet
facet normal -0.237303214992412 -0.950147031788348 -0.202256772786617
   outer loop
      vertex 0.218635838472836 0.296744701650509 -0.247448768368844
      vertex 0.206609960291496 0.301895803921809 -0.257537552788081
      vertex 0.225264463089431 0.296682944261775 -0.254935861691039
   endloop
endfacet
facet normal 0.091940686336949 -0.008545356086031 0.995727817772133
   outer loop
      vertex -0.011177158362647 0.375817291999351 -0.315603162329906
      vertex -0.026155324727882 0.382257561536267 -0.314164880435386
      vertex -0.026166577448737 0.380257731558491 -0.314181003994562
   endloop
endfacet
facet normal -0.243760434643331 -0.947269479295988 -0.207993711676106
   outer loop
      vertex 0.212007313816610 0.296806462026635 -0.239961675036250
      vertex 0.200357158989807 0.301950087987541 -0.249733860286746
      vertex 0.218635838472836 0.296744701650509 -0.247448768368844
   endloop
endfacet
facet normal -0.227404097499960 -0.950221021842858 -0.212996211440822
   outer loop
      vertex 0.230150337988913 0.291597553932617 -0.236779641542212
      vertex 0.218635838472836 0.296744701650509 -0.247448768368844
      vertex 0.237138581025471 0.291528409929026 -0.243932130334322
   endloop
endfacet
facet normal 0.217497570544024 0.965119315027418 -0.145737828200008
   outer loop
      vertex -0.189737461204171 0.430832446727581 -0.267970990603741
      vertex -0.176793783449139 0.426478730378531 -0.277485591528713
      vertex -0.201819771208309 0.431149234675326 -0.283904636205599
   endloop
endfacet
facet normal -0.233568438037796 -0.947346667625627 -0.219043548389824
   outer loop
      vertex 0.223162194930483 0.291666700029487 -0.229627162749709
      vertex 0.212007313816610 0.296806462026635 -0.239961675036250
      vertex 0.230150337988913 0.291597553932617 -0.236779641542212
   endloop
endfacet
facet normal -0.268980991931947 -0.957211839170046 -0.106746058156748
   outer loop
      vertex 0.129133170589367 0.332856564263756 -0.313895077904590
      vertex 0.136560329188956 0.332840357093600 -0.332464857683159
      vertex 0.152361220111609 0.327650387274643 -0.325740850687006
   endloop
endfacet
facet normal -0.217003215688994 -0.950300942935015 -0.223243638739062
   outer loop
      vertex 0.241125848010680 0.286454628998902 -0.225556005072411
      vertex 0.230150337988913 0.291597553932617 -0.236779641542212
      vertex 0.248456804183461 0.286378197621256 -0.232356683747497
   endloop
endfacet
facet normal -0.222859467958411 -0.947429153485856 -0.229590192879333
   outer loop
      vertex 0.233794892036653 0.286531050379082 -0.218755326502979
      vertex 0.223162194930483 0.291666700029487 -0.229627162749709
      vertex 0.241125848010680 0.286454628998902 -0.225556005072411
   endloop
endfacet
facet normal -0.269407925695031 0.954580683840976 0.127259921461530
   outer loop
      vertex 0.131069890476746 0.097143462749317 0.286528989807612
      vertex 0.127121898431998 0.097253987768259 0.277342080196389
      vertex 0.112898961814066 0.092491373101899 0.282956794596250
   endloop
endfacet
facet normal -0.206125163426111 -0.950385975689177 -0.232978355681147
   outer loop
      vertex 0.251535958742077 0.281316154944394 -0.213804922470552
      vertex 0.241125848010680 0.286454628998902 -0.225556005072411
      vertex 0.259191922085349 0.281232561714143 -0.220237455043125
   endloop
endfacet
facet normal 0.202114521657043 0.965330053064312 -0.165189614643890
   outer loop
      vertex -0.200560279904019 0.439175966533041 -0.232422679506362
      vertex -0.214148237722338 0.439510487061766 -0.247093098589452
      vertex -0.225555117576897 0.443834453953338 -0.235781496903632
   endloop
endfacet
facet normal -0.211660111951868 -0.947518037657330 -0.239602932625051
   outer loop
      vertex 0.243879995400921 0.281399748069010 -0.207372379898537
      vertex 0.233794892036653 0.286531050379082 -0.218755326502979
      vertex 0.251535958742077 0.281316154944394 -0.213804922470552
   endloop
endfacet
facet normal 0.092210594622930 -0.007913221838565 0.995708083305253
   outer loop
      vertex -0.011165605777471 0.377817131675041 -0.315588338804322
      vertex -0.026155324727882 0.382257561536267 -0.314164880435386
      vertex -0.011177158362647 0.375817291999351 -0.315603162329906
   endloop
endfacet
facet normal -0.194795999700743 -0.950477233938687 -0.242172554730819
   outer loop
      vertex 0.261355961336064 0.276182328927167 -0.201554617999368
      vertex 0.251535958742077 0.281316154944394 -0.213804922470552
      vertex 0.269318325873518 0.276091690878397 -0.207603558432767
   endloop
endfacet
facet normal 0.464315857437537 -0.014249924327967 0.885555037357189
   outer loop
      vertex -0.126687750745504 0.409089061768512 -0.284116911702575
      vertex -0.139994065844788 0.415458311690170 -0.277037629027184
      vertex -0.140006721674220 0.413458623375024 -0.277063171318653
   endloop
endfacet
facet normal 0.134720674938478 0.966213273888121 -0.219732221366188
   outer loop
      vertex -0.288147238564006 0.473867962849323 -0.142917178431366
      vertex -0.263468427394658 0.469222541377365 -0.148213269211139
      vertex -0.281212542113251 0.469600071286881 -0.157432329977995
   endloop
endfacet
facet normal -0.254601104446010 0.957289798612144 0.137020141176372
   outer loop
      vertex 0.145447491393105 0.101904305029114 0.280019474003283
      vertex 0.159489521706268 0.106670337027041 0.272813545177036
      vertex 0.141053482928497 0.102021302359174 0.271037438603236
   endloop
endfacet
facet normal -0.415433543978827 0.011165451173877 -0.909555002865289
   outer loop
      vertex 0.141053482928497 0.102021302359174 0.271037438603236
      vertex 0.127099942797320 0.095254198142546 0.277327559418363
      vertex 0.127121898431998 0.097253987768259 0.277342080196389
   endloop
endfacet
facet normal 0.420768555752364 -0.013053826954169 0.907074098457188
   outer loop
      vertex -0.113019237532908 0.408710551531354 -0.290460127267122
      vertex -0.126663439333580 0.413088440705526 -0.284067927000762
      vertex -0.113030891113050 0.406710760195381 -0.290483500737927
   endloop
endfacet
facet normal -0.277179818133554 0.009159193307606 -0.960774405153158
   outer loop
      vertex 0.098418387452303 0.087733068994103 0.287868269810599
      vertex 0.083694136298708 0.080978807460100 0.292051771835953
      vertex 0.083714390006534 0.082978677002949 0.292064993745917
   endloop
endfacet
facet normal 0.189903668753010 0.953092002444947 0.235695208838932
   outer loop
      vertex 0.278861618065867 0.274955418039871 -0.194481557909108
      vertex 0.285291565529575 0.279910072261232 -0.219697649300122
      vertex 0.269366736474423 0.280091346371126 -0.207599768433158
   endloop
endfacet
facet normal -0.231751222815553 0.956896192539391 0.175045843787029
   outer loop
      vertex 0.173161178124931 0.111441379892633 0.264928909794553
      vertex 0.192093275755509 0.116082148207781 0.264625007949630
      vertex 0.186429049512077 0.116217663486959 0.256385078444936
   endloop
endfacet
facet normal 0.219867730930990 0.957486076778007 0.186758115410062
   outer loop
      vertex 0.225307671285040 0.300682669187027 -0.254930539771312
      vertex 0.238564820597611 0.300559149422674 -0.269904726447232
      vertex 0.225410671808932 0.305732697094702 -0.280942677930583
   endloop
endfacet
facet normal -0.229617776205194 0.008519385115529 -0.973243595883289
   outer loop
      vertex 0.083714390006534 0.082978677002949 0.292064993745917
      vertex 0.068802232561629 0.076227834937901 0.295524131233957
      vertex 0.068822086263812 0.078227700755537 0.295536953166912
   endloop
endfacet
facet normal 0.183035194663478 0.950577434982396 0.250800035121194
   outer loop
      vertex 0.262362399120434 0.275150532360588 -0.183179934708648
      vertex 0.270611958603558 0.275052974179998 -0.188830743808935
      vertex 0.261404271757337 0.280181992461407 -0.201550830893771
   endloop
endfacet
facet normal 0.180745034910824 0.957782899384871 0.223569116831899
   outer loop
      vertex 0.269366736474423 0.280091346371126 -0.207599768433158
      vertex 0.285291565529575 0.279910072261232 -0.219697649300122
      vertex 0.274550858700063 0.285065050688350 -0.233098519669784
   endloop
endfacet
facet normal 0.211681923709724 0.947506471622187 0.239629400134091
   outer loop
      vertex 0.253441907220095 0.280272630499614 -0.195501889460428
      vertex 0.251583068652605 0.285315832261113 -0.213800911952789
      vertex 0.243927105309333 0.285399425491363 -0.207368379380215
   endloop
endfacet
facet normal 0.200875673772322 0.953026511076167 0.226692374976542
   outer loop
      vertex 0.251583068652605 0.285315832261113 -0.213800911952789
      vertex 0.259238932013517 0.285232237148851 -0.220233454524638
      vertex 0.248502513444535 0.290377893717977 -0.232352352716994
   endloop
endfacet
facet normal 0.280134714641904 0.959304607908817 -0.035485361734254
   outer loop
      vertex -0.041058855880048 0.386689461023260 -0.312007789470222
      vertex -0.026155324727882 0.382257561536267 -0.314164880435386
      vertex -0.044206459733421 0.386878088443352 -0.331756833012352
   endloop
endfacet
facet normal -0.875795619544631 0.018010656799806 -0.482345984774492
   outer loop
      vertex 0.281554169066153 0.162471997059828 0.135371693094676
      vertex 0.274080338930187 0.155633540675070 0.148686580760460
      vertex 0.274113300405376 0.157633145874098 0.148701397277267
   endloop
endfacet
facet normal 0.253308206808260 -0.964396146066316 -0.075993590624616
   outer loop
      vertex 0.077099892639206 0.073895633010283 0.334635221944211
      vertex 0.088787808273019 0.078798659141475 0.311372542290231
      vertex 0.093901733955156 0.078618380365700 0.330706534654472
   endloop
endfacet
facet normal -0.285121037595326 0.957719774534637 0.038455524777190
   outer loop
      vertex 0.040834323289436 0.068596942345758 0.320150217296695
      vertex 0.039724224896233 0.068665495366921 0.310212321717616
      vertex 0.023991251739283 0.063929598466432 0.311508896945122
   endloop
endfacet
facet normal -0.199255301491997 -0.002921552156858 0.979943258235051
   outer loop
      vertex 0.078492960736065 0.347019764837398 -0.308687856685122
      vertex 0.063770880355282 0.353503164952315 -0.311662019677500
      vertex 0.063755828099182 0.351503274420939 -0.311671042675769
   endloop
endfacet
facet normal -0.286370364093987 0.957826211653366 0.023684654070487
   outer loop
      vertex 0.023991251739283 0.063929598466432 0.311508896945122
      vertex 0.039724224896233 0.068665495366921 0.310212321717616
      vertex 0.023370595545208 0.063990827371761 0.301528418023753
   endloop
endfacet
facet normal -0.288699009403285 0.954894607569267 0.069492232693290
   outer loop
      vertex 0.070901465691935 0.078144567268880 0.305317880802228
      vertex 0.068822086263812 0.078227700755537 0.295536953166912
      vertex 0.053776693308932 0.073479630021481 0.298275634754399
   endloop
endfacet
facet normal 0.283887900676647 0.958715520214166 0.016498822681825
   outer loop
      vertex 0.033950202759599 0.364449789183153 -0.315433384420269
      vertex 0.019681462245649 0.369032455309359 -0.336207615161342
      vertex 0.018923923101699 0.368912849413500 -0.316222902780077
   endloop
endfacet
facet normal -0.276405020449188 0.957533154354185 0.082039764645013
   outer loop
      vertex 0.088828415690082 0.082798399158478 0.311399086104412
      vertex 0.086271402848308 0.082888538080713 0.301732039925165
      vertex 0.070901465691935 0.078144567268880 0.305317880802228
   endloop
endfacet
facet normal -0.937105147762184 0.019395064017399 -0.348507924629235
   outer loop
      vertex 0.299879523005200 0.179029112860064 0.093443073680532
      vertex 0.299806098513919 0.175029905802544 0.093417942521298
      vertex 0.294434106223208 0.172169975788681 0.107703566324419
   endloop
endfacet
facet normal -0.279810181814999 0.957670596907241 0.067626104220084
   outer loop
      vertex 0.070901465691935 0.078144567268880 0.305317880802228
      vertex 0.086271402848308 0.082888538080713 0.301732039925165
      vertex 0.068822086263812 0.078227700755537 0.295536953166912
   endloop
endfacet
facet normal -0.284962488161166 0.954826471753455 0.084278046844034
   outer loop
      vertex 0.086271402848308 0.082888538080713 0.301732039925165
      vertex 0.083714390006534 0.082978677002949 0.292064993745917
      vertex 0.068822086263812 0.078227700755537 0.295536953166912
   endloop
endfacet
facet normal -0.918836874939249 0.018788080799144 -0.394190062370629
   outer loop
      vertex 0.294469968774353 0.174169555556233 0.107716781869167
      vertex 0.288333074967077 0.167317459535602 0.121694979495193
      vertex 0.288368035835489 0.169317115050957 0.121708796064498
   endloop
endfacet
facet normal -0.272059033647214 0.957458494334398 0.096213896282463
   outer loop
      vertex 0.104475074576311 0.087538922115788 0.306928000822381
      vertex 0.101446630040296 0.087636043554632 0.297398135844933
      vertex 0.086271402848308 0.082888538080713 0.301732039925165
   endloop
endfacet
facet normal 0.253397946055236 0.947204212466571 0.196452693594593
   outer loop
      vertex 0.212050621972588 0.300806189939279 -0.239956353106124
      vertex 0.206652167941636 0.305895546398820 -0.257531590435421
      vertex 0.200399266665666 0.305949828176983 -0.249727897937089
   endloop
endfacet
facet normal 0.253585629018030 -0.959775261778737 -0.120522925757248
   outer loop
      vertex 0.119840992146846 0.088283991173029 0.301667725261595
      vertex 0.131025879205980 0.093143882566588 0.286499848257307
      vertex 0.134973871250728 0.093033357547648 0.295686757868530
   endloop
endfacet
facet normal -0.898386995815034 0.018399724921895 -0.438819160786351
   outer loop
      vertex 0.288368035835489 0.169317115050957 0.121708796064498
      vertex 0.281554169066153 0.162471997059828 0.135371693094676
      vertex 0.281588130237955 0.164471627417021 0.135386009637732
   endloop
endfacet
facet normal 0.627802714805744 -0.016343356379256 0.778200903356452
   outer loop
      vertex -0.177670111142812 0.428516154275747 -0.252065685020138
      vertex -0.189348808627007 0.434850591129558 -0.242511026431506
      vertex -0.189364766549796 0.432850975013816 -0.242540147461119
   endloop
endfacet
facet normal -0.290657546568854 -0.949839767921953 -0.115423593327123
   outer loop
      vertex 0.121706012182183 0.332872761753347 -0.295325328230001
      vertex 0.125419591289573 0.332864667848834 -0.304610188015305
      vertex 0.139864248498866 0.327698083266077 -0.298467779387077
   endloop
endfacet
facet normal -0.276170692721862 0.957606015112896 0.081978462422316
   outer loop
      vertex 0.086271402848308 0.082888538080713 0.301732039925165
      vertex 0.101446630040296 0.087636043554632 0.297398135844933
      vertex 0.083714390006534 0.082978677002949 0.292064993745917
   endloop
endfacet
facet normal 0.877510703647188 -0.019041929187953 0.479178849614023
   outer loop
      vertex -0.263494477857965 0.467222952544953 -0.148245027963540
      vertex -0.263520530306689 0.465223463581571 -0.148276775659946
      vertex -0.256355089758400 0.460952730377213 -0.161568417771988
   endloop
endfacet
facet normal -0.280495777058294 0.954751506960478 0.098851803267116
   outer loop
      vertex 0.101446630040296 0.087636043554632 0.297398135844933
      vertex 0.098418387452303 0.087733068994103 0.287868269810599
      vertex 0.083714390006534 0.082978677002949 0.292064993745917
   endloop
endfacet
facet normal -0.851053543186087 0.017611776914022 -0.524783471485467
   outer loop
      vertex 0.274146359873277 0.159632853035437 0.148716214850463
      vertex 0.266028172690952 0.152800892829371 0.161652386387106
      vertex 0.266060232419908 0.154800576945229 0.161667503945216
   endloop
endfacet
facet normal 0.277426078777226 0.952520912719499 0.125453902475389
   outer loop
      vertex 0.158635189193296 0.326508951272291 -0.300485726470234
      vertex 0.152399025845379 0.331650182780155 -0.325730506597878
      vertex 0.144067778104490 0.331681980728647 -0.307548392401757
   endloop
endfacet
facet normal -0.267009087457300 0.957380478677997 0.110130678112461
   outer loop
      vertex 0.119883701517571 0.092283653941768 0.301696067915266
      vertex 0.116391332670169 0.092387463006332 0.292326480724690
      vertex 0.101446630040296 0.087636043554632 0.297398135844933
   endloop
endfacet
facet normal -0.824283785887202 0.017207739876298 -0.565915306394703
   outer loop
      vertex 0.266060232419908 0.154800576945229 0.161667503945216
      vertex 0.257317795504195 0.147974942241270 0.174193751551856
      vertex 0.257348955474452 0.149974605299294 0.174209169094715
   endloop
endfacet
facet normal -0.271813314478419 0.957537590361729 0.096121200140811
   outer loop
      vertex 0.101446630040296 0.087636043554632 0.297398135844933
      vertex 0.116391332670169 0.092387463006332 0.292326480724690
      vertex 0.098418387452303 0.087733068994103 0.287868269810599
   endloop
endfacet
facet normal -0.284771836089379 0.957935760051770 -0.035553916582019
   outer loop
      vertex -0.023332683280358 0.049731122374552 0.310761187579739
      vertex -0.037681419601245 0.045031200217502 0.299057624202235
      vertex -0.039022454661320 0.045000338508582 0.308967235170510
   endloop
endfacet
facet normal -0.275307304428741 0.954668010711907 0.113202815563706
   outer loop
      vertex 0.116391332670169 0.092387463006332 0.292326480724690
      vertex 0.112898961814066 0.092491373101899 0.282956794596250
      vertex 0.098418387452303 0.087733068994103 0.287868269810599
   endloop
endfacet
facet normal 0.043156700537990 -0.007704494188192 0.999038607846553
   outer loop
      vertex 0.003849077524937 0.369369033182897 -0.316301997519563
      vertex -0.011177158362647 0.375817291999351 -0.315603162329906
      vertex -0.011188710968991 0.373817453380002 -0.315618085849909
   endloop
endfacet
facet normal -0.295273387196392 0.955169331376872 -0.021567920869421
   outer loop
      vertex -0.023332683280358 0.049731122374552 0.310761187579739
      vertex -0.022480297090387 0.049769643647708 0.300797657942875
      vertex -0.037681419601245 0.045031200217502 0.299057624202235
   endloop
endfacet
facet normal -0.764828925674454 0.016324375063110 -0.644026574941174
   outer loop
      vertex 0.248032836585531 0.145154757663890 0.186311302425207
      vertex 0.238104624713676 0.138341156846114 0.197929077429635
      vertex 0.238133985124200 0.140340779901153 0.197944894953156
   endloop
endfacet
facet normal -0.287226879389291 0.957843896742919 -0.005982409935041
   outer loop
      vertex -0.007936954435592 0.054416614133654 0.321777238536585
      vertex -0.007575115614310 0.054462702576724 0.311783891002209
      vertex -0.023332683280358 0.049731122374552 0.310761187579739
   endloop
endfacet
facet normal -0.261277472176236 0.957292355025121 0.123795918929719
   outer loop
      vertex 0.135017782541250 0.097032935742732 0.295715899419002
      vertex 0.131069890476746 0.097143462749317 0.286528989807612
      vertex 0.116391332670169 0.092387463006332 0.292326480724690
   endloop
endfacet
facet normal -0.286288176646115 0.957918009997898 -0.020788603471870
   outer loop
      vertex -0.007575115614310 0.054462702576724 0.311783891002209
      vertex -0.022480297090387 0.049769643647708 0.300797657942875
      vertex -0.023332683280358 0.049731122374552 0.310761187579739
   endloop
endfacet
facet normal -0.732283779101109 0.015838506710876 -0.680815399774835
   outer loop
      vertex 0.238133985124200 0.140340779901153 0.197944894953156
      vertex 0.227647349785695 0.133532830095646 0.209065920123206
      vertex 0.227675708448575 0.135532531136211 0.209081938693776
   endloop
endfacet
facet normal -0.266761245265210 0.957459027974740 0.110048388330864
   outer loop
      vertex 0.116391332670169 0.092387463006332 0.292326480724690
      vertex 0.131069890476746 0.097143462749317 0.286528989807612
      vertex 0.112898961814066 0.092491373101899 0.282956794596250
   endloop
endfacet
facet normal -0.287065202580063 0.957892477323284 -0.005964172627443
   outer loop
      vertex 0.008212133556360 0.059195443726671 0.312033257240468
      vertex -0.007213378739638 0.054508887950470 0.301790644518971
      vertex -0.007575115614310 0.054462702576724 0.311783891002209
   endloop
endfacet
facet normal -0.661952789086659 0.014794038457882 -0.749399520580645
   outer loop
      vertex 0.216682915821049 0.130729790702091 0.219695524541673
      vertex 0.205155057543387 0.123932680800533 0.229744024743506
      vertex 0.205181614574335 0.125932446038144 0.229760044373618
   endloop
endfacet
facet normal -0.254862410317572 0.957201744754310 0.137149450040538
   outer loop
      vertex 0.149841599837957 0.101787309686700 0.289001509403165
      vertex 0.145447491393105 0.101904305029114 0.280019474003283
      vertex 0.131069890476746 0.097143462749317 0.286528989807612
   endloop
endfacet
facet normal -0.624337246662272 0.014259174573357 -0.781024761688552
   outer loop
      vertex 0.205181614574335 0.125932446038144 0.229760044373618
      vertex 0.193173558784879 0.119140452436521 0.239235068252363
      vertex 0.193199315952706 0.121140202829311 0.239250987889384
   endloop
endfacet
facet normal -0.261015818535224 0.957377790591717 0.123687139816995
   outer loop
      vertex 0.131069890476746 0.097143462749317 0.286528989807612
      vertex 0.145447491393105 0.101904305029114 0.280019474003283
      vertex 0.127121898431998 0.097253987768259 0.277342080196389
   endloop
endfacet
facet normal -0.262812178719796 0.954488666863615 0.141000509025583
   outer loop
      vertex 0.145447491393105 0.101904305029114 0.280019474003283
      vertex 0.141053482928497 0.102021302359174 0.271037438603236
      vertex 0.127121898431998 0.097253987768259 0.277342080196389
   endloop
endfacet
facet normal -0.544640619653902 0.013087505711895 -0.838567416858809
   outer loop
      vertex 0.180764825277345 0.116353077735130 0.248145247878106
      vertex 0.167883794522858 0.109571170793991 0.256405495279587
      vertex 0.167907951922109 0.111570893609821 0.256421014941591
   endloop
endfacet
facet normal -0.247793784449101 0.957104657932291 0.150162958657268
   outer loop
      vertex 0.164318942125336 0.106546984839952 0.281569108645701
      vertex 0.159489521706268 0.106670337027041 0.272813545177036
      vertex 0.145447491393105 0.101904305029114 0.280019474003283
   endloop
endfacet
facet normal -0.502777071152427 0.012518677683094 -0.864325459206458
   outer loop
      vertex 0.167907951922109 0.111570893609821 0.256421014941591
      vertex 0.154636645800690 0.104793877168129 0.264042760971907
      vertex 0.154660101308365 0.106793688157789 0.264058081702789
   endloop
endfacet
facet normal -0.370230890972237 0.010577627376804 -0.928879540720421
   outer loop
      vertex 0.127121898431998 0.097253987768259 0.277342080196389
      vertex 0.112877506144110 0.090491590245388 0.282942573800649
      vertex 0.112898961814066 0.092491373101899 0.282956794596250
   endloop
endfacet
facet normal -0.239811531562635 0.957098733763855 0.162642070686552
   outer loop
      vertex 0.173161178124931 0.111441379892633 0.264928909794553
      vertex 0.186429049512077 0.116217663486959 0.256385078444936
      vertex 0.167907951922109 0.111570893609821 0.256421014941591
   endloop
endfacet
facet normal -0.239045039587245 0.954177931609610 0.180005399579954
   outer loop
      vertex 0.167907951922109 0.111570893609821 0.256421014941591
      vertex 0.186429049512077 0.116217663486959 0.256385078444936
      vertex 0.180764825277345 0.116353077735130 0.248145247878106
   endloop
endfacet
facet normal -0.132851146499515 0.007025476629094 -0.991111101517836
   outer loop
      vertex 0.053776693308932 0.073479630021481 0.298275634754399
      vertex 0.038595070909268 0.066734285770173 0.300262805193827
      vertex 0.038614124515498 0.068734148362747 0.300274427195089
   endloop
endfacet
facet normal -0.222815603938666 0.956787630235682 0.186843884752579
   outer loop
      vertex 0.186429049512077 0.116217663486959 0.256385078444936
      vertex 0.205322551557327 0.120857748754130 0.255155125864772
      vertex 0.199260932761251 0.120999025779052 0.247203057405356
   endloop
endfacet
facet normal -0.083925746614582 0.006278848360805 -0.996452229220472
   outer loop
      vertex 0.038614124515498 0.068734148362747 0.300274427195089
      vertex 0.023351842006711 0.061990964404072 0.301517395988502
      vertex 0.023370595545208 0.063990827371761 0.301528418023753
   endloop
endfacet
facet normal -0.231477019983448 0.956998482663388 0.174849344864533
   outer loop
      vertex 0.186429049512077 0.116217663486959 0.256385078444936
      vertex 0.199260932761251 0.120999025779052 0.247203057405356
      vertex 0.180764825277345 0.116353077735130 0.248145247878106
   endloop
endfacet
facet normal -0.229859046384647 0.954066167279707 0.192152458343241
   outer loop
      vertex 0.180764825277345 0.116353077735130 0.248145247878106
      vertex 0.199260932761251 0.120999025779052 0.247203057405356
      vertex 0.193199315952706 0.121140202829311 0.239250987889384
   endloop
endfacet
facet normal 0.166990951045170 0.969291844378987 -0.180519646269903
   outer loop
      vertex -0.272459671228605 0.457115468855202 -0.210405919553423
      vertex -0.246638908714365 0.452455012296344 -0.211544348798467
      vertex -0.262235858812365 0.452811617812223 -0.224057638951329
   endloop
endfacet
facet normal 0.014430915670268 0.004828368112011 -0.999884211063607
   outer loop
      vertex 0.008082522358913 0.059249225714772 0.302034294685520
      vertex -0.007231732124327 0.052509021313602 0.301780722421658
      vertex -0.007213378739638 0.054508887950470 0.301790644518971
   endloop
endfacet
facet normal 0.231183068172268 0.952795367704834 0.196813049035542
   outer loop
      vertex 0.218679146628813 0.300744429563153 -0.247443446438718
      vertex 0.225307671285040 0.300682669187027 -0.254930539771312
      vertex 0.212904969237363 0.305841262633012 -0.265335282933587
   endloop
endfacet
facet normal 0.211448101103994 0.952944303400016 0.217225355695354
   outer loop
      vertex 0.241171557273871 0.290454324989989 -0.225551664042466
      vertex 0.248502513444535 0.290377893717977 -0.232352352716994
      vertex 0.237182989843604 0.295528115422684 -0.243927348904157
   endloop
endfacet
facet normal -0.213311922367963 0.956675159069884 0.198168271411685
   outer loop
      vertex 0.199260932761251 0.120999025779052 0.247203057405356
      vertex 0.218070121101363 0.125638885486642 0.245050268778947
      vertex 0.211625818841493 0.125785614781239 0.237405156048089
   endloop
endfacet
facet normal 0.063661059288999 0.004020924165537 -0.997963477136843
   outer loop
      vertex -0.007213378739638 0.054508887950470 0.301790644518971
      vertex -0.022498550346666 0.047769771604094 0.300788435806325
      vertex -0.022480297090387 0.049769643647708 0.300797657942875
   endloop
endfacet
facet normal 0.920373510323976 -0.018825601665620 0.390586991867177
   outer loop
      vertex -0.275824310525695 0.475744220135032 -0.120680705901235
      vertex -0.270025435643056 0.469487447229188 -0.134646655765629
      vertex -0.269997933518888 0.471486966914844 -0.134615088061584
   endloop
endfacet
facet normal -0.222542808995670 0.956893693464922 0.186625715193209
   outer loop
      vertex 0.199260932761251 0.120999025779052 0.247203057405356
      vertex 0.211625818841493 0.125785614781239 0.237405156048089
      vertex 0.193199315952706 0.121140202829311 0.239250987889384
   endloop
endfacet
facet normal -0.196835740940981 0.959168200555390 0.203106016975248
   outer loop
      vertex 0.230305579742352 0.130425491985645 0.234335243810785
      vertex 0.241999614921586 0.135217910918112 0.223036062236327
      vertex 0.223494196797812 0.130577690337377 0.227015384704589
   endloop
endfacet
facet normal -0.220077325187133 0.953949604991788 0.203828658619169
   outer loop
      vertex 0.193199315952706 0.121140202829311 0.239250987889384
      vertex 0.211625818841493 0.125785614781239 0.237405156048089
      vertex 0.205181614574335 0.125932446038144 0.229760044373618
   endloop
endfacet
facet normal -0.206626205405222 0.959279693223801 0.192582661234830
   outer loop
      vertex 0.218070121101363 0.125638885486642 0.245050268778947
      vertex 0.230305579742352 0.130425491985645 0.234335243810785
      vertex 0.211625818841493 0.125785614781239 0.237405156048089
   endloop
endfacet
facet normal 0.161524480191538 0.002500563271606 -0.986865537691016
   outer loop
      vertex -0.037681419601245 0.045031200217502 0.299057624202235
      vertex -0.052797681967458 0.038293173438578 0.296566408135272
      vertex -0.052779628925665 0.040293054183005 0.296574430339134
   endloop
endfacet
facet normal -0.215876501269887 0.959384477032321 0.181600554594123
   outer loop
      vertex 0.205322551557327 0.120857748754130 0.255155125864772
      vertex 0.218070121101363 0.125638885486642 0.245050268778947
      vertex 0.199260932761251 0.120999025779052 0.247203057405356
   endloop
endfacet
facet normal 0.213012876319276 0.961180479100532 -0.175378451122880
   outer loop
      vertex -0.200560279904019 0.439175966533041 -0.232422679506362
      vertex -0.189348808627007 0.434850591129558 -0.242511026431506
      vertex -0.214148237722338 0.439510487061766 -0.247093098589452
   endloop
endfacet
facet normal -0.142001893961578 -0.953472655121970 -0.265942396104845
   outer loop
      vertex 0.310025159324986 0.250464599184673 -0.137808688603582
      vertex 0.294285838167690 0.255696647569908 -0.148162816760364
      vertex 0.303275140659341 0.255579228877183 -0.152541744240717
   endloop
endfacet
facet normal 0.055117173044502 0.005285329201562 -0.998465904540968
   outer loop
      vertex 0.037405658401409 0.362651724272087 -0.355292434338191
      vertex 0.037392306117647 0.360651851836680 -0.355303757633523
      vertex 0.020413896437831 0.365152351381319 -0.356217174224446
   endloop
endfacet
facet normal 0.247642922991363 0.966104922490269 0.072898981010479
   outer loop
      vertex 0.098672659377272 0.346549976293710 -0.324179955311815
      vertex 0.120485168980277 0.342030860933491 -0.338388302626127
      vertex 0.104246016775673 0.346570692835627 -0.343387588268131
   endloop
endfacet
facet normal -0.203248633328559 0.956556842277029 0.209019139178861
   outer loop
      vertex 0.211625818841493 0.125785614781239 0.237405156048089
      vertex 0.230305579742352 0.130425491985645 0.234335243810785
      vertex 0.223494196797812 0.130577690337377 0.227015384704589
   endloop
endfacet
facet normal 0.209941163212332 0.001722982665901 -0.977712503407718
   outer loop
      vertex -0.052779628925665 0.040293054183005 0.296574430339134
      vertex -0.067756372013813 0.033555382711466 0.293346647381248
      vertex -0.067738219118775 0.035555271781589 0.293354069618435
   endloop
endfacet
facet normal -0.232680955505390 0.959589933222518 0.158261596741289
   outer loop
      vertex 0.178414302381142 0.111311963106121 0.273436905698651
      vertex 0.192093275755509 0.116082148207781 0.264625007949630
      vertex 0.173161178124931 0.111441379892633 0.264928909794553
   endloop
endfacet
facet normal -0.213033719383782 0.956783181630358 0.197945896029195
   outer loop
      vertex 0.211625818841493 0.125785614781239 0.237405156048089
      vertex 0.223494196797812 0.130577690337377 0.227015384704589
      vertex 0.205181614574335 0.125932446038144 0.229760044373618
   endloop
endfacet
facet normal 0.268723424256300 0.963210428105649 0.003659568895549
   outer loop
      vertex 0.003873182188492 0.373368747765469 -0.316274750441750
      vertex 0.003651767276558 0.373506497541080 -0.336272364671576
      vertex -0.012365763056025 0.377972443338215 -0.335550958401911
   endloop
endfacet
facet normal -0.209732156937324 0.953832301768357 0.214979911735252
   outer loop
      vertex 0.205181614574335 0.125932446038144 0.229760044373618
      vertex 0.223494196797812 0.130577690337377 0.227015384704589
      vertex 0.216682915821049 0.130729790702091 0.219695524541673
   endloop
endfacet
facet normal 0.305056453525272 0.000464505115422 -0.952334155849501
   outer loop
      vertex -0.082520575905986 0.030817499406520 0.289404230984058
      vertex -0.082538828654270 0.028817602010701 0.289397408713546
      vertex -0.097090192456255 0.026079757066206 0.284734907477926
   endloop
endfacet
facet normal -0.257746523768016 -0.957255587256728 -0.131257267041791
   outer loop
      vertex 0.158596583034224 0.322509169292063 -0.300495070191230
      vertex 0.167811815113999 0.322461826027532 -0.318245511612842
      vertex 0.182873994751837 0.317275271188705 -0.309997327108788
   endloop
endfacet
facet normal -0.192661773902815 0.956438347301659 0.219333373401068
   outer loop
      vertex 0.223494196797812 0.130577690337377 0.227015384704589
      vertex 0.241999614921586 0.135217910918112 0.223036062236327
      vertex 0.234837661695664 0.135375220498990 0.216059050462261
   endloop
endfacet
facet normal -0.918894314770349 0.019037128218295 -0.394044192993541
   outer loop
      vertex 0.294434106223208 0.172169975788681 0.107703566324419
      vertex 0.294398345639840 0.170170298034111 0.107690349722952
      vertex 0.288298214078909 0.165317806007891 0.121681162925723
   endloop
endfacet
facet normal 0.268180882354082 0.962955093200963 0.028222381510272
   outer loop
      vertex 0.033950202759599 0.364449789183153 -0.315433384420269
      vertex 0.035684606711801 0.364550693473494 -0.335357297728771
      vertex 0.019681462245649 0.369032455309359 -0.336207615161342
   endloop
endfacet
facet normal -0.019449381141370 -0.954588596053865 -0.297291664627732
   outer loop
      vertex 0.336487803030292 0.204753246855090 0.004520496407550
      vertex 0.326693795122606 0.209967774112121 -0.011582346121419
      vertex 0.336691593491711 0.209800569427612 -0.011699535098311
   endloop
endfacet
facet normal -0.202978462816547 0.956672000415109 0.208754466429788
   outer loop
      vertex 0.223494196797812 0.130577690337377 0.227015384704589
      vertex 0.234837661695664 0.135375220498990 0.216059050462261
      vertex 0.216682915821049 0.130729790702091 0.219695524541673
   endloop
endfacet
facet normal -0.198843121335087 0.953708428633660 0.225613931863340
   outer loop
      vertex 0.216682915821049 0.130729790702091 0.219695524541673
      vertex 0.234837661695664 0.135375220498990 0.216059050462261
      vertex 0.227675708448575 0.135532531136211 0.209081938693776
   endloop
endfacet
facet normal -0.918847229354707 0.018742187619726 -0.394168110722323
   outer loop
      vertex 0.294434106223208 0.172169975788681 0.107703566324419
      vertex 0.288298214078909 0.165317806007891 0.121681162925723
      vertex 0.288333074967077 0.167317459535602 0.121694979495193
   endloop
endfacet
facet normal -0.181579470047956 0.956313599844246 0.229113934124581
   outer loop
      vertex 0.234837661695664 0.135375220498990 0.216059050462261
      vertex 0.253124418055418 0.140016300027590 0.211180133137876
      vertex 0.245629200606626 0.140178589423532 0.204562564571002
   endloop
endfacet
facet normal 0.075752906548762 -0.957781487406967 -0.277337555210096
   outer loop
      vertex 0.312966306423481 0.169788929803910 0.115112205250388
      vertex 0.299806098513919 0.175029905802544 0.093417942521298
      vertex 0.337624203127913 0.174254524985618 0.106425473124518
   endloop
endfacet
facet normal 0.900090240261961 -0.018639499904946 0.435304638647992
   outer loop
      vertex -0.269997933518888 0.471486966914844 -0.134615088061584
      vertex -0.263520530306689 0.465223463581571 -0.148276775659946
      vertex -0.263494477857965 0.467222952544953 -0.148245027963540
   endloop
endfacet
facet normal 0.202990781529157 -0.956664051316210 -0.208778915442720
   outer loop
      vertex 0.230250564089445 0.126426022663481 0.234303305604686
      vertex 0.223439281125150 0.126578223002859 0.226983446498325
      vertex 0.234780844410825 0.131375815373873 0.216027113315704
   endloop
endfacet
facet normal -0.898406308131071 0.018398189310197 -0.438779685195662
   outer loop
      vertex 0.288333074967077 0.167317459535602 0.121694979495193
      vertex 0.281520209881885 0.160472266727973 0.135357375495066
      vertex 0.281554169066153 0.162471997059828 0.135371693094676
   endloop
endfacet
facet normal -0.278700137165432 0.960338030868555 0.008780661220869
   outer loop
      vertex 0.008341844734051 0.059141663726213 0.322032219795249
      vertex 0.024611907933358 0.063868369561101 0.321489375866492
      vertex 0.008212133556360 0.059195443726671 0.312033257240468
   endloop
endfacet
facet normal -0.123768013048296 0.952920999043126 0.276808685789894
   outer loop
      vertex 0.274146359873277 0.159632853035437 0.148716214850463
      vertex 0.290464643578034 0.164287887809751 0.139987446711091
      vertex 0.281588130237955 0.164471627417021 0.135386009637732
   endloop
endfacet
facet normal -0.277239023088740 0.009221801926929 -0.960756723861989
   outer loop
      vertex 0.098397531769645 0.085733292781754 0.287854548986094
      vertex 0.083673780601938 0.078979036960611 0.292038450988291
      vertex 0.083694136298708 0.080978807460100 0.292051771835953
   endloop
endfacet
facet normal 0.112259437952851 0.966574465175933 -0.230502975816731
   outer loop
      vertex -0.294360796903247 0.478128553959573 -0.128077248513965
      vertex -0.288147238564006 0.473867962849323 -0.142917178431366
      vertex -0.312926227040286 0.478513436070733 -0.135505037789658
   endloop
endfacet
facet normal 0.998254077930118 -0.017244976011118 0.056492536659857
   outer loop
      vertex 0.356504937075568 0.206409564064991 0.005272897852007
      vertex 0.355445983804077 0.201362012405279 0.022444361051783
      vertex 0.356470777530764 0.204409850506869 0.005266080890656
   endloop
endfacet
facet normal -0.106224171384308 0.955531899419550 0.275091284131984
   outer loop
      vertex 0.290464643578034 0.164287887809751 0.139987446711091
      vertex 0.306550288297455 0.168942469202973 0.130031054501840
      vertex 0.297459162066472 0.169129792126964 0.125869925283169
   endloop
endfacet
facet normal -0.229648474763392 0.008519643422093 -0.973236350387103
   outer loop
      vertex 0.083694136298708 0.080978807460100 0.292051771835953
      vertex 0.068782378859447 0.074227969120267 0.295511309301002
      vertex 0.068802232561629 0.076227834937901 0.295524131233957
   endloop
endfacet
facet normal 0.998253864387280 -0.017516888235816 0.056412594891529
   outer loop
      vertex 0.356504937075568 0.206409564064991 0.005272897852007
      vertex 0.355480643419434 0.203361727450893 0.022451977967651
      vertex 0.355445983804077 0.201362012405279 0.022444361051783
   endloop
endfacet
facet normal -0.109926132500158 0.952783203721659 0.283055492968161
   outer loop
      vertex 0.281588130237955 0.164471627417021 0.135386009637732
      vertex 0.297459162066472 0.169129792126964 0.125869925283169
      vertex 0.288368035835489 0.169317115050957 0.121708796064498
   endloop
endfacet
facet normal -0.132908476615512 0.007075537037170 -0.991103059030381
   outer loop
      vertex 0.053757239654726 0.071479765816376 0.298263412787291
      vertex 0.038576017281872 0.064734424233941 0.300251083198146
      vertex 0.038595070909268 0.066734285770173 0.300262805193827
   endloop
endfacet
facet normal -0.083981863515399 0.006329174003122 -0.996447182823515
   outer loop
      vertex 0.038595070909268 0.066734285770173 0.300262805193827
      vertex 0.023333088447046 0.059991102492726 0.301506273958833
      vertex 0.023351842006711 0.061990964404072 0.301517395988502
   endloop
endfacet
facet normal -0.034839186562519 0.005579592594059 -0.999377355770155
   outer loop
      vertex 0.023351842006711 0.061990964404072 0.301517395988502
      vertex 0.008045517403504 0.055249398123198 0.302013349496236
      vertex 0.008063970895436 0.057249260409660 0.302023871559893
   endloop
endfacet
facet normal 0.014398070065753 0.004829396562673 -0.999884679604214
   outer loop
      vertex 0.008063970895436 0.057249260409660 0.302023871559893
      vertex -0.007249985528771 0.050509156664380 0.301770800324179
      vertex -0.007231732124327 0.052509021313602 0.301780722421658
   endloop
endfacet
facet normal -0.224840179721029 0.959393409672949 0.170326683344475
   outer loop
      vertex 0.203421824226384 0.115811320642743 0.281104769077540
      vertex 0.192093275755509 0.116082148207781 0.264625007949630
      vertex 0.178414302381142 0.111311963106121 0.273436905698651
   endloop
endfacet
facet normal 0.063599302995648 0.004074588901866 -0.997967197047953
   outer loop
      vertex -0.007231732124327 0.052509021313602 0.301780722421658
      vertex -0.022516703643867 0.045769902604466 0.300779113675189
      vertex -0.022498550346666 0.047769771604094 0.300788435806325
   endloop
endfacet
facet normal 0.112690069748196 0.003260962949913 -0.993624835791047
   outer loop
      vertex -0.022498550346666 0.047769771604094 0.300788435806325
      vertex -0.037717623952706 0.041031350498784 0.299040278810682
      vertex -0.037699470803671 0.043031226892805 0.299048900980889
   endloop
endfacet
facet normal 0.161467057553499 0.002542387610600 -0.986874827721456
   outer loop
      vertex -0.037699470803671 0.043031226892805 0.299048900980889
      vertex -0.052815835010661 0.036293291762848 0.296558285937155
      vertex -0.052797681967458 0.038293173438578 0.296566408135272
   endloop
endfacet
facet normal 0.999005663427992 -0.016589179440028 -0.041382164809302
   outer loop
      vertex 0.356092923548653 0.216530838564322 -0.029117119223668
      vertex 0.356754310431615 0.213465519183423 -0.011921779677611
      vertex 0.356720850697935 0.211465822141892 -0.011927896573540
   endloop
endfacet
facet normal 0.209887362546956 0.001772398448911 -0.977723965977526
   outer loop
      vertex -0.052797681967458 0.038293173438578 0.296566408135272
      vertex -0.067774524930018 0.031555494697686 0.293339125149642
      vertex -0.067756372013813 0.033555382711466 0.293346647381248
   endloop
endfacet
facet normal 0.877680318171395 -0.018431892736795 0.478891975736385
   outer loop
      vertex -0.263468427394658 0.469222541377365 -0.148213269211139
      vertex -0.256330449003838 0.462952290550019 -0.161536599020595
      vertex -0.256305818247301 0.464951850524061 -0.161504780269186
   endloop
endfacet
facet normal 0.257822823594708 0.000942871571702 -0.966191752514402
   outer loop
      vertex -0.067756372013813 0.033555382711466 0.293346647381248
      vertex -0.082557081402553 0.026817704614881 0.289390586443035
      vertex -0.082538828654270 0.028817602010701 0.289397408713546
   endloop
endfacet
facet normal 0.305105154660237 0.000179258602513 -0.952318650697395
   outer loop
      vertex -0.082538828654270 0.028817602010701 0.289397408713546
      vertex -0.097126997660724 0.022079944691871 0.284722362876001
      vertex -0.097090192456255 0.026079757066206 0.284734907477926
   endloop
endfacet
facet normal 0.288485290347838 -0.954963217961887 -0.069436946885656
   outer loop
      vertex 0.070861756321203 0.074144934551932 0.305292337987291
      vertex 0.068782378859447 0.074227969120267 0.295511309301002
      vertex 0.083673780601938 0.078979036960611 0.292038450988291
   endloop
endfacet
facet normal -0.945583967187793 0.009721038220337 -0.325232935622016
   outer loop
      vertex -0.110100123325145 0.026080937351909 0.322560084973921
      vertex -0.097090192456255 0.026079757066206 0.284734907477926
      vertex -0.097126997660724 0.022079944691871 0.284722362876001
   endloop
endfacet
facet normal 0.024047441995141 -0.952446332348389 -0.303755995051279
   outer loop
      vertex 0.321288200815491 0.189844985973161 0.051028927385147
      vertex 0.313883378915930 0.195043649683757 0.034141967809193
      vertex 0.323790315924218 0.194863658196408 0.035490644812151
   endloop
endfacet
facet normal -0.945583627584542 0.009729175771657 -0.325233679656432
   outer loop
      vertex -0.110100123325145 0.026080937351909 0.322560084973921
      vertex -0.097126997660724 0.022079944691871 0.284722362876001
      vertex -0.110136928550780 0.022081126033916 0.322547440377578
   endloop
endfacet
facet normal -0.284435475623659 0.955208974457771 -0.081683996731771
   outer loop
      vertex -0.088087545488172 0.030802490572234 0.308613822990550
      vertex -0.085304060686496 0.030809994461206 0.299009076984514
      vertex -0.097090192456255 0.026079757066206 0.284734907477926
   endloop
endfacet
facet normal 0.990207825010765 -0.015341051692336 -0.138755595996789
   outer loop
      vertex 0.352313157637046 0.226686697422958 -0.063296146358608
      vertex 0.354622558307891 0.221604495872999 -0.046253569336351
      vertex 0.352281599143859 0.224686957035055 -0.063300264003257
   endloop
endfacet
facet normal 0.420456120157677 -0.013667444510524 0.907209927184720
   outer loop
      vertex -0.113042546682843 0.404711068939707 -0.290506883151621
      vertex -0.126675595039542 0.411088751237020 -0.284092419351668
      vertex -0.126687750745504 0.409089061768512 -0.284116911702575
   endloop
endfacet
facet normal 0.193425553420092 0.965555463067614 -0.174037935589964
   outer loop
      vertex -0.225555117576897 0.443834453953338 -0.235781496903632
      vertex -0.214148237722338 0.439510487061766 -0.247093098589452
      vertex -0.239847731533196 0.444176926948843 -0.249766264559624
   endloop
endfacet
facet normal -0.284436279812589 0.955208796808449 -0.081683273845570
   outer loop
      vertex -0.085304060686496 0.030809994461206 0.299009076984514
      vertex -0.082520575905986 0.030817499406520 0.289404230984058
      vertex -0.097090192456255 0.026079757066206 0.284734907477926
   endloop
endfacet
facet normal 0.259162881863767 -0.959860935552728 -0.107245443091575
   outer loop
      vertex 0.104433365177362 0.083539270772769 0.306900458122398
      vertex 0.116348521310499 0.088387899280953 0.292298039133321
      vertex 0.119840992146846 0.088283991173029 0.301667725261595
   endloop
endfacet
facet normal 0.420693277481189 -0.013058924124206 0.907108940967320
   outer loop
      vertex -0.113030891113050 0.406710760195381 -0.290483500737927
      vertex -0.126675595039542 0.411088751237020 -0.284092419351668
      vertex -0.113042546682843 0.404711068939707 -0.290506883151621
   endloop
endfacet
facet normal -0.279636643023493 0.957915164498537 -0.064821952317809
   outer loop
      vertex -0.072353889428937 0.035524620256829 0.312814109007191
      vertex -0.070046053290673 0.035539896560048 0.303084038787327
      vertex -0.085304060686496 0.030809994461206 0.299009076984514
   endloop
endfacet
facet normal -0.275810886599335 0.957945011700113 -0.079181496526392
   outer loop
      vertex -0.070046053290673 0.035539896560048 0.303084038787327
      vertex -0.082520575905986 0.030817499406520 0.289404230984058
      vertex -0.085304060686496 0.030809994461206 0.299009076984514
   endloop
endfacet
facet normal -0.288279320094217 0.955208789451908 -0.066867048385863
   outer loop
      vertex -0.070046053290673 0.035539896560048 0.303084038787327
      vertex -0.067738219118775 0.035555271781589 0.293354069618435
      vertex -0.082520575905986 0.030817499406520 0.289404230984058
   endloop
endfacet
facet normal -0.282644969459799 0.957906862150292 -0.050261960610903
   outer loop
      vertex -0.056432800220653 0.040246880273084 0.316237813381213
      vertex -0.054606214573159 0.040269967228044 0.306406121860174
      vertex -0.070046053290673 0.035539896560048 0.303084038787327
   endloop
endfacet
facet normal -0.279532100984253 0.957947974495462 -0.064787982522774
   outer loop
      vertex -0.054606214573159 0.040269967228044 0.306406121860174
      vertex -0.067738219118775 0.035555271781589 0.293354069618435
      vertex -0.070046053290673 0.035539896560048 0.303084038787327
   endloop
endfacet
facet normal 0.204028206806622 0.961330117218761 -0.184978097501941
   outer loop
      vertex -0.211262463628501 0.443491981752892 -0.221796729247708
      vertex -0.200560279904019 0.439175966533041 -0.232422679506362
      vertex -0.225555117576897 0.443834453953338 -0.235781496903632
   endloop
endfacet
facet normal -0.291367241140346 0.955202954949143 -0.051888781510931
   outer loop
      vertex -0.054606214573159 0.040269967228044 0.306406121860174
      vertex -0.052779628925665 0.040293054183005 0.296574430339134
      vertex -0.067738219118775 0.035555271781589 0.293354069618435
   endloop
endfacet
facet normal 0.971907945208311 -0.014279161405679 -0.234927758237524
   outer loop
      vertex 0.345200572008534 0.236875871750906 -0.096935486003780
      vertex 0.349170026803457 0.231777234372501 -0.080203751325446
      vertex 0.345170414025526 0.234876119690563 -0.096938704017954
   endloop
endfacet
facet normal -0.284916797626891 0.957891903902177 -0.035574132016120
   outer loop
      vertex -0.040363489742561 0.044969477856004 0.318876746144368
      vertex -0.039022454661320 0.045000338508582 0.308967235170510
      vertex -0.054606214573159 0.040269967228044 0.306406121860174
   endloop
endfacet
facet normal -0.282522545027725 0.957944174541354 -0.050239128309922
   outer loop
      vertex -0.039022454661320 0.045000338508582 0.308967235170510
      vertex -0.052779628925665 0.040293054183005 0.296574430339134
      vertex -0.054606214573159 0.040269967228044 0.306406121860174
   endloop
endfacet
facet normal -0.293710498015348 0.955186869020907 -0.036772117230498
   outer loop
      vertex -0.039022454661320 0.045000338508582 0.308967235170510
      vertex -0.037681419601245 0.045031200217502 0.299057624202235
      vertex -0.052779628925665 0.040293054183005 0.296574430339134
   endloop
endfacet
facet normal -0.276782697824428 0.960198601102846 0.037549761985522
   outer loop
      vertex 0.043054424049495 0.068459635422802 0.340025906347493
      vertex 0.040834323289436 0.068596942345758 0.320150217296695
      vertex 0.024611907933358 0.063868369561101 0.321489375866492
   endloop
endfacet
facet normal -0.286439178744186 0.957872518489344 -0.020804691856370
   outer loop
      vertex -0.024185169471740 0.049692600170093 0.320724617222350
      vertex -0.023332683280358 0.049731122374552 0.310761187579739
      vertex -0.039022454661320 0.045000338508582 0.308967235170510
   endloop
endfacet
facet normal -0.296089821225194 0.955139300184335 -0.006303571226750
   outer loop
      vertex -0.007575115614310 0.054462702576724 0.311783891002209
      vertex -0.007213378739638 0.054508887950470 0.301790644518971
      vertex -0.022480297090387 0.049769643647708 0.300797657942875
   endloop
endfacet
facet normal -0.276587028526047 0.960371535436708 -0.034440231910829
   outer loop
      vertex -0.043045659864121 0.044907753506859 0.338695868086666
      vertex -0.040363489742561 0.044969477856004 0.318876746144368
      vertex -0.056432800220653 0.040246880273084 0.316237813381213
   endloop
endfacet
facet normal -0.287274101657871 0.957807270150363 0.008878274819666
   outer loop
      vertex 0.008341844734051 0.059141663726213 0.322032219795249
      vertex 0.008212133556360 0.059195443726671 0.312033257240468
      vertex -0.007575115614310 0.054462702576724 0.311783891002209
   endloop
endfacet
facet normal 0.278197301099442 -0.960243876409204 -0.023193953514038
   outer loop
      vertex 0.008304837769942 0.055141937165645 0.322011175668101
      vertex 0.023953744641121 0.059929873587396 0.311486752880202
      vertex 0.024574500794274 0.059868647726053 0.321467131806988
   endloop
endfacet
facet normal -0.262512886173983 0.964672055904902 0.022244305986358
   outer loop
      vertex 0.025853320280586 0.063745914794428 0.341450233714646
      vertex 0.043054424049495 0.068459635422802 0.340025906347493
      vertex 0.024611907933358 0.063868369561101 0.321489375866492
   endloop
endfacet
facet normal -0.263182443444659 0.964707767043829 0.008598003710599
   outer loop
      vertex 0.008601265080734 0.059034204756305 0.342030045966947
      vertex 0.025853320280586 0.063745914794428 0.341450233714646
      vertex 0.008341844734051 0.059141663726213 0.322032219795249
   endloop
endfacet
facet normal 0.851121958908094 -0.017612034804760 0.524672495271560
   outer loop
      vertex 0.308675563942463 0.156913593683420 0.168824003910049
      vertex 0.299595574627648 0.154097185822307 0.183458991809007
      vertex 0.299563514898692 0.152097501706450 0.183443874250897
   endloop
endfacet
facet normal -0.263158437886618 0.964739329011672 -0.005065928067396
   outer loop
      vertex 0.008601265080734 0.059034204756305 0.342030045966947
      vertex -0.007936954435592 0.054416614133654 0.321777238536585
      vertex -0.008660328204691 0.054324245373806 0.341763731502894
   endloop
endfacet
facet normal -0.262453331188842 0.964763046811425 -0.018721977860683
   outer loop
      vertex -0.008660328204691 0.054324245373806 0.341763731502894
      vertex -0.024185169471740 0.049692600170093 0.320724617222350
      vertex -0.025889841892604 0.049615560667769 0.340651576501491
   endloop
endfacet
facet normal -0.256233810602234 0.964796867776988 -0.059255702105132
   outer loop
      vertex -0.060086071495885 0.040200704375518 0.335901196423456
      vertex -0.072353889428937 0.035524620256829 0.312814109007191
      vertex -0.076969559739100 0.035493968732067 0.332274148395944
   endloop
endfacet
facet normal -0.255543971149196 0.954388570968145 0.154401212478018
   outer loop
      vertex 0.159489521706268 0.106670337027041 0.272813545177036
      vertex 0.154660101308365 0.106793688157789 0.264058081702789
      vertex 0.141053482928497 0.102021302359174 0.271037438603236
   endloop
endfacet
facet normal -0.132332286929370 0.963009219756419 0.234736892073183
   outer loop
      vertex 0.299595574627648 0.154097185822307 0.183458991809007
      vertex 0.308708625376730 0.158913201926436 0.168838720432271
      vertex 0.282827952520134 0.154448932364924 0.172563248405305
   endloop
endfacet
facet normal -0.252811885811666 0.964794689588420 -0.072507636386343
   outer loop
      vertex -0.076969559739100 0.035493968732067 0.332274148395944
      vertex -0.088087545488172 0.030802490572234 0.308613822990550
      vertex -0.093654613063069 0.030787379775639 0.327823413940655
   endloop
endfacet
facet normal 0.548904548145295 -0.014790834641160 0.835754167345894
   outer loop
      vertex -0.152940341664874 0.421819156008481 -0.269309125113873
      vertex -0.165508726514109 0.426171829523893 -0.260977460668918
      vertex -0.152953797550042 0.419819462461226 -0.269335677347639
   endloop
endfacet
facet normal -0.240083995745870 0.957004734588226 0.162793160060290
   outer loop
      vertex 0.178414302381142 0.111311963106121 0.273436905698651
      vertex 0.173161178124931 0.111441379892633 0.264928909794553
      vertex 0.159489521706268 0.106670337027041 0.272813545177036
   endloop
endfacet
facet normal -0.199192882296868 -0.002971075737389 0.979955799182407
   outer loop
      vertex 0.078509012980451 0.349019665813714 -0.308679833844007
      vertex 0.063785932632548 0.355503054427350 -0.311652896684812
      vertex 0.063770880355282 0.353503164952315 -0.311662019677500
   endloop
endfacet
facet normal -0.154837883320550 0.963245494407605 0.219507055449842
   outer loop
      vertex 0.279274828323665 0.144486718854804 0.211280626528871
      vertex 0.289776639550872 0.149288419979979 0.197617563413576
      vertex 0.263653782464476 0.144820737265525 0.198795964477122
   endloop
endfacet
facet normal -0.252889503588416 0.964772655409030 -0.072530147868410
   outer loop
      vertex -0.093654613063069 0.030787379775639 0.327823413940655
      vertex -0.088087545488172 0.030802490572234 0.308613822990550
      vertex -0.110100123325145 0.026080937351909 0.322560084973921
   endloop
endfacet
facet normal -0.247520774798381 0.957198453234526 0.150015289782876
   outer loop
      vertex 0.159489521706268 0.106670337027041 0.272813545177036
      vertex 0.173161178124931 0.111441379892633 0.264928909794553
      vertex 0.154660101308365 0.106793688157789 0.264058081702789
   endloop
endfacet
facet normal -0.175726082931090 0.963470054302322 0.202103434509107
   outer loop
      vertex 0.256323421435520 0.134903287656027 0.236990285773463
      vertex 0.268114952954414 0.139691722167008 0.224415370265876
      vertex 0.241999614921586 0.135217910918112 0.223036062236327
   endloop
endfacet
facet normal 0.797912716250999 -0.017648467508457 0.602514588071986
   outer loop
      vertex -0.240094375599906 0.454390497290721 -0.186975784367983
      vertex -0.231083149518170 0.448099336380381 -0.199093667275864
      vertex -0.231062560060258 0.450098921478937 -0.199062363432394
   endloop
endfacet
facet normal -0.092488708216238 0.955397507901494 0.280466469917718
   outer loop
      vertex 0.297459162066472 0.169129792126964 0.125869925283169
      vertex 0.313037829577750 0.173788185338387 0.115138637396769
      vertex 0.303753900169818 0.173978820459978 0.111427709104691
   endloop
endfacet
facet normal -0.246415717728588 -0.001338218776063 0.969163300598414
   outer loop
      vertex 0.093099301780118 0.346529269749259 -0.304972322249844
      vertex 0.078525065444756 0.351019555736222 -0.308671711114128
      vertex 0.093082149347283 0.344529367394166 -0.304979444822403
   endloop
endfacet
facet normal -0.185494329022175 0.963578516157439 0.192635139838093
   outer loop
      vertex 0.243928243684822 0.130121192212855 0.248975063074314
      vertex 0.256323421435520 0.134903287656027 0.236990285773463
      vertex 0.230305579742352 0.130425491985645 0.234335243810785
   endloop
endfacet
facet normal -0.247608197289383 0.954286620916380 0.167413338103925
   outer loop
      vertex 0.173161178124931 0.111441379892633 0.264928909794553
      vertex 0.167907951922109 0.111570893609821 0.256421014941591
      vertex 0.154660101308365 0.106793688157789 0.264058081702789
   endloop
endfacet
facet normal -0.106024238240344 0.955677859235123 0.274661046152029
   outer loop
      vertex 0.297459162066472 0.169129792126964 0.125869925283169
      vertex 0.303753900169818 0.173978820459978 0.111427709104691
      vertex 0.288368035835489 0.169317115050957 0.121708796064498
   endloop
endfacet
facet normal -0.095787886128477 0.952644751200085 0.288604675779806
   outer loop
      vertex 0.288368035835489 0.169317115050957 0.121708796064498
      vertex 0.303753900169818 0.173978820459978 0.111427709104691
      vertex 0.294469968774353 0.174169555556233 0.107716781869167
   endloop
endfacet
facet normal 0.459905742997268 -0.011834889400349 0.887888868581543
   outer loop
      vertex 0.173931069921080 0.102300762436407 0.299049595177486
      vertex 0.158606861184707 0.099553514781414 0.306950559454470
      vertex 0.158584205603653 0.097553715467550 0.306935638699933
   endloop
endfacet
facet normal -0.095604114431539 0.952799958848037 0.288152896433370
   outer loop
      vertex 0.303753900169818 0.173978820459978 0.111427709104691
      vertex 0.299879523005200 0.179029112860064 0.093443073680532
      vertex 0.294469968774353 0.174169555556233 0.107716781869167
   endloop
endfacet
facet normal -0.095615229610220 0.952798263308920 0.288154814816775
   outer loop
      vertex 0.313037829577750 0.173788185338387 0.115138637396769
      vertex 0.299879523005200 0.179029112860064 0.093443073680532
      vertex 0.303753900169818 0.173978820459978 0.111427709104691
   endloop
endfacet
facet normal -0.102519980658680 0.958194887750003 0.267118345786103
   outer loop
      vertex 0.306550288297455 0.168942469202973 0.130031054501840
      vertex 0.313037829577750 0.173788185338387 0.115138637396769
      vertex 0.297459162066472 0.169129792126964 0.125869925283169
   endloop
endfacet
facet normal -0.115592950254312 0.958322353040566 0.261259521384959
   outer loop
      vertex 0.299341156896948 0.164104149258823 0.144588783790032
      vertex 0.306550288297455 0.168942469202973 0.130031054501840
      vertex 0.290464643578034 0.164287887809751 0.139987446711091
   endloop
endfacet
facet normal -0.239078791246585 0.964244327114697 0.114342508295023
   outer loop
      vertex 0.142913766630747 0.096811885704852 0.314089718641448
      vertex 0.158629516786927 0.101553313038936 0.306965580203427
      vertex 0.135017782541250 0.097032935742732 0.295715899419002
   endloop
endfacet
facet normal -0.128364551512894 0.958449230144926 0.254750103335589
   outer loop
      vertex 0.291427542604542 0.159273029002929 0.158777417644075
      vertex 0.299341156896948 0.164104149258823 0.144588783790032
      vertex 0.282786952243258 0.159452890503681 0.153746865716201
   endloop
endfacet
facet normal -0.244382579281429 0.964322155205596 0.101783770432178
   outer loop
      vertex 0.126868443208610 0.092075834806974 0.320435340177727
      vertex 0.142913766630747 0.096811885704852 0.314089718641448
      vertex 0.119883701517571 0.092283653941768 0.301696067915266
   endloop
endfacet
facet normal -0.140798428003583 0.958575579377156 0.247605858762409
   outer loop
      vertex 0.282827952520134 0.154448932364924 0.172563248405305
      vertex 0.291427542604542 0.159273029002929 0.158777417644075
      vertex 0.274444093463788 0.154624704667745 0.167115375646985
   endloop
endfacet
facet normal -0.152860536831072 0.958697258037830 0.239860842386710
   outer loop
      vertex 0.273562797512663 0.149631512639637 0.185913366254145
      vertex 0.282827952520134 0.154448932364924 0.172563248405305
      vertex 0.265455876493558 0.149803058969465 0.180061267674431
   endloop
endfacet
facet normal -0.253077062336643 0.964461228211877 0.075937736304777
   outer loop
      vertex 0.093942343380918 0.082618019351696 0.330733177406518
      vertex 0.110531761657986 0.087344777350157 0.325987531845328
      vertex 0.088828415690082 0.082798399158478 0.311399086104412
   endloop
endfacet
facet normal 0.548694804395057 -0.015372764237955 0.835881384976095
   outer loop
      vertex -0.152953797550042 0.419819462461226 -0.269335677347639
      vertex -0.165508726514109 0.426171829523893 -0.260977460668918
      vertex -0.165522884445369 0.424172231861762 -0.261004941793059
   endloop
endfacet
facet normal -0.164519717371582 0.958820471824138 0.231509320345669
   outer loop
      vertex 0.263653782464476 0.144820737265525 0.198795964477122
      vertex 0.273562797512663 0.149631512639637 0.185913366254145
      vertex 0.255843308531237 0.144987797452039 0.192553633979441
   endloop
endfacet
facet normal -0.175758654214891 0.958939297871422 0.222585530676266
   outer loop
      vertex 0.253124418055418 0.140016300027590 0.211180133137876
      vertex 0.263653782464476 0.144820737265525 0.198795964477122
      vertex 0.245629200606626 0.140178589423532 0.204562564571002
   endloop
endfacet
facet normal -0.259138243432221 0.964579639134935 0.049330422227886
   outer loop
      vertex 0.060163455498359 0.073176009198127 0.337760879569914
      vertex 0.077139602009937 0.077895265727232 0.334660764759147
      vertex 0.056970075397412 0.073327769622473 0.318018256633880
   endloop
endfacet
facet normal -0.075507361689289 -0.954056219591880 -0.289957528249868
   outer loop
      vertex 0.332535843833712 0.224991823434620 -0.060137387547273
      vertex 0.319788610154691 0.230218728895821 -0.074016150084765
      vertex 0.329572063008071 0.230071645479275 -0.076079889793224
   endloop
endfacet
facet normal -0.588488202631832 0.015305703454945 -0.808360916178476
   outer loop
      vertex -0.188092894358003 0.424785835503722 -0.294021195626481
      vertex -0.188107152269507 0.422786235853947 -0.294048676750456
      vertex -0.201849885091759 0.427149921767863 -0.283961319411442
   endloop
endfacet
facet normal -0.186544121468006 0.959053877524959 0.213112530720442
   outer loop
      vertex 0.241999614921586 0.135217910918112 0.223036062236327
      vertex 0.253124418055418 0.140016300027590 0.211180133137876
      vertex 0.234837661695664 0.135375220498990 0.216059050462261
   endloop
endfacet
facet normal 0.284928007838559 0.949843024046511 0.128896314995150
   outer loop
      vertex 0.135736530338202 0.331713779944748 -0.289366398198938
      vertex 0.139902154212880 0.331697880759234 -0.298457435298114
      vertex 0.125456896758691 0.336864471788757 -0.304598743669778
   endloop
endfacet
facet normal 0.899968757574236 -0.019254475478755 0.435528989350105
   outer loop
      vertex -0.269997933518888 0.471486966914844 -0.134615088061584
      vertex -0.270025435643056 0.469487447229188 -0.134646655765629
      vertex -0.263520530306689 0.465223463581571 -0.148276775659946
   endloop
endfacet
facet normal -0.261170378453151 0.964627275557191 0.035836471223460
   outer loop
      vertex 0.043054424049495 0.068459635422802 0.340025906347493
      vertex 0.060163455498359 0.073176009198127 0.337760879569914
      vertex 0.040834323289436 0.068596942345758 0.320150217296695
   endloop
endfacet
facet normal 0.271835678789732 -0.960080963081981 -0.065953832826464
   outer loop
      vertex 0.056931266060545 0.069328144230914 0.317993713761633
      vertex 0.070861756321203 0.074144934551932 0.305292337987291
      vertex 0.072941235729571 0.074061803052920 0.315073265622441
   endloop
endfacet
facet normal 0.435956906202510 -0.001759784932173 -0.899965821068405
   outer loop
      vertex 0.167831068213996 0.324461715495652 -0.318240789755052
      vertex 0.152361220111609 0.327650387274643 -0.325740850687006
      vertex 0.152380072998955 0.329650283505405 -0.325735628645149
   endloop
endfacet
facet normal 0.544858567093449 -0.013089039509080 0.838425798094025
   outer loop
      vertex 0.203371909659306 0.111811847434123 0.281073329778515
      vertex 0.188896597387534 0.109053212855914 0.290437175742571
      vertex 0.188872439988282 0.107053490040084 0.290421656080566
   endloop
endfacet
facet normal -0.224565883788762 0.959489142022956 0.170149199757810
   outer loop
      vertex 0.192093275755509 0.116082148207781 0.264625007949630
      vertex 0.205322551557327 0.120857748754130 0.255155125864772
      vertex 0.186429049512077 0.116217663486959 0.256385078444936
   endloop
endfacet
facet normal 0.391161519904612 -0.001349916119499 -0.920321054345919
   outer loop
      vertex 0.152399025845379 0.331650182780155 -0.325730506597878
      vertex 0.152380072998955 0.329650283505405 -0.325735628645149
      vertex 0.136578981824138 0.334840264062295 -0.332459135457567
   endloop
endfacet
facet normal 0.767258363537797 -0.017936685537454 0.641087263087665
   outer loop
      vertex -0.231062560060258 0.450098921478937 -0.199062363432394
      vertex -0.231083149518170 0.448099336380381 -0.199093667275864
      vertex -0.221469685051757 0.443800050264574 -0.210719426180552
   endloop
endfacet
facet normal -0.258983670967543 0.964792794461391 -0.045851084257156
   outer loop
      vertex -0.043045659864121 0.044907753506859 0.338695868086666
      vertex -0.056432800220653 0.040246880273084 0.316237813381213
      vertex -0.060086071495885 0.040200704375518 0.335901196423456
   endloop
endfacet
facet normal -0.240188009655643 0.959683557297678 0.146004074840860
   outer loop
      vertex 0.164318942125336 0.106546984839952 0.281569108645701
      vertex 0.178414302381142 0.111311963106121 0.273436905698651
      vertex 0.159489521706268 0.106670337027041 0.272813545177036
   endloop
endfacet
facet normal -0.247071842732924 0.959774705311622 0.133371734533770
   outer loop
      vertex 0.149841599837957 0.101787309686700 0.289001509403165
      vertex 0.164318942125336 0.106546984839952 0.281569108645701
      vertex 0.145447491393105 0.101904305029114 0.280019474003283
   endloop
endfacet
facet normal 0.280309577662153 0.958311390599228 0.055369841237254
   outer loop
      vertex 0.078525065444756 0.351019555736222 -0.308671711114128
      vertex 0.067457896227439 0.355564896065203 -0.331312517989824
      vertex 0.063785932632548 0.355503054427350 -0.311652896684812
   endloop
endfacet
facet normal 0.216996549669257 0.950303833290160 0.223237814596153
   outer loop
      vertex 0.233840601299844 0.290530746370169 -0.218750985473034
      vertex 0.241171557273871 0.290454324989989 -0.225551664042466
      vertex 0.230194846785174 0.295597261519554 -0.236774870111655
   endloop
endfacet
facet normal -0.135677444660135 -0.948165214612474 -0.287357541765267
   outer loop
      vertex 0.291638522070328 0.250712023325263 -0.129943674153171
      vertex 0.285296435894550 0.255814054277521 -0.143783889385499
      vertex 0.300831890688837 0.250588312195973 -0.133876176378739
   endloop
endfacet
facet normal 0.603085843038081 -0.005159995344224 -0.797659601819658
   outer loop
      vertex 0.225389518003806 0.303732824356840 -0.280945649111615
      vertex 0.225368464156933 0.301732954712005 -0.280948630281689
      vertex 0.211687335382280 0.306910375019088 -0.291326002442157
   endloop
endfacet
facet normal -0.253314915717296 0.959861537241217 0.120405077966282
   outer loop
      vertex 0.135017782541250 0.097032935742732 0.295715899419002
      vertex 0.149841599837957 0.101787309686700 0.289001509403165
      vertex 0.131069890476746 0.097143462749317 0.286528989807612
   endloop
endfacet
facet normal -0.258907257336210 0.959941778882235 0.107139223700065
   outer loop
      vertex 0.119883701517571 0.092283653941768 0.301696067915266
      vertex 0.135017782541250 0.097032935742732 0.295715899419002
      vertex 0.116391332670169 0.092387463006332 0.292326480724690
   endloop
endfacet
facet normal 0.188779897246424 -0.009549785676366 0.981972989439712
   outer loop
      vertex -0.041069809112921 0.384689659681989 -0.312025112857260
      vertex -0.055849332271143 0.389112388100504 -0.309140804427067
      vertex -0.041080862127285 0.382689846355605 -0.312042436349786
   endloop
endfacet
facet normal 0.249685605297894 0.967400296829123 -0.042352853527818
   outer loop
      vertex -0.059949885294987 0.391316527720404 -0.328693144585078
      vertex -0.064061291449118 0.391520861724190 -0.348264108269043
      vertex -0.080588566766275 0.395964158500670 -0.344207147175145
   endloop
endfacet
facet normal 0.713504177866460 -0.007393655120341 -0.700611962523527
   outer loop
      vertex 0.251115067102820 0.291390121710576 -0.258237087919658
      vertex 0.263141570760994 0.288225202962073 -0.245955880370829
      vertex 0.263118716129399 0.286225354966530 -0.245958050885802
   endloop
endfacet
facet normal -0.102773068763154 -0.953810291920797 -0.282282878267472
   outer loop
      vertex 0.325829275380509 0.235159174108101 -0.091856536485390
      vertex 0.311781811650827 0.240389871570063 -0.104416250128191
      vertex 0.321316188992578 0.240254094518562 -0.107428730637985
   endloop
endfacet
facet normal -0.263825398578118 0.960016047182920 0.093623438392200
   outer loop
      vertex 0.104475074576311 0.087538922115788 0.306928000822381
      vertex 0.119883701517571 0.092283653941768 0.301696067915266
      vertex 0.101446630040296 0.087636043554632 0.297398135844933
   endloop
endfacet
facet normal 0.778654916233775 -0.008812049588653 -0.627390523682834
   outer loop
      vertex 0.274503748789534 0.281065373371631 -0.233102530187548
      vertex 0.285267310237940 0.277910243573862 -0.219699549299564
      vertex 0.285243155127422 0.275910406771036 -0.219701439405386
   endloop
endfacet
facet normal -0.271610251008190 0.960148190683236 0.065903895749619
   outer loop
      vertex 0.072980845120058 0.078061433782224 0.315098808437544
      vertex 0.088828415690082 0.082798399158478 0.311399086104412
      vertex 0.070901465691935 0.078144567268880 0.305317880802228
   endloop
endfacet
facet normal 0.274928375875451 0.958062945459040 0.080807058335493
   outer loop
      vertex 0.107475238508896 0.342032021224261 -0.300563125341442
      vertex 0.098672659377272 0.346549976293710 -0.324179955311815
      vertex 0.093099301780118 0.346529269749259 -0.304972322249844
   endloop
endfacet
facet normal 0.274624230334573 0.959613368722092 -0.061022247442898
   outer loop
      vertex -0.070457778444685 0.395525312661617 -0.305515567576780
      vertex -0.055838478942103 0.391112183719153 -0.309122181006770
      vertex -0.075523172506104 0.395744730582410 -0.324861357428790
   endloop
endfacet
facet normal 0.236567207705604 -0.010331713602349 0.971560194703557
   outer loop
      vertex -0.055838478942103 0.391112183719153 -0.309122181006770
      vertex -0.070457778444685 0.395525312661617 -0.305515567576780
      vertex -0.055849332271143 0.389112388100504 -0.309140804427067
   endloop
endfacet
facet normal 0.370466098994447 -0.010514526732719 0.928786473966661
   outer loop
      vertex 0.142891710994658 0.094812095147835 0.314075097869169
      vertex 0.126868443208610 0.092075834806974 0.320435340177727
      vertex 0.126847087540063 0.090076052881766 0.320421219376378
   endloop
endfacet
facet normal -0.274447459688940 0.960206744689139 0.051784160935310
   outer loop
      vertex 0.056970075397412 0.073327769622473 0.318018256633880
      vertex 0.072980845120058 0.078061433782224 0.315098808437544
      vertex 0.055373333369284 0.073403748815485 0.308146946222500
   endloop
endfacet
facet normal 0.862144839859261 -0.010922078232206 -0.506544157316160
   outer loop
      vertex 0.304683552656266 0.265616318804180 -0.191392035871936
      vertex 0.313364484465222 0.262477318280176 -0.176549292421117
      vertex 0.313338028214823 0.260477515952506 -0.176551201676761
   endloop
endfacet
facet normal -0.276580025113574 0.960258202945616 0.037518973651081
   outer loop
      vertex 0.040834323289436 0.068596942345758 0.320150217296695
      vertex 0.056970075397412 0.073327769622473 0.318018256633880
      vertex 0.039724224896233 0.068665495366921 0.310212321717616
   endloop
endfacet
facet normal 0.117873455874941 0.962390836882328 -0.244764632831280
   outer loop
      vertex -0.275795368753741 0.477743771823076 -0.120649458181718
      vertex -0.269970441394862 0.473486486507370 -0.134583530356963
      vertex -0.294360796903247 0.478128553959573 -0.128077248513965
   endloop
endfacet
facet normal -0.277999020160443 0.960301654211335 0.023179251687818
   outer loop
      vertex 0.024611907933358 0.063868369561101 0.321489375866492
      vertex 0.040834323289436 0.068596942345758 0.320150217296695
      vertex 0.023991251739283 0.063929598466432 0.311508896945122
   endloop
endfacet
facet normal 0.927025093134387 -0.012816317443018 -0.374780227208402
   outer loop
      vertex 0.328411896559888 0.250217177031729 -0.145673703054158
      vertex 0.334822824438083 0.247096154507662 -0.129709437614269
      vertex 0.334794167106152 0.245096384666474 -0.129711936093743
   endloop
endfacet
facet normal 0.959228484010969 -0.014011737866433 -0.282284230278598
   outer loop
      vertex 0.340384943684546 0.239982539993024 -0.113453651659806
      vertex 0.345200572008534 0.236875871750906 -0.096935486003780
      vertex 0.345170414025526 0.234876119690563 -0.096938704017954
   endloop
endfacet
facet normal -0.278666635616611 0.960371210251150 -0.005660805142424
   outer loop
      vertex 0.008341844734051 0.059141663726213 0.322032219795249
      vertex -0.007575115614310 0.054462702576724 0.311783891002209
      vertex -0.007936954435592 0.054416614133654 0.321777238536585
   endloop
endfacet
facet normal 0.990195824646118 -0.015639471493144 -0.138807909662272
   outer loop
      vertex 0.352281599143859 0.224686957035055 -0.063300264003257
      vertex 0.354622558307891 0.221604495872999 -0.046253569336351
      vertex 0.354590299009815 0.219604788955836 -0.046258386518144
   endloop
endfacet
facet normal 0.877548951231798 -0.019042141889767 0.479108792472254
   outer loop
      vertex -0.263468427394658 0.469222541377365 -0.148213269211139
      vertex -0.263494477857965 0.467222952544953 -0.148245027963540
      vertex -0.256330449003838 0.462952290550019 -0.161536599020595
   endloop
endfacet
facet normal 0.055037772482500 0.005238716216363 -0.998470530087177
   outer loop
      vertex 0.037418910683760 0.364651595776190 -0.355281211037109
      vertex 0.037405658401409 0.362651724272087 -0.355292434338191
      vertex 0.020426448714962 0.367152216290735 -0.356204750777872
   endloop
endfacet
facet normal 0.270972854236802 0.959771172199422 -0.073573155985778
   outer loop
      vertex -0.084883254393941 0.399929180438312 -0.301196153215686
      vertex -0.070457778444685 0.395525312661617 -0.305515567576780
      vertex -0.090890521358036 0.400163051678526 -0.320270275866215
   endloop
endfacet
facet normal 0.998251682553106 -0.017569669140426 0.056434785426971
   outer loop
      vertex 0.356470777530764 0.204409850506869 0.005266080890656
      vertex 0.355445983804077 0.201362012405279 0.022444361051783
      vertex 0.355411224187310 0.199362296428361 0.022436644141664
   endloop
endfacet
facet normal 0.994289727901404 -0.017937098237761 0.105195995629874
   outer loop
      vertex 0.355411224187310 0.199362296428361 0.022436644141664
      vertex 0.353546290673555 0.196323197149115 0.039545390561555
      vertex 0.353511128957779 0.194323582703356 0.039536774758888
   endloop
endfacet
facet normal 0.247471959694930 0.001328201188666 -0.968894145428877
   outer loop
      vertex 0.104246016775673 0.346570692835627 -0.343387588268131
      vertex 0.104228864342838 0.344570790480534 -0.343394710840689
      vertex 0.087765626292679 0.349102718795776 -0.347593487858607
   endloop
endfacet
facet normal -0.186813458091156 0.958941448374908 0.213382357435326
   outer loop
      vertex 0.256323421435520 0.134903287656027 0.236990285773463
      vertex 0.241999614921586 0.135217910918112 0.223036062236327
      vertex 0.230305579742352 0.130425491985645 0.234335243810785
   endloop
endfacet
facet normal 0.435908394750856 -0.001826050814889 -0.899989187115130
   outer loop
      vertex 0.167850321094074 0.326461616017581 -0.318236167786025
      vertex 0.152380072998955 0.329650283505405 -0.325735628645149
      vertex 0.152399025845379 0.331650182780155 -0.325730506597878
   endloop
endfacet
facet normal -0.197110575274651 0.959059978670753 0.203350383395144
   outer loop
      vertex 0.243928243684822 0.130121192212855 0.248975063074314
      vertex 0.230305579742352 0.130425491985645 0.234335243810785
      vertex 0.218070121101363 0.125638885486642 0.245050268778947
   endloop
endfacet
facet normal -0.034014830292414 -0.951938180264313 -0.304395618028983
   outer loop
      vertex 0.326119562274578 0.215018640461886 -0.027301347546746
      vertex 0.324774918378889 0.220077502649743 -0.042971698724228
      vertex 0.336099762791335 0.214856142988563 -0.027908410417774
   endloop
endfacet
facet normal 0.345487136055464 -0.000537299338636 -0.938423332046691
   outer loop
      vertex 0.136597634658074 0.336840161033524 -0.332453413337632
      vertex 0.136578981824138 0.334840264062295 -0.332459135457567
      vertex 0.120485168980277 0.342030860933491 -0.338388302626127
   endloop
endfacet
facet normal -0.206904276112222 0.959172298743276 0.192818883541052
   outer loop
      vertex 0.230958627649558 0.125345323878799 0.260340593178694
      vertex 0.218070121101363 0.125638885486642 0.245050268778947
      vertex 0.205322551557327 0.120857748754130 0.255155125864772
   endloop
endfacet
facet normal 0.999829853655026 -0.016802808764373 0.007611133804927
   outer loop
      vertex 0.356720850697935 0.211465822141892 -0.011927896573540
      vertex 0.356504937075568 0.206409564064991 0.005272897852007
      vertex 0.356687290984011 0.209466123112716 -0.011934013469303
   endloop
endfacet
facet normal 0.959222406545085 -0.013963665413771 -0.282307263155002
   outer loop
      vertex 0.340414301343426 0.241982300372503 -0.113450833410667
      vertex 0.345230630011298 0.238875621823603 -0.096932267989441
      vertex 0.345200572008534 0.236875871750906 -0.096935486003780
   endloop
endfacet
facet normal -0.216153703131774 0.959284703090484 0.181797786122449
   outer loop
      vertex 0.217445685173006 0.120575393722308 0.271059164902462
      vertex 0.205322551557327 0.120857748754130 0.255155125864772
      vertex 0.192093275755509 0.116082148207781 0.264625007949630
   endloop
endfacet
facet normal 0.250015938416247 0.966284421708948 0.061534111681636
   outer loop
      vertex 0.083153421991615 0.351061088219809 -0.328128538068683
      vertex 0.087781678756984 0.351102608718284 -0.347585365128729
      vertex 0.071129959802574 0.355626739690702 -0.350972139295003
   endloop
endfacet
facet normal 0.999825384323910 -0.017106196252714 0.007521895459892
   outer loop
      vertex 0.356720850697935 0.211465822141892 -0.011927896573540
      vertex 0.356539097635304 0.208409226579439 0.005279814279499
      vertex 0.356504937075568 0.206409564064991 0.005272897852007
   endloop
endfacet
facet normal 0.282521531532754 -0.957944483359654 0.050238939292083
   outer loop
      vertex -0.056469006305649 0.036247117852928 0.316221668979234
      vertex -0.054642420658155 0.036270204807889 0.306389977458195
      vertex -0.039058659033947 0.041000489846206 0.308949789784539
   endloop
endfacet
facet normal 0.944252189952889 -0.013396768770657 -0.328950343297707
   outer loop
      vertex 0.334822824438083 0.247096154507662 -0.129709437614269
      vertex 0.340443658805671 0.243982070643815 -0.113448005056430
      vertex 0.340414301343426 0.241982300372503 -0.113450833410667
   endloop
endfacet
facet normal 0.197124668438217 -0.959052913007138 -0.203370044858250
   outer loop
      vertex 0.218016907080387 0.121639351967433 0.245018329513307
      vertex 0.223439281125150 0.126578223002859 0.226983446498325
      vertex 0.230250564089445 0.126426022663481 0.234303305604686
   endloop
endfacet
facet normal 0.999012399429250 -0.016353986296301 -0.041313108317248
   outer loop
      vertex 0.356092923548653 0.216530838564322 -0.029117119223668
      vertex 0.356720850697935 0.211465822141892 -0.011927896573540
      vertex 0.356059964063114 0.214531134069159 -0.029122536265155
   endloop
endfacet
facet normal -0.374996639193825 0.013061670022048 -0.926934147266984
   outer loop
      vertex -0.112962909511854 0.402819728214911 -0.333709190448958
      vertex -0.128735475717314 0.405232677927363 -0.327294304894288
      vertex -0.128723720158811 0.407232370748147 -0.327270882482994
   endloop
endfacet
facet normal -0.232951313644857 0.959495386714256 0.158437016966355
   outer loop
      vertex 0.188920752799252 0.111053035646409 0.290452696461129
      vertex 0.178414302381142 0.111311963106121 0.273436905698651
      vertex 0.164318942125336 0.106546984839952 0.281569108645701
   endloop
endfacet
facet normal 0.875871664755848 -0.018326359196159 0.482195988615037
   outer loop
      vertex 0.317060222384143 0.161737040743434 0.153777241399275
      vertex 0.308675563942463 0.156913593683420 0.168824003910049
      vertex 0.317026263199875 0.159737310411578 0.153762923799666
   endloop
endfacet
facet normal 0.927016772283222 -0.012769836152408 -0.374802394856592
   outer loop
      vertex 0.328439753398571 0.252216963710642 -0.145671464241878
      vertex 0.334851381789769 0.249095922361205 -0.129706939134630
      vertex 0.334822824438083 0.247096154507662 -0.129709437614269
   endloop
endfacet
facet normal -0.240455057757925 0.959595169863336 0.146145390531447
   outer loop
      vertex 0.173977780954775 0.106300381496778 0.299080136645166
      vertex 0.164318942125336 0.106546984839952 0.281569108645701
      vertex 0.149841599837957 0.101787309686700 0.289001509403165
   endloop
endfacet
facet normal 0.995803447587000 -0.015847183483163 -0.090135234783605
   outer loop
      vertex 0.354622558307891 0.221604495872999 -0.046253569336351
      vertex 0.356092923548653 0.216530838564322 -0.029117119223668
      vertex 0.354590299009815 0.219604788955836 -0.046258386518144
   endloop
endfacet
facet normal 0.246672450816814 0.950081576998471 0.191043709805177
   outer loop
      vertex 0.200399266665666 0.305949828176983 -0.249727897937089
      vertex 0.206652167941636 0.305895546398820 -0.257531590435421
      vertex 0.194142722558676 0.311050305010651 -0.267014790075169
   endloop
endfacet
facet normal 0.907593780377601 -0.011849609843968 -0.419682161363144
   outer loop
      vertex 0.321281002160020 0.257344188352390 -0.161297560165674
      vertex 0.328439753398571 0.252216963710642 -0.145671464241878
      vertex 0.321253945402262 0.255344405570125 -0.161299609095543
   endloop
endfacet
facet normal 0.700850428144993 -0.017210196733880 0.713100614568071
   outer loop
      vertex -0.200594295628944 0.435176707244156 -0.232482311484517
      vertex -0.211280621389714 0.441492335535760 -0.221827140201665
      vertex -0.211298781138460 0.439492789293294 -0.221857550099069
   endloop
endfacet
facet normal 0.464376867485018 -0.014277529053442 0.885522601128243
   outer loop
      vertex -0.126675595039542 0.411088751237020 -0.284092419351668
      vertex -0.139981310032995 0.417458001887326 -0.277012076736439
      vertex -0.139994065844788 0.415458311690170 -0.277037629027184
   endloop
endfacet
facet normal 0.102729855120011 -0.958045776348165 -0.267572172111496
   outer loop
      vertex 0.299273236540880 0.160104788569775 0.144560149647366
      vertex 0.297389340309892 0.165130483083899 0.125842292144393
      vertex 0.306480566521120 0.164943162147552 0.130003421362899
   endloop
endfacet
facet normal -0.247331619896260 0.959690806497728 0.133493916427799
   outer loop
      vertex 0.158629516786927 0.101553313038936 0.306965580203427
      vertex 0.149841599837957 0.101787309686700 0.289001509403165
      vertex 0.135017782541250 0.097032935742732 0.295715899419002
   endloop
endfacet
facet normal 0.995791901239902 -0.016118664033380 -0.090214622400142
   outer loop
      vertex 0.354622558307891 0.221604495872999 -0.046253569336351
      vertex 0.356125783053949 0.218530541071840 -0.029111702182016
      vertex 0.356092923548653 0.216530838564322 -0.029117119223668
   endloop
endfacet
facet normal 0.286384089021217 -0.957822018028399 -0.023688295326887
   outer loop
      vertex 0.024574500794274 0.059868647726053 0.321467131806988
      vertex 0.023953744641121 0.059929873587396 0.311486752880202
      vertex 0.039686115675075 0.064665871212779 0.310188978777225
   endloop
endfacet
facet normal -0.253570533820057 0.959780057340010 0.120516496425256
   outer loop
      vertex 0.142913766630747 0.096811885704852 0.314089718641448
      vertex 0.135017782541250 0.097032935742732 0.295715899419002
      vertex 0.119883701517571 0.092283653941768 0.301696067915266
   endloop
endfacet
facet normal 0.256543764708423 0.960246025700374 -0.110058470441243
   outer loop
      vertex -0.126663439333580 0.413088440705526 -0.284067927000762
      vertex -0.113019237532908 0.408710551531354 -0.290460127267122
      vertex -0.135402728121987 0.413361750654258 -0.302054414062251
   endloop
endfacet
facet normal -0.259154876851974 0.959863655232971 0.107240445572731
   outer loop
      vertex 0.126868443208610 0.092075834806974 0.320435340177727
      vertex 0.119883701517571 0.092283653941768 0.301696067915266
      vertex 0.104475074576311 0.087538922115788 0.306928000822381
   endloop
endfacet
facet normal 0.282745265903565 -0.957724413694144 -0.053094839893641
   outer loop
      vertex 0.056931266060545 0.069328144230914 0.317993713761633
      vertex 0.055334626000193 0.069404025436910 0.308122402293532
      vertex 0.070861756321203 0.074144934551932 0.305292337987291
   endloop
endfacet
facet normal 0.236487132954345 -0.010343248404756 0.971579566046688
   outer loop
      vertex -0.055849332271143 0.389112388100504 -0.309140804427067
      vertex -0.070468731809214 0.393525517733959 -0.305535391035587
      vertex -0.055860285381673 0.387112580496744 -0.309159427952853
   endloop
endfacet
facet normal 0.990190641138016 -0.015645856689058 -0.138844162178861
   outer loop
      vertex 0.352313157637046 0.226686697422958 -0.063296146358608
      vertex 0.354654817187295 0.223604223841436 -0.046248851937664
      vertex 0.354622558307891 0.221604495872999 -0.046253569336351
   endloop
endfacet
facet normal 0.271617259520702 -0.960146553819236 -0.065898858256489
   outer loop
      vertex 0.077099892639206 0.073895633010283 0.334635221944211
      vertex 0.072941235729571 0.074061803052920 0.315073265622441
      vertex 0.088787808273019 0.078798659141475 0.311372542290231
   endloop
endfacet
facet normal -0.264064665849177 0.959943574591357 0.093691973246011
   outer loop
      vertex 0.110531761657986 0.087344777350157 0.325987531845328
      vertex 0.104475074576311 0.087538922115788 0.306928000822381
      vertex 0.088828415690082 0.082798399158478 0.311399086104412
   endloop
endfacet
facet normal 0.279819667905921 -0.957667496430709 -0.067630760258609
   outer loop
      vertex 0.072941235729571 0.074061803052920 0.315073265622441
      vertex 0.070861756321203 0.074144934551932 0.305292337987291
      vertex 0.086230793443712 0.078888898038375 0.301705497167538
   endloop
endfacet
facet normal 0.284735450035215 -0.954899438936465 -0.084218673772912
   outer loop
      vertex 0.086230793443712 0.078888898038375 0.301705497167538
      vertex 0.083673780601938 0.078979036960611 0.292038450988291
      vertex 0.098376678074520 0.083733416594742 0.287840827105034
   endloop
endfacet
facet normal -0.268297768957694 0.960014975131512 0.079922178996612
   outer loop
      vertex 0.093942343380918 0.082618019351696 0.330733177406518
      vertex 0.088828415690082 0.082798399158478 0.311399086104412
      vertex 0.072980845120058 0.078061433782224 0.315098808437544
   endloop
endfacet
facet normal 0.862132791132652 -0.010876108426410 -0.506565652921042
   outer loop
      vertex 0.304709208455538 0.267616135867455 -0.191390187294593
      vertex 0.313390840538740 0.264477128512034 -0.176547373060209
      vertex 0.313364484465222 0.262477318280176 -0.176549292421117
   endloop
endfacet
facet normal 0.982220024250085 -0.015057323647853 -0.187128568013348
   outer loop
      vertex 0.349170026803457 0.231777234372501 -0.080203751325446
      vertex 0.352344616568663 0.228686414771940 -0.063291928930686
      vertex 0.352313157637046 0.226686697422958 -0.063296146358608
   endloop
endfacet
facet normal 0.294578117362922 0.000862210848556 -0.955627013726260
   outer loop
      vertex 0.120448363775810 0.338031048559156 -0.338400847228050
      vertex 0.104211611929759 0.342570886137795 -0.343401833413082
      vertex 0.104228864342838 0.344570790480534 -0.343394710840689
   endloop
endfacet
facet normal 0.266967035274682 0.963479493424310 -0.020877447820129
   outer loop
      vertex -0.026155324727882 0.382257561536267 -0.314164880435386
      vertex -0.028331711945656 0.382429838825864 -0.334044609557692
      vertex -0.044206459733421 0.386878088443352 -0.331756833012352
   endloop
endfacet
facet normal 0.877640950884238 -0.018436939179444 0.478963924116112
   outer loop
      vertex -0.263494477857965 0.467222952544953 -0.148245027963540
      vertex -0.256355089758400 0.460952730377213 -0.161568417771988
      vertex -0.256330449003838 0.462952290550019 -0.161536599020595
   endloop
endfacet
facet normal 0.134497293287537 0.966345568045135 -0.219286846887478
   outer loop
      vertex -0.281212542113251 0.469600071286881 -0.157432329977995
      vertex -0.273574354304318 0.465325046661623 -0.171586555632809
      vertex -0.298956668815285 0.469977700866662 -0.166651379688839
   endloop
endfacet
facet normal 0.836341326631045 -0.009890536256744 -0.548119843338642
   outer loop
      vertex 0.295335981253160 0.272760492538449 -0.205785027794006
      vertex 0.304709208455538 0.267616135867455 -0.191390187294593
      vertex 0.295311125695254 0.270760671286334 -0.205786867584491
   endloop
endfacet
facet normal -0.293616160127352 -0.000871563446194 0.955923004686689
   outer loop
      vertex 0.107438433084508 0.338032219903734 -0.300575769832129
      vertex 0.093082149347283 0.344529367394166 -0.304979444822403
      vertex 0.093064896934204 0.342529463051427 -0.304986567394795
   endloop
endfacet
facet normal 0.732450140361683 -0.016134767415415 0.680629459518615
   outer loop
      vertex 0.268085694511667 0.137692001124950 0.224399551685636
      vertex 0.256295062793806 0.132903585559120 0.236974367197310
      vertex 0.268056436047754 0.135692281139235 0.224383633110978
   endloop
endfacet
facet normal 0.698151140052124 -0.015633439980343 0.715779701583037
   outer loop
      vertex 0.256295062793806 0.132903585559120 0.236974367197310
      vertex 0.243900684863896 0.128121507073454 0.248959044502415
      vertex 0.256266706118458 0.130903784543891 0.236958347570187
   endloop
endfacet
facet normal -0.271828963490932 0.960083497233234 0.065944620310141
   outer loop
      vertex 0.077139602009937 0.077895265727232 0.334660764759147
      vertex 0.072980845120058 0.078061433782224 0.315098808437544
      vertex 0.056970075397412 0.073327769622473 0.318018256633880
   endloop
endfacet
facet normal -0.274659037325475 0.960145023174518 0.051806830521154
   outer loop
      vertex 0.060163455498359 0.073176009198127 0.337760879569914
      vertex 0.056970075397412 0.073327769622473 0.318018256633880
      vertex 0.040834323289436 0.068596942345758 0.320150217296695
   endloop
endfacet
facet normal 0.808489525977231 -0.009209222861926 -0.588438507067130
   outer loop
      vertex 0.285267310237940 0.277910243573862 -0.219699549299564
      vertex 0.295335981253160 0.272760492538449 -0.205785027794006
      vertex 0.285243155127422 0.275910406771036 -0.219701439405386
   endloop
endfacet
facet normal -0.005353805923654 -0.006178331792632 0.999966581930812
   outer loop
      vertex 0.018911270844323 0.366912982516438 -0.316235326226485
      vertex 0.003861029975846 0.371368883487805 -0.316288374033318
      vertex 0.018898718567192 0.364913117607022 -0.316247749673059
   endloop
endfacet
facet normal 0.971888452357301 -0.014512101216485 -0.234994117145117
   outer loop
      vertex 0.345200572008534 0.236875871750906 -0.096935486003780
      vertex 0.349200785370023 0.233776963084608 -0.080200033657142
      vertex 0.349170026803457 0.231777234372501 -0.080203751325446
   endloop
endfacet
facet normal 0.808427495081805 -0.009546251897154 -0.588518355083742
   outer loop
      vertex 0.285267310237940 0.277910243573862 -0.219699549299564
      vertex 0.295360936791734 0.274760315757083 -0.205783186003799
      vertex 0.295335981253160 0.272760492538449 -0.205785027794006
   endloop
endfacet
facet normal 0.959249507306576 -0.013684603880805 -0.282228833305028
   outer loop
      vertex 0.340414301343426 0.241982300372503 -0.113450833410667
      vertex 0.345200572008534 0.236875871750906 -0.096935486003780
      vertex 0.340384943684546 0.239982539993024 -0.113453651659806
   endloop
endfacet
facet normal 0.224605428288737 0.964968031024533 -0.135606418298950
   outer loop
      vertex -0.176793783449139 0.426478730378531 -0.277485591528713
      vertex -0.163401026513479 0.422115485876603 -0.286351731962809
      vertex -0.188078738414275 0.426785533140517 -0.293993713445787
   endloop
endfacet
facet normal -0.278192372195222 0.960245344479242 0.023192293080608
   outer loop
      vertex 0.025853320280586 0.063745914794428 0.341450233714646
      vertex 0.024611907933358 0.063868369561101 0.321489375866492
      vertex 0.008341844734051 0.059141663726213 0.322032219795249
   endloop
endfacet
facet normal 0.239943185691900 0.967812534614393 -0.075935271667953
   outer loop
      vertex -0.106016531526599 0.404571825672738 -0.314930404441492
      vertex -0.112951556115859 0.404819525735879 -0.333686966913466
      vertex -0.128712066589251 0.409232162612291 -0.327247559009398
   endloop
endfacet
facet normal -0.278868945213667 0.960289051521578 0.008777751603093
   outer loop
      vertex 0.008601265080734 0.059034204756305 0.342030045966947
      vertex 0.008341844734051 0.059141663726213 0.322032219795249
      vertex -0.007936954435592 0.054416614133654 0.321777238536585
   endloop
endfacet
facet normal 0.200050289387992 0.002324808194151 -0.979782872366445
   outer loop
      vertex 0.087765626292679 0.349102718795776 -0.347593487858607
      vertex 0.087749574048293 0.347102817819460 -0.347601510699722
      vertex 0.071099855269208 0.351626959684291 -0.350990285285959
   endloop
endfacet
facet normal -0.278838061811018 0.960321492719057 -0.005653840050535
   outer loop
      vertex -0.008660328204691 0.054324245373806 0.341763731502894
      vertex -0.007936954435592 0.054416614133654 0.321777238536585
      vertex -0.024185169471740 0.049692600170093 0.320724617222350
   endloop
endfacet
facet normal 0.175494686801720 0.965729462360174 -0.191228189433191
   outer loop
      vertex -0.256266073784324 0.456752787125465 -0.198675056548065
      vertex -0.231041960604320 0.452098506776256 -0.199031059588940
      vertex -0.246638908714365 0.452455012296344 -0.211544348798467
   endloop
endfacet
facet normal -0.278073037754105 0.960350129019341 -0.020075242632119
   outer loop
      vertex -0.025889841892604 0.049615560667769 0.340651576501491
      vertex -0.024185169471740 0.049692600170093 0.320724617222350
      vertex -0.040363489742561 0.044969477856004 0.318876746144368
   endloop
endfacet
facet normal -0.235699690719265 0.010280375037815 -0.971771562500120
   outer loop
      vertex -0.064061291449118 0.391520861724190 -0.348264108269043
      vertex -0.064072144756991 0.389521065049200 -0.348282631694922
      vertex -0.080599520329557 0.393964373570479 -0.344226970528297
   endloop
endfacet
facet normal -0.274377536012065 0.960386998312618 -0.048721465536530
   outer loop
      vertex -0.060086071495885 0.040200704375518 0.335901196423456
      vertex -0.056432800220653 0.040246880273084 0.316237813381213
      vertex -0.072353889428937 0.035524620256829 0.312814109007191
   endloop
endfacet
facet normal 0.222561536561878 -0.956886578174798 -0.186639864316661
   outer loop
      vertex 0.205271035234139 0.116858347943214 0.255123287647283
      vertex 0.199209418425595 0.116999524993473 0.247171218131311
      vertex 0.211572702813229 0.121786183224338 0.237373217838837
   endloop
endfacet
facet normal -0.271457617755001 0.960394544643287 -0.062873526878904
   outer loop
      vertex -0.076969559739100 0.035493968732067 0.332274148395944
      vertex -0.072353889428937 0.035524620256829 0.312814109007191
      vertex -0.088087545488172 0.030802490572234 0.308613822990550
   endloop
endfacet
facet normal 0.713547506534324 -0.007070707778154 -0.700571167698304
   outer loop
      vertex 0.251137221519648 0.293389973569216 -0.258234707203934
      vertex 0.263141570760994 0.288225202962073 -0.245955880370829
      vertex 0.251115067102820 0.291390121710576 -0.258237087919658
   endloop
endfacet
facet normal -0.075742786945896 0.957790772601655 0.277308251130027
   outer loop
      vertex 0.313037829577750 0.173788185338387 0.115138637396769
      vertex 0.337697527638949 0.178253730055492 0.106450604283918
      vertex 0.299879523005200 0.179029112860064 0.093443073680532
   endloop
endfacet
facet normal -0.083379105017626 0.962522698470240 0.258065843877152
   outer loop
      vertex 0.331605792370091 0.173406716077181 0.122560591862069
      vertex 0.337697527638949 0.178253730055492 0.106450604283918
      vertex 0.313037829577750 0.173788185338387 0.115138637396769
   endloop
endfacet
facet normal -0.096035807293238 0.962644654820199 0.253164753201619
   outer loop
      vertex 0.324732642727198 0.168567725367968 0.138353311882463
      vertex 0.331605792370091 0.173406716077181 0.122560591862069
      vertex 0.306550288297455 0.168942469202973 0.130031054501840
   endloop
endfacet
facet normal -0.108435001390085 0.962768523354087 0.247625969785327
   outer loop
      vertex 0.317094183555944 0.163736671100626 0.153791557942332
      vertex 0.324732642727198 0.168567725367968 0.138353311882463
      vertex 0.299341156896948 0.164104149258823 0.144588783790032
   endloop
endfacet
facet normal -0.120545345867755 0.962888917386607 0.241482405909151
   outer loop
      vertex 0.308708625376730 0.158913201926436 0.168838720432271
      vertex 0.317094183555944 0.163736671100626 0.153791557942332
      vertex 0.291427542604542 0.159273029002929 0.158777417644075
   endloop
endfacet
facet normal 0.464608649900884 -0.013668839165945 0.885410619584571
   outer loop
      vertex -0.126663439333580 0.413088440705526 -0.284067927000762
      vertex -0.139981310032995 0.417458001887326 -0.277012076736439
      vertex -0.126675595039542 0.411088751237020 -0.284092419351668
   endloop
endfacet
facet normal 0.641514838635358 -0.005610130203065 -0.767090110905984
   outer loop
      vertex 0.238543266501983 0.298559287348363 -0.269907377413020
      vertex 0.225368464156933 0.301732954712005 -0.280948630281689
      vertex 0.225389518003806 0.303732824356840 -0.280945649111615
   endloop
endfacet
facet normal 0.268819071055820 0.963183736059524 0.003660276916112
   outer loop
      vertex 0.019681462245649 0.369032455309359 -0.336207615161342
      vertex 0.003430452124950 0.373644260358144 -0.356270078790331
      vertex 0.003651767276558 0.373506497541080 -0.336272364671576
   endloop
endfacet
facet normal -0.143775552362343 0.963127940401820 0.227405279094946
   outer loop
      vertex 0.289776639550872 0.149288419979979 0.197617563413576
      vertex 0.299595574627648 0.154097185822307 0.183458991809007
      vertex 0.273562797512663 0.149631512639637 0.185913366254145
   endloop
endfacet
facet normal 0.169785839443656 -0.956306080262642 -0.238015649857554
   outer loop
      vertex 0.263593364030306 0.140821354221785 0.198764628359604
      vertex 0.255782892084600 0.140988314433636 0.192522296805369
      vertex 0.265393556553044 0.145803732853418 0.180030432588712
   endloop
endfacet
facet normal -0.165497475330965 0.963358414608491 0.211071434974256
   outer loop
      vertex 0.268114952954414 0.139691722167008 0.224415370265876
      vertex 0.279274828323665 0.144486718854804 0.211280626528871
      vertex 0.253124418055418 0.140016300027590 0.211180133137876
   endloop
endfacet
facet normal -0.194775272457106 0.963685615432580 0.182681766598615
   outer loop
      vertex 0.230958627649558 0.125345323878799 0.260340593178694
      vertex 0.243928243684822 0.130121192212855 0.248975063074314
      vertex 0.218070121101363 0.125638885486642 0.245050268778947
   endloop
endfacet
facet normal 0.243759234470248 0.947270022423280 0.207992644650426
   outer loop
      vertex 0.223206603748616 0.295666405523145 -0.229622381319544
      vertex 0.218679146628813 0.300744429563153 -0.247443446438718
      vertex 0.212050621972588 0.300806189939279 -0.239956353106124
   endloop
endfacet
facet normal -0.203556752993139 0.963787221783873 0.172275475436914
   outer loop
      vertex 0.217445685173006 0.120575393722308 0.271059164902462
      vertex 0.230958627649558 0.125345323878799 0.260340593178694
      vertex 0.205322551557327 0.120857748754130 0.255155125864772
   endloop
endfacet
facet normal 0.563277176389048 -0.004110574523898 -0.826257784069999
   outer loop
      vertex 0.211707889003116 0.308910251093415 -0.291322671078739
      vertex 0.197511040411327 0.312091292567981 -0.301016784527203
      vertex 0.197531093817376 0.314091174509298 -0.301013062974152
   endloop
endfacet
facet normal -0.211802227783559 0.963886717284222 0.161437952628764
   outer loop
      vertex 0.203421824226384 0.115811320642743 0.281104769077540
      vertex 0.217445685173006 0.120575393722308 0.271059164902462
      vertex 0.192093275755509 0.116082148207781 0.264625007949630
   endloop
endfacet
facet normal 0.563203432857524 -0.004403559647629 -0.826306542319453
   outer loop
      vertex 0.211728442589827 0.310910128885984 -0.291319319696045
      vertex 0.211707889003116 0.308910251093415 -0.291322671078739
      vertex 0.197531093817376 0.314091174509298 -0.301013062974152
   endloop
endfacet
facet normal -0.219493387704404 0.963983356889983 0.150195673683247
   outer loop
      vertex 0.188920752799252 0.111053035646409 0.290452696461129
      vertex 0.203421824226384 0.115811320642743 0.281104769077540
      vertex 0.178414302381142 0.111311963106121 0.273436905698651
   endloop
endfacet
facet normal 0.106037375621790 -0.955667682763853 -0.274691381539376
   outer loop
      vertex 0.306480566521120 0.164943162147552 0.130003421362899
      vertex 0.297389340309892 0.165130483083899 0.125842292144393
      vertex 0.303682277035305 0.169979562937856 0.111401276958476
   endloop
endfacet
facet normal -0.226618566678239 0.964074991420356 0.138576463205483
   outer loop
      vertex 0.173977780954775 0.106300381496778 0.299080136645166
      vertex 0.188920752799252 0.111053035646409 0.290452696461129
      vertex 0.164318942125336 0.106546984839952 0.281569108645701
   endloop
endfacet
facet normal -0.233154194551693 0.964161474300297 0.126616638077426
   outer loop
      vertex 0.158629516786927 0.101553313038936 0.306965580203427
      vertex 0.173977780954775 0.106300381496778 0.299080136645166
      vertex 0.149841599837957 0.101787309686700 0.289001509403165
   endloop
endfacet
facet normal 0.083389267316658 -0.962514222505183 -0.258094171905593
   outer loop
      vertex 0.331534269194656 0.169407461599046 0.122534059721271
      vertex 0.312966306423481 0.169788929803910 0.115112205250388
      vertex 0.337624203127913 0.174254524985618 0.106425473124518
   endloop
endfacet
facet normal -0.249050248123466 0.964395670996350 0.088966081588099
   outer loop
      vertex 0.110531761657986 0.087344777350157 0.325987531845328
      vertex 0.126868443208610 0.092075834806974 0.320435340177727
      vertex 0.104475074576311 0.087538922115788 0.306928000822381
   endloop
endfacet
facet normal -0.256440566139822 0.964523501510032 0.062710852910127
   outer loop
      vertex 0.077139602009937 0.077895265727232 0.334660764759147
      vertex 0.093942343380918 0.082618019351696 0.330733177406518
      vertex 0.072980845120058 0.078061433782224 0.315098808437544
   endloop
endfacet
facet normal 0.102533200036416 -0.958185538812093 -0.267146806272638
   outer loop
      vertex 0.324662818983085 0.164568516299566 0.138325679800241
      vertex 0.306480566521120 0.164943162147552 0.130003421362899
      vertex 0.312966306423481 0.169788929803910 0.115112205250388
   endloop
endfacet
facet normal 0.083567911259479 -0.962380617673278 -0.258534235517326
   outer loop
      vertex 0.324662818983085 0.164568516299566 0.138325679800241
      vertex 0.312966306423481 0.169788929803910 0.115112205250388
      vertex 0.331534269194656 0.169407461599046 0.122534059721271
   endloop
endfacet
facet normal 0.698118215385250 -0.015319299946542 0.715818605790923
   outer loop
      vertex 0.256266706118458 0.130903784543891 0.236958347570187
      vertex 0.243900684863896 0.128121507073454 0.248959044502415
      vertex 0.243873228010748 0.126121723947034 0.248943024873798
   endloop
endfacet
facet normal -0.034027891049113 -0.951868049225608 -0.304613393491134
   outer loop
      vertex 0.326693795122606 0.209967774112121 -0.011582346121419
      vertex 0.316139361559067 0.215181147932676 -0.026694284570062
      vertex 0.326119562274578 0.215018640461886 -0.027301347546746
   endloop
endfacet
facet normal 0.521992522450224 -0.003646921302978 -0.852942264441774
   outer loop
      vertex 0.197551147183673 0.316091058450108 -0.301009341399969
      vertex 0.197531093817376 0.314091174509298 -0.301013062974152
      vertex 0.182893647844566 0.319275164947991 -0.309993205323826
   endloop
endfacet
facet normal 0.522090933978069 -0.003372829448443 -0.852883157694780
   outer loop
      vertex 0.197511040411327 0.312091292567981 -0.301016784527203
      vertex 0.182873994751837 0.317275271188705 -0.309997327108788
      vertex 0.182893647844566 0.319275164947991 -0.309993205323826
   endloop
endfacet
facet normal -0.112285327918141 -0.003607003473576 0.993669459458354
   outer loop
      vertex -0.025889841892604 0.049615560667769 0.340651576501491
      vertex -0.043045659864121 0.044907753506859 0.338695868086666
      vertex -0.025908095170049 0.047615689680496 0.340642254370522
   endloop
endfacet
facet normal 0.092491948995121 -0.955387372431016 -0.280499925080992
   outer loop
      vertex 0.297389340309892 0.165130483083899 0.125842292144393
      vertex 0.294398345639840 0.170170298034111 0.107690349722952
      vertex 0.303682277035305 0.169979562937856 0.111401276958476
   endloop
endfacet
facet normal 0.937077363598595 -0.019081094219242 0.348599951914085
   outer loop
      vertex 0.337697527638949 0.178253730055492 0.106450604283918
      vertex 0.331605792370091 0.173406716077181 0.122560591862069
      vertex 0.331570029778023 0.171407139353616 0.122547276322738
   endloop
endfacet
facet normal 0.563230341440145 -0.004412151763479 -0.826288155184397
   outer loop
      vertex 0.211707889003116 0.308910251093415 -0.291322671078739
      vertex 0.211687335382280 0.306910375019088 -0.291326002442157
      vertex 0.197511040411327 0.312091292567981 -0.301016784527203
   endloop
endfacet
facet normal -0.261064666620571 0.964779913235154 -0.032325823427380
   outer loop
      vertex -0.025889841892604 0.049615560667769 0.340651576501491
      vertex -0.040363489742561 0.044969477856004 0.318876746144368
      vertex -0.043045659864121 0.044907753506859 0.338695868086666
   endloop
endfacet
facet normal 0.115607787921300 -0.958313598646638 -0.261285066586044
   outer loop
      vertex 0.317026263199875 0.159737310411578 0.153762923799666
      vertex 0.299273236540880 0.160104788569775 0.144560149647366
      vertex 0.306480566521120 0.164943162147552 0.130003421362899
   endloop
endfacet
facet normal 0.096248685963776 -0.962505907929041 -0.253611055855101
   outer loop
      vertex 0.317026263199875 0.159737310411578 0.153762923799666
      vertex 0.306480566521120 0.164943162147552 0.130003421362899
      vertex 0.324662818983085 0.164568516299566 0.138325679800241
   endloop
endfacet
facet normal 0.678313010457431 -0.006639699207879 -0.734743066819011
   outer loop
      vertex 0.251137221519648 0.293389973569216 -0.258234707203934
      vertex 0.251115067102820 0.291390121710576 -0.258237087919658
      vertex 0.238521612421878 0.296559423497675 -0.269910048377524
   endloop
endfacet
facet normal 0.521992516492617 -0.003646944270587 -0.852942267989571
   outer loop
      vertex 0.197531093817376 0.314091174509298 -0.301013062974152
      vertex 0.197511040411327 0.312091292567981 -0.301016784527203
      vertex 0.182893647844566 0.319275164947991 -0.309993205323826
   endloop
endfacet
facet normal 0.746978016730468 -0.008133362272721 -0.664798985362912
   outer loop
      vertex 0.263118716129399 0.286225354966530 -0.245958050885802
      vertex 0.274527303843117 0.283065207084074 -0.233100529981215
      vertex 0.274503748789534 0.281065373371631 -0.233102530187548
   endloop
endfacet
facet normal 0.641469638548275 -0.005921137961811 -0.767125571823794
   outer loop
      vertex 0.238543266501983 0.298559287348363 -0.269907377413020
      vertex 0.238521612421878 0.296559423497675 -0.269910048377524
      vertex 0.225368464156933 0.301732954712005 -0.280948630281689
   endloop
endfacet
facet normal 0.128374929400156 -0.958442204753097 -0.254771304603809
   outer loop
      vertex 0.308642504474562 0.154913886522082 0.168809186336851
      vertex 0.291361421702373 0.155273713598575 0.158747883548657
      vertex 0.299273236540880 0.160104788569775 0.144560149647366
   endloop
endfacet
facet normal 0.108657805513524 -0.962634132752544 -0.248050413748380
   outer loop
      vertex 0.308642504474562 0.154913886522082 0.168809186336851
      vertex 0.299273236540880 0.160104788569775 0.144560149647366
      vertex 0.317026263199875 0.159737310411578 0.153762923799666
   endloop
endfacet
facet normal 0.808455183040817 -0.009506811136267 -0.588480957683814
   outer loop
      vertex 0.285243155127422 0.275910406771036 -0.219701439405386
      vertex 0.295335981253160 0.272760492538449 -0.205785027794006
      vertex 0.295311125695254 0.270760671286334 -0.205786867584491
   endloop
endfacet
facet normal 0.885923564304181 -0.011511327366932 -0.463688394886941
   outer loop
      vertex 0.313338028214823 0.260477515952506 -0.176551201676761
      vertex 0.321281002160020 0.257344188352390 -0.161297560165674
      vertex 0.321253945402262 0.255344405570125 -0.161299609095543
   endloop
endfacet
facet normal 0.907565623558466 -0.012172400295252 -0.419733810415585
   outer loop
      vertex 0.321253945402262 0.255344405570125 -0.161299609095543
      vertex 0.328439753398571 0.252216963710642 -0.145671464241878
      vertex 0.328411896559888 0.250217177031729 -0.145673703054158
   endloop
endfacet
facet normal 0.944262609945990 -0.013398785364619 -0.328920349034140
   outer loop
      vertex 0.334794167106152 0.245096384666474 -0.129711936093743
      vertex 0.340414301343426 0.241982300372503 -0.113450833410667
      vertex 0.340384943684546 0.239982539993024 -0.113453651659806
   endloop
endfacet
facet normal -0.826128964083817 0.018552223068802 -0.563175594038844
   outer loop
      vertex -0.282003190468194 0.461410869278144 -0.196264918106931
      vertex -0.272459671228605 0.457115468855202 -0.210405919553423
      vertex -0.282026441485294 0.459411336131493 -0.196296679863812
   endloop
endfacet
facet normal 0.982222407416062 -0.015115462587027 -0.187111371008219
   outer loop
      vertex 0.349139168476565 0.229777492618941 -0.080207369104820
      vertex 0.352313157637046 0.226686697422958 -0.063296146358608
      vertex 0.352281599143859 0.224686957035055 -0.063300264003257
   endloop
endfacet
facet normal 0.132830006782664 -0.955790548121322 -0.262336839616665
   outer loop
      vertex 0.274379973984708 0.150625337492370 0.167085040536346
      vertex 0.274080338930187 0.155633540675070 0.148686580760460
      vertex 0.282720831319924 0.155453576155668 0.153717231626364
   endloop
endfacet
facet normal 0.971891425997006 -0.014572303837640 -0.234978092669020
   outer loop
      vertex 0.345170414025526 0.234876119690563 -0.096938704017954
      vertex 0.349170026803457 0.231777234372501 -0.080203751325446
      vertex 0.349139168476565 0.229777492618941 -0.080207369104820
   endloop
endfacet
facet normal 0.999005597381713 -0.016639166301394 -0.041363686305756
   outer loop
      vertex 0.356059964063114 0.214531134069159 -0.029122536265155
      vertex 0.356720850697935 0.211465822141892 -0.011927896573540
      vertex 0.356687290984011 0.209466123112716 -0.011934013469303
   endloop
endfacet
facet normal 0.797749708749640 -0.018262413648063 0.602712109084936
   outer loop
      vertex -0.240094375599906 0.454390497290721 -0.186975784367983
      vertex -0.240116284857581 0.452390888976384 -0.187007374193299
      vertex -0.231083149518170 0.448099336380381 -0.199093667275864
   endloop
endfacet
facet normal 0.132587169747506 -0.962882136520344 -0.235114086324840
   outer loop
      vertex 0.289714319589193 0.145289094920274 0.197586628333439
      vertex 0.282763733060810 0.150449563201904 0.172532913294832
      vertex 0.299531353201958 0.150097915577610 0.183428757749506
   endloop
endfacet
facet normal 0.256570465815473 0.964060432557712 -0.068986074303932
   outer loop
      vertex -0.090890521358036 0.400163051678526 -0.320270275866215
      vertex -0.075523172506104 0.395744730582410 -0.324861357428790
      vertex -0.096897888302376 0.400396920931095 -0.339344398516579
   endloop
endfacet
facet normal 0.979248699290066 -0.018721444347355 0.201795670073129
   outer loop
      vertex 0.350775096252548 0.189293529815688 0.056525867604981
      vertex 0.347245390160844 0.186271700177572 0.073374034280450
      vertex 0.347209328220705 0.184272087913500 0.073363518585330
   endloop
endfacet
facet normal 0.982236750720698 -0.014818634232733 -0.187059812929237
   outer loop
      vertex 0.349170026803457 0.231777234372501 -0.080203751325446
      vertex 0.352313157637046 0.226686697422958 -0.063296146358608
      vertex 0.349139168476565 0.229777492618941 -0.080207369104820
   endloop
endfacet
facet normal 0.206643093185119 -0.959272443883617 -0.192600650166189
   outer loop
      vertex 0.230905413628583 0.121345790359589 0.260308653913053
      vertex 0.218016907080387 0.121639351967433 0.245018329513307
      vertex 0.230250564089445 0.126426022663481 0.234303305604686
   endloop
endfacet
facet normal 0.907574009428712 -0.011896588066474 -0.419723585948977
   outer loop
      vertex 0.321308158697153 0.259343983225402 -0.161295521129759
      vertex 0.328467610438124 0.254216740286454 -0.145669215535812
      vertex 0.321281002160020 0.257344188352390 -0.161297560165674
   endloop
endfacet
facet normal 0.391283341003987 -0.001016284575352 -0.920269696457739
   outer loop
      vertex 0.152361220111609 0.327650387274643 -0.325740850687006
      vertex 0.136560329188956 0.332840357093600 -0.332464857683159
      vertex 0.136578981824138 0.334840264062295 -0.332459135457567
   endloop
endfacet
facet normal 0.203265327990518 -0.956551070014659 -0.209029320648368
   outer loop
      vertex 0.211572702813229 0.121786183224338 0.237373217838837
      vertex 0.216627998139688 0.126730424398579 0.219663487397545
      vertex 0.223439281125150 0.126578223002859 0.226983446498325
   endloop
endfacet
facet normal 0.345605269761470 -0.000237128528100 -0.938379955712590
   outer loop
      vertex 0.136578981824138 0.334840264062295 -0.332459135457567
      vertex 0.120448363775810 0.338031048559156 -0.338400847228050
      vertex 0.120485168980277 0.342030860933491 -0.338388302626127
   endloop
endfacet
facet normal 0.826486959071748 -0.017944692430100 0.562669791705511
   outer loop
      vertex -0.248523928422310 0.458674877678096 -0.174457256679696
      vertex -0.240116284857581 0.452390888976384 -0.187007374193299
      vertex -0.240094375599906 0.454390497290721 -0.186975784367983
   endloop
endfacet
facet normal 0.862165973261043 -0.010549905418519 -0.506516074815497
   outer loop
      vertex 0.304734764473109 0.269615940956182 -0.191388339822683
      vertex 0.313390840538740 0.264477128512034 -0.176547373060209
      vertex 0.304709208455538 0.267616135867455 -0.191390187294593
   endloop
endfacet
facet normal 0.944282631338911 -0.013120977802683 -0.328874067225076
   outer loop
      vertex 0.334822824438083 0.247096154507662 -0.129709437614269
      vertex 0.340414301343426 0.241982300372503 -0.113450833410667
      vertex 0.334794167106152 0.245096384666474 -0.129711936093743
   endloop
endfacet
facet normal 0.206910151926931 -0.959168787050407 -0.192830046875028
   outer loop
      vertex 0.205271035234139 0.116858347943214 0.255123287647283
      vertex 0.211572702813229 0.121786183224338 0.237373217838837
      vertex 0.218016907080387 0.121639351967433 0.245018329513307
   endloop
endfacet
facet normal 0.778665798899055 -0.008540733252279 -0.627380769150928
   outer loop
      vertex 0.274550858700063 0.285065050688350 -0.233098519669784
      vertex 0.285291565529575 0.279910072261232 -0.219697649300122
      vertex 0.274527303843117 0.283065207084074 -0.233100529981215
   endloop
endfacet
facet normal 0.927050777049840 -0.012494212270937 -0.374727569616938
   outer loop
      vertex 0.328439753398571 0.252216963710642 -0.145671464241878
      vertex 0.334822824438083 0.247096154507662 -0.129709437614269
      vertex 0.328411896559888 0.250217177031729 -0.145673703054158
   endloop
endfacet
facet normal 0.213329222886179 -0.956668307692829 -0.198182723058592
   outer loop
      vertex 0.199209418425595 0.116999524993473 0.247171218131311
      vertex 0.205128400553359 0.121932912518934 0.229728105107978
      vertex 0.211572702813229 0.121786183224338 0.237373217838837
   endloop
endfacet
facet normal 0.286293243647468 -0.957916486098472 0.020789042848744
   outer loop
      vertex -0.024221476044976 0.045692861114496 0.320706072954497
      vertex -0.023369089855005 0.045731382387652 0.310742543317634
      vertex -0.007611722382277 0.050462970234292 0.311764146801835
   endloop
endfacet
facet normal 0.713516897216774 -0.007102351019243 -0.700602022546430
   outer loop
      vertex 0.251159475720084 0.295389837307334 -0.258232316383280
      vertex 0.263164425392589 0.290225050957617 -0.245953709855857
      vertex 0.251137221519648 0.293389973569216 -0.258234707203934
   endloop
endfacet
facet normal 0.287072554006420 -0.957890272466135 0.005964448925430
   outer loop
      vertex -0.007973459256948 0.050416784860546 0.321757393285073
      vertex -0.007611722382277 0.050462970234292 0.311764146801835
      vertex 0.008175126613418 0.055195716109760 0.312012313107738
   endloop
endfacet
facet normal 0.203835280659001 -0.963689777638079 -0.172491132625813
   outer loop
      vertex 0.203371909659306 0.111811847434123 0.281073329778515
      vertex 0.205271035234139 0.116858347943214 0.255123287647283
      vertex 0.217394170858518 0.116575891880387 0.271027425622837
   endloop
endfacet
facet normal 0.907550133625530 -0.012170222835501 -0.419767364896816
   outer loop
      vertex 0.321281002160020 0.257344188352390 -0.161297560165674
      vertex 0.328467610438124 0.254216740286454 -0.145669215535812
      vertex 0.328439753398571 0.252216963710642 -0.145671464241878
   endloop
endfacet
facet normal 0.268133669209845 0.963343105617987 -0.008625328652132
   outer loop
      vertex -0.011165605777471 0.377817131675041 -0.315588338804322
      vertex -0.012365763056025 0.377972443338215 -0.335550958401911
      vertex -0.028331711945656 0.382429838825864 -0.334044609557692
   endloop
endfacet
facet normal -0.325409309779289 -0.009622474119385 0.945524293236715
   outer loop
      vertex -0.280928341990956 0.481994165805293 -0.106446360248719
      vertex -0.318746376606078 0.482769547379765 -0.119453830855404
      vertex -0.318807181376505 0.478770476748920 -0.119515455281598
   endloop
endfacet
facet normal 0.216170014237864 -0.959278661209708 -0.181810272240354
   outer loop
      vertex 0.192043461168675 0.112082676986807 0.264593568650438
      vertex 0.199209418425595 0.116999524993473 0.247171218131311
      vertex 0.205271035234139 0.116858347943214 0.255123287647283
   endloop
endfacet
facet normal 0.885945644364238 -0.011277899523242 -0.463651942964093
   outer loop
      vertex 0.313364484465222 0.262477318280176 -0.176549292421117
      vertex 0.321281002160020 0.257344188352390 -0.161297560165674
      vertex 0.313338028214823 0.260477515952506 -0.176551201676761
   endloop
endfacet
facet normal 0.885904086945229 -0.011557453575980 -0.463724459135573
   outer loop
      vertex 0.313364484465222 0.262477318280176 -0.176549292421117
      vertex 0.321308158697153 0.259343983225402 -0.161295521129759
      vertex 0.321281002160020 0.257344188352390 -0.161297560165674
   endloop
endfacet
facet normal 0.268329951746935 0.962913233357182 0.028233703637772
   outer loop
      vertex 0.051622588251368 0.360061453075289 -0.333724101804860
      vertex 0.037418910683760 0.364651595776190 -0.355281211037109
      vertex 0.035684606711801 0.364550693473494 -0.335357297728771
   endloop
endfacet
facet normal 0.238786394072928 -0.954275910119728 -0.179829211672670
   outer loop
      vertex 0.186379136932531 0.112218090303675 0.256353638089355
      vertex 0.180714912697799 0.112353504551846 0.248113807522526
      vertex 0.193147801638218 0.117140700987390 0.239219248609759
   endloop
endfacet
facet normal 0.522043201398577 -0.003329775169918 -0.852912544444530
   outer loop
      vertex 0.197551147183673 0.316091058450108 -0.301009341399969
      vertex 0.182893647844566 0.319275164947991 -0.309993205323826
      vertex 0.182913301157215 0.321275047653470 -0.309988983650102
   endloop
endfacet
facet normal 0.862178350990404 -0.010592759488004 -0.506494111051548
   outer loop
      vertex 0.304709208455538 0.267616135867455 -0.191390187294593
      vertex 0.313364484465222 0.262477318280176 -0.176549292421117
      vertex 0.304683552656266 0.265616318804180 -0.191392035871936
   endloop
endfacet
facet normal 0.232695248352630 -0.959583597648096 -0.158278995823342
   outer loop
      vertex 0.188872439988282 0.107053490040084 0.290421656080566
      vertex 0.178366089550416 0.107312419487442 0.273405865317924
      vertex 0.192043461168675 0.112082676986807 0.264593568650438
   endloop
endfacet
facet normal 0.212084214268684 -0.963792678129390 -0.161629080434845
   outer loop
      vertex 0.188872439988282 0.107053490040084 0.290421656080566
      vertex 0.192043461168675 0.112082676986807 0.264593568650438
      vertex 0.203371909659306 0.111811847434123 0.281073329778515
   endloop
endfacet
facet normal 0.272069340684490 -0.957456164189523 -0.096207938939532
   outer loop
      vertex 0.086230793443712 0.078888898038375 0.301705497167538
      vertex 0.098376678074520 0.083733416594742 0.287840827105034
      vertex 0.101405120601836 0.083636396186904 0.297370593144618
   endloop
endfacet
facet normal 0.224856971309702 -0.959387393368922 -0.170338404061485
   outer loop
      vertex 0.178366089550416 0.107312419487442 0.273405865317924
      vertex 0.186379136932531 0.112218090303675 0.256353638089355
      vertex 0.192043461168675 0.112082676986807 0.264593568650438
   endloop
endfacet
facet normal 0.391218750688024 -0.001015696162980 -0.920297157157082
   outer loop
      vertex 0.152399025845379 0.331650182780155 -0.325730506597878
      vertex 0.136578981824138 0.334840264062295 -0.332459135457567
      vertex 0.136597634658074 0.336840161033524 -0.332453413337632
   endloop
endfacet
facet normal 0.271829475207318 -0.957531478205216 -0.096136385695778
   outer loop
      vertex 0.104433365177362 0.083539270772769 0.306900458122398
      vertex 0.101405120601836 0.083636396186904 0.297370593144618
      vertex 0.116348521310499 0.088387899280953 0.292298039133321
   endloop
endfacet
facet normal 0.231767960533775 -0.956891819173846 -0.175047590295273
   outer loop
      vertex 0.173112865335127 0.107441833229967 0.264897969408409
      vertex 0.180714912697799 0.112353504551846 0.248113807522526
      vertex 0.186379136932531 0.112218090303675 0.256353638089355
   endloop
endfacet
facet normal 0.732391632730621 -0.015805058741707 0.680700151626504
   outer loop
      vertex 0.268085694511667 0.137692001124950 0.224399551685636
      vertex 0.256323421435520 0.134903287656027 0.236990285773463
      vertex 0.256295062793806 0.132903585559120 0.236974367197310
   endloop
endfacet
facet normal 0.836291241903884 -0.010180745322052 -0.548190944051018
   outer loop
      vertex 0.295335981253160 0.272760492538449 -0.205785027794006
      vertex 0.304734764473109 0.269615940956182 -0.191388339822683
      vertex 0.304709208455538 0.267616135867455 -0.191390187294593
   endloop
endfacet
facet normal 0.247351641590833 -0.954380999356827 -0.167254517036118
   outer loop
      vertex 0.173112865335127 0.107441833229967 0.264897969408409
      vertex 0.167859639111139 0.107571348003496 0.256389974561029
      vertex 0.180714912697799 0.112353504551846 0.248113807522526
   endloop
endfacet
facet normal 0.345552841639401 -0.000537894781688 -0.938399139121589
   outer loop
      vertex 0.136578981824138 0.334840264062295 -0.332459135457567
      vertex 0.136560329188956 0.332840357093600 -0.332464857683159
      vertex 0.120448363775810 0.338031048559156 -0.338400847228050
   endloop
endfacet
facet normal 0.261033533691182 -0.957371986067873 -0.123694682913821
   outer loop
      vertex 0.134973871250728 0.093033357547648 0.295686757868530
      vertex 0.131025879205980 0.093143882566588 0.286499848257307
      vertex 0.145402178243464 0.097904806376050 0.279989633550761
   endloop
endfacet
facet normal 0.240199115798549 -0.959679544105464 -0.146012182351758
   outer loop
      vertex 0.173931069921080 0.102300762436407 0.299049595177486
      vertex 0.164272129123864 0.102547463766600 0.281538568234740
      vertex 0.178366089550416 0.107312419487442 0.273405865317924
   endloop
endfacet
facet normal 0.219775989164544 -0.963892161684683 -0.150367600331908
   outer loop
      vertex 0.173931069921080 0.102300762436407 0.299049595177486
      vertex 0.178366089550416 0.107312419487442 0.273405865317924
      vertex 0.188872439988282 0.107053490040084 0.290421656080566
   endloop
endfacet
facet normal 0.938414213531548 -0.018974028321402 0.344990942042287
   outer loop
      vertex -0.280989146759267 0.477995095068814 -0.106507974675471
      vertex -0.275853252297648 0.473744668446988 -0.120711953620752
      vertex -0.275824310525695 0.475744220135032 -0.120680705901235
   endloop
endfacet
facet normal 0.254614347199510 -0.957285155669557 -0.137027971359426
   outer loop
      vertex 0.149796186686905 0.097787810102332 0.288971568956391
      vertex 0.145402178243464 0.097904806376050 0.279989633550761
      vertex 0.159442708704796 0.102670815953689 0.272783004766076
   endloop
endfacet
facet normal 0.232964626627837 -0.959491743213266 -0.158439507212439
   outer loop
      vertex 0.164272129123864 0.102547463766600 0.281538568234740
      vertex 0.173112865335127 0.107441833229967 0.264897969408409
      vertex 0.178366089550416 0.107312419487442 0.273405865317924
   endloop
endfacet
facet normal 0.778687560169824 -0.008544305575150 -0.627353710819506
   outer loop
      vertex 0.274527303843117 0.283065207084074 -0.233100529981215
      vertex 0.285267310237940 0.277910243573862 -0.219699549299564
      vertex 0.274503748789534 0.281065373371631 -0.233102530187548
   endloop
endfacet
facet normal -0.852762868089896 0.018814544333372 -0.521959293172008
   outer loop
      vertex -0.290842880363312 0.465698242997949 -0.181668330996449
      vertex -0.282003190468194 0.461410869278144 -0.196264918106931
      vertex -0.290867521117874 0.463698682825143 -0.181700149747841
   endloop
endfacet
facet normal 0.279534101883281 -0.957946689256775 0.064798352033760
   outer loop
      vertex -0.072390195240180 0.031524843172924 0.312799164538397
      vertex -0.070082359080749 0.031540118419802 0.303069194312952
      vertex -0.054642420658155 0.036270204807889 0.306389977458195
   endloop
endfacet
facet normal 0.900125178890399 -0.018639389823984 0.435232392492237
   outer loop
      vertex -0.269970441394862 0.473486486507370 -0.134583530356963
      vertex -0.263494477857965 0.467222952544953 -0.148245027963540
      vertex -0.263468427394658 0.469222541377365 -0.148213269211139
   endloop
endfacet
facet normal -0.005611426469173 -0.006778451582702 0.999961281494000
   outer loop
      vertex 0.018898718567192 0.364913117607022 -0.316247749673059
      vertex 0.003861029975846 0.371368883487805 -0.316288374033318
      vertex 0.003849077524937 0.369369033182897 -0.316301997519563
   endloop
endfacet
facet normal 0.778628375951453 -0.008847635385206 -0.627422960618508
   outer loop
      vertex 0.274527303843117 0.283065207084074 -0.233100529981215
      vertex 0.285291565529575 0.279910072261232 -0.219697649300122
      vertex 0.285267310237940 0.277910243573862 -0.219699549299564
   endloop
endfacet
facet normal 0.240091411983508 -0.956999740047169 -0.162811582639000
   outer loop
      vertex 0.159442708704796 0.102670815953689 0.272783004766076
      vertex 0.167859639111139 0.107571348003496 0.256389974561029
      vertex 0.173112865335127 0.107441833229967 0.264897969408409
   endloop
endfacet
facet normal 0.239830482663429 -0.957093933247297 -0.162642376171297
   outer loop
      vertex 0.178366089550416 0.107312419487442 0.273405865317924
      vertex 0.173112865335127 0.107441833229967 0.264897969408409
      vertex 0.186379136932531 0.112218090303675 0.256353638089355
   endloop
endfacet
facet normal 0.298757756349460 0.946922463099931 0.118666136272303
   outer loop
      vertex 0.121743317647067 0.336872565904539 -0.295313903883358
      vertex 0.125456896758691 0.336864471788757 -0.304598743669778
      vertex 0.107475238508896 0.342032021224261 -0.300563125341442
   endloop
endfacet
facet normal 0.118071598806364 0.969862472511279 -0.213133483924084
   outer loop
      vertex -0.312926227040286 0.478513436070733 -0.135505037789658
      vertex -0.288147238564006 0.473867962849323 -0.142917178431366
      vertex -0.306324035737383 0.474249439402545 -0.151250846504653
   endloop
endfacet
facet normal 0.255292965778887 -0.954479697166439 -0.154253069080920
   outer loop
      vertex 0.159442708704796 0.102670815953689 0.272783004766076
      vertex 0.154613290294426 0.102794067109773 0.264027540235276
      vertex 0.167859639111139 0.107571348003496 0.256389974561029
   endloop
endfacet
facet normal 0.155796713148190 0.965979616734385 -0.206423749180928
   outer loop
      vertex -0.273574354304318 0.465325046661623 -0.171586555632809
      vertex -0.248500677403728 0.460674410750802 -0.174425487923205
      vertex -0.265251933936173 0.461042640025036 -0.185345204015012
   endloop
endfacet
facet normal 0.747018751419953 -0.007815580643259 -0.664757024578291
   outer loop
      vertex 0.263141570760994 0.288225202962073 -0.245955880370829
      vertex 0.274527303843117 0.283065207084074 -0.233100529981215
      vertex 0.263118716129399 0.286225354966530 -0.245958050885802
   endloop
endfacet
facet normal 0.627731500615910 -0.016374985029202 0.778257684189363
   outer loop
      vertex -0.177685167090770 0.426516447834684 -0.252094027151337
      vertex -0.189364766549796 0.432850975013816 -0.242540147461119
      vertex -0.189380824452830 0.430851356910429 -0.242569268490566
   endloop
endfacet
facet normal -0.118908353035945 -0.951083191701374 -0.285134294747942
   outer loop
      vertex 0.311781811650827 0.240389871570063 -0.104416250128191
      vertex 0.297293459204975 0.245615717002904 -0.115805366365276
      vertex 0.306668686220609 0.245485882386844 -0.119282006324029
   endloop
endfacet
facet normal 0.284782500573578 -0.957932174971817 0.035565088511402
   outer loop
      vertex -0.040399696081555 0.040969728111949 0.318859401809368
      vertex -0.039058659033947 0.041000489846206 0.308949789784539
      vertex -0.023369089855005 0.045731382387652 0.310742543317634
   endloop
endfacet
facet normal 0.746954151436672 -0.008129581308282 -0.664825846037346
   outer loop
      vertex 0.263141570760994 0.288225202962073 -0.245955880370829
      vertex 0.274550858700063 0.285065050688350 -0.233098519669784
      vertex 0.274527303843117 0.283065207084074 -0.233100529981215
   endloop
endfacet
facet normal 0.247083168290527 -0.959770632681138 -0.133380060692606
   outer loop
      vertex 0.158584205603653 0.097553715467550 0.306935638699933
      vertex 0.149796186686905 0.097787810102332 0.288971568956391
      vertex 0.164272129123864 0.102547463766600 0.281538568234740
   endloop
endfacet
facet normal 0.226890283576548 -0.963988731115336 -0.138731847465527
   outer loop
      vertex 0.158584205603653 0.097553715467550 0.306935638699933
      vertex 0.164272129123864 0.102547463766600 0.281538568234740
      vertex 0.173931069921080 0.102300762436407 0.299049595177486
   endloop
endfacet
facet normal 0.240464482812373 -0.959591302936640 -0.146155273028857
   outer loop
      vertex 0.149796186686905 0.097787810102332 0.288971568956391
      vertex 0.159442708704796 0.102670815953689 0.272783004766076
      vertex 0.164272129123864 0.102547463766600 0.281538568234740
   endloop
endfacet
facet normal 0.095617460507799 -0.952788696299442 -0.288185706533217
   outer loop
      vertex 0.303682277035305 0.169979562937856 0.111401276958476
      vertex 0.294398345639840 0.170170298034111 0.107690349722952
      vertex 0.299806098513919 0.175029905802544 0.093417942521298
   endloop
endfacet
facet normal 0.213049278430028 -0.956777028205368 -0.197958892851390
   outer loop
      vertex 0.218016907080387 0.121639351967433 0.245018329513307
      vertex 0.211572702813229 0.121786183224338 0.237373217838837
      vertex 0.223439281125150 0.126578223002859 0.226983446498325
   endloop
endfacet
facet normal 0.287097175489444 -0.957860336362126 -0.008876252036698
   outer loop
      vertex 0.008304837769942 0.055141937165645 0.322011175668101
      vertex 0.008175126613418 0.055195716109760 0.312012313107738
      vertex 0.023953744641121 0.059929873587396 0.311486752880202
   endloop
endfacet
facet normal 0.713477854220149 -0.007393325190296 -0.700638773035038
   outer loop
      vertex 0.251137221519648 0.293389973569216 -0.258234707203934
      vertex 0.263164425392589 0.290225050957617 -0.245953709855857
      vertex 0.263141570760994 0.288225202962073 -0.245955880370829
   endloop
endfacet
facet normal 0.247810077580665 -0.957100514094045 -0.150162483231931
   outer loop
      vertex 0.145402178243464 0.097904806376050 0.279989633550761
      vertex 0.154613290294426 0.102794067109773 0.264027540235276
      vertex 0.159442708704796 0.102670815953689 0.272783004766076
   endloop
endfacet
facet normal 0.678351609420308 -0.006363781262018 -0.734709872184202
   outer loop
      vertex 0.251137221519648 0.293389973569216 -0.258234707203934
      vertex 0.238521612421878 0.296559423497675 -0.269910048377524
      vertex 0.238543266501983 0.298559287348363 -0.269907377413020
   endloop
endfacet
facet normal 0.262559444214313 -0.954576305865215 -0.140878012956567
   outer loop
      vertex 0.145402178243464 0.097904806376050 0.279989633550761
      vertex 0.141008169778856 0.098021803706109 0.271007598150713
      vertex 0.154613290294426 0.102794067109773 0.264027540235276
   endloop
endfacet
facet normal 0.192410923383700 -0.956547974330205 -0.219075350889626
   outer loop
      vertex 0.241942797657914 0.131218504736653 0.223004225084189
      vertex 0.234780844410825 0.131375815373873 0.216027113315704
      vertex 0.245570583719721 0.136179146408114 0.204530827416269
   endloop
endfacet
facet normal 0.284925228466864 -0.957778519275101 -0.038443753696808
   outer loop
      vertex 0.040796216055809 0.064597218216952 0.320126873299752
      vertex 0.039686115675075 0.064665871212779 0.310188978777225
      vertex 0.055334626000193 0.069404025436910 0.308122402293532
   endloop
endfacet
facet normal 0.678282650403750 -0.006669420788805 -0.734770824807033
   outer loop
      vertex 0.251159475720084 0.295389837307334 -0.258232316383280
      vertex 0.251137221519648 0.293389973569216 -0.258234707203934
      vertex 0.238543266501983 0.298559287348363 -0.269907377413020
   endloop
endfacet
facet normal 0.253332945998933 -0.959855580596082 -0.120414628970321
   outer loop
      vertex 0.142869755338814 0.092812306578464 0.314060477096725
      vertex 0.134973871250728 0.093033357547648 0.295686757868530
      vertex 0.149796186686905 0.097787810102332 0.288971568956391
   endloop
endfacet
facet normal 0.233417019325078 -0.964080258120642 -0.126750743553768
   outer loop
      vertex 0.142869755338814 0.092812306578464 0.314060477096725
      vertex 0.149796186686905 0.097787810102332 0.288971568956391
      vertex 0.158584205603653 0.097553715467550 0.306935638699933
   endloop
endfacet
facet normal 0.260057524059367 0.963899822723792 -0.057159565543780
   outer loop
      vertex -0.070457778444685 0.395525312661617 -0.305515567576780
      vertex -0.075523172506104 0.395744730582410 -0.324861357428790
      vertex -0.090890521358036 0.400163051678526 -0.320270275866215
   endloop
endfacet
facet normal 0.247347965819902 -0.959685123928454 -0.133504482004104
   outer loop
      vertex 0.134973871250728 0.093033357547648 0.295686757868530
      vertex 0.145402178243464 0.097904806376050 0.279989633550761
      vertex 0.149796186686905 0.097787810102332 0.288971568956391
   endloop
endfacet
facet normal 0.641447596802102 -0.005896481554936 -0.767144192484099
   outer loop
      vertex 0.238564820597611 0.300559149422674 -0.269904726447232
      vertex 0.238543266501983 0.298559287348363 -0.269907377413020
      vertex 0.225389518003806 0.303732824356840 -0.280945649111615
   endloop
endfacet
facet normal 0.276177009959724 -0.957603198915426 -0.081990076208339
   outer loop
      vertex 0.088787808273019 0.078798659141475 0.311372542290231
      vertex 0.086230793443712 0.078888898038375 0.301705497167538
      vertex 0.101405120601836 0.083636396186904 0.297370593144618
   endloop
endfacet
facet normal 0.157781983872238 -0.956184547528187 -0.246608914343455
   outer loop
      vertex 0.273500477550983 0.145632187579931 0.185882431174009
      vertex 0.265393556553044 0.145803732853418 0.180030432588712
      vertex 0.274379973984708 0.150625337492370 0.167085040536346
   endloop
endfacet
facet normal 0.603129486258475 -0.004869954063632 -0.797628426244330
   outer loop
      vertex 0.225389518003806 0.303732824356840 -0.280945649111615
      vertex 0.211687335382280 0.306910375019088 -0.291326002442157
      vertex 0.211707889003116 0.308910251093415 -0.291322671078739
   endloop
endfacet
facet normal 0.603050638925462 -0.005193703575213 -0.797685998582629
   outer loop
      vertex 0.225410671808932 0.305732697094702 -0.280942677930583
      vertex 0.225389518003806 0.303732824356840 -0.280945649111615
      vertex 0.211707889003116 0.308910251093415 -0.291322671078739
   endloop
endfacet
facet normal 0.266772722728813 -0.957455039631869 -0.110055265623193
   outer loop
      vertex 0.119840992146846 0.088283991173029 0.301667725261595
      vertex 0.116348521310499 0.088387899280953 0.292298039133321
      vertex 0.131025879205980 0.093143882566588 0.286499848257307
   endloop
endfacet
facet normal 0.091863588597648 -0.008544979666095 0.995734936824288
   outer loop
      vertex -0.011188710968991 0.373817453380002 -0.315618085849909
      vertex -0.026166577448737 0.380257731558491 -0.314181003994562
      vertex -0.026177830169592 0.378257901580715 -0.314197127553737
   endloop
endfacet
facet normal 0.132608901984371 -0.955928661903454 -0.261945170724663
   outer loop
      vertex 0.291361421702373 0.155273713598575 0.158747883548657
      vertex 0.282720831319924 0.155453576155668 0.153717231626364
      vertex 0.290396723200799 0.160288528177044 0.139958712574006
   endloop
endfacet
facet normal 0.258921956860672 -0.959936691262408 -0.107149283822247
   outer loop
      vertex 0.126825731850352 0.088076272012899 0.320406998580611
      vertex 0.119840992146846 0.088283991173029 0.301667725261595
      vertex 0.134973871250728 0.093033357547648 0.295686757868530
   endloop
endfacet
facet normal 0.479511379524071 -0.002859836466672 -0.877531001299844
   outer loop
      vertex 0.182913301157215 0.321275047653470 -0.309988983650102
      vertex 0.182893647844566 0.319275164947991 -0.309993205323826
      vertex 0.167831068213996 0.324461715495652 -0.318240789755052
   endloop
endfacet
facet normal 0.231494510983612 -0.956991968631136 -0.174861840777115
   outer loop
      vertex 0.192043461168675 0.112082676986807 0.264593568650438
      vertex 0.186379136932531 0.112218090303675 0.256353638089355
      vertex 0.199209418425595 0.116999524993473 0.247171218131311
   endloop
endfacet
facet normal 0.435859750786063 -0.002115968951651 -0.900012111207459
   outer loop
      vertex 0.167850321094074 0.326461616017581 -0.318236167786025
      vertex 0.167831068213996 0.324461715495652 -0.318240789755052
      vertex 0.152380072998955 0.329650283505405 -0.325735628645149
   endloop
endfacet
facet normal 0.479536356590605 -0.002903871880607 -0.877517207942904
   outer loop
      vertex 0.182893647844566 0.319275164947991 -0.309993205323826
      vertex 0.182873994751837 0.317275271188705 -0.309997327108788
      vertex 0.167811815113999 0.322461826027532 -0.318245511612842
   endloop
endfacet
facet normal 0.181323442763756 -0.956430329901379 -0.228829266373511
   outer loop
      vertex 0.253065901148758 0.136016858999817 0.211148395982978
      vertex 0.245570583719721 0.136179146408114 0.204530827416269
      vertex 0.255782892084600 0.140988314433636 0.192522296805369
   endloop
endfacet
facet normal 0.095627685967435 -0.952787135960132 -0.288187472360273
   outer loop
      vertex 0.312966306423481 0.169788929803910 0.115112205250388
      vertex 0.303682277035305 0.169979562937856 0.111401276958476
      vertex 0.299806098513919 0.175029905802544 0.093417942521298
   endloop
endfacet
facet normal 0.479595147405345 -0.002545304829840 -0.877486191349225
   outer loop
      vertex 0.182893647844566 0.319275164947991 -0.309993205323826
      vertex 0.167811815113999 0.322461826027532 -0.318245511612842
      vertex 0.167831068213996 0.324461715495652 -0.318240789755052
   endloop
endfacet
facet normal 0.089368653337126 -0.957913262477903 -0.272791908548713
   outer loop
      vertex 0.306480566521120 0.164943162147552 0.130003421362899
      vertex 0.303682277035305 0.169979562937856 0.111401276958476
      vertex 0.312966306423481 0.169788929803910 0.115112205250388
   endloop
endfacet
facet normal 0.109741250454840 -0.952922558723690 -0.282657840903279
   outer loop
      vertex 0.297389340309892 0.165130483083899 0.125842292144393
      vertex 0.288298214078909 0.165317806007891 0.121681162925723
      vertex 0.294398345639840 0.170170298034111 0.107690349722952
   endloop
endfacet
facet normal 0.106237694249021 -0.955522017954443 -0.275120383695793
   outer loop
      vertex 0.290396723200799 0.160288528177044 0.139958712574006
      vertex 0.288298214078909 0.165317806007891 0.121681162925723
      vertex 0.297389340309892 0.165130483083899 0.125842292144393
   endloop
endfacet
facet normal 0.278706277563079 -0.960336292339305 -0.008775902399751
   outer loop
      vertex 0.008564258137792 0.055034477139395 0.342009101834217
      vertex 0.008304837769942 0.055141937165645 0.322011175668101
      vertex 0.024574500794274 0.059868647726053 0.321467131806988
   endloop
endfacet
facet normal 0.262705477497863 -0.964619385356421 -0.022254740780793
   outer loop
      vertex 0.008564258137792 0.055034477139395 0.342009101834217
      vertex 0.024574500794274 0.059868647726053 0.321467131806988
      vertex 0.025815813161258 0.059746190971734 0.341427989655307
   endloop
endfacet
facet normal 0.836305268903673 -0.010222308887032 -0.548168771096069
   outer loop
      vertex 0.295311125695254 0.270760671286334 -0.205786867584491
      vertex 0.304709208455538 0.267616135867455 -0.191390187294593
      vertex 0.304683552656266 0.265616318804180 -0.191392035871936
   endloop
endfacet
facet normal 0.119690295082755 -0.955658074887533 -0.269057386379295
   outer loop
      vertex 0.282720831319924 0.155453576155668 0.153717231626364
      vertex 0.281520209881885 0.160472266727973 0.135357375495066
      vertex 0.290396723200799 0.160288528177044 0.139958712574006
   endloop
endfacet
facet normal 0.150216403547115 -0.953319766832157 -0.261947426542908
   outer loop
      vertex 0.274379973984708 0.150625337492370 0.167085040536346
      vertex 0.265996112940828 0.150801209769854 0.161637168834577
      vertex 0.274080338930187 0.155633540675070 0.148686580760460
   endloop
endfacet
facet normal 0.140811943443590 -0.958566860599098 -0.247631925132500
   outer loop
      vertex 0.299531353201958 0.150097915577610 0.183428757749506
      vertex 0.282763733060810 0.150449563201904 0.172532913294832
      vertex 0.291361421702373 0.155273713598575 0.158747883548657
   endloop
endfacet
facet normal 0.278680646322867 -0.960367184910220 0.005653982020505
   outer loop
      vertex -0.008696934972658 0.050324513031375 0.341743987302520
      vertex -0.007973459256948 0.050416784860546 0.321757393285073
      vertex 0.008304837769942 0.055141937165645 0.322011175668101
   endloop
endfacet
facet normal 0.120779538280139 -0.962759759161758 -0.241880030741753
   outer loop
      vertex 0.299531353201958 0.150097915577610 0.183428757749506
      vertex 0.291361421702373 0.155273713598575 0.158747883548657
      vertex 0.308642504474562 0.154913886522082 0.168809186336851
   endloop
endfacet
facet normal 0.287280281382858 -0.957805530084998 -0.008866028828218
   outer loop
      vertex 0.008175126613418 0.055195716109760 0.312012313107738
      vertex -0.007611722382277 0.050462970234292 0.311764146801835
      vertex 0.008045517403504 0.055249398123198 0.302013349496236
   endloop
endfacet
facet normal 0.269036812156445 0.957193659871656 0.106768399848468
   outer loop
      vertex 0.129170476058486 0.336856368203679 -0.313883633559063
      vertex 0.136597634658074 0.336840161033524 -0.332453413337632
      vertex 0.120485168980277 0.342030860933491 -0.338388302626127
   endloop
endfacet
facet normal 0.152873611776352 -0.958690689474796 -0.239878762579754
   outer loop
      vertex 0.289714319589193 0.145289094920274 0.197586628333439
      vertex 0.273500477550983 0.145632187579931 0.185882431174009
      vertex 0.282763733060810 0.150449563201904 0.172532913294832
   endloop
endfacet
facet normal 0.295924054860423 -0.955190713639399 0.006297168571742
   outer loop
      vertex -0.007611722382277 0.050462970234292 0.311764146801835
      vertex -0.007249985528771 0.050509156664380 0.301770800324179
      vertex 0.008045517403504 0.055249398123198 0.302013349496236
   endloop
endfacet
facet normal 0.995793146198308 -0.016168517053055 -0.090191956630178
   outer loop
      vertex 0.354590299009815 0.219604788955836 -0.046258386518144
      vertex 0.356092923548653 0.216530838564322 -0.029117119223668
      vertex 0.356059964063114 0.214531134069159 -0.029122536265155
   endloop
endfacet
facet normal 0.277925050622857 -0.960393207793497 0.020063715019888
   outer loop
      vertex -0.025926248446084 0.045615819624526 0.340633032233805
      vertex -0.024221476044976 0.045692861114496 0.320706072954497
      vertex -0.007973459256948 0.050416784860546 0.321757393285073
   endloop
endfacet
facet normal 0.145618587767937 -0.955925072780695 -0.254955843482150
   outer loop
      vertex 0.265393556553044 0.145803732853418 0.180030432588712
      vertex 0.265996112940828 0.150801209769854 0.161637168834577
      vertex 0.274379973984708 0.150625337492370 0.167085040536346
   endloop
endfacet
facet normal 0.278836623242095 -0.960321903086502 0.005655085433907
   outer loop
      vertex -0.007973459256948 0.050416784860546 0.321757393285073
      vertex -0.024221476044976 0.045692861114496 0.320706072954497
      vertex -0.007611722382277 0.050462970234292 0.311764146801835
   endloop
endfacet
facet normal 0.219822867191442 -0.954055759201546 -0.203606275429063
   outer loop
      vertex 0.211572702813229 0.121786183224338 0.237373217838837
      vertex 0.205128400553359 0.121932912518934 0.229728105107978
      vertex 0.216627998139688 0.126730424398579 0.219663487397545
   endloop
endfacet
facet normal 0.209469410123453 -0.953942268257909 -0.214748026890794
   outer loop
      vertex 0.223439281125150 0.126578223002859 0.226983446498325
      vertex 0.216627998139688 0.126730424398579 0.219663487397545
      vertex 0.227618991143981 0.131533127998739 0.209050001547054
   endloop
endfacet
facet normal 0.215890095418293 -0.959380851879379 -0.181603545525625
   outer loop
      vertex 0.217394170858518 0.116575891880387 0.271027425622837
      vertex 0.205271035234139 0.116858347943214 0.255123287647283
      vertex 0.218016907080387 0.121639351967433 0.245018329513307
   endloop
endfacet
facet normal 0.263426788101065 -0.960412158367493 0.090635607631053
   outer loop
      vertex -0.110136928550780 0.022081126033916 0.322547440377578
      vertex -0.097126997660724 0.022079944691871 0.284722362876001
      vertex -0.088124051005905 0.026802696836937 0.308600078455108
   endloop
endfacet
facet normal 0.229595988835039 -0.954169039845361 -0.191956050468441
   outer loop
      vertex 0.199209418425595 0.116999524993473 0.247171218131311
      vertex 0.193147801638218 0.117140700987390 0.239219248609759
      vertex 0.205128400553359 0.121932912518934 0.229728105107978
   endloop
endfacet
facet normal 0.262916431116833 0.963760649890882 -0.045170343929308
   outer loop
      vertex -0.059949885294987 0.391316527720404 -0.328693144585078
      vertex -0.044206459733421 0.386878088443352 -0.331756833012352
      vertex -0.064061291449118 0.391520861724190 -0.348264108269043
   endloop
endfacet
facet normal -0.920165527741123 0.018825873241559 -0.391076703542403
   outer loop
      vertex -0.312984122571868 0.474514432576178 -0.135567542171563
      vertex -0.306351527861409 0.472249919810019 -0.151282404209274
      vertex -0.306379019987552 0.470250400323127 -0.151313971913336
   endloop
endfacet
facet normal 0.267741429678916 -0.960422035288568 0.076837757422088
   outer loop
      vertex -0.093691118580802 0.026787586040342 0.327809669405212
      vertex -0.088124051005905 0.026802696836937 0.308600078455108
      vertex -0.072390195240180 0.031524843172924 0.312799164538397
   endloop
endfacet
facet normal 0.224588916970595 -0.959482867138341 -0.170154183145651
   outer loop
      vertex 0.203371909659306 0.111811847434123 0.281073329778515
      vertex 0.192043461168675 0.112082676986807 0.264593568650438
      vertex 0.205271035234139 0.116858347943214 0.255123287647283
   endloop
endfacet
facet normal 0.195060574821464 -0.963582660956639 -0.182920276771174
   outer loop
      vertex 0.217394170858518 0.116575891880387 0.271027425622837
      vertex 0.218016907080387 0.121639351967433 0.245018329513307
      vertex 0.230905413628583 0.121345790359589 0.260308653913053
   endloop
endfacet
facet normal 0.603100611384990 -0.004861621696500 -0.797650310086777
   outer loop
      vertex 0.225410671808932 0.305732697094702 -0.280942677930583
      vertex 0.211707889003116 0.308910251093415 -0.291322671078739
      vertex 0.211728442589827 0.310910128885984 -0.291319319696045
   endloop
endfacet
facet normal 0.222836510663481 -0.956781600869594 -0.186849826739928
   outer loop
      vertex 0.186379136932531 0.112218090303675 0.256353638089355
      vertex 0.193147801638218 0.117140700987390 0.239219248609759
      vertex 0.199209418425595 0.116999524993473 0.247171218131311
   endloop
endfacet
facet normal 0.152085421594751 0.003363977888082 -0.988361628247028
   outer loop
      vertex 0.071114907546474 0.353626849159326 -0.350981162293272
      vertex 0.071099855269208 0.351626959684291 -0.350990285285959
      vertex 0.054300962861120 0.356143329466621 -0.353559864672232
   endloop
endfacet
facet normal 0.188864559412376 -0.009540695255445 0.981956798098578
   outer loop
      vertex -0.041058855880048 0.386689461023260 -0.312007789470222
      vertex -0.055838478942103 0.391112183719153 -0.309122181006770
      vertex -0.041069809112921 0.384689659681989 -0.312025112857260
   endloop
endfacet
facet normal 0.284437227718337 -0.955208409270622 0.081684504935727
   outer loop
      vertex -0.085340566204229 0.026810200725909 0.298995332449072
      vertex -0.097126997660724 0.022079944691871 0.284722362876001
      vertex -0.082557081402553 0.026817704614881 0.289390586443035
   endloop
endfacet
facet normal -0.209494346258876 -0.002031202571165 0.977807748538372
   outer loop
      vertex -0.060086071495885 0.040200704375518 0.335901196423456
      vertex -0.076969559739100 0.035493968732067 0.332274148395944
      vertex -0.060104124537677 0.038200823631093 0.335893174219593
   endloop
endfacet
facet normal -0.063238677273241 -0.004321140341813 0.997989076815411
   outer loop
      vertex -0.008660328204691 0.054324245373806 0.341763731502894
      vertex -0.025889841892604 0.049615560667769 0.340651576501491
      vertex -0.008678681568213 0.052324377680596 0.341753909399999
   endloop
endfacet
facet normal -0.548203312743333 0.014779679882358 -0.836214499371908
   outer loop
      vertex -0.173875067262775 0.420412123973847 -0.303420871046793
      vertex -0.173888523141593 0.418412430109688 -0.303447393282234
      vertex -0.188107152269507 0.422786235853947 -0.294048676750456
   endloop
endfacet
facet normal 0.133230842741790 -0.007352750265498 0.991057757956541
   outer loop
      vertex 0.060163455498359 0.073176009198127 0.337760879569914
      vertex 0.043054424049495 0.068459635422802 0.340025906347493
      vertex 0.060144001844153 0.071176144993023 0.337748657602805
   endloop
endfacet
facet normal -0.064173632087837 -0.948833677071931 -0.309186672091172
   outer loop
      vertex 0.312790088544732 0.225296688777844 -0.056974411096870
      vertex 0.310005057299901 0.230365811381063 -0.071952510370558
      vertex 0.322662966210388 0.225144255049890 -0.058555799327654
   endloop
endfacet
facet normal 0.181820284990743 -0.008109339645279 0.983298338540446
   outer loop
      vertex 0.077139602009937 0.077895265727232 0.334660764759147
      vertex 0.060163455498359 0.073176009198127 0.337760879569914
      vertex 0.077119748307755 0.075895399909596 0.334647942826192
   endloop
endfacet
facet normal -0.664814429194812 0.016180836578455 -0.746833284784495
   outer loop
      vertex -0.215050196039676 0.435502572806201 -0.273152149486717
      vertex -0.215066151974933 0.433502856715795 -0.273181271572884
      vertex -0.227753355357845 0.437845474780795 -0.261793317605654
   endloop
endfacet
facet normal -0.700597228590690 0.016611445998345 -0.713363570104956
   outer loop
      vertex -0.227736297506319 0.439845105471877 -0.261763506616380
      vertex -0.227753355357845 0.437845474780795 -0.261793317605654
      vertex -0.239865901277849 0.442177380401977 -0.249796664457569
   endloop
endfacet
facet normal 0.006272043208356 0.006172215714986 -0.999961281864033
   outer loop
      vertex 0.020439100972338 0.369152083187796 -0.356192327331464
      vertex 0.020426448714962 0.367152216290735 -0.356204750777872
      vertex 0.003418399693796 0.371644408065591 -0.356283702276410
   endloop
endfacet
facet normal 0.237106335681699 0.960718087454397 -0.144226703552303
   outer loop
      vertex -0.165508726514109 0.426171829523893 -0.260977460668918
      vertex -0.152940341664874 0.421819156008481 -0.269309125113873
      vertex -0.176793783449139 0.426478730378531 -0.277485591528713
   endloop
endfacet
facet normal 0.229953357345854 -0.008823111937704 0.973161654680817
   outer loop
      vertex 0.093942343380918 0.082618019351696 0.330733177406518
      vertex 0.077139602009937 0.077895265727232 0.334660764759147
      vertex 0.093921987684148 0.080618248852207 0.330719856558855
   endloop
endfacet
facet normal 0.277517399068884 -0.009485344529163 0.960673785138954
   outer loop
      vertex 0.110531761657986 0.087344777350157 0.325987531845328
      vertex 0.093942343380918 0.082618019351696 0.330733177406518
      vertex 0.110510907962861 0.085344901163145 0.325973809964268
   endloop
endfacet
facet normal 0.324399762012540 -0.010143183664006 0.945865693548173
   outer loop
      vertex 0.126868443208610 0.092075834806974 0.320435340177727
      vertex 0.110531761657986 0.087344777350157 0.325987531845328
      vertex 0.126847087540063 0.090076052881766 0.320421219376378
   endloop
endfacet
facet normal 0.370518070308271 -0.010876750606982 0.928761571056463
   outer loop
      vertex 0.142913766630747 0.096811885704852 0.314089718641448
      vertex 0.126868443208610 0.092075834806974 0.320435340177727
      vertex 0.142891710994658 0.094812095147835 0.314075097869169
   endloop
endfacet
facet normal 0.415730372565174 -0.011540519941086 0.909414687437096
   outer loop
      vertex 0.158629516786927 0.101553313038936 0.306965580203427
      vertex 0.142913766630747 0.096811885704852 0.314089718641448
      vertex 0.158606861184707 0.099553514781414 0.306950559454470
   endloop
endfacet
facet normal 0.459926074486700 -0.012173508115289 0.887873758879843
   outer loop
      vertex 0.173977780954775 0.106300381496778 0.299080136645166
      vertex 0.158629516786927 0.101553313038936 0.306965580203427
      vertex 0.173954425427344 0.104300572494764 0.299064815914116
   endloop
endfacet
facet normal 0.503010058312639 -0.012782734164439 0.864186023344278
   outer loop
      vertex 0.188920752799252 0.111053035646409 0.290452696461129
      vertex 0.173977780954775 0.106300381496778 0.299080136645166
      vertex 0.188896597387534 0.109053212855914 0.290437175742571
   endloop
endfacet
facet normal 0.375698410046489 -0.013019993594367 0.926650519049843
   outer loop
      vertex -0.099092762361789 0.402324431107281 -0.296196164443042
      vertex -0.113019237532908 0.408710551531354 -0.290460127267122
      vertex -0.113030891113050 0.406710760195381 -0.290483500737927
   endloop
endfacet
facet normal 0.544867461948484 -0.013390766365396 0.838415252894391
   outer loop
      vertex 0.203421824226384 0.115811320642743 0.281104769077540
      vertex 0.188920752799252 0.111053035646409 0.290452696461129
      vertex 0.203396866942845 0.113811584038433 0.281089049428027
   endloop
endfacet
facet normal 0.585405510186659 -0.013952785631350 0.810620569943931
   outer loop
      vertex 0.217445685173006 0.120575393722308 0.271059164902462
      vertex 0.203421824226384 0.115811320642743 0.281104769077540
      vertex 0.217419928026345 0.118575642273177 0.271043345259859
   endloop
endfacet
facet normal 0.624532882835186 -0.014580350356140 0.780862402501916
   outer loop
      vertex 0.230958627649558 0.125345323878799 0.260340593178694
      vertex 0.217445685173006 0.120575393722308 0.271059164902462
      vertex 0.230931970638365 0.123345556653542 0.260324573548748
   endloop
endfacet
facet normal 0.662136108841222 -0.015127031225141 0.749230903190011
   outer loop
      vertex 0.243928243684822 0.130121192212855 0.248975063074314
      vertex 0.230958627649558 0.125345323878799 0.260340593178694
      vertex 0.243900684863896 0.128121507073454 0.248959044502415
   endloop
endfacet
facet normal -0.627430880319104 0.015757952221507 -0.778512798458561
   outer loop
      vertex -0.201819771208309 0.431149234675326 -0.283904636205599
      vertex -0.201834827156268 0.429149528234262 -0.283932978336797
      vertex -0.215066151974933 0.433502856715795 -0.273181271572884
   endloop
endfacet
facet normal 0.698124391620588 -0.015598563724298 0.715806551125458
   outer loop
      vertex 0.256323421435520 0.134903287656027 0.236990285773463
      vertex 0.243928243684822 0.130121192212855 0.248975063074314
      vertex 0.256295062793806 0.132903585559120 0.236974367197310
   endloop
endfacet
facet normal 0.732420745168208 -0.016100543361703 0.680661901791708
   outer loop
      vertex 0.268114952954414 0.139691722167008 0.224415370265876
      vertex 0.256323421435520 0.134903287656027 0.236990285773463
      vertex 0.268085694511667 0.137692001124950 0.224399551685636
   endloop
endfacet
facet normal 0.764955657153625 -0.016635593294934 0.643868076258166
   outer loop
      vertex 0.279274828323665 0.144486718854804 0.211280626528871
      vertex 0.268114952954414 0.139691722167008 0.224415370265876
      vertex 0.279244570099640 0.142486976879951 0.211264907944709
   endloop
endfacet
facet normal 0.898448803324606 -0.018694127538101 0.438680153870873
   outer loop
      vertex 0.324732642727198 0.168567725367968 0.138353311882463
      vertex 0.317094183555944 0.163736671100626 0.153791557942332
      vertex 0.324697781839030 0.166568071840258 0.138339495312992
   endloop
endfacet
facet normal 0.254879807793499 -0.957196279230352 -0.137155264597166
   outer loop
      vertex 0.131025879205980 0.093143882566588 0.286499848257307
      vertex 0.141008169778856 0.098021803706109 0.271007598150713
      vertex 0.145402178243464 0.097904806376050 0.279989633550761
   endloop
endfacet
facet normal 0.662102978625389 -0.014828052340067 0.749266157356108
   outer loop
      vertex 0.243900684863896 0.128121507073454 0.248959044502415
      vertex 0.230958627649558 0.125345323878799 0.260340593178694
      vertex 0.230931970638365 0.123345556653542 0.260324573548748
   endloop
endfacet
facet normal 0.243071840579740 0.964476282936636 -0.103448441118786
   outer loop
      vertex -0.126663439333580 0.413088440705526 -0.284067927000762
      vertex -0.135402728121987 0.413361750654258 -0.302054414062251
      vertex -0.149592705055604 0.417743119389541 -0.294547849318076
   endloop
endfacet
facet normal -0.187882181925110 0.009536932809133 -0.982145270633451
   outer loop
      vertex -0.047365116402404 0.385066892539595 -0.351523200152666
      vertex -0.047376069436524 0.383067081200857 -0.351540523645359
      vertex -0.064083098066274 0.387521267442906 -0.348301255115052
   endloop
endfacet
facet normal 0.544829028882142 -0.013088078918198 0.838445008022335
   outer loop
      vertex 0.203396866942845 0.113811584038433 0.281089049428027
      vertex 0.188920752799252 0.111053035646409 0.290452696461129
      vertex 0.188896597387534 0.109053212855914 0.290437175742571
   endloop
endfacet
facet normal 0.502972172050617 -0.012494965415794 0.864212282938598
   outer loop
      vertex 0.188896597387534 0.109053212855914 0.290437175742571
      vertex 0.173977780954775 0.106300381496778 0.299080136645166
      vertex 0.173954425427344 0.104300572494764 0.299064815914116
   endloop
endfacet
facet normal -0.054098384460825 -0.005245229050374 0.998521833697660
   outer loop
      vertex 0.033936850674590 0.362449906750280 -0.315444707821258
      vertex 0.018911270844323 0.366912982516438 -0.316235326226485
      vertex 0.033923598392239 0.360450035246176 -0.315455931122340
   endloop
endfacet
facet normal 0.415687437223694 -0.011233645916105 0.909438156079802
   outer loop
      vertex 0.158606861184707 0.099553514781414 0.306950559454470
      vertex 0.142913766630747 0.096811885704852 0.314089718641448
      vertex 0.142891710994658 0.094812095147835 0.314075097869169
   endloop
endfacet
facet normal -0.062882935012803 -0.951592004853010 -0.300862747418161
   outer loop
      vertex 0.324774918378889 0.220077502649743 -0.042971698724228
      vertex 0.312790088544732 0.225296688777844 -0.056974411096870
      vertex 0.322662966210388 0.225144255049890 -0.058555799327654
   endloop
endfacet
facet normal 0.008817919666671 -0.954867685531622 -0.296900568238317
   outer loop
      vertex 0.333697254920038 0.194683566734396 0.036839320758555
      vertex 0.325527721337378 0.199890302389412 0.019851202666177
      vertex 0.335488888284456 0.199714334079397 0.020712983512051
   endloop
endfacet
facet normal -0.042460970488209 0.007061830207703 -0.999073168761586
   outer loop
      vertex 0.003418399693796 0.371644408065591 -0.356283702276410
      vertex 0.003406347262642 0.369644555773037 -0.356297325762489
      vertex -0.013589025526099 0.374128076706350 -0.355543325045088
   endloop
endfacet
facet normal 0.665155718315532 -0.016773854516567 0.746516247778175
   outer loop
      vertex -0.189364766549796 0.432850975013816 -0.242540147461119
      vertex -0.200560279904019 0.439175966533041 -0.232422679506362
      vertex -0.200577237777418 0.437176337935238 -0.232452500495244
   endloop
endfacet
facet normal 0.103725510203806 0.004300505617132 -0.994596664072627
   outer loop
      vertex 0.054315115130346 0.358143210484361 -0.353549741522557
      vertex 0.054300962861120 0.356143329466621 -0.353559864672232
      vertex 0.037392306117647 0.360651851836680 -0.355303757633523
   endloop
endfacet
facet normal -0.054280133562737 -0.005859465604174 0.998508554677047
   outer loop
      vertex 0.033936850674590 0.362449906750280 -0.315444707821258
      vertex 0.018923923101699 0.368912849413500 -0.316222902780077
      vertex 0.018911270844323 0.366912982516438 -0.316235326226485
   endloop
endfacet
facet normal 0.188600237285136 -0.010168620808569 0.982001298189998
   outer loop
      vertex -0.041069809112921 0.384689659681989 -0.312025112857260
      vertex -0.055838478942103 0.391112183719153 -0.309122181006770
      vertex -0.055849332271143 0.389112388100504 -0.309140804427067
   endloop
endfacet
facet normal 0.152007184449789 0.003315203593530 -0.988373828721087
   outer loop
      vertex 0.071129959802574 0.355626739690702 -0.350972139295003
      vertex 0.071114907546474 0.353626849159326 -0.350981162293272
      vertex 0.054315115130346 0.358143210484361 -0.353549741522557
   endloop
endfacet
facet normal -0.062858943598954 -0.951654448382380 -0.300670191544908
   outer loop
      vertex 0.322662966210388 0.225144255049890 -0.058555799327654
      vertex 0.319788610154691 0.230218728895821 -0.074016150084765
      vertex 0.332535843833712 0.224991823434620 -0.060137387547273
   endloop
endfacet
facet normal 0.937100131336275 -0.019061950754495 0.348539790960760
   outer loop
      vertex 0.337624203127913 0.174254524985618 0.106425473124518
      vertex 0.331570029778023 0.171407139353616 0.122547276322738
      vertex 0.331534269194656 0.169407461599046 0.122534059721271
   endloop
endfacet
facet normal 0.826534343707948 -0.017935573262736 0.562600474478123
   outer loop
      vertex -0.248500677403728 0.460674410750802 -0.174425487923205
      vertex -0.240094375599906 0.454390497290721 -0.186975784367983
      vertex -0.240072486338492 0.456390105218092 -0.186944195542579
   endloop
endfacet
facet normal 0.175254339837413 0.965834491769604 -0.190917916593242
   outer loop
      vertex -0.246638908714365 0.452455012296344 -0.211544348798467
      vertex -0.236393779628564 0.448149131471577 -0.223922783079016
      vertex -0.262235858812365 0.452811617812223 -0.224057638951329
   endloop
endfacet
facet normal 0.627940049894024 -0.015755966414940 0.778102206179511
   outer loop
      vertex -0.177670111142812 0.428516154275747 -0.252065685020138
      vertex -0.189364766549796 0.432850975013816 -0.242540147461119
      vertex -0.177685167090770 0.426516447834684 -0.252094027151337
   endloop
endfacet
facet normal 0.277503848577045 -0.009209895564399 0.960680379652162
   outer loop
      vertex 0.110490152260448 0.083345126938441 0.325960089139596
      vertex 0.093921987684148 0.080618248852207 0.330719856558855
      vertex 0.093901733955156 0.078618380365700 0.330706534654472
   endloop
endfacet
facet normal 0.824358822636475 -0.017208066278175 0.565805986179335
   outer loop
      vertex 0.299563514898692 0.152097501706450 0.183443874250897
      vertex 0.289776639550872 0.149288419979979 0.197617563413576
      vertex 0.289745479580615 0.147288756921955 0.197602145870716
   endloop
endfacet
facet normal -0.419873466385029 0.013634820700158 -0.907480227823336
   outer loop
      vertex -0.128723720158811 0.407232370748147 -0.327270882482994
      vertex -0.144166226341842 0.409635583045150 -0.320089826885621
      vertex -0.144154072638229 0.411635373227761 -0.320065403474253
   endloop
endfacet
facet normal 0.324360040732226 -0.009872305256718 0.945882181651133
   outer loop
      vertex 0.126847087540063 0.090076052881766 0.320421219376378
      vertex 0.110531761657986 0.087344777350157 0.325987531845328
      vertex 0.110510907962861 0.085344901163145 0.325973809964268
   endloop
endfacet
facet normal 0.084358549814062 -0.006643994012125 0.996413314050367
   outer loop
      vertex 0.043035370443264 0.066459772830228 0.340014284346231
      vertex 0.025834566720922 0.061746052883081 0.341439111684977
      vertex 0.043016314828335 0.064460011268660 0.340002563407104
   endloop
endfacet
facet normal -0.102628445326806 -0.004313979889400 0.994710405991270
   outer loop
      vertex 0.048916009260997 0.359979807694998 -0.313908685337079
      vertex 0.033950202759599 0.364449789183153 -0.315433384420269
      vertex 0.048901956972016 0.357979928664904 -0.313918808486920
   endloop
endfacet
facet normal 0.459945775910758 -0.012129258412266 0.887864158704596
   outer loop
      vertex 0.173954425427344 0.104300572494764 0.299064815914116
      vertex 0.158606861184707 0.099553514781414 0.306950559454470
      vertex 0.173931069921080 0.102300762436407 0.299049595177486
   endloop
endfacet
facet normal 0.544896907201358 -0.013390983393552 0.838396112876335
   outer loop
      vertex 0.203396866942845 0.113811584038433 0.281089049428027
      vertex 0.188896597387534 0.109053212855914 0.290437175742571
      vertex 0.203371909659306 0.111811847434123 0.281073329778515
   endloop
endfacet
facet normal 0.370552447391127 -0.010858516005180 0.928748069372212
   outer loop
      vertex 0.142891710994658 0.094812095147835 0.314075097869169
      vertex 0.126847087540063 0.090076052881766 0.320421219376378
      vertex 0.142869755338814 0.092812306578464 0.314060477096725
   endloop
endfacet
facet normal 0.503039068778523 -0.012783635878155 0.864169123456845
   outer loop
      vertex 0.188896597387534 0.109053212855914 0.290437175742571
      vertex 0.173954425427344 0.104300572494764 0.299064815914116
      vertex 0.188872439988282 0.107053490040084 0.290421656080566
   endloop
endfacet
facet normal 0.624550876632451 -0.014510215763508 0.780849317177222
   outer loop
      vertex 0.230931970638365 0.123345556653542 0.260324573548748
      vertex 0.217419928026345 0.118575642273177 0.271043345259859
      vertex 0.230905413628583 0.121345790359589 0.260308653913053
   endloop
endfacet
facet normal -0.178489570414412 -0.953176666963075 -0.244122335746735
   outer loop
      vertex 0.287649657464931 0.265824979331911 -0.180913810364521
      vertex 0.270562147506866 0.271053329719812 -0.188834426389570
      vertex 0.278811806969177 0.270955773579685 -0.194485240489744
   endloop
endfacet
facet normal 0.276791063190353 -0.960196108515939 -0.037551837888460
   outer loop
      vertex 0.024574500794274 0.059868647726053 0.321467131806988
      vertex 0.039686115675075 0.064665871212779 0.310188978777225
      vertex 0.040796216055809 0.064597218216952 0.320126873299752
   endloop
endfacet
facet normal 0.851146197956798 -0.017656104470437 0.524631691454697
   outer loop
      vertex 0.308642504474562 0.154913886522082 0.168809186336851
      vertex 0.299563514898692 0.152097501706450 0.183443874250897
      vertex 0.299531353201958 0.150097915577610 0.183428757749506
   endloop
endfacet
facet normal -0.246491897649559 -0.001325172319087 0.969143946125365
   outer loop
      vertex 0.093082149347283 0.344529367394166 -0.304979444822403
      vertex 0.078509012980451 0.349019665813714 -0.308679833844007
      vertex 0.093064896934204 0.342529463051427 -0.304986567394795
   endloop
endfacet
facet normal 0.585372005036968 -0.013678011518366 0.810649448109295
   outer loop
      vertex 0.217419928026345 0.118575642273177 0.271043345259859
      vertex 0.203421824226384 0.115811320642743 0.281104769077540
      vertex 0.203396866942845 0.113811584038433 0.281089049428027
   endloop
endfacet
facet normal 0.415712099407766 -0.011213064897752 0.909427137038249
   outer loop
      vertex 0.158584205603653 0.097553715467550 0.306935638699933
      vertex 0.142891710994658 0.094812095147835 0.314075097869169
      vertex 0.142869755338814 0.092812306578464 0.314060477096725
   endloop
endfacet
facet normal 0.624521757844641 -0.014260376473972 0.780877209067764
   outer loop
      vertex 0.230905413628583 0.121345790359589 0.260308653913053
      vertex 0.217419928026345 0.118575642273177 0.271043345259859
      vertex 0.217394170858518 0.116575891880387 0.271027425622837
   endloop
endfacet
facet normal -0.257407613601871 -0.000995351286885 0.966302400770900
   outer loop
      vertex -0.077005865550342 0.031494191648164 0.332259203927151
      vertex -0.093672865811352 0.028787482379820 0.327816591670142
      vertex -0.093691118580802 0.026787586040342 0.327809669405212
   endloop
endfacet
facet normal -0.209510652439175 -0.001716757315730 0.977804857453076
   outer loop
      vertex -0.060122277580880 0.036200941955363 0.335885052021477
      vertex -0.076987612675060 0.033494082705932 0.332266626164173
      vertex -0.077005865550342 0.031494191648164 0.332259203927151
   endloop
endfacet
facet normal -0.112295863146658 -0.003320034523712 0.993669269169027
   outer loop
      vertex -0.025926248446084 0.045615819624526 0.340633032233805
      vertex -0.043063813013156 0.042907877112838 0.338687245916458
      vertex -0.043081866203114 0.040908003762806 0.338678523751666
   endloop
endfacet
facet normal 0.764949849231933 -0.016317764057974 0.643883109528578
   outer loop
      vertex 0.279214409868328 0.140487336867407 0.211249190416935
      vertex 0.268085694511667 0.137692001124950 0.224399551685636
      vertex 0.268056436047754 0.135692281139235 0.224383633110978
   endloop
endfacet
facet normal 0.415751578883147 -0.011495208879672 0.909405566746203
   outer loop
      vertex 0.158606861184707 0.099553514781414 0.306950559454470
      vertex 0.142891710994658 0.094812095147835 0.314075097869169
      vertex 0.158584205603653 0.097553715467550 0.306935638699933
   endloop
endfacet
facet normal 0.274457661616721 -0.960204074417626 -0.051779604591689
   outer loop
      vertex 0.060124648149025 0.069176283831907 0.337736335641112
      vertex 0.056931266060545 0.069328144230914 0.317993713761633
      vertex 0.072941235729571 0.074061803052920 0.315073265622441
   endloop
endfacet
facet normal 0.115818681321090 -0.958179325158386 -0.261683805184931
   outer loop
      vertex 0.291361421702373 0.155273713598575 0.158747883548657
      vertex 0.290396723200799 0.160288528177044 0.139958712574006
      vertex 0.299273236540880 0.160104788569775 0.144560149647366
   endloop
endfacet
facet normal -0.078851700872609 -0.948691648904087 -0.306213266481290
   outer loop
      vertex 0.310005057299901 0.230365811381063 -0.071952510370558
      vertex 0.306488036975168 0.235442215484185 -0.086774269063897
      vertex 0.319788610154691 0.230218728895821 -0.074016150084765
   endloop
endfacet
facet normal 0.137065835071698 -0.953190630948512 -0.269519160595452
   outer loop
      vertex 0.282720831319924 0.155453576155668 0.153717231626364
      vertex 0.274080338930187 0.155633540675070 0.148686580760460
      vertex 0.281520209881885 0.160472266727973 0.135357375495066
   endloop
endfacet
facet normal -0.938313263878976 0.018983266889140 -0.345264904684792
   outer loop
      vertex -0.318746376606078 0.482769547379765 -0.119453830855404
      vertex -0.312926227040286 0.478513436070733 -0.135505037789658
      vertex -0.312955178812381 0.476513884289558 -0.135536295508600
   endloop
endfacet
facet normal 0.006342753024110 0.006172088913727 -0.999960836634374
   outer loop
      vertex 0.020426448714962 0.367152216290735 -0.356204750777872
      vertex 0.020413896437831 0.365152351381319 -0.356217174224446
      vertex 0.003406347262642 0.369644555773037 -0.356297325762489
   endloop
endfacet
facet normal 0.252567048834705 0.964212324979907 -0.080650345317121
   outer loop
      vertex -0.106016531526599 0.404571825672738 -0.314930404441492
      vertex -0.090890521358036 0.400163051678526 -0.320270275866215
      vertex -0.112951556115859 0.404819525735879 -0.333686966913466
   endloop
endfacet
facet normal 0.006430751523292 0.006773193067172 -0.999956383694069
   outer loop
      vertex 0.020426448714962 0.367152216290735 -0.356204750777872
      vertex 0.003406347262642 0.369644555773037 -0.356297325762489
      vertex 0.003418399693796 0.371644408065591 -0.356283702276410
   endloop
endfacet
facet normal 0.329897889944556 -0.012362865624471 0.943935666114848
   outer loop
      vertex -0.084905362208908 0.395929643008651 -0.301238299676457
      vertex -0.099092762361789 0.402324431107281 -0.296196164443042
      vertex -0.099104116155290 0.400324653581246 -0.296218387767224
   endloop
endfacet
facet normal 0.260294301529198 0.962488749415139 0.076565552572352
   outer loop
      vertex 0.093099301780118 0.346529269749259 -0.304972322249844
      vertex 0.098672659377272 0.346549976293710 -0.324179955311815
      vertex 0.083153421991615 0.351061088219809 -0.328128538068683
   endloop
endfacet
facet normal 0.181769298058263 -0.007777560571504 0.983310445299430
   outer loop
      vertex 0.077119748307755 0.075895399909596 0.334647942826192
      vertex 0.060163455498359 0.073176009198127 0.337760879569914
      vertex 0.060144001844153 0.071176144993023 0.337748657602805
   endloop
endfacet
facet normal 0.665282028989441 -0.016212815308200 0.746416081367139
   outer loop
      vertex -0.189364766549796 0.432850975013816 -0.242540147461119
      vertex -0.200577237777418 0.437176337935238 -0.232452500495244
      vertex -0.189380824452830 0.430851356910429 -0.242569268490566
   endloop
endfacet
facet normal 0.256931066581284 0.962383592679821 0.088341652498041
   outer loop
      vertex 0.107475238508896 0.342032021224261 -0.300563125341442
      vertex 0.120485168980277 0.342030860933491 -0.338388302626127
      vertex 0.098672659377272 0.346549976293710 -0.324179955311815
   endloop
endfacet
facet normal -0.089230749123627 -0.953931670908102 -0.286447622872512
   outer loop
      vertex 0.329572063008071 0.230071645479275 -0.076079889793224
      vertex 0.316158656188422 0.235300694267972 -0.089315352777434
      vertex 0.325829275380509 0.235159174108101 -0.091856536485390
   endloop
endfacet
facet normal 0.293730280205543 -0.955076040727300 -0.039398971040346
   outer loop
      vertex 0.039686115675075 0.064665871212779 0.310188978777225
      vertex 0.038576017281872 0.064734424233941 0.300251083198146
      vertex 0.053737885980764 0.069479903598917 0.298251190820015
   endloop
endfacet
facet normal 0.256668176299879 -0.964459924011055 -0.062757487612904
   outer loop
      vertex 0.060124648149025 0.069176283831907 0.337736335641112
      vertex 0.072941235729571 0.074061803052920 0.315073265622441
      vertex 0.077099892639206 0.073895633010283 0.334635221944211
   endloop
endfacet
facet normal 0.263701525454333 0.957216343045862 0.119156947254298
   outer loop
      vertex 0.144067778104490 0.331681980728647 -0.307548392401757
      vertex 0.152399025845379 0.331650182780155 -0.325730506597878
      vertex 0.136597634658074 0.336840161033524 -0.332453413337632
   endloop
endfacet
facet normal -0.304618976342691 -0.000516596016267 0.952474153129882
   outer loop
      vertex -0.093672865811352 0.028787482379820 0.327816591670142
      vertex -0.110136928550780 0.022081126033916 0.322547440377578
      vertex -0.093691118580802 0.026787586040342 0.327809669405212
   endloop
endfacet
facet normal 0.898468744275139 -0.018740681148365 0.438637324484307
   outer loop
      vertex 0.324697781839030 0.166568071840258 0.138339495312992
      vertex 0.317060222384143 0.161737040743434 0.153777241399275
      vertex 0.324662818983085 0.164568516299566 0.138325679800241
   endloop
endfacet
facet normal -0.263763376219730 -0.949963888250289 -0.167324512207749
   outer loop
      vertex 0.181140816792021 0.312208582457430 -0.275877387341410
      vertex 0.167759178791576 0.317369500618698 -0.284083596025091
      vertex 0.186597557988304 0.312169486336919 -0.284257203065555
   endloop
endfacet
facet normal 0.276593287962371 -0.960254181337818 -0.037524129269062
   outer loop
      vertex 0.043016314828335 0.064460011268660 0.340002563407104
      vertex 0.040796216055809 0.064597218216952 0.320126873299752
      vertex 0.056931266060545 0.069328144230914 0.317993713761633
   endloop
endfacet
facet normal -0.139606324331192 0.009341978552736 -0.990163017711455
   outer loop
      vertex -0.030519351884284 0.380602286137685 -0.353940462239174
      vertex -0.047376069436524 0.383067081200857 -0.351540523645359
      vertex -0.047365116402404 0.385066892539595 -0.351523200152666
   endloop
endfacet
facet normal 0.252890588565174 -0.964772347353654 0.072530462544237
   outer loop
      vertex -0.093691118580802 0.026787586040342 0.327809669405212
      vertex -0.110136928550780 0.022081126033916 0.322547440377578
      vertex -0.088124051005905 0.026802696836937 0.308600078455108
   endloop
endfacet
facet normal 0.274671831383084 -0.960141322925618 -0.051807577199740
   outer loop
      vertex 0.040796216055809 0.064597218216952 0.320126873299752
      vertex 0.055334626000193 0.069404025436910 0.308122402293532
      vertex 0.056931266060545 0.069328144230914 0.317993713761633
   endloop
endfacet
facet normal 0.035235950069857 -0.005888271394090 0.999361674311490
   outer loop
      vertex 0.025834566720922 0.061746052883081 0.341439111684977
      vertex 0.008582711629724 0.057034339425856 0.342019623897874
      vertex 0.025815813161258 0.059746190971734 0.341427989655307
   endloop
endfacet
facet normal 0.162972450733318 -0.953450904439396 -0.253715102281425
   outer loop
      vertex 0.265393556553044 0.145803732853418 0.180030432588712
      vertex 0.257286635533938 0.145975279183246 0.174178334008997
      vertex 0.265996112940828 0.150801209769854 0.161637168834577
   endloop
endfacet
facet normal 0.229907639614208 -0.008521823850285 0.973175141362175
   outer loop
      vertex 0.093921987684148 0.080618248852207 0.330719856558855
      vertex 0.077139602009937 0.077895265727232 0.334660764759147
      vertex 0.077119748307755 0.075895399909596 0.334647942826192
   endloop
endfacet
facet normal 0.153118574289726 -0.958566545331045 -0.240218401417516
   outer loop
      vertex 0.263593364030306 0.140821354221785 0.198764628359604
      vertex 0.265393556553044 0.145803732853418 0.180030432588712
      vertex 0.273500477550983 0.145632187579931 0.185882431174009
   endloop
endfacet
facet normal 0.662155362935738 -0.015093057522565 0.749214572035316
   outer loop
      vertex 0.243900684863896 0.128121507073454 0.248959044502415
      vertex 0.230931970638365 0.123345556653542 0.260324573548748
      vertex 0.243873228010748 0.126121723947034 0.248943024873798
   endloop
endfacet
facet normal 0.370509807324955 -0.010561317029801 0.928768507895601
   outer loop
      vertex 0.142869755338814 0.092812306578464 0.314060477096725
      vertex 0.126847087540063 0.090076052881766 0.320421219376378
      vertex 0.126825731850352 0.088076272012899 0.320406998580611
   endloop
endfacet
facet normal 0.128605847977842 -0.958309252107086 -0.255154684832278
   outer loop
      vertex 0.282763733060810 0.150449563201904 0.172532913294832
      vertex 0.282720831319924 0.155453576155668 0.153717231626364
      vertex 0.291361421702373 0.155273713598575 0.158747883548657
   endloop
endfacet
facet normal 0.256335171229297 -0.964768462737265 0.059279788279165
   outer loop
      vertex -0.077005865550342 0.031494191648164 0.332259203927151
      vertex -0.093691118580802 0.026787586040342 0.327809669405212
      vertex -0.072390195240180 0.031524843172924 0.312799164538397
   endloop
endfacet
facet normal 0.286574840735399 -0.957764748354225 -0.023696992793355
   outer loop
      vertex 0.008175126613418 0.055195716109760 0.312012313107738
      vertex 0.023333088447046 0.059991102492726 0.301506273958833
      vertex 0.023953744641121 0.059929873587396 0.311486752880202
   endloop
endfacet
facet normal 0.278881930033703 -0.960285235180872 -0.008782721349033
   outer loop
      vertex 0.008304837769942 0.055141937165645 0.322011175668101
      vertex -0.007973459256948 0.050416784860546 0.321757393285073
      vertex 0.008175126613418 0.055195716109760 0.312012313107738
   endloop
endfacet
facet normal 0.263353681311068 -0.964661017584785 -0.008599982104340
   outer loop
      vertex 0.008564258137792 0.055034477139395 0.342009101834217
      vertex -0.008696934972658 0.050324513031375 0.341743987302520
      vertex 0.008304837769942 0.055141937165645 0.322011175668101
   endloop
endfacet
facet normal -0.187790639677531 0.010175049559704 -0.982156374522897
   outer loop
      vertex -0.047365116402404 0.385066892539595 -0.351523200152666
      vertex -0.064083098066274 0.387521267442906 -0.348301255115052
      vertex -0.064072144756991 0.389521065049200 -0.348282631694922
   endloop
endfacet
facet normal 0.229984291156803 -0.008811734434880 0.973154447740620
   outer loop
      vertex 0.093921987684148 0.080618248852207 0.330719856558855
      vertex 0.077119748307755 0.075895399909596 0.334647942826192
      vertex 0.093901733955156 0.078618380365700 0.330706534654472
   endloop
endfacet
facet normal 0.288166245236623 -0.955244844198413 0.066839380148059
   outer loop
      vertex -0.070082359080749 0.031540118419802 0.303069194312952
      vertex -0.067774524930018 0.031555494697686 0.293339125149642
      vertex -0.052815835010661 0.036293291762848 0.296558285937155
   endloop
endfacet
facet normal 0.280050653322989 -0.957597473664623 -0.067666165877040
   outer loop
      vertex 0.055334626000193 0.069404025436910 0.308122402293532
      vertex 0.068782378859447 0.074227969120267 0.295511309301002
      vertex 0.070861756321203 0.074144934551932 0.305292337987291
   endloop
endfacet
facet normal -0.077150137330236 -0.951458995348501 -0.297949050141708
   outer loop
      vertex 0.322662966210388 0.225144255049890 -0.058555799327654
      vertex 0.310005057299901 0.230365811381063 -0.071952510370558
      vertex 0.319788610154691 0.230218728895821 -0.074016150084765
   endloop
endfacet
facet normal 0.291482937036897 -0.955022762175001 -0.054490560136383
   outer loop
      vertex 0.055334626000193 0.069404025436910 0.308122402293532
      vertex 0.053737885980764 0.069479903598917 0.298251190820015
      vertex 0.068782378859447 0.074227969120267 0.295511309301002
   endloop
endfacet
facet normal 0.295961373423449 -0.955157843520120 -0.008964340650624
   outer loop
      vertex 0.008175126613418 0.055195716109760 0.312012313107738
      vertex 0.008045517403504 0.055249398123198 0.302013349496236
      vertex 0.023333088447046 0.059991102492726 0.301506273958833
   endloop
endfacet
facet normal 0.271458344081504 -0.960393978808252 0.062879033845818
   outer loop
      vertex -0.072390195240180 0.031524843172924 0.312799164538397
      vertex -0.088124051005905 0.026802696836937 0.308600078455108
      vertex -0.070082359080749 0.031540118419802 0.303069194312952
   endloop
endfacet
facet normal -0.257392115464507 -0.001311122447757 0.966306152238840
   outer loop
      vertex -0.076969559739100 0.035493968732067 0.332274148395944
      vertex -0.093654613063069 0.030787379775639 0.327823413940655
      vertex -0.076987612675060 0.033494082705932 0.332266626164173
   endloop
endfacet
facet normal 0.502995390292688 -0.012451914225006 0.864199390867894
   outer loop
      vertex 0.188872439988282 0.107053490040084 0.290421656080566
      vertex 0.173954425427344 0.104300572494764 0.299064815914116
      vertex 0.173931069921080 0.102300762436407 0.299049595177486
   endloop
endfacet
facet normal 0.937112408974139 -0.019371664628363 0.348489700789295
   outer loop
      vertex 0.337697527638949 0.178253730055492 0.106450604283918
      vertex 0.331570029778023 0.171407139353616 0.122547276322738
      vertex 0.337624203127913 0.174254524985618 0.106425473124518
   endloop
endfacet
facet normal -0.019500354467709 -0.952084246763059 -0.305213569883865
   outer loop
      vertex 0.326693795122606 0.209967774112121 -0.011582346121419
      vertex 0.326119562274578 0.215018640461886 -0.027301347546746
      vertex 0.336691593491711 0.209800569427612 -0.011699535098311
   endloop
endfacet
facet normal -0.042375006528378 0.007650282302175 -0.999072485859969
   outer loop
      vertex 0.003418399693796 0.371644408065591 -0.356283702276410
      vertex -0.013589025526099 0.374128076706350 -0.355543325045088
      vertex -0.013577473139676 0.376127926379507 -0.355528501413849
   endloop
endfacet
facet normal 0.263319440143793 -0.964695333677559 0.005077954617927
   outer loop
      vertex -0.008696934972658 0.050324513031375 0.341743987302520
      vertex -0.025926248446084 0.045615819624526 0.340633032233805
      vertex -0.007973459256948 0.050416784860546 0.321757393285073
   endloop
endfacet
facet normal 0.256885528014704 0.952625668371614 0.162831696718244
   outer loop
      vertex 0.200004595916308 0.311003578604753 -0.275116296619114
      vertex 0.197551147183673 0.316091058450108 -0.301009341399969
      vertex 0.186637764751478 0.316169253678521 -0.284249709941279
   endloop
endfacet
facet normal 0.662118177557019 -0.014757590224157 0.749254117425688
   outer loop
      vertex 0.243873228010748 0.126121723947034 0.248943024873798
      vertex 0.230931970638365 0.123345556653542 0.260324573548748
      vertex 0.230905413628583 0.121345790359589 0.260308653913053
   endloop
endfacet
facet normal 0.133230425050732 -0.007078313574276 0.991059812179742
   outer loop
      vertex 0.060124648149025 0.069176283831907 0.337736335641112
      vertex 0.043035370443264 0.066459772830228 0.340014284346231
      vertex 0.043016314828335 0.064460011268660 0.340002563407104
   endloop
endfacet
facet normal -0.063250062053994 -0.004027961969114 0.997989581695391
   outer loop
      vertex -0.008696934972658 0.050324513031375 0.341743987302520
      vertex -0.025908095170049 0.047615689680496 0.340642254370522
      vertex -0.025926248446084 0.045615819624526 0.340633032233805
   endloop
endfacet
facet normal 0.227398493488420 0.950223595838068 0.212990711233541
   outer loop
      vertex 0.223206603748616 0.295666405523145 -0.229622381319544
      vertex 0.230194846785174 0.295597261519554 -0.236774870111655
      vertex 0.218679146628813 0.300744429563153 -0.247443446438718
   endloop
endfacet
facet normal 0.795652093511663 -0.017097177296374 0.605512537127849
   outer loop
      vertex 0.289745479580615 0.147288756921955 0.197602145870716
      vertex 0.279244570099640 0.142486976879951 0.211264907944709
      vertex 0.289714319589193 0.145289094920274 0.197586628333439
   endloop
endfacet
facet normal 0.767308631714553 -0.017940094530471 0.641027001540948
   outer loop
      vertex -0.231041960604320 0.452098506776256 -0.199031059588940
      vertex -0.231062560060258 0.450098921478937 -0.199062363432394
      vertex -0.221450327421779 0.445799715051742 -0.210688515256494
   endloop
endfacet
facet normal 0.324392630056247 -0.009856677377183 0.945871168540554
   outer loop
      vertex 0.126825731850352 0.088076272012899 0.320406998580611
      vertex 0.110510907962861 0.085344901163145 0.325973809964268
      vertex 0.110490152260448 0.083345126938441 0.325960089139596
   endloop
endfacet
facet normal 0.185775292371967 -0.963472272514799 -0.192895621617703
   outer loop
      vertex 0.230905413628583 0.121345790359589 0.260308653913053
      vertex 0.230250564089445 0.126426022663481 0.234303305604686
      vertex 0.243873228010748 0.126121723947034 0.248943024873798
   endloop
endfacet
facet normal 0.284437227718324 -0.955208409270625 0.081684504935738
   outer loop
      vertex -0.088124051005905 0.026802696836937 0.308600078455108
      vertex -0.097126997660724 0.022079944691871 0.284722362876001
      vertex -0.085340566204229 0.026810200725909 0.298995332449072
   endloop
endfacet
facet normal 0.123566729156596 -0.953056575613302 -0.276431595744384
   outer loop
      vertex 0.290396723200799 0.160288528177044 0.139958712574006
      vertex 0.281520209881885 0.160472266727973 0.135357375495066
      vertex 0.288298214078909 0.165317806007891 0.121681162925723
   endloop
endfacet
facet normal 0.665090587749865 -0.016803659978861 0.746573604608316
   outer loop
      vertex -0.189380824452830 0.430851356910429 -0.242569268490566
      vertex -0.200577237777418 0.437176337935238 -0.232452500495244
      vertex -0.200594295628944 0.435176707244156 -0.232482311484517
   endloop
endfacet
facet normal 0.698098878483786 -0.015355149147174 0.715836695940037
   outer loop
      vertex 0.256295062793806 0.132903585559120 0.236974367197310
      vertex 0.243928243684822 0.130121192212855 0.248975063074314
      vertex 0.243900684863896 0.128121507073454 0.248959044502415
   endloop
endfacet
facet normal 0.918884471317580 -0.018789790195572 0.394079017654858
   outer loop
      vertex 0.331534269194656 0.169407461599046 0.122534059721271
      vertex 0.324697781839030 0.166568071840258 0.138339495312992
      vertex 0.324662818983085 0.164568516299566 0.138325679800241
   endloop
endfacet
facet normal 0.732420920338273 -0.015838109638381 0.680667870355227
   outer loop
      vertex 0.268056436047754 0.135692281139235 0.224383633110978
      vertex 0.256295062793806 0.132903585559120 0.236974367197310
      vertex 0.256266706118458 0.130903784543891 0.236958347570187
   endloop
endfacet
facet normal -0.161040089453283 -0.002850679864734 0.986943748758351
   outer loop
      vertex -0.043063813013156 0.042907877112838 0.338687245916458
      vertex -0.060104124537677 0.038200823631093 0.335893174219593
      vertex -0.043081866203114 0.040908003762806 0.338678523751666
   endloop
endfacet
facet normal 0.261371078432470 -0.964572276510059 -0.035853629485049
   outer loop
      vertex 0.025815813161258 0.059746190971734 0.341427989655307
      vertex 0.040796216055809 0.064597218216952 0.320126873299752
      vertex 0.043016314828335 0.064460011268660 0.340002563407104
   endloop
endfacet
facet normal 0.585401666014068 -0.013678213296582 0.810628025612837
   outer loop
      vertex 0.217394170858518 0.116575891880387 0.271027425622837
      vertex 0.203396866942845 0.113811584038433 0.281089049428027
      vertex 0.203371909659306 0.111811847434123 0.281073329778515
   endloop
endfacet
facet normal -0.257370858611155 -0.001237286326735 0.966311911475949
   outer loop
      vertex -0.076987612675060 0.033494082705932 0.332266626164173
      vertex -0.093672865811352 0.028787482379820 0.327816591670142
      vertex -0.077005865550342 0.031494191648164 0.332259203927151
   endloop
endfacet
facet normal -0.209456309497821 -0.002069994635510 0.977815815751495
   outer loop
      vertex -0.060104124537677 0.038200823631093 0.335893174219593
      vertex -0.076987612675060 0.033494082705932 0.332266626164173
      vertex -0.060122277580880 0.036200941955363 0.335885052021477
   endloop
endfacet
facet normal -0.112257832231057 -0.003563200657423 0.993672724142038
   outer loop
      vertex -0.025908095170049 0.047615689680496 0.340642254370522
      vertex -0.043063813013156 0.042907877112838 0.338687245916458
      vertex -0.025926248446084 0.045615819624526 0.340633032233805
   endloop
endfacet
facet normal 0.140440055349395 -0.009345531616651 0.990045075687093
   outer loop
      vertex -0.026166577448737 0.380257731558491 -0.314181003994562
      vertex -0.041058855880048 0.386689461023260 -0.312007789470222
      vertex -0.041069809112921 0.384689659681989 -0.312025112857260
   endloop
endfacet
facet normal -0.257447488285760 -0.000946638583007 0.966291826857056
   outer loop
      vertex -0.076987612675060 0.033494082705932 0.332266626164173
      vertex -0.093654613063069 0.030787379775639 0.327823413940655
      vertex -0.093672865811352 0.028787482379820 0.327816591670142
   endloop
endfacet
facet normal 0.853086719587341 -0.018202141984392 0.521451561404212
   outer loop
      vertex -0.256330449003838 0.462952290550019 -0.161536599020595
      vertex -0.248547179438775 0.456675344499755 -0.174489015436745
      vertex -0.248523928422310 0.458674877678096 -0.174457256679696
   endloop
endfacet
facet normal 0.133180493597276 -0.007028357473986 0.991066878831295
   outer loop
      vertex 0.060144001844153 0.071176144993023 0.337748657602805
      vertex 0.043054424049495 0.068459635422802 0.340025906347493
      vertex 0.043035370443264 0.066459772830228 0.340014284346231
   endloop
endfacet
facet normal -0.329334703364685 0.011745989987961 -0.944140182853637
   outer loop
      vertex -0.096908942099899 0.398397146689360 -0.339365421802583
      vertex -0.096919995897423 0.396397372447625 -0.339386445088588
      vertex -0.112974163921371 0.400819982668921 -0.333731413456340
   endloop
endfacet
facet normal -0.107710435038642 -0.948420053061141 -0.298157450242802
   outer loop
      vertex 0.302247434503596 0.240525638835366 -0.101403789722936
      vertex 0.297293459204975 0.245615717002904 -0.115805366365276
      vertex 0.311781811650827 0.240389871570063 -0.104416250128191
   endloop
endfacet
facet normal 0.898449750261215 -0.018398290080590 0.438690721554117
   outer loop
      vertex 0.324662818983085 0.164568516299566 0.138325679800241
      vertex 0.317060222384143 0.161737040743434 0.153777241399275
      vertex 0.317026263199875 0.159737310411578 0.153762923799666
   endloop
endfacet
facet normal 0.247379782041770 0.966178087585839 0.072822705977851
   outer loop
      vertex 0.098672659377272 0.346549976293710 -0.324179955311815
      vertex 0.104246016775673 0.346570692835627 -0.343387588268131
      vertex 0.087781678756984 0.351102608718284 -0.347585365128729
   endloop
endfacet
facet normal 0.375860166577794 -0.012431090559902 0.926593008374014
   outer loop
      vertex -0.099092762361789 0.402324431107281 -0.296196164443042
      vertex -0.113030891113050 0.406710760195381 -0.290483500737927
      vertex -0.099104116155290 0.400324653581246 -0.296218387767224
   endloop
endfacet
facet normal 0.295222158317131 -0.955121636292851 -0.024218528523460
   outer loop
      vertex 0.023953744641121 0.059929873587396 0.311486752880202
      vertex 0.023333088447046 0.059991102492726 0.301506273958833
      vertex 0.038576017281872 0.064734424233941 0.300251083198146
   endloop
endfacet
facet normal 0.035139400235754 -0.005534087669024 0.999367097929856
   outer loop
      vertex 0.025834566720922 0.061746052883081 0.341439111684977
      vertex 0.008601265080734 0.059034204756305 0.342030045966947
      vertex 0.008582711629724 0.057034339425856 0.342019623897874
   endloop
endfacet
facet normal -0.063195630765722 -0.004374613173343 0.997991570611549
   outer loop
      vertex -0.008678681568213 0.052324377680596 0.341753909399999
      vertex -0.025908095170049 0.047615689680496 0.340642254370522
      vertex -0.008696934972658 0.050324513031375 0.341743987302520
   endloop
endfacet
facet normal -0.246674247029169 -0.001956097359198 0.969096481025349
   outer loop
      vertex 0.093082149347283 0.344529367394166 -0.304979444822403
      vertex 0.078525065444756 0.351019555736222 -0.308671711114128
      vertex 0.078509012980451 0.349019665813714 -0.308679833844007
   endloop
endfacet
facet normal -0.013991620339104 -0.005131703784921 0.999888943921549
   outer loop
      vertex 0.008582711629724 0.057034339425856 0.342019623897874
      vertex -0.008678681568213 0.052324377680596 0.341753909399999
      vertex 0.008564258137792 0.055034477139395 0.342009101834217
   endloop
endfacet
facet normal 0.278008457212858 -0.960298906888192 -0.023179886700970
   outer loop
      vertex 0.025815813161258 0.059746190971734 0.341427989655307
      vertex 0.024574500794274 0.059868647726053 0.321467131806988
      vertex 0.040796216055809 0.064597218216952 0.320126873299752
   endloop
endfacet
facet normal 0.133279744963340 -0.007396086575375 0.991050860191280
   outer loop
      vertex 0.060144001844153 0.071176144993023 0.337748657602805
      vertex 0.043035370443264 0.066459772830228 0.340014284346231
      vertex 0.060124648149025 0.069176283831907 0.337736335641112
   endloop
endfacet
facet normal -0.102898338939464 -0.004944914901766 0.994679586429778
   outer loop
      vertex 0.048901956972016 0.357979928664904 -0.313918808486920
      vertex 0.033950202759599 0.364449789183153 -0.315433384420269
      vertex 0.033936850674590 0.362449906750280 -0.315444707821258
   endloop
endfacet
facet normal -0.034493220186018 -0.949127512604682 -0.312997096756581
   outer loop
      vertex 0.316139361559067 0.215181147932676 -0.026694284570062
      vertex 0.314836524748770 0.220235078890745 -0.041876169422622
      vertex 0.326119562274578 0.215018640461886 -0.027301347546746
   endloop
endfacet
facet normal -0.282818345101641 0.011042382074853 -0.959109925645691
   outer loop
      vertex -0.080599520329557 0.393964373570479 -0.344226970528297
      vertex -0.080610373912594 0.391964590627933 -0.344246793881613
      vertex -0.096919995897423 0.396397372447625 -0.339386445088588
   endloop
endfacet
facet normal 0.277542995989910 -0.009471937643367 0.960666522667583
   outer loop
      vertex 0.110510907962861 0.085344901163145 0.325973809964268
      vertex 0.093921987684148 0.080618248852207 0.330719856558855
      vertex 0.110490152260448 0.083345126938441 0.325960089139596
   endloop
endfacet
facet normal 0.898432471050334 -0.018399830578531 0.438726043445191
   outer loop
      vertex 0.324697781839030 0.166568071840258 0.138339495312992
      vertex 0.317094183555944 0.163736671100626 0.153791557942332
      vertex 0.317060222384143 0.161737040743434 0.153777241399275
   endloop
endfacet
facet normal 0.795605688760094 -0.016798419584220 0.605581869867361
   outer loop
      vertex 0.289745479580615 0.147288756921955 0.197602145870716
      vertex 0.279274828323665 0.144486718854804 0.211280626528871
      vertex 0.279244570099640 0.142486976879951 0.211264907944709
   endloop
endfacet
facet normal 0.276414002239285 -0.957530360270214 -0.082042114349000
   outer loop
      vertex 0.070861756321203 0.074144934551932 0.305292337987291
      vertex 0.083673780601938 0.078979036960611 0.292038450988291
      vertex 0.086230793443712 0.078888898038375 0.301705497167538
   endloop
endfacet
facet normal 0.249298555555884 -0.964324223771729 -0.089045054016500
   outer loop
      vertex 0.093901733955156 0.078618380365700 0.330706534654472
      vertex 0.104433365177362 0.083539270772769 0.306900458122398
      vertex 0.110490152260448 0.083345126938441 0.325960089139596
   endloop
endfacet
facet normal 0.267023860926913 -0.957374549233699 -0.110146403369594
   outer loop
      vertex 0.101405120601836 0.083636396186904 0.297370593144618
      vertex 0.112856150475564 0.088491808320180 0.282928452999299
      vertex 0.116348521310499 0.088387899280953 0.292298039133321
   endloop
endfacet
facet normal -0.014040163801290 -0.005080548986967 0.999888524697841
   outer loop
      vertex 0.008601265080734 0.059034204756305 0.342030045966947
      vertex -0.008660328204691 0.054324245373806 0.341763731502894
      vertex 0.008582711629724 0.057034339425856 0.342019623897874
   endloop
endfacet
facet normal 0.589159443090793 -0.015274333287562 0.807872418986790
   outer loop
      vertex -0.165508726514109 0.426171829523893 -0.260977460668918
      vertex -0.177655053207320 0.430515760742146 -0.252037343945494
      vertex -0.165522884445369 0.424172231861762 -0.261004941793059
   endloop
endfacet
facet normal -0.014087169508429 -0.004781550825244 0.999889338090444
   outer loop
      vertex 0.008582711629724 0.057034339425856 0.342019623897874
      vertex -0.008660328204691 0.054324245373806 0.341763731502894
      vertex -0.008678681568213 0.052324377680596 0.341753909399999
   endloop
endfacet
facet normal 0.263836834463587 -0.960013129657113 -0.093621128310815
   outer loop
      vertex 0.110490152260448 0.083345126938441 0.325960089139596
      vertex 0.104433365177362 0.083539270772769 0.306900458122398
      vertex 0.119840992146846 0.088283991173029 0.301667725261595
   endloop
endfacet
facet normal -0.063277414187161 -0.004074438560792 0.997987659144241
   outer loop
      vertex -0.008678681568213 0.052324377680596 0.341753909399999
      vertex -0.025889841892604 0.049615560667769 0.340651576501491
      vertex -0.025908095170049 0.047615689680496 0.340642254370522
   endloop
endfacet
facet normal -0.161133412829674 -0.002504349859236 0.986929456193118
   outer loop
      vertex -0.043063813013156 0.042907877112838 0.338687245916458
      vertex -0.060086071495885 0.040200704375518 0.335901196423456
      vertex -0.060104124537677 0.038200823631093 0.335893174219593
   endloop
endfacet
facet normal -0.209532009251736 -0.001786387529664 0.977800156432041
   outer loop
      vertex -0.060104124537677 0.038200823631093 0.335893174219593
      vertex -0.076969559739100 0.035493968732067 0.332274148395944
      vertex -0.076987612675060 0.033494082705932 0.332266626164173
   endloop
endfacet
facet normal 0.213580453082590 0.968503151756514 -0.128004043290571
   outer loop
      vertex -0.176793783449139 0.426478730378531 -0.277485591528713
      vertex -0.188078738414275 0.426785533140517 -0.293993713445787
      vertex -0.201819771208309 0.431149234675326 -0.283904636205599
   endloop
endfacet
facet normal -0.161088608144451 -0.002792804919729 0.986935996185550
   outer loop
      vertex -0.043045659864121 0.044907753506859 0.338695868086666
      vertex -0.060086071495885 0.040200704375518 0.335901196423456
      vertex -0.043063813013156 0.042907877112838 0.338687245916458
   endloop
endfacet
facet normal 0.239338469326706 -0.964166849291454 -0.114452539629928
   outer loop
      vertex 0.126825731850352 0.088076272012899 0.320406998580611
      vertex 0.134973871250728 0.093033357547648 0.295686757868530
      vertex 0.142869755338814 0.092812306578464 0.314060477096725
   endloop
endfacet
facet normal 0.268078181453143 -0.960081484023753 -0.079860081790110
   outer loop
      vertex 0.093901733955156 0.078618380365700 0.330706534654472
      vertex 0.088787808273019 0.078798659141475 0.311372542290231
      vertex 0.104433365177362 0.083539270772769 0.306900458122398
   endloop
endfacet
facet normal 0.209925946866475 0.965265664733579 -0.155541934277083
   outer loop
      vertex -0.202199451349454 0.435176532974370 -0.257831588487471
      vertex -0.189737461204171 0.430832446727581 -0.267970990603741
      vertex -0.215050196039676 0.435502572806201 -0.273152149486717
   endloop
endfacet
facet normal 0.795623413218077 -0.016760060072255 0.605559645886011
   outer loop
      vertex 0.289714319589193 0.145289094920274 0.197586628333439
      vertex 0.279244570099640 0.142486976879951 0.211264907944709
      vertex 0.279214409868328 0.140487336867407 0.211249190416935
   endloop
endfacet
facet normal 0.282950325723204 -0.957661865603003 -0.053130634693254
   outer loop
      vertex 0.039686115675075 0.064665871212779 0.310188978777225
      vertex 0.053737885980764 0.069479903598917 0.298251190820015
      vertex 0.055334626000193 0.069404025436910 0.308122402293532
   endloop
endfacet
facet normal 0.283648034970226 -0.011058657065608 0.958864692415689
   outer loop
      vertex -0.070468731809214 0.393525517733959 -0.305535391035587
      vertex -0.084894308411384 0.397929417250385 -0.301217276390453
      vertex -0.070479685571249 0.391525742801234 -0.305555214283082
   endloop
endfacet
facet normal 0.221530596809342 0.961029005661855 -0.165370629054509
   outer loop
      vertex -0.189348808627007 0.434850591129558 -0.242511026431506
      vertex -0.177655053207320 0.430515760742146 -0.252037343945494
      vertex -0.202199451349454 0.435176532974370 -0.257831588487471
   endloop
endfacet
facet normal 0.269162091285216 -0.954663974284905 -0.127155278370654
   outer loop
      vertex 0.131025879205980 0.093143882566588 0.286499848257307
      vertex 0.127077887161232 0.093254407585528 0.277312938646084
      vertex 0.141008169778856 0.098021803706109 0.271007598150713
   endloop
endfacet
facet normal 0.069324585797860 -0.950121117927452 -0.304078876399274
   outer loop
      vertex 0.299806098513919 0.175029905802544 0.093417942521298
      vertex 0.304412558581870 0.180022034594126 0.078869789408940
      vertex 0.314014951130027 0.179831310796531 0.081654897680467
   endloop
endfacet
facet normal 0.285133868273497 -0.957715898166411 -0.038456931269884
   outer loop
      vertex 0.023953744641121 0.059929873587396 0.311486752880202
      vertex 0.038576017281872 0.064734424233941 0.300251083198146
      vertex 0.039686115675075 0.064665871212779 0.310188978777225
   endloop
endfacet
facet normal 0.181844969765346 -0.008060450753426 0.983294175770757
   outer loop
      vertex 0.077119748307755 0.075895399909596 0.334647942826192
      vertex 0.060144001844153 0.071176144993023 0.337748657602805
      vertex 0.077099892639206 0.073895633010283 0.334635221944211
   endloop
endfacet
facet normal 0.851167586302023 -0.017958754292966 0.524586716542683
   outer loop
      vertex 0.308675563942463 0.156913593683420 0.168824003910049
      vertex 0.299563514898692 0.152097501706450 0.183443874250897
      vertex 0.308642504474562 0.154913886522082 0.168809186336851
   endloop
endfacet
facet normal 0.464537122522894 -0.013668864024496 0.885448148653793
   outer loop
      vertex -0.126675595039542 0.411088751237020 -0.284092419351668
      vertex -0.139994065844788 0.415458311690170 -0.277037629027184
      vertex -0.126687750745504 0.409089061768512 -0.284116911702575
   endloop
endfacet
facet normal 0.588945497040742 -0.015887306862314 0.808016580891813
   outer loop
      vertex -0.165522884445369 0.424172231861762 -0.261004941793059
      vertex -0.177655053207320 0.430515760742146 -0.252037343945494
      vertex -0.177670111142812 0.428516154275747 -0.252065685020138
   endloop
endfacet
facet normal -0.048476542045305 -0.951794688106511 -0.302880994061296
   outer loop
      vertex 0.324774918378889 0.220077502649743 -0.042971698724228
      vertex 0.322662966210388 0.225144255049890 -0.058555799327654
      vertex 0.334713411790499 0.219919938393853 -0.044067227920346
   endloop
endfacet
facet normal -0.054037081710679 -0.005292906210333 0.998524901514250
   outer loop
      vertex 0.033950202759599 0.364449789183153 -0.315433384420269
      vertex 0.018923923101699 0.368912849413500 -0.316222902780077
      vertex 0.033936850674590 0.362449906750280 -0.315444707821258
   endloop
endfacet
facet normal -0.278448743555153 -0.949892508220618 -0.142022956027892
   outer loop
      vertex 0.149381450911411 0.322556515706215 -0.282744738763645
      vertex 0.153989017069019 0.322532837658857 -0.291619919529428
      vertex 0.167759178791576 0.317369500618698 -0.284083596025091
   endloop
endfacet
facet normal 0.507132231054741 -0.014854796782552 0.861740236520258
   outer loop
      vertex -0.139994065844788 0.415458311690170 -0.277037629027184
      vertex -0.152940341664874 0.421819156008481 -0.269309125113873
      vertex -0.152953797550042 0.419819462461226 -0.269335677347639
   endloop
endfacet
facet normal 0.735166650496325 -0.016981845688273 0.677673677307178
   outer loop
      vertex -0.221430967804268 0.447799279864244 -0.210657605388991
      vertex -0.211280621389714 0.441492335535760 -0.221827140201665
      vertex -0.211262463628501 0.443491981752892 -0.221796729247708
   endloop
endfacet
facet normal -0.091177853910238 0.007907965188002 -0.995803225061512
   outer loop
      vertex -0.013577473139676 0.376127926379507 -0.355528501413849
      vertex -0.013589025526099 0.374128076706350 -0.355543325045088
      vertex -0.030530604605138 0.378602456159909 -0.353956585798349
   endloop
endfacet
facet normal 0.283405852548751 -0.011647592987080 0.958929328114811
   outer loop
      vertex -0.070479685571249 0.391525742801234 -0.305555214283082
      vertex -0.084894308411384 0.397929417250385 -0.301217276390453
      vertex -0.084905362208908 0.395929643008651 -0.301238299676457
   endloop
endfacet
facet normal -0.463835198178335 0.013637419234001 -0.885816532769343
   outer loop
      vertex -0.144154072638229 0.411635373227761 -0.320065403474253
      vertex -0.144166226341842 0.409635583045150 -0.320089826885621
      vertex -0.159229511713088 0.414028858062552 -0.312134686483601
   endloop
endfacet
facet normal 0.375623886288256 -0.013025081183503 0.926680658754606
   outer loop
      vertex -0.099104116155290 0.400324653581246 -0.296218387767224
      vertex -0.113030891113050 0.406710760195381 -0.290483500737927
      vertex -0.113042546682843 0.404711068939707 -0.290506883151621
   endloop
endfacet
facet normal -0.325409497332612 -0.009620106334410 0.945524252782472
   outer loop
      vertex -0.280928341990956 0.481994165805293 -0.106446360248719
      vertex -0.318807181376505 0.478770476748920 -0.119515455281598
      vertex -0.280989146759267 0.477995095068814 -0.106507974675471
   endloop
endfacet
facet normal -0.005531445739313 -0.006778385416812 0.999961727567198
   outer loop
      vertex 0.018911270844323 0.366912982516438 -0.316235326226485
      vertex 0.003873182188492 0.373368747765469 -0.316274750441750
      vertex 0.003861029975846 0.371368883487805 -0.316288374033318
   endloop
endfacet
facet normal 0.298757459375999 0.946922772223751 0.118664417207877
   outer loop
      vertex 0.107475238508896 0.342032021224261 -0.300563125341442
      vertex 0.125456896758691 0.336864471788757 -0.304598743669778
      vertex 0.129170476058486 0.336856368203679 -0.313883633559063
   endloop
endfacet
facet normal -0.129190248202024 -0.953580943815594 -0.272017027704627
   outer loop
      vertex 0.316043813255999 0.245356045783139 -0.122758646282616
      vertex 0.300831890688837 0.250588312195973 -0.133876176378739
      vertex 0.310025159324986 0.250464599184673 -0.137808688603582
   endloop
endfacet
facet normal -0.271000490484261 -0.947078342316461 -0.172050421889614
   outer loop
      vertex 0.175684075597855 0.312247678472306 -0.267497561617823
      vertex 0.162720873546443 0.317400906328024 -0.275445675699580
      vertex 0.181140816792021 0.312208582457430 -0.275877387341410
   endloop
endfacet
facet normal -0.767058337048637 0.017335542578047 -0.641343111390233
   outer loop
      vertex -0.262256458269572 0.450812032578284 -0.224088948794447
      vertex -0.251356561456670 0.448498983569568 -0.237187950769649
      vertex -0.251375909088624 0.446499318981166 -0.237218861693723
   endloop
endfacet
facet normal -0.293478650407110 -0.000887572720497 0.955965215878636
   outer loop
      vertex 0.107475238508896 0.342032021224261 -0.300563125341442
      vertex 0.093099301780118 0.346529269749259 -0.304972322249844
      vertex 0.093082149347283 0.344529367394166 -0.304979444822403
   endloop
endfacet
facet normal 0.252650859720805 0.964187707313468 -0.080682142683099
   outer loop
      vertex -0.099081506958506 0.404324126665940 -0.296173941963937
      vertex -0.106016531526599 0.404571825672738 -0.314930404441492
      vertex -0.120865701058495 0.408971306143485 -0.308853848666175
   endloop
endfacet
facet normal 0.900005142184830 -0.019247116008465 0.435454122228991
   outer loop
      vertex -0.269970441394862 0.473486486507370 -0.134583530356963
      vertex -0.269997933518888 0.471486966914844 -0.134615088061584
      vertex -0.263494477857965 0.467222952544953 -0.148245027963540
   endloop
endfacet
facet normal 0.107424306043731 0.969964116700695 -0.218242137966214
   outer loop
      vertex -0.318746376606078 0.482769547379765 -0.119453830855404
      vertex -0.294360796903247 0.478128553959573 -0.128077248513965
      vertex -0.312926227040286 0.478513436070733 -0.135505037789658
   endloop
endfacet
facet normal -0.877352508625441 0.019044464394235 -0.479468334704788
   outer loop
      vertex -0.298956668815285 0.469977700866662 -0.166651379688839
      vertex -0.290842880363312 0.465698242997949 -0.181668330996449
      vertex -0.298982721264009 0.467978211903279 -0.166683127385244
   endloop
endfacet
facet normal 0.283231018243986 0.959003997761438 -0.009566743544913
   outer loop
      vertex -0.011165605777471 0.377817131675041 -0.315588338804322
      vertex 0.003873182188492 0.373368747765469 -0.316274750441750
      vertex -0.012365763056025 0.377972443338215 -0.335550958401911
   endloop
endfacet
facet normal 0.797800273349526 -0.018253638566833 0.602645441800147
   outer loop
      vertex -0.240072486338492 0.456390105218092 -0.186944195542579
      vertex -0.240094375599906 0.454390497290721 -0.186975784367983
      vertex -0.231062560060258 0.450098921478937 -0.199062363432394
   endloop
endfacet
facet normal 0.236319767099539 -0.010925742750480 0.971613912942466
   outer loop
      vertex -0.055849332271143 0.389112388100504 -0.309140804427067
      vertex -0.070457778444685 0.395525312661617 -0.305515567576780
      vertex -0.070468731809214 0.393525517733959 -0.305535391035587
   endloop
endfacet
facet normal 0.267011820291982 0.963466974379069 -0.020882459271009
   outer loop
      vertex -0.028331711945656 0.382429838825864 -0.334044609557692
      vertex -0.012365763056025 0.377972443338215 -0.335550958401911
      vertex -0.030508099163429 0.382602116115462 -0.353924338679998
   endloop
endfacet
facet normal -0.463889856638934 0.013682374131090 -0.885787216856084
   outer loop
      vertex -0.144141916925918 0.413635062379366 -0.320040881125021
      vertex -0.144154072638229 0.411635373227761 -0.320065403474253
      vertex -0.159216755907645 0.416028548576611 -0.312109164191181
   endloop
endfacet
facet normal 0.271182215629607 0.952548592940554 0.138243929390005
   outer loop
      vertex 0.172836690468194 0.321337869069589 -0.292713142893425
      vertex 0.167850321094074 0.326461616017581 -0.318236167786025
      vertex 0.158635189193296 0.326508951272291 -0.300485726470234
   endloop
endfacet
facet normal 0.507358019500588 -0.014246240150876 0.861617597713745
   outer loop
      vertex -0.139981310032995 0.417458001887326 -0.277012076736439
      vertex -0.152940341664874 0.421819156008481 -0.269309125113873
      vertex -0.139994065844788 0.415458311690170 -0.277037629027184
   endloop
endfacet
facet normal -0.255495036427730 -0.950022150644066 -0.179388404436897
   outer loop
      vertex 0.206609960291496 0.301895803921809 -0.257537552788081
      vertex 0.188239642033852 0.307097274526609 -0.258919956287555
      vertex 0.194101615361792 0.307050550608230 -0.267021462826383
   endloop
endfacet
facet normal -0.091251922140734 0.007908338734550 -0.995796437473082
   outer loop
      vertex -0.013565920554499 0.378127766055197 -0.355513677888265
      vertex -0.013577473139676 0.376127926379507 -0.355528501413849
      vertex -0.030519351884284 0.380602286137685 -0.353940462239174
   endloop
endfacet
facet normal -0.049377887861967 -0.948979477411473 -0.311447869862901
   outer loop
      vertex 0.314836524748770 0.220235078890745 -0.041876169422622
      vertex 0.312790088544732 0.225296688777844 -0.056974411096870
      vertex 0.324774918378889 0.220077502649743 -0.042971698724228
   endloop
endfacet
facet normal 0.853127938391640 -0.018204158271350 0.521384051690557
   outer loop
      vertex -0.256305818247301 0.464951850524061 -0.161504780269186
      vertex -0.248523928422310 0.458674877678096 -0.174457256679696
      vertex -0.248500677403728 0.460674410750802 -0.174425487923205
   endloop
endfacet
facet normal 0.224785959465480 0.964909108684018 -0.135726505907278
   outer loop
      vertex -0.165508726514109 0.426171829523893 -0.260977460668918
      vertex -0.176793783449139 0.426478730378531 -0.277485591528713
      vertex -0.189737461204171 0.430832446727581 -0.267970990603741
   endloop
endfacet
facet normal -0.121822108804754 -0.948290117104801 -0.293095935843072
   outer loop
      vertex 0.297293459204975 0.245615717002904 -0.115805366365276
      vertex 0.291638522070328 0.250712023325263 -0.129943674153171
      vertex 0.306668686220609 0.245485882386844 -0.119282006324029
   endloop
endfacet
facet normal -0.189912294079124 -0.953087887613242 -0.235704898214975
   outer loop
      vertex 0.278811806969177 0.270955773579685 -0.194485240489744
      vertex 0.261355961336064 0.276182328927167 -0.201554617999368
      vertex 0.269318325873518 0.276091690878397 -0.207603558432767
   endloop
endfacet
facet normal -0.102956959499925 -0.004899868907754 0.994673743382833
   outer loop
      vertex 0.048887804681624 0.355980048703506 -0.313929031631014
      vertex 0.033936850674590 0.362449906750280 -0.315444707821258
      vertex 0.033923598392239 0.360450035246176 -0.315455931122340
   endloop
endfacet
facet normal 0.920265574004818 -0.019427401440477 0.390811782543533
   outer loop
      vertex -0.275824310525695 0.475744220135032 -0.120680705901235
      vertex -0.275853252297648 0.473744668446988 -0.120711953620752
      vertex -0.270025435643056 0.469487447229188 -0.134646655765629
   endloop
endfacet
facet normal 0.244637173177796 -0.964248211108928 -0.101872669901256
   outer loop
      vertex 0.110490152260448 0.083345126938441 0.325960089139596
      vertex 0.119840992146846 0.088283991173029 0.301667725261595
      vertex 0.126825731850352 0.088076272012899 0.320406998580611
   endloop
endfacet
facet normal -0.278894085891243 -0.947029073960920 -0.159229463126679
   outer loop
      vertex 0.162720873546443 0.317400906328024 -0.275445675699580
      vertex 0.149381450911411 0.322556515706215 -0.282744738763645
      vertex 0.167759178791576 0.317369500618698 -0.284083596025091
   endloop
endfacet
facet normal 0.141052654331213 -0.958438777366218 -0.247990440837685
   outer loop
      vertex 0.273500477550983 0.145632187579931 0.185882431174009
      vertex 0.274379973984708 0.150625337492370 0.167085040536346
      vertex 0.282763733060810 0.150449563201904 0.172532913294832
   endloop
endfacet
facet normal -0.826144173746002 0.017944756837558 -0.563172966225810
   outer loop
      vertex -0.282049690514862 0.457411703010179 -0.196328442677247
      vertex -0.272481570488255 0.455115860739630 -0.210437509378755
      vertex -0.272503469747905 0.453116252624057 -0.210469099204087
   endloop
endfacet
facet normal 0.280269287698179 -0.954824725661773 -0.098786991239111
   outer loop
      vertex 0.101405120601836 0.083636396186904 0.297370593144618
      vertex 0.098376678074520 0.083733416594742 0.287840827105034
      vertex 0.112856150475564 0.088491808320180 0.282928452999299
   endloop
endfacet
facet normal 0.585440116177859 -0.013993574196266 0.810594874305821
   outer loop
      vertex 0.217419928026345 0.118575642273177 0.271043345259859
      vertex 0.203396866942845 0.113811584038433 0.281089049428027
      vertex 0.217394170858518 0.116575891880387 0.271027425622837
   endloop
endfacet
facet normal 0.279640819795810 -0.957914547473673 0.064813051480675
   outer loop
      vertex -0.070082359080749 0.031540118419802 0.303069194312952
      vertex -0.085340566204229 0.026810200725909 0.298995332449072
      vertex -0.067774524930018 0.031555494697686 0.293339125149642
   endloop
endfacet
facet normal 0.261287854942289 -0.957288609018838 -0.123802972106636
   outer loop
      vertex 0.116348521310499 0.088387899280953 0.292298039133321
      vertex 0.127077887161232 0.093254407585528 0.277312938646084
      vertex 0.131025879205980 0.093143882566588 0.286499848257307
   endloop
endfacet
facet normal 0.145187372788572 0.966223055100762 -0.212916966384793
   outer loop
      vertex -0.273574354304318 0.465325046661623 -0.171586555632809
      vertex -0.265251933936173 0.461042640025036 -0.185345204015012
      vertex -0.290842880363312 0.465698242997949 -0.181668330996449
   endloop
endfacet
facet normal -0.077117230201179 -0.951517630695744 -0.297770265945504
   outer loop
      vertex 0.319788610154691 0.230218728895821 -0.074016150084765
      vertex 0.316158656188422 0.235300694267972 -0.089315352777434
      vertex 0.329572063008071 0.230071645479275 -0.076079889793224
   endloop
endfacet
facet normal -0.251921627088266 -0.967253772495249 0.030913320735729
   outer loop
      vertex -0.044228465781904 0.382878463778231 -0.331791479997572
      vertex -0.047376069436524 0.383067081200857 -0.351540523645359
      vertex -0.030530604605138 0.378602456159909 -0.353956585798349
   endloop
endfacet
facet normal -0.746613951005944 0.008128665144207 0.665207887029512
   outer loop
      vertex 0.233817746668249 0.288530898374626 -0.218753155988007
      vertex 0.243879995400921 0.281399748069010 -0.207372379898537
      vertex 0.243903550454503 0.283399581781454 -0.207370379692204
   endloop
endfacet
facet normal -0.249700989596001 -0.967396204164520 0.042355636730629
   outer loop
      vertex -0.059971691713391 0.387316923441654 -0.328730291536743
      vertex -0.064083098066274 0.387521267442906 -0.348301255115052
      vertex -0.047376069436524 0.383067081200857 -0.351540523645359
   endloop
endfacet
facet normal -0.064452877843979 0.955549771531566 0.287698558674878
   outer loop
      vertex 0.323690167801170 0.183639806426444 0.084462837240602
      vertex 0.327826649949699 0.188646181137385 0.068761569728438
      vertex 0.314087773286646 0.183830629142361 0.081677830020048
   endloop
endfacet
facet normal -0.713129244331593 0.007388956060598 0.700993640632628
   outer loop
      vertex 0.223184349349427 0.293666551782493 -0.229624772034544
      vertex 0.233794892036653 0.286531050379082 -0.218755326502979
      vertex 0.233817746668249 0.288530898374626 -0.218753155988007
   endloop
endfacet
facet normal -0.054761798420460 0.949976159832344 0.307484050291963
   outer loop
      vertex 0.304485280779411 0.184021349895970 0.078892821743106
      vertex 0.318099300872879 0.188833515448072 0.066450178542653
      vertex 0.308371949787360 0.189020950789766 0.064138688419004
   endloop
endfacet
facet normal 0.201183106258121 0.957624357445130 0.206109067690229
   outer loop
      vertex 0.248502513444535 0.290377893717977 -0.232352352716994
      vertex 0.263164425392589 0.290225050957617 -0.245953709855857
      vertex 0.251159475720084 0.295389837307334 -0.258232316383280
   endloop
endfacet
facet normal -0.050727078775100 0.955402990708053 0.290915604299687
   outer loop
      vertex 0.327826649949699 0.188646181137385 0.068761569728438
      vertex 0.331188421590596 0.193660462684615 0.052880239667969
      vertex 0.318099300872879 0.188833515448072 0.066450178542653
   endloop
endfacet
facet normal 0.233574131845634 0.947343221581761 0.219052380620824
   outer loop
      vertex 0.233840601299844 0.290530746370169 -0.218750985473034
      vertex 0.230194846785174 0.295597261519554 -0.236774870111655
      vertex 0.223206603748616 0.295666405523145 -0.229622381319544
   endloop
endfacet
facet normal -0.040074362179817 0.949823047167719 0.310209968513117
   outer loop
      vertex 0.308371949787360 0.189020950789766 0.064138688419004
      vertex 0.321359522442951 0.193844315701643 0.051047959944904
      vertex 0.311530525281428 0.194028067812704 0.049215579171034
   endloop
endfacet
facet normal 0.221560516066636 0.952866724345646 0.207258156305333
   outer loop
      vertex 0.230194846785174 0.295597261519554 -0.236774870111655
      vertex 0.237182989843604 0.295528115422684 -0.243927348904157
      vertex 0.225307671285040 0.300682669187027 -0.254930539771312
   endloop
endfacet
facet normal 0.240297545708074 0.952728990516221 0.185915465081898
   outer loop
      vertex 0.225307671285040 0.300682669187027 -0.254930539771312
      vertex 0.225410671808932 0.305732697094702 -0.280942677930583
      vertex 0.212904969237363 0.305841262633012 -0.265335282933587
   endloop
endfacet
facet normal 0.237299859448512 0.950149261295845 0.202250236006482
   outer loop
      vertex 0.212050621972588 0.300806189939279 -0.239956353106124
      vertex 0.218679146628813 0.300744429563153 -0.247443446438718
      vertex 0.206652167941636 0.305895546398820 -0.257531590435421
   endloop
endfacet
facet normal 0.228494085399428 0.957426055211546 0.176425059839967
   outer loop
      vertex 0.212904969237363 0.305841262633012 -0.265335282933587
      vertex 0.225410671808932 0.305732697094702 -0.280942677930583
      vertex 0.211728442589827 0.310910128885984 -0.291319319696045
   endloop
endfacet
facet normal 0.262477115526960 0.947143831479840 0.184456841332423
   outer loop
      vertex 0.200399266665666 0.305949828176983 -0.249727897937089
      vertex 0.194142722558676 0.311050305010651 -0.267014790075169
      vertex 0.188280749242790 0.311097028323523 -0.258913273542182
   endloop
endfacet
facet normal 0.248875587619512 0.952671355387091 0.174580154977493
   outer loop
      vertex 0.194142722558676 0.311050305010651 -0.267014790075169
      vertex 0.200004595916308 0.311003578604753 -0.275116296619114
      vertex 0.186637764751478 0.316169253678521 -0.284249709941279
   endloop
endfacet
facet normal 0.019556548955532 0.949214666774238 0.314020791944773
   outer loop
      vertex 0.316573047859100 0.209096057278103 0.003788645736074
      vertex 0.326760814570211 0.213967170182827 -0.011570112329727
      vertex 0.316763016002353 0.214134384864802 -0.011452923247178
   endloop
endfacet
facet normal 0.019449575647776 0.954670775840458 0.297027648146262
   outer loop
      vertex 0.326760814570211 0.213967170182827 -0.011570112329727
      vertex 0.336758613336822 0.213799945503386 -0.011687301517930
      vertex 0.336165481801926 0.218855548003598 -0.027897576334470
   endloop
endfacet
facet normal 0.206118005517943 0.950389628128467 0.232969788915086
   outer loop
      vertex 0.243927105309333 0.285399425491363 -0.207368379380215
      vertex 0.251583068652605 0.285315832261113 -0.213800911952789
      vertex 0.241171557273871 0.290454324989989 -0.225551664042466
   endloop
endfacet
facet normal -0.795535788353532 0.016767787125651 -0.605674541947763
   outer loop
      vertex 0.257317795504195 0.147974942241270 0.174193751551856
      vertex 0.247972318171117 0.141155372632505 0.186279966307855
      vertex 0.248002576373974 0.143155115663700 0.186295584897599
   endloop
endfacet
facet normal -0.697993459212581 0.015319642829205 -0.715940248512430
   outer loop
      vertex 0.227647349785695 0.133532830095646 0.209065920123206
      vertex 0.216627998139688 0.126730424398579 0.219663487397545
      vertex 0.216655456980368 0.128730107550335 0.219679505969609
   endloop
endfacet
facet normal -0.585235413767485 0.013676245219744 -0.810748093299695
   outer loop
      vertex 0.193173558784879 0.119140452436521 0.239235068252363
      vertex 0.180714912697799 0.112353504551846 0.248113807522526
      vertex 0.180739867993805 0.114353341130819 0.248129528228594
   endloop
endfacet
facet normal -0.459692405241043 0.011833296912886 -0.887999361287989
   outer loop
      vertex 0.154636645800690 0.104793877168129 0.264042760971907
      vertex 0.141008169778856 0.098021803706109 0.271007598150713
      vertex 0.141030825359910 0.100021603019973 0.271022518905252
   endloop
endfacet
facet normal -0.181494120918453 0.007766129242254 -0.983361363542737
   outer loop
      vertex 0.068802232561629 0.076227834937901 0.295524131233957
      vertex 0.053737885980764 0.069479903598917 0.298251190820015
      vertex 0.053757239654726 0.071479765816376 0.298263412787291
   endloop
endfacet
facet normal -0.764932410132676 0.016603251139195 -0.643896528939414
   outer loop
      vertex 0.248002576373974 0.143155115663700 0.186295584897599
      vertex 0.247972318171117 0.141155372632505 0.186279966307855
      vertex 0.238075366249763 0.136341436860399 0.197913158854977
   endloop
endfacet
facet normal -0.036841697902040 0.955254643060398 0.293481270624290
   outer loop
      vertex 0.331188421590596 0.193660462684615 0.052880239667969
      vertex 0.333767676323135 0.198682898644565 0.036856453425858
      vertex 0.321359522442951 0.193844315701643 0.051047959944904
   endloop
endfacet
facet normal -0.795612598916964 0.017066672108803 -0.605565290573795
   outer loop
      vertex 0.257317795504195 0.147974942241270 0.174193751551856
      vertex 0.257286635533938 0.145975279183246 0.174178334008997
      vertex 0.247972318171117 0.141155372632505 0.186279966307855
   endloop
endfacet
facet normal -0.025256228462058 0.949666817274678 0.312241988033731
   outer loop
      vertex 0.311530525281428 0.194028067812704 0.049215579171034
      vertex 0.323860637347071 0.198862988118931 0.035507777479620
      vertex 0.313953700317617 0.199042980662622 0.034159000482244
   endloop
endfacet
facet normal -0.824380025274109 0.017522268291527 -0.565765449672371
   outer loop
      vertex 0.266028172690952 0.152800892829371 0.161652386387106
      vertex 0.265996112940828 0.150801209769854 0.161637168834577
      vertex 0.257286635533938 0.145975279183246 0.174178334008997
   endloop
endfacet
facet normal -0.022849726017629 0.955105271081154 0.295384175564491
   outer loop
      vertex 0.333767676323135 0.198682898644565 0.036856453425858
      vertex 0.335558209523868 0.203713663139619 0.020728316281651
      vertex 0.323860637347071 0.198862988118931 0.035507777479620
   endloop
endfacet
facet normal -0.898459627373765 0.018694163050881 -0.438657983225226
   outer loop
      vertex 0.288333074967077 0.167317459535602 0.121694979495193
      vertex 0.288298214078909 0.165317806007891 0.121681162925723
      vertex 0.281520209881885 0.160472266727973 0.135357375495066
   endloop
endfacet
facet normal -0.918884210171507 0.019084670824580 -0.394065456031105
   outer loop
      vertex 0.294469968774353 0.174169555556233 0.107716781869167
      vertex 0.294434106223208 0.172169975788681 0.107703566324419
      vertex 0.288333074967077 0.167317459535602 0.121694979495193
   endloop
endfacet
facet normal -0.010353014510036 0.949514779015105 0.313551430426416
   outer loop
      vertex 0.313953700317617 0.199042980662622 0.034159000482244
      vertex 0.325597042576790 0.203889631449635 0.019866535435777
      vertex 0.315635875629713 0.204065599759650 0.019004754589903
   endloop
endfacet
facet normal -0.875839074118972 0.018327761154540 -0.482255128969598
   outer loop
      vertex 0.281588130237955 0.164471627417021 0.135386009637732
      vertex 0.281554169066153 0.162471997059828 0.135371693094676
      vertex 0.274113300405376 0.157633145874098 0.148701397277267
   endloop
endfacet
facet normal -0.851129737355379 0.017958583627838 -0.524648129190838
   outer loop
      vertex 0.274146359873277 0.159632853035437 0.148716214850463
      vertex 0.274113300405376 0.157633145874098 0.148701397277267
      vertex 0.266028172690952 0.152800892829371 0.161652386387106
   endloop
endfacet
facet normal -0.008790785168797 0.954959573870190 0.296605688363828
   outer loop
      vertex 0.335558209523868 0.203713663139619 0.020728316281651
      vertex 0.336556022558326 0.208752650932414 0.004534230113525
      vertex 0.325597042576790 0.203889631449635 0.019866535435777
   endloop
endfacet
facet normal -0.764914675355942 0.016636607437300 -0.643916735858054
   outer loop
      vertex 0.248032836585531 0.145154757663890 0.186311302425207
      vertex 0.248002576373974 0.143155115663700 0.186295584897599
      vertex 0.238104624713676 0.138341156846114 0.197929077429635
   endloop
endfacet
facet normal 0.004594247711493 0.949364372006171 0.314143569173865
   outer loop
      vertex 0.315635875629713 0.204065599759650 0.019004754589903
      vertex 0.326564535308090 0.208924349106525 0.004161437871972
      vertex 0.316573047859100 0.209096057278103 0.003788645736074
   endloop
endfacet
facet normal -0.698060818007879 0.015633961913419 -0.715867776615948
   outer loop
      vertex 0.227675708448575 0.135532531136211 0.209081938693776
      vertex 0.227647349785695 0.133532830095646 0.209065920123206
      vertex 0.216655456980368 0.128730107550335 0.219679505969609
   endloop
endfacet
facet normal -0.662049559966457 0.015093370435751 -0.749308061025044
   outer loop
      vertex 0.216682915821049 0.130729790702091 0.219695524541673
      vertex 0.216655456980368 0.128730107550335 0.219679505969609
      vertex 0.205155057543387 0.123932680800533 0.229744024743506
   endloop
endfacet
facet normal 0.005320814866226 0.954814457503606 0.297154910225719
   outer loop
      vertex 0.336556022558326 0.208752650932414 0.004534230113525
      vertex 0.336758613336822 0.213799945503386 -0.011687301517930
      vertex 0.326564535308090 0.208924349106525 0.004161437871972
   endloop
endfacet
facet normal -0.585313204619749 0.013992669243108 -0.810686534799495
   outer loop
      vertex 0.193199315952706 0.121140202829311 0.239250987889384
      vertex 0.193173558784879 0.119140452436521 0.239235068252363
      vertex 0.180739867993805 0.114353341130819 0.248129528228594
   endloop
endfacet
facet normal 0.264327222658476 0.952584355697373 0.150712191418866
   outer loop
      vertex 0.186637764751478 0.316169253678521 -0.284249709941279
      vertex 0.182913301157215 0.321275047653470 -0.309988983650102
      vertex 0.172836690468194 0.321337869069589 -0.292713142893425
   endloop
endfacet
facet normal -0.459790783851163 0.012195437566439 -0.887943526575928
   outer loop
      vertex 0.154660101308365 0.106793688157789 0.264058081702789
      vertex 0.154636645800690 0.104793877168129 0.264042760971907
      vertex 0.141030825359910 0.100021603019973 0.271022518905252
   endloop
endfacet
facet normal -0.415564234378452 0.011494232543442 -0.909491203763779
   outer loop
      vertex 0.141053482928497 0.102021302359174 0.271037438603236
      vertex 0.141030825359910 0.100021603019973 0.271022518905252
      vertex 0.127099942797320 0.095254198142546 0.277327559418363
   endloop
endfacet
facet normal 0.263759627032825 0.949965400264304 0.167321837929738
   outer loop
      vertex 0.175724282361029 0.316247445813907 -0.267490068493547
      vertex 0.181181023597063 0.316208347693903 -0.275869884238823
      vertex 0.167798485205421 0.321369276660926 -0.284075212568639
   endloop
endfacet
facet normal -0.296138011513236 0.955102984261567 0.008975945166702
   outer loop
      vertex 0.008212133556360 0.059195443726671 0.312033257240468
      vertex 0.008082522358913 0.059249225714772 0.302034294685520
      vertex -0.007213378739638 0.054508887950470 0.301790644518971
   endloop
endfacet
facet normal 0.034503385949109 0.949066635358265 0.313180519840858
   outer loop
      vertex 0.316763016002353 0.214134384864802 -0.011452923247178
      vertex 0.326185381265413 0.219018047464566 -0.027290513463608
      vertex 0.316205180549902 0.219180554935356 -0.026683450486924
   endloop
endfacet
facet normal -0.324234287000618 0.010205319945799 -0.945921761340759
   outer loop
      vertex 0.112898961814066 0.092491373101899 0.282956794596250
      vertex 0.112877506144110 0.090491590245388 0.282942573800649
      vertex 0.098397531769645 0.085733292781754 0.287854548986094
   endloop
endfacet
facet normal 0.251276527111804 0.957281244483394 0.143082933583834
   outer loop
      vertex 0.172836690468194 0.321337869069589 -0.292713142893425
      vertex 0.182913301157215 0.321275047653470 -0.309988983650102
      vertex 0.167850321094074 0.326461616017581 -0.318236167786025
   endloop
endfacet
facet normal -0.192396519284945 0.956554225538381 0.219060706133498
   outer loop
      vertex 0.234837661695664 0.135375220498990 0.216059050462261
      vertex 0.245629200606626 0.140178589423532 0.204562564571002
      vertex 0.227675708448575 0.135532531136211 0.209081938693776
   endloop
endfacet
facet normal -0.187445916426937 0.953583768042226 0.235673557577546
   outer loop
      vertex 0.227675708448575 0.135532531136211 0.209081938693776
      vertex 0.245629200606626 0.140178589423532 0.204562564571002
      vertex 0.238133985124200 0.140340779901153 0.197944894953156
   endloop
endfacet
facet normal -0.851081350416371 0.017638132977159 -0.524737487929466
   outer loop
      vertex 0.274113300405376 0.157633145874098 0.148701397277267
      vertex 0.265996112940828 0.150801209769854 0.161637168834577
      vertex 0.266028172690952 0.152800892829371 0.161652386387106
   endloop
endfacet
facet normal -0.324136800611161 0.009870502607517 -0.945958724082523
   outer loop
      vertex 0.112877506144110 0.090491590245388 0.282942573800649
      vertex 0.098376678074520 0.083733416594742 0.287840827105034
      vertex 0.098397531769645 0.085733292781754 0.287854548986094
   endloop
endfacet
facet normal -0.170017353842686 0.956189736139050 0.238317619773832
   outer loop
      vertex 0.245629200606626 0.140178589423532 0.204562564571002
      vertex 0.263653782464476 0.144820737265525 0.198795964477122
      vertex 0.255843308531237 0.144987797452039 0.192553633979441
   endloop
endfacet
facet normal -0.824304985873641 0.017207832117995 -0.565884423515664
   outer loop
      vertex 0.266028172690952 0.152800892829371 0.161652386387106
      vertex 0.257286635533938 0.145975279183246 0.174178334008997
      vertex 0.257317795504195 0.147974942241270 0.174193751551856
   endloop
endfacet
facet normal -0.181319036971221 0.956437174580874 0.228804147496465
   outer loop
      vertex 0.245629200606626 0.140178589423532 0.204562564571002
      vertex 0.255843308531237 0.144987797452039 0.192553633979441
      vertex 0.238133985124200 0.140340779901153 0.197944894953156
   endloop
endfacet
facet normal -0.175557091094948 0.953454805623743 0.245160440118855
   outer loop
      vertex 0.238133985124200 0.140340779901153 0.197944894953156
      vertex 0.255843308531237 0.144987797452039 0.192553633979441
      vertex 0.248032836585531 0.145154757663890 0.186311302425207
   endloop
endfacet
facet normal -0.764853862881966 0.016317267376310 -0.643997139139535
   outer loop
      vertex 0.248002576373974 0.143155115663700 0.186295584897599
      vertex 0.238075366249763 0.136341436860399 0.197913158854977
      vertex 0.238104624713676 0.138341156846114 0.197929077429635
   endloop
endfacet
facet normal -0.851142746565499 0.017917580145912 -0.524628425927011
   outer loop
      vertex 0.274113300405376 0.157633145874098 0.148701397277267
      vertex 0.274080338930187 0.155633540675070 0.148686580760460
      vertex 0.265996112940828 0.150801209769854 0.161637168834577
   endloop
endfacet
facet normal -0.795588896008071 0.017066542878932 -0.605596434651675
   outer loop
      vertex 0.257348955474452 0.149974605299294 0.174209169094715
      vertex 0.257317795504195 0.147974942241270 0.174193751551856
      vertex 0.248002576373974 0.143155115663700 0.186295584897599
   endloop
endfacet
facet normal -0.544750853955798 0.013389906784884 -0.838491036034806
   outer loop
      vertex 0.180764825277345 0.116353077735130 0.248145247878106
      vertex 0.180739867993805 0.114353341130819 0.248129528228594
      vertex 0.167883794522858 0.109571170793991 0.256405495279587
   endloop
endfacet
facet normal -0.286568021822782 0.957766798809655 0.023696581324805
   outer loop
      vertex 0.024611907933358 0.063868369561101 0.321489375866492
      vertex 0.023991251739283 0.063929598466432 0.311508896945122
      vertex 0.008212133556360 0.059195443726671 0.312033257240468
   endloop
endfacet
facet normal -0.277925179222076 0.960393112903236 -0.020066475585143
   outer loop
      vertex -0.007936954435592 0.054416614133654 0.321777238536585
      vertex -0.023332683280358 0.049731122374552 0.310761187579739
      vertex -0.024185169471740 0.049692600170093 0.320724617222350
   endloop
endfacet
facet normal -0.276452282110562 0.960411028793445 -0.034420800219896
   outer loop
      vertex -0.024185169471740 0.049692600170093 0.320724617222350
      vertex -0.039022454661320 0.045000338508582 0.308967235170510
      vertex -0.040363489742561 0.044969477856004 0.318876746144368
   endloop
endfacet
facet normal -0.274260274315833 0.960421666484043 -0.048698300588610
   outer loop
      vertex -0.040363489742561 0.044969477856004 0.318876746144368
      vertex -0.054606214573159 0.040269967228044 0.306406121860174
      vertex -0.056432800220653 0.040246880273084 0.316237813381213
   endloop
endfacet
facet normal -0.271350375148089 0.960426218733790 -0.062852623459219
   outer loop
      vertex -0.056432800220653 0.040246880273084 0.316237813381213
      vertex -0.070046053290673 0.035539896560048 0.303084038787327
      vertex -0.072353889428937 0.035524620256829 0.312814109007191
   endloop
endfacet
facet normal -0.267737410474643 0.960422914482250 -0.076840772834180
   outer loop
      vertex -0.072353889428937 0.035524620256829 0.312814109007191
      vertex -0.085304060686496 0.030809994461206 0.299009076984514
      vertex -0.088087545488172 0.030802490572234 0.308613822990550
   endloop
endfacet
facet normal -0.263424579161963 0.960412861098099 -0.090634581318095
   outer loop
      vertex -0.110100123325145 0.026080937351909 0.322560084973921
      vertex -0.088087545488172 0.030802490572234 0.308613822990550
      vertex -0.097090192456255 0.026079757066206 0.284734907477926
   endloop
endfacet
facet normal -0.158018579448440 0.956062846613370 0.246929062434206
   outer loop
      vertex 0.255843308531237 0.144987797452039 0.192553633979441
      vertex 0.273562797512663 0.149631512639637 0.185913366254145
      vertex 0.265455876493558 0.149803058969465 0.180061267674431
   endloop
endfacet
facet normal -0.732303546101318 0.015804564001005 -0.680794926629285
   outer loop
      vertex 0.238104624713676 0.138341156846114 0.197929077429635
      vertex 0.227618991143981 0.131533127998739 0.209050001547054
      vertex 0.227647349785695 0.133532830095646 0.209065920123206
   endloop
endfacet
facet normal 0.435904603681579 -0.002071558391227 -0.899990491691461
   outer loop
      vertex 0.167831068213996 0.324461715495652 -0.318240789755052
      vertex 0.167811815113999 0.322461826027532 -0.318245511612842
      vertex 0.152361220111609 0.327650387274643 -0.325740850687006
   endloop
endfacet
facet normal -0.169764222144882 0.956316579644719 0.237988882883568
   outer loop
      vertex 0.255843308531237 0.144987797452039 0.192553633979441
      vertex 0.265455876493558 0.149803058969465 0.180061267674431
      vertex 0.248032836585531 0.145154757663890 0.186311302425207
   endloop
endfacet
facet normal -0.089349883439141 0.957922148209901 0.272766853371777
   outer loop
      vertex 0.306550288297455 0.168942469202973 0.130031054501840
      vertex 0.331605792370091 0.173406716077181 0.122560591862069
      vertex 0.313037829577750 0.173788185338387 0.115138637396769
   endloop
endfacet
facet normal -0.163208577857872 0.953324393945909 0.254038501060916
   outer loop
      vertex 0.248032836585531 0.145154757663890 0.186311302425207
      vertex 0.265455876493558 0.149803058969465 0.180061267674431
      vertex 0.257348955474452 0.149974605299294 0.174209169094715
   endloop
endfacet
facet normal 0.968199179086170 -0.018772913004830 0.249475304096778
   outer loop
      vertex 0.347245390160844 0.186271700177572 0.073374034280450
      vertex 0.342858690742859 0.181258755267991 0.090021338155844
      vertex 0.347209328220705 0.184272087913500 0.073363518585330
   endloop
endfacet
facet normal -0.661981131948988 0.014789810746655 -0.749374567517216
   outer loop
      vertex 0.216655456980368 0.128730107550335 0.219679505969609
      vertex 0.205128400553359 0.121932912518934 0.229728105107978
      vertex 0.205155057543387 0.123932680800533 0.229744024743506
   endloop
endfacet
facet normal -0.102713888942492 0.958054174777310 0.267548229689671
   outer loop
      vertex 0.299341156896948 0.164104149258823 0.144588783790032
      vertex 0.324732642727198 0.168567725367968 0.138353311882463
      vertex 0.306550288297455 0.168942469202973 0.130031054501840
   endloop
endfacet
facet normal -0.145615358640688 0.955931540213757 0.254933437886244
   outer loop
      vertex 0.265455876493558 0.149803058969465 0.180061267674431
      vertex 0.282827952520134 0.154448932364924 0.172563248405305
      vertex 0.274444093463788 0.154624704667745 0.167115375646985
   endloop
endfacet
facet normal 0.968213853483091 -0.019042864432425 0.249397881381603
   outer loop
      vertex 0.347245390160844 0.186271700177572 0.073374034280450
      vertex 0.342895052835395 0.183258362931581 0.090032853794650
      vertex 0.342858690742859 0.181258755267991 0.090021338155844
   endloop
endfacet
facet normal -0.624357557099409 0.014220245296472 -0.781009235231292
   outer loop
      vertex 0.205155057543387 0.123932680800533 0.229744024743506
      vertex 0.193147801638218 0.117140700987390 0.239219248609759
      vertex 0.193173558784879 0.119140452436521 0.239235068252363
   endloop
endfacet
facet normal -0.115807043139730 0.958186043450367 0.261664355417707
   outer loop
      vertex 0.291427542604542 0.159273029002929 0.158777417644075
      vertex 0.317094183555944 0.163736671100626 0.153791557942332
      vertex 0.299341156896948 0.164104149258823 0.144588783790032
   endloop
endfacet
facet normal -0.157771339860944 0.956191099153615 0.246590320608663
   outer loop
      vertex 0.265455876493558 0.149803058969465 0.180061267674431
      vertex 0.274444093463788 0.154624704667745 0.167115375646985
      vertex 0.257348955474452 0.149974605299294 0.174209169094715
   endloop
endfacet
facet normal 0.979242727076255 -0.018375794844147 0.201856413403453
   outer loop
      vertex 0.350810658079800 0.191293142704952 0.056535383356749
      vertex 0.347245390160844 0.186271700177572 0.073374034280450
      vertex 0.350775096252548 0.189293529815688 0.056525867604981
   endloop
endfacet
facet normal -0.150440917500902 0.953190502938500 0.262288763482801
   outer loop
      vertex 0.257348955474452 0.149974605299294 0.174209169094715
      vertex 0.274444093463788 0.154624704667745 0.167115375646985
      vertex 0.266060232419908 0.154800576945229 0.161667503945216
   endloop
endfacet
facet normal -0.128587835451760 0.958317567743888 0.255132530123601
   outer loop
      vertex 0.282827952520134 0.154448932364924 0.172563248405305
      vertex 0.308708625376730 0.158913201926436 0.168838720432271
      vertex 0.291427542604542 0.159273029002929 0.158777417644075
   endloop
endfacet
facet normal -0.544673570934959 0.013086985155228 -0.838546022556012
   outer loop
      vertex 0.180739867993805 0.114353341130819 0.248129528228594
      vertex 0.167859639111139 0.107571348003496 0.256389974561029
      vertex 0.167883794522858 0.109571170793991 0.256405495279587
   endloop
endfacet
facet normal 0.979254410409747 -0.018662376103451 0.201773425929263
   outer loop
      vertex 0.350810658079800 0.191293142704952 0.056535383356749
      vertex 0.347281352099571 0.188271311510341 0.073384449981319
      vertex 0.347245390160844 0.186271700177572 0.073374034280450
   endloop
endfacet
facet normal -0.132820336455983 0.955799607720087 0.262308726705476
   outer loop
      vertex 0.274444093463788 0.154624704667745 0.167115375646985
      vertex 0.291427542604542 0.159273029002929 0.158777417644075
      vertex 0.282786952243258 0.159452890503681 0.153746865716201
   endloop
endfacet
facet normal -0.141032559435842 0.958444819112157 0.247978519021387
   outer loop
      vertex 0.273562797512663 0.149631512639637 0.185913366254145
      vertex 0.299595574627648 0.154097185822307 0.183458991809007
      vertex 0.282827952520134 0.154448932364924 0.172563248405305
   endloop
endfacet
facet normal -0.502788793538994 0.012450416532437 -0.864319626191475
   outer loop
      vertex 0.167883794522858 0.109571170793991 0.256405495279587
      vertex 0.154613290294426 0.102794067109773 0.264027540235276
      vertex 0.154636645800690 0.104793877168129 0.264042760971907
   endloop
endfacet
facet normal 0.987947613963882 -0.018034715844035 0.153734384857444
   outer loop
      vertex 0.353546290673555 0.196323197149115 0.039545390561555
      vertex 0.350810658079800 0.191293142704952 0.056535383356749
      vertex 0.353511128957779 0.194323582703356 0.039536774758888
   endloop
endfacet
facet normal -0.145367651639366 0.956064970908529 0.254574188123089
   outer loop
      vertex 0.274444093463788 0.154624704667745 0.167115375646985
      vertex 0.282786952243258 0.159452890503681 0.153746865716201
      vertex 0.266060232419908 0.154800576945229 0.161667503945216
   endloop
endfacet
facet normal -0.153105631542389 0.958574035690512 0.240196760365355
   outer loop
      vertex 0.263653782464476 0.144820737265525 0.198795964477122
      vertex 0.289776639550872 0.149288419979979 0.197617563413576
      vertex 0.273562797512663 0.149631512639637 0.185913366254145
   endloop
endfacet
facet normal -0.137280461756627 0.953056126227678 0.269885336911400
   outer loop
      vertex 0.266060232419908 0.154800576945229 0.161667503945216
      vertex 0.282786952243258 0.159452890503681 0.153746865716201
      vertex 0.274146359873277 0.159632853035437 0.148716214850463
   endloop
endfacet
facet normal 0.987954762599797 -0.018299546461831 0.153657130181682
   outer loop
      vertex 0.353546290673555 0.196323197149115 0.039545390561555
      vertex 0.350846217919520 0.193292855568880 0.056544900165070
      vertex 0.350810658079800 0.191293142704952 0.056535383356749
   endloop
endfacet
facet normal -0.415491137249277 0.011232136871686 -0.909527874211999
   outer loop
      vertex 0.141030825359910 0.100021603019973 0.271022518905252
      vertex 0.127077887161232 0.093254407585528 0.277312938646084
      vertex 0.127099942797320 0.095254198142546 0.277327559418363
   endloop
endfacet
facet normal -0.119679115611775 0.955665463514485 0.269036114921450
   outer loop
      vertex 0.282786952243258 0.159452890503681 0.153746865716201
      vertex 0.299341156896948 0.164104149258823 0.144588783790032
      vertex 0.290464643578034 0.164287887809751 0.139987446711091
   endloop
endfacet
facet normal -0.370240540955859 0.010512753200131 -0.928876430884575
   outer loop
      vertex 0.127099942797320 0.095254198142546 0.277327559418363
      vertex 0.112856150475564 0.088491808320180 0.282928452999299
      vertex 0.112877506144110 0.090491590245388 0.282942573800649
   endloop
endfacet
facet normal -0.132587787103103 0.955936219284354 0.261928279060198
   outer loop
      vertex 0.282786952243258 0.159452890503681 0.153746865716201
      vertex 0.290464643578034 0.164287887809751 0.139987446711091
      vertex 0.274146359873277 0.159632853035437 0.148716214850463
   endloop
endfacet
facet normal -0.268061447409162 0.960086443613587 0.079856629044303
   outer loop
      vertex 0.088828415690082 0.082798399158478 0.311399086104412
      vertex 0.104475074576311 0.087538922115788 0.306928000822381
      vertex 0.086271402848308 0.082888538080713 0.301732039925165
   endloop
endfacet
facet normal -0.119466069276640 0.955807704363606 0.268625186032069
   outer loop
      vertex 0.290464643578034 0.164287887809751 0.139987446711091
      vertex 0.297459162066472 0.169129792126964 0.125869925283169
      vertex 0.281588130237955 0.164471627417021 0.135386009637732
   endloop
endfacet
facet normal 0.391179737278131 -0.001284542846693 -0.920313404820710
   outer loop
      vertex 0.152380072998955 0.329650283505405 -0.325735628645149
      vertex 0.152361220111609 0.327650387274643 -0.325740850687006
      vertex 0.136578981824138 0.334840264062295 -0.332459135457567
   endloop
endfacet
facet normal 0.954860818911425 -0.019369878218008 0.296421362802383
   outer loop
      vertex 0.342858690742859 0.181258755267991 0.090021338155844
      vertex 0.337697527638949 0.178253730055492 0.106450604283918
      vertex 0.337624203127913 0.174254524985618 0.106425473124518
   endloop
endfacet
facet normal 0.968205452613497 -0.018712036046594 0.249455529576884
   outer loop
      vertex 0.347281352099571 0.188271311510341 0.073384449981319
      vertex 0.342895052835395 0.183258362931581 0.090032853794650
      vertex 0.347245390160844 0.186271700177572 0.073374034280450
   endloop
endfacet
facet normal 0.994293010464124 -0.017634130545044 0.105216190684279
   outer loop
      vertex 0.355480643419434 0.203361727450893 0.022451977967651
      vertex 0.353581550360876 0.198322914613524 0.039553907426192
      vertex 0.355445983804077 0.201362012405279 0.022444361051783
   endloop
endfacet
facet normal 0.995800471276152 -0.015851181861913 -0.090167407857680
   outer loop
      vertex 0.354654817187295 0.223604223841436 -0.046248851937664
      vertex 0.356125783053949 0.218530541071840 -0.029111702182016
      vertex 0.354622558307891 0.221604495872999 -0.046253569336351
   endloop
endfacet
facet normal 0.990205148675655 -0.015284908979261 -0.138780888791362
   outer loop
      vertex 0.352344616568663 0.228686414771940 -0.063291928930686
      vertex 0.354654817187295 0.223604223841436 -0.046248851937664
      vertex 0.352313157637046 0.226686697422958 -0.063296146358608
   endloop
endfacet
facet normal 0.944275470214441 -0.013073650226353 -0.328896512631338
   outer loop
      vertex 0.334851381789769 0.249095922361205 -0.129706939134630
      vertex 0.340443658805671 0.243982070643815 -0.113448005056430
      vertex 0.334822824438083 0.247096154507662 -0.129709437614269
   endloop
endfacet
facet normal 0.885934970016164 -0.011230970867379 -0.463673477994844
   outer loop
      vertex 0.313390840538740 0.264477128512034 -0.176547373060209
      vertex 0.321308158697153 0.259343983225402 -0.161295521129759
      vertex 0.313364484465222 0.262477318280176 -0.176549292421117
   endloop
endfacet
facet normal 0.836318334114746 -0.009931472568885 -0.548154184400840
   outer loop
      vertex 0.295360936791734 0.274760315757083 -0.205783186003799
      vertex 0.304734764473109 0.269615940956182 -0.191388339822683
      vertex 0.295335981253160 0.272760492538449 -0.205785027794006
   endloop
endfacet
facet normal 0.746994441184223 -0.007815273168609 -0.664784345743167
   outer loop
      vertex 0.263164425392589 0.290225050957617 -0.245953709855857
      vertex 0.274550858700063 0.285065050688350 -0.233098519669784
      vertex 0.263141570760994 0.288225202962073 -0.245955880370829
   endloop
endfacet
facet normal -0.164780723573888 0.958699106610474 0.231826090254626
   outer loop
      vertex 0.279274828323665 0.144486718854804 0.211280626528871
      vertex 0.263653782464476 0.144820737265525 0.198795964477122
      vertex 0.253124418055418 0.140016300027590 0.211180133137876
   endloop
endfacet
facet normal 0.994289511634457 -0.017689137133169 0.105240018439744
   outer loop
      vertex 0.355445983804077 0.201362012405279 0.022444361051783
      vertex 0.353546290673555 0.196323197149115 0.039545390561555
      vertex 0.355411224187310 0.199362296428361 0.022436644141664
   endloop
endfacet
facet normal 0.641484052248529 -0.005645653901633 -0.767115595789076
   outer loop
      vertex 0.238564820597611 0.300559149422674 -0.269904726447232
      vertex 0.225389518003806 0.303732824356840 -0.280945649111615
      vertex 0.225410671808932 0.305732697094702 -0.280942677930583
   endloop
endfacet
facet normal -0.176027181918811 0.958820168598447 0.222886328684753
   outer loop
      vertex 0.268114952954414 0.139691722167008 0.224415370265876
      vertex 0.253124418055418 0.140016300027590 0.211180133137876
      vertex 0.241999614921586 0.135217910918112 0.223036062236327
   endloop
endfacet
facet normal 0.563248986406972 -0.004110232055357 -0.826277002768424
   outer loop
      vertex 0.211728442589827 0.310910128885984 -0.291319319696045
      vertex 0.197531093817376 0.314091174509298 -0.301013062974152
      vertex 0.197551147183673 0.316091058450108 -0.301009341399969
   endloop
endfacet
facet normal 0.994293311619060 -0.017979570443991 0.105154864444075
   outer loop
      vertex 0.355445983804077 0.201362012405279 0.022444361051783
      vertex 0.353581550360876 0.198322914613524 0.039553907426192
      vertex 0.353546290673555 0.196323197149115 0.039545390561555
   endloop
endfacet
facet normal 0.999825137103269 -0.017104994844806 0.007557404831573
   outer loop
      vertex 0.356687290984011 0.209466123112716 -0.011934013469303
      vertex 0.356504937075568 0.206409564064991 0.005272897852007
      vertex 0.356470777530764 0.204409850506869 0.005266080890656
   endloop
endfacet
facet normal 0.954828537550704 -0.019054385352138 0.296545770965691
   outer loop
      vertex 0.342858690742859 0.181258755267991 0.090021338155844
      vertex 0.337624203127913 0.174254524985618 0.106425473124518
      vertex 0.342822330659021 0.179259046573396 0.090009921454902
   endloop
endfacet
facet normal 0.164538491069680 -0.958812783669504 -0.231527818692377
   outer loop
      vertex 0.279214409868328 0.140487336867407 0.211249190416935
      vertex 0.263593364030306 0.140821354221785 0.198764628359604
      vertex 0.273500477550983 0.145632187579931 0.185882431174009
   endloop
endfacet
facet normal 0.144033822802547 -0.963005648302425 -0.227759476699677
   outer loop
      vertex 0.279214409868328 0.140487336867407 0.211249190416935
      vertex 0.273500477550983 0.145632187579931 0.185882431174009
      vertex 0.289714319589193 0.145289094920274 0.197586628333439
   endloop
endfacet
facet normal 0.987952715904544 -0.018074513201860 0.153696919648221
   outer loop
      vertex 0.353581550360876 0.198322914613524 0.039553907426192
      vertex 0.350846217919520 0.193292855568880 0.056544900165070
      vertex 0.353546290673555 0.196323197149115 0.039545390561555
   endloop
endfacet
facet normal 0.158038246326813 -0.956052636086159 -0.246956007682853
   outer loop
      vertex 0.255782892084600 0.140988314433636 0.192522296805369
      vertex 0.257286635533938 0.145975279183246 0.174178334008997
      vertex 0.265393556553044 0.145803732853418 0.180030432588712
   endloop
endfacet
facet normal 0.999830893921258 -0.016752772923289 0.007584732032160
   outer loop
      vertex 0.356754310431615 0.213465519183423 -0.011921779677611
      vertex 0.356539097635304 0.208409226579439 0.005279814279499
      vertex 0.356720850697935 0.211465822141892 -0.011927896573540
   endloop
endfacet
facet normal 0.155108903707300 -0.963124900367047 -0.219844613951956
   outer loop
      vertex 0.268056436047754 0.135692281139235 0.224383633110978
      vertex 0.263593364030306 0.140821354221785 0.198764628359604
      vertex 0.279214409868328 0.140487336867407 0.211249190416935
   endloop
endfacet
facet normal 0.954850835476553 -0.019070965750203 0.296472899697566
   outer loop
      vertex 0.342895052835395 0.183258362931581 0.090032853794650
      vertex 0.337697527638949 0.178253730055492 0.106450604283918
      vertex 0.342858690742859 0.181258755267991 0.090021338155844
   endloop
endfacet
facet normal 0.971904306764598 -0.014230500048294 -0.234945762593840
   outer loop
      vertex 0.345230630011298 0.238875621823603 -0.096932267989441
      vertex 0.349200785370023 0.233776963084608 -0.080200033657142
      vertex 0.345200572008534 0.236875871750906 -0.096935486003780
   endloop
endfacet
facet normal 0.170029435828868 -0.956183260215801 -0.238334982398300
   outer loop
      vertex 0.245570583719721 0.136179146408114 0.204530827416269
      vertex 0.247972318171117 0.141155372632505 0.186279966307855
      vertex 0.255782892084600 0.140988314433636 0.192522296805369
   endloop
endfacet
facet normal 0.927038895682045 -0.012492315936882 -0.374757025197859
   outer loop
      vertex 0.328467610438124 0.254216740286454 -0.145669215535812
      vertex 0.334851381789769 0.249095922361205 -0.129706939134630
      vertex 0.328439753398571 0.252216963710642 -0.145671464241878
   endloop
endfacet
facet normal 0.186553437587512 -0.959048752778926 -0.213127437739654
   outer loop
      vertex 0.256266706118458 0.130903784543891 0.236958347570187
      vertex 0.241942797657914 0.131218504736653 0.223004225084189
      vertex 0.253065901148758 0.136016858999817 0.211148395982978
   endloop
endfacet
facet normal 0.808462100373583 -0.009246482371456 -0.588475602572688
   outer loop
      vertex 0.285291565529575 0.279910072261232 -0.219697649300122
      vertex 0.295360936791734 0.274760315757083 -0.205783186003799
      vertex 0.285267310237940 0.277910243573862 -0.219699549299564
   endloop
endfacet
facet normal 0.181594072165560 -0.956307692183440 -0.229127018976621
   outer loop
      vertex 0.234780844410825 0.131375815373873 0.216027113315704
      vertex 0.238075366249763 0.136341436860399 0.197913158854977
      vertex 0.245570583719721 0.136179146408114 0.204530827416269
   endloop
endfacet
facet normal 0.999012451938759 -0.016304005166318 -0.041331589454635
   outer loop
      vertex 0.356125783053949 0.218530541071840 -0.029111702182016
      vertex 0.356754310431615 0.213465519183423 -0.011921779677611
      vertex 0.356092923548653 0.216530838564322 -0.029117119223668
   endloop
endfacet
facet normal 0.678329161862527 -0.006336949679671 -0.734730829103855
   outer loop
      vertex 0.251159475720084 0.295389837307334 -0.258232316383280
      vertex 0.238543266501983 0.298559287348363 -0.269907377413020
      vertex 0.238564820597611 0.300559149422674 -0.269904726447232
   endloop
endfacet
facet normal 0.196857853579015 -0.959160989828588 -0.203118637931889
   outer loop
      vertex 0.243873228010748 0.126121723947034 0.248943024873798
      vertex 0.230250564089445 0.126426022663481 0.234303305604686
      vertex 0.241942797657914 0.131218504736653 0.223004225084189
   endloop
endfacet
facet normal 0.982234359698577 -0.014760317540270 -0.187076977882469
   outer loop
      vertex 0.349200785370023 0.233776963084608 -0.080200033657142
      vertex 0.352344616568663 0.228686414771940 -0.063291928930686
      vertex 0.349170026803457 0.231777234372501 -0.080203751325446
   endloop
endfacet
facet normal 0.479555845967409 -0.002588638008550 -0.877507543871700
   outer loop
      vertex 0.182913301157215 0.321275047653470 -0.309988983650102
      vertex 0.167831068213996 0.324461715495652 -0.318240789755052
      vertex 0.167850321094074 0.326461616017581 -0.318236167786025
   endloop
endfacet
facet normal 0.287231779307550 -0.957842503134480 0.005970271760375
   outer loop
      vertex -0.007611722382277 0.050462970234292 0.311764146801835
      vertex -0.023369089855005 0.045731382387652 0.310742543317634
      vertex -0.007249985528771 0.050509156664380 0.301770800324179
   endloop
endfacet
facet normal 0.987950046858988 -0.018301421526098 0.153687224197221
   outer loop
      vertex 0.353511128957779 0.194323582703356 0.039536774758888
      vertex 0.350810658079800 0.191293142704952 0.056535383356749
      vertex 0.350775096252548 0.189293529815688 0.056525867604981
   endloop
endfacet
facet normal 0.295127523301602 -0.955214688824195 0.021555584992270
   outer loop
      vertex -0.023369089855005 0.045731382387652 0.310742543317634
      vertex -0.022516703643867 0.045769902604466 0.300779113675189
      vertex -0.007249985528771 0.050509156664380 0.301770800324179
   endloop
endfacet
facet normal 0.175305916417007 -0.953576344616317 -0.244867291930502
   outer loop
      vertex 0.255782892084600 0.140988314433636 0.192522296805369
      vertex 0.247972318171117 0.141155372632505 0.186279966307855
      vertex 0.257286635533938 0.145975279183246 0.174178334008997
   endloop
endfacet
facet normal 0.968205668611294 -0.019028629300419 0.249430740960100
   outer loop
      vertex 0.347209328220705 0.184272087913500 0.073363518585330
      vertex 0.342858690742859 0.181258755267991 0.090021338155844
      vertex 0.342822330659021 0.179259046573396 0.090009921454902
   endloop
endfacet
facet normal 0.276456611351062 -0.960409723014224 0.034422463305652
   outer loop
      vertex -0.043081866203114 0.040908003762806 0.338678523751666
      vertex -0.040399696081555 0.040969728111949 0.318859401809368
      vertex -0.024221476044976 0.045692861114496 0.320706072954497
   endloop
endfacet
facet normal 0.175776911152430 -0.958931294801734 -0.222605591474203
   outer loop
      vertex 0.268056436047754 0.135692281139235 0.224383633110978
      vertex 0.253065901148758 0.136016858999817 0.211148395982978
      vertex 0.263593364030306 0.140821354221785 0.198764628359604
   endloop
endfacet
facet normal 0.262602842118026 -0.964722086449646 0.018736147623687
   outer loop
      vertex -0.025926248446084 0.045615819624526 0.340633032233805
      vertex -0.043081866203114 0.040908003762806 0.338678523751666
      vertex -0.024221476044976 0.045692861114496 0.320706072954497
   endloop
endfacet
facet normal 0.278076424458579 -0.960349118253947 0.020076683720149
   outer loop
      vertex -0.024221476044976 0.045692861114496 0.320706072954497
      vertex -0.040399696081555 0.040969728111949 0.318859401809368
      vertex -0.023369089855005 0.045731382387652 0.310742543317634
   endloop
endfacet
facet normal 0.164801396211005 -0.958691497219740 -0.231842862658046
   outer loop
      vertex 0.253065901148758 0.136016858999817 0.211148395982978
      vertex 0.255782892084600 0.140988314433636 0.192522296805369
      vertex 0.263593364030306 0.140821354221785 0.198764628359604
   endloop
endfacet
facet normal 0.286450299723059 -0.957869230173831 0.020802972738584
   outer loop
      vertex -0.023369089855005 0.045731382387652 0.310742543317634
      vertex -0.039058659033947 0.041000489846206 0.308949789784539
      vertex -0.022516703643867 0.045769902604466 0.300779113675189
   endloop
endfacet
facet normal 0.979249420638371 -0.018373974796795 0.201824104679255
   outer loop
      vertex 0.350846217919520 0.193292855568880 0.056544900165070
      vertex 0.347281352099571 0.188271311510341 0.073384449981319
      vertex 0.350810658079800 0.191293142704952 0.056535383356749
   endloop
endfacet
facet normal 0.293568136809461 -0.955231360622520 0.036753186711776
   outer loop
      vertex -0.039058659033947 0.041000489846206 0.308949789784539
      vertex -0.037717623952706 0.041031350498784 0.299040278810682
      vertex -0.022516703643867 0.045769902604466 0.300779113675189
   endloop
endfacet
facet normal 0.165773587402354 -0.963242985380152 -0.211381335116623
   outer loop
      vertex 0.256266706118458 0.130903784543891 0.236958347570187
      vertex 0.253065901148758 0.136016858999817 0.211148395982978
      vertex 0.268056436047754 0.135692281139235 0.224383633110978
   endloop
endfacet
facet normal 0.274264002935562 -0.960420500670456 0.048700293486528
   outer loop
      vertex -0.060122277580880 0.036200941955363 0.335885052021477
      vertex -0.056469006305649 0.036247117852928 0.316221668979234
      vertex -0.040399696081555 0.040969728111949 0.318859401809368
   endloop
endfacet
facet normal 0.998255838112298 -0.017248651472504 0.056460301957156
   outer loop
      vertex 0.356539097635304 0.208409226579439 0.005279814279499
      vertex 0.355480643419434 0.203361727450893 0.022451977967651
      vertex 0.356504937075568 0.206409564064991 0.005272897852007
   endloop
endfacet
facet normal 0.261189054662962 -0.964745678070105 0.032342763786079
   outer loop
      vertex -0.043081866203114 0.040908003762806 0.338678523751666
      vertex -0.060122277580880 0.036200941955363 0.335885052021477
      vertex -0.040399696081555 0.040969728111949 0.318859401809368
   endloop
endfacet
facet normal 0.276588741031415 -0.960370739143298 0.034448682587485
   outer loop
      vertex -0.040399696081555 0.040969728111949 0.318859401809368
      vertex -0.056469006305649 0.036247117852928 0.316221668979234
      vertex -0.039058659033947 0.041000489846206 0.308949789784539
   endloop
endfacet
facet normal 0.176036673273885 -0.958815305445237 -0.222899752594346
   outer loop
      vertex 0.241942797657914 0.131218504736653 0.223004225084189
      vertex 0.245570583719721 0.136179146408114 0.204530827416269
      vertex 0.253065901148758 0.136016858999817 0.211148395982978
   endloop
endfacet
facet normal 0.284914677246668 -0.957892545319434 0.035573843071609
   outer loop
      vertex -0.039058659033947 0.041000489846206 0.308949789784539
      vertex -0.054642420658155 0.036270204807889 0.306389977458195
      vertex -0.037717623952706 0.041031350498784 0.299040278810682
   endloop
endfacet
facet normal 0.175999779689646 -0.963359655230468 -0.202391334358541
   outer loop
      vertex 0.243873228010748 0.126121723947034 0.248943024873798
      vertex 0.241942797657914 0.131218504736653 0.223004225084189
      vertex 0.256266706118458 0.130903784543891 0.236958347570187
   endloop
endfacet
facet normal 0.291243869954335 -0.955241828100319 0.051865769651889
   outer loop
      vertex -0.054642420658155 0.036270204807889 0.306389977458195
      vertex -0.052815835010661 0.036293291762848 0.296558285937155
      vertex -0.037717623952706 0.041031350498784 0.299040278810682
   endloop
endfacet
facet normal 0.198590371112084 -0.953822426865713 -0.225354481893676
   outer loop
      vertex 0.234780844410825 0.131375815373873 0.216027113315704
      vertex 0.227618991143981 0.131533127998739 0.209050001547054
      vertex 0.238075366249763 0.136341436860399 0.197913158854977
   endloop
endfacet
facet normal 0.192681798024504 -0.956430896450827 -0.219348273356120
   outer loop
      vertex 0.223439281125150 0.126578223002859 0.226983446498325
      vertex 0.227618991143981 0.131533127998739 0.209050001547054
      vertex 0.234780844410825 0.131375815373873 0.216027113315704
   endloop
endfacet
facet normal 0.271354759681607 -0.960425211713039 0.062849081967061
   outer loop
      vertex -0.077005865550342 0.031494191648164 0.332259203927151
      vertex -0.072390195240180 0.031524843172924 0.312799164538397
      vertex -0.056469006305649 0.036247117852928 0.316221668979234
   endloop
endfacet
facet normal 0.959240448047204 -0.013682839068611 -0.282259707973388
   outer loop
      vertex 0.340443658805671 0.243982070643815 -0.113448005056430
      vertex 0.345230630011298 0.238875621823603 -0.096932267989441
      vertex 0.340414301343426 0.241982300372503 -0.113450833410667
   endloop
endfacet
facet normal 0.259101143270470 -0.964760212026661 0.045872986017999
   outer loop
      vertex -0.060122277580880 0.036200941955363 0.335885052021477
      vertex -0.077005865550342 0.031494191648164 0.332259203927151
      vertex -0.056469006305649 0.036247117852928 0.316221668979234
   endloop
endfacet
facet normal 0.274380317503215 -0.960386243194567 0.048720686052860
   outer loop
      vertex -0.056469006305649 0.036247117852928 0.316221668979234
      vertex -0.072390195240180 0.031524843172924 0.312799164538397
      vertex -0.054642420658155 0.036270204807889 0.306389977458195
   endloop
endfacet
facet normal 0.186829484370484 -0.958934433069068 -0.213399852025169
   outer loop
      vertex 0.230250564089445 0.126426022663481 0.234303305604686
      vertex 0.234780844410825 0.131375815373873 0.216027113315704
      vertex 0.241942797657914 0.131218504736653 0.223004225084189
   endloop
endfacet
facet normal 0.187189220652015 -0.953701701160771 -0.235400214262313
   outer loop
      vertex 0.245570583719721 0.136179146408114 0.204530827416269
      vertex 0.238075366249763 0.136341436860399 0.197913158854977
      vertex 0.247972318171117 0.141155372632505 0.186279966307855
   endloop
endfacet
facet normal 0.277478323809008 -0.009223777454360 0.960687619231983
   outer loop
      vertex 0.110510907962861 0.085344901163145 0.325973809964268
      vertex 0.093942343380918 0.082618019351696 0.330733177406518
      vertex 0.093921987684148 0.080618248852207 0.330719856558855
   endloop
endfacet
facet normal -0.304733458944498 -0.000206861233866 0.952437649512110
   outer loop
      vertex -0.093672865811352 0.028787482379820 0.327816591670142
      vertex -0.110100123325145 0.026080937351909 0.322560084973921
      vertex -0.110136928550780 0.022081126033916 0.322547440377578
   endloop
endfacet
facet normal 0.851144713722403 -0.017933870726483 0.524624677825180
   outer loop
      vertex 0.308708625376730 0.158913201926436 0.168838720432271
      vertex 0.299595574627648 0.154097185822307 0.183458991809007
      vertex 0.308675563942463 0.156913593683420 0.168824003910049
   endloop
endfacet
facet normal 0.282647952912741 -0.957905952636346 0.050262517029015
   outer loop
      vertex -0.054642420658155 0.036270204807889 0.306389977458195
      vertex -0.070082359080749 0.031540118419802 0.303069194312952
      vertex -0.052815835010661 0.036293291762848 0.296558285937155
   endloop
endfacet
facet normal 0.229932966285031 -0.008473511659215 0.973169579577747
   outer loop
      vertex 0.093901733955156 0.078618380365700 0.330706534654472
      vertex 0.077119748307755 0.075895399909596 0.334647942826192
      vertex 0.077099892639206 0.073895633010283 0.334635221944211
   endloop
endfacet
facet normal 0.035187990025545 -0.005582746746928 0.999365117610537
   outer loop
      vertex 0.025815813161258 0.059746190971734 0.341427989655307
      vertex 0.008582711629724 0.057034339425856 0.342019623897874
      vertex 0.008564258137792 0.055034477139395 0.342009101834217
   endloop
endfacet
facet normal -0.161087404195673 -0.002546085680153 0.986936860015477
   outer loop
      vertex -0.043081866203114 0.040908003762806 0.338678523751666
      vertex -0.060104124537677 0.038200823631093 0.335893174219593
      vertex -0.060122277580880 0.036200941955363 0.335885052021477
   endloop
endfacet
facet normal 0.275813275258786 -0.957944189784220 0.079183119726840
   outer loop
      vertex -0.088124051005905 0.026802696836937 0.308600078455108
      vertex -0.085340566204229 0.026810200725909 0.298995332449072
      vertex -0.070082359080749 0.031540118419802 0.303069194312952
   endloop
endfacet
facet normal 0.918883765203394 -0.019058478515696 0.394067761231873
   outer loop
      vertex 0.331605792370091 0.173406716077181 0.122560591862069
      vertex 0.324732642727198 0.168567725367968 0.138353311882463
      vertex 0.331570029778023 0.171407139353616 0.122547276322738
   endloop
endfacet
facet normal 0.875836394414718 -0.018030412908418 0.482271204229507
   outer loop
      vertex 0.317060222384143 0.161737040743434 0.153777241399275
      vertex 0.308708625376730 0.158913201926436 0.168838720432271
      vertex 0.308675563942463 0.156913593683420 0.168824003910049
   endloop
endfacet
facet normal 0.764923469063053 -0.016285418898819 0.643915267413217
   outer loop
      vertex 0.279244570099640 0.142486976879951 0.211264907944709
      vertex 0.268114952954414 0.139691722167008 0.224415370265876
      vertex 0.268085694511667 0.137692001124950 0.224399551685636
   endloop
endfacet
facet normal 0.624491017944358 -0.014221120003469 0.780902508801622
   outer loop
      vertex 0.230931970638365 0.123345556653542 0.260324573548748
      vertex 0.217445685173006 0.120575393722308 0.271059164902462
      vertex 0.217419928026345 0.118575642273177 0.271043345259859
   endloop
endfacet
facet normal 0.459886049024526 -0.011879146031701 0.887898478319548
   outer loop
      vertex 0.173954425427344 0.104300572494764 0.299064815914116
      vertex 0.158629516786927 0.101553313038936 0.306965580203427
      vertex 0.158606861184707 0.099553514781414 0.306950559454470
   endloop
endfacet
facet normal 0.084273751618912 -0.006331774016938 0.996422522540450
   outer loop
      vertex 0.043035370443264 0.066459772830228 0.340014284346231
      vertex 0.025853320280586 0.063745914794428 0.341450233714646
      vertex 0.025834566720922 0.061746052883081 0.341439111684977
   endloop
endfacet
facet normal -0.112338922223732 -0.003264321743954 0.993664586647407
   outer loop
      vertex -0.025908095170049 0.047615689680496 0.340642254370522
      vertex -0.043045659864121 0.044907753506859 0.338695868086666
      vertex -0.043063813013156 0.042907877112838 0.338687245916458
   endloop
endfacet
facet normal 0.795628516352044 -0.017066758881280 0.605544374681768
   outer loop
      vertex 0.289776639550872 0.149288419979979 0.197617563413576
      vertex 0.279274828323665 0.144486718854804 0.211280626528871
      vertex 0.289745479580615 0.147288756921955 0.197602145870716
   endloop
endfacet
facet normal 0.824381125250099 -0.017493971284993 0.565764722565892
   outer loop
      vertex 0.299595574627648 0.154097185822307 0.183458991809007
      vertex 0.289776639550872 0.149288419979979 0.197617563413576
      vertex 0.299563514898692 0.152097501706450 0.183443874250897
   endloop
endfacet
facet normal 0.875855186418983 -0.018327825271347 0.482225863308670
   outer loop
      vertex 0.317094183555944 0.163736671100626 0.153791557942332
      vertex 0.308708625376730 0.158913201926436 0.168838720432271
      vertex 0.317060222384143 0.161737040743434 0.153777241399275
   endloop
endfacet
facet normal 0.918896250613445 -0.019037132998421 0.394039678428142
   outer loop
      vertex 0.331570029778023 0.171407139353616 0.122547276322738
      vertex 0.324697781839030 0.166568071840258 0.138339495312992
      vertex 0.331534269194656 0.169407461599046 0.122534059721271
   endloop
endfacet
end solid no_name
