solid no_name
facet normal -0.582849191239126 0.787462505744598 -0.200473495301336
   outer loop
      vertex -0.122572294784198 0.968779353154119 0.330050466388569
      vertex -0.101461258491678 0.970549007434395 0.27562424900224
      vertex -0.103599573407331 0.968779068798232 0.274888764273835
   endloop
endfacet
facet normal -0.37026765445537 0.920153112605904 -0.127358209102455
   outer loop
      vertex -0.0610170511177043 0.971672894468109 0.166160241479241
      vertex -0.0420442297395515 0.97167261105094 0.110998639358817
      vertex -0.0635156177515162 0.970548541630925 0.165300945823536
   endloop
endfacet
facet normal -0.870114365697385 -0.391581765374965 -0.299273640056827
   outer loop
      vertex -0.0682492323285242 0.958126444433881 0.163672837030015
      vertex -0.0671859040875782 0.955484119264585 0.164038619918772
      vertex -0.0861587254657309 0.955484402681754 0.219200222039196
   endloop
endfacet
facet normal 0.936308810232403 0.140052236254797 0.322042206863033
   outer loop
      vertex 0.103575356090729 0.964022682336562 -0.270727122960484
      vertex 0.103955658113757 0.96117936228445 -0.270596291671671
      vertex 0.122928479481315 0.961179079395457 -0.325757943789305
   endloop
endfacet
facet normal -0.353443308780168 -0.927523886699955 -0.12156178297284
   outer loop
      vertex -0.0228778305051927 0.950422970596329 0.0559036321995593
      vertex -0.0253964454404407 0.951496251615223 0.0550373551235463
      vertex -0.00642362408347692 0.951495969254405 -0.000124346991296998
   endloop
endfacet
facet normal -0.938684061589135 0.120969054615405 -0.322860217964338
   outer loop
      vertex -0.125219500094075 0.963820998641911 0.329139998866556
      vertex -0.106246678737111 0.963820716281094 0.273978296751714
      vertex -0.125547996440202 0.960970512227742 0.329027051032517
   endloop
endfacet
facet normal 0.114407223963228 0.992654492997885 0.039345198387354
   outer loop
      vertex 0.0582039562665903 0.971726055988329 -0.162957899187708
      vertex 0.0771767776277921 0.971725773416241 -0.218119581303667
      vertex 0.0555084876747973 0.972073466724437 -0.163885019922672
   endloop
endfacet
facet normal -0.370263575019572 0.92015498276689 -0.127356557361566
   outer loop
      vertex -0.079989872474668 0.971673176828927 0.221321943594084
      vertex -0.0610170511177043 0.971672894468109 0.166160241479241
      vertex -0.08248843912967 0.970548825048093 0.220462547943959
   endloop
endfacet
facet normal -0.936305160809035 -0.140080186502825 -0.322040660773916
   outer loop
      vertex -0.125547996440202 0.960970512227742 0.329027051032517
      vertex -0.106575175083238 0.960970229866925 0.273865348917674
      vertex -0.125167594445553 0.958127194593238 0.329157842323452
   endloop
endfacet
facet normal 0.744641567165369 0.616371903196236 0.256114453711135
   outer loop
      vertex 0.0628927394937352 0.968926742411319 -0.161345183238599
      vertex 0.0645664871109062 0.966665474248047 -0.160769502676229
      vertex 0.083539208494131 0.966665189575256 -0.215931174792636
   endloop
endfacet
facet normal 0.870116450738344 0.391577034223965 0.299273768350771
   outer loop
      vertex 0.102512027860377 0.966665006977684 -0.271092855852033
      vertex 0.103575356090729 0.964022682336562 -0.270727122960484
      vertex 0.122548177445573 0.96402240008138 -0.325888835074768
   endloop
endfacet
facet normal -0.938683880759295 0.120969054608488 -0.322860743711274
   outer loop
      vertex -0.0303554932681616 0.963819583786404 0.0533315882868693
      vertex -0.0113826718900079 0.963819300369235 -0.00183001383355398
      vertex -0.0306839896142886 0.960969097372234 0.0532186404528293
   endloop
endfacet
facet normal -0.744628040102249 -0.616389153086015 -0.256112268061077
   outer loop
      vertex 0.084596466841844 0.955481854697744 -0.277254837008682
      vertex 0.0862702124661789 0.953220686403354 -0.276679145390307
      vertex 0.0672973930978132 0.953220869106563 -0.221517474330352
   endloop
endfacet
facet normal -0.114402835998531 -0.992655058329842 -0.0393436943826072
   outer loop
      vertex 0.0557089235335253 0.950074429466235 -0.163815965529872
      vertex 0.0530133549616373 0.950421838207274 -0.164743086264726
      vertex 0.0719861763249581 0.950421555529551 -0.219904758381243
   endloop
endfacet
facet normal -0.87012825815167 -0.39154890819011 -0.299276238383661
   outer loop
      vertex 0.083533238591588 0.958124181333934 -0.277620569900341
      vertex 0.102505959966338 0.958123897083683 -0.332782282014515
      vertex 0.084596466841844 0.955481854697744 -0.277254837008682
   endloop
endfacet
facet normal 0.35344350989079 0.927523886697256 0.121561198258717
   outer loop
      vertex 0.0227770284616507 0.970653342003045 -0.0517682478804444
      vertex 0.0417497498406365 0.970653057541524 -0.106929939995736
      vertex 0.0202584135264018 0.971726623021938 -0.0526345249564584
   endloop
endfacet
facet normal 0.870111900581481 0.391588177356325 0.29927241740801
   outer loop
      vertex 0.083539208494131 0.966665189575256 -0.215931174792636
      vertex 0.084602534727407 0.964022965014286 -0.215565450843966
      vertex 0.103575356090729 0.964022682336562 -0.270727122960484
   endloop
endfacet
facet normal -0.755725176463838 0.601093762197182 -0.259934119934915
   outer loop
      vertex -0.0656539306722122 0.968778503020246 0.164565460038568
      vertex -0.0466811093152494 0.968778220659428 0.109403757923724
      vertex -0.0672861710222242 0.966483587542704 0.164004032197496
   endloop
endfacet
facet normal -0.744640131369701 -0.616373272915353 -0.256115331812313
   outer loop
      vertex 0.0466509240952994 0.955482422048259 -0.166931492775757
      vertex 0.0483246717167084 0.953221153673718 -0.166355792214503
      vertex 0.0293518503533866 0.953221436351442 -0.111194120097986
   endloop
endfacet
facet normal -0.568413744207664 -0.799177987029184 -0.195500282464773
   outer loop
      vertex -0.082314809552426 0.951497101749097 0.220522361473547
      vertex -0.0655121564682872 0.95322285099568 0.164614310480585
      vertex -0.0633420881755582 0.951496817393209 0.165360659358814
   endloop
endfacet
facet normal -0.114374061494515 -0.992658775171697 -0.0393335751219585
   outer loop
      vertex 0.0177632788246418 0.950075094162386 -0.0534925602436233
      vertex 0.0150678122087358 0.950422405874694 -0.0544197720301263
      vertex 0.0340405336004346 0.950422120779361 -0.109581404148767
   endloop
endfacet
facet normal 0.568394081002265 0.799193350803588 0.195494646251308
   outer loop
      vertex 0.081865560854937 0.96892645983923 -0.216506865354558
      vertex 0.100838382216139 0.968926177267142 -0.271668547470518
      vertex 0.07969539256516 0.970652492291712 -0.217253294228212
   endloop
endfacet
facet normal -0.370263536784089 0.920154982766669 -0.127356668525086
   outer loop
      vertex 0.0882667531757859 0.970546277169719 -0.275992521103361
      vertex 0.109738141198346 0.971670346061559 -0.330294777570871
      vertex 0.107239574543345 0.970545994280726 -0.331154173220994
   endloop
endfacet
facet normal 0.114402452939668 0.992655046167373 0.0393451150695637
   outer loop
      vertex 0.0961495989889948 0.971725490844153 -0.273281263419627
      vertex 0.115122318377262 0.971725306145878 -0.328442934479471
      vertex 0.0934540304192249 0.972072899479557 -0.274208374155039
   endloop
endfacet
facet normal -0.114370553126211 -0.992659218613842 -0.0393325854548341
   outer loop
      vertex 0.0367361001752485 0.950074812118474 -0.108654292356792
      vertex 0.0340405336004346 0.950422120779361 -0.109581404148767
      vertex 0.0530133549616373 0.950421838207274 -0.164743086264726
   endloop
endfacet
facet normal -0.938683748943449 0.120971296848429 -0.322860286824319
   outer loop
      vertex 0.0455356922071434 0.963818450974808 -0.167315090179649
      vertex 0.0645085135704652 0.963818168297086 -0.222476762296166
      vertex 0.0452071958567794 0.960967964771908 -0.167428058012572
   endloop
endfacet
facet normal -0.74464054081231 -0.616372588058644 -0.256115789573074
   outer loop
      vertex 0.00870528138136989 0.955482986769894 -0.0566080885460713
      vertex 0.0103790290006609 0.953221718500988 -0.0560323979842593
      vertex -0.00859379237749189 0.953222001918158 -0.000870795863833989
   endloop
endfacet
facet normal 0.936308358121405 0.140056537477203 0.322041650756383
   outer loop
      vertex 0.0466569919850994 0.96402353215353 -0.105242086612158
      vertex 0.0470372920131704 0.961180312075933 -0.105111254266782
      vertex 0.0660101153693292 0.961179929529329 -0.160272937439304
   endloop
endfacet
facet normal 0.353471455372554 0.927511891767497 0.121571464031194
   outer loop
      vertex 0.00380420710468595 0.970653624363862 0.00339345423439896
      vertex 0.0227770284616507 0.970653342003045 -0.0517682478804444
      vertex 0.00128559017448198 0.971727005357272 0.00252717821494897
   endloop
endfacet
facet normal -0.74462884064811 -0.616389153075859 -0.25610994054405
   outer loop
      vertex -0.0292403613537456 0.95548355254788 0.0537152156891973
      vertex -0.0275666157294127 0.953222384253491 0.0542909073075713
      vertex -0.0465393371062804 0.953222668609377 0.109452609422305
   endloop
endfacet
facet normal 0.114374925594661 0.992658653573925 0.0393341312350718
   outer loop
      vertex -0.0176872312036708 0.971727288774441 0.0576887803353733
      vertex 0.00128559017448198 0.971727005357272 0.00252717821494897
      vertex -0.0203826977983878 0.972074599430397 0.0567616685432883
   endloop
endfacet
facet normal -0.938683312408753 0.120975555502002 -0.322859960317648
   outer loop
      vertex -0.0872738573589579 0.963820432863926 0.218816694631288
      vertex -0.0683010360019932 0.963820150503109 0.163654992516446
      vertex -0.0876023517313169 0.960969847531591 0.218703645746268
   endloop
endfacet
facet normal 0.870122854891453 0.391560996993037 0.299276131740181
   outer loop
      vertex 0.0645664871109062 0.966665474248047 -0.160769502676229
      vertex 0.0656297133662052 0.964023247586374 -0.160403768728007
      vertex 0.084602534727407 0.964022965014286 -0.215565450843966
   endloop
endfacet
facet normal -0.870109500489061 -0.391593854856873 -0.299271966607317
   outer loop
      vertex 0.00764195513538091 0.958125211964675 -0.0569738724913933
      vertex 0.00870528138136989 0.955482986769894 -0.0566080885460713
      vertex -0.0102675399967819 0.955483270187063 -0.00144648642564598
   endloop
endfacet
facet normal -0.353431888026572 -0.927528726875114 -0.121558057517398
   outer loop
      vertex -0.0608233732602122 0.950423538369384 0.166226936434718
      vertex -0.0633420881755582 0.951496817393209 0.165360659358814
      vertex -0.0443692667974055 0.951496533976041 0.110199057238389
   endloop
endfacet
facet normal 0.877089445553219 -0.373772741659874 0.301675391921861
   outer loop
      vertex 0.103627261743488 0.958328878076619 -0.270709259504704
      vertex 0.102612296777266 0.955665439358859 -0.27105832918397
      vertex 0.121585116139274 0.955665256972557 -0.326220030242249
   endloop
endfacet
facet normal -0.877090187895383 0.373769778489763 -0.301676904958526
   outer loop
      vertex -0.0483133496652624 0.966483305181887 0.108842330082652
      vertex -0.0293405282871086 0.966483021764717 0.0536807279622273
      vertex -0.0493283146251264 0.963819866147222 0.108493290401713
   endloop
endfacet
facet normal 0.877086594472965 -0.373779655639167 0.301675114694737
   outer loop
      vertex -0.105073573271659 0.958331990465358 0.336069233771187
      vertex -0.106088538252713 0.955668552487045 0.335720094095829
      vertex -0.0871157168957489 0.955668270126227 0.280558391980985
   endloop
endfacet
facet normal -0.755741960184754 0.601070101186156 -0.259940037462815
   outer loop
      vertex 0.0861284402593289 0.96877623834777 -0.276727986889446
      vertex 0.10510126162265 0.968775955670047 -0.331889659005962
      vertex 0.084496299897888 0.966481324442756 -0.27728937473286
   endloop
endfacet
facet normal 0.936309312497371 0.140047812519649 0.322042670370187
   outer loop
      vertex -0.0671798362062522 0.964025229792396 0.225727986084605
      vertex -0.0667995341917002 0.961181910162823 0.22585877737565
      vertex -0.0478267128135474 0.961181626745655 0.170697175255226
   endloop
endfacet
facet normal 0.755730450258752 -0.601086347261179 0.259935933814309
   outer loop
      vertex -0.0871157168957489 0.955668270126227 0.280558391980985
      vertex -0.0887479572245719 0.953373353592333 0.279997064134332
      vertex -0.0697751358676081 0.953373071231517 0.224835362019488
   endloop
endfacet
facet normal 0.568394070567083 0.799193350803435 0.195494676591869
   outer loop
      vertex 0.0439199181304125 0.968927025089041 -0.106183511122082
      vertex 0.0628927394937352 0.968926742411319 -0.161345183238599
      vertex 0.0417497498406365 0.970653057541524 -0.106929939995736
   endloop
endfacet
facet normal -0.568415356565601 -0.799176428876545 -0.195501964052882
   outer loop
      vertex 0.0694675613875911 0.95149483665408 -0.220771045456698
      vertex 0.0862702124661789 0.953220686403354 -0.276679145390307
      vertex 0.0884403827487929 0.951494554081992 -0.275932727572658
   endloop
endfacet
facet normal 0.755730450258747 -0.601086347261179 0.259935933814324
   outer loop
      vertex -0.106088538252713 0.955668552487045 0.335720094095829
      vertex -0.0887479572245719 0.953373353592333 0.279997064134332
      vertex -0.0871157168957489 0.955668270126227 0.280558391980985
   endloop
endfacet
facet normal 0.877092886282482 -0.373764103732233 0.3016760905241
   outer loop
      vertex 0.103627261743488 0.958328878076619 -0.270709259504704
      vertex 0.121585116139274 0.955665256972557 -0.326220030242249
      vertex 0.122599983135186 0.958328592981286 -0.325870891623344
   endloop
endfacet
facet normal 0.568408502983103 0.799181905013816 0.195499504948211
   outer loop
      vertex 0.0249470967755677 0.968927307344224 -0.0510217990077974
      vertex 0.0439199181304125 0.968927025089041 -0.106183511122082
      vertex 0.0227770284616507 0.970653342003045 -0.0517682478804444
   endloop
endfacet
facet normal -0.56840994944306 -0.799180729629077 -0.195500104254893
   outer loop
      vertex 0.0315219186630676 0.951495401903891 -0.110447691224222
      vertex 0.0483246717167084 0.953221153673718 -0.166355792214503
      vertex 0.0504947400242694 0.951495119331803 -0.165609373340181
   endloop
endfacet
facet normal -0.870125281158798 -0.391556265536237 -0.299275267951829
   outer loop
      vertex -0.0113307662414869 0.958125496320561 -0.00181217037665998
      vertex 0.00764195513538091 0.958125211964675 -0.0569738724913933
      vertex -0.0102675399967819 0.955483270187063 -0.00144648642564598
   endloop
endfacet
facet normal -0.132433866022922 0.990144496312406 -0.045553787465753
   outer loop
      vertex -0.077301159874324 0.972075346538335 0.222246773831254
      vertex -0.0583283405123173 0.972075164152033 0.167085072772974
      vertex -0.079989872474668 0.971673176828927 0.221321943594084
   endloop
endfacet
facet normal -0.114406436221371 -0.992654602508794 -0.0393447260663104
   outer loop
      vertex -0.0581279046493523 0.950076126682561 0.167154147164658
      vertex -0.0608233732602122 0.950423538369384 0.166226936434718
      vertex -0.0418506518621575 0.950423252957148 0.111065334314402
   endloop
endfacet
facet normal 0.114406769301125 0.992654480836681 0.0393468272283559
   outer loop
      vertex -0.0366600505656796 0.971727471160742 0.112850481393653
      vertex -0.0176872312036708 0.971727288774441 0.0576887803353733
      vertex -0.0393555191553535 0.972074881791215 0.111923370658132
   endloop
endfacet
facet normal 0.877101544713547 -0.373741694291399 0.301678680402351
   outer loop
      vertex -0.0481552091808634 0.958331141387837 0.170584127426768
      vertex -0.0491700741606314 0.95566770434824 0.170235087745718
      vertex -0.0301973527837646 0.955667419992353 0.115073385630984
   endloop
endfacet
facet normal -0.35344278931813 -0.927524177819138 -0.121561072058251
   outer loop
      vertex 0.0909589976882789 0.950421272851829 -0.275066430497761
      vertex 0.0884403827487929 0.951494554081992 -0.275932727572658
      vertex 0.107413104140493 0.95149426898666 -0.331094359691298
   endloop
endfacet
facet normal -0.877087079262302 0.373779655619779 -0.301673705244399
   outer loop
      vertex -0.105231713756057 0.966484154259409 0.274327436427072
      vertex -0.0862589923791899 0.966483869903521 0.219165734312338
      vertex -0.106246678737111 0.963820716281094 0.273978296751714
   endloop
endfacet
facet normal -0.744628840648156 -0.616389153075798 -0.256109940544061
   outer loop
      vertex -0.0482130827306144 0.955483836903768 0.10887691780393
      vertex -0.0292403613537456 0.95548355254788 0.0537152156891973
      vertex -0.0465393371062804 0.953222668609377 0.109452609422305
   endloop
endfacet
facet normal -0.877089947380962 0.3737727416725 -0.301673932890934
   outer loop
      vertex 0.084496299897888 0.966481324442756 -0.27728937473286
      vertex 0.103469019277681 0.966481140167021 -0.332451085790471
      vertex 0.083481334931667 0.963817885724997 -0.277638444412126
   endloop
endfacet
facet normal 0.370291829164092 -0.920142356192833 0.127365637415324
   outer loop
      vertex -0.0529406294051073 0.951602849178185 0.16893827517066
      vertex -0.0554391940651533 0.950478397422835 0.168078878463973
      vertex -0.0364664726882845 0.950478113066948 0.112917176349239
   endloop
endfacet
facet normal 0.568415661446465 0.799176428875141 0.195501077625557
   outer loop
      vertex 0.100838382216139 0.968926177267142 -0.271668547470518
      vertex 0.119811103601482 0.968925892488716 -0.326830209587483
      vertex 0.0986682119335248 0.970652309588505 -0.272414965288167
   endloop
endfacet
facet normal 0.132470603333307 -0.990138916339492 0.0455682521341996
   outer loop
      vertex 0.0583975341439843 0.950476697894536 -0.162891204232122
      vertex 0.0557089235335253 0.950074429466235 -0.163815965529872
      vertex 0.0746817448968461 0.950074146788511 -0.218977637646389
   endloop
endfacet
facet normal 0.938683767026449 -0.120971296848849 0.322860234249657
   outer loop
      vertex 0.084982936732651 0.961179646851605 -0.215434609555821
      vertex 0.084654440382287 0.958329160648707 -0.215547577388744
      vertex 0.103627261743488 0.958328878076619 -0.270709259504704
   endloop
endfacet
facet normal -0.938684007340281 0.120969054613324 -0.322860375688237
   outer loop
      vertex 0.102454156292869 0.963817603152909 -0.332800126528085
      vertex 0.102125659946742 0.96096711673874 -0.332913074362124
      vertex 0.083152838583421 0.960967399416463 -0.277751402245607
   endloop
endfacet
facet normal -0.744640540812541 -0.616372588058326 -0.256115789573168
   outer loop
      vertex -0.0861587254657309 0.955484402681754 0.219200222039196
      vertex -0.0671859040875782 0.955484119264585 0.164038619918772
      vertex -0.084484977846441 0.953223134412847 0.219775912601009
   endloop
endfacet
facet normal -0.582869407884563 0.787445403759681 -0.200481893072796
   outer loop
      vertex -0.0445427963945535 0.970548259270107 0.110139243708692
      vertex -0.0255700730227297 0.970547874939705 0.0549775405373953
      vertex -0.0466811093152494 0.968778220659428 0.109403757923724
   endloop
endfacet
facet normal -0.114407321594023 -0.992654480829617 -0.0393452214959351
   outer loop
      vertex -0.0771007260275041 0.95007641009973 0.222315749285082
      vertex -0.079796194617178 0.950423820730202 0.221388638549559
      vertex -0.0608233732602122 0.950423538369384 0.166226936434718
   endloop
endfacet
facet normal 0.877091199502474 -0.373767123816314 0.301677252886909
   outer loop
      vertex -0.0861007539096509 0.958331808079056 0.280907532712907
      vertex -0.0871157168957489 0.955668270126227 0.280558391980985
      vertex -0.0681428955175962 0.955667986709058 0.22539678986056
   endloop
endfacet
facet normal -0.370263575019325 0.920154982767003 -0.127356557361466
   outer loop
      vertex -0.0420442297395515 0.97167261105094 0.110998639358817
      vertex -0.0230714083825877 0.971672328690123 0.0558369372439733
      vertex -0.0445427963945535 0.970548259270107 0.110139243708692
   endloop
endfacet
facet normal 0.877090358393938 -0.373769778499343 0.301676409241667
   outer loop
      vertex -0.0102095664457469 0.95833057560985 0.0602608231915003
      vertex -0.0112245314056109 0.955667136575185 0.0599117835105603
      vertex 0.0077482899513539 0.955666854214368 0.00475008139571694
   endloop
endfacet
facet normal -0.877089696953522 0.373772741666891 -0.30167466099226
   outer loop
      vertex 0.0275778358121637 0.966482172264655 -0.111804338384424
      vertex 0.0265628708459407 0.963818733546897 -0.11215340806369
      vertex 0.00759014946695591 0.963819018008418 -0.0569917159483983
   endloop
endfacet
facet normal 0.582848875080319 -0.787462505744761 0.20047441448671
   outer loop
      vertex -0.0508023144894544 0.953372787814347 0.169673759899064
      vertex -0.0529406294051073 0.951602849178185 0.16893827517066
      vertex -0.0339678080481436 0.951602566817367 0.113776573055817
   endloop
endfacet
facet normal -0.370280971475214 0.920147154187731 -0.127362540817901
   outer loop
      vertex -0.0230714083825877 0.971672328690123 0.0558369372439733
      vertex -0.00409858702562295 0.971672046329304 0.000675235129129992
      vertex -0.0255700730227297 0.970547874939705 0.0549775405373953
   endloop
endfacet
facet normal 0.582851018686358 -0.78746071214394 0.200475227512112
   outer loop
      vertex 0.0630345136913042 0.953371090703656 -0.161296362794907
      vertex 0.0608961987841272 0.951601151644953 -0.162031807525545
      vertex 0.079869020145329 0.951600869072866 -0.217193489641503
   endloop
endfacet
facet normal 0.75572502790813 -0.60109376219892 0.259934551837197
   outer loop
      vertex -0.0681428955175962 0.955667986709058 0.22539678986056
      vertex -0.0697751358676081 0.953373071231517 0.224835362019488
      vertex -0.0508023144894544 0.953372787814347 0.169673759899064
   endloop
endfacet
facet normal -0.870114530352404 -0.391581765366658 -0.299273161345864
   outer loop
      vertex -0.0682492323285242 0.958126444433881 0.163672837030015
      vertex -0.0492764109715594 0.958126162073064 0.108511134915171
      vertex -0.0671859040875782 0.955484119264585 0.164038619918772
   endloop
endfacet
facet normal -0.568413439335752 -0.799177987024526 -0.19550116889146
   outer loop
      vertex 0.0125490972933908 0.951495684898518 -0.0552860491060303
      vertex 0.0103790290006609 0.953221718500988 -0.0560323979842593
      vertex 0.0293518503533866 0.953221436351442 -0.111194120097986
   endloop
endfacet
facet normal 0.938683442801768 -0.120973764828616 0.322860252172688
   outer loop
      vertex -0.104745078920488 0.961182576854044 0.33618218266179
      vertex -0.0861007539096509 0.958331808079056 0.280907532712907
      vertex -0.0857722555685669 0.96118219451871 0.281020479490383
   endloop
endfacet
facet normal 0.936308012093486 0.140058871829187 0.322041641579904
   outer loop
      vertex -0.0482070148492884 0.964024947431579 0.170566283969762
      vertex -0.0478267128135474 0.961181626745655 0.170697175255226
      vertex -0.0288538914565836 0.961181344384836 0.115535473140383
   endloop
endfacet
facet normal -0.568393116733999 -0.799194134328702 -0.195494246728661
   outer loop
      vertex -0.101287630909391 0.951497384109914 0.27568406358839
      vertex -0.103457799203405 0.953223416773666 0.274937614715852
      vertex -0.084484977846441 0.953223134412847 0.219775912601009
   endloop
endfacet
facet normal -0.353442954727615 -0.927524032261575 -0.121561701742951
   outer loop
      vertex 0.0340405336004346 0.950422120779361 -0.109581404148767
      vertex 0.0315219186630676 0.951495401903891 -0.110447691224222
      vertex 0.0504947400242694 0.951495119331803 -0.165609373340181
   endloop
endfacet
facet normal -0.936307781397543 -0.140063173244735 -0.322040441552029
   outer loop
      vertex -0.0686295323693092 0.960969665145289 0.163541944687988
      vertex -0.0496568109712534 0.960969379733052 0.108380342567673
      vertex -0.0682492323285242 0.958126444433881 0.163672837030015
   endloop
endfacet
facet normal 0.11440301004639 0.992655046162162 0.0393434952834859
   outer loop
      vertex 0.0202584135264018 0.971726623021938 -0.0526345249564584
      vertex 0.0392311349032695 0.971726338666052 -0.107796227071191
      vertex 0.0175628449566328 0.972074031657342 -0.0535616356918703
   endloop
endfacet
facet normal -0.132467464793398 0.990139384048926 -0.0455672132834956
   outer loop
      vertex 0.0907653198265499 0.971670629161823 -0.275133145452121
      vertex 0.112426851782545 0.972072616801835 -0.329370046271556
      vertex 0.109738141198346 0.971670346061559 -0.330294777570871
   endloop
endfacet
facet normal -0.325243775420332 4.6998939620654e-006 0.945630206015142
   outer loop
      vertex -0.109858991522137 0.951603599337542 0.334423280464098
      vertex -0.110032621099381 0.970655322636538 0.33436346693451
      vertex -0.112357658157234 0.95047924556164 0.333563884814083
   endloop
endfacet
facet normal 0.744655901566741 0.616351834768958 0.25612107300799
   outer loop
      vertex -0.0888896314484009 0.968929007611969 0.279948213692205
      vertex -0.0872159838092069 0.966667737347995 0.280523904254126
      vertex -0.0682431624310532 0.966667453930828 0.225362302133701
   endloop
endfacet
facet normal -0.353443308780051 -0.927523886700002 -0.121561782972824
   outer loop
      vertex -0.0987690159741418 0.95042410309102 0.276550340664403
      vertex -0.101287630909391 0.951497384109914 0.27568406358839
      vertex -0.082314809552426 0.951497101749097 0.220522361473547
   endloop
endfacet
facet normal -0.353442954727195 -0.927524032261751 -0.121561701742831
   outer loop
      vertex 0.0340405336004346 0.950422120779361 -0.109581404148767
      vertex 0.0504947400242694 0.951495119331803 -0.165609373340181
      vertex 0.0530133549616373 0.950421838207274 -0.164743086264726
   endloop
endfacet
facet normal -0.568412978170802 -0.799177987015488 -0.195502509745711
   outer loop
      vertex -0.0633420881755582 0.951496817393209 0.165360659358814
      vertex -0.0655121564682872 0.95322285099568 0.164614310480585
      vertex -0.0465393371062804 0.953222668609377 0.109452609422305
   endloop
endfacet
facet normal -0.936303750814872 -0.140091245648181 -0.322039949544684
   outer loop
      vertex -0.106575175083238 0.960970229866925 0.273865348917674
      vertex -0.0876023517313169 0.960969847531591 0.218703645746268
      vertex -0.106194773067401 0.95812691117607 0.273996240203027
   endloop
endfacet
facet normal -0.877086594473077 0.373779655638856 -0.301675114694796
   outer loop
      vertex -0.0293405282871086 0.966483021764717 0.0536807279622273
      vertex -0.0103677069301439 0.9664827394039 -0.00148097415261498
      vertex -0.0303554932681616 0.963819583786404 0.0533315882868693
   endloop
endfacet
facet normal 0.568393116733671 0.799194134328959 0.195494246728565
   outer loop
      vertex -0.107862452805366 0.968929289972787 0.335109915807048
      vertex -0.0888896314484009 0.968929007611969 0.279948213692205
      vertex -0.110032621099381 0.970655322636538 0.33436346693451
   endloop
endfacet
facet normal 0.870118272320268 0.391572303045537 0.299274662579387
   outer loop
      vertex 0.102512027860377 0.966665006977684 -0.271092855852033
      vertex 0.122548177445573 0.96402240008138 -0.325888835074768
      vertex 0.121484849225816 0.966664724194326 -0.326254517969108
   endloop
endfacet
facet normal 0.132467486668792 -0.990139384049494 0.0455671496776205
   outer loop
      vertex -0.0554391940651533 0.950478397422835 0.168078878463973
      vertex -0.0581279046493523 0.950076126682561 0.167154147164658
      vertex -0.0391550832923875 0.950075844321743 0.111992445049814
   endloop
endfacet
facet normal 0.936308012093485 0.140058871829186 0.322041641579909
   outer loop
      vertex -0.0671798362062522 0.964025229792396 0.225727986084605
      vertex -0.0478267128135474 0.961181626745655 0.170697175255226
      vertex -0.0482070148492884 0.964024947431579 0.170566283969762
   endloop
endfacet
facet normal -0.353431919201685 -0.927528726875021 -0.121557966875956
   outer loop
      vertex 0.0909589976882789 0.950421272851829 -0.275066430497761
      vertex 0.107413104140493 0.95149426898666 -0.331094359691298
      vertex 0.109931819055837 0.950420989962835 -0.330228082615394
   endloop
endfacet
facet normal -0.938682769558561 0.1209802657717 -0.32285977362886
   outer loop
      vertex -0.0113826718900079 0.963819300369235 -0.00183001383355398
      vertex 0.00759014946695591 0.963819018008418 -0.0569917159483983
      vertex -0.0117111682573239 0.960968815011416 -0.00194306166201198
   endloop
endfacet
facet normal -0.114402935231916 -0.99265504616299 -0.039343712807437
   outer loop
      vertex -0.0391550832923875 0.950075844321743 0.111992445049814
      vertex -0.0418506518621575 0.950423252957148 0.111065334314402
      vertex -0.0228778305051927 0.950422970596329 0.0559036321995593
   endloop
endfacet
facet normal -0.114407313543276 -0.992654480829619 -0.0393452449057005
   outer loop
      vertex 0.0936544662779528 0.950073862221354 -0.274139319762239
      vertex 0.0909589976882789 0.950421272851829 -0.275066430497761
      vertex 0.109931819055837 0.950420989962835 -0.330228082615394
   endloop
endfacet
facet normal 0.744640652213243 0.616372588057667 0.256115465683995
   outer loop
      vertex 0.0439199181304125 0.968927025089041 -0.106183511122082
      vertex 0.0455936657497044 0.966665756820135 -0.10560782056027
      vertex 0.0645664871109062 0.966665474248047 -0.160769502676229
   endloop
endfacet
facet normal -0.132466746252069 0.990139493424126 -0.0455669254965244
   outer loop
      vertex 0.0934540304192249 0.972072899479557 -0.274208374155039
      vertex 0.112426851782545 0.972072616801835 -0.329370046271556
      vertex 0.0907653198265499 0.971670629161823 -0.275133145452121
   endloop
endfacet
facet normal -0.877101059927023 0.37374169428116 -0.301680089881221
   outer loop
      vertex -0.0672861710222242 0.966483587542704 0.164004032197496
      vertex -0.0483133496652624 0.966483305181887 0.108842330082652
      vertex -0.0683010360019932 0.963820150503109 0.163654992516446
   endloop
endfacet
facet normal -0.114407321594441 -0.992654480829564 -0.0393452214960698
   outer loop
      vertex -0.0960735473844688 0.950076692460547 0.277477451399924
      vertex -0.0987690159741418 0.95042410309102 0.276550340664403
      vertex -0.079796194617178 0.950423820730202 0.221388638549559
   endloop
endfacet
facet normal 0.755725087330669 -0.601093762197995 0.259934379076167
   outer loop
      vertex 0.0267211113083167 0.95566657185355 -0.0504116207191254
      vertex 0.0250888709583057 0.953371656376008 -0.0509730485601984
      vertex 0.0440616923279825 0.95337137338138 -0.10613469067839
   endloop
endfacet
facet normal -0.936303105588234 -0.140095548180033 -0.322039953803815
   outer loop
      vertex -0.0306839896142886 0.960969097372234 0.0532186404528293
      vertex -0.0117111682573239 0.960968815011416 -0.00194306166201198
      vertex -0.0303035895934076 0.958125878655895 0.0533495327947473
   endloop
endfacet
facet normal -0.936309509216826 -0.140047812522218 -0.322042098424862
   outer loop
      vertex 0.00726165312082891 0.960968531594248 -0.0571046637824383
      vertex 0.0262344744756737 0.960968249339065 -0.112266375896723
      vertex 0.00764195513538091 0.958125211964675 -0.0569738724913933
   endloop
endfacet
facet normal -0.870111602102644 -0.39158912360831 -0.299272047070964
   outer loop
      vertex 0.0266147764987017 0.958124929286952 -0.11213554460791
      vertex 0.0276781027340967 0.955482704620347 -0.111769810659798
      vertex 0.00870528138136989 0.955482986769894 -0.0566080885460713
   endloop
endfacet
facet normal 0.877090358393708 -0.373769778499962 0.301676409241569
   outer loop
      vertex 0.00876325491121889 0.958330293249031 0.00509912107665794
      vertex 0.0077482899513539 0.955666854214368 0.00475008139571694
      vertex 0.0267211113083167 0.95566657185355 -0.0504116207191254
   endloop
endfacet
facet normal -0.938683767026416 0.120971296849083 -0.322860234249665
   outer loop
      vertex 0.0645085135704652 0.963818168297086 -0.222476762296166
      vertex 0.083481334931667 0.963817885724997 -0.277638444412126
      vertex 0.0641800172201002 0.960967682094186 -0.222589730129089
   endloop
endfacet
facet normal -0.938683896225413 0.120970175731765 -0.322860278681823
   outer loop
      vertex 0.083481334931667 0.963817885724997 -0.277638444412126
      vertex 0.102454156292869 0.963817603152909 -0.332800126528085
      vertex 0.083152838583421 0.960967399416463 -0.277751402245607
   endloop
endfacet
facet normal -0.755730716295668 0.601086347279883 -0.259935160301496
   outer loop
      vertex -0.0277082879582847 0.968777938298611 0.0542420558088813
      vertex -0.00873556656022789 0.968777652886373 -0.000919546311432989
      vertex -0.0293405282871086 0.966483021764717 0.0536807279622273
   endloop
endfacet
facet normal -0.877090774969207 0.37376977852218 -0.301675198064736
   outer loop
      vertex 0.00860511442681989 0.966482457043082 -0.0566426762674583
      vertex 0.0275778358121637 0.966482172264655 -0.111804338384424
      vertex 0.00759014946695591 0.963819018008418 -0.0569917159483983
   endloop
endfacet
facet normal 0.93630368124161 0.140091245651921 0.322040151821327
   outer loop
      vertex -0.0292342934724206 0.964024663075692 0.115404581855029
      vertex -0.0288538914565836 0.961181344384836 0.115535473140383
      vertex -0.00988107009961888 0.961181062024019 0.0603737710255393
   endloop
endfacet
facet normal -0.870111917046321 -0.391588177356957 -0.299272369536904
   outer loop
      vertex 0.0455875978620214 0.958124646609229 -0.167297216724427
      vertex 0.0466509240952994 0.955482422048259 -0.166931492775757
      vertex 0.0276781027340967 0.955482704620347 -0.111769810659798
   endloop
endfacet
facet normal 0.87709079201885 -0.373769778523283 0.301675148493216
   outer loop
      vertex 0.0277360762681817 0.958330010888214 -0.0500625810381864
      vertex 0.0267211113083167 0.95566657185355 -0.0504116207191254
      vertex 0.0456938326915414 0.955666287180759 -0.105573292835534
   endloop
endfacet
facet normal 0.877091586338201 -0.373767123800717 0.301676128224422
   outer loop
      vertex -0.105073573271659 0.958331990465358 0.336069233771187
      vertex -0.0871157168957489 0.955668270126227 0.280558391980985
      vertex -0.0861007539096509 0.958331808079056 0.280907532712907
   endloop
endfacet
facet normal 0.755730450258589 -0.601086347261403 0.259935933814265
   outer loop
      vertex -0.0491700741606314 0.95566770434824 0.170235087745718
      vertex -0.0508023144894544 0.953372787814347 0.169673759899064
      vertex -0.0318294931324906 0.95337250545353 0.114512057784221
   endloop
endfacet
facet normal 0.755725176463852 -0.601093762197152 0.259934119934943
   outer loop
      vertex -0.0112245314056109 0.955667136575185 0.0599117835105603
      vertex -0.0128567717556228 0.953372221097643 0.0593503556694883
      vertex 0.00611604960134192 0.953371938736826 0.00418865355464595
   endloop
endfacet
facet normal 0.582863018386887 -0.787450334613852 0.200481102135486
   outer loop
      vertex -0.0128567717556228 0.953372221097643 0.0593503556694883
      vertex -0.0149949866911788 0.951602284456549 0.0586148709409733
      vertex 0.00397783668193095 0.951601901064864 0.00345326776398596
   endloop
endfacet
facet normal 0.568398263834155 0.799190216667515 0.195495297266323
   outer loop
      vertex -0.0888896314484009 0.968929007611969 0.279948213692205
      vertex -0.0699169100503431 0.968928722199732 0.224786611571889
      vertex -0.0910597997212269 0.970655039219371 0.279201864814085
   endloop
endfacet
facet normal 0.582863895316698 -0.787450334596873 0.200478552667156
   outer loop
      vertex -0.107720678601441 0.95337363794822 0.335158766249065
      vertex -0.0908861721601279 0.95160341695124 0.279261579405817
      vertex -0.0887479572245719 0.953373353592333 0.279997064134332
   endloop
endfacet
facet normal -0.58286953596661 0.787445403759777 -0.20048152069373
   outer loop
      vertex -0.0635156177515162 0.970548541630925 0.165300945823536
      vertex -0.0445427963945535 0.970548259270107 0.110139243708692
      vertex -0.0656539306722122 0.968778503020246 0.164565460038568
   endloop
endfacet
facet normal 0.582863895316847 -0.787450334596752 0.200478552667201
   outer loop
      vertex -0.0318294931324906 0.95337250545353 0.114512057784221
      vertex -0.0149949866911788 0.951602284456549 0.0586148709409733
      vertex -0.0128567717556228 0.953372221097643 0.0593503556694883
   endloop
endfacet
facet normal -0.744628362994758 -0.616389153082485 -0.256111329280851
   outer loop
      vertex 0.084596466841844 0.955481854697744 -0.277254837008682
      vertex 0.103569288207284 0.955481571914387 -0.332416499125757
      vertex 0.0862702124661789 0.953220686403354 -0.276679145390307
   endloop
endfacet
facet normal 0.56839793810794 0.799190216655161 0.195496244356049
   outer loop
      vertex -0.110032621099381 0.970655322636538 0.33436346693451
      vertex -0.0888896314484009 0.968929007611969 0.279948213692205
      vertex -0.0910597997212269 0.970655039219371 0.279201864814085
   endloop
endfacet
facet normal 0.744656012972487 0.616351834764821 0.25612074911252
   outer loop
      vertex 0.0628927394937352 0.968926742411319 -0.161345183238599
      vertex 0.083539208494131 0.966665189575256 -0.215931174792636
      vertex 0.081865560854937 0.96892645983923 -0.216506865354558
   endloop
endfacet
facet normal -0.114407313542731 -0.992654480829688 -0.0393452449055426
   outer loop
      vertex 0.0936544662779528 0.950073862221354 -0.274139319762239
      vertex 0.109931819055837 0.950420989962835 -0.330228082615394
      vertex 0.11262728764551 0.950073579332362 -0.329300971879873
   endloop
endfacet
facet normal -0.114407948707286 -0.992654480818018 -0.0393433982327559
   outer loop
      vertex -0.115046270756293 0.950077076790949 0.332639154571222
      vertex -0.0987690159741418 0.95042410309102 0.276550340664403
      vertex -0.0960735473844688 0.950076692460547 0.277477451399924
   endloop
endfacet
facet normal 0.132467486669088 -0.99013938404945 0.0455671496777085
   outer loop
      vertex -0.0933848368002698 0.950478963200822 0.278402182699239
      vertex -0.0960735473844688 0.950076692460547 0.277477451399924
      vertex -0.0771007260275041 0.95007641009973 0.222315749285082
   endloop
endfacet
facet normal -0.353442948491765 -0.92752403226186 -0.121561719871626
   outer loop
      vertex 0.0530133549616373 0.950421838207274 -0.164743086264726
      vertex 0.0504947400242694 0.951495119331803 -0.165609373340181
      vertex 0.0694675613875911 0.95149483665408 -0.220771045456698
   endloop
endfacet
facet normal -0.568413899731492 -0.799177604230058 -0.195501395107919
   outer loop
      vertex -0.0443692667974055 0.951496533976041 0.110199057238389
      vertex -0.0275666157294127 0.953222384253491 0.0542909073075713
      vertex -0.0253964454404407 0.951496251615223 0.0550373551235463
   endloop
endfacet
facet normal 0.13246692276195 -0.990139466080365 0.0455670065296052
   outer loop
      vertex 0.0963431768685088 0.950476132644725 -0.273214558464599
      vertex 0.0936544662779528 0.950073862221354 -0.274139319762239
      vertex 0.11262728764551 0.950073579332362 -0.329300971879873
   endloop
endfacet
facet normal 0.744640693988548 0.616372588057216 0.256115344225806
   outer loop
      vertex 0.0249470967755677 0.968927307344224 -0.0510217990077974
      vertex 0.0455936657497044 0.966665756820135 -0.10560782056027
      vertex 0.0439199181304125 0.968927025089041 -0.106183511122082
   endloop
endfacet
facet normal -0.568413744207322 -0.799177987029453 -0.195500282464669
   outer loop
      vertex -0.00642362408347692 0.951495969254405 -0.000124346991296998
      vertex 0.0103790290006609 0.953221718500988 -0.0560323979842593
      vertex 0.0125490972933908 0.951495684898518 -0.0552860491060303
   endloop
endfacet
facet normal 0.877086423969057 -0.37377965564537 0.301675610407603
   outer loop
      vertex -0.0291823878027116 0.958330857970667 0.115422525306343
      vertex -0.0301973527837646 0.955667419992353 0.115073385630984
      vertex -0.0112245314056109 0.955667136575185 0.0599117835105603
   endloop
endfacet
facet normal 0.370252914091813 -0.920159780076404 0.127352890568943
   outer loop
      vertex 0.00397783668193095 0.951601901064864 0.00345326776398596
      vertex 0.00147917004683198 0.950477547288963 0.00259387211397197
      vertex 0.0204519914037977 0.950477264928145 -0.0525678300008713
   endloop
endfacet
facet normal -0.870109500488857 -0.391593854857363 -0.29927196660727
   outer loop
      vertex -0.125167594445553 0.958127194593238 0.329157842323452
      vertex -0.106194773067401 0.95812691117607 0.273996240203027
      vertex -0.124104268199562 0.955484969398457 0.329523626268773
   endloop
endfacet
facet normal 0.370281371763636 -0.920146967165696 0.127362728223805
   outer loop
      vertex 0.079869020145329 0.951600869072866 -0.217193489641503
      vertex 0.0773703555073051 0.950476415216813 -0.218052876348639
      vertex 0.0963431768685088 0.950476132644725 -0.273214558464599
   endloop
endfacet
facet normal -0.744640652213406 -0.616372588057441 -0.256115465684065
   outer loop
      vertex 0.0276781027340967 0.955482704620347 -0.111769810659798
      vertex 0.0466509240952994 0.955482422048259 -0.166931492775757
      vertex 0.0293518503533866 0.953221436351442 -0.111194120097986
   endloop
endfacet
facet normal 0.938682588726818 -0.120980265782914 0.322860299374536
   outer loop
      vertex -0.0478267128135474 0.961181626745655 0.170697175255226
      vertex -0.0481552091808634 0.958331141387837 0.170584127426768
      vertex -0.0291823878027116 0.958330857970667 0.115422525306343
   endloop
endfacet
facet normal -0.755739895226003 0.601073067314478 -0.259939182334937
   outer loop
      vertex 0.0102372547967359 0.968777370525555 -0.0560812484262763
      vertex 0.0292100761536996 0.968777088164738 -0.11124295054112
      vertex 0.00860511442681989 0.966482457043082 -0.0566426762674583
   endloop
endfacet
facet normal -0.74464068006341 -0.61637258805742 -0.256115384711854
   outer loop
      vertex -0.0671859040875782 0.955484119264585 0.164038619918772
      vertex -0.0482130827306144 0.955483836903768 0.10887691780393
      vertex -0.0655121564682872 0.95322285099568 0.164614310480585
   endloop
endfacet
facet normal 0.755741432803082 -0.601070842720678 0.259939856074051
   outer loop
      vertex 0.0456938326915414 0.955666287180759 -0.105573292835534
      vertex 0.0440616923279825 0.95337137338138 -0.10613469067839
      vertex 0.0630345136913042 0.953371090703656 -0.161296362794907
   endloop
endfacet
facet normal -0.936309387393371 -0.140052236238969 -0.322040528821318
   outer loop
      vertex 0.0262344744756737 0.960968249339065 -0.112266375896723
      vertex 0.0452071958567794 0.960967964771908 -0.167428058012572
      vertex 0.0266147764987017 0.958124929286952 -0.11213554460791
   endloop
endfacet
facet normal 0.755745583643067 -0.60106565196561 0.259939790780783
   outer loop
      vertex -0.106088538252713 0.955668552487045 0.335720094095829
      vertex -0.107720678601441 0.95337363794822 0.335158766249065
      vertex -0.0887479572245719 0.953373353592333 0.279997064134332
   endloop
endfacet
facet normal -0.114402835998879 -0.992655058329796 -0.0393436943827432
   outer loop
      vertex 0.0746817448968461 0.950074146788511 -0.218977637646389
      vertex 0.0719861763249581 0.950421555529551 -0.219904758381243
      vertex 0.0909589976882789 0.950421272851829 -0.275066430497761
   endloop
endfacet
facet normal 0.87709035839368 -0.373769778500009 0.30167640924159
   outer loop
      vertex -0.0671279305577302 0.958331425743723 0.225745829541501
      vertex -0.0681428955175962 0.955667986709058 0.22539678986056
      vertex -0.0491700741606314 0.95566770434824 0.170235087745718
   endloop
endfacet
facet normal 0.568398263833779 0.799190216667823 0.195495297266159
   outer loop
      vertex 0.00597437537751293 0.968927592756461 0.00413980311251895
      vertex 0.0249470967755677 0.968927307344224 -0.0510217990077974
      vertex 0.00380420710468595 0.970653624363862 0.00339345423439896
   endloop
endfacet
facet normal 0.877089195124822 -0.37377274165344 0.301676120023051
   outer loop
      vertex 0.084654440382287 0.958329160648707 -0.215547577388744
      vertex 0.083639475416064 0.955665721930947 -0.21589664706801
      vertex 0.102612296777266 0.955665439358859 -0.27105832918397
   endloop
endfacet
facet normal -0.568393630248158 -0.799193350807334 -0.195495956783423
   outer loop
      vertex 0.0694675613875911 0.95149483665408 -0.220771045456698
      vertex 0.0672973930978132 0.953220869106563 -0.221517474330352
      vertex 0.0862702124661789 0.953220686403354 -0.276679145390307
   endloop
endfacet
facet normal -0.870114464490447 -0.391581765370088 -0.299273352830065
   outer loop
      vertex 0.102505959966338 0.958123897083683 -0.332782282014515
      vertex 0.103569288207284 0.955481571914387 -0.332416499125757
      vertex 0.084596466841844 0.955481854697744 -0.277254837008682
   endloop
endfacet
facet normal 0.870109665142944 0.391593854848886 0.299271487899238
   outer loop
      vertex -0.0872159838092069 0.966667737347995 0.280523904254126
      vertex -0.0861526575632159 0.964025512153214 0.280889688199448
      vertex -0.0671798362062522 0.964025229792396 0.225727986084605
   endloop
endfacet
facet normal -0.582869501021303 0.78744540375965 -0.200481622292366
   outer loop
      vertex 0.0861284402593289 0.96877623834777 -0.276727986889446
      vertex 0.107239574543345 0.970545994280726 -0.331154173220994
      vertex 0.10510126162265 0.968775955670047 -0.331889659005962
   endloop
endfacet
facet normal -0.870125281158885 -0.391556265536031 -0.299275267951843
   outer loop
      vertex -0.106194773067401 0.95812691117607 0.273996240203027
      vertex -0.105131546822696 0.955484685042571 0.27436192415404
      vertex -0.124104268199562 0.955484969398457 0.329523626268773
   endloop
endfacet
facet normal 0.938684061589177 -0.120969054615161 0.322860217964307
   outer loop
      vertex 0.00909175125734489 0.961180779663201 0.00521206891069794
      vertex 0.00876325491121889 0.958330293249031 0.00509912107665794
      vertex 0.0277360762681817 0.958330010888214 -0.0500625810381864
   endloop
endfacet
facet normal 0.744641102023384 0.616372588052159 0.25611415789699
   outer loop
      vertex -0.107862452805366 0.968929289972787 0.335109915807048
      vertex -0.106188705186075 0.966668021703881 0.335685606368861
      vertex -0.0872159838092069 0.966667737347995 0.280523904254126
   endloop
endfacet
facet normal 0.582848758599325 -0.787462505744596 0.200474753137818
   outer loop
      vertex -0.0697751358676081 0.953373071231517 0.224835362019488
      vertex -0.0529406294051073 0.951602849178185 0.16893827517066
      vertex -0.0508023144894544 0.953372787814347 0.169673759899064
   endloop
endfacet
facet normal 0.870110154554256 0.391593854822807 0.29927006500247
   outer loop
      vertex -0.106188705186075 0.966668021703881 0.335685606368861
      vertex -0.0861526575632159 0.964025512153214 0.280889688199448
      vertex -0.0872159838092069 0.966667737347995 0.280523904254126
   endloop
endfacet
facet normal 0.132435149478484 -0.990144222995504 0.0455559968746258
   outer loop
      vertex 0.0204519914037977 0.950477264928145 -0.0525678300008713
      vertex 0.0177632788246418 0.950075094162386 -0.0534925602436233
      vertex 0.0367361001752485 0.950074812118474 -0.108654292356792
   endloop
endfacet
facet normal 0.936304585251128 0.140084488663861 0.322040462789226
   outer loop
      vertex -0.0102614700993119 0.964024279684008 0.0602429786780413
      vertex -0.00988107009961888 0.961181062024019 0.0603737710255393
      vertex 0.00909175125734489 0.961180779663201 0.00521206891069794
   endloop
endfacet
facet normal -0.582870561164148 0.787444506918596 -0.200482062668761
   outer loop
      vertex 0.0882667531757859 0.970546277169719 -0.275992521103361
      vertex 0.107239574543345 0.970545994280726 -0.331154173220994
      vertex 0.0861284402593289 0.96877623834777 -0.276727986889446
   endloop
endfacet
facet normal 0.938683968557289 -0.12097017573346 0.322860068383431
   outer loop
      vertex 0.0280644706604447 0.961180594225481 -0.0499495321530554
      vertex 0.0467087956649254 0.958329825767398 -0.105224212100263
      vertex 0.0470372920131704 0.961180312075933 -0.105111254266782
   endloop
endfacet
facet normal 0.938688312065683 -0.12093669552904 0.322859982756913
   outer loop
      vertex -0.0667995341917002 0.961181910162823 0.22585877737565
      vertex -0.0671279305577302 0.958331425743723 0.225745829541501
      vertex -0.0481552091808634 0.958331141387837 0.170584127426768
   endloop
endfacet
facet normal -0.568429528155953 -0.799165374290767 -0.195505948899513
   outer loop
      vertex 0.0884403827487929 0.951494554081992 -0.275932727572658
      vertex 0.105243033831619 0.953220403619996 -0.331840807507383
      vertex 0.107413104140493 0.95149426898666 -0.331094359691298
   endloop
endfacet
facet normal -0.56839804245725 -0.799190216659316 -0.195495940947125
   outer loop
      vertex -0.120260452287543 0.951497667527082 0.330845665708815
      vertex -0.12243062056037 0.953223699134484 0.330099316830696
      vertex -0.103457799203405 0.953223416773666 0.274937614715852
   endloop
endfacet
facet normal -0.744640553332062 -0.616373272907011 -0.256114104998572
   outer loop
      vertex 0.0466509240952994 0.955482422048259 -0.166931492775757
      vertex 0.0656236454785232 0.955482137375467 -0.222093164892164
      vertex 0.0483246717167084 0.953221153673718 -0.166355792214503
   endloop
endfacet
facet normal 0.870129701774544 0.391544176846756 0.299278231194885
   outer loop
      vertex -0.0302975217120816 0.966666989183707 0.11503889896058
      vertex -0.0292342934724206 0.964024663075692 0.115404581855029
      vertex -0.0102614700993119 0.964024279684008 0.0602429786780413
   endloop
endfacet
facet normal -0.582850921210546 0.787461160553903 -0.200473749561179
   outer loop
      vertex 0.0313483910629946 0.970547027117806 -0.11050749581104
      vertex 0.0503212104292414 0.970546844520233 -0.165669176870436
      vertex 0.0292100761536996 0.968777088164738 -0.11124295054112
   endloop
endfacet
facet normal -0.114370556345966 -0.992659218613729 -0.0393325760953256
   outer loop
      vertex -0.115046270756293 0.950077076790949 0.332639154571222
      vertex -0.117741837331107 0.950424385451838 0.331712042779247
      vertex -0.0987690159741418 0.95042410309102 0.276550340664403
   endloop
endfacet
facet normal 0.936305684311721 0.140080186527498 0.322039138720718
   outer loop
      vertex -0.0861526575632159 0.964025512153214 0.280889688199448
      vertex -0.0857722555685669 0.96118219451871 0.281020479490383
      vertex -0.0667995341917002 0.961181910162823 0.22585877737565
   endloop
endfacet
facet normal 0.744623349329739 0.616396001548259 0.256109423700652
   outer loop
      vertex -0.0509440887145704 0.968928440895265 0.169624809462629
      vertex -0.0492703430690464 0.966667271544524 0.170200601075422
      vertex -0.0302975217120816 0.966666989183707 0.11503889896058
   endloop
endfacet
facet normal 0.938684061589098 -0.120969054615743 0.322860217964319
   outer loop
      vertex -0.0288538914565836 0.961181344384836 0.115535473140383
      vertex -0.0102095664457469 0.95833057560985 0.0602608231915003
      vertex -0.00988107009961888 0.961181062024019 0.0603737710255393
   endloop
endfacet
facet normal -0.744640680063489 -0.616372588057316 -0.256115384711874
   outer loop
      vertex -0.105131546822696 0.955484685042571 0.27436192415404
      vertex -0.103457799203405 0.953223416773666 0.274937614715852
      vertex -0.12243062056037 0.953223699134484 0.330099316830696
   endloop
endfacet
facet normal 0.582863778830617 -0.787450334599464 0.200478891323963
   outer loop
      vertex -0.0887479572245719 0.953373353592333 0.279997064134332
      vertex -0.0908861721601279 0.95160341695124 0.279261579405817
      vertex -0.0719134507620711 0.951603131539002 0.224099977285502
   endloop
endfacet
facet normal 0.582875397403557 -0.787440919537335 0.200482092317099
   outer loop
      vertex 0.0250888709583057 0.953371656376008 -0.0509730485601984
      vertex 0.0229505580587977 0.951601616708978 -0.0517084343507484
      vertex 0.0419233774208065 0.951601434322676 -0.106870135409028
   endloop
endfacet
facet normal 0.353439892990927 0.927525342294803 0.121560608107521
   outer loop
      vertex -0.0910597997212269 0.970655039219371 0.279201864814085
      vertex -0.0720869783642621 0.970654756858552 0.224040162699242
      vertex -0.0935784146776639 0.971728321294616 0.278335487743654
   endloop
endfacet
facet normal -0.114407393193997 -0.992654480828363 -0.0393450133298519
   outer loop
      vertex 0.0746817448968461 0.950074146788511 -0.218977637646389
      vertex 0.0909589976882789 0.950421272851829 -0.275066430497761
      vertex 0.0936544662779528 0.950073862221354 -0.274139319762239
   endloop
endfacet
facet normal 0.755725176463885 -0.60109376219711 0.259934119934945
   outer loop
      vertex 0.0077482899513539 0.955666854214368 0.00475008139571694
      vertex 0.00611604960134192 0.953371938736826 0.00418865355464595
      vertex 0.0250888709583057 0.953371656376008 -0.0509730485601984
   endloop
endfacet
facet normal 0.132466932137617 -0.990139466080528 0.0455669792702534
   outer loop
      vertex 0.0773703555073051 0.950476415216813 -0.218052876348639
      vertex 0.0936544662779528 0.950073862221354 -0.274139319762239
      vertex 0.0963431768685088 0.950476132644725 -0.273214558464599
   endloop
endfacet
facet normal -0.353443308780057 -0.927523886700002 -0.121561782972806
   outer loop
      vertex -0.117741837331107 0.950424385451838 0.331712042779247
      vertex -0.101287630909391 0.951497384109914 0.27568406358839
      vertex -0.0987690159741418 0.95042410309102 0.276550340664403
   endloop
endfacet
facet normal -0.114402835998889 -0.992655058329796 -0.0393436943827108
   outer loop
      vertex 0.0557089235335253 0.950074429466235 -0.163815965529872
      vertex 0.0719861763249581 0.950421555529551 -0.219904758381243
      vertex 0.0746817448968461 0.950074146788511 -0.218977637646389
   endloop
endfacet
facet normal -0.568429601211676 -0.79916537428759 -0.195505736504361
   outer loop
      vertex -0.0443692667974055 0.951496533976041 0.110199057238389
      vertex -0.0465393371062804 0.953222668609377 0.109452609422305
      vertex -0.0275666157294127 0.953222384253491 0.0542909073075713
   endloop
endfacet
facet normal 0.938684680312633 -0.12096434472451 0.322860183751018
   outer loop
      vertex -0.104745078920488 0.961182576854044 0.33618218266179
      vertex -0.105073573271659 0.958331990465358 0.336069233771187
      vertex -0.0861007539096509 0.958331808079056 0.280907532712907
   endloop
endfacet
facet normal -0.353443516126508 -0.927523886697002 -0.121561180130084
   outer loop
      vertex -0.00390500914822895 0.950422688235511 0.000741930084716991
      vertex -0.00642362408347692 0.951495969254405 -0.000124346991296998
      vertex 0.0125490972933908 0.951495684898518 -0.0552860491060303
   endloop
endfacet
facet normal 0.568413899731841 0.799177604229777 0.195501395108049
   outer loop
      vertex -0.0341414356304306 0.970654190141848 0.113716758469666
      vertex -0.0129984439844968 0.968927775142763 0.0593015041707983
      vertex -0.0151686142734668 0.970653907781031 0.0585550563548243
   endloop
endfacet
facet normal 0.132470603333661 -0.99013891633944 0.0455682521343019
   outer loop
      vertex 0.0583975341439843 0.950476697894536 -0.162891204232122
      vertex 0.0746817448968461 0.950074146788511 -0.218977637646389
      vertex 0.0773703555073051 0.950476415216813 -0.218052876348639
   endloop
endfacet
facet normal 0.938684061589083 -0.120969054615856 0.32286021796432
   outer loop
      vertex -0.0288538914565836 0.961181344384836 0.115535473140383
      vertex -0.0291823878027116 0.958330857970667 0.115422525306343
      vertex -0.0102095664457469 0.95833057560985 0.0602608231915003
   endloop
endfacet
facet normal 0.568413314109653 0.799177987022227 0.195501532991389
   outer loop
      vertex -0.0509440887145704 0.968928440895265 0.169624809462629
      vertex -0.0319712673364166 0.968928157478096 0.114463207342204
      vertex -0.0531141570072993 0.970654474497735 0.168878460584399
   endloop
endfacet
facet normal -0.114403388279273 -0.992655058321542 -0.0393420886440676
   outer loop
      vertex 0.0367361001752485 0.950074812118474 -0.108654292356792
      vertex 0.0530133549616373 0.950421838207274 -0.164743086264726
      vertex 0.0557089235335253 0.950074429466235 -0.163815965529872
   endloop
endfacet
facet normal 0.568393442481811 0.799194134320947 0.195493299656709
   outer loop
      vertex -0.0531141570072993 0.970654474497735 0.168878460584399
      vertex -0.0319712673364166 0.968928157478096 0.114463207342204
      vertex -0.0341414356304306 0.970654190141848 0.113716758469666
   endloop
endfacet
facet normal -0.93868440268877 0.120969054628593 -0.322859226244336
   outer loop
      vertex -0.0493283146251264 0.963819866147222 0.108493290401713
      vertex -0.0496568109712534 0.960969379733052 0.108380342567673
      vertex -0.0686295323693092 0.960969665145289 0.163541944687988
   endloop
endfacet
facet normal 0.870113407328372 0.391584392333173 0.299272989206294
   outer loop
      vertex 0.0266208443948597 0.966666039075317 -0.0504461084459844
      vertex 0.0276841706196607 0.964023814936888 -0.0500804244950814
      vertex 0.0466569919850994 0.96402353215353 -0.105242086612158
   endloop
endfacet
facet normal 0.582848805192002 -0.787462505744491 0.200474617677309
   outer loop
      vertex 0.10098005643573 0.953370523458777 -0.271619717027275
      vertex 0.117814562889755 0.951600301827986 -0.32751684387387
      vertex 0.119952877805408 0.953370240464149 -0.326781359145466
   endloop
endfacet
facet normal 0.870113473187887 0.39158439233558 0.299272797721554
   outer loop
      vertex -0.0682431624310532 0.966667453930828 0.225362302133701
      vertex -0.0671798362062522 0.964025229792396 0.225727986084605
      vertex -0.0482070148492884 0.964024947431579 0.170566283969762
   endloop
endfacet
facet normal -0.870130145498434 -0.391544176851289 -0.29927694109089
   outer loop
      vertex -0.0303035895934076 0.958125878655895 0.0533495327947473
      vertex -0.0292403613537456 0.95548355254788 0.0537152156891973
      vertex -0.0482130827306144 0.955483836903768 0.10887691780393
   endloop
endfacet
facet normal 0.353414465471832 0.927536172079415 0.121551902821493
   outer loop
      vertex 0.0771767776277921 0.971725773416241 -0.218119581303667
      vertex 0.0986682119335248 0.970652309588505 -0.272414965288167
      vertex 0.0961495989889948 0.971725490844153 -0.273281263419627
   endloop
endfacet
facet normal -0.936303036012551 -0.140095548183606 -0.322040156087427
   outer loop
      vertex -0.0876023517313169 0.960969847531591 0.218703645746268
      vertex -0.0686295323693092 0.960969665145289 0.163541944687988
      vertex -0.0872219517104359 0.958126628815252 0.218834538088184
   endloop
endfacet
facet normal -0.114374056664969 -0.992658775171835 -0.0393335891618237
   outer loop
      vertex -0.00120944257341499 0.950075379574623 0.00166904187669198
      vertex 0.0150678122087358 0.950422405874694 -0.0544197720301263
      vertex 0.0177632788246418 0.950075094162386 -0.0534925602436233
   endloop
endfacet
facet normal 0.353442948491934 0.927524032261789 0.121561719871678
   outer loop
      vertex 0.0392311349032695 0.971726338666052 -0.107796227071191
      vertex 0.0607225712039573 0.9706527748638 -0.162091612112253
      vertex 0.0582039562665903 0.971726055988329 -0.162957899187708
   endloop
endfacet
facet normal 0.132435140104922 -0.990144222995301 0.0455560241287776
   outer loop
      vertex 0.00147917004683198 0.950477547288963 0.00259387211397197
      vertex 0.0177632788246418 0.950075094162386 -0.0534925602436233
      vertex 0.0204519914037977 0.950477264928145 -0.0525678300008713
   endloop
endfacet
facet normal 0.353443174545918 0.927524032257849 0.121561062643614
   outer loop
      vertex 0.0202584135264018 0.971726623021938 -0.0526345249564584
      vertex 0.0417497498406365 0.970653057541524 -0.106929939995736
      vertex 0.0392311349032695 0.971726338666052 -0.107796227071191
   endloop
endfacet
facet normal -0.114370004066562 -0.992659218618671 -0.0393341818420499
   outer loop
      vertex -0.0201822619354237 0.950075561960925 0.0568307429349713
      vertex -0.00390500914822895 0.950422688235511 0.000741930084716991
      vertex -0.00120944257341499 0.950075379574623 0.00166904187669198
   endloop
endfacet
facet normal 0.353443822588106 0.927523886692084 0.121560289115804
   outer loop
      vertex 0.00128559017448198 0.971727005357272 0.00252717821494897
      vertex 0.0227770284616507 0.970653342003045 -0.0517682478804444
      vertex 0.0202584135264018 0.971726623021938 -0.0526345249564584
   endloop
endfacet
facet normal 0.132436954837748 -0.99014394687439 0.0455567498984372
   outer loop
      vertex -0.0174936513313208 0.950477830706132 0.0577554742343963
      vertex -0.00120944257341499 0.950075379574623 0.00166904187669198
      vertex 0.00147917004683198 0.950477547288963 0.00259387211397197
   endloop
endfacet
facet normal 0.744656040823918 0.616351834763691 0.256120668138826
   outer loop
      vertex -0.107862452805366 0.968929289972787 0.335109915807048
      vertex -0.0872159838092069 0.966667737347995 0.280523904254126
      vertex -0.0888896314484009 0.968929007611969 0.279948213692205
   endloop
endfacet
facet normal 0.353470941571054 0.927511891772879 0.121572957867969
   outer loop
      vertex -0.0366600505656796 0.971727471160742 0.112850481393653
      vertex -0.0151686142734668 0.970653907781031 0.0585550563548243
      vertex -0.0176872312036708 0.971727288774441 0.0576887803353733
   endloop
endfacet
facet normal -0.87012479175151 -0.391556265532405 -0.299276690876031
   outer loop
      vertex -0.0113307662414869 0.958125496320561 -0.00181217037665998
      vertex -0.0102675399967819 0.955483270187063 -0.00144648642564598
      vertex -0.0292403613537456 0.95548355254788 0.0537152156891973
   endloop
endfacet
facet normal -0.353442954727304 -0.927524032261707 -0.121561701742847
   outer loop
      vertex 0.0719861763249581 0.950421555529551 -0.219904758381243
      vertex 0.0694675613875911 0.95149483665408 -0.220771045456698
      vertex 0.0884403827487929 0.951494554081992 -0.275932727572658
   endloop
endfacet
facet normal 0.353443308780063 0.9275238867 0.121561782972805
   outer loop
      vertex -0.0556328719226443 0.97172775352156 0.168012183508497
      vertex -0.0341414356304306 0.970654190141848 0.113716758469666
      vertex -0.0366600505656796 0.971727471160742 0.112850481393653
   endloop
endfacet
facet normal -0.114402935231912 -0.99265504616299 -0.0393437128074534
   outer loop
      vertex -0.0581279046493523 0.950076126682561 0.167154147164658
      vertex -0.0418506518621575 0.950423252957148 0.111065334314402
      vertex -0.0391550832923875 0.950075844321743 0.111992445049814
   endloop
endfacet
facet normal 0.870116190983605 0.391577034224941 0.29927452356621
   outer loop
      vertex 0.083539208494131 0.966665189575256 -0.215931174792636
      vertex 0.103575356090729 0.964022682336562 -0.270727122960484
      vertex 0.102512027860377 0.966665006977684 -0.271092855852033
   endloop
endfacet
facet normal 0.353428534793758 0.927530182327497 0.121556701440343
   outer loop
      vertex -0.0720869783642621 0.970654756858552 0.224040162699242
      vertex -0.0531141570072993 0.970654474497735 0.168878460584399
      vertex -0.0746056933007961 0.971728036938728 0.22317378562892
   endloop
endfacet
facet normal 0.370280948533277 -0.920147154187454 0.127362607518953
   outer loop
      vertex 0.0608961987841272 0.951601151644953 -0.162031807525545
      vertex 0.0583975341439843 0.950476697894536 -0.162891204232122
      vertex 0.0773703555073051 0.950476415216813 -0.218052876348639
   endloop
endfacet
facet normal -0.353443308780171 -0.927523886699955 -0.121561782972831
   outer loop
      vertex -0.0418506518621575 0.950423252957148 0.111065334314402
      vertex -0.0253964454404407 0.951496251615223 0.0550373551235463
      vertex -0.0228778305051927 0.950422970596329 0.0559036321995593
   endloop
endfacet
facet normal -0.877088818733768 0.373773729369272 -0.301675990568673
   outer loop
      vertex 0.0465506571754844 0.966481889586932 -0.166966010500942
      vertex 0.0655234785366862 0.966481607014845 -0.2221276926169
      vertex 0.0455356922071434 0.963818450974808 -0.167315090179649
   endloop
endfacet
facet normal -0.582874836709961 0.787440919503037 -0.200483722587517
   outer loop
      vertex -0.103599573407331 0.968779068798232 0.274888764273835
      vertex -0.08248843912967 0.970548825048093 0.220462547943959
      vertex -0.084626752029177 0.968778785381064 0.21972716215341
   endloop
endfacet
facet normal -0.582869535966662 0.787445403759733 -0.200481520693751
   outer loop
      vertex -0.0656539306722122 0.968778503020246 0.164565460038568
      vertex -0.0445427963945535 0.970548259270107 0.110139243708692
      vertex -0.0466811093152494 0.968778220659428 0.109403757923724
   endloop
endfacet
facet normal 0.370280948533277 -0.920147154187454 0.127362607518953
   outer loop
      vertex 0.0419233774208065 0.951601434322676 -0.106870135409028
      vertex 0.0583975341439843 0.950476697894536 -0.162891204232122
      vertex 0.0608961987841272 0.951601151644953 -0.162031807525545
   endloop
endfacet
facet normal -0.938683748943417 0.120971296848746 -0.322860286824292
   outer loop
      vertex 0.0645085135704652 0.963818168297086 -0.222476762296166
      vertex 0.0641800172201002 0.960967682094186 -0.222589730129089
      vertex 0.0452071958567794 0.960967964771908 -0.167428058012572
   endloop
endfacet
facet normal 0.870129656089037 0.391544176846286 0.29927836402276
   outer loop
      vertex -0.0492703430690464 0.966667271544524 0.170200601075422
      vertex -0.0292342934724206 0.964024663075692 0.115404581855029
      vertex -0.0302975217120816 0.966666989183707 0.11503889896058
   endloop
endfacet
facet normal 0.93868406158909 -0.120969054615742 0.322860217964344
   outer loop
      vertex -0.00988107009961888 0.961181062024019 0.0603737710255393
      vertex -0.0102095664457469 0.95833057560985 0.0602608231915003
      vertex 0.00876325491121889 0.958330293249031 0.00509912107665794
   endloop
endfacet
facet normal 0.568413459416255 0.799177604238466 0.195502675270984
   outer loop
      vertex -0.0129984439844968 0.968927775142763 0.0593015041707983
      vertex 0.00597437537751293 0.968927592756461 0.00413980311251895
      vertex -0.0151686142734668 0.970653907781031 0.0585550563548243
   endloop
endfacet
facet normal 0.877090142068959 -0.373769778487965 0.301677038195668
   outer loop
      vertex -0.0861007539096509 0.958331808079056 0.280907532712907
      vertex -0.0681428955175962 0.955667986709058 0.22539678986056
      vertex -0.0671279305577302 0.958331425743723 0.225745829541501
   endloop
endfacet
facet normal 0.877090358393691 -0.373769778499962 0.301676409241617
   outer loop
      vertex -0.0102095664457469 0.95833057560985 0.0602608231915003
      vertex 0.0077482899513539 0.955666854214368 0.00475008139571694
      vertex 0.00876325491121889 0.958330293249031 0.00509912107665794
   endloop
endfacet
facet normal -0.755730864842598 0.601086347290035 -0.259934728394999
   outer loop
      vertex -0.122572294784198 0.968779353154119 0.330050466388569
      vertex -0.103599573407331 0.968779068798232 0.274888764273835
      vertex -0.124204535113021 0.966484436620226 0.329489138541914
   endloop
endfacet
facet normal 0.744628755510412 0.616389153077637 0.256110188073901
   outer loop
      vertex -0.0319712673364166 0.968928157478096 0.114463207342204
      vertex -0.0302975217120816 0.966666989183707 0.11503889896058
      vertex -0.0113246983601619 0.966666606848372 0.0598771957891733
   endloop
endfacet
facet normal -0.353443308780513 -0.927523886699809 -0.121561782972956
   outer loop
      vertex -0.0987690159741418 0.95042410309102 0.276550340664403
      vertex -0.082314809552426 0.951497101749097 0.220522361473547
      vertex -0.079796194617178 0.950423820730202 0.221388638549559
   endloop
endfacet
facet normal 0.877090358393936 -0.373769778499342 0.301676409241672
   outer loop
      vertex -0.0291823878027116 0.958330857970667 0.115422525306343
      vertex -0.0112245314056109 0.955667136575185 0.0599117835105603
      vertex -0.0102095664457469 0.95833057560985 0.0602608231915003
   endloop
endfacet
facet normal 0.35342874214405 0.927530182319384 0.121556098625469
   outer loop
      vertex -0.0935784146776639 0.971728321294616 0.278335487743654
      vertex -0.0720869783642621 0.970654756858552 0.224040162699242
      vertex -0.0746056933007961 0.971728036938728 0.22317378562892
   endloop
endfacet
facet normal 0.870110154554448 0.391593854822317 0.299270065002553
   outer loop
      vertex -0.0113246983601619 0.966666606848372 0.0598771957891733
      vertex 0.00871134926269589 0.964024097297705 0.00508127761976094
      vertex 0.00764802301670591 0.966666322492487 0.00471549367443994
   endloop
endfacet
facet normal 0.744643752200561 0.616368399882495 0.256116531943885
   outer loop
      vertex 0.081865560854937 0.96892645983923 -0.216506865354558
      vertex 0.102512027860377 0.966665006977684 -0.271092855852033
      vertex 0.100838382216139 0.968926177267142 -0.271668547470518
   endloop
endfacet
facet normal 0.938683277427938 -0.120974885982611 0.322860312888779
   outer loop
      vertex 0.0660101153693292 0.961179929529329 -0.160272937439304
      vertex 0.0656816170261282 0.958329543195311 -0.160385894216222
      vertex 0.084654440382287 0.958329160648707 -0.215547577388744
   endloop
endfacet
facet normal -0.582885841861625 0.787431886629208 -0.200487204770856
   outer loop
      vertex 0.0481828975170194 0.968776805487015 -0.166404622657637
      vertex 0.0692939318124651 0.970546559847443 -0.220830848986843
      vertex 0.0671557188782232 0.968776522914928 -0.221566304773595
   endloop
endfacet
facet normal -0.936303105588265 -0.140095548179817 -0.32203995380382
   outer loop
      vertex -0.0876023517313169 0.960969847531591 0.218703645746268
      vertex -0.0872219517104359 0.958126628815252 0.218834538088184
      vertex -0.106194773067401 0.95812691117607 0.273996240203027
   endloop
endfacet
facet normal -0.938684061589127 0.120969054615486 -0.322860217964331
   outer loop
      vertex -0.0493283146251264 0.963819866147222 0.108493290401713
      vertex -0.0303554932681616 0.963819583786404 0.0533315882868693
      vertex -0.0496568109712534 0.960969379733052 0.108380342567673
   endloop
endfacet
facet normal -0.582869535966609 0.787445403759771 -0.200481520693758
   outer loop
      vertex -0.084626752029177 0.968778785381064 0.21972716215341
      vertex -0.0635156177515162 0.970548541630925 0.165300945823536
      vertex -0.0656539306722122 0.968778503020246 0.164565460038568
   endloop
endfacet
facet normal 0.938683748943438 -0.120971296848513 0.32286028682432
   outer loop
      vertex 0.0660101153693292 0.961179929529329 -0.160272937439304
      vertex 0.084654440382287 0.958329160648707 -0.215547577388744
      vertex 0.084982936732651 0.961179646851605 -0.215434609555821
   endloop
endfacet
facet normal -0.11440732159402 -0.992654480829617 -0.0393452214959481
   outer loop
      vertex -0.0960735473844688 0.950076692460547 0.277477451399924
      vertex -0.079796194617178 0.950423820730202 0.221388638549559
      vertex -0.0771007260275041 0.95007641009973 0.222315749285082
   endloop
endfacet
facet normal -0.755741975040554 0.601070101186065 -0.259939994271711
   outer loop
      vertex 0.0861284402593289 0.96877623834777 -0.276727986889446
      vertex 0.084496299897888 0.966481324442756 -0.27728937473286
      vertex 0.0655234785366862 0.966481607014845 -0.2221276926169
   endloop
endfacet
facet normal 0.114402935231599 0.99265504616303 0.0393437128073406
   outer loop
      vertex -0.00140997640033098 0.97207431401816 0.00160006642297398
      vertex 0.0202584135264018 0.971726623021938 -0.0526345249564584
      vertex 0.0175628449566328 0.972074031657342 -0.0535616356918703
   endloop
endfacet
facet normal -0.582854292353261 0.787458021708331 -0.200476277730264
   outer loop
      vertex -0.00659725166576492 0.970547592578887 -0.000184161577445998
      vertex 0.0123755696911998 0.970547310218069 -0.0553458636922903
      vertex -0.00873556656022789 0.968777652886373 -0.000919546311432989
   endloop
endfacet
facet normal -0.755739895225997 0.601073067314477 -0.259939182334955
   outer loop
      vertex -0.00873556656022789 0.968777652886373 -0.000919546311432989
      vertex -0.0103677069301439 0.9664827394039 -0.00148097415261498
      vertex -0.0293405282871086 0.966483021764717 0.0536807279622273
   endloop
endfacet
facet normal -0.936303957632467 -0.140088912477015 -0.322040363188819
   outer loop
      vertex 0.083152838583421 0.960967399416463 -0.277751402245607
      vertex 0.083533238591588 0.958124181333934 -0.277620569900341
      vertex 0.0645604172303872 0.958124463906021 -0.222458887784381
   endloop
endfacet
facet normal -0.74464101687024 -0.616372588053172 -0.256114405473588
   outer loop
      vertex -0.0102675399967819 0.955483270187063 -0.00144648642564598
      vertex -0.00859379237749189 0.953222001918158 -0.000870795863833989
      vertex -0.0275666157294127 0.953222384253491 0.0542909073075713
   endloop
endfacet
facet normal -0.877089178074736 0.373772741653197 -0.301676169594544
   outer loop
      vertex 0.0275778358121637 0.966482172264655 -0.111804338384424
      vertex 0.0465506571754844 0.966481889586932 -0.166966010500942
      vertex 0.0265628708459407 0.963818733546897 -0.11215340806369
   endloop
endfacet
facet normal 0.325250406170294 -3.4430335311653e-006 -0.945627925388313
   outer loop
      vertex 0.115315998229709 0.950475850072637 -0.328376240580558
      vertex 0.112426851782545 0.972072616801835 -0.329370046271556
      vertex 0.115122318377262 0.971725306145878 -0.328442934479471
   endloop
endfacet
facet normal -0.325233654285942 5.2216309501121e-006 0.945633687054637
   outer loop
      vertex -0.115246704624302 0.972076014285905 0.332570079122976
      vertex -0.117935415208501 0.97167374354563 0.33164534782366
      vertex -0.117741837331107 0.950424385451838 0.331712042779247
   endloop
endfacet
facet normal -0.132434585677437 0.990144304990579 -0.0455558537530402
   outer loop
      vertex 0.0528197750892873 0.971671296275583 -0.164809780163749
      vertex 0.0744813090360011 0.972073184152348 -0.21904670203863
      vertex 0.0717925964504881 0.971671013703495 -0.219971462279708
   endloop
endfacet
facet normal 0.568408492546425 0.79918190501465 0.195499535289103
   outer loop
      vertex -0.0910597997212269 0.970655039219371 0.279201864814085
      vertex -0.0699169100503431 0.968928722199732 0.224786611571889
      vertex -0.0720869783642621 0.970654756858552 0.224040162699242
   endloop
endfacet
facet normal -0.755725591068729 0.601093762192199 -0.259932914532669
   outer loop
      vertex -0.084626752029177 0.968778785381064 0.21972716215341
      vertex -0.0862589923791899 0.966483869903521 0.219165734312338
      vertex -0.105231713756057 0.966484154259409 0.274327436427072
   endloop
endfacet
facet normal -0.938683880759307 0.120969054608489 -0.322860743711242
   outer loop
      vertex 0.00759014946695591 0.963819018008418 -0.0569917159483983
      vertex 0.00726165312082891 0.960968531594248 -0.0571046637824383
      vertex -0.0117111682573239 0.960968815011416 -0.00194306166201198
   endloop
endfacet
facet normal -0.114370561174118 -0.992659218613749 -0.0393325620556028
   outer loop
      vertex 0.0177632788246418 0.950075094162386 -0.0534925602436233
      vertex 0.0340405336004346 0.950422120779361 -0.109581404148767
      vertex 0.0367361001752485 0.950074812118474 -0.108654292356792
   endloop
endfacet
facet normal 0.370252321340576 -0.920159780063021 0.127354613957595
   outer loop
      vertex -0.0149949866911788 0.951602284456549 0.0586148709409733
      vertex 0.00147917004683198 0.950477547288963 0.00259387211397197
      vertex 0.00397783668193095 0.951601901064864 0.00345326776398596
   endloop
endfacet
facet normal 0.582865722821289 -0.787448540868413 0.200480284926532
   outer loop
      vertex 0.082007235074528 0.953370806030865 -0.216458034911315
      vertex 0.0988418415086498 0.951600586395143 -0.272355161758022
      vertex 0.10098005643573 0.953370523458777 -0.271619717027275
   endloop
endfacet
facet normal -0.93630375081489 -0.140091245648077 -0.322039949544679
   outer loop
      vertex -0.0117111682573239 0.960968815011416 -0.00194306166201198
      vertex -0.0113307662414869 0.958125496320561 -0.00181217037665998
      vertex -0.0303035895934076 0.958125878655895 0.0533495327947473
   endloop
endfacet
facet normal 0.370263771193667 -0.920154982767951 0.12735598701575
   outer loop
      vertex 0.00397783668193095 0.951601901064864 0.00345326776398596
      vertex 0.0204519914037977 0.950477264928145 -0.0525678300008713
      vertex 0.0229505580587977 0.951601616708978 -0.0517084343507484
   endloop
endfacet
facet normal 0.35344295472725 0.92752403226173 0.121561701742829
   outer loop
      vertex 0.0582039562665903 0.971726055988329 -0.162957899187708
      vertex 0.07969539256516 0.970652492291712 -0.217253294228212
      vertex 0.0771767776277921 0.971725773416241 -0.218119581303667
   endloop
endfacet
facet normal 0.114407321594405 0.992654480829569 0.0393452214960615
   outer loop
      vertex -0.0583283405123173 0.972075164152033 0.167085072772974
      vertex -0.0366600505656796 0.971727471160742 0.112850481393653
      vertex -0.0393555191553535 0.972074881791215 0.111923370658132
   endloop
endfacet
facet normal -0.370264091315427 0.920154982769017 -0.127355056309955
   outer loop
      vertex -0.101461258491678 0.970549007434395 0.27562424900224
      vertex -0.079989872474668 0.971673176828927 0.221321943594084
      vertex -0.08248843912967 0.970548825048093 0.220462547943959
   endloop
endfacet
facet normal -0.582871667902259 0.787443610073871 -0.200482367580463
   outer loop
      vertex 0.0292100761536996 0.968777088164738 -0.11124295054112
      vertex 0.0503212104292414 0.970546844520233 -0.165669176870436
      vertex 0.0481828975170194 0.968776805487015 -0.166404622657637
   endloop
endfacet
facet normal -0.582863579141913 0.78745033460337 -0.200479471874105
   outer loop
      vertex -0.0466811093152494 0.968778220659428 0.109403757923724
      vertex -0.0255700730227297 0.970547874939705 0.0549775405373953
      vertex -0.0277082879582847 0.968777938298611 0.0542420558088813
   endloop
endfacet
facet normal -0.353443453772797 -0.927523886698027 -0.121561361417771
   outer loop
      vertex -0.0608233732602122 0.950423538369384 0.166226936434718
      vertex -0.0443692667974055 0.951496533976041 0.110199057238389
      vertex -0.0418506518621575 0.950423252957148 0.111065334314402
   endloop
endfacet
facet normal 0.353431888026755 0.927528726875036 0.121558057517458
   outer loop
      vertex -0.0746056933007961 0.971728036938728 0.22317378562892
      vertex -0.0531141570072993 0.970654474497735 0.168878460584399
      vertex -0.0556328719226443 0.97172775352156 0.168012183508497
   endloop
endfacet
facet normal -0.755739895225998 0.601073067314478 -0.259939182334949
   outer loop
      vertex 0.0102372547967359 0.968777370525555 -0.0560812484262763
      vertex 0.00860511442681989 0.966482457043082 -0.0566426762674583
      vertex -0.0103677069301439 0.9664827394039 -0.00148097415261498
   endloop
endfacet
facet normal -0.938683878142432 0.120970175731248 -0.322860331256466
   outer loop
      vertex 0.083481334931667 0.963817885724997 -0.277638444412126
      vertex 0.083152838583421 0.960967399416463 -0.277751402245607
      vertex 0.0641800172201002 0.960967682094186 -0.222589730129089
   endloop
endfacet
facet normal 0.353471393013355 0.927511891768274 0.121571645335725
   outer loop
      vertex -0.0176872312036708 0.971727288774441 0.0576887803353733
      vertex 0.00380420710468595 0.970653624363862 0.00339345423439896
      vertex 0.00128559017448198 0.971727005357272 0.00252717821494897
   endloop
endfacet
facet normal 0.877088978796 -0.373772741647464 0.301676748981303
   outer loop
      vertex 0.0656816170261282 0.958329543195311 -0.160385894216222
      vertex 0.083639475416064 0.955665721930947 -0.21589664706801
      vertex 0.084654440382287 0.958329160648707 -0.215547577388744
   endloop
endfacet
facet normal -0.114402935231657 -0.992655046163023 -0.0393437128073618
   outer loop
      vertex -0.0391550832923875 0.950075844321743 0.111992445049814
      vertex -0.0228778305051927 0.950422970596329 0.0559036321995593
      vertex -0.0201822619354237 0.950075561960925 0.0568307429349713
   endloop
endfacet
facet normal -0.568393116733463 -0.79919413432912 -0.195494246728513
   outer loop
      vertex -0.101287630909391 0.951497384109914 0.27568406358839
      vertex -0.084484977846441 0.953223134412847 0.219775912601009
      vertex -0.082314809552426 0.951497101749097 0.220522361473547
   endloop
endfacet
facet normal -0.132467518245286 0.990139384050182 -0.0455670578670639
   outer loop
      vertex -0.0203826977983878 0.972074599430397 0.0567616685432883
      vertex -0.00140997640033098 0.97207431401816 0.00160006642297398
      vertex -0.0230714083825877 0.971672328690123 0.0558369372439733
   endloop
endfacet
facet normal 0.132471161021001 -0.990138834301543 0.0455684134651427
   outer loop
      vertex -0.0364664726882845 0.950478113066948 0.112917176349239
      vertex -0.0201822619354237 0.950075561960925 0.0568307429349713
      vertex -0.0174936513313208 0.950477830706132 0.0577554742343963
   endloop
endfacet
facet normal 0.568394081002261 0.799193350803589 0.195494646251317
   outer loop
      vertex 0.0607225712039573 0.9706527748638 -0.162091612112253
      vertex 0.081865560854937 0.96892645983923 -0.216506865354558
      vertex 0.07969539256516 0.970652492291712 -0.217253294228212
   endloop
endfacet
facet normal -0.568394070566844 -0.799193350803631 -0.195494676591763
   outer loop
      vertex 0.0504947400242694 0.951495119331803 -0.165609373340181
      vertex 0.0672973930978132 0.953220869106563 -0.221517474330352
      vertex 0.0694675613875911 0.95149483665408 -0.220771045456698
   endloop
endfacet
facet normal 0.877101544713548 -0.373741694291399 0.301678680402349
   outer loop
      vertex -0.0671279305577302 0.958331425743723 0.225745829541501
      vertex -0.0491700741606314 0.95566770434824 0.170235087745718
      vertex -0.0481552091808634 0.958331141387837 0.170584127426768
   endloop
endfacet
facet normal 0.325234702999609 -6.49915200612948e-006 -0.945633326359915
   outer loop
      vertex 0.117814562889755 0.951600301827986 -0.32751684387387
      vertex 0.115122318377262 0.971725306145878 -0.328442934479471
      vertex 0.117641033292607 0.970652027122052 -0.327576657403567
   endloop
endfacet
facet normal 0.877090358393838 -0.373769778499635 0.301676409241596
   outer loop
      vertex 0.00876325491121889 0.958330293249031 0.00509912107665794
      vertex 0.0267211113083167 0.95566657185355 -0.0504116207191254
      vertex 0.0277360762681817 0.958330010888214 -0.0500625810381864
   endloop
endfacet
facet normal -0.877089178074989 0.373772741652523 -0.301676169594644
   outer loop
      vertex 0.0655234785366862 0.966481607014845 -0.2221276926169
      vertex 0.0645085135704652 0.963818168297086 -0.222476762296166
      vertex 0.0455356922071434 0.963818450974808 -0.167315090179649
   endloop
endfacet
facet normal -0.370263575019329 0.920154982767001 -0.127356557361473
   outer loop
      vertex -0.0635156177515162 0.970548541630925 0.165300945823536
      vertex -0.0420442297395515 0.97167261105094 0.110998639358817
      vertex -0.0445427963945535 0.970548259270107 0.110139243708692
   endloop
endfacet
facet normal -0.936303502405514 -0.140091245661267 -0.322040671767159
   outer loop
      vertex -0.106575175083238 0.960970229866925 0.273865348917674
      vertex -0.106194773067401 0.95812691117607 0.273996240203027
      vertex -0.125167594445553 0.958127194593238 0.329157842323452
   endloop
endfacet
facet normal 0.93868751233045 -0.120943197572569 0.322859872322023
   outer loop
      vertex 0.0280644706604447 0.961180594225481 -0.0499495321530554
      vertex 0.0277360762681817 0.958330010888214 -0.0500625810381864
      vertex 0.0467087956649254 0.958329825767398 -0.105224212100263
   endloop
endfacet
facet normal 0.870122854891452 0.391560996993038 0.299276131740183
   outer loop
      vertex 0.0455936657497044 0.966665756820135 -0.10560782056027
      vertex 0.0656297133662052 0.964023247586374 -0.160403768728007
      vertex 0.0645664871109062 0.966665474248047 -0.160769502676229
   endloop
endfacet
facet normal 0.370281371763644 -0.920146967165697 0.127362728223776
   outer loop
      vertex 0.0608961987841272 0.951601151644953 -0.162031807525545
      vertex 0.0773703555073051 0.950476415216813 -0.218052876348639
      vertex 0.079869020145329 0.951600869072866 -0.217193489641503
   endloop
endfacet
facet normal -0.755725176463827 0.601093762197181 -0.259934119934948
   outer loop
      vertex -0.0656539306722122 0.968778503020246 0.164565460038568
      vertex -0.0672861710222242 0.966483587542704 0.164004032197496
      vertex -0.0862589923791899 0.966483869903521 0.219165734312338
   endloop
endfacet
facet normal 0.74464096277308 0.616372588054008 0.256114562756562
   outer loop
      vertex -0.0888896314484009 0.968929007611969 0.279948213692205
      vertex -0.0682431624310532 0.966667453930828 0.225362302133701
      vertex -0.0699169100503431 0.968928722199732 0.224786611571889
   endloop
endfacet
facet normal -0.755745169042482 0.601065651948423 -0.259940996221772
   outer loop
      vertex -0.103599573407331 0.968779068798232 0.274888764273835
      vertex -0.105231713756057 0.966484154259409 0.274327436427072
      vertex -0.124204535113021 0.966484436620226 0.329489138541914
   endloop
endfacet
facet normal 0.938684061589166 -0.120969054615161 0.322860217964339
   outer loop
      vertex -0.00988107009961888 0.961181062024019 0.0603737710255393
      vertex 0.00876325491121889 0.958330293249031 0.00509912107665794
      vertex 0.00909175125734489 0.961180779663201 0.00521206891069794
   endloop
endfacet
facet normal -0.132466259075567 0.990139493415279 -0.0455683419257197
   outer loop
      vertex 0.0717925964504881 0.971671013703495 -0.219971462279708
      vertex 0.0934540304192249 0.972072899479557 -0.274208374155039
      vertex 0.0907653198265499 0.971670629161823 -0.275133145452121
   endloop
endfacet
facet normal 0.568394070566393 0.799193350803996 0.195494676591582
   outer loop
      vertex 0.0417497498406365 0.970653057541524 -0.106929939995736
      vertex 0.0628927394937352 0.968926742411319 -0.161345183238599
      vertex 0.0607225712039573 0.9706527748638 -0.162091612112253
   endloop
endfacet
facet normal 0.56839441718148 0.799193350799489 0.195493668835619
   outer loop
      vertex 0.0227770284616507 0.970653342003045 -0.0517682478804444
      vertex 0.0439199181304125 0.968927025089041 -0.106183511122082
      vertex 0.0417497498406365 0.970653057541524 -0.106929939995736
   endloop
endfacet
facet normal 0.938688017571187 -0.120938937779705 0.322859999066145
   outer loop
      vertex 0.084982936732651 0.961179646851605 -0.215434609555821
      vertex 0.103627261743488 0.958328878076619 -0.270709259504704
      vertex 0.103955658113757 0.96117936228445 -0.270596291671671
   endloop
endfacet
facet normal 0.37028097147564 -0.920147154187542 0.127362540818026
   outer loop
      vertex -0.0529406294051073 0.951602849178185 0.16893827517066
      vertex -0.0364664726882845 0.950478113066948 0.112917176349239
      vertex -0.0339678080481436 0.951602566817367 0.113776573055817
   endloop
endfacet
facet normal 0.325264325372135 -5.24992376388148e-006 -0.945623137731226
   outer loop
      vertex 0.105243033831619 0.953220403619996 -0.331840807507383
      vertex 0.103469019277681 0.966481140167021 -0.332451085790471
      vertex 0.10510126162265 0.968775955670047 -0.331889659005962
   endloop
endfacet
facet normal 0.13246748666879 -0.990139384049494 0.0455671496776176
   outer loop
      vertex -0.0744120154221161 0.950478679783653 0.223240580578814
      vertex -0.0581279046493523 0.950076126682561 0.167154147164658
      vertex -0.0554391940651533 0.950478397422835 0.168078878463973
   endloop
endfacet
facet normal -0.744641074173334 -0.616372588052582 -0.2561142388688
   outer loop
      vertex 0.0656236454785232 0.955482137375467 -0.222093164892164
      vertex 0.0672973930978132 0.953220869106563 -0.221517474330352
      vertex 0.0483246717167084 0.953221153673718 -0.166355792214503
   endloop
endfacet
facet normal -0.755730301710549 0.601086347251003 -0.259936365722324
   outer loop
      vertex -0.0277082879582847 0.968777938298611 0.0542420558088813
      vertex -0.0293405282871086 0.966483021764717 0.0536807279622273
      vertex -0.0483133496652624 0.966483305181887 0.108842330082652
   endloop
endfacet
facet normal -0.93630884599973 -0.140052236253788 -0.32204210287316
   outer loop
      vertex 0.0262344744756737 0.960968249339065 -0.112266375896723
      vertex 0.0266147764987017 0.958124929286952 -0.11213554460791
      vertex 0.00764195513538091 0.958125211964675 -0.0569738724913933
   endloop
endfacet
facet normal -0.114406361395001 -0.992654602510883 -0.0393449435927596
   outer loop
      vertex -0.0771007260275041 0.95007641009973 0.222315749285082
      vertex -0.0608233732602122 0.950423538369384 0.166226936434718
      vertex -0.0581279046493523 0.950076126682561 0.167154147164658
   endloop
endfacet
facet normal 0.582848875080525 -0.787462505744588 0.200474414486789
   outer loop
      vertex -0.0318294931324906 0.95337250545353 0.114512057784221
      vertex -0.0339678080481436 0.951602566817367 0.113776573055817
      vertex -0.0149949866911788 0.951602284456549 0.0586148709409733
   endloop
endfacet
facet normal 0.325241959201423 -8.59609850821455e-006 -0.945630830663281
   outer loop
      vertex 0.105243033831619 0.953220403619996 -0.331840807507383
      vertex 0.103569288207284 0.955481571914387 -0.332416499125757
      vertex 0.103469019277681 0.966481140167021 -0.332451085790471
   endloop
endfacet
facet normal 0.325258695463493 -6.2547125446722e-006 -0.945625074216132
   outer loop
      vertex 0.107413104140493 0.95149426898666 -0.331094359691298
      vertex 0.10510126162265 0.968775955670047 -0.331889659005962
      vertex 0.107239574543345 0.970545994280726 -0.331154173220994
   endloop
endfacet
facet normal 0.132470669292315 -0.990138916340291 0.0455680603682083
   outer loop
      vertex 0.0394248127628795 0.950476982461692 -0.107729522116273
      vertex 0.0557089235335253 0.950074429466235 -0.163815965529872
      vertex 0.0583975341439843 0.950476697894536 -0.162891204232122
   endloop
endfacet
facet normal 0.325254920224943 -3.47458723496535e-006 -0.945626372759026
   outer loop
      vertex 0.109931819055837 0.950420989962835 -0.330228082615394
      vertex 0.107239574543345 0.970545994280726 -0.331154173220994
      vertex 0.109738141198346 0.971670346061559 -0.330294777570871
   endloop
endfacet
facet normal 0.938687927156279 -0.120938937781201 0.322860261939128
   outer loop
      vertex 0.103955658113757 0.96117936228445 -0.270596291671671
      vertex 0.103627261743488 0.958328878076619 -0.270709259504704
      vertex 0.122599983135186 0.958328592981286 -0.325870891623344
   endloop
endfacet
facet normal 0.370292564863166 -0.920142169158078 0.127364849719711
   outer loop
      vertex 0.0229505580587977 0.951601616708978 -0.0517084343507484
      vertex 0.0394248127628795 0.950476982461692 -0.107729522116273
      vertex 0.0419233774208065 0.951601434322676 -0.106870135409028
   endloop
endfacet
facet normal 0.870125638081553 0.391553639555628 0.299277665895588
   outer loop
      vertex -0.0113246983601619 0.966666606848372 0.0598771957891733
      vertex -0.0102614700993119 0.964024279684008 0.0602429786780413
      vertex 0.00871134926269589 0.964024097297705 0.00508127761976094
   endloop
endfacet
facet normal 0.114406769301084 0.992654480836687 0.0393468272283174
   outer loop
      vertex -0.077301159874324 0.972075346538335 0.222246773831254
      vertex -0.0556328719226443 0.97172775352156 0.168012183508497
      vertex -0.0583283405123173 0.972075164152033 0.167085072772974
   endloop
endfacet
facet normal 0.877094209987026 -0.373761197677462 0.301675842450045
   outer loop
      vertex 0.0277360762681817 0.958330010888214 -0.0500625810381864
      vertex 0.0456938326915414 0.955666287180759 -0.105573292835534
      vertex 0.0467087956649254 0.958329825767398 -0.105224212100263
   endloop
endfacet
facet normal -0.582850500255735 0.787461160546246 -0.200474973457532
   outer loop
      vertex 0.0102372547967359 0.968777370525555 -0.0560812484262763
      vertex 0.0313483910629946 0.970547027117806 -0.11050749581104
      vertex 0.0292100761536996 0.968777088164738 -0.11124295054112
   endloop
endfacet
facet normal 0.325255476646027 -3.39134448594782e-006 -0.945626181374154
   outer loop
      vertex 0.117814562889755 0.951600301827986 -0.32751684387387
      vertex 0.115315998229709 0.950475850072637 -0.328376240580558
      vertex 0.115122318377262 0.971725306145878 -0.328442934479471
   endloop
endfacet
facet normal -0.325257921596061 5.20922918576359e-006 0.94562534040278
   outer loop
      vertex -0.107720678601441 0.95337363794822 0.335158766249065
      vertex -0.107862452805366 0.968929289972787 0.335109915807048
      vertex -0.109858991522137 0.951603599337542 0.334423280464098
   endloop
endfacet
facet normal -0.325242408639391 -1.62528125537051e-007 0.94563067612172
   outer loop
      vertex -0.117935415208501 0.97167374354563 0.33164534782366
      vertex -0.120434079848643 0.970549289795213 0.330785951117083
      vertex -0.120260452287543 0.951497667527082 0.330845665708815
   endloop
endfacet
facet normal 0.132467486669079 -0.990139384049451 0.0455671496777204
   outer loop
      vertex -0.112357658157234 0.95047924556164 0.333563884814083
      vertex -0.0960735473844688 0.950076692460547 0.277477451399924
      vertex -0.0933848368002698 0.950478963200822 0.278402182699239
   endloop
endfacet
facet normal 0.568397938107582 0.799190216655455 0.195496244355887
   outer loop
      vertex -0.0151686142734668 0.970653907781031 0.0585550563548243
      vertex 0.00597437537751293 0.968927592756461 0.00413980311251895
      vertex 0.00380420710468595 0.970653624363862 0.00339345423439896
   endloop
endfacet
facet normal 0.938684061589089 -0.120969054615855 0.322860217964304
   outer loop
      vertex -0.0478267128135474 0.961181626745655 0.170697175255226
      vertex -0.0291823878027116 0.958330857970667 0.115422525306343
      vertex -0.0288538914565836 0.961181344384836 0.115535473140383
   endloop
endfacet
facet normal 0.370291632973974 -0.920142356191888 0.127366207806893
   outer loop
      vertex -0.0719134507620711 0.951603131539002 0.224099977285502
      vertex -0.0554391940651533 0.950478397422835 0.168078878463973
      vertex -0.0529406294051073 0.951602849178185 0.16893827517066
   endloop
endfacet
facet normal 0.568408492546893 0.799181905014272 0.195499535289289
   outer loop
      vertex 0.00380420710468595 0.970653624363862 0.00339345423439896
      vertex 0.0249470967755677 0.968927307344224 -0.0510217990077974
      vertex 0.0227770284616507 0.970653342003045 -0.0517682478804444
   endloop
endfacet
facet normal 0.325162001466854 -2.16256958612472e-005 -0.945658327481125
   outer loop
      vertex 0.122599983135186 0.958328592981286 -0.325870891623344
      vertex 0.121484849225816 0.966664724194326 -0.326254517969108
      vertex 0.122548177445573 0.96402240008138 -0.325888835074768
   endloop
endfacet
facet normal -0.132435135680774 0.990144304998723 -0.045554254640062
   outer loop
      vertex 0.0338469557209206 0.97167147897879 -0.109648109103795
      vertex 0.0555084876747973 0.972073466724437 -0.163885019922672
      vertex 0.0528197750892873 0.971671296275583 -0.164809780163749
   endloop
endfacet
facet normal 0.870124627098431 0.391556265530604 0.299277169594581
   outer loop
      vertex -0.106188705186075 0.966668021703881 0.335685606368861
      vertex -0.10512547894137 0.964025795570382 0.336051290319873
      vertex -0.0861526575632159 0.964025512153214 0.280889688199448
   endloop
endfacet
facet normal -0.568393116734133 -0.799194134328594 -0.195494246728716
   outer loop
      vertex -0.0253964454404407 0.951496251615223 0.0550373551235463
      vertex -0.00859379237749189 0.953222001918158 -0.000870795863833989
      vertex -0.00642362408347692 0.951495969254405 -0.000124346991296998
   endloop
endfacet
facet normal -0.870109615747018 -0.391593854850883 -0.299271631511579
   outer loop
      vertex 0.00764195513538091 0.958125211964675 -0.0569738724913933
      vertex 0.0266147764987017 0.958124929286952 -0.11213554460791
      vertex 0.00870528138136989 0.955482986769894 -0.0566080885460713
   endloop
endfacet
facet normal 0.114407222352871 0.992654492997911 0.0393452030692526
   outer loop
      vertex 0.0365356663114776 0.972073749402159 -0.108723347806154
      vertex 0.0582039562665903 0.971726055988329 -0.162957899187708
      vertex 0.0555084876747973 0.972073466724437 -0.163885019922672
   endloop
endfacet
facet normal 0.568408596908249 0.799181905010083 0.195499231878926
   outer loop
      vertex -0.0699169100503431 0.968928722199732 0.224786611571889
      vertex -0.0509440887145704 0.968928440895265 0.169624809462629
      vertex -0.0720869783642621 0.970654756858552 0.224040162699242
   endloop
endfacet
facet normal -0.938683236433917 0.12097555550683 -0.322860181205055
   outer loop
      vertex -0.0872738573589579 0.963820432863926 0.218816694631288
      vertex -0.0876023517313169 0.960969847531591 0.218703645746268
      vertex -0.106575175083238 0.960970229866925 0.273865348917674
   endloop
endfacet
facet normal 0.114375869355048 0.992658531970032 0.0393344558419
   outer loop
      vertex -0.0746056933007961 0.971728036938728 0.22317378562892
      vertex -0.0556328719226443 0.97172775352156 0.168012183508497
      vertex -0.077301159874324 0.972075346538335 0.222246773831254
   endloop
endfacet
facet normal 0.370252914092308 -0.920159780076183 0.127352890569097
   outer loop
      vertex -0.109858991522137 0.951603599337542 0.334423280464098
      vertex -0.112357658157234 0.95047924556164 0.333563884814083
      vertex -0.0933848368002698 0.950478963200822 0.278402182699239
   endloop
endfacet
facet normal 0.325306246807 -2.01569219585061e-005 -0.94560871684965
   outer loop
      vertex 0.122928479481315 0.961179079395457 -0.325757943789305
      vertex 0.122599983135186 0.958328592981286 -0.325870891623344
      vertex 0.122548177445573 0.96402240008138 -0.325888835074768
   endloop
endfacet
facet normal 0.755725176463883 -0.60109376219711 0.259934119934951
   outer loop
      vertex -0.0112245314056109 0.955667136575185 0.0599117835105603
      vertex 0.00611604960134192 0.953371938736826 0.00418865355464595
      vertex 0.0077482899513539 0.955666854214368 0.00475008139571694
   endloop
endfacet
facet normal 0.744655704021514 0.616351834775997 0.256121647340643
   outer loop
      vertex -0.0129984439844968 0.968927775142763 0.0593015041707983
      vertex 0.00764802301670591 0.966666322492487 0.00471549367443994
      vertex 0.00597437537751293 0.968927592756461 0.00413980311251895
   endloop
endfacet
facet normal 0.755725027908138 -0.60109376219892 0.259934551837175
   outer loop
      vertex -0.0871157168957489 0.955668270126227 0.280558391980985
      vertex -0.0697751358676081 0.953373071231517 0.224835362019488
      vertex -0.0681428955175962 0.955667986709058 0.22539678986056
   endloop
endfacet
facet normal -0.877088818733761 0.373773729369271 -0.301675990568695
   outer loop
      vertex 0.0465506571754844 0.966481889586932 -0.166966010500942
      vertex 0.0455356922071434 0.963818450974808 -0.167315090179649
      vertex 0.0265628708459407 0.963818733546897 -0.11215340806369
   endloop
endfacet
facet normal -0.744640680063483 -0.616372588057317 -0.256115384711888
   outer loop
      vertex -0.105131546822696 0.955484685042571 0.27436192415404
      vertex -0.0861587254657309 0.955484402681754 0.219200222039196
      vertex -0.103457799203405 0.953223416773666 0.274937614715852
   endloop
endfacet
facet normal -0.582854292353204 0.787458021708379 -0.20047627773024
   outer loop
      vertex -0.00873556656022789 0.968777652886373 -0.000919546311432989
      vertex 0.0123755696911998 0.970547310218069 -0.0553458636922903
      vertex 0.0102372547967359 0.968777370525555 -0.0560812484262763
   endloop
endfacet
facet normal 0.114403005215777 0.992655046162224 0.0393435093283612
   outer loop
      vertex 0.0744813090360011 0.972073184152348 -0.21904670203863
      vertex 0.0961495989889948 0.971725490844153 -0.273281263419627
      vertex 0.0934540304192249 0.972072899479557 -0.274208374155039
   endloop
endfacet
facet normal -0.870124791751584 -0.391556265532211 -0.299276690876072
   outer loop
      vertex -0.0872219517104359 0.958126628815252 0.218834538088184
      vertex -0.0861587254657309 0.955484402681754 0.219200222039196
      vertex -0.105131546822696 0.955484685042571 0.27436192415404
   endloop
endfacet
facet normal -0.370267654455372 0.920153112605904 -0.12735820910245
   outer loop
      vertex -0.08248843912967 0.970548825048093 0.220462547943959
      vertex -0.0610170511177043 0.971672894468109 0.166160241479241
      vertex -0.0635156177515162 0.970548541630925 0.165300945823536
   endloop
endfacet
facet normal 0.755725176463933 -0.601093762197044 0.259934119934957
   outer loop
      vertex 0.0077482899513539 0.955666854214368 0.00475008139571694
      vertex 0.0250888709583057 0.953371656376008 -0.0509730485601984
      vertex 0.0267211113083167 0.95566657185355 -0.0504116207191254
   endloop
endfacet
facet normal 0.870112389983403 0.391588177357691 0.299270994503397
   outer loop
      vertex 0.0645664871109062 0.966665474248047 -0.160769502676229
      vertex 0.084602534727407 0.964022965014286 -0.215565450843966
      vertex 0.083539208494131 0.966665189575256 -0.215931174792636
   endloop
endfacet
facet normal 0.132471223852392 -0.990138834302671 0.0455682307841511
   outer loop
      vertex -0.0554391940651533 0.950478397422835 0.168078878463973
      vertex -0.0391550832923875 0.950075844321743 0.111992445049814
      vertex -0.0364664726882845 0.950478113066948 0.112917176349239
   endloop
endfacet
facet normal 0.755730450258581 -0.601086347261402 0.25993593381429
   outer loop
      vertex -0.0681428955175962 0.955667986709058 0.22539678986056
      vertex -0.0508023144894544 0.953372787814347 0.169673759899064
      vertex -0.0491700741606314 0.95566770434824 0.170235087745718
   endloop
endfacet
facet normal 0.938688312065681 -0.120936695529041 0.32285998275692
   outer loop
      vertex -0.0857722555685669 0.96118219451871 0.281020479490383
      vertex -0.0671279305577302 0.958331425743723 0.225745829541501
      vertex -0.0667995341917002 0.961181910162823 0.22585877737565
   endloop
endfacet
facet normal 0.325252289670539 -4.47365744579665e-008 -0.945627277559224
   outer loop
      vertex 0.121585116139274 0.955665256972557 -0.326220030242249
      vertex 0.119811103601482 0.968925892488716 -0.326830209587483
      vertex 0.121484849225816 0.966664724194326 -0.326254517969108
   endloop
endfacet
facet normal -0.325269334261703 1.48212282646494e-005 0.945621414715889
   outer loop
      vertex -0.104745078920488 0.961182576854044 0.33618218266179
      vertex -0.10512547894137 0.964025795570382 0.336051290319873
      vertex -0.105073573271659 0.958331990465358 0.336069233771187
   endloop
endfacet
facet normal -0.755727641157523 0.601090796247693 -0.259933812838577
   outer loop
      vertex 0.0292100761536996 0.968777088164738 -0.11124295054112
      vertex 0.0275778358121637 0.966482172264655 -0.111804338384424
      vertex 0.00860511442681989 0.966482457043082 -0.0566426762674583
   endloop
endfacet
facet normal -0.370264352664843 0.920154608739355 -0.12735699887093
   outer loop
      vertex 0.0907653198265499 0.971670629161823 -0.275133145452121
      vertex 0.109738141198346 0.971670346061559 -0.330294777570871
      vertex 0.0882667531757859 0.970546277169719 -0.275992521103361
   endloop
endfacet
facet normal 0.755745583643211 -0.601065651965421 0.2599397907808
   outer loop
      vertex -0.0491700741606314 0.95566770434824 0.170235087745718
      vertex -0.0318294931324906 0.95337250545353 0.114512057784221
      vertex -0.0301973527837646 0.955667419992353 0.115073385630984
   endloop
endfacet
facet normal -0.325279846188673 -1.89169350806929e-006 0.94561779893353
   outer loop
      vertex -0.124204535113021 0.966484436620226 0.329489138541914
      vertex -0.125219500094075 0.963820998641911 0.329139998866556
      vertex -0.125167594445553 0.958127194593238 0.329157842323452
   endloop
endfacet
facet normal -0.755727256270809 0.601090796240078 -0.259934931867312
   outer loop
      vertex 0.0671557188782232 0.968776522914928 -0.221566304773595
      vertex 0.0655234785366862 0.966481607014845 -0.2221276926169
      vertex 0.0465506571754844 0.966481889586932 -0.166966010500942
   endloop
endfacet
facet normal 0.744628755510706 0.616389153077229 0.256110188074029
   outer loop
      vertex -0.0319712673364166 0.968928157478096 0.114463207342204
      vertex -0.0113246983601619 0.966666606848372 0.0598771957891733
      vertex -0.0129984439844968 0.968927775142763 0.0593015041707983
   endloop
endfacet
facet normal 0.744628840648001 0.616389153076002 0.256109940544022
   outer loop
      vertex -0.0129984439844968 0.968927775142763 0.0593015041707983
      vertex -0.0113246983601619 0.966666606848372 0.0598771957891733
      vertex 0.00764802301670591 0.966666322492487 0.00471549367443994
   endloop
endfacet
facet normal -0.870125070813353 -0.391556265534506 -0.299275879520432
   outer loop
      vertex -0.0872219517104359 0.958126628815252 0.218834538088184
      vertex -0.0682492323285242 0.958126444433881 0.163672837030015
      vertex -0.0861587254657309 0.955484402681754 0.219200222039196
   endloop
endfacet
facet normal 0.32521483304529 -5.6484773706274e-006 -0.94564016006905
   outer loop
      vertex 0.121585116139274 0.955665256972557 -0.326220030242249
      vertex 0.119952877805408 0.953370240464149 -0.326781359145466
      vertex 0.119811103601482 0.968925892488716 -0.326830209587483
   endloop
endfacet
facet normal 0.936307472488033 0.14006317327191 0.322041339669419
   outer loop
      vertex 0.0276841706196607 0.964023814936888 -0.0500804244950814
      vertex 0.0280644706604447 0.961180594225481 -0.0499495321530554
      vertex 0.0470372920131704 0.961180312075933 -0.105111254266782
   endloop
endfacet
facet normal 0.938683277427937 -0.120974885982611 0.322860312888779
   outer loop
      vertex 0.0470372920131704 0.961180312075933 -0.105111254266782
      vertex 0.0656816170261282 0.958329543195311 -0.160385894216222
      vertex 0.0660101153693292 0.961179929529329 -0.160272937439304
   endloop
endfacet
facet normal -0.877105800492249 0.373729163250832 -0.301681831204142
   outer loop
      vertex 0.103469019277681 0.966481140167021 -0.332451085790471
      vertex 0.102454156292869 0.963817603152909 -0.332800126528085
      vertex 0.083481334931667 0.963817885724997 -0.277638444412126
   endloop
endfacet
facet normal 0.114407228793989 0.992654492997843 0.0393451843416168
   outer loop
      vertex 0.0175628449566328 0.972074031657342 -0.0535616356918703
      vertex 0.0392311349032695 0.971726338666052 -0.107796227071191
      vertex 0.0365356663114776 0.972073749402159 -0.108723347806154
   endloop
endfacet
facet normal 0.370280971475006 -0.920147154187827 0.127362540817812
   outer loop
      vertex -0.0339678080481436 0.951602566817367 0.113776573055817
      vertex -0.0174936513313208 0.950477830706132 0.0577554742343963
      vertex -0.0149949866911788 0.951602284456549 0.0586148709409733
   endloop
endfacet
facet normal -0.755727241415869 0.601090796239336 -0.259934975057844
   outer loop
      vertex 0.0481828975170194 0.968776805487015 -0.166404622657637
      vertex 0.0465506571754844 0.966481889586932 -0.166966010500942
      vertex 0.0275778358121637 0.966482172264655 -0.111804338384424
   endloop
endfacet
facet normal 0.11437588545091 0.992658531969978 0.0393344090400333
   outer loop
      vertex -0.0962739812312878 0.972075628899153 0.277408475946097
      vertex -0.0746056933007961 0.971728036938728 0.22317378562892
      vertex -0.077301159874324 0.972075346538335 0.222246773831254
   endloop
endfacet
facet normal 0.353443246426632 0.927523886700643 0.121561964261588
   outer loop
      vertex -0.110032621099381 0.970655322636538 0.33436346693451
      vertex -0.0910597997212269 0.970655039219371 0.279201864814085
      vertex -0.112551236034629 0.971728603655433 0.333497189858497
   endloop
endfacet
facet normal 0.114372110947593 0.992659097023886 0.0393311242289603
   outer loop
      vertex -0.115246704624302 0.972076014285905 0.332570079122976
      vertex -0.0935784146776639 0.971728321294616 0.278335487743654
      vertex -0.0962739812312878 0.972075628899153 0.277408475946097
   endloop
endfacet
facet normal -0.37029163297387 0.920142356191931 -0.127366207806882
   outer loop
      vertex -0.120434079848643 0.970549289795213 0.330785951117083
      vertex -0.0989626938316318 0.971673459189745 0.276483645708927
      vertex -0.101461258491678 0.970549007434395 0.27562424900224
   endloop
endfacet
facet normal -0.132466965134278 0.990139384036976 -0.0455686660655204
   outer loop
      vertex -0.115246704624302 0.972076014285905 0.332570079122976
      vertex -0.0962739812312878 0.972075628899153 0.277408475946097
      vertex -0.117935415208501 0.97167374354563 0.33164534782366
   endloop
endfacet
facet normal 0.114407321594081 0.99265448082961 0.0393452214959677
   outer loop
      vertex -0.112551236034629 0.971728603655433 0.333497189858497
      vertex -0.0935784146776639 0.971728321294616 0.278335487743654
      vertex -0.115246704624302 0.972076014285905 0.332570079122976
   endloop
endfacet
facet normal -0.325239329361312 5.95297711603482e-006 0.945631735191436
   outer loop
      vertex -0.115046270756293 0.950077076790949 0.332639154571222
      vertex -0.115246704624302 0.972076014285905 0.332570079122976
      vertex -0.117741837331107 0.950424385451838 0.331712042779247
   endloop
endfacet
facet normal -0.370281167653098 0.920147154191494 -0.127361970441551
   outer loop
      vertex -0.117935415208501 0.97167374354563 0.33164534782366
      vertex -0.0989626938316318 0.971673459189745 0.276483645708927
      vertex -0.120434079848643 0.970549289795213 0.330785951117083
   endloop
endfacet
facet normal 0.114371574814624 0.992659097025198 0.0393326831978406
   outer loop
      vertex -0.0935784146776639 0.971728321294616 0.278335487743654
      vertex -0.0746056933007961 0.971728036938728 0.22317378562892
      vertex -0.0962739812312878 0.972075628899153 0.277408475946097
   endloop
endfacet
facet normal 0.370280948533804 -0.920147154187217 0.127362607519135
   outer loop
      vertex 0.079869020145329 0.951600869072866 -0.217193489641503
      vertex 0.0963431768685088 0.950476132644725 -0.273214558464599
      vertex 0.0988418415086498 0.951600586395143 -0.272355161758022
   endloop
endfacet
facet normal 0.582854292353592 -0.787458021708061 0.200476277730359
   outer loop
      vertex -0.0697751358676081 0.953373071231517 0.224835362019488
      vertex -0.0719134507620711 0.951603131539002 0.224099977285502
      vertex -0.0529406294051073 0.951602849178185 0.16893827517066
   endloop
endfacet
facet normal -0.744656462800596 -0.61635183474712 -0.256119441302615
   outer loop
      vertex -0.124104268199562 0.955484969398457 0.329523626268773
      vertex -0.105131546822696 0.955484685042571 0.27436192415404
      vertex -0.12243062056037 0.953223699134484 0.330099316830696
   endloop
endfacet
facet normal 0.582865169427679 -0.78744898930413 0.200480132461917
   outer loop
      vertex 0.082007235074528 0.953370806030865 -0.216458034911315
      vertex 0.079869020145329 0.951600869072866 -0.217193489641503
      vertex 0.0988418415086498 0.951600586395143 -0.272355161758022
   endloop
endfacet
facet normal -0.870124791751589 -0.391556265532198 -0.299276690876073
   outer loop
      vertex -0.106194773067401 0.95812691117607 0.273996240203027
      vertex -0.0872219517104359 0.958126628815252 0.218834538088184
      vertex -0.105131546822696 0.955484685042571 0.27436192415404
   endloop
endfacet
facet normal 0.353442434677642 0.927524032269425 0.121563213727708
   outer loop
      vertex 0.07969539256516 0.970652492291712 -0.217253294228212
      vertex 0.0986682119335248 0.970652309588505 -0.272414965288167
      vertex 0.0771767776277921 0.971725773416241 -0.218119581303667
   endloop
endfacet
facet normal -0.755725176463552 0.601093762197573 -0.25993411993484
   outer loop
      vertex -0.0466811093152494 0.968778220659428 0.109403757923724
      vertex -0.0277082879582847 0.968777938298611 0.0542420558088813
      vertex -0.0483133496652624 0.966483305181887 0.108842330082652
   endloop
endfacet
facet normal 0.353471393013366 0.92751189176827 0.121571645335729
   outer loop
      vertex -0.0151686142734668 0.970653907781031 0.0585550563548243
      vertex 0.00380420710468595 0.970653624363862 0.00339345423439896
      vertex -0.0176872312036708 0.971727288774441 0.0576887803353733
   endloop
endfacet
facet normal -0.877089195124992 0.373772741652989 -0.301676120023117
   outer loop
      vertex 0.0655234785366862 0.966481607014845 -0.2221276926169
      vertex 0.084496299897888 0.966481324442756 -0.27728937473286
      vertex 0.0645085135704652 0.963818168297086 -0.222476762296166
   endloop
endfacet
facet normal -0.938687495637508 0.12093893778753 -0.322861516537054
   outer loop
      vertex 0.0265628708459407 0.963818733546897 -0.11215340806369
      vertex 0.0455356922071434 0.963818450974808 -0.167315090179649
      vertex 0.0262344744756737 0.960968249339065 -0.112266375896723
   endloop
endfacet
facet normal 0.936308029977204 0.140058871827877 0.322041589585119
   outer loop
      vertex 0.103575356090729 0.964022682336562 -0.270727122960484
      vertex 0.122928479481315 0.961179079395457 -0.325757943789305
      vertex 0.122548177445573 0.96402240008138 -0.325888835074768
   endloop
endfacet
facet normal -0.370281051667102 0.920146967157809 -0.127363658892918
   outer loop
      vertex 0.0717925964504881 0.971671013703495 -0.219971462279708
      vertex 0.0907653198265499 0.971670629161823 -0.275133145452121
      vertex 0.0692939318124651 0.970546559847443 -0.220830848986843
   endloop
endfacet
facet normal 0.936304385272213 0.140085716085382 0.322040510291593
   outer loop
      vertex 0.0656297133662052 0.964023247586374 -0.160403768728007
      vertex 0.084982936732651 0.961179646851605 -0.215434609555821
      vertex 0.084602534727407 0.964022965014286 -0.215565450843966
   endloop
endfacet
facet normal -0.755727241415775 0.601090796239472 -0.259934975057802
   outer loop
      vertex 0.0292100761536996 0.968777088164738 -0.11124295054112
      vertex 0.0481828975170194 0.968776805487015 -0.166404622657637
      vertex 0.0275778358121637 0.966482172264655 -0.111804338384424
   endloop
endfacet
facet normal 0.744655676169734 0.616351834777309 0.256121728314566
   outer loop
      vertex 0.081865560854937 0.96892645983923 -0.216506865354558
      vertex 0.083539208494131 0.966665189575256 -0.215931174792636
      vertex 0.102512027860377 0.966665006977684 -0.271092855852033
   endloop
endfacet
facet normal -0.353443516126886 -0.927523886696842 -0.121561180130199
   outer loop
      vertex -0.079796194617178 0.950423820730202 0.221388638549559
      vertex -0.082314809552426 0.951497101749097 0.220522361473547
      vertex -0.0633420881755582 0.951496817393209 0.165360659358814
   endloop
endfacet
facet normal 0.114371108624462 0.992659218605996 0.0393309703483901
   outer loop
      vertex 0.00128559017448198 0.971727005357272 0.00252717821494897
      vertex 0.0202584135264018 0.971726623021938 -0.0526345249564584
      vertex -0.00140997640033098 0.97207431401816 0.00160006642297398
   endloop
endfacet
facet normal -0.353431950376291 -0.927528726875106 -0.121557876234557
   outer loop
      vertex -0.079796194617178 0.950423820730202 0.221388638549559
      vertex -0.0633420881755582 0.951496817393209 0.165360659358814
      vertex -0.0608233732602122 0.950423538369384 0.166226936434718
   endloop
endfacet
facet normal 0.370291632973745 -0.920142356191989 0.127366207806827
   outer loop
      vertex -0.0719134507620711 0.951603131539002 0.224099977285502
      vertex -0.0744120154221161 0.950478679783653 0.223240580578814
      vertex -0.0554391940651533 0.950478397422835 0.168078878463973
   endloop
endfacet
facet normal -0.582885830212793 0.787431886629237 -0.200487238637933
   outer loop
      vertex 0.0692939318124651 0.970546559847443 -0.220830848986843
      vertex 0.0882667531757859 0.970546277169719 -0.275992521103361
      vertex 0.0671557188782232 0.968776522914928 -0.221566304773595
   endloop
endfacet
facet normal -0.755745020488854 0.601065651942097 -0.259941428136657
   outer loop
      vertex -0.103599573407331 0.968779068798232 0.274888764273835
      vertex -0.084626752029177 0.968778785381064 0.21972716215341
      vertex -0.105231713756057 0.966484154259409 0.274327436427072
   endloop
endfacet
facet normal -0.568393012377687 -0.799194134330896 -0.195494550131987
   outer loop
      vertex -0.00642362408347692 0.951495969254405 -0.000124346991296998
      vertex -0.00859379237749189 0.953222001918158 -0.000870795863833989
      vertex 0.0103790290006609 0.953221718500988 -0.0560323979842593
   endloop
endfacet
facet normal 0.582865485596841 -0.787448989303304 0.200479213249563
   outer loop
      vertex 0.0630345136913042 0.953371090703656 -0.161296362794907
      vertex 0.079869020145329 0.951600869072866 -0.217193489641503
      vertex 0.082007235074528 0.953370806030865 -0.216458034911315
   endloop
endfacet
facet normal 0.936308252800435 0.140056537480238 0.322041956966548
   outer loop
      vertex 0.0276841706196607 0.964023814936888 -0.0500804244950814
      vertex 0.0470372920131704 0.961180312075933 -0.105111254266782
      vertex 0.0466569919850994 0.96402353215353 -0.105242086612158
   endloop
endfacet
facet normal -0.370292541920884 0.920142169157903 -0.127364916421904
   outer loop
      vertex 0.0338469557209206 0.97167147897879 -0.109648109103795
      vertex 0.0528197750892873 0.971671296275583 -0.164809780163749
      vertex 0.0313483910629946 0.970547027117806 -0.11050749581104
   endloop
endfacet
facet normal -0.582863579141889 0.787450334603384 -0.200479471874118
   outer loop
      vertex -0.0255700730227297 0.970547874939705 0.0549775405373953
      vertex -0.00659725166576492 0.970547592578887 -0.000184161577445998
      vertex -0.0277082879582847 0.968777938298611 0.0542420558088813
   endloop
endfacet
facet normal 0.1324344060769 -0.99014433232221 0.0455557818203521
   outer loop
      vertex 0.0204519914037977 0.950477264928145 -0.0525678300008713
      vertex 0.0367361001752485 0.950074812118474 -0.108654292356792
      vertex 0.0394248127628795 0.950476982461692 -0.107729522116273
   endloop
endfacet
facet normal 0.870112025645643 0.391589123605469 0.299270815651539
   outer loop
      vertex 0.0455936657497044 0.966665756820135 -0.10560782056027
      vertex 0.0466569919850994 0.96402353215353 -0.105242086612158
      vertex 0.0656297133662052 0.964023247586374 -0.160403768728007
   endloop
endfacet
facet normal -0.582871984064932 0.787443610081466 -0.200481448353901
   outer loop
      vertex 0.0503212104292414 0.970546844520233 -0.165669176870436
      vertex 0.0692939318124651 0.970546559847443 -0.220830848986843
      vertex 0.0481828975170194 0.968776805487015 -0.166404622657637
   endloop
endfacet
facet normal -0.325207458956166 5.01739303251663e-007 0.945642696074486
   outer loop
      vertex -0.122572294784198 0.968779353154119 0.330050466388569
      vertex -0.124204535113021 0.966484436620226 0.329489138541914
      vertex -0.124104268199562 0.955484969398457 0.329523626268773
   endloop
endfacet
facet normal -0.132465662203646 0.990139657483533 -0.0455665119944734
   outer loop
      vertex 0.0175628449566328 0.972074031657342 -0.0535616356918703
      vertex 0.0365356663114776 0.972073749402159 -0.108723347806154
      vertex 0.0148741343512448 0.971671761973419 -0.0544864669856033
   endloop
endfacet
facet normal 0.114407222352574 0.99265449299795 0.0393452030691338
   outer loop
      vertex 0.0392311349032695 0.971726338666052 -0.107796227071191
      vertex 0.0582039562665903 0.971726055988329 -0.162957899187708
      vertex 0.0365356663114776 0.972073749402159 -0.108723347806154
   endloop
endfacet
facet normal 0.353442954727352 0.927524032261686 0.12156170174287
   outer loop
      vertex 0.0607225712039573 0.9706527748638 -0.162091612112253
      vertex 0.07969539256516 0.970652492291712 -0.217253294228212
      vertex 0.0582039562665903 0.971726055988329 -0.162957899187708
   endloop
endfacet
facet normal -0.877101059927093 0.373741694280915 -0.301680089881319
   outer loop
      vertex -0.0862589923791899 0.966483869903521 0.219165734312338
      vertex -0.0672861710222242 0.966483587542704 0.164004032197496
      vertex -0.0872738573589579 0.963820432863926 0.218816694631288
   endloop
endfacet
facet normal 0.568394081001885 0.799193350803894 0.195494646251162
   outer loop
      vertex 0.0628927394937352 0.968926742411319 -0.161345183238599
      vertex 0.081865560854937 0.96892645983923 -0.216506865354558
      vertex 0.0607225712039573 0.9706527748638 -0.162091612112253
   endloop
endfacet
facet normal -0.938684061589123 0.120969054615529 -0.322860217964328
   outer loop
      vertex -0.106246678737111 0.963820716281094 0.273978296751714
      vertex -0.106575175083238 0.960970229866925 0.273865348917674
      vertex -0.125547996440202 0.960970512227742 0.329027051032517
   endloop
endfacet
facet normal 0.938682588726812 -0.120980265782915 0.322860299374553
   outer loop
      vertex -0.0667995341917002 0.961181910162823 0.22585877737565
      vertex -0.0481552091808634 0.958331141387837 0.170584127426768
      vertex -0.0478267128135474 0.961181626745655 0.170697175255226
   endloop
endfacet
facet normal -0.938683880759301 0.120969054608526 -0.322860743711245
   outer loop
      vertex -0.106246678737111 0.963820716281094 0.273978296751714
      vertex -0.0872738573589579 0.963820432863926 0.218816694631288
      vertex -0.106575175083238 0.960970229866925 0.273865348917674
   endloop
endfacet
facet normal 0.936304908778361 0.140085716083847 0.322038988240275
   outer loop
      vertex 0.084602534727407 0.964022965014286 -0.215565450843966
      vertex 0.084982936732651 0.961179646851605 -0.215434609555821
      vertex 0.103955658113757 0.96117936228445 -0.270596291671671
   endloop
endfacet
facet normal 0.936305091242822 0.140080186499741 0.322040863032891
   outer loop
      vertex -0.0102614700993119 0.964024279684008 0.0602429786780413
      vertex 0.00909175125734489 0.961180779663201 0.00521206891069794
      vertex 0.00871134926269589 0.964024097297705 0.00508127761976094
   endloop
endfacet
facet normal 0.938687458080985 -0.120943197577925 0.322860030045663
   outer loop
      vertex 0.00909175125734489 0.961180779663201 0.00521206891069794
      vertex 0.0277360762681817 0.958330010888214 -0.0500625810381864
      vertex 0.0280644706604447 0.961180594225481 -0.0499495321530554
   endloop
endfacet
facet normal -0.877086594473057 0.373779655638907 -0.301675114694791
   outer loop
      vertex -0.105231713756057 0.966484154259409 0.274327436427072
      vertex -0.106246678737111 0.963820716281094 0.273978296751714
      vertex -0.125219500094075 0.963820998641911 0.329139998866556
   endloop
endfacet
facet normal 0.755741975040989 -0.601070101185458 0.259939994271849
   outer loop
      vertex 0.0456938326915414 0.955666287180759 -0.105573292835534
      vertex 0.0630345136913042 0.953371090703656 -0.161296362794907
      vertex 0.0646666540527432 0.955666004608671 -0.160734974951493
   endloop
endfacet
facet normal 0.132465627824152 -0.990139657483275 0.0455666119440064
   outer loop
      vertex -0.0744120154221161 0.950478679783653 0.223240580578814
      vertex -0.0771007260275041 0.95007641009973 0.222315749285082
      vertex -0.0581279046493523 0.950076126682561 0.167154147164658
   endloop
endfacet
facet normal 0.58285100703895 -0.787460712143328 0.20047526137757
   outer loop
      vertex 0.0440616923279825 0.95337137338138 -0.10613469067839
      vertex 0.0419233774208065 0.951601434322676 -0.106870135409028
      vertex 0.0608961987841272 0.951601151644953 -0.162031807525545
   endloop
endfacet
facet normal 0.132470669292659 -0.990138916340238 0.0455680603683477
   outer loop
      vertex 0.0773703555073051 0.950476415216813 -0.218052876348639
      vertex 0.0746817448968461 0.950074146788511 -0.218977637646389
      vertex 0.0936544662779528 0.950073862221354 -0.274139319762239
   endloop
endfacet
facet normal 0.353431625209117 0.927528726874589 0.121558821664434
   outer loop
      vertex 0.0961495989889948 0.971725490844153 -0.273281263419627
      vertex 0.117641033292607 0.970652027122052 -0.327576657403567
      vertex 0.115122318377262 0.971725306145878 -0.328442934479471
   endloop
endfacet
facet normal -0.56841434004602 -0.799177604219893 -0.195500114944721
   outer loop
      vertex -0.0253964454404407 0.951496251615223 0.0550373551235463
      vertex -0.0275666157294127 0.953222384253491 0.0542909073075713
      vertex -0.00859379237749189 0.953222001918158 -0.000870795863833989
   endloop
endfacet
facet normal 0.744628279445116 0.616389153083719 0.256111572193335
   outer loop
      vertex -0.0509440887145704 0.968928440895265 0.169624809462629
      vertex -0.0302975217120816 0.966666989183707 0.11503889896058
      vertex -0.0319712673364166 0.968928157478096 0.114463207342204
   endloop
endfacet
facet normal 0.568413418464866 0.799177987024083 0.1955012295747
   outer loop
      vertex -0.0720869783642621 0.970654756858552 0.224040162699242
      vertex -0.0509440887145704 0.968928440895265 0.169624809462629
      vertex -0.0531141570072993 0.970654474497735 0.168878460584399
   endloop
endfacet
facet normal 0.744643724349614 0.616368399883591 0.25611661291622
   outer loop
      vertex 0.100838382216139 0.968926177267142 -0.271668547470518
      vertex 0.102512027860377 0.966665006977684 -0.271092855852033
      vertex 0.121484849225816 0.966664724194326 -0.326254517969108
   endloop
endfacet
facet normal 0.353432157710241 0.927528726874759 0.121557273407941
   outer loop
      vertex -0.0531141570072993 0.970654474497735 0.168878460584399
      vertex -0.0341414356304306 0.970654190141848 0.113716758469666
      vertex -0.0556328719226443 0.97172775352156 0.168012183508497
   endloop
endfacet
facet normal -0.93630350240553 -0.14009124566116 -0.322040671767159
   outer loop
      vertex -0.0117111682573239 0.960968815011416 -0.00194306166201198
      vertex 0.00726165312082891 0.960968531594248 -0.0571046637824383
      vertex -0.0113307662414869 0.958125496320561 -0.00181217037665998
   endloop
endfacet
facet normal 0.568393557058551 0.799194134318043 0.195492966538346
   outer loop
      vertex -0.0319712673364166 0.968928157478096 0.114463207342204
      vertex -0.0129984439844968 0.968927775142763 0.0593015041707983
      vertex -0.0341414356304306 0.970654190141848 0.113716758469666
   endloop
endfacet
facet normal 0.938683896225451 -0.120970175731394 0.322860278681851
   outer loop
      vertex 0.0470372920131704 0.961180312075933 -0.105111254266782
      vertex 0.0467087956649254 0.958329825767398 -0.105224212100263
      vertex 0.0656816170261282 0.958329543195311 -0.160385894216222
   endloop
endfacet
facet normal -0.936303791783164 -0.140090018429709 -0.322040364285027
   outer loop
      vertex 0.0641800172201002 0.960967682094186 -0.222589730129089
      vertex 0.083152838583421 0.960967399416463 -0.277751402245607
      vertex 0.0645604172303872 0.958124463906021 -0.222458887784381
   endloop
endfacet
facet normal -0.755739895225998 0.601073067314479 -0.259939182334949
   outer loop
      vertex -0.00873556656022789 0.968777652886373 -0.000919546311432989
      vertex 0.0102372547967359 0.968777370525555 -0.0560812484262763
      vertex -0.0103677069301439 0.9664827394039 -0.00148097415261498
   endloop
endfacet
facet normal -0.877090358393978 0.373769778499245 -0.301676409241672
   outer loop
      vertex -0.0103677069301439 0.9664827394039 -0.00148097415261498
      vertex 0.00860511442681989 0.966482457043082 -0.0566426762674583
      vertex -0.0113826718900079 0.963819300369235 -0.00183001383355398
   endloop
endfacet
facet normal 0.877093577080881 -0.373761197668017 0.301677682570709
   outer loop
      vertex 0.0656816170261282 0.958329543195311 -0.160385894216222
      vertex 0.0646666540527432 0.955666004608671 -0.160734974951493
      vertex 0.083639475416064 0.955665721930947 -0.21589664706801
   endloop
endfacet
facet normal 0.755727256270849 -0.60109079624002 0.25993493186733
   outer loop
      vertex 0.083639475416064 0.955665721930947 -0.21589664706801
      vertex 0.082007235074528 0.953370806030865 -0.216458034911315
      vertex 0.10098005643573 0.953370523458777 -0.271619717027275
   endloop
endfacet
facet normal 0.370263567372547 -0.920154982766818 0.127356579594273
   outer loop
      vertex 0.0229505580587977 0.951601616708978 -0.0517084343507484
      vertex 0.0204519914037977 0.950477264928145 -0.0525678300008713
      vertex 0.0394248127628795 0.950476982461692 -0.107729522116273
   endloop
endfacet
facet normal 0.5828660389883 -0.787448540869535 0.200479365712607
   outer loop
      vertex 0.10098005643573 0.953370523458777 -0.271619717027275
      vertex 0.0988418415086498 0.951600586395143 -0.272355161758022
      vertex 0.117814562889755 0.951600301827986 -0.32751684387387
   endloop
endfacet
facet normal -0.132467486669122 0.990139384049444 -0.0455671496777407
   outer loop
      vertex -0.0393555191553535 0.972074881791215 0.111923370658132
      vertex -0.0203826977983878 0.972074599430397 0.0567616685432883
      vertex -0.0420442297395515 0.97167261105094 0.110998639358817
   endloop
endfacet
facet normal 0.370291813868577 -0.920142356192924 0.127365681883516
   outer loop
      vertex 0.0988418415086498 0.951600586395143 -0.272355161758022
      vertex 0.115315998229709 0.950475850072637 -0.328376240580558
      vertex 0.117814562889755 0.951600301827986 -0.32751684387387
   endloop
endfacet
facet normal 0.13246562782415 -0.990139657483275 0.0455666119440107
   outer loop
      vertex -0.0933848368002698 0.950478963200822 0.278402182699239
      vertex -0.0771007260275041 0.95007641009973 0.222315749285082
      vertex -0.0744120154221161 0.950478679783653 0.223240580578814
   endloop
endfacet
facet normal 0.370280956180999 -0.920147154187366 0.127362585285381
   outer loop
      vertex 0.0988418415086498 0.951600586395143 -0.272355161758022
      vertex 0.0963431768685088 0.950476132644725 -0.273214558464599
      vertex 0.115315998229709 0.950475850072637 -0.328376240580558
   endloop
endfacet
facet normal 0.132467480418796 -0.990139384049316 0.0455671678507424
   outer loop
      vertex 0.0963431768685088 0.950476132644725 -0.273214558464599
      vertex 0.11262728764551 0.950073579332362 -0.329300971879873
      vertex 0.115315998229709 0.950475850072637 -0.328376240580558
   endloop
endfacet
facet normal 0.353414471706774 0.92753617207928 0.121551884694312
   outer loop
      vertex 0.0986682119335248 0.970652309588505 -0.272414965288167
      vertex 0.117641033292607 0.970652027122052 -0.327576657403567
      vertex 0.0961495989889948 0.971725490844153 -0.273281263419627
   endloop
endfacet
facet normal -0.370291617678677 0.920142356191822 -0.127366252275359
   outer loop
      vertex 0.0528197750892873 0.971671296275583 -0.164809780163749
      vertex 0.0717925964504881 0.971671013703495 -0.219971462279708
      vertex 0.0503212104292414 0.970546844520233 -0.165669176870436
   endloop
endfacet
facet normal -0.325145761175047 -5.24842522849098e-007 0.945663911751751
   outer loop
      vertex -0.125167594445553 0.958127194593238 0.329157842323452
      vertex -0.125219500094075 0.963820998641911 0.329139998866556
      vertex -0.125547996440202 0.960970512227742 0.329027051032517
   endloop
endfacet
facet normal -0.325217471000079 9.16244112440191e-008 0.945639252863535
   outer loop
      vertex -0.120260452287543 0.951497667527082 0.330845665708815
      vertex -0.120434079848643 0.970549289795213 0.330785951117083
      vertex -0.12243062056037 0.953223699134484 0.330099316830696
   endloop
endfacet
facet normal -0.938683291491644 0.120980265739217 -0.322858256168371
   outer loop
      vertex -0.0683010360019932 0.963820150503109 0.163654992516446
      vertex -0.0493283146251264 0.963819866147222 0.108493290401713
      vertex -0.0686295323693092 0.960969665145289 0.163541944687988
   endloop
endfacet
facet normal 0.744655901566926 0.61635183476872 0.256121073008022
   outer loop
      vertex 0.00597437537751293 0.968927592756461 0.00413980311251895
      vertex 0.00764802301670591 0.966666322492487 0.00471549367443994
      vertex 0.0266208443948597 0.966666039075317 -0.0504461084459844
   endloop
endfacet
facet normal -0.582874836709966 0.787440919503032 -0.20048372258752
   outer loop
      vertex -0.08248843912967 0.970548825048093 0.220462547943959
      vertex -0.0635156177515162 0.970548541630925 0.165300945823536
      vertex -0.084626752029177 0.968778785381064 0.21972716215341
   endloop
endfacet
facet normal -0.325291750621633 -3.5753320574508e-007 0.945613703886204
   outer loop
      vertex -0.124104268199562 0.955484969398457 0.329523626268773
      vertex -0.124204535113021 0.966484436620226 0.329489138541914
      vertex -0.125167594445553 0.958127194593238 0.329157842323452
   endloop
endfacet
facet normal -0.582849319341574 0.787462505744358 -0.200473122861597
   outer loop
      vertex -0.101461258491678 0.970549007434395 0.27562424900224
      vertex -0.08248843912967 0.970548825048093 0.220462547943959
      vertex -0.103599573407331 0.968779068798232 0.274888764273835
   endloop
endfacet
facet normal -0.132465659078637 0.990139657483451 -0.0455665210809126
   outer loop
      vertex -0.0583283405123173 0.972075164152033 0.167085072772974
      vertex -0.0393555191553535 0.972074881791215 0.111923370658132
      vertex -0.0610170511177043 0.971672894468109 0.166160241479241
   endloop
endfacet
facet normal -0.755725176463805 0.601093762197214 -0.259934119934938
   outer loop
      vertex -0.084626752029177 0.968778785381064 0.21972716215341
      vertex -0.0656539306722122 0.968778503020246 0.164565460038568
      vertex -0.0862589923791899 0.966483869903521 0.219165734312338
   endloop
endfacet
facet normal 0.114407321594356 0.992654480829575 0.039345221496042
   outer loop
      vertex -0.0556328719226443 0.97172775352156 0.168012183508497
      vertex -0.0366600505656796 0.971727471160742 0.112850481393653
      vertex -0.0583283405123173 0.972075164152033 0.167085072772974
   endloop
endfacet
facet normal 0.325188905318158 -5.03501768316318e-006 -0.945649076472148
   outer loop
      vertex 0.102505959966338 0.958123897083683 -0.332782282014515
      vertex 0.102125659946742 0.96096711673874 -0.332913074362124
      vertex 0.102454156292869 0.963817603152909 -0.332800126528085
   endloop
endfacet
facet normal 0.325251040516329 -8.50349442967941e-006 -0.945627707171663
   outer loop
      vertex 0.103569288207284 0.955481571914387 -0.332416499125757
      vertex 0.102454156292869 0.963817603152909 -0.332800126528085
      vertex 0.103469019277681 0.966481140167021 -0.332451085790471
   endloop
endfacet
facet normal -0.870111690216449 -0.391588177356037 -0.299273029028094
   outer loop
      vertex 0.0455875978620214 0.958124646609229 -0.167297216724427
      vertex 0.0645604172303872 0.958124463906021 -0.222458887784381
      vertex 0.0466509240952994 0.955482422048259 -0.166931492775757
   endloop
endfacet
facet normal 0.870109665143135 0.391593854848393 0.299271487899328
   outer loop
      vertex 0.00764802301670591 0.966666322492487 0.00471549367443994
      vertex 0.00871134926269589 0.964024097297705 0.00508127761976094
      vertex 0.0276841706196607 0.964023814936888 -0.0500804244950814
   endloop
endfacet
facet normal 0.744641145207434 0.616371903197849 0.256115680528199
   outer loop
      vertex 0.0439199181304125 0.968927025089041 -0.106183511122082
      vertex 0.0645664871109062 0.966665474248047 -0.160769502676229
      vertex 0.0628927394937352 0.968926742411319 -0.161345183238599
   endloop
endfacet
facet normal 0.870118127827468 0.391572303039723 0.299275082688467
   outer loop
      vertex -0.0682431624310532 0.966667453930828 0.225362302133701
      vertex -0.0482070148492884 0.964024947431579 0.170566283969762
      vertex -0.0492703430690464 0.966667271544524 0.170200601075422
   endloop
endfacet
facet normal -0.936303722210926 -0.140090018430006 -0.322040566559938
   outer loop
      vertex 0.0641800172201002 0.960967682094186 -0.222589730129089
      vertex 0.0645604172303872 0.958124463906021 -0.222458887784381
      vertex 0.0455875978620214 0.958124646609229 -0.167297216724427
   endloop
endfacet
facet normal 0.870113308539139 0.391584392328816 0.299273276434005
   outer loop
      vertex -0.0872159838092069 0.966667737347995 0.280523904254126
      vertex -0.0671798362062522 0.964025229792396 0.225727986084605
      vertex -0.0682431624310532 0.966667453930828 0.225362302133701
   endloop
endfacet
facet normal -0.870127702871507 -0.39154890821069 -0.299277852796647
   outer loop
      vertex 0.083533238591588 0.958124181333934 -0.277620569900341
      vertex 0.084596466841844 0.955481854697744 -0.277254837008682
      vertex 0.0656236454785232 0.955482137375467 -0.222093164892164
   endloop
endfacet
facet normal -0.936304367388804 -0.140085716084872 -0.322040562286244
   outer loop
      vertex 0.0452071958567794 0.960967964771908 -0.167428058012572
      vertex 0.0455875978620214 0.958124646609229 -0.167297216724427
      vertex 0.0266147764987017 0.958124929286952 -0.11213554460791
   endloop
endfacet
facet normal -0.936310014840427 -0.140047812528617 -0.322040628361499
   outer loop
      vertex 0.00726165312082891 0.960968531594248 -0.0571046637824383
      vertex 0.00764195513538091 0.958125211964675 -0.0569738724913933
      vertex -0.0113307662414869 0.958125496320561 -0.00181217037665998
   endloop
endfacet
facet normal -0.132433312858954 0.990144496309672 -0.0455553956504455
   outer loop
      vertex -0.0989626938316318 0.971673459189745 0.276483645708927
      vertex -0.077301159874324 0.972075346538335 0.222246773831254
      vertex -0.079989872474668 0.971673176828927 0.221321943594084
   endloop
endfacet
facet normal -0.582854210822015 0.787458021703178 -0.200476514790046
   outer loop
      vertex 0.0123755696911998 0.970547310218069 -0.0553458636922903
      vertex 0.0313483910629946 0.970547027117806 -0.11050749581104
      vertex 0.0102372547967359 0.968777370525555 -0.0560812484262763
   endloop
endfacet
facet normal -0.877090358393903 0.37376977849945 -0.301676409241635
   outer loop
      vertex 0.00860511442681989 0.966482457043082 -0.0566426762674583
      vertex 0.00759014946695591 0.963819018008418 -0.0569917159483983
      vertex -0.0113826718900079 0.963819300369235 -0.00183001383355398
   endloop
endfacet
facet normal 0.325233749712149 -5.93490202579621e-006 -0.945633654230301
   outer loop
      vertex 0.11262728764551 0.950073579332362 -0.329300971879873
      vertex 0.109738141198346 0.971670346061559 -0.330294777570871
      vertex 0.112426851782545 0.972072616801835 -0.329370046271556
   endloop
endfacet
facet normal -0.325228717712465 3.24121739450324e-006 0.945635384894517
   outer loop
      vertex -0.106088538252713 0.955668552487045 0.335720094095829
      vertex -0.106188705186075 0.966668021703881 0.335685606368861
      vertex -0.107720678601441 0.95337363794822 0.335158766249065
   endloop
endfacet
facet normal -0.87011453035244 -0.391581765366573 -0.299273161345871
   outer loop
      vertex -0.0492764109715594 0.958126162073064 0.108511134915171
      vertex -0.0482130827306144 0.955483836903768 0.10887691780393
      vertex -0.0671859040875782 0.955484119264585 0.164038619918772
   endloop
endfacet
facet normal 0.353439892990915 0.927525342294804 0.121560608107551
   outer loop
      vertex -0.112551236034629 0.971728603655433 0.333497189858497
      vertex -0.0910597997212269 0.970655039219371 0.279201864814085
      vertex -0.0935784146776639 0.971728321294616 0.278335487743654
   endloop
endfacet
facet normal 0.325233749712164 -5.93490202564569e-006 -0.945633654230296
   outer loop
      vertex 0.115315998229709 0.950475850072637 -0.328376240580558
      vertex 0.11262728764551 0.950073579332362 -0.329300971879873
      vertex 0.112426851782545 0.972072616801835 -0.329370046271556
   endloop
endfacet
facet normal -0.938682769558549 0.120980265771701 -0.322859773628893
   outer loop
      vertex -0.0113826718900079 0.963819300369235 -0.00183001383355398
      vertex -0.0117111682573239 0.960968815011416 -0.00194306166201198
      vertex -0.0306839896142886 0.960969097372234 0.0532186404528293
   endloop
endfacet
facet normal 0.87011330853903 0.391584392329104 0.299273276433947
   outer loop
      vertex 0.00764802301670591 0.966666322492487 0.00471549367443994
      vertex 0.0276841706196607 0.964023814936888 -0.0500804244950814
      vertex 0.0266208443948597 0.966666039075317 -0.0504461084459844
   endloop
endfacet
facet normal 0.744623488585338 0.616396001535403 0.256109018853631
   outer loop
      vertex -0.0699169100503431 0.968928722199732 0.224786611571889
      vertex -0.0492703430690464 0.966667271544524 0.170200601075422
      vertex -0.0509440887145704 0.968928440895265 0.169624809462629
   endloop
endfacet
facet normal -0.744640707913798 -0.616372588056839 -0.256115303739843
   outer loop
      vertex 0.0276781027340967 0.955482704620347 -0.111769810659798
      vertex 0.0293518503533866 0.953221436351442 -0.111194120097986
      vertex 0.0103790290006609 0.953221718500988 -0.0560323979842593
   endloop
endfacet
facet normal 0.32526549126297 -5.23803849985372e-006 -0.94562273670107
   outer loop
      vertex 0.107413104140493 0.95149426898666 -0.331094359691298
      vertex 0.105243033831619 0.953220403619996 -0.331840807507383
      vertex 0.10510126162265 0.968775955670047 -0.331889659005962
   endloop
endfacet
facet normal -0.325246785756185 5.08782988335357e-006 0.945629170621013
   outer loop
      vertex -0.110032621099381 0.970655322636538 0.33436346693451
      vertex -0.112551236034629 0.971728603655433 0.333497189858497
      vertex -0.112357658157234 0.95047924556164 0.333563884814083
   endloop
endfacet
facet normal -0.744628081877407 -0.616389153085244 -0.256112146604625
   outer loop
      vertex -0.0482130827306144 0.955483836903768 0.10887691780393
      vertex -0.0465393371062804 0.953222668609377 0.109452609422305
      vertex -0.0655121564682872 0.95322285099568 0.164614310480585
   endloop
endfacet
facet normal 0.325258011198925 -6.26168403519638e-006 -0.945625309576532
   outer loop
      vertex 0.119952877805408 0.953370240464149 -0.326781359145466
      vertex 0.117814562889755 0.951600301827986 -0.32751684387387
      vertex 0.117641033292607 0.970652027122052 -0.327576657403567
   endloop
endfacet
facet normal 0.325310206988828 5.45681612137174e-007 -0.945607354681946
   outer loop
      vertex 0.122599983135186 0.958328592981286 -0.325870891623344
      vertex 0.121585116139274 0.955665256972557 -0.326220030242249
      vertex 0.121484849225816 0.966664724194326 -0.326254517969108
   endloop
endfacet
facet normal 0.370291752687865 -0.920142356192605 0.127365859757123
   outer loop
      vertex -0.0908861721601279 0.95160341695124 0.279261579405817
      vertex -0.0744120154221161 0.950478679783653 0.223240580578814
      vertex -0.0719134507620711 0.951603131539002 0.224099977285502
   endloop
endfacet
facet normal -0.353443308780132 -0.92752388669997 -0.12156178297283
   outer loop
      vertex -0.0228778305051927 0.950422970596329 0.0559036321995593
      vertex -0.00642362408347692 0.951495969254405 -0.000124346991296998
      vertex -0.00390500914822895 0.950422688235511 0.000741930084716991
   endloop
endfacet
facet normal -0.325317900471581 1.43258405237727e-005 0.945604707807408
   outer loop
      vertex -0.105073573271659 0.958331990465358 0.336069233771187
      vertex -0.10512547894137 0.964025795570382 0.336051290319873
      vertex -0.106088538252713 0.955668552487045 0.335720094095829
   endloop
endfacet
facet normal -0.353443130898731 -0.927524032258431 -0.121561189544871
   outer loop
      vertex 0.0150678122087358 0.950422405874694 -0.0544197720301263
      vertex 0.0315219186630676 0.951495401903891 -0.110447691224222
      vertex 0.0340405336004346 0.950422120779361 -0.109581404148767
   endloop
endfacet
facet normal 0.75574293073372 -0.601069279967374 0.259939114650932
   outer loop
      vertex 0.102612296777266 0.955665439358859 -0.27105832918397
      vertex 0.119952877805408 0.953370240464149 -0.326781359145466
      vertex 0.121585116139274 0.955665256972557 -0.326220030242249
   endloop
endfacet
facet normal 0.132471161020288 -0.990138834301648 0.0455684134649364
   outer loop
      vertex -0.0364664726882845 0.950478113066948 0.112917176349239
      vertex -0.0391550832923875 0.950075844321743 0.111992445049814
      vertex -0.0201822619354237 0.950075561960925 0.0568307429349713
   endloop
endfacet
facet normal 0.93630949133328 0.140047812521996 0.322042150419814
   outer loop
      vertex -0.0861526575632159 0.964025512153214 0.280889688199448
      vertex -0.0667995341917002 0.961181910162823 0.22585877737565
      vertex -0.0671798362062522 0.964025229792396 0.225727986084605
   endloop
endfacet
facet normal 0.582850972095603 -0.787460712142402 0.200475362973589
   outer loop
      vertex 0.0250888709583057 0.953371656376008 -0.0509730485601984
      vertex 0.0419233774208065 0.951601434322676 -0.106870135409028
      vertex 0.0440616923279825 0.95337137338138 -0.10613469067839
   endloop
endfacet
facet normal -0.325260044395638 7.27812300570047e-006 0.9456246102269
   outer loop
      vertex -0.12243062056037 0.953223699134484 0.330099316830696
      vertex -0.122572294784198 0.968779353154119 0.330050466388569
      vertex -0.124104268199562 0.955484969398457 0.329523626268773
   endloop
endfacet
facet normal 0.132471714148662 -0.990138834309285 0.045566805277143
   outer loop
      vertex -0.0174936513313208 0.950477830706132 0.0577554742343963
      vertex -0.0201822619354237 0.950075561960925 0.0568307429349713
      vertex -0.00120944257341499 0.950075379574623 0.00166904187669198
   endloop
endfacet
facet normal -0.132433375673707 0.990144496310126 -0.0455552130324651
   outer loop
      vertex -0.117935415208501 0.97167374354563 0.33164534782366
      vertex -0.0962739812312878 0.972075628899153 0.277408475946097
      vertex -0.0989626938316318 0.971673459189745 0.276483645708927
   endloop
endfacet
facet normal -0.370291632973873 0.920142356191931 -0.127366207806876
   outer loop
      vertex -0.0989626938316318 0.971673459189745 0.276483645708927
      vertex -0.079989872474668 0.971673176828927 0.221321943594084
      vertex -0.101461258491678 0.970549007434395 0.27562424900224
   endloop
endfacet
facet normal 0.582854292353586 -0.787458021708071 0.20047627773034
   outer loop
      vertex -0.0887479572245719 0.953373353592333 0.279997064134332
      vertex -0.0719134507620711 0.951603131539002 0.224099977285502
      vertex -0.0697751358676081 0.953373071231517 0.224835362019488
   endloop
endfacet
facet normal -0.936307890676164 -0.140063173234955 -0.322040123836932
   outer loop
      vertex -0.0686295323693092 0.960969665145289 0.163541944687988
      vertex -0.0682492323285242 0.958126444433881 0.163672837030015
      vertex -0.0872219517104359 0.958126628815252 0.218834538088184
   endloop
endfacet
facet normal -0.87710088942453 0.373741694276944 -0.301680585602881
   outer loop
      vertex -0.0862589923791899 0.966483869903521 0.219165734312338
      vertex -0.0872738573589579 0.963820432863926 0.218816694631288
      vertex -0.106246678737111 0.963820716281094 0.273978296751714
   endloop
endfacet
facet normal 0.755741847418712 -0.601070842714296 0.259938650644492
   outer loop
      vertex 0.0267211113083167 0.95566657185355 -0.0504116207191254
      vertex 0.0440616923279825 0.95337137338138 -0.10613469067839
      vertex 0.0456938326915414 0.955666287180759 -0.105573292835534
   endloop
endfacet
facet normal 0.568414905824852 0.799176428876985 0.195503274559671
   outer loop
      vertex 0.07969539256516 0.970652492291712 -0.217253294228212
      vertex 0.100838382216139 0.968926177267142 -0.271668547470518
      vertex 0.0986682119335248 0.970652309588505 -0.272414965288167
   endloop
endfacet
facet normal -0.132433312858956 0.990144496309672 -0.0455553956504461
   outer loop
      vertex -0.0962739812312878 0.972075628899153 0.277408475946097
      vertex -0.077301159874324 0.972075346538335 0.222246773831254
      vertex -0.0989626938316318 0.971673459189745 0.276483645708927
   endloop
endfacet
facet normal -0.568429171069772 -0.799165374306152 -0.195506987054275
   outer loop
      vertex -0.0633420881755582 0.951496817393209 0.165360659358814
      vertex -0.0465393371062804 0.953222668609377 0.109452609422305
      vertex -0.0443692667974055 0.951496533976041 0.110199057238389
   endloop
endfacet
facet normal -0.132467455417631 0.990139384048769 -0.0455672405429912
   outer loop
      vertex -0.0610170511177043 0.971672894468109 0.166160241479241
      vertex -0.0393555191553535 0.972074881791215 0.111923370658132
      vertex -0.0420442297395515 0.97167261105094 0.110998639358817
   endloop
endfacet
facet normal 0.938683971174311 -0.120969054612163 0.322860480837567
   outer loop
      vertex 0.103955658113757 0.96117936228445 -0.270596291671671
      vertex 0.122599983135186 0.958328592981286 -0.325870891623344
      vertex 0.122928479481315 0.961179079395457 -0.325757943789305
   endloop
endfacet
facet normal 0.325265567190925 -5.13128862675522e-006 -0.945622710584742
   outer loop
      vertex 0.119952877805408 0.953370240464149 -0.326781359145466
      vertex 0.117641033292607 0.970652027122052 -0.327576657403567
      vertex 0.119811103601482 0.968925892488716 -0.326830209587483
   endloop
endfacet
facet normal -0.744628418694491 -0.616389153081525 -0.256111167339461
   outer loop
      vertex -0.0292403613537456 0.95548355254788 0.0537152156891973
      vertex -0.0102675399967819 0.955483270187063 -0.00144648642564598
      vertex -0.0275666157294127 0.953222384253491 0.0542909073075713
   endloop
endfacet
facet normal -0.132465659078635 0.990139657483451 -0.045566521080911
   outer loop
      vertex -0.079989872474668 0.971673176828927 0.221321943594084
      vertex -0.0583283405123173 0.972075164152033 0.167085072772974
      vertex -0.0610170511177043 0.971672894468109 0.166160241479241
   endloop
endfacet
facet normal 0.582889657351359 -0.787428747405813 0.200488441341957
   outer loop
      vertex -0.0128567717556228 0.953372221097643 0.0593503556694883
      vertex 0.00397783668193095 0.951601901064864 0.00345326776398596
      vertex 0.00611604960134192 0.953371938736826 0.00418865355464595
   endloop
endfacet
facet normal -0.744628362994922 -0.616389153082269 -0.256111329280893
   outer loop
      vertex 0.103569288207284 0.955481571914387 -0.332416499125757
      vertex 0.105243033831619 0.953220403619996 -0.331840807507383
      vertex 0.0862702124661789 0.953220686403354 -0.276679145390307
   endloop
endfacet
facet normal -0.132467486668694 0.990139384049509 -0.045567149677569
   outer loop
      vertex -0.0420442297395515 0.97167261105094 0.110998639358817
      vertex -0.0203826977983878 0.972074599430397 0.0567616685432883
      vertex -0.0230714083825877 0.971672328690123 0.0558369372439733
   endloop
endfacet
facet normal -0.936304367388798 -0.140085716084871 -0.322040562286261
   outer loop
      vertex 0.0452071958567794 0.960967964771908 -0.167428058012572
      vertex 0.0641800172201002 0.960967682094186 -0.222589730129089
      vertex 0.0455875978620214 0.958124646609229 -0.167297216724427
   endloop
endfacet
facet normal 0.582874953187174 -0.787440919510363 0.200483383919277
   outer loop
      vertex 0.00611604960134192 0.953371938736826 0.00418865355464595
      vertex 0.0229505580587977 0.951601616708978 -0.0517084343507484
      vertex 0.0250888709583057 0.953371656376008 -0.0509730485601984
   endloop
endfacet
facet normal -0.744640707913758 -0.616372588056892 -0.256115303739833
   outer loop
      vertex 0.00870528138136989 0.955482986769894 -0.0566080885460713
      vertex 0.0276781027340967 0.955482704620347 -0.111769810659798
      vertex 0.0103790290006609 0.953221718500988 -0.0560323979842593
   endloop
endfacet
facet normal 0.582848875080528 -0.787462505744592 0.200474414486767
   outer loop
      vertex -0.0508023144894544 0.953372787814347 0.169673759899064
      vertex -0.0339678080481436 0.951602566817367 0.113776573055817
      vertex -0.0318294931324906 0.95337250545353 0.114512057784221
   endloop
endfacet
facet normal -0.132469333330641 0.990139107758226 -0.0455677848340267
   outer loop
      vertex -0.0230714083825877 0.971672328690123 0.0558369372439733
      vertex -0.00140997640033098 0.97207431401816 0.00160006642297398
      vertex -0.00409858702562295 0.971672046329304 0.000675235129129992
   endloop
endfacet
facet normal 0.936303175163878 0.140095548176508 0.322039751520155
   outer loop
      vertex -0.10512547894137 0.964025795570382 0.336051290319873
      vertex -0.104745078920488 0.961182576854044 0.33618218266179
      vertex -0.0857722555685669 0.96118219451871 0.281020479490383
   endloop
endfacet
facet normal -0.132465721911187 0.990139657483949 -0.0455663384102487
   outer loop
      vertex -0.00409858702562295 0.971672046329304 0.000675235129129992
      vertex 0.0175628449566328 0.972074031657342 -0.0535616356918703
      vertex 0.0148741343512448 0.971671761973419 -0.0544864669856033
   endloop
endfacet
facet normal 0.744628784948939 0.616389153076752 0.256110102484833
   outer loop
      vertex 0.100838382216139 0.968926177267142 -0.271668547470518
      vertex 0.121484849225816 0.966664724194326 -0.326254517969108
      vertex 0.119811103601482 0.968925892488716 -0.326830209587483
   endloop
endfacet
facet normal 0.582851007038577 -0.78746071214363 0.200475261377468
   outer loop
      vertex 0.0440616923279825 0.95337137338138 -0.10613469067839
      vertex 0.0608961987841272 0.951601151644953 -0.162031807525545
      vertex 0.0630345136913042 0.953371090703656 -0.161296362794907
   endloop
endfacet
facet normal -0.755727256271099 0.601090796239658 -0.259934931867439
   outer loop
      vertex 0.0481828975170194 0.968776805487015 -0.166404622657637
      vertex 0.0671557188782232 0.968776522914928 -0.221566304773595
      vertex 0.0465506571754844 0.966481889586932 -0.166966010500942
   endloop
endfacet
facet normal -0.132466919636016 0.990139466080415 -0.0455670156158595
   outer loop
      vertex 0.0148741343512448 0.971671761973419 -0.0544864669856033
      vertex 0.0365356663114776 0.972073749402159 -0.108723347806154
      vertex 0.0338469557209206 0.97167147897879 -0.109648109103795
   endloop
endfacet
facet normal -0.938684565434234 0.120969054634806 -0.322858753073701
   outer loop
      vertex 0.00759014946695591 0.963819018008418 -0.0569917159483983
      vertex 0.0265628708459407 0.963818733546897 -0.11215340806369
      vertex 0.00726165312082891 0.960968531594248 -0.0571046637824383
   endloop
endfacet
facet normal -0.325253221966906 4.60360125016149e-006 0.945626956880436
   outer loop
      vertex -0.107862452805366 0.968929289972787 0.335109915807048
      vertex -0.110032621099381 0.970655322636538 0.33436346693451
      vertex -0.109858991522137 0.951603599337542 0.334423280464098
   endloop
endfacet
facet normal 0.370280971475644 -0.920147154187545 0.127362540817994
   outer loop
      vertex -0.0339678080481436 0.951602566817367 0.113776573055817
      vertex -0.0364664726882845 0.950478113066948 0.112917176349239
      vertex -0.0174936513313208 0.950477830706132 0.0577554742343963
   endloop
endfacet
facet normal -0.114402935231656 -0.992655046163023 -0.0393437128073647
   outer loop
      vertex -0.0201822619354237 0.950075561960925 0.0568307429349713
      vertex -0.0228778305051927 0.950422970596329 0.0559036321995593
      vertex -0.00390500914822895 0.950422688235511 0.000741930084716991
   endloop
endfacet
facet normal -0.568409446416704 -0.799181121425903 -0.195499965168009
   outer loop
      vertex 0.0315219186630676 0.951495401903891 -0.110447691224222
      vertex 0.0293518503533866 0.953221436351442 -0.111194120097986
      vertex 0.0483246717167084 0.953221153673718 -0.166355792214503
   endloop
endfacet
facet normal -0.353439830632033 -0.92752534229806 -0.121560789392249
   outer loop
      vertex -0.117741837331107 0.950424385451838 0.331712042779247
      vertex -0.120260452287543 0.951497667527082 0.330845665708815
      vertex -0.101287630909391 0.951497384109914 0.27568406358839
   endloop
endfacet
facet normal -0.132434645364155 0.990144304991608 -0.0455556802161457
   outer loop
      vertex 0.0744813090360011 0.972073184152348 -0.21904670203863
      vertex 0.0934540304192249 0.972072899479557 -0.274208374155039
      vertex 0.0717925964504881 0.971671013703495 -0.219971462279708
   endloop
endfacet
facet normal -0.568415335693954 -0.799176428876608 -0.195502024736219
   outer loop
      vertex 0.0884403827487929 0.951494554081992 -0.275932727572658
      vertex 0.0862702124661789 0.953220686403354 -0.276679145390307
      vertex 0.105243033831619 0.953220403619996 -0.331840807507383
   endloop
endfacet
facet normal 0.132438323117286 -0.990143673528062 0.0455587131319068
   outer loop
      vertex -0.112357658157234 0.95047924556164 0.333563884814083
      vertex -0.115046270756293 0.950077076790949 0.332639154571222
      vertex -0.0960735473844688 0.950076692460547 0.277477451399924
   endloop
endfacet
facet normal 0.353442948491624 0.927524032261923 0.121561719871553
   outer loop
      vertex 0.0417497498406365 0.970653057541524 -0.106929939995736
      vertex 0.0607225712039573 0.9706527748638 -0.162091612112253
      vertex 0.0392311349032695 0.971726338666052 -0.107796227071191
   endloop
endfacet
facet normal -0.353431950376092 -0.92752872687519 -0.121557876234493
   outer loop
      vertex -0.00390500914822895 0.950422688235511 0.000741930084716991
      vertex 0.0125490972933908 0.951495684898518 -0.0552860491060303
      vertex 0.0150678122087358 0.950422405874694 -0.0544197720301263
   endloop
endfacet
facet normal 0.582869980218811 -0.787445403759127 0.200480229095911
   outer loop
      vertex -0.107720678601441 0.95337363794822 0.335158766249065
      vertex -0.109858991522137 0.951603599337542 0.334423280464098
      vertex -0.0908861721601279 0.95160341695124 0.279261579405817
   endloop
endfacet
facet normal -0.870128100102567 -0.391547961939752 -0.299277935893583
   outer loop
      vertex 0.0645604172303872 0.958124463906021 -0.222458887784381
      vertex 0.083533238591588 0.958124181333934 -0.277620569900341
      vertex 0.0656236454785232 0.955482137375467 -0.222093164892164
   endloop
endfacet
facet normal -0.568393012377553 -0.799194134330998 -0.19549455013196
   outer loop
      vertex -0.120260452287543 0.951497667527082 0.330845665708815
      vertex -0.103457799203405 0.953223416773666 0.274937614715852
      vertex -0.101287630909391 0.951497384109914 0.27568406358839
   endloop
endfacet
facet normal -0.132469333330643 0.990139107758226 -0.0455677848340079
   outer loop
      vertex -0.00140997640033098 0.97207431401816 0.00160006642297398
      vertex 0.0175628449566328 0.972074031657342 -0.0535616356918703
      vertex -0.00409858702562295 0.971672046329304 0.000675235129129992
   endloop
endfacet
facet normal -0.325280485464918 4.74444924996705e-006 0.94561757902082
   outer loop
      vertex -0.117741837331107 0.950424385451838 0.331712042779247
      vertex -0.117935415208501 0.97167374354563 0.33164534782366
      vertex -0.120260452287543 0.951497667527082 0.330845665708815
   endloop
endfacet
facet normal -0.132434585677922 0.990144304990505 -0.0455558537532344
   outer loop
      vertex 0.0555084876747973 0.972073466724437 -0.163885019922672
      vertex 0.0744813090360011 0.972073184152348 -0.21904670203863
      vertex 0.0528197750892873 0.971671296275583 -0.164809780163749
   endloop
endfacet
facet normal -0.568410275201314 -0.799180729620525 -0.195499157156168
   outer loop
      vertex 0.0504947400242694 0.951495119331803 -0.165609373340181
      vertex 0.0483246717167084 0.953221153673718 -0.166355792214503
      vertex 0.0672973930978132 0.953220869106563 -0.221517474330352
   endloop
endfacet
facet normal -0.870129866427861 -0.391544176848759 -0.299277752474288
   outer loop
      vertex -0.0303035895934076 0.958125878655895 0.0533495327947473
      vertex -0.0113307662414869 0.958125496320561 -0.00181217037665998
      vertex -0.0292403613537456 0.95548355254788 0.0537152156891973
   endloop
endfacet
facet normal 0.877089195124933 -0.373772741653161 0.301676120023074
   outer loop
      vertex 0.084654440382287 0.958329160648707 -0.215547577388744
      vertex 0.102612296777266 0.955665439358859 -0.27105832918397
      vertex 0.103627261743488 0.958328878076619 -0.270709259504704
   endloop
endfacet
facet normal 0.936304981974974 0.140080186494308 0.322041180721601
   outer loop
      vertex -0.10512547894137 0.964025795570382 0.336051290319873
      vertex -0.0857722555685669 0.96118219451871 0.281020479490383
      vertex -0.0861526575632159 0.964025512153214 0.280889688199448
   endloop
endfacet
facet normal 0.870118827577114 0.391572303069029 0.299273048176819
   outer loop
      vertex -0.0492703430690464 0.966667271544524 0.170200601075422
      vertex -0.0482070148492884 0.964024947431579 0.170566283969762
      vertex -0.0292342934724206 0.964024663075692 0.115404581855029
   endloop
endfacet
facet normal 0.877093594131093 -0.373761197668142 0.301677632998996
   outer loop
      vertex 0.0467087956649254 0.958329825767398 -0.105224212100263
      vertex 0.0456938326915414 0.955666287180759 -0.105573292835534
      vertex 0.0646666540527432 0.955666004608671 -0.160734974951493
   endloop
endfacet
facet normal -0.370281167653253 0.920147154191424 -0.127361970441598
   outer loop
      vertex -0.00409858702562295 0.971672046329304 0.000675235129129992
      vertex 0.0148741343512448 0.971671761973419 -0.0544864669856033
      vertex -0.00659725166576492 0.970547592578887 -0.000184161577445998
   endloop
endfacet
facet normal 0.755745583643203 -0.601065651965422 0.259939790780821
   outer loop
      vertex -0.0301973527837646 0.955667419992353 0.115073385630984
      vertex -0.0318294931324906 0.95337250545353 0.114512057784221
      vertex -0.0128567717556228 0.953372221097643 0.0593503556694883
   endloop
endfacet
facet normal 0.936304515345018 0.140084610169309 0.322040613181386
   outer loop
      vertex 0.0656297133662052 0.964023247586374 -0.160403768728007
      vertex 0.0660101153693292 0.961179929529329 -0.160272937439304
      vertex 0.084982936732651 0.961179646851605 -0.215434609555821
   endloop
endfacet
facet normal -0.870111519777107 -0.391589123608785 -0.299272286425717
   outer loop
      vertex 0.0266147764987017 0.958124929286952 -0.11213554460791
      vertex 0.0455875978620214 0.958124646609229 -0.167297216724427
      vertex 0.0276781027340967 0.955482704620347 -0.111769810659798
   endloop
endfacet
facet normal 0.744640343256067 0.616372588060608 0.256116363949974
   outer loop
      vertex -0.0699169100503431 0.968928722199732 0.224786611571889
      vertex -0.0682431624310532 0.966667453930828 0.225362302133701
      vertex -0.0492703430690464 0.966667271544524 0.170200601075422
   endloop
endfacet
facet normal -0.325272270982594 7.15356142766192e-006 0.945620404643773
   outer loop
      vertex -0.120434079848643 0.970549289795213 0.330785951117083
      vertex -0.122572294784198 0.968779353154119 0.330050466388569
      vertex -0.12243062056037 0.953223699134484 0.330099316830696
   endloop
endfacet
facet normal 0.938683442801765 -0.120973764828615 0.322860252172697
   outer loop
      vertex -0.0857722555685669 0.96118219451871 0.281020479490383
      vertex -0.0861007539096509 0.958331808079056 0.280907532712907
      vertex -0.0671279305577302 0.958331425743723 0.225745829541501
   endloop
endfacet
facet normal 0.114374936863053 0.992658653573705 0.03933409847464
   outer loop
      vertex 0.0934540304192249 0.972072899479557 -0.274208374155039
      vertex 0.115122318377262 0.971725306145878 -0.328442934479471
      vertex 0.112426851782545 0.972072616801835 -0.329370046271556
   endloop
endfacet
facet normal 0.114370615046902 0.992659218613072 0.0393324054219618
   outer loop
      vertex -0.0203826977983878 0.972074599430397 0.0567616685432883
      vertex 0.00128559017448198 0.971727005357272 0.00252717821494897
      vertex -0.00140997640033098 0.97207431401816 0.00160006642297398
   endloop
endfacet
facet normal -0.936309457446071 -0.140052113607419 -0.322040378479375
   outer loop
      vertex 0.102125659946742 0.96096711673874 -0.332913074362124
      vertex 0.102505959966338 0.958123897083683 -0.332782282014515
      vertex 0.083533238591588 0.958124181333934 -0.277620569900341
   endloop
endfacet
facet normal -0.755725176463566 0.601093762197575 -0.259934119934796
   outer loop
      vertex -0.0466811093152494 0.968778220659428 0.109403757923724
      vertex -0.0483133496652624 0.966483305181887 0.108842330082652
      vertex -0.0672861710222242 0.966483587542704 0.164004032197496
   endloop
endfacet
facet normal 0.325280452469805 -4.10340428459504e-006 -0.94561759037372
   outer loop
      vertex 0.103569288207284 0.955481571914387 -0.332416499125757
      vertex 0.102505959966338 0.958123897083683 -0.332782282014515
      vertex 0.102454156292869 0.963817603152909 -0.332800126528085
   endloop
endfacet
facet normal -0.114370556345669 -0.992659218613767 -0.0393325760952406
   outer loop
      vertex -0.00120944257341499 0.950075379574623 0.00166904187669198
      vertex -0.00390500914822895 0.950422688235511 0.000741930084716991
      vertex 0.0150678122087358 0.950422405874694 -0.0544197720301263
   endloop
endfacet
facet normal -0.582854492018598 0.787458021720851 -0.200475697183541
   outer loop
      vertex -0.0277082879582847 0.968777938298611 0.0542420558088813
      vertex -0.00659725166576492 0.970547592578887 -0.000184161577445998
      vertex -0.00873556656022789 0.968777652886373 -0.000919546311432989
   endloop
endfacet
facet normal 0.325249849751588 -3.52627609932926e-006 -0.945628116769026
   outer loop
      vertex 0.11262728764551 0.950073579332362 -0.329300971879873
      vertex 0.109931819055837 0.950420989962835 -0.330228082615394
      vertex 0.109738141198346 0.971670346061559 -0.330294777570871
   endloop
endfacet
facet normal -0.132466929011706 0.990139466080578 -0.0455669883564418
   outer loop
      vertex 0.0365356663114776 0.972073749402159 -0.108723347806154
      vertex 0.0555084876747973 0.972073466724437 -0.163885019922672
      vertex 0.0338469557209206 0.97167147897879 -0.109648109103795
   endloop
endfacet
facet normal -0.5828709122759 0.78744450692267 -0.200481041846789
   outer loop
      vertex 0.0671557188782232 0.968776522914928 -0.221566304773595
      vertex 0.0882667531757859 0.970546277169719 -0.275992521103361
      vertex 0.0861284402593289 0.96877623834777 -0.276727986889446
   endloop
endfacet
facet normal -0.870128573053447 -0.391547961926673 -0.299276560838033
   outer loop
      vertex 0.0645604172303872 0.958124463906021 -0.222458887784381
      vertex 0.0656236454785232 0.955482137375467 -0.222093164892164
      vertex 0.0466509240952994 0.955482422048259 -0.166931492775757
   endloop
endfacet
facet normal -0.370280651375769 0.920147154181105 -0.12736347148673
   outer loop
      vertex -0.0445427963945535 0.970548259270107 0.110139243708692
      vertex -0.0230714083825877 0.971672328690123 0.0558369372439733
      vertex -0.0255700730227297 0.970547874939705 0.0549775405373953
   endloop
endfacet
facet normal 0.325234702999763 -6.49915195043099e-006 -0.945633326359862
   outer loop
      vertex 0.109931819055837 0.950420989962835 -0.330228082615394
      vertex 0.107413104140493 0.95149426898666 -0.331094359691298
      vertex 0.107239574543345 0.970545994280726 -0.331154173220994
   endloop
endfacet
facet normal -0.938687549886833 0.12093893778666 -0.322861358812863
   outer loop
      vertex 0.0265628708459407 0.963818733546897 -0.11215340806369
      vertex 0.0262344744756737 0.960968249339065 -0.112266375896723
      vertex 0.00726165312082891 0.960968531594248 -0.0571046637824383
   endloop
endfacet
facet normal 0.114407223962969 0.992654492997919 0.0393451983872503
   outer loop
      vertex 0.0555084876747973 0.972073466724437 -0.163885019922672
      vertex 0.0771767776277921 0.971725773416241 -0.218119581303667
      vertex 0.0744813090360011 0.972073184152348 -0.21904670203863
   endloop
endfacet
facet normal 0.755725027908284 -0.601093762198712 0.259934551837231
   outer loop
      vertex -0.0301973527837646 0.955667419992353 0.115073385630984
      vertex -0.0128567717556228 0.953372221097643 0.0593503556694883
      vertex -0.0112245314056109 0.955667136575185 0.0599117835105603
   endloop
endfacet
facet normal -0.938682845535957 0.120980265766962 -0.322859552733808
   outer loop
      vertex -0.0683010360019932 0.963820150503109 0.163654992516446
      vertex -0.0686295323693092 0.960969665145289 0.163541944687988
      vertex -0.0876023517313169 0.960969847531591 0.218703645746268
   endloop
endfacet
facet normal 0.755727196849837 -0.601090796238755 0.259935104629111
   outer loop
      vertex 0.102612296777266 0.955665439358859 -0.27105832918397
      vertex 0.10098005643573 0.953370523458777 -0.271619717027275
      vertex 0.119952877805408 0.953370240464149 -0.326781359145466
   endloop
endfacet
facet normal 0.877093594131032 -0.373761197668296 0.301677632998984
   outer loop
      vertex 0.0467087956649254 0.958329825767398 -0.105224212100263
      vertex 0.0646666540527432 0.955666004608671 -0.160734974951493
      vertex 0.0656816170261282 0.958329543195311 -0.160385894216222
   endloop
endfacet
facet normal 0.877086423969065 -0.373779655645372 0.301675610407576
   outer loop
      vertex -0.0481552091808634 0.958331141387837 0.170584127426768
      vertex -0.0301973527837646 0.955667419992353 0.115073385630984
      vertex -0.0291823878027116 0.958330857970667 0.115422525306343
   endloop
endfacet
facet normal -0.877089195124987 0.373772741653001 -0.301676120023114
   outer loop
      vertex 0.084496299897888 0.966481324442756 -0.27728937473286
      vertex 0.083481334931667 0.963817885724997 -0.277638444412126
      vertex 0.0645085135704652 0.963818168297086 -0.222476762296166
   endloop
endfacet
facet normal 0.870126058786256 0.391553639520798 0.299276442773422
   outer loop
      vertex -0.0302975217120816 0.966666989183707 0.11503889896058
      vertex -0.0102614700993119 0.964024279684008 0.0602429786780413
      vertex -0.0113246983601619 0.966666606848372 0.0598771957891733
   endloop
endfacet
facet normal 0.114374941691867 0.992658653573674 0.0393340844342764
   outer loop
      vertex -0.0393555191553535 0.972074881791215 0.111923370658132
      vertex -0.0176872312036708 0.971727288774441 0.0576887803353733
      vertex -0.0203826977983878 0.972074599430397 0.0567616685432883
   endloop
endfacet
facet normal 0.132433846694587 -0.990144332311758 0.0455574081854636
   outer loop
      vertex 0.0394248127628795 0.950476982461692 -0.107729522116273
      vertex 0.0367361001752485 0.950074812118474 -0.108654292356792
      vertex 0.0557089235335253 0.950074429466235 -0.163815965529872
   endloop
endfacet
facet normal 0.370280895003007 -0.920147154186326 0.1273627631554
   outer loop
      vertex -0.0149949866911788 0.951602284456549 0.0586148709409733
      vertex -0.0174936513313208 0.950477830706132 0.0577554742343963
      vertex 0.00147917004683198 0.950477547288963 0.00259387211397197
   endloop
endfacet
facet normal -0.568393012377009 -0.799194134331422 -0.19549455013181
   outer loop
      vertex -0.082314809552426 0.951497101749097 0.220522361473547
      vertex -0.084484977846441 0.953223134412847 0.219775912601009
      vertex -0.0655121564682872 0.95322285099568 0.164614310480585
   endloop
endfacet
facet normal -0.936304585251075 -0.140084488664238 -0.322040462789213
   outer loop
      vertex -0.0496568109712534 0.960969379733052 0.108380342567673
      vertex -0.0306839896142886 0.960969097372234 0.0532186404528293
      vertex -0.0492764109715594 0.958126162073064 0.108511134915171
   endloop
endfacet
facet normal 0.37028089500322 -0.920147154186229 0.127362763155482
   outer loop
      vertex -0.0908861721601279 0.95160341695124 0.279261579405817
      vertex -0.0933848368002698 0.950478963200822 0.278402182699239
      vertex -0.0744120154221161 0.950478679783653 0.223240580578814
   endloop
endfacet
facet normal 0.568429264999331 0.799165374302227 0.195506713973463
   outer loop
      vertex 0.0986682119335248 0.970652309588505 -0.272414965288167
      vertex 0.119811103601482 0.968925892488716 -0.326830209587483
      vertex 0.117641033292607 0.970652027122052 -0.327576657403567
   endloop
endfacet
facet normal -0.325245010995291 5.34084162782434e-006 0.945629781042321
   outer loop
      vertex -0.106188705186075 0.966668021703881 0.335685606368861
      vertex -0.107862452805366 0.968929289972787 0.335109915807048
      vertex -0.107720678601441 0.95337363794822 0.335158766249065
   endloop
endfacet
facet normal -0.744640680063818 -0.616372588056877 -0.256115384711974
   outer loop
      vertex -0.0861587254657309 0.955484402681754 0.219200222039196
      vertex -0.084484977846441 0.953223134412847 0.219775912601009
      vertex -0.103457799203405 0.953223416773666 0.274937614715852
   endloop
endfacet
facet normal 0.870111585637556 0.391589123608407 0.299272094941875
   outer loop
      vertex 0.0266208443948597 0.966666039075317 -0.0504461084459844
      vertex 0.0466569919850994 0.96402353215353 -0.105242086612158
      vertex 0.0455936657497044 0.966665756820135 -0.10560782056027
   endloop
endfacet
facet normal 0.370281487752027 -0.920147154196537 0.127361039773395
   outer loop
      vertex -0.109858991522137 0.951603599337542 0.334423280464098
      vertex -0.0933848368002698 0.950478963200822 0.278402182699239
      vertex -0.0908861721601279 0.95160341695124 0.279261579405817
   endloop
endfacet
facet normal 0.744640962773124 0.616372588053967 0.256114562756532
   outer loop
      vertex 0.00597437537751293 0.968927592756461 0.00413980311251895
      vertex 0.0266208443948597 0.966666039075317 -0.0504461084459844
      vertex 0.0249470967755677 0.968927307344224 -0.0510217990077974
   endloop
endfacet
facet normal -0.353431912966286 -0.927528726875198 -0.121557985004133
   outer loop
      vertex 0.0150678122087358 0.950422405874694 -0.0544197720301263
      vertex 0.0125490972933908 0.951495684898518 -0.0552860491060303
      vertex 0.0315219186630676 0.951495401903891 -0.110447691224222
   endloop
endfacet
facet normal -0.755727670867595 0.601090796248551 -0.259933726457962
   outer loop
      vertex 0.0671557188782232 0.968776522914928 -0.221566304773595
      vertex 0.0861284402593289 0.96877623834777 -0.276727986889446
      vertex 0.0655234785366862 0.966481607014845 -0.2221276926169
   endloop
endfacet
facet normal -0.370264383252722 0.920154608739804 -0.127356909939661
   outer loop
      vertex 0.0692939318124651 0.970546559847443 -0.220830848986843
      vertex 0.0907653198265499 0.971670629161823 -0.275133145452121
      vertex 0.0882667531757859 0.970546277169719 -0.275992521103361
   endloop
endfacet
facet normal -0.370280971475041 0.92014715418781 -0.127362540817831
   outer loop
      vertex -0.0255700730227297 0.970547874939705 0.0549775405373953
      vertex -0.00409858702562295 0.971672046329304 0.000675235129129992
      vertex -0.00659725166576492 0.970547592578887 -0.000184161577445998
   endloop
endfacet
facet normal 0.132437017656685 -0.990143946874557 0.0455565672749579
   outer loop
      vertex 0.00147917004683198 0.950477547288963 0.00259387211397197
      vertex -0.00120944257341499 0.950075379574623 0.00166904187669198
      vertex 0.0177632788246418 0.950075094162386 -0.0534925602436233
   endloop
endfacet
facet normal 0.744640693988629 0.616372588057104 0.256115344225841
   outer loop
      vertex 0.0249470967755677 0.968927307344224 -0.0510217990077974
      vertex 0.0266208443948597 0.966666039075317 -0.0504461084459844
      vertex 0.0455936657497044 0.966665756820135 -0.10560782056027
   endloop
endfacet
facet normal -0.877086594473077 0.373779655638855 -0.301675114694798
   outer loop
      vertex -0.0293405282871086 0.966483021764717 0.0536807279622273
      vertex -0.0303554932681616 0.963819583786404 0.0533315882868693
      vertex -0.0493283146251264 0.963819866147222 0.108493290401713
   endloop
endfacet
facet normal 0.936307436720556 0.140063173275093 0.322041443658875
   outer loop
      vertex 0.00871134926269589 0.964024097297705 0.00508127761976094
      vertex 0.0280644706604447 0.961180594225481 -0.0499495321530554
      vertex 0.0276841706196607 0.964023814936888 -0.0500804244950814
   endloop
endfacet
facet normal -0.938684288955687 0.120971296858297 -0.322858716785189
   outer loop
      vertex 0.0455356922071434 0.963818450974808 -0.167315090179649
      vertex 0.0452071958567794 0.960967964771908 -0.167428058012572
      vertex 0.0262344744756737 0.960968249339065 -0.112266375896723
   endloop
endfacet
facet normal 0.755727256270827 -0.60109079624005 0.259934931867325
   outer loop
      vertex 0.083639475416064 0.955665721930947 -0.21589664706801
      vertex 0.10098005643573 0.953370523458777 -0.271619717027275
      vertex 0.102612296777266 0.955665439358859 -0.27105832918397
   endloop
endfacet
facet normal -0.325243907016277 5.11716239571335e-006 0.945630160751338
   outer loop
      vertex -0.112357658157234 0.95047924556164 0.333563884814083
      vertex -0.112551236034629 0.971728603655433 0.333497189858497
      vertex -0.115046270756293 0.950077076790949 0.332639154571222
   endloop
endfacet
facet normal -0.325249582107493 5.84849099345894e-006 0.945628208813959
   outer loop
      vertex -0.112551236034629 0.971728603655433 0.333497189858497
      vertex -0.115246704624302 0.972076014285905 0.332570079122976
      vertex -0.115046270756293 0.950077076790949 0.332639154571222
   endloop
endfacet
facet normal -0.877090187895383 0.373769778489766 -0.301676904958524
   outer loop
      vertex -0.0103677069301439 0.9664827394039 -0.00148097415261498
      vertex -0.0113826718900079 0.963819300369235 -0.00183001383355398
      vertex -0.0303554932681616 0.963819583786404 0.0533315882868693
   endloop
endfacet
facet normal -0.370291995045094 0.920142169153677 -0.12736650639273
   outer loop
      vertex 0.0123755696911998 0.970547310218069 -0.0553458636922903
      vertex 0.0338469557209206 0.97167147897879 -0.109648109103795
      vertex 0.0313483910629946 0.970547027117806 -0.11050749581104
   endloop
endfacet
facet normal -0.938684061589127 0.12096905461549 -0.322860217964331
   outer loop
      vertex -0.0303554932681616 0.963819583786404 0.0533315882868693
      vertex -0.0306839896142886 0.960969097372234 0.0532186404528293
      vertex -0.0496568109712534 0.960969379733052 0.108380342567673
   endloop
endfacet
facet normal -0.74464054081235 -0.616372588058592 -0.256115789573084
   outer loop
      vertex -0.0102675399967819 0.955483270187063 -0.00144648642564598
      vertex 0.00870528138136989 0.955482986769894 -0.0566080885460713
      vertex -0.00859379237749189 0.953222001918158 -0.000870795863833989
   endloop
endfacet
facet normal -0.370291587088263 0.920142356191591 -0.127366341212438
   outer loop
      vertex 0.0148741343512448 0.971671761973419 -0.0544864669856033
      vertex 0.0338469557209206 0.97167147897879 -0.109648109103795
      vertex 0.0123755696911998 0.970547310218069 -0.0553458636922903
   endloop
endfacet
facet normal -0.353442606910131 -0.927524177823079 -0.121561602384107
   outer loop
      vertex 0.0719861763249581 0.950421555529551 -0.219904758381243
      vertex 0.0884403827487929 0.951494554081992 -0.275932727572658
      vertex 0.0909589976882789 0.950421272851829 -0.275066430497761
   endloop
endfacet
facet normal 0.582889973517913 -0.787428747418373 0.200487522084089
   outer loop
      vertex 0.00611604960134192 0.953371938736826 0.00418865355464595
      vertex 0.00397783668193095 0.951601901064864 0.00345326776398596
      vertex 0.0229505580587977 0.951601616708978 -0.0517084343507484
   endloop
endfacet
facet normal 0.75574237479873 -0.60107010118252 0.259938832031713
   outer loop
      vertex 0.0646666540527432 0.955666004608671 -0.160734974951493
      vertex 0.0630345136913042 0.953371090703656 -0.161296362794907
      vertex 0.082007235074528 0.953370806030865 -0.216458034911315
   endloop
endfacet
facet normal -0.370291632974029 0.920142356191861 -0.127366207806931
   outer loop
      vertex -0.00659725166576492 0.970547592578887 -0.000184161577445998
      vertex 0.0148741343512448 0.971671761973419 -0.0544864669856033
      vertex 0.0123755696911998 0.970547310218069 -0.0553458636922903
   endloop
endfacet
facet normal -0.58286357914179 0.787450334603468 -0.200479471874078
   outer loop
      vertex -0.120434079848643 0.970549289795213 0.330785951117083
      vertex -0.101461258491678 0.970549007434395 0.27562424900224
      vertex -0.122572294784198 0.968779353154119 0.330050466388569
   endloop
endfacet
facet normal -0.877090843168082 0.373769778525636 -0.301674999778902
   outer loop
      vertex -0.0483133496652624 0.966483305181887 0.108842330082652
      vertex -0.0493283146251264 0.963819866147222 0.108493290401713
      vertex -0.0683010360019932 0.963820150503109 0.163654992516446
   endloop
endfacet
facet normal -0.936303939749005 -0.140088912476914 -0.322040415183448
   outer loop
      vertex 0.083152838583421 0.960967399416463 -0.277751402245607
      vertex 0.102125659946742 0.96096711673874 -0.332913074362124
      vertex 0.083533238591588 0.958124181333934 -0.277620569900341
   endloop
endfacet
facet normal -0.936304585251077 -0.140084488664237 -0.32204046278921
   outer loop
      vertex -0.0496568109712534 0.960969379733052 0.108380342567673
      vertex -0.0492764109715594 0.958126162073064 0.108511134915171
      vertex -0.0682492323285242 0.958126444433881 0.163672837030015
   endloop
endfacet
facet normal -0.936302926752229 -0.140095548189758 -0.32204047374922
   outer loop
      vertex -0.0306839896142886 0.960969097372234 0.0532186404528293
      vertex -0.0303035895934076 0.958125878655895 0.0533495327947473
      vertex -0.0492764109715594 0.958126162073064 0.108511134915171
   endloop
endfacet
facet normal -0.877086594473049 0.373779655638928 -0.301675114694787
   outer loop
      vertex -0.124204535113021 0.966484436620226 0.329489138541914
      vertex -0.105231713756057 0.966484154259409 0.274327436427072
      vertex -0.125219500094075 0.963820998641911 0.329139998866556
   endloop
endfacet
facet normal -0.3702815602932 0.920146967170002 -0.1273621800798
   outer loop
      vertex 0.0503212104292414 0.970546844520233 -0.165669176870436
      vertex 0.0717925964504881 0.971671013703495 -0.219971462279708
      vertex 0.0692939318124651 0.970546559847443 -0.220830848986843
   endloop
endfacet
facet normal -0.870114365697424 -0.391581765374876 -0.29927364005683
   outer loop
      vertex -0.0492764109715594 0.958126162073064 0.108511134915171
      vertex -0.0303035895934076 0.958125878655895 0.0533495327947473
      vertex -0.0482130827306144 0.955483836903768 0.10887691780393
   endloop
endfacet
facet normal 0.755727241415606 -0.601090796239699 0.259934975057768
   outer loop
      vertex 0.0646666540527432 0.955666004608671 -0.160734974951493
      vertex 0.082007235074528 0.953370806030865 -0.216458034911315
      vertex 0.083639475416064 0.955665721930947 -0.21589664706801
   endloop
endfacet
facet normal -0.744640638288183 -0.616372588057741 -0.256115506170105
   outer loop
      vertex 0.0656236454785232 0.955482137375467 -0.222093164892164
      vertex 0.084596466841844 0.955481854697744 -0.277254837008682
      vertex 0.0672973930978132 0.953220869106563 -0.221517474330352
   endloop
endfacet
facet normal -0.877101059927005 0.373741694281159 -0.301680089881274
   outer loop
      vertex -0.0672861710222242 0.966483587542704 0.164004032197496
      vertex -0.0683010360019932 0.963820150503109 0.163654992516446
      vertex -0.0872738573589579 0.963820432863926 0.218816694631288
   endloop
endfacet
facet normal 0.353443308780055 0.927523886700001 0.121561782972821
   outer loop
      vertex -0.0341414356304306 0.970654190141848 0.113716758469666
      vertex -0.0151686142734668 0.970653907781031 0.0585550563548243
      vertex -0.0366600505656796 0.971727471160742 0.112850481393653
   endloop
endfacet
facet normal -0.353442948491881 -0.927524032261812 -0.121561719871659
   outer loop
      vertex 0.0530133549616373 0.950421838207274 -0.164743086264726
      vertex 0.0694675613875911 0.95149483665408 -0.220771045456698
      vertex 0.0719861763249581 0.950421555529551 -0.219904758381243
   endloop
endfacet
facet normal 0.370292229471534 -0.920142169155862 0.127365824828118
   outer loop
      vertex 0.0419233774208065 0.951601434322676 -0.106870135409028
      vertex 0.0394248127628795 0.950476982461692 -0.107729522116273
      vertex 0.0583975341439843 0.950476697894536 -0.162891204232122
   endloop
endfacet
facet normal -0.325231653413217 3.21131764838048e-006 0.945634375225326
   outer loop
      vertex -0.10512547894137 0.964025795570382 0.336051290319873
      vertex -0.106188705186075 0.966668021703881 0.335685606368861
      vertex -0.106088538252713 0.955668552487045 0.335720094095829
   endloop
endfacet
facet normal 0.93630420475061 0.140091245624122 0.322038629772593
   outer loop
      vertex -0.0482070148492884 0.964024947431579 0.170566283969762
      vertex -0.0288538914565836 0.961181344384836 0.115535473140383
      vertex -0.0292342934724206 0.964024663075692 0.115404581855029
   endloop
endfacet
facet normal 0.936308845999722 0.140052236253833 0.322042102873165
   outer loop
      vertex 0.084602534727407 0.964022965014286 -0.215565450843966
      vertex 0.103955658113757 0.96117936228445 -0.270596291671671
      vertex 0.103575356090729 0.964022682336562 -0.270727122960484
   endloop
endfacet
facet normal 0.936305056734008 0.140084610173154 0.32203903913495
   outer loop
      vertex 0.0466569919850994 0.96402353215353 -0.105242086612158
      vertex 0.0660101153693292 0.961179929529329 -0.160272937439304
      vertex 0.0656297133662052 0.964023247586374 -0.160403768728007
   endloop
endfacet
facet normal 0.936305435913089 0.140080186516061 0.322039860925982
   outer loop
      vertex 0.00871134926269589 0.964024097297705 0.00508127761976094
      vertex 0.00909175125734489 0.961180779663201 0.00521206891069794
      vertex 0.0280644706604447 0.961180594225481 -0.0499495321530554
   endloop
endfacet
facet normal 0.936304475985953 0.140084488658856 0.322040780470203
   outer loop
      vertex -0.0292342934724206 0.964024663075692 0.115404581855029
      vertex -0.00988107009961888 0.961181062024019 0.0603737710255393
      vertex -0.0102614700993119 0.964024279684008 0.0602429786780413
   endloop
endfacet
facet normal -0.744640540812128 -0.616372588058869 -0.256115789573062
   outer loop
      vertex -0.0671859040875782 0.955484119264585 0.164038619918772
      vertex -0.0655121564682872 0.95322285099568 0.164614310480585
      vertex -0.084484977846441 0.953223134412847 0.219775912601009
   endloop
endfacet
facet normal 0.114407223962965 0.992654492997919 0.0393451983872657
   outer loop
      vertex 0.0771767776277921 0.971725773416241 -0.218119581303667
      vertex 0.0961495989889948 0.971725490844153 -0.273281263419627
      vertex 0.0744813090360011 0.972073184152348 -0.21904670203863
   endloop
endfacet
facet normal -0.568409415108465 -0.799181121426865 -0.195500056191686
   outer loop
      vertex 0.0125490972933908 0.951495684898518 -0.0552860491060303
      vertex 0.0293518503533866 0.953221436351442 -0.111194120097986
      vertex 0.0315219186630676 0.951495401903891 -0.110447691224222
   endloop
endfacet
facet normal -0.370292133968728 0.92014235619366 -0.127364751243292
   outer loop
      vertex 0.0313483910629946 0.970547027117806 -0.11050749581104
      vertex 0.0528197750892873 0.971671296275583 -0.164809780163749
      vertex 0.0503212104292414 0.970546844520233 -0.165669176870436
   endloop
endfacet
facet normal -0.755713808080548 0.601110830143615 -0.259927701795039
   outer loop
      vertex 0.10510126162265 0.968775955670047 -0.331889659005962
      vertex 0.103469019277681 0.966481140167021 -0.332451085790471
      vertex 0.084496299897888 0.966481324442756 -0.27728937473286
   endloop
endfacet
facet normal -0.353443308779914 -0.927523886700063 -0.121561782972758
   outer loop
      vertex -0.0418506518621575 0.950423252957148 0.111065334314402
      vertex -0.0443692667974055 0.951496533976041 0.110199057238389
      vertex -0.0253964454404407 0.951496251615223 0.0550373551235463
   endloop
endfacet
endsolid no_name
