solid no_name
facet normal -0.127373078473395 -0.920145359281621 0.370281807104679
   outer loop
      vertex 0.218686006838506 0.794582652548988 0.081995076418414
      vertex 0.163524388798761 0.794583561932897 0.063022315123863
      vertex 0.219545408548816 0.793458209965998 0.079496476797050
   endloop
endfacet
facet normal 0.259939373650202 0.601090005341588 -0.755726357555955
   outer loop
      vertex 0.278220817406785 0.811757289662421 0.088254335454498
      vertex 0.223620496945323 0.809463157607860 0.067649320431412
      vertex 0.223059101381898 0.811758097076745 0.069281573103494
   endloop
endfacet
facet normal -0.322862473279970 -0.120926920557500 0.938688714767585
   outer loop
      vertex 0.272201863938429 0.801310264963599 0.105753230330686
      vertex 0.216927256273191 0.804161577402401 0.087108821558882
      vertex 0.217040247893638 0.801311074372993 0.086780467979575
   endloop
endfacet
facet normal -0.195490911673356 0.799185430374847 0.568406501836221
   outer loop
      vertex -0.112970386038515 0.811913335214507 -0.029845419275909
      vertex -0.112223975927463 0.813639394604574 -0.032015565323547
      vertex -0.167385591972253 0.813640204013968 -0.050988327674661
   endloop
endfacet
facet normal 0.945635318277675 -0.000016279067705 0.325228911016337
   outer loop
      vertex 0.330862867051935 0.815053256904203 0.114552666094832
      vertex 0.329868742634637 0.793456492111413 0.117442100437021
      vertex 0.330793448842000 0.793054244849104 0.114753405283227
   endloop
endfacet
facet normal 0.299267732378758 -0.391593819165554 -0.870110972892660
   outer loop
      vertex -0.051856889499434 0.801110147926713 -0.028177594982874
      vertex -0.107384263377896 0.798468752574750 -0.046087031430903
      vertex -0.107018505544224 0.801110957336107 -0.047150357333987
   endloop
endfacet
facet normal 0.322861104447166 0.120948167451917 -0.938686448195125
   outer loop
      vertex -0.162162214462497 0.806805625057253 -0.066175179271188
      vertex -0.217211038868221 0.803955928503453 -0.085476395195806
      vertex -0.217323930487383 0.806806432471578 -0.085147941622191
   endloop
endfacet
facet normal 0.200487813670523 0.787444707713084 -0.582868311768851
   outer loop
      vertex -0.218969689453440 0.813534855351934 -0.080362650055447
      vertex -0.273395988979116 0.811765674925599 -0.101473664865027
      vertex -0.274131405476208 0.813535662660624 -0.099335402407009
   endloop
endfacet
facet normal 0.127369156421337 0.920148553516674 -0.370275218524937
   outer loop
      vertex 0.221464341169718 0.814652628460682 0.073918446238815
      vertex 0.222323642878742 0.813528184938974 0.071419746623143
      vertex 0.167162026833953 0.813528994348367 0.052446984272030
   endloop
endfacet
facet normal -0.121537237621748 0.927542117987557 0.353403903813232
   outer loop
      vertex -0.222547310013284 0.813641112459160 -0.069961188963517
      vertex -0.221680950789396 0.814714280961111 -0.072479876699543
      vertex -0.276842668807120 0.814715188244317 -0.091452627994541
   endloop
endfacet
facet normal 0.127371361493048 0.920145359301342 -0.370282397674546
   outer loop
      vertex 0.000817575012937 0.814655962200268 -0.001972802097580
      vertex 0.001676976723246 0.813531519617279 -0.004471401718943
      vertex -0.053484739301640 0.813532327031604 -0.023444164069946
   endloop
endfacet
facet normal 0.299267803589419 -0.391595313145916 -0.870110276032249
   outer loop
      vertex -0.272503555663406 0.801113483027558 -0.104068783322728
      vertex -0.328031005535216 0.798472086581883 -0.121978259768440
      vertex -0.327665231704730 0.801114291662450 -0.123041585671542
   endloop
endfacet
facet normal 0.045572458270674 0.990140681092953 -0.132455965105202
   outer loop
      vertex 0.055054484850363 0.815057400053183 0.019688655407325
      vertex 0.055979291037822 0.814655154785944 0.016999960253422
      vertex 0.000817575012937 0.814655962200268 -0.001972802097580
   endloop
endfacet
facet normal 0.299268098637399 -0.391590125929255 -0.870112509054241
   outer loop
      vertex -0.217341839630044 0.801112675190693 -0.085095980973957
      vertex -0.217707695448856 0.798470368459752 -0.084032656127326
      vertex -0.272869323495087 0.798471278066694 -0.103005457419632
   endloop
endfacet
facet normal -0.301682675577934 -0.373745661413207 0.877098480121214
   outer loop
      vertex -0.223904179560256 0.798654350293062 -0.066016894068448
      vertex -0.279414872465644 0.801318651834597 -0.083974789987798
      vertex -0.279065847590050 0.798655258679437 -0.084989655362942
   endloop
endfacet
facet normal 0.322862484809668 0.120951781948792 -0.938685507689311
   outer loop
      vertex 0.003435727288562 0.803952594763866 -0.009585146859411
      vertex -0.051725988757513 0.803953403234541 -0.028558009204833
      vertex 0.003322837664355 0.806802998757476 -0.009256694342359
   endloop
endfacet
facet normal 0.945629745086285 -0.000019002208877 0.325245115023984
   outer loop
      vertex 0.333943831031144 0.809461439753275 0.105594944071382
      vertex 0.333909070949244 0.798461982187274 0.105695364191125
      vertex 0.334292835910718 0.806798046199101 0.104580078696260
   endloop
endfacet
facet normal -0.039330010422434 0.992656970120922 0.114390952223161
   outer loop
      vertex 0.109289049473111 0.814709227371870 0.041356995276932
      vertex 0.110216200875249 0.815056592638858 0.038661417758328
      vertex 0.055054484850363 0.815057400053183 0.019688655407325
   endloop
endfacet
facet normal 0.200495119767275 0.787430503665928 -0.582884987665602
   outer loop
      vertex -0.163808073387462 0.813534044886190 -0.061389787709918
      vertex -0.218234332925336 0.811764865469153 -0.082500822518423
      vertex -0.218969689453440 0.813534855351934 -0.080362650055447
   endloop
endfacet
facet normal -0.301682838811589 -0.373748968415982 0.877097014801995
   outer loop
      vertex -0.058419129428359 0.798651823967800 -0.009098408083055
      vertex -0.113929854322733 0.801316224885331 -0.027056302945810
      vertex -0.113580845474436 0.798652632438476 -0.028071270428476
   endloop
endfacet
facet normal -0.039317437646689 0.992661076095057 0.114359639308206
   outer loop
      vertex 0.219612481544072 0.814707611486869 0.079302619973357
      vertex 0.220539534961071 0.815054874784272 0.076607041398300
      vertex 0.165377816941228 0.815055782173113 0.057634280103860
   endloop
endfacet
facet normal 0.945623940252914 -0.000015498918893 0.325261991908578
   outer loop
      vertex 0.329935815608704 0.814705894688634 0.117248143618908
      vertex 0.329069456384817 0.813632726186683 0.119766831354934
      vertex 0.329009338929371 0.794581034668918 0.119940701114946
   endloop
endfacet
facet normal -0.945627661504750 0.000014326900629 -0.325251173082892
   outer loop
      vertex -0.327996309434222 0.809471542554134 -0.122078649889787
      vertex -0.327665231704730 0.801114291662450 -0.123041585671542
      vertex -0.328031005535216 0.798472086581883 -0.121978259768440
   endloop
endfacet
facet normal -0.195490911673320 0.799185430374918 0.568406501836134
   outer loop
      vertex 0.328323046273766 0.811906666796616 0.121936977402573
      vertex 0.329069456384817 0.813632726186683 0.119766831354934
      vertex 0.273907840340028 0.813633535596077 0.100794069003821
   endloop
endfacet
facet normal 0.256102917326042 -0.616400332754529 -0.744622001768143
   outer loop
      vertex -0.272869323495087 0.798471278066694 -0.103005457419632
      vertex -0.328606732870544 0.796210940405110 -0.120304489986391
      vertex -0.328031005535216 0.798472086581883 -0.121978259768440
   endloop
endfacet
facet normal 0.322861104447166 0.120948167451912 -0.938686448195126
   outer loop
      vertex -0.162049322843335 0.803955121089127 -0.066503632844804
      vertex -0.217211038868221 0.803955928503453 -0.085476395195806
      vertex -0.162162214462497 0.806805625057253 -0.066175179271188
   endloop
endfacet
facet normal -0.259945001771124 -0.601068798545080 0.755741288715777
   outer loop
      vertex -0.168181167930854 0.796358600358432 -0.048676284394999
      vertex -0.223904179560256 0.798654350293062 -0.066016894068448
      vertex -0.223342783975643 0.796359409767826 -0.067649046746112
   endloop
endfacet
facet normal -0.301683622620350 -0.373732089375900 0.877103937520170
   outer loop
      vertex -0.003257413403474 0.798651016553475 0.009874354267948
      vertex -0.058768136302890 0.801315317496489 -0.008083541651370
      vertex -0.058419129428359 0.798651823967800 -0.009098408083055
   endloop
endfacet
facet normal 0.301682105780238 0.373743664681949 -0.877099526942130
   outer loop
      vertex 0.223620496945323 0.809463157607860 0.067649320431412
      vertex 0.168807785800011 0.806800571468012 0.047661692705286
      vertex 0.168458780920436 0.809463965022185 0.048676558080409
   endloop
endfacet
facet normal -0.301682815424940 -0.373742072817391 0.877099961169445
   outer loop
      vertex 0.051904202641316 0.798650207144081 0.028847116619060
      vertex -0.003606520258100 0.801314508087095 0.010889220699743
      vertex -0.003257413403474 0.798651016553475 0.009874354267948
   endloop
endfacet
facet normal -0.301680385807180 -0.373772119600594 0.877087992979330
   outer loop
      vertex 0.107065920682348 0.798649298698888 0.047819977907919
      vertex 0.051555197782931 0.801313599641903 0.029862081988600
      vertex 0.051904202641316 0.798650207144081 0.028847116619060
   endloop
endfacet
facet normal -0.301683622620357 -0.373732089375804 0.877103937520209
   outer loop
      vertex 0.217389252752023 0.798647681875170 0.085765502610035
      vertex 0.161878529852607 0.801311982818185 0.067807606690717
      vertex 0.162227536727137 0.798648489289495 0.066792740259032
   endloop
endfacet
facet normal -0.259946298233936 -0.601065771730689 0.755743250110951
   outer loop
      vertex -0.223342783975643 0.796359409767826 -0.067649046746112
      vertex -0.279065847590050 0.798655258679437 -0.084989655362942
      vertex -0.278504491997477 0.796360317356173 -0.086621808040562
   endloop
endfacet
facet normal -0.200494499815813 -0.787431152392906 0.582884324531710
   outer loop
      vertex 0.273847722884581 0.794581844078311 0.100967938763834
      vertex 0.217950548356539 0.796352739354865 0.084133349932479
      vertex 0.218686006838506 0.794582652548988 0.081995076418414
   endloop
endfacet
facet normal 0.322039104006072 -0.140067068649663 -0.936307658716331
   outer loop
      vertex 0.279244111485089 0.803948351640369 0.085278862771533
      vertex 0.279113210721981 0.801105097388892 0.085659176999074
      vertex 0.223951494697094 0.801105904803216 0.066686414648070
   endloop
endfacet
facet normal -0.259945001771136 -0.601068798544945 0.755741288715881
   outer loop
      vertex 0.162788932311749 0.796353548764259 0.065160587581367
      vertex 0.162227536727137 0.798648489289495 0.066792740259032
      vertex 0.107065920682348 0.798649298698888 0.047819977907919
   endloop
endfacet
facet normal 0.322861631640308 0.120948167437316 -0.938686266868816
   outer loop
      vertex 0.334405727529880 0.803947542230975 0.104251625122645
      vertex 0.279244111485089 0.803948351640369 0.085278862771533
      vertex 0.334292835910718 0.806798046199101 0.104580078696260
   endloop
endfacet
facet normal -0.256107499197715 0.616379929795918 0.744637315073232
   outer loop
      vertex 0.328323046273766 0.811906666796616 0.121936977402573
      vertex 0.273161330248879 0.811907474210941 0.102964215051569
      vertex 0.327747246939647 0.809645419591516 0.123610706130372
   endloop
endfacet
facet normal 0.322039621424575 -0.140067068666283 -0.936307480749754
   outer loop
      vertex 0.334405727529880 0.803947542230975 0.104251625122645
      vertex 0.279113210721981 0.801105097388892 0.085659176999074
      vertex 0.279244111485089 0.803948351640369 0.085278862771533
   endloop
endfacet
facet normal 0.945621288434834 -0.000000262886888 0.325269701722703
   outer loop
      vertex 0.327747246939647 0.809645419591516 0.123610706130372
      vertex 0.327381489105976 0.807003214830159 0.124674032033456
      vertex 0.327363579984503 0.801309456492923 0.124726092676109
   endloop
endfacet
facet normal -0.127373495950481 -0.920143372389574 0.370286600860598
   outer loop
      vertex 0.273847722884581 0.794581844078311 0.100967938763834
      vertex 0.218686006838506 0.794582652548988 0.081995076418414
      vertex 0.274707024614796 0.793457399500254 0.098469339142580
   endloop
endfacet
facet normal 0.195484205833099 -0.799202362220477 -0.568385001113692
   outer loop
      vertex -0.052798346665939 0.796206696898975 -0.025440440357682
      vertex -0.108706474818021 0.794481545954100 -0.042243155598902
      vertex -0.107960062712014 0.796207505369651 -0.044413302703103
   endloop
endfacet
facet normal -0.301683193686983 -0.373740276169695 0.877100596633831
   outer loop
      vertex -0.279065847590050 0.798655258679437 -0.084989655362942
      vertex -0.334576552495168 0.801319560087198 -0.102947561281721
      vertex -0.334227520629852 0.798656067268547 -0.103962447712318
   endloop
endfacet
facet normal 0.322861104447167 0.120948167451894 -0.938686448195127
   outer loop
      vertex 0.113759061353193 0.803950877965631 0.028360376786141
      vertex 0.058597345328307 0.803951685379956 0.009387614435138
      vertex 0.113646169734031 0.806801381933757 0.028688830359756
   endloop
endfacet
facet normal -0.127374360796133 -0.920143372367707 0.370286303418801
   outer loop
      vertex 0.329868742634637 0.793456492111413 0.117442100437021
      vertex 0.273847722884581 0.794581844078311 0.100967938763834
      vertex 0.274707024614796 0.793457399500254 0.098469339142580
   endloop
endfacet
facet normal -0.259945861482617 -0.601065771735667 0.755743400332327
   outer loop
      vertex -0.278504491997477 0.796360317356173 -0.086621808040562
      vertex -0.279065847590050 0.798655258679437 -0.084989655362942
      vertex -0.334227520629852 0.798656067268547 -0.103962447712318
   endloop
endfacet
facet normal -0.200489833777953 -0.787443192566235 0.582869663846717
   outer loop
      vertex -0.223342783975643 0.796359409767826 -0.067649046746112
      vertex -0.278504491997477 0.796360317356173 -0.086621808040562
      vertex -0.222607427468729 0.794589420941395 -0.069787319203505
   endloop
endfacet
facet normal 0.195487975467635 -0.799189187794425 -0.568402228672666
   outer loop
      vertex 0.057524987398693 0.796204980100740 0.012505083287872
      vertex 0.001616859267801 0.794479828099514 -0.004297531958930
      vertex 0.002363369358948 0.796205889484649 -0.006467678006679
   endloop
endfacet
facet normal -0.039319794484564 0.992660827454529 0.114360987224587
   outer loop
      vertex -0.276842668807120 0.814715188244317 -0.091452627994541
      vertex -0.331077218431142 0.815063260893568 -0.113120938922400
      vertex -0.332004341849040 0.814715996939062 -0.110425430343359
   endloop
endfacet
facet normal -0.045585869070070 -0.990134846948461 0.132494956128427
   outer loop
      vertex 0.109222074462995 0.793459927820583 0.041550853157080
      vertex 0.054060358438108 0.793460735234909 0.022578090806076
      vertex 0.110146782686503 0.793057579527409 0.038862256941142
   endloop
endfacet
facet normal -0.127373458206853 -0.920145359276777 0.370281676492151
   outer loop
      vertex -0.167445709427697 0.794588512496204 -0.050814457914648
      vertex -0.222607427468729 0.794589420941395 -0.069787319203505
      vertex -0.166586307717389 0.793464069913214 -0.053313057536010
   endloop
endfacet
facet normal -0.121549918120780 0.927528717579564 0.353434711750334
   outer loop
      vertex -0.277708966050112 0.813641921070526 -0.088933951314586
      vertex -0.276842668807120 0.814715188244317 -0.091452627994541
      vertex -0.332004341849040 0.814715996939062 -0.110425430343359
   endloop
endfacet
facet normal 0.039328786273339 -0.992656887886497 -0.114392086709529
   outer loop
      vertex -0.055338167444107 0.793060106791388 -0.018056129049942
      vertex -0.110499885485139 0.793061015236580 -0.037028990338800
      vertex -0.054411116022065 0.793407470063308 -0.020751706568436
   endloop
endfacet
facet normal -0.045572564155254 -0.990140681091560 0.132455928685193
   outer loop
      vertex -0.111424691672599 0.793463260503820 -0.034340295184898
      vertex -0.166586307717389 0.793464069913214 -0.053313057536010
      vertex -0.110499885485139 0.793061015236580 -0.037028990338800
   endloop
endfacet
facet normal -0.045574873674878 -0.990140385526608 0.132457343468523
   outer loop
      vertex -0.275984933598772 0.793063440425340 -0.093947367386895
      vertex -0.332071368836501 0.793466595490842 -0.110231493524181
      vertex -0.331146611635051 0.793064349034749 -0.112920168679146
   endloop
endfacet
facet normal 0.121548739255256 -0.927528628421968 -0.353435351150844
   outer loop
      vertex 0.000750602018966 0.793406561618115 -0.001778845279578
      vertex -0.054411116022065 0.793407470063308 -0.020751706568436
      vertex 0.001616859267801 0.794479828099514 -0.004297531958930
   endloop
endfacet
facet normal -0.256110792624024 0.616373245388130 0.744641715371358
   outer loop
      vertex -0.168132104058356 0.811914242603348 -0.048818180570349
      vertex -0.223293720124334 0.811915053069093 -0.067791042915880
      vertex -0.168707803412378 0.809652997393318 -0.047144451842660
   endloop
endfacet
facet normal 0.195483298238812 -0.799202362213311 -0.568385313271147
   outer loop
      vertex 0.056778575292686 0.794479020685188 0.014675230392072
      vertex 0.001616859267801 0.794479828099514 -0.004297531958930
      vertex 0.057524987398693 0.796204980100740 0.012505083287872
   endloop
endfacet
facet normal -0.322039653178560 0.140099298065366 0.936302647898758
   outer loop
      vertex -0.058750227160228 0.807009074777375 -0.008135502299604
      vertex -0.113911843226208 0.807009885243120 -0.027108364645135
      vertex -0.058881127902148 0.804165819469547 -0.007755088077645
   endloop
endfacet
facet normal 0.945619687906972 -0.000013373365689 0.325274354451551
   outer loop
      vertex 0.328323046273766 0.811906666796616 0.121936977402573
      vertex 0.327712586837844 0.798645964020584 0.123711126250004
      vertex 0.328273982422457 0.796351023495349 0.122078973572341
   endloop
endfacet
facet normal 0.256105244768618 -0.616393483333194 -0.744626871195485
   outer loop
      vertex 0.113262402777601 0.798465417896445 0.029804116911184
      vertex 0.112686703444769 0.796204171630064 0.031477945633292
      vertex 0.057524987398693 0.796204980100740 0.012505083287872
   endloop
endfacet
facet normal -0.322861104447181 -0.120948167451918 0.938686448195120
   outer loop
      vertex -0.003606520258100 0.801314508087095 0.010889220699743
      vertex -0.003719411877262 0.804165012055221 0.011217674273358
      vertex -0.058881127902148 0.804165819469547 -0.007755088077645
   endloop
endfacet
facet normal 0.299268004408915 -0.391593819168515 -0.870110879328676
   outer loop
      vertex 0.168789878652304 0.801106714212610 0.047713652296958
      vertex 0.168424120818633 0.798464509451253 0.048776978200042
      vertex 0.113262402777601 0.798465417896445 0.029804116911184
   endloop
endfacet
facet normal -0.127373458206719 -0.920145359276984 0.370281676491682
   outer loop
      vertex -0.166586307717389 0.793464069913214 -0.053313057536010
      vertex -0.222607427468729 0.794589420941395 -0.069787319203505
      vertex -0.221748025758419 0.793464978358405 -0.072285918824868
   endloop
endfacet
facet normal 0.322039135761335 -0.140099298054801 -0.936302825864925
   outer loop
      vertex 0.003435727288562 0.803952594763866 -0.009585146859411
      vertex 0.003304826546641 0.801109339456037 -0.009204732637453
      vertex -0.051856889499434 0.801110147926713 -0.028177594982874
   endloop
endfacet
facet normal 0.322861801138239 0.120948167432626 -0.938686208570501
   outer loop
      vertex 0.224082395439014 0.803949160111046 0.066306000426112
      vertex 0.168920777399269 0.803950069494954 0.047333239131562
      vertex 0.223969503819852 0.806799664079171 0.066634453999727
   endloop
endfacet
facet normal -0.200488221290046 -0.787447832451427 0.582863950070256
   outer loop
      vertex 0.107627216265673 0.796354357234936 0.046187725235946
      vertex 0.052465598225928 0.796355266618845 0.027214963941396
      vertex 0.108362672752686 0.794584370403573 0.044049452778442
   endloop
endfacet
facet normal 0.301678585529297 0.373770526805468 -0.877089290964498
   outer loop
      vertex 0.279131219844739 0.806798856664846 0.085607216350730
      vertex 0.223969503819852 0.806799664079171 0.066634453999727
      vertex 0.278782113011301 0.809462347142116 0.086622182776943
   endloop
endfacet
facet normal -0.127383015716379 -0.920130915659359 0.370314279166858
   outer loop
      vertex 0.163524388798761 0.794583561932897 0.063022315123863
      vertex 0.108362672752686 0.794584370403573 0.044049452778442
      vertex 0.164383692523930 0.793459017380323 0.060523714446047
   endloop
endfacet
facet normal 0.259949514768048 0.601052441058357 -0.755752745856505
   outer loop
      vertex 0.333943831031144 0.809461439753275 0.105594944071382
      vertex 0.278782113011301 0.809462347142116 0.086622182776943
      vertex 0.333382433451576 0.811756480253027 0.107227097805610
   endloop
endfacet
facet normal 0.039320217404831 -0.992660638723584 -0.114362480001633
   outer loop
      vertex -0.054411116022065 0.793407470063308 -0.020751706568436
      vertex -0.110499885485139 0.793061015236580 -0.037028990338800
      vertex -0.109572832046952 0.793408277477633 -0.039724468919439
   endloop
endfacet
facet normal -0.127371361493059 -0.920145359301344 0.370282397674538
   outer loop
      vertex 0.109222074462995 0.793459927820583 0.041550853157080
      vertex 0.053200956727799 0.794585177817898 0.025076690427439
      vertex 0.054060358438108 0.793460735234909 0.022578090806076
   endloop
endfacet
facet normal 0.039329766572192 -0.992656532456618 -0.114394833941838
   outer loop
      vertex 0.275631832797210 0.793055054258498 0.095780642932114
      vertex 0.220470214736275 0.793055964698759 0.076807781643147
      vertex 0.276558984220538 0.793402418469134 0.093085165407929
   endloop
endfacet
facet normal -0.045574166750972 -0.990139984002293 0.132460588119238
   outer loop
      vertex -0.000176551399318 0.793059297381995 0.000916633301171
      vertex -0.056262973652756 0.793462353114979 -0.015367533890458
      vertex -0.055338167444107 0.793060106791388 -0.018056129049942
   endloop
endfacet
facet normal 0.195488883083284 -0.799189187820719 -0.568401916482791
   outer loop
      vertex 0.111940193353621 0.794478110244928 0.033648091681039
      vertex 0.056778575292686 0.794479020685188 0.014675230392072
      vertex 0.112686703444769 0.796204171630064 0.031477945633292
   endloop
endfacet
facet normal 0.200494787944688 0.787430503673815 -0.582885101791954
   outer loop
      vertex -0.218969689453440 0.813534855351934 -0.080362650055447
      vertex -0.218234332925336 0.811764865469153 -0.082500822518423
      vertex -0.273395988979116 0.811765674925599 -0.101473664865027
   endloop
endfacet
facet normal 0.121548182262779 -0.927528628417092 -0.353435542716521
   outer loop
      vertex 0.332586959489215 0.794474777561692 0.109539240023017
      vertex 0.276558984220538 0.793402418469134 0.093085165407929
      vertex 0.277425241469373 0.794475684950533 0.090566478728577
   endloop
endfacet
facet normal -0.045574791739696 -0.990140362439985 0.132457544236250
   outer loop
      vertex 0.329868742634637 0.793456492111413 0.117442100437021
      vertex 0.274707024614796 0.793457399500254 0.098469339142580
      vertex 0.330793448842000 0.793054244849104 0.114753405283227
   endloop
endfacet
facet normal -0.299269536167521 0.391580788818728 0.870116216691874
   outer loop
      vertex 0.327381489105976 0.807003214830159 0.124674032033456
      vertex 0.272585628899902 0.809646328975427 0.104637944835822
      vertex 0.272219873061186 0.807004024239553 0.105701269682343
   endloop
endfacet
facet normal -0.322861186257183 -0.120959409436273 0.938684971477349
   outer loop
      vertex 0.161878529852607 0.801311982818185 0.067807606690717
      vertex 0.106603922208559 0.804163294200635 0.049163297913329
      vertex 0.106716913807818 0.801312792227578 0.048834844339603
   endloop
endfacet
facet normal 0.322038127144433 -0.140088292483019 -0.936304819476274
   outer loop
      vertex -0.162049322843335 0.803955121089127 -0.066503632844804
      vertex -0.217341839630044 0.801112675190693 -0.085095980973957
      vertex -0.217211038868221 0.803955928503453 -0.085476395195806
   endloop
endfacet
facet normal 0.195485116275521 -0.799197149679454 -0.568392017237207
   outer loop
      vertex -0.219029806887696 0.794483162777818 -0.080188680301017
      vertex -0.274191504930590 0.794484071516388 -0.099161531590455
      vertex -0.218283396797834 0.796209223224236 -0.082358926343074
   endloop
endfacet
facet normal 0.127380881159834 0.920132902817847 -0.370310075837733
   outer loop
      vertex -0.054344043047999 0.814656872640529 -0.020945663386548
      vertex -0.108646355367619 0.813533137497348 -0.042417026415478
      vertex -0.109505759072885 0.814657680054854 -0.039918425737551
   endloop
endfacet
facet normal -0.127371484397028 -0.920145799469032 0.370281261586370
   outer loop
      vertex -0.277769063509538 0.794590229951775 -0.088760081554595
      vertex -0.332930741554701 0.794591038758037 -0.107732903902292
      vertex -0.276909691797495 0.793465786981534 -0.091258701174810
   endloop
endfacet
facet normal -0.322862560796835 -0.120915678457084 0.938690132865459
   outer loop
      vertex 0.051555197782931 0.801313599641903 0.029862081988600
      vertex 0.051442306142580 0.804164104666380 0.030190435567797
      vertex -0.003719411877262 0.804165012055221 0.011217674273358
   endloop
endfacet
facet normal -0.045585242302207 -0.990135165729372 0.132492789503125
   outer loop
      vertex -0.165661601510025 0.793061822650905 -0.056001752689804
      vertex -0.221748025758419 0.793464978358405 -0.072285918824868
      vertex -0.220823217554814 0.793062632060299 -0.074974515040915
   endloop
endfacet
facet normal 0.322038677979225 -0.140088482264371 -0.936304601623990
   outer loop
      vertex -0.272372674915387 0.803956737830738 -0.104449187545223
      vertex -0.327665231704730 0.801114291662450 -0.123041585671542
      vertex -0.327534352951666 0.803957646440146 -0.123421988837474
   endloop
endfacet
facet normal -0.127371550450587 -0.920145359299398 0.370282332680883
   outer loop
      vertex -0.222607427468729 0.794589420941395 -0.069787319203505
      vertex -0.277769063509538 0.794590229951775 -0.088760081554595
      vertex -0.221748025758419 0.793464978358405 -0.072285918824868
   endloop
endfacet
facet normal -0.322037620536980 0.140099298024554 0.936303347025902
   outer loop
      vertex 0.106734822950480 0.807006549508464 0.048782883691370
      vertex 0.051573106925593 0.807007356922789 0.029810121340366
      vertex 0.106603922208559 0.804163294200635 0.049163297913329
   endloop
endfacet
facet normal -0.256105379617154 0.616390499576788 0.744629294724987
   outer loop
      vertex 0.107676280138173 0.811909999479852 0.046045829060596
      vertex 0.052514662077237 0.811910909920112 0.027072967771627
      vertex 0.107100578789194 0.809648854244337 0.047719558844848
   endloop
endfacet
facet normal -0.945627742523461 0.000014472787153 -0.325250937524432
   outer loop
      vertex -0.334558593362458 0.807013318365619 -0.102999521930010
      vertex -0.334227520629852 0.798656067268547 -0.103962447712318
      vertex -0.334576552495168 0.801319560087198 -0.102947561281721
   endloop
endfacet
facet normal 0.039329566512611 -0.992656532452998 -0.114394902754977
   outer loop
      vertex 0.331720702240380 0.793401511080294 0.112057926702369
      vertex 0.275631832797210 0.793055054258498 0.095780642932114
      vertex 0.276558984220538 0.793402418469134 0.093085165407929
   endloop
endfacet
facet normal -0.039318554438985 0.992660720856021 0.114362338846464
   outer loop
      vertex -0.001034284612710 0.814710945226456 0.003411371636962
      vertex -0.000107131194426 0.815058209462576 0.000715893056213
      vertex -0.055268849235457 0.815059117907769 -0.018256968232646
   endloop
endfacet
facet normal -0.322041389725558 0.140056062925460 0.936308518887578
   outer loop
      vertex 0.051573106925593 0.807007356922789 0.029810121340366
      vertex -0.003588511135342 0.807008267363050 0.010837260051399
      vertex 0.051442306142580 0.804164104666380 0.030190435567797
   endloop
endfacet
facet normal 0.195490620675587 -0.799185430372579 -0.568406601921609
   outer loop
      vertex 0.167101909378508 0.794477302830603 0.052620854032043
      vertex 0.111940193353621 0.794478110244928 0.033648091681039
      vertex 0.167848319489559 0.796203362220670 0.050450707984405
   endloop
endfacet
facet normal -0.195490795274195 0.799185430373804 0.568406541870606
   outer loop
      vertex -0.223293720124334 0.811915053069093 -0.067791042915880
      vertex -0.222547310013284 0.813641112459160 -0.069961188963517
      vertex -0.277708966050112 0.813641921070526 -0.088933951314586
   endloop
endfacet
facet normal -0.121548613173789 0.927529969276278 0.353431875656223
   outer loop
      vertex -0.001900641841642 0.813637676749989 0.005930058316423
      vertex -0.001034284612710 0.814710945226456 0.003411371636962
      vertex -0.056196000637596 0.814711752640781 -0.015561390714042
   endloop
endfacet
facet normal -0.200492233576559 -0.787435143905196 0.582879711791795
   outer loop
      vertex 0.329009338929371 0.794581034668918 0.119940701114946
      vertex 0.273112266376383 0.796351831966024 0.103106111226919
      vertex 0.273847722884581 0.794581844078311 0.100967938763834
   endloop
endfacet
facet normal 0.127373732153365 0.920143372383511 -0.370286519625036
   outer loop
      vertex -0.164667375117674 0.814658489464248 -0.058891188088665
      vertex -0.163808073387462 0.813534044886190 -0.061389787709918
      vertex -0.218969689453440 0.813534855351934 -0.080362650055447
   endloop
endfacet
facet normal 0.259944561024757 0.601068798544873 -0.755741440315052
   outer loop
      vertex -0.107349603276092 0.809468208145682 -0.046187451550536
      vertex -0.162511319300978 0.809469015560007 -0.065160213901539
      vertex -0.107910998860705 0.811763148670918 -0.044555298872871
   endloop
endfacet
facet normal -0.299267073154005 0.391593819157884 0.870111199630931
   outer loop
      vertex 0.327747246939647 0.809645419591516 0.123610706130372
      vertex 0.272585628899902 0.809646328975427 0.104637944835822
      vertex 0.327381489105976 0.807003214830159 0.124674032033456
   endloop
endfacet
facet normal -0.045583639362506 -0.990135863141146 0.132488129069008
   outer loop
      vertex 0.330793448842000 0.793054244849104 0.114753405283227
      vertex 0.274707024614796 0.793457399500254 0.098469339142580
      vertex 0.275631832797210 0.793055054258498 0.095780642932114
   endloop
endfacet
facet normal -0.195483927661661 0.799200906823242 0.568387143203361
   outer loop
      vertex 0.107676280138173 0.811909999479852 0.046045829060596
      vertex 0.108422790208130 0.813636061921338 0.043875583018429
      vertex 0.053261074183244 0.813636869335664 0.024902820667426
   endloop
endfacet
facet normal -0.039320029688387 0.992660720881497 0.114361831413856
   outer loop
      vertex 0.054127331432079 0.814710135817062 0.022384133988073
      vertex 0.055054484850363 0.815057400053183 0.019688655407325
      vertex -0.000107131194426 0.815058209462576 0.000715893056213
   endloop
endfacet
facet normal -0.301681321891655 -0.373760543670703 0.877092604014356
   outer loop
      vertex 0.327712586837844 0.798645964020584 0.123711126250004
      vertex 0.327363579984503 0.801309456492923 0.124726092676109
      vertex 0.272201863938429 0.801310264963599 0.105753230330686
   endloop
endfacet
facet normal -0.256099734234641 0.616410737376113 0.744614483455958
   outer loop
      vertex -0.223293720124334 0.811915053069093 -0.067791042915880
      vertex -0.278455416153202 0.811915860882431 -0.086763805266905
      vertex -0.223869421452124 0.809653906777228 -0.066117213137209
   endloop
endfacet
facet normal -0.039318386072006 0.992660720852965 0.114362396758576
   outer loop
      vertex 0.329935815608704 0.814705894688634 0.117248143618908
      vertex 0.275701251007145 0.815054066313595 0.095579903743720
      vertex 0.274774097588862 0.814706802077475 0.098275382324469
   endloop
endfacet
facet normal -0.045572458270691 -0.990140681092953 0.132455965105195
   outer loop
      vertex 0.219545408548816 0.793458209965998 0.079496476797050
      vertex 0.164383692523930 0.793459017380323 0.060523714446047
      vertex 0.220470214736275 0.793055964698759 0.076807781643147
   endloop
endfacet
facet normal -0.322861104447179 -0.120948167451902 0.938686448195122
   outer loop
      vertex 0.161878529852607 0.801311982818185 0.067807606690717
      vertex 0.161765638233445 0.804162486786310 0.068136060264332
      vertex 0.106603922208559 0.804163294200635 0.049163297913329
   endloop
endfacet
facet normal -0.322038644561800 0.140088292475715 0.936304641513668
   outer loop
      vertex 0.327381489105976 0.807003214830159 0.124674032033456
      vertex 0.272219873061186 0.807004024239553 0.105701269682343
      vertex 0.327250688344153 0.804159961517400 0.125054446255305
   endloop
endfacet
facet normal -0.299266600778316 0.391593819152719 0.870111362102564
   outer loop
      vertex 0.162262296809037 0.809647946855496 0.066692320139288
      vertex 0.107100578789194 0.809648854244337 0.047719558844848
      vertex 0.161896538975365 0.807005742094139 0.067755646042373
   endloop
endfacet
facet normal 0.127371299899733 0.920145359301869 -0.370282418860370
   outer loop
      vertex -0.219829091163749 0.814659297934925 -0.077864050434085
      vertex -0.218969689453440 0.813534855351934 -0.080362650055447
      vertex -0.274131405476208 0.813535662660624 -0.099335402407009
   endloop
endfacet
facet normal -0.322862797503064 -0.120948167404915 0.938685865873077
   outer loop
      vertex 0.217040247893638 0.801311074372993 0.086780467979575
      vertex 0.161765638233445 0.804162486786310 0.068136060264332
      vertex 0.161878529852607 0.801311982818185 0.067807606690717
   endloop
endfacet
facet normal 0.195482316030828 -0.799205037014553 -0.568381890043824
   outer loop
      vertex -0.218283396797834 0.796209223224236 -0.082358926343074
      vertex -0.274191504930590 0.794484071516388 -0.099161531590455
      vertex -0.273445052834663 0.796210031835603 -0.101331688694143
   endloop
endfacet
facet normal -0.299270939808104 0.391580788833098 0.870115733913152
   outer loop
      vertex 0.051938862764307 0.809649661658663 0.028746796493846
      vertex -0.003222753301671 0.809650472124407 0.009773934148315
      vertex 0.051573106925593 0.807007356922789 0.029810121340366
   endloop
endfacet
facet normal 0.256105203223835 -0.616390499574792 -0.744629355394761
   outer loop
      vertex 0.333909070949244 0.798461982187274 0.105695364191125
      vertex 0.333333369600267 0.796200836951760 0.107369093975378
      vertex 0.278171753555476 0.796201646361154 0.088396331624266
   endloop
endfacet
facet normal 0.121548182262665 -0.927528628417260 -0.353435542716122
   outer loop
      vertex 0.331720702240380 0.793401511080294 0.112057926702369
      vertex 0.276558984220538 0.793402418469134 0.093085165407929
      vertex 0.332586959489215 0.794474777561692 0.109539240023017
   endloop
endfacet
facet normal -0.301684123665355 -0.373732089365922 0.877103765187706
   outer loop
      vertex 0.162227536727137 0.798648489289495 0.066792740259032
      vertex 0.161878529852607 0.801311982818185 0.067807606690717
      vertex 0.106716913807818 0.801312792227578 0.048834844339603
   endloop
endfacet
facet normal 0.259948087940830 0.601061231446134 -0.755746245527137
   outer loop
      vertex 0.278782113011301 0.809462347142116 0.086622182776943
      vertex 0.223620496945323 0.809463157607860 0.067649320431412
      vertex 0.278220817406785 0.811757289662421 0.088254335454498
   endloop
endfacet
facet normal 0.945635066758509 -0.000010866723551 0.325229642558216
   outer loop
      vertex 0.332646976964564 0.813526467084389 0.109365370263113
      vertex 0.331720702240380 0.793401511080294 0.112057926702369
      vertex 0.332586959489215 0.794474777561692 0.109539240023017
   endloop
endfacet
facet normal 0.121543498299104 -0.927536305865953 -0.353417004856525
   outer loop
      vertex 0.111073934088641 0.793404944794397 0.036166679422537
      vertex 0.055912218063755 0.793405752208722 0.017193917071534
      vertex 0.111940193353621 0.794478110244928 0.033648091681039
   endloop
endfacet
facet normal -0.322861640112909 -0.120951540037875 0.938685829394515
   outer loop
      vertex -0.279414872465644 0.801318651834597 -0.083974789987798
      vertex -0.279527794078834 0.804169155204202 -0.083646336414149
      vertex -0.334689475110279 0.804170063542488 -0.102619117707514
   endloop
endfacet
facet normal 0.200503309800615 0.787413822781108 -0.582904704434816
   outer loop
      vertex 0.056838692748131 0.813530712202954 0.014501360632059
      vertex 0.057574051271191 0.811760622345657 0.012363187112522
      vertex 0.002412433210258 0.811761532785917 -0.006609674176447
   endloop
endfacet
facet normal 0.322862089344443 0.120948291153683 -0.938686093500455
   outer loop
      vertex -0.272372674915387 0.803956737830738 -0.104449187545223
      vertex -0.327534352951666 0.803957646440146 -0.123421988837474
      vertex -0.272485596530697 0.806807241305978 -0.104120743971017
   endloop
endfacet
facet normal 0.259944415567282 0.601072133954732 -0.755738837561289
   outer loop
      vertex -0.272834633392899 0.809470733919241 -0.103105847540973
      vertex -0.327996309434222 0.809471542554134 -0.122078649889787
      vertex -0.273395988979116 0.811765674925599 -0.101473664865027
   endloop
endfacet
facet normal 0.299270939808054 -0.391580788833320 -0.870115733913069
   outer loop
      vertex 0.334274826787960 0.801104286923147 0.104632039344604
      vertex 0.333909070949244 0.798461982187274 0.105695364191125
      vertex 0.278747454883265 0.798462792653018 0.086722501845595
   endloop
endfacet
facet normal 0.259939585320543 0.601090005339663 -0.755726284751396
   outer loop
      vertex -0.217672937361912 0.809469926000268 -0.084133075190506
      vertex -0.272834633392899 0.809470733919241 -0.103105847540973
      vertex -0.218234332925336 0.811764865469153 -0.082500822518423
   endloop
endfacet
facet normal 0.195489309402506 -0.799185430361415 -0.568407052918393
   outer loop
      vertex 0.332586959489215 0.794474777561692 0.109539240023017
      vertex 0.277425241469373 0.794475684950533 0.090566478728577
      vertex 0.333333369600267 0.796200836951760 0.107369093975378
   endloop
endfacet
facet normal 0.039319810352492 -0.992660803036610 -0.114361193717785
   outer loop
      vertex 0.330793448842000 0.793054244849104 0.114753405283227
      vertex 0.275631832797210 0.793055054258498 0.095780642932114
      vertex 0.331720702240380 0.793401511080294 0.112057926702369
   endloop
endfacet
facet normal -0.195483298238761 0.799202362213425 0.568385313271004
   outer loop
      vertex 0.052514662077237 0.811910909920112 0.027072967771627
      vertex 0.053261074183244 0.813636869335664 0.024902820667426
      vertex -0.001900641841642 0.813637676749989 0.005930058316423
   endloop
endfacet
facet normal -0.299269063787586 0.391580788813201 0.870116379165530
   outer loop
      vertex 0.106734822950480 0.807006549508464 0.048782883691370
      vertex 0.051938862764307 0.809649661658663 0.028746796493846
      vertex 0.051573106925593 0.807007356922789 0.029810121340366
   endloop
endfacet
facet normal 0.200494801245920 0.787431152390128 -0.582884220852576
   outer loop
      vertex -0.163808073387462 0.813534044886190 -0.061389787709918
      vertex -0.163072614905494 0.811763958080312 -0.063528061223984
      vertex -0.218234332925336 0.811764865469153 -0.082500822518423
   endloop
endfacet
facet normal -0.299266600778373 0.391593819152344 0.870111362102713
   outer loop
      vertex -0.003222753301671 0.809650472124407 0.009773934148315
      vertex -0.058384471321513 0.809651379513248 -0.009198827146125
      vertex -0.003588511135342 0.807008267363050 0.010837260051399
   endloop
endfacet
facet normal 0.195483298238772 -0.799202362213417 -0.568385313271011
   outer loop
      vertex 0.222263625403394 0.794476495416278 0.071593616383046
      vertex 0.167101909378508 0.794477302830603 0.052620854032043
      vertex 0.223010037509401 0.796202454831829 0.069423469278845
   endloop
endfacet
facet normal -0.301683622620390 -0.373732089375520 0.877103937520318
   outer loop
      vertex 0.107065920682348 0.798649298698888 0.047819977907919
      vertex 0.106716913807818 0.801312792227578 0.048834844339603
      vertex 0.051555197782931 0.801313599641903 0.029862081988600
   endloop
endfacet
facet normal -0.945628520941599 0.000014544863625 -0.325248674355871
   outer loop
      vertex -0.329293088511492 0.813536571170280 -0.118308203699255
      vertex -0.328557664018519 0.811766483474808 -0.120446457214400
      vertex -0.328606732870544 0.796210940405110 -0.120304489986391
   endloop
endfacet
facet normal -0.322861617279464 -0.120948403581403 0.938686241381432
   outer loop
      vertex -0.279414872465644 0.801318651834597 -0.083974789987798
      vertex -0.334689475110279 0.804170063542488 -0.102619117707514
      vertex -0.334576552495168 0.801319560087198 -0.102947561281721
   endloop
endfacet
facet normal 0.256105244768623 -0.616393483333198 -0.744626871195480
   outer loop
      vertex -0.107384263377896 0.798468752574750 -0.046087031430903
      vertex -0.163121678756803 0.796208314779045 -0.063386065054216
      vertex -0.162545979423970 0.798469561045426 -0.065059893776324
   endloop
endfacet
facet normal 0.200487569390226 0.787447832457871 -0.582864174295693
   outer loop
      vertex -0.053484739301640 0.813532327031604 -0.023444164069946
      vertex -0.052749282814629 0.811762340200242 -0.025582436527450
      vertex -0.107910998860705 0.811763148670918 -0.044555298872871
   endloop
endfacet
facet normal -0.945628767347948 0.000014510875781 -0.325247957954289
   outer loop
      vertex -0.331077218431142 0.815063260893568 -0.113120938922400
      vertex -0.330152461227573 0.814661014331840 -0.115809604077924
      vertex -0.330219488217152 0.793411612989255 -0.115615677258188
   endloop
endfacet
facet normal -0.301682838811603 -0.373748968415982 0.877097014801990
   outer loop
      vertex -0.113580845474436 0.798652632438476 -0.028071270428476
      vertex -0.113929854322733 0.801316224885331 -0.027056302945810
      vertex -0.169091570368807 0.801317033356007 -0.046029165291231
   endloop
endfacet
facet normal -0.322862417689865 -0.120919291898934 0.938689716621054
   outer loop
      vertex -0.113929854322733 0.801316224885331 -0.027056302945810
      vertex -0.114042743968127 0.804166629935292 -0.026727950423176
      vertex -0.169204461987970 0.804167537324133 -0.045700711717617
   endloop
endfacet
facet normal -0.256097953309453 0.616417421313835 0.744609562798861
   outer loop
      vertex -0.057808670013627 0.811912527800182 -0.010872656924905
      vertex -0.112970386038515 0.811913335214507 -0.029845419275909
      vertex -0.058384471321513 0.809651379513248 -0.009198827146125
   endloop
endfacet
facet normal -0.322037367031747 0.140099298018953 0.936303434218767
   outer loop
      vertex -0.113911843226208 0.807009885243120 -0.027108364645135
      vertex -0.169073561246049 0.807010792631961 -0.046081125939575
      vertex -0.114042743968127 0.804166629935292 -0.026727950423176
   endloop
endfacet
facet normal -0.301684123665378 -0.373732089365636 0.877103765187819
   outer loop
      vertex 0.162227536727137 0.798648489289495 0.066792740259032
      vertex 0.106716913807818 0.801312792227578 0.048834844339603
      vertex 0.107065920682348 0.798649298698888 0.047819977907919
   endloop
endfacet
facet normal 0.195481964289340 -0.799206119449179 -0.568380488997085
   outer loop
      vertex 0.333333369600267 0.796200836951760 0.107369093975378
      vertex 0.277425241469373 0.794475684950533 0.090566478728577
      vertex 0.278171753555476 0.796201646361154 0.088396331624266
   endloop
endfacet
facet normal 0.195482871868997 -0.799206119474993 -0.568380176817923
   outer loop
      vertex 0.277425241469373 0.794475684950533 0.090566478728577
      vertex 0.222263625403394 0.794476495416278 0.071593616383046
      vertex 0.278171753555476 0.796201646361154 0.088396331624266
   endloop
endfacet
facet normal 0.127372152160750 0.920144783102683 -0.370283557537807
   outer loop
      vertex -0.274990789185454 0.814660205617144 -0.096836801729105
      vertex -0.329293088511492 0.813536571170280 -0.118308203699255
      vertex -0.330152461227573 0.814661014331840 -0.115809604077924
   endloop
endfacet
facet normal -0.301680385807157 -0.373772119600594 0.877087992979338
   outer loop
      vertex 0.051904202641316 0.798650207144081 0.028847116619060
      vertex 0.051555197782931 0.801313599641903 0.029862081988600
      vertex -0.003606520258100 0.801314508087095 0.010889220699743
   endloop
endfacet
facet normal 0.301679166505863 0.373770526806301 -0.877089091134571
   outer loop
      vertex 0.333943831031144 0.809461439753275 0.105594944071382
      vertex 0.279131219844739 0.806798856664846 0.085607216350730
      vertex 0.278782113011301 0.809462347142116 0.086622182776943
   endloop
endfacet
facet normal -0.259945001771146 -0.601068798544874 0.755741288715934
   outer loop
      vertex 0.052465598225928 0.796355266618845 0.027214963941396
      vertex 0.051904202641316 0.798650207144081 0.028847116619060
      vertex -0.003257413403474 0.798651016553475 0.009874354267948
   endloop
endfacet
facet normal 0.045573678064906 0.990140211083846 -0.132459058816197
   outer loop
      vertex -0.275915535393331 0.815062452503964 -0.094148146573035
      vertex -0.274990789185454 0.814660205617144 -0.096836801729105
      vertex -0.330152461227573 0.814661014331840 -0.115809604077924
   endloop
endfacet
facet normal -0.127381117371915 -0.920132902815311 0.370309994590684
   outer loop
      vertex -0.057122377358021 0.794586895672484 -0.012868933212532
      vertex -0.112283993402812 0.794587705081878 -0.031841695563644
      vertex -0.056262973652756 0.793462353114979 -0.015367533890458
   endloop
endfacet
facet normal -0.945628539970600 0.000014545428573 -0.325248619030891
   outer loop
      vertex -0.328557664018519 0.811766483474808 -0.120446457214400
      vertex -0.328031005535216 0.798472086581883 -0.121978259768440
      vertex -0.328606732870544 0.796210940405110 -0.120304489986391
   endloop
endfacet
facet normal 0.256103501303284 -0.616397183948069 -0.744624407497558
   outer loop
      vertex 0.168424120818633 0.798464509451253 0.048776978200042
      vertex 0.167848319489559 0.796203362220670 0.050450707984405
      vertex 0.112686703444769 0.796204171630064 0.031477945633292
   endloop
endfacet
facet normal -0.045573422440302 -0.990140362465414 0.132458015174380
   outer loop
      vertex -0.001101257606681 0.793461544644302 0.003605328454963
      vertex -0.056262973652756 0.793462353114979 -0.015367533890458
      vertex -0.000176551399318 0.793059297381995 0.000916633301171
   endloop
endfacet
facet normal -0.259943412594901 -0.601082438638166 0.755730986667420
   outer loop
      vertex 0.273112266376383 0.796351831966024 0.103106111226919
      vertex 0.272550970793054 0.798646773429978 0.104738363898892
      vertex 0.217389252752023 0.798647681875170 0.085765502610035
   endloop
endfacet
facet normal -0.322037620536999 0.140099298024429 0.936303347025914
   outer loop
      vertex 0.161896538975365 0.807005742094139 0.067755646042373
      vertex 0.106734822950480 0.807006549508464 0.048782883691370
      vertex 0.161765638233445 0.804162486786310 0.068136060264332
   endloop
endfacet
facet normal 0.256108181080345 -0.616373245357149 -0.744642613601728
   outer loop
      vertex 0.223585736863423 0.798463700041859 0.067749740551155
      vertex 0.223010037509401 0.796202454831829 0.069423469278845
      vertex 0.167848319489559 0.796203362220670 0.050450707984405
   endloop
endfacet
facet normal -0.121550419467618 0.927528628434577 0.353434773277217
   outer loop
      vertex -0.167385591972253 0.813640204013968 -0.050988327674661
      vertex -0.166519334723418 0.814713470495366 -0.053507014354013
      vertex -0.221680950789396 0.814714280961111 -0.072479876699543
   endloop
endfacet
facet normal -0.301680385807158 -0.373772119600591 0.877087992979340
   outer loop
      vertex 0.272550970793054 0.798646773429978 0.104738363898892
      vertex 0.217040247893638 0.801311074372993 0.086780467979575
      vertex 0.217389252752023 0.798647681875170 0.085765502610035
   endloop
endfacet
facet normal -0.322862709813507 -0.120959409446556 0.938684447446648
   outer loop
      vertex 0.106716913807818 0.801312792227578 0.048834844339603
      vertex 0.106603922208559 0.804163294200635 0.049163297913329
      vertex 0.051442306142580 0.804164104666380 0.030190435567797
   endloop
endfacet
facet normal -0.039319081286849 0.992661076114289 0.114359074036039
   outer loop
      vertex 0.274774097588862 0.814706802077475 0.098275382324469
      vertex 0.220539534961071 0.815054874784272 0.076607041398300
      vertex 0.219612481544072 0.814707611486869 0.079302619973357
   endloop
endfacet
facet normal 0.301686132653107 0.373732089324965 -0.877103074201435
   outer loop
      vertex -0.162511319300978 0.809469015560007 -0.065160213901539
      vertex -0.217323930487383 0.806806432471578 -0.085147941622191
      vertex -0.217672937361912 0.809469926000268 -0.084133075190506
   endloop
endfacet
facet normal -0.045574396741218 -0.990140681066307 0.132455298343345
   outer loop
      vertex 0.164383692523930 0.793459017380323 0.060523714446047
      vertex 0.109222074462995 0.793459927820583 0.041550853157080
      vertex 0.165308498711389 0.793056772113083 0.057835019292144
   endloop
endfacet
facet normal 0.322862352135029 0.120959409443836 -0.938684570471271
   outer loop
      vertex -0.106887604802304 0.803954212643935 -0.047530771555946
      vertex -0.162049322843335 0.803955121089127 -0.066503632844804
      vertex -0.107000596401563 0.806804714616993 -0.047202317982221
   endloop
endfacet
facet normal -0.200488829107799 -0.787447832445264 0.582863741006626
   outer loop
      vertex -0.113019449889824 0.796357691913240 -0.029703423106141
      vertex -0.168181167930854 0.796358600358432 -0.048676284394999
      vertex -0.112283993402812 0.794587705081878 -0.031841695563644
   endloop
endfacet
facet normal -0.200495432324815 -0.787428305901262 0.582887849146261
   outer loop
      vertex -0.277769063509538 0.794590229951775 -0.088760081554595
      vertex -0.333666166045554 0.796361126347873 -0.105594640387704
      vertex -0.332930741554701 0.794591038758037 -0.107732903902292
   endloop
endfacet
facet normal 0.322039653178560 -0.140099298065350 -0.936302647898760
   outer loop
      vertex 0.334405727529880 0.803947542230975 0.104251625122645
      vertex 0.334274826787960 0.801104286923147 0.104632039344604
      vertex 0.279113210721981 0.801105097388892 0.085659176999074
   endloop
endfacet
facet normal -0.121542542047923 0.927536305853788 0.353417333750959
   outer loop
      vertex 0.108422790208130 0.813636061921338 0.043875583018429
      vertex 0.109289049473111 0.814709227371870 0.041356995276932
      vertex 0.054127331432079 0.814710135817062 0.022384133988073
   endloop
endfacet
facet normal 0.299270939808041 -0.391580788833471 -0.870115733913006
   outer loop
      vertex 0.334274826787960 0.801104286923147 0.104632039344604
      vertex 0.278747454883265 0.798462792653018 0.086722501845595
      vertex 0.279113210721981 0.801105097388892 0.085659176999074
   endloop
endfacet
facet normal -0.195488995744451 0.799189187824304 0.568401877730498
   outer loop
      vertex 0.328323046273766 0.811906666796616 0.121936977402573
      vertex 0.273907840340028 0.813633535596077 0.100794069003821
      vertex 0.273161330248879 0.811907474210941 0.102964215051569
   endloop
endfacet
facet normal 0.322038137952348 -0.140099298035011 -0.936303169061326
   outer loop
      vertex 0.113759061353193 0.803950877965631 0.028360376786141
      vertex 0.113628160611273 0.801107622657802 0.028740791008100
      vertex 0.058466544566484 0.801108432067196 0.009768028656987
   endloop
endfacet
facet normal -0.945628668995074 0.000014547719685 -0.325248243904512
   outer loop
      vertex -0.331077218431142 0.815063260893568 -0.113120938922400
      vertex -0.331146611635051 0.793064349034749 -0.112920168679146
      vertex -0.332004341849040 0.814715996939062 -0.110425430343359
   endloop
endfacet
facet normal -0.039330042062826 0.992656970121397 0.114390941340406
   outer loop
      vertex -0.056196000637596 0.814711752640781 -0.015561390714042
      vertex -0.055268849235457 0.815059117907769 -0.018256968232646
      vertex -0.110430465280247 0.815059927317163 -0.037229730583758
   endloop
endfacet
facet normal -0.256103788074593 0.616390499556583 0.744629842129786
   outer loop
      vertex -0.112970386038515 0.811913335214507 -0.029845419275909
      vertex -0.168132104058356 0.811914242603348 -0.048818180570349
      vertex -0.113546087387492 0.809652189978993 -0.028171689491656
   endloop
endfacet
facet normal -0.045572458270778 -0.990140681092909 0.132455965105498
   outer loop
      vertex 0.220470214736275 0.793055964698759 0.076807781643147
      vertex 0.164383692523930 0.793459017380323 0.060523714446047
      vertex 0.165308498711389 0.793056772113083 0.057835019292144
   endloop
endfacet
facet normal 0.299267732378749 -0.391593819165723 -0.870110972892587
   outer loop
      vertex 0.223951494697094 0.801105904803216 0.066686414648070
      vertex 0.223585736863423 0.798463700041859 0.067749740551155
      vertex 0.168424120818633 0.798464509451253 0.048776978200042
   endloop
endfacet
facet normal -0.259942459788139 -0.601082438674655 0.755731314367892
   outer loop
      vertex 0.328273982422457 0.796351023495349 0.122078973572341
      vertex 0.272550970793054 0.798646773429978 0.104738363898892
      vertex 0.273112266376383 0.796351831966024 0.103106111226919
   endloop
endfacet
facet normal 0.121548780176579 -0.927529969279705 -0.353431818213322
   outer loop
      vertex 0.221397268174463 0.793403226939811 0.074112303062509
      vertex 0.166235652129673 0.793404036349205 0.055139540711395
      vertex 0.222263625403394 0.794476495416278 0.071593616383046
   endloop
endfacet
facet normal -0.259946411924743 -0.601061231493280 0.755746821973625
   outer loop
      vertex -0.002696117798958 0.796356074033170 0.008242201590394
      vertex -0.003257413403474 0.798651016553475 0.009874354267948
      vertex -0.058419129428359 0.798651823967800 -0.009098408083055
   endloop
endfacet
facet normal -0.299269063787523 0.391580788813697 0.870116379165329
   outer loop
      vertex -0.113546087387492 0.809652189978993 -0.028171689491656
      vertex -0.168707803412378 0.809652997393318 -0.047144451842660
      vertex -0.113911843226208 0.807009885243120 -0.027108364645135
   endloop
endfacet
facet normal 0.039320217404730 -0.992660638723628 -0.114362480001278
   outer loop
      vertex 0.220470214736275 0.793055964698759 0.076807781643147
      vertex 0.165308498711389 0.793056772113083 0.057835019292144
      vertex 0.221397268174463 0.793403226939811 0.074112303062509
   endloop
endfacet
facet normal 0.322862182619563 0.120959409442587 -0.938684628776584
   outer loop
      vertex 0.168920777399269 0.803950069494954 0.047333239131562
      vertex 0.113759061353193 0.803950877965631 0.028360376786141
      vertex 0.168807785800011 0.806800571468012 0.047661692705286
   endloop
endfacet
facet normal 0.259943796220392 0.601074179002662 -0.755737424071884
   outer loop
      vertex -0.273395988979116 0.811765674925599 -0.101473664865027
      vertex -0.327996309434222 0.809471542554134 -0.122078649889787
      vertex -0.328557664018519 0.811766483474808 -0.120446457214400
   endloop
endfacet
facet normal 0.039319793535849 -0.992660827454517 -0.114360987550880
   outer loop
      vertex -0.275057812175829 0.793410804354362 -0.096642874909373
      vertex -0.331146611635051 0.793064349034749 -0.112920168679146
      vertex -0.330219488217152 0.793411612989255 -0.115615677258188
   endloop
endfacet
facet normal -0.322862797503049 -0.120948167404931 0.938685865873080
   outer loop
      vertex 0.051555197782931 0.801313599641903 0.029862081988600
      vertex -0.003719411877262 0.804165012055221 0.011217674273358
      vertex -0.003606520258100 0.801314508087095 0.010889220699743
   endloop
endfacet
facet normal -0.945629063481354 0.000014252491518 -0.325247096983577
   outer loop
      vertex -0.333617099190605 0.811916769497722 -0.105736616558592
      vertex -0.332930741554701 0.794591038758037 -0.107732903902292
      vertex -0.333666166045554 0.796361126347873 -0.105594640387704
   endloop
endfacet
facet normal 0.259948087940766 0.601061231446346 -0.755746245526990
   outer loop
      vertex 0.223059101381898 0.811758097076745 0.069281573103494
      vertex 0.168458780920436 0.809463965022185 0.048676558080409
      vertex 0.167897485315920 0.811758907542490 0.050308710757964
   endloop
endfacet
facet normal 0.039320029688406 -0.992660720881497 -0.114361831413852
   outer loop
      vertex -0.000176551399318 0.793059297381995 0.000916633301171
      vertex -0.055338167444107 0.793060106791388 -0.018056129049942
      vertex 0.000750602018966 0.793406561618115 -0.001778845279578
   endloop
endfacet
facet normal -0.045573190786338 -0.990140362469466 0.132458094846586
   outer loop
      vertex -0.110499885485139 0.793061015236580 -0.037028990338800
      vertex -0.166586307717389 0.793464069913214 -0.053313057536010
      vertex -0.165661601510025 0.793061822650905 -0.056001752689804
   endloop
endfacet
facet normal -0.301682758258998 -0.373745661412045 0.877098451683114
   outer loop
      vertex -0.279065847590050 0.798655258679437 -0.084989655362942
      vertex -0.279414872465644 0.801318651834597 -0.083974789987798
      vertex -0.334576552495168 0.801319560087198 -0.102947561281721
   endloop
endfacet
facet normal -0.259942459788181 -0.601082438674483 0.755731314368014
   outer loop
      vertex -0.168181167930854 0.796358600358432 -0.048676284394999
      vertex -0.168742463514181 0.798653541822386 -0.047044031723026
      vertex -0.223904179560256 0.798654350293062 -0.066016894068448
   endloop
endfacet
facet normal 0.200488340634264 0.787444707704312 -0.582868130521982
   outer loop
      vertex -0.274131405476208 0.813535662660624 -0.099335402407009
      vertex -0.273395988979116 0.811765674925599 -0.101473664865027
      vertex -0.328557664018519 0.811766483474808 -0.120446457214400
   endloop
endfacet
facet normal 0.045583639362494 0.990135863141151 -0.132488129068977
   outer loop
      vertex 0.165377816941228 0.815055782173113 0.057634280103860
      vertex 0.166302625123644 0.814653436931358 0.054945583893393
      vertex 0.111141009078853 0.814654246340752 0.035972821542281
   endloop
endfacet
facet normal -0.045574396741117 -0.990140681066351 0.132455298343051
   outer loop
      vertex 0.275631832797210 0.793055054258498 0.095780642932114
      vertex 0.219545408548816 0.793458209965998 0.079496476797050
      vertex 0.220470214736275 0.793055964698759 0.076807781643147
   endloop
endfacet
facet normal 0.045573402413040 0.990140315843630 -0.132458370568177
   outer loop
      vertex -0.275915535393331 0.815062452503964 -0.094148146573035
      vertex -0.330152461227573 0.814661014331840 -0.115809604077924
      vertex -0.331077218431142 0.815063260893568 -0.113120938922400
   endloop
endfacet
facet normal 0.256100851575991 -0.616410737379008 -0.744614099158699
   outer loop
      vertex 0.278747454883265 0.798462792653018 0.086722501845595
      vertex 0.278171753555476 0.796201646361154 0.088396331624266
      vertex 0.223010037509401 0.796202454831829 0.069423469278845
   endloop
endfacet
facet normal -0.200499163931410 -0.787418463250919 0.582899861892561
   outer loop
      vertex -0.168181167930854 0.796358600358432 -0.048676284394999
      vertex -0.223342783975643 0.796359409767826 -0.067649046746112
      vertex -0.167445709427697 0.794588512496204 -0.050814457914648
   endloop
endfacet
facet normal -0.299269063787535 0.391580788813474 0.870116379165425
   outer loop
      vertex 0.107100578789194 0.809648854244337 0.047719558844848
      vertex 0.051938862764307 0.809649661658663 0.028746796493846
      vertex 0.106734822950480 0.807006549508464 0.048782883691370
   endloop
endfacet
facet normal -0.121552779866864 0.927525497210625 0.353442178765949
   outer loop
      vertex 0.218746124293951 0.813634344066753 0.081821206658401
      vertex 0.219612481544072 0.814707611486869 0.079302619973357
      vertex 0.164450765497997 0.814708419957544 0.060329757627936
   endloop
endfacet
facet normal -0.195481385778553 0.799205036999762 0.568382210003362
   outer loop
      vertex -0.278455416153202 0.811915860882431 -0.086763805266905
      vertex -0.332870647094678 0.813642729816936 -0.107906773662279
      vertex -0.333617099190605 0.811916769497722 -0.105736616558592
   endloop
endfacet
facet normal -0.045583871062883 -0.990135863138177 0.132488049372538
   outer loop
      vertex 0.274707024614796 0.793457399500254 0.098469339142580
      vertex 0.219545408548816 0.793458209965998 0.079496476797050
      vertex 0.275631832797210 0.793055054258498 0.095780642932114
   endloop
endfacet
facet normal -0.039319635778360 0.992660879408501 0.114360590826558
   outer loop
      vertex -0.276842668807120 0.814715188244317 -0.091452627994541
      vertex -0.275915535393331 0.815062452503964 -0.094148146573035
      vertex -0.331077218431142 0.815063260893568 -0.113120938922400
   endloop
endfacet
facet normal 0.256101246719737 -0.616410737379840 -0.744613963253066
   outer loop
      vertex 0.333909070949244 0.798461982187274 0.105695364191125
      vertex 0.278171753555476 0.796201646361154 0.088396331624266
      vertex 0.278747454883265 0.798462792653018 0.086722501845595
   endloop
endfacet
facet normal -0.045575661792909 -0.990139983984477 0.132460073861364
   outer loop
      vertex -0.056262973652756 0.793462353114979 -0.015367533890458
      vertex -0.111424691672599 0.793463260503820 -0.034340295184898
      vertex -0.055338167444107 0.793060106791388 -0.018056129049942
   endloop
endfacet
facet normal 0.039329785959739 -0.992656450231947 -0.114395540775292
   outer loop
      vertex 0.054985166620524 0.793058389993154 0.019889394595610
      vertex -0.000176551399318 0.793059297381995 0.000916633301171
      vertex 0.055912218063755 0.793405752208722 0.017193917071534
   endloop
endfacet
facet normal 0.039330381442378 -0.992656887904831 -0.114391538107907
   outer loop
      vertex -0.220823217554814 0.793062632060299 -0.074974515040915
      vertex -0.275984933598772 0.793063440425340 -0.093947367386895
      vertex -0.219896166132773 0.793409995332218 -0.077670092559409
   endloop
endfacet
facet normal -0.127372880003266 -0.920143372404537 0.370286812700208
   outer loop
      vertex -0.112283993402812 0.794587705081878 -0.031841695563644
      vertex -0.167445709427697 0.794588512496204 -0.050814457914648
      vertex -0.111424691672599 0.793463260503820 -0.034340295184898
   endloop
endfacet
facet normal 0.299268404584665 -0.391580788806216 -0.870116605895584
   outer loop
      vertex 0.279113210721981 0.801105097388892 0.085659176999074
      vertex 0.278747454883265 0.798462792653018 0.086722501845595
      vertex 0.223585736863423 0.798463700041859 0.067749740551155
   endloop
endfacet
facet normal -0.195481269594831 0.799206119429116 0.568380727949714
   outer loop
      vertex -0.168132104058356 0.811914242603348 -0.048818180570349
      vertex -0.167385591972253 0.813640204013968 -0.050988327674661
      vertex -0.222547310013284 0.813641112459160 -0.069961188963517
   endloop
endfacet
facet normal -0.322041384758790 0.140061677847993 0.936307680680366
   outer loop
      vertex 0.217058155041343 0.807004931628394 0.086728508387904
      vertex 0.161896538975365 0.807005742094139 0.067755646042373
      vertex 0.216927256273191 0.804161577402401 0.087108821558882
   endloop
endfacet
facet normal -0.299270939808076 0.391580788833320 0.870115733913061
   outer loop
      vertex -0.058384471321513 0.809651379513248 -0.009198827146125
      vertex -0.113546087387492 0.809652189978993 -0.028171689491656
      vertex -0.058750227160228 0.807009074777375 -0.008135502299604
   endloop
endfacet
facet normal -0.256106336338405 0.616385102416852 0.744633433311913
   outer loop
      vertex -0.279031147496209 0.809654715048396 -0.085090075482619
      vertex -0.333617099190605 0.811916769497722 -0.105736616558592
      vertex -0.334192824528857 0.809655523240798 -0.104062837833665
   endloop
endfacet
facet normal -0.945628790692186 0.000014358420799 -0.325247890089806
   outer loop
      vertex -0.332004341849040 0.814715996939062 -0.110425430343359
      vertex -0.332071368836501 0.793466595490842 -0.110231493524181
      vertex -0.332870647094678 0.813642729816936 -0.107906773662279
   endloop
endfacet
facet normal -0.200493891973495 -0.787431152398300 0.582884533603359
   outer loop
      vertex 0.217950548356539 0.796352739354865 0.084133349932479
      vertex 0.162788932311749 0.796353548764259 0.065160587581367
      vertex 0.218686006838506 0.794582652548988 0.081995076418414
   endloop
endfacet
facet normal -0.322037620536991 0.140099298024436 0.936303347025916
   outer loop
      vertex -0.003588511135342 0.807008267363050 0.010837260051399
      vertex -0.058750227160228 0.807009074777375 -0.008135502299604
      vertex -0.003719411877262 0.804165012055221 0.011217674273358
   endloop
endfacet
facet normal -0.945628810840198 0.000014512166978 -0.325247831504454
   outer loop
      vertex -0.330152461227573 0.814661014331840 -0.115809604077924
      vertex -0.329353182971515 0.794484880111381 -0.118134333939267
      vertex -0.330219488217152 0.793411612989255 -0.115615677258188
   endloop
endfacet
facet normal -0.045574791739602 -0.990140362440025 0.132457544235987
   outer loop
      vertex 0.054985166620524 0.793058389993154 0.019889394595610
      vertex -0.001101257606681 0.793461544644302 0.003605328454963
      vertex -0.000176551399318 0.793059297381995 0.000916633301171
   endloop
endfacet
facet normal -0.322037620537008 0.140099298024116 0.936303347025958
   outer loop
      vertex 0.327250688344153 0.804159961517400 0.125054446255305
      vertex 0.272219873061186 0.807004024239553 0.105701269682343
      vertex 0.272088972319266 0.804160768931725 0.106081683904302
   endloop
endfacet
facet normal 0.127388692887273 0.920125733344410 -0.370325202709571
   outer loop
      vertex 0.000817575012937 0.814655962200268 -0.001972802097580
      vertex -0.053484739301640 0.813532327031604 -0.023444164069946
      vertex -0.054344043047999 0.814656872640529 -0.020945663386548
   endloop
endfacet
facet normal -0.045585235691353 -0.990135165729443 0.132492791777106
   outer loop
      vertex -0.221748025758419 0.793464978358405 -0.072285918824868
      vertex -0.276909691797495 0.793465786981534 -0.091258701174810
      vertex -0.220823217554814 0.793062632060299 -0.074974515040915
   endloop
endfacet
facet normal 0.322038137952343 -0.140099298035029 -0.936303169061325
   outer loop
      vertex -0.051725988757513 0.803953403234541 -0.028558009204833
      vertex -0.051856889499434 0.801110147926713 -0.028177594982874
      vertex -0.107018505544224 0.801110957336107 -0.047150357333987
   endloop
endfacet
facet normal 0.039320029688502 -0.992660720881454 -0.114361831414189
   outer loop
      vertex -0.165661601510025 0.793061822650905 -0.056001752689804
      vertex -0.220823217554814 0.793062632060299 -0.074974515040915
      vertex -0.164734448091742 0.793409086887027 -0.058697231270553
   endloop
endfacet
facet normal -0.045583871062892 -0.990135863138181 0.132488049372502
   outer loop
      vertex 0.110146782686503 0.793057579527409 0.038862256941142
      vertex 0.054060358438108 0.793460735234909 0.022578090806076
      vertex 0.054985166620524 0.793058389993154 0.019889394595610
   endloop
endfacet
facet normal -0.256104013993767 0.616392504887829 0.744628104448381
   outer loop
      vertex -0.278455416153202 0.811915860882431 -0.086763805266905
      vertex -0.333617099190605 0.811916769497722 -0.105736616558592
      vertex -0.279031147496209 0.809654715048396 -0.085090075482619
   endloop
endfacet
facet normal 0.121548780176606 -0.927529969279661 -0.353431818213429
   outer loop
      vertex 0.055912218063755 0.793405752208722 0.017193917071534
      vertex 0.000750602018966 0.793406561618115 -0.001778845279578
      vertex 0.056778575292686 0.794479020685188 0.014675230392072
   endloop
endfacet
facet normal 0.195490217032704 -0.799185430369303 -0.568406740749913
   outer loop
      vertex -0.053544756776989 0.794480637508908 -0.023270294310044
      vertex -0.108706474818021 0.794481545954100 -0.042243155598902
      vertex -0.052798346665939 0.796206696898975 -0.025440440357682
   endloop
endfacet
facet normal 0.045573296673178 0.990140362467595 -0.132458058429372
   outer loop
      vertex -0.110430465280247 0.815059927317163 -0.037229730583758
      vertex -0.109505759072885 0.814657680054854 -0.039918425737551
      vertex -0.164667375117674 0.814658489464248 -0.058891188088665
   endloop
endfacet
facet normal 0.121548780176584 -0.927529969279700 -0.353431818213335
   outer loop
      vertex -0.109572832046952 0.793408277477633 -0.039724468919439
      vertex -0.164734448091742 0.793409086887027 -0.058697231270553
      vertex -0.108706474818021 0.794481545954100 -0.042243155598902
   endloop
endfacet
facet normal 0.259948087940848 0.601061231446047 -0.755746245527200
   outer loop
      vertex 0.002973728814773 0.809466590265612 -0.008241826854001
      vertex -0.052187887251206 0.809467400731357 -0.027214689199532
      vertex 0.002412433210258 0.811761532785917 -0.006609674176447
   endloop
endfacet
facet normal 0.256104808073638 -0.616390499569744 -0.744629491305392
   outer loop
      vertex 0.002939070707926 0.798467034720164 -0.008141407790931
      vertex 0.002363369358948 0.796205889484649 -0.006467678006679
      vertex -0.052798346665939 0.796206696898975 -0.025440440357682
   endloop
endfacet
facet normal -0.322037620537004 0.140099298024216 0.936303347025945
   outer loop
      vertex -0.169073561246049 0.807010792631961 -0.046081125939575
      vertex -0.224235277270935 0.807011600046286 -0.065053888290578
      vertex -0.169204461987970 0.804167537324133 -0.045700711717617
   endloop
endfacet
facet normal 0.127371977426888 0.920145359294572 -0.370282185819177
   outer loop
      vertex 0.221464341169718 0.814652628460682 0.073918446238815
      vertex 0.167162026833953 0.813528994348367 0.052446984272030
      vertex 0.166302625123644 0.814653436931358 0.054945583893393
   endloop
endfacet
facet normal -0.301684203535821 -0.373732089364433 0.877103737716499
   outer loop
      vertex -0.058419129428359 0.798651823967800 -0.009098408083055
      vertex -0.058768136302890 0.801315317496489 -0.008083541651370
      vertex -0.113929854322733 0.801316224885331 -0.027056302945810
   endloop
endfacet
facet normal -0.200495469383239 -0.787426512340705 0.582890259328245
   outer loop
      vertex 0.052465598225928 0.796355266618845 0.027214963941396
      vertex -0.002696117798958 0.796356074033170 0.008242201590394
      vertex 0.053200956727799 0.794585177817898 0.025076690427439
   endloop
endfacet
facet normal 0.301684203535882 0.373732089364064 -0.877103737716635
   outer loop
      vertex 0.223969503819852 0.806799664079171 0.066634453999727
      vertex 0.168807785800011 0.806800571468012 0.047661692705286
      vertex 0.223620496945323 0.809463157607860 0.067649320431412
   endloop
endfacet
facet normal -0.127371361493060 -0.920145359301343 0.370282397674541
   outer loop
      vertex 0.108362672752686 0.794584370403573 0.044049452778442
      vertex 0.053200956727799 0.794585177817898 0.025076690427439
      vertex 0.109222074462995 0.793459927820583 0.041550853157080
   endloop
endfacet
facet normal 0.259946852676882 0.601061231481067 -0.755746670382243
   outer loop
      vertex 0.333382433451576 0.811756480253027 0.107227097805610
      vertex 0.278782113011301 0.809462347142116 0.086622182776943
      vertex 0.278220817406785 0.811757289662421 0.088254335454498
   endloop
endfacet
facet normal 0.045573296673150 0.990140362467604 -0.132458058429310
   outer loop
      vertex 0.055054484850363 0.815057400053183 0.019688655407325
      vertex 0.000817575012937 0.814655962200268 -0.001972802097580
      vertex -0.000107131194426 0.815058209462576 0.000715893056213
   endloop
endfacet
facet normal -0.200488221290009 -0.787447832451540 0.582863950070117
   outer loop
      vertex 0.218686006838506 0.794582652548988 0.081995076418414
      vertex 0.162788932311749 0.796353548764259 0.065160587581367
      vertex 0.163524388798761 0.794583561932897 0.063022315123863
   endloop
endfacet
facet normal 0.121550252460480 -0.927528628433406 -0.353434830715987
   outer loop
      vertex 0.276558984220538 0.793402418469134 0.093085165407929
      vertex 0.221397268174463 0.793403226939811 0.074112303062509
      vertex 0.277425241469373 0.794475684950533 0.090566478728577
   endloop
endfacet
facet normal 0.945638302831626 -0.000015925340348 0.325220233017729
   outer loop
      vertex 0.329069456384817 0.813632726186683 0.119766831354934
      vertex 0.328273982422457 0.796351023495349 0.122078973572341
      vertex 0.329009338929371 0.794581034668918 0.119940701114946
   endloop
endfacet
facet normal 0.045572458270675 0.990140681092954 -0.132455965105200
   outer loop
      vertex 0.110216200875249 0.815056592638858 0.038661417758328
      vertex 0.055979291037822 0.814655154785944 0.016999960253422
      vertex 0.055054484850363 0.815057400053183 0.019688655407325
   endloop
endfacet
facet normal 0.322862797503066 0.120948167405115 -0.938685865873050
   outer loop
      vertex 0.003322837664355 0.806802998757476 -0.009256694342359
      vertex -0.051725988757513 0.803953403234541 -0.028558009204833
      vertex -0.051838880376677 0.806803907202668 -0.028229555631218
   endloop
endfacet
facet normal -0.127372474741972 -0.920144264978310 0.370284734097466
   outer loop
      vertex -0.276909691797495 0.793465786981534 -0.091258701174810
      vertex -0.332930741554701 0.794591038758037 -0.107732903902292
      vertex -0.332071368836501 0.793466595490842 -0.110231493524181
   endloop
endfacet
facet normal 0.322864442111071 0.120915678426845 -0.938689485789035
   outer loop
      vertex 0.334292835910718 0.806798046199101 0.104580078696260
      vertex 0.279244111485089 0.803948351640369 0.085278862771533
      vertex 0.279131219844739 0.806798856664846 0.085607216350730
   endloop
endfacet
facet normal -0.045584491464473 -0.990135494545421 0.132490590530878
   outer loop
      vertex -0.276909691797495 0.793465786981534 -0.091258701174810
      vertex -0.332071368836501 0.793466595490842 -0.110231493524181
      vertex -0.275984933598772 0.793063440425340 -0.093947367386895
   endloop
endfacet
facet normal 0.045585474009266 0.990135165726785 -0.132492709801493
   outer loop
      vertex 0.165377816941228 0.815055782173113 0.057634280103860
      vertex 0.111141009078853 0.814654246340752 0.035972821542281
      vertex 0.110216200875249 0.815056592638858 0.038661417758328
   endloop
endfacet
facet normal 0.322863155200646 0.120948167394931 -0.938685742843520
   outer loop
      vertex 0.168807785800011 0.806800571468012 0.047661692705286
      vertex 0.113759061353193 0.803950877965631 0.028360376786141
      vertex 0.113646169734031 0.806801381933757 0.028688830359756
   endloop
endfacet
facet normal 0.121549695468880 -0.927528628429506 -0.353435022281468
   outer loop
      vertex 0.056778575292686 0.794479020685188 0.014675230392072
      vertex 0.000750602018966 0.793406561618115 -0.001778845279578
      vertex 0.001616859267801 0.794479828099514 -0.004297531958930
   endloop
endfacet
facet normal 0.045585134387239 0.990135863120945 -0.132487614834891
   outer loop
      vertex 0.220539534961071 0.815054874784272 0.076607041398300
      vertex 0.166302625123644 0.814653436931358 0.054945583893393
      vertex 0.165377816941228 0.815055782173113 0.057634280103860
   endloop
endfacet
facet normal 0.121548739255162 -0.927528628422089 -0.353435351150559
   outer loop
      vertex -0.164734448091742 0.793409086887027 -0.058697231270553
      vertex -0.219896166132773 0.793409995332218 -0.077670092559409
      vertex -0.163868190842907 0.794482353368424 -0.061215917949905
   endloop
endfacet
facet normal -0.299267314969593 0.391594752896607 0.870110696230506
   outer loop
      vertex -0.279031147496209 0.809654715048396 -0.085090075482619
      vertex -0.334192824528857 0.809655523240798 -0.104062837833665
      vertex -0.279396915327890 0.807012510087532 -0.084026749579523
   endloop
endfacet
facet normal 0.121543498299102 -0.927536305865953 -0.353417004856526
   outer loop
      vertex 0.167101909378508 0.794477302830603 0.052620854032043
      vertex 0.111073934088641 0.793404944794397 0.036166679422537
      vertex 0.111940193353621 0.794478110244928 0.033648091681039
   endloop
endfacet
facet normal 0.256100851576008 -0.616410737378903 -0.744614099158780
   outer loop
      vertex -0.052222645338149 0.798467843190840 -0.027114270136352
      vertex -0.052798346665939 0.796206696898975 -0.025440440357682
      vertex -0.107960062712014 0.796207505369651 -0.044413302703103
   endloop
endfacet
facet normal 0.195483298238775 -0.799202362213441 -0.568385313270976
   outer loop
      vertex -0.108706474818021 0.794481545954100 -0.042243155598902
      vertex -0.163868190842907 0.794482353368424 -0.061215917949905
      vertex -0.107960062712014 0.796207505369651 -0.044413302703103
   endloop
endfacet
facet normal -0.127382399724516 -0.920130915674328 0.370314491021816
   outer loop
      vertex 0.219545408548816 0.793458209965998 0.079496476797050
      vertex 0.163524388798761 0.794583561932897 0.063022315123863
      vertex 0.164383692523930 0.793459017380323 0.060523714446047
   endloop
endfacet
facet normal -0.322862628005598 -0.120948167409760 0.938685924171413
   outer loop
      vertex 0.272201863938429 0.801310264963599 0.105753230330686
      vertex 0.272088972319266 0.804160768931725 0.106081683904302
      vertex 0.216927256273191 0.804161577402401 0.087108821558882
   endloop
endfacet
facet normal 0.299270467426285 -0.391580788828508 -0.870115896387888
   outer loop
      vertex 0.003304826546641 0.801109339456037 -0.009204732637453
      vertex 0.002939070707926 0.798467034720164 -0.008141407790931
      vertex -0.052222645338149 0.798467843190840 -0.027114270136352
   endloop
endfacet
facet normal 0.322039135761336 -0.140099298055119 -0.936302825864877
   outer loop
      vertex 0.003435727288562 0.803952594763866 -0.009585146859411
      vertex -0.051856889499434 0.801110147926713 -0.028177594982874
      vertex -0.051725988757513 0.803953403234541 -0.028558009204833
   endloop
endfacet
facet normal -0.127371266366733 -0.920145799472508 0.370281336576979
   outer loop
      vertex -0.221748025758419 0.793464978358405 -0.072285918824868
      vertex -0.277769063509538 0.794590229951775 -0.088760081554595
      vertex -0.276909691797495 0.793465786981534 -0.091258701174810
   endloop
endfacet
facet normal -0.039331598029661 0.992656450255441 0.114394917556248
   outer loop
      vertex -0.166519334723418 0.814713470495366 -0.053507014354013
      vertex -0.220753899346164 0.815061643176680 -0.075175354223619
      vertex -0.221680950789396 0.814714280961111 -0.072479876699543
   endloop
endfacet
facet normal -0.322861631640335 -0.120948167437113 0.938686266868833
   outer loop
      vertex -0.169091570368807 0.801317033356007 -0.046029165291231
      vertex -0.169204461987970 0.804167537324133 -0.045700711717617
      vertex -0.224366078032759 0.804168346733526 -0.064673474068729
   endloop
endfacet
facet normal 0.322037873656575 -0.140088292486604 -0.936304906661788
   outer loop
      vertex 0.058597345328307 0.803951685379956 0.009387614435138
      vertex 0.058466544566484 0.801108432067196 0.009768028656987
      vertex 0.003304826546641 0.801109339456037 -0.009204732637453
   endloop
endfacet
facet normal -0.039318586060678 0.992660720856551 0.114362327970107
   outer loop
      vertex -0.056196000637596 0.814711752640781 -0.015561390714042
      vertex -0.110430465280247 0.815059927317163 -0.037229730583758
      vertex -0.111357618698532 0.814712663081041 -0.034534252003010
   endloop
endfacet
facet normal -0.259940608874393 -0.601090005329330 0.755725932697295
   outer loop
      vertex -0.057857733864936 0.796356884498915 -0.010730660755138
      vertex -0.058419129428359 0.798651823967800 -0.009098408083055
      vertex -0.113580845474436 0.798652632438476 -0.028071270428476
   endloop
endfacet
facet normal 0.301685050690615 0.373732089347373 -0.877103446340196
   outer loop
      vertex 0.113297162880690 0.809464874406095 0.029703796785859
      vertex 0.058484453709145 0.806802189348082 0.009716068008754
      vertex 0.058135446834616 0.809465682876771 0.010730934440439
   endloop
endfacet
facet normal 0.301684034888387 0.373743664642304 -0.877098863431714
   outer loop
      vertex 0.168807785800011 0.806800571468012 0.047661692705286
      vertex 0.113646169734031 0.806801381933757 0.028688830359756
      vertex 0.168458780920436 0.809463965022185 0.048676558080409
   endloop
endfacet
facet normal -0.039320029688393 0.992660720881495 0.114361831413871
   outer loop
      vertex 0.054127331432079 0.814710135817062 0.022384133988073
      vertex -0.000107131194426 0.815058209462576 0.000715893056213
      vertex -0.001034284612710 0.814710945226456 0.003411371636962
   endloop
endfacet
facet normal 0.945624341651225 -0.000015953219108 0.325260824911614
   outer loop
      vertex 0.330862867051935 0.815053256904203 0.114552666094832
      vertex 0.330793448842000 0.793054244849104 0.114753405283227
      vertex 0.331787675234351 0.814650911662447 0.111863969884367
   endloop
endfacet
facet normal -0.127373078473342 -0.920145359281675 0.370281807104565
   outer loop
      vertex 0.053200956727799 0.794585177817898 0.025076690427439
      vertex -0.001960661311946 0.794586087201808 0.006103929132890
      vertex 0.054060358438108 0.793460735234909 0.022578090806076
   endloop
endfacet
facet normal 0.259939373650202 0.601090005341588 -0.755726357555955
   outer loop
      vertex 0.223620496945323 0.809463157607860 0.067649320431412
      vertex 0.168458780920436 0.809463965022185 0.048676558080409
      vertex 0.223059101381898 0.811758097076745 0.069281573103494
   endloop
endfacet
facet normal 0.121550526815271 -0.927527957261994 -0.353436497730953
   outer loop
      vertex -0.275057812175829 0.793410804354362 -0.096642874909373
      vertex -0.330219488217152 0.793411612989255 -0.115615677258188
      vertex -0.274191504930590 0.794484071516388 -0.099161531590455
   endloop
endfacet
facet normal 0.200486611161734 0.787447832466630 -0.582864503884471
   outer loop
      vertex 0.277485360919773 0.813527276493782 0.090392607912001
      vertex 0.278220817406785 0.811757289662421 0.088254335454498
      vertex 0.223059101381898 0.811758097076745 0.069281573103494
   endloop
endfacet
facet normal 0.039319998064562 -0.992660720880935 -0.114361842291676
   outer loop
      vertex 0.165308498711389 0.793056772113083 0.057835019292144
      vertex 0.110146782686503 0.793057579527409 0.038862256941142
      vertex 0.166235652129673 0.793404036349205 0.055139540711395
   endloop
endfacet
facet normal 0.127373116205130 0.920143372398838 -0.370286731464535
   outer loop
      vertex 0.331787675234351 0.814650911662447 0.111863969884367
      vertex 0.332646976964564 0.813526467084389 0.109365370263113
      vertex 0.277485360919773 0.813527276493782 0.090392607912001
   endloop
endfacet
facet normal 0.195489309402458 -0.799185430361546 -0.568407052918224
   outer loop
      vertex 0.223010037509401 0.796202454831829 0.069423469278845
      vertex 0.167101909378508 0.794477302830603 0.052620854032043
      vertex 0.167848319489559 0.796203362220670 0.050450707984405
   endloop
endfacet
facet normal 0.039329361934714 -0.992656639086219 -0.114394047781603
   outer loop
      vertex -0.275984933598772 0.793063440425340 -0.093947367386895
      vertex -0.331146611635051 0.793064349034749 -0.112920168679146
      vertex -0.275057812175829 0.793410804354362 -0.096642874909373
   endloop
endfacet
facet normal 0.195482615049376 -0.799205037019196 -0.568381787196426
   outer loop
      vertex -0.274191504930590 0.794484071516388 -0.099161531590455
      vertex -0.329353182971515 0.794484880111381 -0.118134333939267
      vertex -0.273445052834663 0.796210031835603 -0.101331688694143
   endloop
endfacet
facet normal 0.259940326463785 0.601090005332463 -0.755726029833114
   outer loop
      vertex -0.163072614905494 0.811763958080312 -0.063528061223984
      vertex -0.217672937361912 0.809469926000268 -0.084133075190506
      vertex -0.218234332925336 0.811764865469153 -0.082500822518423
   endloop
endfacet
facet normal -0.299267821766903 0.391592071746467 0.870111728572948
   outer loop
      vertex -0.279396915327890 0.807012510087532 -0.084026749579523
      vertex -0.334192824528857 0.809655523240798 -0.104062837833665
      vertex -0.334558593362458 0.807013318365619 -0.102999521930010
   endloop
endfacet
facet normal 0.299266439775446 -0.391603156457067 -0.870107215162012
   outer loop
      vertex 0.058466544566484 0.801108432067196 0.009768028656987
      vertex 0.058100686752715 0.798466225310771 0.010831354560182
      vertex 0.002939070707926 0.798467034720164 -0.008141407790931
   endloop
endfacet
facet normal -0.121548613173785 0.927529969276264 0.353431875656261
   outer loop
      vertex 0.163584408269066 0.813635151481078 0.062848444307397
      vertex 0.164450765497997 0.814708419957544 0.060329757627936
      vertex 0.109289049473111 0.814709227371870 0.041356995276932
   endloop
endfacet
facet normal -0.322038318201300 0.140091705075381 0.936304243170536
   outer loop
      vertex -0.279396915327890 0.807012510087532 -0.084026749579523
      vertex -0.334558593362458 0.807013318365619 -0.102999521930010
      vertex -0.279527794078834 0.804169155204202 -0.083646336414149
   endloop
endfacet
facet normal 0.195484205833118 -0.799202362220466 -0.568385001113702
   outer loop
      vertex 0.278171753555476 0.796201646361154 0.088396331624266
      vertex 0.222263625403394 0.794476495416278 0.071593616383046
      vertex 0.223010037509401 0.796202454831829 0.069423469278845
   endloop
endfacet
facet normal 0.322039135761336 -0.140099298054636 -0.936302825864950
   outer loop
      vertex 0.279244111485089 0.803948351640369 0.085278862771533
      vertex 0.223951494697094 0.801105904803216 0.066686414648070
      vertex 0.224082395439014 0.803949160111046 0.066306000426112
   endloop
endfacet
facet normal 0.256106443632637 -0.616383345992107 -0.744634850321564
   outer loop
      vertex -0.217707695448856 0.798470368459752 -0.084032656127326
      vertex -0.273445052834663 0.796210031835603 -0.101331688694143
      vertex -0.272869323495087 0.798471278066694 -0.103005457419632
   endloop
endfacet
facet normal -0.127374360796239 -0.920143372367564 0.370286303419119
   outer loop
      vertex -0.056262973652756 0.793462353114979 -0.015367533890458
      vertex -0.112283993402812 0.794587705081878 -0.031841695563644
      vertex -0.111424691672599 0.793463260503820 -0.034340295184898
   endloop
endfacet
facet normal -0.121549723716028 0.927528717577070 0.353434778614659
   outer loop
      vertex -0.222547310013284 0.813641112459160 -0.069961188963517
      vertex -0.276842668807120 0.814715188244317 -0.091452627994541
      vertex -0.277708966050112 0.813641921070526 -0.088933951314586
   endloop
endfacet
facet normal 0.299268876963661 -0.391580788811630 -0.870116443422701
   outer loop
      vertex -0.051856889499434 0.801110147926713 -0.028177594982874
      vertex -0.052222645338149 0.798467843190840 -0.027114270136352
      vertex -0.107384263377896 0.798468752574750 -0.046087031430903
   endloop
endfacet
facet normal 0.256107894349922 -0.616379929811570 -0.744637179153132
   outer loop
      vertex -0.107384263377896 0.798468752574750 -0.046087031430903
      vertex -0.107960062712014 0.796207505369651 -0.044413302703103
      vertex -0.163121678756803 0.796208314779045 -0.063386065054216
   endloop
endfacet
facet normal -0.301682815424924 -0.373742072817683 0.877099961169326
   outer loop
      vertex -0.168742463514181 0.798653541822386 -0.047044031723026
      vertex -0.169091570368807 0.801317033356007 -0.046029165291231
      vertex -0.224253186413597 0.801317842765400 -0.065001927642344
   endloop
endfacet
facet normal 0.322861801138225 0.120948167432630 -0.938686208570505
   outer loop
      vertex 0.058597345328307 0.803951685379956 0.009387614435138
      vertex 0.003435727288562 0.803952594763866 -0.009585146859411
      vertex 0.058484453709145 0.806802189348082 0.009716068008754
   endloop
endfacet
facet normal 0.121549258714167 -0.927527957242222 -0.353436933893599
   outer loop
      vertex -0.219029806887696 0.794483162777818 -0.080188680301017
      vertex -0.275057812175829 0.793410804354362 -0.096642874909373
      vertex -0.274191504930590 0.794484071516388 -0.099161531590455
   endloop
endfacet
facet normal -0.121549862475271 0.927528628430723 0.353434964843130
   outer loop
      vertex -0.112223975927463 0.813639394604574 -0.032015565323547
      vertex -0.166519334723418 0.814713470495366 -0.053507014354013
      vertex -0.167385591972253 0.813640204013968 -0.050988327674661
   endloop
endfacet
facet normal -0.200488539014104 -0.787443192606445 0.582870109151052
   outer loop
      vertex -0.057857733864936 0.796356884498915 -0.010730660755138
      vertex -0.113019449889824 0.796357691913240 -0.029703423106141
      vertex -0.057122377358021 0.794586895672484 -0.012868933212532
   endloop
endfacet
facet normal 0.301679893836383 0.373760543714845 -0.877093095182520
   outer loop
      vertex 0.113646169734031 0.806801381933757 0.028688830359756
      vertex 0.058484453709145 0.806802189348082 0.009716068008754
      vertex 0.113297162880690 0.809464874406095 0.029703796785859
   endloop
endfacet
facet normal -0.195480362015477 0.799206119402016 0.568381040127720
   outer loop
      vertex -0.112970386038515 0.811913335214507 -0.029845419275909
      vertex -0.167385591972253 0.813640204013968 -0.050988327674661
      vertex -0.168132104058356 0.811914242603348 -0.048818180570349
   endloop
endfacet
facet normal 0.127371977426938 0.920145359294516 -0.370282185819300
   outer loop
      vertex -0.164667375117674 0.814658489464248 -0.058891188088665
      vertex -0.218969689453440 0.813534855351934 -0.080362650055447
      vertex -0.219829091163749 0.814659297934925 -0.077864050434085
   endloop
endfacet
facet normal 0.299269808224031 -0.391580788821785 -0.870116123118782
   outer loop
      vertex -0.107018505544224 0.801110957336107 -0.047150357333987
      vertex -0.162545979423970 0.798469561045426 -0.065059893776324
      vertex -0.162180223585254 0.801111865781299 -0.066123218622845
   endloop
endfacet
facet normal -0.195490620675559 0.799185430372613 0.568406601921570
   outer loop
      vertex -0.057808670013627 0.811912527800182 -0.010872656924905
      vertex -0.112223975927463 0.813639394604574 -0.032015565323547
      vertex -0.112970386038515 0.811913335214507 -0.029845419275909
   endloop
endfacet
facet normal 0.127373116205200 0.920143372398766 -0.370286731464689
   outer loop
      vertex -0.109505759072885 0.814657680054854 -0.039918425737551
      vertex -0.163808073387462 0.813534044886190 -0.061389787709918
      vertex -0.164667375117674 0.814658489464248 -0.058891188088665
   endloop
endfacet
facet normal 0.039328786273340 -0.992656887886497 -0.114392086709528
   outer loop
      vertex 0.000750602018966 0.793406561618115 -0.001778845279578
      vertex -0.055338167444107 0.793060106791388 -0.018056129049942
      vertex -0.054411116022065 0.793407470063308 -0.020751706568436
   endloop
endfacet
facet normal 0.299270467426265 -0.391580788828727 -0.870115896387795
   outer loop
      vertex 0.003304826546641 0.801109339456037 -0.009204732637453
      vertex -0.052222645338149 0.798467843190840 -0.027114270136352
      vertex -0.051856889499434 0.801110147926713 -0.028177594982874
   endloop
endfacet
facet normal -0.259945001771138 -0.601068798544958 0.755741288715870
   outer loop
      vertex 0.328273982422457 0.796351023495349 0.122078973572341
      vertex 0.327712586837844 0.798645964020584 0.123711126250004
      vertex 0.272550970793054 0.798646773429978 0.104738363898892
   endloop
endfacet
facet normal -0.301682815424966 -0.373742072817298 0.877099961169475
   outer loop
      vertex 0.327712586837844 0.798645964020584 0.123711126250004
      vertex 0.272201863938429 0.801310264963599 0.105753230330686
      vertex 0.272550970793054 0.798646773429978 0.104738363898892
   endloop
endfacet
facet normal 0.039320029688388 -0.992660720881497 -0.114361831413856
   outer loop
      vertex 0.055912218063755 0.793405752208722 0.017193917071534
      vertex -0.000176551399318 0.793059297381995 0.000916633301171
      vertex 0.000750602018966 0.793406561618115 -0.001778845279578
   endloop
endfacet
facet normal -0.121537293315269 0.927542117988797 0.353403884656713
   outer loop
      vertex 0.329069456384817 0.813632726186683 0.119766831354934
      vertex 0.329935815608704 0.814705894688634 0.117248143618908
      vertex 0.274774097588862 0.814706802077475 0.098275382324469
   endloop
endfacet
facet normal 0.127371361493043 0.920145359301344 -0.370282397674544
   outer loop
      vertex 0.055979291037822 0.814655154785944 0.016999960253422
      vertex 0.001676976723246 0.813531519617279 -0.004471401718943
      vertex 0.000817575012937 0.814655962200268 -0.001972802097580
   endloop
endfacet
facet normal -0.039331429607651 0.992656450253405 0.114394975481124
   outer loop
      vertex 0.329935815608704 0.814705894688634 0.117248143618908
      vertex 0.330862867051935 0.815053256904203 0.114552666094832
      vertex 0.275701251007145 0.815054066313595 0.095579903743720
   endloop
endfacet
facet normal -0.195483298238699 0.799202362213545 0.568385313270856
   outer loop
      vertex 0.052514662077237 0.811910909920112 0.027072967771627
      vertex -0.001900641841642 0.813637676749989 0.005930058316423
      vertex -0.002647053947649 0.811911717334438 0.008100205420626
   endloop
endfacet
facet normal 0.127373458206871 0.920145359276792 -0.370281676492107
   outer loop
      vertex 0.111141009078853 0.814654246340752 0.035972821542281
      vertex 0.056838692748131 0.813530712202954 0.014501360632059
      vertex 0.055979291037822 0.814655154785944 0.016999960253422
   endloop
endfacet
facet normal 0.039331397964627 -0.992656450253061 -0.114394986363650
   outer loop
      vertex 0.111073934088641 0.793404944794397 0.036166679422537
      vertex 0.054985166620524 0.793058389993154 0.019889394595610
      vertex 0.055912218063755 0.793405752208722 0.017193917071534
   endloop
endfacet
facet normal -0.127381117371849 -0.920132902815384 0.370309994590525
   outer loop
      vertex 0.054060358438108 0.793460735234909 0.022578090806076
      vertex -0.001960661311946 0.794586087201808 0.006103929132890
      vertex -0.001101257606681 0.793461544644302 0.003605328454963
   endloop
endfacet
facet normal -0.121549862475262 0.927528628430723 0.353434964843134
   outer loop
      vertex 0.053261074183244 0.813636869335664 0.024902820667426
      vertex 0.054127331432079 0.814710135817062 0.022384133988073
      vertex -0.001034284612710 0.814710945226456 0.003411371636962
   endloop
endfacet
facet normal -0.045585869070067 -0.990134846948462 0.132494956128427
   outer loop
      vertex 0.165308498711389 0.793056772113083 0.057835019292144
      vertex 0.109222074462995 0.793459927820583 0.041550853157080
      vertex 0.110146782686503 0.793057579527409 0.038862256941142
   endloop
endfacet
facet normal 0.299266439775440 -0.391603156457068 -0.870107215162013
   outer loop
      vertex 0.113628160611273 0.801107622657802 0.028740791008100
      vertex 0.058100686752715 0.798466225310771 0.010831354560182
      vertex 0.058466544566484 0.801108432067196 0.009768028656987
   endloop
endfacet
facet normal 0.039328566843591 -0.992656970098163 -0.114391448743177
   outer loop
      vertex 0.166235652129673 0.793404036349205 0.055139540711395
      vertex 0.110146782686503 0.793057579527409 0.038862256941142
      vertex 0.111073934088641 0.793404944794397 0.036166679422537
   endloop
endfacet
facet normal 0.200493891973497 0.787431152398294 -0.582884533603367
   outer loop
      vertex 0.222323642878742 0.813528184938974 0.071419746623143
      vertex 0.167897485315920 0.811758907542490 0.050308710757964
      vertex 0.167162026833953 0.813528994348367 0.052446984272030
   endloop
endfacet
facet normal 0.045573693018721 0.990140211083621 -0.132459053672890
   outer loop
      vertex -0.220753899346164 0.815061643176680 -0.075175354223619
      vertex -0.274990789185454 0.814660205617144 -0.096836801729105
      vertex -0.275915535393331 0.815062452503964 -0.094148146573035
   endloop
endfacet
facet normal 0.045583765160349 0.990135863139544 -0.132488085799130
   outer loop
      vertex -0.165592183300090 0.815060834706004 -0.056202491878198
      vertex -0.219829091163749 0.814659297934925 -0.077864050434085
      vertex -0.220753899346164 0.815061643176680 -0.075175354223619
   endloop
endfacet
facet normal 0.259945513801324 0.601068798544820 -0.755741112597729
   outer loop
      vertex 0.167897485315920 0.811758907542490 0.050308710757964
      vertex 0.113297162880690 0.809464874406095 0.029703796785859
      vertex 0.112735767296078 0.811759814931331 0.031335949463524
   endloop
endfacet
facet normal 0.045585134387238 0.990135863120945 -0.132487614834889
   outer loop
      vertex -0.110430465280247 0.815059927317163 -0.037229730583758
      vertex -0.164667375117674 0.814658489464248 -0.058891188088665
      vertex -0.165592183300090 0.815060834706004 -0.056202491878198
   endloop
endfacet
facet normal -0.195483927661665 0.799200906823240 0.568387143203362
   outer loop
      vertex 0.162837996163058 0.811909192065526 0.065018591411599
      vertex 0.108422790208130 0.813636061921338 0.043875583018429
      vertex 0.107676280138173 0.811909999479852 0.046045829060596
   endloop
endfacet
facet normal 0.039320385773698 -0.992660638725679 -0.114362422094558
   outer loop
      vertex 0.276558984220538 0.793402418469134 0.093085165407929
      vertex 0.220470214736275 0.793055964698759 0.076807781643147
      vertex 0.221397268174463 0.793403226939811 0.074112303062509
   endloop
endfacet
facet normal 0.299267732378773 -0.391593819165449 -0.870110972892702
   outer loop
      vertex 0.223951494697094 0.801105904803216 0.066686414648070
      vertex 0.168424120818633 0.798464509451253 0.048776978200042
      vertex 0.168789878652304 0.801106714212610 0.047713652296958
   endloop
endfacet
facet normal -0.256109201051944 0.616373245369742 0.744642262787244
   outer loop
      vertex 0.162837996163058 0.811909192065526 0.065018591411599
      vertex 0.107676280138173 0.811909999479852 0.046045829060596
      vertex 0.162262296809037 0.809647946855496 0.066692320139288
   endloop
endfacet
facet normal 0.045573296673174 0.990140362467595 -0.132458058429371
   outer loop
      vertex -0.055268849235457 0.815059117907769 -0.018256968232646
      vertex -0.109505759072885 0.814657680054854 -0.039918425737551
      vertex -0.110430465280247 0.815059927317163 -0.037229730583758
   endloop
endfacet
facet normal 0.121542583007010 -0.927537646623659 -0.353413800822532
   outer loop
      vertex -0.163868190842907 0.794482353368424 -0.061215917949905
      vertex -0.219896166132773 0.793409995332218 -0.077670092559409
      vertex -0.219029806887696 0.794483162777818 -0.080188680301017
   endloop
endfacet
facet normal -0.195491819303966 0.799185430381136 0.568406189666989
   outer loop
      vertex 0.273161330248879 0.811907474210941 0.102964215051569
      vertex 0.218746124293951 0.813634344066753 0.081821206658401
      vertex 0.217999714182901 0.811908284676685 0.083991352706039
   endloop
endfacet
facet normal 0.045574290853900 0.990140681067854 -0.132455334764782
   outer loop
      vertex -0.000107131194426 0.815058209462576 0.000715893056213
      vertex -0.054344043047999 0.814656872640529 -0.020945663386548
      vertex -0.055268849235457 0.815059117907769 -0.018256968232646
   endloop
endfacet
facet normal 0.121549695468805 -0.927528628429623 -0.353435022281188
   outer loop
      vertex -0.108706474818021 0.794481545954100 -0.042243155598902
      vertex -0.164734448091742 0.793409086887027 -0.058697231270553
      vertex -0.163868190842907 0.794482353368424 -0.061215917949905
   endloop
endfacet
facet normal 0.259939373650217 0.601090005341526 -0.755726357555999
   outer loop
      vertex -0.052187887251206 0.809467400731357 -0.027214689199532
      vertex -0.107349603276092 0.809468208145682 -0.046187451550536
      vertex -0.052749282814629 0.811762340200242 -0.025582436527450
   endloop
endfacet
facet normal -0.299269127652324 0.391590125973052 0.870112155112561
   outer loop
      vertex -0.223869421452124 0.809653906777228 -0.066117213137209
      vertex -0.279031147496209 0.809654715048396 -0.085090075482619
      vertex -0.224235277270935 0.807011600046286 -0.065053888290578
   endloop
endfacet
facet normal 0.121547656962948 -0.927529969256329 -0.353432204557213
   outer loop
      vertex -0.053544756776989 0.794480637508908 -0.023270294310044
      vertex -0.109572832046952 0.793408277477633 -0.039724468919439
      vertex -0.108706474818021 0.794481545954100 -0.042243155598902
   endloop
endfacet
facet normal 0.322038738722125 -0.140093874014197 -0.936303774010314
   outer loop
      vertex -0.217211038868221 0.803955928503453 -0.085476395195806
      vertex -0.272503555663406 0.801113483027558 -0.104068783322728
      vertex -0.272372674915387 0.803956737830738 -0.104449187545223
   endloop
endfacet
facet normal 0.121542583007031 -0.927537646623645 -0.353413800822560
   outer loop
      vertex 0.001616859267801 0.794479828099514 -0.004297531958930
      vertex -0.054411116022065 0.793407470063308 -0.020751706568436
      vertex -0.053544756776989 0.794480637508908 -0.023270294310044
   endloop
endfacet
facet normal -0.256099030313053 0.616410737373820 0.744614725561466
   outer loop
      vertex -0.168707803412378 0.809652997393318 -0.047144451842660
      vertex -0.223293720124334 0.811915053069093 -0.067791042915880
      vertex -0.223869421452124 0.809653906777228 -0.066117213137209
   endloop
endfacet
facet normal 0.127371361493150 0.920145359301222 -0.370282397674809
   outer loop
      vertex 0.055979291037822 0.814655154785944 0.016999960253422
      vertex 0.056838692748131 0.813530712202954 0.014501360632059
      vertex 0.001676976723246 0.813531519617279 -0.004471401718943
   endloop
endfacet
facet normal 0.322038882256313 -0.140099298049589 -0.936302913058118
   outer loop
      vertex -0.106887604802304 0.803954212643935 -0.047530771555946
      vertex -0.162180223585254 0.801111865781299 -0.066123218622845
      vertex -0.162049322843335 0.803955121089127 -0.066503632844804
   endloop
endfacet
facet normal -0.301680385807171 -0.373772119600592 0.877087992979335
   outer loop
      vertex 0.217389252752023 0.798647681875170 0.085765502610035
      vertex 0.217040247893638 0.801311074372993 0.086780467979575
      vertex 0.161878529852607 0.801311982818185 0.067807606690717
   endloop
endfacet
facet normal 0.121547823964181 -0.927529969259853 -0.353432147115099
   outer loop
      vertex 0.111940193353621 0.794478110244928 0.033648091681039
      vertex 0.055912218063755 0.793405752208722 0.017193917071534
      vertex 0.056778575292686 0.794479020685188 0.014675230392072
   endloop
endfacet
facet normal 0.045586969023166 0.990135165708707 -0.132492195552313
   outer loop
      vertex 0.110216200875249 0.815056592638858 0.038661417758328
      vertex 0.111141009078853 0.814654246340752 0.035972821542281
      vertex 0.055979291037822 0.814655154785944 0.016999960253422
   endloop
endfacet
facet normal 0.322038137952347 -0.140099298034587 -0.936303169061390
   outer loop
      vertex -0.162049322843335 0.803955121089127 -0.066503632844804
      vertex -0.162180223585254 0.801111865781299 -0.066123218622845
      vertex -0.217341839630044 0.801112675190693 -0.085095980973957
   endloop
endfacet
facet normal 0.045574292518902 0.990139984000941 -0.132460544857772
   outer loop
      vertex 0.275701251007145 0.815054066313595 0.095579903743720
      vertex 0.221464341169718 0.814652628460682 0.073918446238815
      vertex 0.220539534961071 0.815054874784272 0.076607041398300
   endloop
endfacet
facet normal 0.121549695468883 -0.927528628429507 -0.353435022281464
   outer loop
      vertex 0.222263625403394 0.794476495416278 0.071593616383046
      vertex 0.166235652129673 0.793404036349205 0.055139540711395
      vertex 0.167101909378508 0.794477302830603 0.052620854032043
   endloop
endfacet
facet normal -0.256106399616895 0.616390499588728 0.744628943898926
   outer loop
      vertex -0.058384471321513 0.809651379513248 -0.009198827146125
      vertex -0.112970386038515 0.811913335214507 -0.029845419275909
      vertex -0.113546087387492 0.809652189978993 -0.028171689491656
   endloop
endfacet
facet normal 0.121549337157964 -0.927529969290809 -0.353431626632155
   outer loop
      vertex 0.277425241469373 0.794475684950533 0.090566478728577
      vertex 0.221397268174463 0.793403226939811 0.074112303062509
      vertex 0.222263625403394 0.794476495416278 0.071593616383046
   endloop
endfacet
facet normal 0.322038137952343 -0.140099298034913 -0.936303169061342
   outer loop
      vertex -0.051725988757513 0.803953403234541 -0.028558009204833
      vertex -0.107018505544224 0.801110957336107 -0.047150357333987
      vertex -0.106887604802304 0.803954212643935 -0.047530771555946
   endloop
endfacet
facet normal -0.322862628005634 -0.120948167409760 0.938685924171401
   outer loop
      vertex 0.327363579984503 0.801309456492923 0.124726092676109
      vertex 0.272088972319266 0.804160768931725 0.106081683904302
      vertex 0.272201863938429 0.801310264963599 0.105753230330686
   endloop
endfacet
facet normal -0.256096933271997 0.616417421282381 0.744609913651610
   outer loop
      vertex -0.003222753301671 0.809650472124407 0.009773934148315
      vertex -0.057808670013627 0.811912527800182 -0.010872656924905
      vertex -0.058384471321513 0.809651379513248 -0.009198827146125
   endloop
endfacet
facet normal 0.195481964289380 -0.799206119449097 -0.568380488997187
   outer loop
      vertex -0.107960062712014 0.796207505369651 -0.044413302703103
      vertex -0.163868190842907 0.794482353368424 -0.061215917949905
      vertex -0.163121678756803 0.796208314779045 -0.063386065054216
   endloop
endfacet
facet normal 0.322037884446720 -0.140099298029578 -0.936303256254458
   outer loop
      vertex 0.058597345328307 0.803951685379956 0.009387614435138
      vertex 0.003304826546641 0.801109339456037 -0.009204732637453
      vertex 0.003435727288562 0.803952594763866 -0.009585146859411
   endloop
endfacet
facet normal -0.039331178499574 0.992656532480859 0.114394348290959
   outer loop
      vertex -0.111357618698532 0.814712663081041 -0.034534252003010
      vertex -0.165592183300090 0.815060834706004 -0.056202491878198
      vertex -0.166519334723418 0.814713470495366 -0.053507014354013
   endloop
endfacet
facet normal -0.301681472204211 -0.373760543665795 0.877092552315518
   outer loop
      vertex -0.223904179560256 0.798654350293062 -0.066016894068448
      vertex -0.224253186413597 0.801317842765400 -0.065001927642344
      vertex -0.279414872465644 0.801318651834597 -0.083974789987798
   endloop
endfacet
facet normal -0.127372213624774 -0.920145359291909 0.370282104576887
   outer loop
      vertex 0.274707024614796 0.793457399500254 0.098469339142580
      vertex 0.218686006838506 0.794582652548988 0.081995076418414
      vertex 0.219545408548816 0.793458209965998 0.079496476797050
   endloop
endfacet
facet normal 0.322038127144433 -0.140088292483014 -0.936304819476275
   outer loop
      vertex 0.113759061353193 0.803950877965631 0.028360376786141
      vertex 0.058466544566484 0.801108432067196 0.009768028656987
      vertex 0.058597345328307 0.803951685379956 0.009387614435138
   endloop
endfacet
facet normal 0.195490620675595 -0.799185430372530 -0.568406601921674
   outer loop
      vertex 0.002363369358948 0.796205889484649 -0.006467678006679
      vertex -0.053544756776989 0.794480637508908 -0.023270294310044
      vertex -0.052798346665939 0.796206696898975 -0.025440440357682
   endloop
endfacet
facet normal 0.322038683278109 -0.140093874013396 -0.936303793080227
   outer loop
      vertex -0.272372674915387 0.803956737830738 -0.104449187545223
      vertex -0.272503555663406 0.801113483027558 -0.104068783322728
      vertex -0.327665231704730 0.801114291662450 -0.123041585671542
   endloop
endfacet
facet normal -0.039330010422427 0.992656970120924 0.114390952223147
   outer loop
      vertex -0.001034284612710 0.814710945226456 0.003411371636962
      vertex -0.055268849235457 0.815059117907769 -0.018256968232646
      vertex -0.056196000637596 0.814711752640781 -0.015561390714042
   endloop
endfacet
facet normal -0.127373694407013 -0.920145359273878 0.370281595248610
   outer loop
      vertex 0.164383692523930 0.793459017380323 0.060523714446047
      vertex 0.108362672752686 0.794584370403573 0.044049452778442
      vertex 0.109222074462995 0.793459927820583 0.041550853157080
   endloop
endfacet
facet normal -0.256102346541507 0.616400167332453 0.744622335018536
   outer loop
      vertex 0.107100578789194 0.809648854244337 0.047719558844848
      vertex 0.052514662077237 0.811910909920112 0.027072967771627
      vertex 0.051938862764307 0.809649661658663 0.028746796493846
   endloop
endfacet
facet normal 0.195484205833157 -0.799202362220349 -0.568385001113853
   outer loop
      vertex 0.112686703444769 0.796204171630064 0.031477945633292
      vertex 0.056778575292686 0.794479020685188 0.014675230392072
      vertex 0.057524987398693 0.796204980100740 0.012505083287872
   endloop
endfacet
facet normal 0.322039135761313 -0.140099298055104 -0.936302825864887
   outer loop
      vertex 0.168920777399269 0.803950069494954 0.047333239131562
      vertex 0.113628160611273 0.801107622657802 0.028740791008100
      vertex 0.113759061353193 0.803950877965631 0.028360376786141
   endloop
endfacet
facet normal -0.322039802821089 0.140088292459030 0.936304243136208
   outer loop
      vertex -0.224235277270935 0.807011600046286 -0.065053888290578
      vertex -0.279396915327890 0.807012510087532 -0.084026749579523
      vertex -0.224366078032759 0.804168346733526 -0.064673474068729
   endloop
endfacet
facet normal -0.039318554438981 0.992660720856023 0.114362338846450
   outer loop
      vertex 0.109289049473111 0.814709227371870 0.041356995276932
      vertex 0.055054484850363 0.815057400053183 0.019688655407325
      vertex 0.054127331432079 0.814710135817062 0.022384133988073
   endloop
endfacet
facet normal 0.195489286736992 -0.799189187832299 -0.568401777638857
   outer loop
      vertex 0.167848319489559 0.796203362220670 0.050450707984405
      vertex 0.111940193353621 0.794478110244928 0.033648091681039
      vertex 0.112686703444769 0.796204171630064 0.031477945633292
   endloop
endfacet
facet normal -0.256097953309458 0.616417421313825 0.744609562798868
   outer loop
      vertex 0.272585628899902 0.809646328975427 0.104637944835822
      vertex 0.217999714182901 0.811908284676685 0.083991352706039
      vertex 0.217423912875015 0.809647136389751 0.085665182484819
   endloop
endfacet
facet normal 0.121550545121612 -0.927527930444081 -0.353436561813798
   outer loop
      vertex -0.274191504930590 0.794484071516388 -0.099161531590455
      vertex -0.330219488217152 0.793411612989255 -0.115615677258188
      vertex -0.329353182971515 0.794484880111381 -0.118134333939267
   endloop
endfacet
facet normal 0.322861972566015 0.120948291155577 -0.938686133666269
   outer loop
      vertex -0.217323930487383 0.806806432471578 -0.085147941622191
      vertex -0.272372674915387 0.803956737830738 -0.104449187545223
      vertex -0.272485596530697 0.806807241305978 -0.104120743971017
   endloop
endfacet
facet normal -0.039330010422416 0.992656970120923 0.114390952223166
   outer loop
      vertex 0.164450765497997 0.814708419957544 0.060329757627936
      vertex 0.110216200875249 0.815056592638858 0.038661417758328
      vertex 0.109289049473111 0.814709227371870 0.041356995276932
   endloop
endfacet
facet normal -0.322041643161328 0.140056062924798 0.936308431718927
   outer loop
      vertex 0.106603922208559 0.804163294200635 0.049163297913329
      vertex 0.051573106925593 0.807007356922789 0.029810121340366
      vertex 0.051442306142580 0.804164104666380 0.030190435567797
   endloop
endfacet
facet normal 0.299267852802770 -0.391594752904394 -0.870110511243581
   outer loop
      vertex -0.272503555663406 0.801113483027558 -0.104068783322728
      vertex -0.272869323495087 0.798471278066694 -0.103005457419632
      vertex -0.328031005535216 0.798472086581883 -0.121978259768440
   endloop
endfacet
facet normal 0.127373116205172 0.920143372398790 -0.370286731464639
   outer loop
      vertex 0.166302625123644 0.814653436931358 0.054945583893393
      vertex 0.112000310809066 0.813529801762693 0.033474221921028
      vertex 0.111141009078853 0.814654246340752 0.035972821542281
   endloop
endfacet
facet normal -0.259943412594956 -0.601082438637993 0.755730986667539
   outer loop
      vertex -0.113019449889824 0.796357691913240 -0.029703423106141
      vertex -0.168742463514181 0.798653541822386 -0.047044031723026
      vertex -0.168181167930854 0.796358600358432 -0.048676284394999
   endloop
endfacet
facet normal 0.322861983269826 0.120948167427577 -0.938686145926840
   outer loop
      vertex -0.217211038868221 0.803955928503453 -0.085476395195806
      vertex -0.272372674915387 0.803956737830738 -0.104449187545223
      vertex -0.217323930487383 0.806806432471578 -0.085147941622191
   endloop
endfacet
facet normal -0.039331566386516 0.992656450255060 0.114394928439192
   outer loop
      vertex 0.219612481544072 0.814707611486869 0.079302619973357
      vertex 0.165377816941228 0.815055782173113 0.057634280103860
      vertex 0.164450765497997 0.814708419957544 0.060329757627936
   endloop
endfacet
facet normal 0.301677068393055 0.373782102987364 -0.877084879525417
   outer loop
      vertex -0.162162214462497 0.806805625057253 -0.066175179271188
      vertex -0.217323930487383 0.806806432471578 -0.085147941622191
      vertex -0.162511319300978 0.809469015560007 -0.065160213901539
   endloop
endfacet
facet normal 0.200486961569516 0.787447832463413 -0.582864383359711
   outer loop
      vertex 0.332646976964564 0.813526467084389 0.109365370263113
      vertex 0.333382433451576 0.811756480253027 0.107227097805610
      vertex 0.278220817406785 0.811757289662421 0.088254335454498
   endloop
endfacet
facet normal 0.256104224763113 -0.616393483331007 -0.744627222014850
   outer loop
      vertex -0.162545979423970 0.798469561045426 -0.065059893776324
      vertex -0.163121678756803 0.796208314779045 -0.063386065054216
      vertex -0.218283396797834 0.796209223224236 -0.082358926343074
   endloop
endfacet
facet normal -0.299266600778336 0.391593819152617 0.870111362102604
   outer loop
      vertex -0.113911843226208 0.807009885243120 -0.027108364645135
      vertex -0.168707803412378 0.809652997393318 -0.047144451842660
      vertex -0.169073561246049 0.807010792631961 -0.046081125939575
   endloop
endfacet
facet normal 0.256104808073689 -0.616390499569516 -0.744629491305563
   outer loop
      vertex -0.162545979423970 0.798469561045426 -0.065059893776324
      vertex -0.218283396797834 0.796209223224236 -0.082358926343074
      vertex -0.217707695448856 0.798470368459752 -0.084032656127326
   endloop
endfacet
facet normal 0.322860659065114 0.120959409432307 -0.938685152805683
   outer loop
      vertex -0.051838880376677 0.806803907202668 -0.028229555631218
      vertex -0.106887604802304 0.803954212643935 -0.047530771555946
      vertex -0.107000596401563 0.806804714616993 -0.047202317982221
   endloop
endfacet
facet normal 0.256105045163686 -0.616390499572462 -0.744629409759323
   outer loop
      vertex -0.217707695448856 0.798470368459752 -0.084032656127326
      vertex -0.218283396797834 0.796209223224236 -0.082358926343074
      vertex -0.273445052834663 0.796210031835603 -0.101331688694143
   endloop
endfacet
facet normal 0.195485148838610 -0.799197149679494 -0.568392006037839
   outer loop
      vertex -0.163121678756803 0.796208314779045 -0.063386065054216
      vertex -0.219029806887696 0.794483162777818 -0.080188680301017
      vertex -0.218283396797834 0.796209223224236 -0.082358926343074
   endloop
endfacet
facet normal 0.299269063787507 -0.391580788813706 -0.870116379165330
   outer loop
      vertex -0.162180223585254 0.801111865781299 -0.066123218622845
      vertex -0.162545979423970 0.798469561045426 -0.065059893776324
      vertex -0.217707695448856 0.798470368459752 -0.084032656127326
   endloop
endfacet
facet normal 0.256106874373229 -0.616379929771226 -0.744637529992945
   outer loop
      vertex -0.052222645338149 0.798467843190840 -0.027114270136352
      vertex -0.107960062712014 0.796207505369651 -0.044413302703103
      vertex -0.107384263377896 0.798468752574750 -0.046087031430903
   endloop
endfacet
facet normal -0.195490620675670 0.799185430372402 0.568406601921828
   outer loop
      vertex 0.217999714182901 0.811908284676685 0.083991352706039
      vertex 0.218746124293951 0.813634344066753 0.081821206658401
      vertex 0.163584408269066 0.813635151481078 0.062848444307397
   endloop
endfacet
facet normal -0.121548613173758 0.927529969276314 0.353431875656138
   outer loop
      vertex -0.057062259902576 0.813638587190250 -0.013042802972544
      vertex -0.111357618698532 0.814712663081041 -0.034534252003010
      vertex -0.112223975927463 0.813639394604574 -0.032015565323547
   endloop
endfacet
facet normal -0.299270939808025 0.391580788833592 0.870115733912957
   outer loop
      vertex -0.058750227160228 0.807009074777375 -0.008135502299604
      vertex -0.113546087387492 0.809652189978993 -0.028171689491656
      vertex -0.113911843226208 0.807009885243120 -0.027108364645135
   endloop
endfacet
facet normal -0.200493142855520 -0.787435143903395 0.582879399030156
   outer loop
      vertex 0.273112266376383 0.796351831966024 0.103106111226919
      vertex 0.217950548356539 0.796352739354865 0.084133349932479
      vertex 0.273847722884581 0.794581844078311 0.100967938763834
   endloop
endfacet
facet normal 0.200488889428002 0.787443192595664 -0.582869988634409
   outer loop
      vertex -0.108646355367619 0.813533137497348 -0.042417026415478
      vertex -0.107910998860705 0.811763148670918 -0.044555298872871
      vertex -0.163072614905494 0.811763958080312 -0.063528061223984
   endloop
endfacet
facet normal -0.945629970873205 0.000014538940007 -0.325244458792091
   outer loop
      vertex -0.334558593362458 0.807013318365619 -0.102999521930010
      vertex -0.334576552495168 0.801319560087198 -0.102947561281721
      vertex -0.334689475110279 0.804170063542488 -0.102619117707514
   endloop
endfacet
facet normal -0.127381117371894 -0.920132902815322 0.370309994590664
   outer loop
      vertex 0.329009338929371 0.794581034668918 0.119940701114946
      vertex 0.273847722884581 0.794581844078311 0.100967938763834
      vertex 0.329868742634637 0.793456492111413 0.117442100437021
   endloop
endfacet
facet normal 0.045575129282541 0.990140362433410 -0.132457428146238
   outer loop
      vertex -0.000107131194426 0.815058209462576 0.000715893056213
      vertex 0.000817575012937 0.814655962200268 -0.001972802097580
      vertex -0.054344043047999 0.814656872640529 -0.020945663386548
   endloop
endfacet
facet normal -0.259945734175016 -0.601068798544871 0.755741036797683
   outer loop
      vertex -0.223342783975643 0.796359409767826 -0.067649046746112
      vertex -0.223904179560256 0.798654350293062 -0.066016894068448
      vertex -0.279065847590050 0.798655258679437 -0.084989655362942
   endloop
endfacet
facet normal 0.301680975840560 0.373760543681345 -0.877092723036119
   outer loop
      vertex 0.168458780920436 0.809463965022185 0.048676558080409
      vertex 0.113646169734031 0.806801381933757 0.028688830359756
      vertex 0.113297162880690 0.809464874406095 0.029703796785859
   endloop
endfacet
facet normal -0.195491819303960 0.799185430381171 0.568406189666941
   outer loop
      vertex -0.002647053947649 0.811911717334438 0.008100205420626
      vertex -0.057062259902576 0.813638587190250 -0.013042802972544
      vertex -0.057808670013627 0.811912527800182 -0.010872656924905
   endloop
endfacet
facet normal -0.322037620536988 0.140099298024553 0.936303347025900
   outer loop
      vertex 0.161765638233445 0.804162486786310 0.068136060264332
      vertex 0.106734822950480 0.807006549508464 0.048782883691370
      vertex 0.106603922208559 0.804163294200635 0.049163297913329
   endloop
endfacet
facet normal 0.299268404584673 -0.391580788806119 -0.870116605895625
   outer loop
      vertex 0.058466544566484 0.801108432067196 0.009768028656987
      vertex 0.002939070707926 0.798467034720164 -0.008141407790931
      vertex 0.003304826546641 0.801109339456037 -0.009204732637453
   endloop
endfacet
facet normal -0.322037884446712 0.140099298029780 0.936303256254430
   outer loop
      vertex 0.216927256273191 0.804161577402401 0.087108821558882
      vertex 0.161896538975365 0.807005742094139 0.067755646042373
      vertex 0.161765638233445 0.804162486786310 0.068136060264332
   endloop
endfacet
facet normal -0.322040867337758 0.140061677831788 0.936307858648687
   outer loop
      vertex 0.272088972319266 0.804160768931725 0.106081683904302
      vertex 0.217058155041343 0.807004931628394 0.086728508387904
      vertex 0.216927256273191 0.804161577402401 0.087108821558882
   endloop
endfacet
facet normal -0.256096933271996 0.616417421282371 0.744609913651619
   outer loop
      vertex 0.217999714182901 0.811908284676685 0.083991352706039
      vertex 0.162837996163058 0.811909192065526 0.065018591411599
      vertex 0.217423912875015 0.809647136389751 0.085665182484819
   endloop
endfacet
facet normal 0.045584371995976 0.990135544387894 -0.132490259149194
   outer loop
      vertex 0.330862867051935 0.815053256904203 0.114552666094832
      vertex 0.276625959209464 0.814651719076772 0.092891207533365
      vertex 0.275701251007145 0.815054066313595 0.095579903743720
   endloop
endfacet
facet normal 0.259944997815376 0.601072133946352 -0.755738637297276
   outer loop
      vertex -0.218234332925336 0.811764865469153 -0.082500822518423
      vertex -0.272834633392899 0.809470733919241 -0.103105847540973
      vertex -0.273395988979116 0.811765674925599 -0.101473664865027
   endloop
endfacet
facet normal -0.945628097417694 0.000014339842684 -0.325249905716453
   outer loop
      vertex -0.334192824528857 0.809655523240798 -0.104062837833665
      vertex -0.334227520629852 0.798656067268547 -0.103962447712318
      vertex -0.334558593362458 0.807013318365619 -0.102999521930010
   endloop
endfacet
facet normal 0.127370637230717 0.920148553472394 -0.370274709255306
   outer loop
      vertex 0.276625959209464 0.814651719076772 0.092891207533365
      vertex 0.222323642878742 0.813528184938974 0.071419746623143
      vertex 0.221464341169718 0.814652628460682 0.073918446238815
   endloop
endfacet
facet normal -0.299269063787532 0.391580788813572 0.870116379165382
   outer loop
      vertex 0.272585628899902 0.809646328975427 0.104637944835822
      vertex 0.217423912875015 0.809647136389751 0.085665182484819
      vertex 0.272219873061186 0.807004024239553 0.105701269682343
   endloop
endfacet
facet normal -0.322862652552314 -0.120951540020230 0.938685481166945
   outer loop
      vertex -0.224253186413597 0.801317842765400 -0.065001927642344
      vertex -0.279527794078834 0.804169155204202 -0.083646336414149
      vertex -0.279414872465644 0.801318651834597 -0.083974789987798
   endloop
endfacet
facet normal 0.322862089344444 0.120948291153672 -0.938686093500456
   outer loop
      vertex -0.272485596530697 0.806807241305978 -0.104120743971017
      vertex -0.327534352951666 0.803957646440146 -0.123421988837474
      vertex -0.327647274566976 0.806808149915387 -0.123093545263268
   endloop
endfacet
facet normal -0.195483185518840 0.799202362212489 0.568385352039780
   outer loop
      vertex 0.107676280138173 0.811909999479852 0.046045829060596
      vertex 0.053261074183244 0.813636869335664 0.024902820667426
      vertex 0.052514662077237 0.811910909920112 0.027072967771627
   endloop
endfacet
facet normal -0.322861631640336 -0.120948167437323 0.938686266868805
   outer loop
      vertex -0.169091570368807 0.801317033356007 -0.046029165291231
      vertex -0.224366078032759 0.804168346733526 -0.064673474068729
      vertex -0.224253186413597 0.801317842765400 -0.065001927642344
   endloop
endfacet
facet normal 0.299268004408915 -0.391593819168523 -0.870110879328673
   outer loop
      vertex 0.168789878652304 0.801106714212610 0.047713652296958
      vertex 0.113262402777601 0.798465417896445 0.029804116911184
      vertex 0.113628160611273 0.801107622657802 0.028740791008100
   endloop
endfacet
facet normal -0.200487569390241 -0.787447832457813 0.582864174295766
   outer loop
      vertex 0.163524388798761 0.794583561932897 0.063022315123863
      vertex 0.107627216265673 0.796354357234936 0.046187725235946
      vertex 0.108362672752686 0.794584370403573 0.044049452778442
   endloop
endfacet
facet normal 0.259946852676835 0.601061231481293 -0.755746670382079
   outer loop
      vertex -0.107910998860705 0.811763148670918 -0.044555298872871
      vertex -0.162511319300978 0.809469015560007 -0.065160213901539
      vertex -0.163072614905494 0.811763958080312 -0.063528061223984
   endloop
endfacet
facet normal 0.301683464107109 0.373743620779286 -0.877099078446172
   outer loop
      vertex -0.272485596530697 0.806807241305978 -0.104120743971017
      vertex -0.327647274566976 0.806808149915387 -0.123093545263268
      vertex -0.272834633392899 0.809470733919241 -0.103105847540973
   endloop
endfacet
facet normal -0.322862628005631 -0.120948167409438 0.938685924171443
   outer loop
      vertex -0.113929854322733 0.801316224885331 -0.027056302945810
      vertex -0.169204461987970 0.804167537324133 -0.045700711717617
      vertex -0.169091570368807 0.801317033356007 -0.046029165291231
   endloop
endfacet
facet normal -0.195481986938986 0.799202362201988 0.568385764277351
   outer loop
      vertex 0.217999714182901 0.811908284676685 0.083991352706039
      vertex 0.163584408269066 0.813635151481078 0.062848444307397
      vertex 0.162837996163058 0.811909192065526 0.065018591411599
   endloop
endfacet
facet normal 0.299267260002139 -0.391593819160321 -0.870111135365044
   outer loop
      vertex 0.279113210721981 0.801105097388892 0.085659176999074
      vertex 0.223585736863423 0.798463700041859 0.067749740551155
      vertex 0.223951494697094 0.801105904803216 0.066686414648070
   endloop
endfacet
facet normal 0.945664659919392 -0.000001552448816 0.325143585169893
   outer loop
      vertex 0.327381489105976 0.807003214830159 0.124674032033456
      vertex 0.327250688344153 0.804159961517400 0.125054446255305
      vertex 0.327363579984503 0.801309456492923 0.124726092676109
   endloop
endfacet
facet normal 0.301686132653075 0.373732089325247 -0.877103074201326
   outer loop
      vertex -0.107000596401563 0.806804714616993 -0.047202317982221
      vertex -0.162162214462497 0.806805625057253 -0.066175179271188
      vertex -0.107349603276092 0.809468208145682 -0.046187451550536
   endloop
endfacet
facet normal 0.200486611161729 0.787447832466632 -0.582864503884469
   outer loop
      vertex 0.001676976723246 0.813531519617279 -0.004471401718943
      vertex 0.002412433210258 0.811761532785917 -0.006609674176447
      vertex -0.052749282814629 0.811762340200242 -0.025582436527450
   endloop
endfacet
facet normal 0.259945796270081 0.601068798544678 -0.755741015439530
   outer loop
      vertex -0.052749282814629 0.811762340200242 -0.025582436527450
      vertex -0.107349603276092 0.809468208145682 -0.046187451550536
      vertex -0.107910998860705 0.811763148670918 -0.044555298872871
   endloop
endfacet
facet normal 0.039328786273258 -0.992656887886532 -0.114392086709250
   outer loop
      vertex -0.164734448091742 0.793409086887027 -0.058697231270553
      vertex -0.220823217554814 0.793062632060299 -0.074974515040915
      vertex -0.219896166132773 0.793409995332218 -0.077670092559409
   endloop
endfacet
facet normal -0.322862417689865 -0.120919291898933 0.938689716621055
   outer loop
      vertex -0.058768136302890 0.801315317496489 -0.008083541651370
      vertex -0.114042743968127 0.804166629935292 -0.026727950423176
      vertex -0.113929854322733 0.801316224885331 -0.027056302945810
   endloop
endfacet
facet normal -0.256105454369964 0.616392504917255 0.744627609026006
   outer loop
      vertex -0.223869421452124 0.809653906777228 -0.066117213137209
      vertex -0.278455416153202 0.811915860882431 -0.086763805266905
      vertex -0.279031147496209 0.809654715048396 -0.085090075482619
   endloop
endfacet
facet normal 0.322863324698325 0.120948167390214 -0.938685684544988
   outer loop
      vertex -0.107000596401563 0.806804714616993 -0.047202317982221
      vertex -0.162049322843335 0.803955121089127 -0.066503632844804
      vertex -0.162162214462497 0.806805625057253 -0.066175179271188
   endloop
endfacet
facet normal 0.259939373650212 0.601090005341525 -0.755726357556001
   outer loop
      vertex 0.002412433210258 0.811761532785917 -0.006609674176447
      vertex -0.052187887251206 0.809467400731357 -0.027214689199532
      vertex -0.052749282814629 0.811762340200242 -0.025582436527450
   endloop
endfacet
facet normal -0.322861186257181 -0.120959409435832 0.938684971477407
   outer loop
      vertex -0.003606520258100 0.801314508087095 0.010889220699743
      vertex -0.058881127902148 0.804165819469547 -0.007755088077645
      vertex -0.058768136302890 0.801315317496489 -0.008083541651370
   endloop
endfacet
facet normal 0.259949040712003 0.601061231418401 -0.755745917831320
   outer loop
      vertex 0.057574051271191 0.811760622345657 0.012363187112522
      vertex 0.002973728814773 0.809466590265612 -0.008241826854001
      vertex 0.002412433210258 0.811761532785917 -0.006609674176447
   endloop
endfacet
facet normal -0.256109201051923 0.616373245369812 0.744642262787193
   outer loop
      vertex -0.113546087387492 0.809652189978993 -0.028171689491656
      vertex -0.168132104058356 0.811914242603348 -0.048818180570349
      vertex -0.168707803412378 0.809652997393318 -0.047144451842660
   endloop
endfacet
facet normal -0.121537850250288 0.927542118000983 0.353403693091610
   outer loop
      vertex -0.167385591972253 0.813640204013968 -0.050988327674661
      vertex -0.221680950789396 0.814714280961111 -0.072479876699543
      vertex -0.222547310013284 0.813641112459160 -0.069961188963517
   endloop
endfacet
facet normal 0.127382361919498 0.920132902801397 -0.370309566517102
   outer loop
      vertex -0.109505759072885 0.814657680054854 -0.039918425737551
      vertex -0.108646355367619 0.813533137497348 -0.042417026415478
      vertex -0.163808073387462 0.813534044886190 -0.061389787709918
   endloop
endfacet
facet normal -0.039331598029668 0.992656450255439 0.114394917556259
   outer loop
      vertex 0.164450765497997 0.814708419957544 0.060329757627936
      vertex 0.165377816941228 0.815055782173113 0.057634280103860
      vertex 0.110216200875249 0.815056592638858 0.038661417758328
   endloop
endfacet
facet normal 0.045572458270823 0.990140681092897 -0.132455965105575
   outer loop
      vertex -0.055268849235457 0.815059117907769 -0.018256968232646
      vertex -0.054344043047999 0.814656872640529 -0.020945663386548
      vertex -0.109505759072885 0.814657680054854 -0.039918425737551
   endloop
endfacet
facet normal 0.259945796270070 0.601068798544686 -0.755741015439527
   outer loop
      vertex 0.113297162880690 0.809464874406095 0.029703796785859
      vertex 0.058135446834616 0.809465682876771 0.010730934440439
      vertex 0.112735767296078 0.811759814931331 0.031335949463524
   endloop
endfacet
facet normal -0.200489497260128 -0.787443192577127 0.582869779584019
   outer loop
      vertex 0.328273982422457 0.796351023495349 0.122078973572341
      vertex 0.273112266376383 0.796351831966024 0.103106111226919
      vertex 0.329009338929371 0.794581034668918 0.119940701114946
   endloop
endfacet
facet normal -0.322862391352009 -0.120915678459754 0.938690191145662
   outer loop
      vertex 0.106716913807818 0.801312792227578 0.048834844339603
      vertex 0.051442306142580 0.804164104666380 0.030190435567797
      vertex 0.051555197782931 0.801313599641903 0.029862081988600
   endloop
endfacet
facet normal -0.299269136010436 0.391593819181298 0.870110490116383
   outer loop
      vertex 0.217423912875015 0.809647136389751 0.085665182484819
      vertex 0.162262296809037 0.809647946855496 0.066692320139288
      vertex 0.217058155041343 0.807004931628394 0.086728508387904
   endloop
endfacet
facet normal -0.195489903357768 0.799189187850029 0.568401565540403
   outer loop
      vertex 0.273161330248879 0.811907474210941 0.102964215051569
      vertex 0.273907840340028 0.813633535596077 0.100794069003821
      vertex 0.218746124293951 0.813634344066753 0.081821206658401
   endloop
endfacet
facet normal -0.322037367031725 0.140099298018966 0.936303434218772
   outer loop
      vertex 0.272219873061186 0.807004024239553 0.105701269682343
      vertex 0.217058155041343 0.807004931628394 0.086728508387904
      vertex 0.272088972319266 0.804160768931725 0.106081683904302
   endloop
endfacet
facet normal -0.322862391352028 -0.120915678459370 0.938690191145705
   outer loop
      vertex 0.327363579984503 0.801309456492923 0.124726092676109
      vertex 0.327250688344153 0.804159961517400 0.125054446255305
      vertex 0.272088972319266 0.804160768931725 0.106081683904302
   endloop
endfacet
facet normal -0.256110792624067 0.616373245387950 0.744641715371492
   outer loop
      vertex 0.051938862764307 0.809649661658663 0.028746796493846
      vertex -0.002647053947649 0.811911717334438 0.008100205420626
      vertex -0.003222753301671 0.809650472124407 0.009773934148315
   endloop
endfacet
facet normal -0.945628835630992 0.000014502880097 -0.325247759427857
   outer loop
      vertex -0.330152461227573 0.814661014331840 -0.115809604077924
      vertex -0.329293088511492 0.813536571170280 -0.118308203699255
      vertex -0.329353182971515 0.794484880111381 -0.118134333939267
   endloop
endfacet
facet normal -0.945629015970875 0.000014367114267 -0.325247235111294
   outer loop
      vertex -0.328557664018519 0.811766483474808 -0.120446457214400
      vertex -0.327996309434222 0.809471542554134 -0.122078649889787
      vertex -0.328031005535216 0.798472086581883 -0.121978259768440
   endloop
endfacet
facet normal 0.945637457613296 -0.000011906853334 0.325222690808759
   outer loop
      vertex 0.331787675234351 0.814650911662447 0.111863969884367
      vertex 0.331720702240380 0.793401511080294 0.112057926702369
      vertex 0.332646976964564 0.813526467084389 0.109365370263113
   endloop
endfacet
facet normal 0.301681366240703 0.373755196355810 -0.877094867423230
   outer loop
      vertex -0.272834633392899 0.809470733919241 -0.103105847540973
      vertex -0.327647274566976 0.806808149915387 -0.123093545263268
      vertex -0.327996309434222 0.809471542554134 -0.122078649889787
   endloop
endfacet
facet normal -0.039318386072130 0.992660720852918 0.114362396758933
   outer loop
      vertex -0.111357618698532 0.814712663081041 -0.034534252003010
      vertex -0.110430465280247 0.815059927317163 -0.037229730583758
      vertex -0.165592183300090 0.815060834706004 -0.056202491878198
   endloop
endfacet
facet normal 0.045585132398238 0.990135863120972 -0.132487615519046
   outer loop
      vertex -0.220753899346164 0.815061643176680 -0.075175354223619
      vertex -0.219829091163749 0.814659297934925 -0.077864050434085
      vertex -0.274990789185454 0.814660205617144 -0.096836801729105
   endloop
endfacet
facet normal -0.256103788074574 0.616390499556638 0.744629842129747
   outer loop
      vertex 0.162262296809037 0.809647946855496 0.066692320139288
      vertex 0.107676280138173 0.811909999479852 0.046045829060596
      vertex 0.107100578789194 0.809648854244337 0.047719558844848
   endloop
endfacet
facet normal -0.121548613173744 0.927529969276314 0.353431875656142
   outer loop
      vertex -0.112223975927463 0.813639394604574 -0.032015565323547
      vertex -0.111357618698532 0.814712663081041 -0.034534252003010
      vertex -0.166519334723418 0.814713470495366 -0.053507014354013
   endloop
endfacet
facet normal 0.322038132662247 -0.140093906107438 -0.936303977660553
   outer loop
      vertex 0.224082395439014 0.803949160111046 0.066306000426112
      vertex 0.168789878652304 0.801106714212610 0.047713652296958
      vertex 0.168920777399269 0.803950069494954 0.047333239131562
   endloop
endfacet
facet normal 0.259939373650238 0.601090005341430 -0.755726357556068
   outer loop
      vertex 0.112735767296078 0.811759814931331 0.031335949463524
      vertex 0.058135446834616 0.809465682876771 0.010730934440439
      vertex 0.057574051271191 0.811760622345657 0.012363187112522
   endloop
endfacet
facet normal -0.256110792624042 0.616373245388059 0.744641715371411
   outer loop
      vertex 0.217423912875015 0.809647136389751 0.085665182484819
      vertex 0.162837996163058 0.811909192065526 0.065018591411599
      vertex 0.162262296809037 0.809647946855496 0.066692320139288
   endloop
endfacet
facet normal -0.299268253048813 0.391594752910167 0.870110373579316
   outer loop
      vertex -0.224235277270935 0.807011600046286 -0.065053888290578
      vertex -0.279031147496209 0.809654715048396 -0.085090075482619
      vertex -0.279396915327890 0.807012510087532 -0.084026749579523
   endloop
endfacet
facet normal -0.039331473805676 0.992656450253944 0.114394960280219
   outer loop
      vertex -0.221680950789396 0.814714280961111 -0.072479876699543
      vertex -0.220753899346164 0.815061643176680 -0.075175354223619
      vertex -0.275915535393331 0.815062452503964 -0.094148146573035
   endloop
endfacet
facet normal -0.299267073153961 0.391593819158156 0.870111199630824
   outer loop
      vertex -0.168707803412378 0.809652997393318 -0.047144451842660
      vertex -0.223869421452124 0.809653906777228 -0.066117213137209
      vertex -0.169073561246049 0.807010792631961 -0.046081125939575
   endloop
endfacet
facet normal -0.200498813505977 -0.787418463251301 0.582899982427221
   outer loop
      vertex -0.112283993402812 0.794587705081878 -0.031841695563644
      vertex -0.168181167930854 0.796358600358432 -0.048676284394999
      vertex -0.167445709427697 0.794588512496204 -0.050814457914648
   endloop
endfacet
facet normal -0.200490756981437 -0.787443192537006 0.582869346330838
   outer loop
      vertex -0.167445709427697 0.794588512496204 -0.050814457914648
      vertex -0.223342783975643 0.796359409767826 -0.067649046746112
      vertex -0.222607427468729 0.794589420941395 -0.069787319203505
   endloop
endfacet
facet normal -0.200494400237373 -0.787429760391929 0.582886239263345
   outer loop
      vertex -0.222607427468729 0.794589420941395 -0.069787319203505
      vertex -0.278504491997477 0.796360317356173 -0.086621808040562
      vertex -0.277769063509538 0.794590229951775 -0.088760081554595
   endloop
endfacet
facet normal -0.259942459788110 -0.601082438674791 0.755731314367794
   outer loop
      vertex 0.162788932311749 0.796353548764259 0.065160587581367
      vertex 0.107065920682348 0.798649298698888 0.047819977907919
      vertex 0.107627216265673 0.796354357234936 0.046187725235946
   endloop
endfacet
facet normal -0.322037620536991 0.140099298024435 0.936303347025916
   outer loop
      vertex -0.003719411877262 0.804165012055221 0.011217674273358
      vertex -0.058750227160228 0.807009074777375 -0.008135502299604
      vertex -0.058881127902148 0.804165819469547 -0.007755088077645
   endloop
endfacet
facet normal -0.259945954549147 -0.601068798544531 0.755740960997726
   outer loop
      vertex 0.107627216265673 0.796354357234936 0.046187725235946
      vertex 0.051904202641316 0.798650207144081 0.028847116619060
      vertex 0.052465598225928 0.796355266618845 0.027214963941396
   endloop
endfacet
facet normal -0.259946411924716 -0.601061231493280 0.755746821973634
   outer loop
      vertex 0.052465598225928 0.796355266618845 0.027214963941396
      vertex -0.003257413403474 0.798651016553475 0.009874354267948
      vertex -0.002696117798958 0.796356074033170 0.008242201590394
   endloop
endfacet
facet normal 0.045585972942939 0.990135544358354 -0.132489708540067
   outer loop
      vertex 0.275701251007145 0.815054066313595 0.095579903743720
      vertex 0.276625959209464 0.814651719076772 0.092891207533365
      vertex 0.221464341169718 0.814652628460682 0.073918446238815
   endloop
endfacet
facet normal -0.259941049615726 -0.601090005324791 0.755725781102721
   outer loop
      vertex -0.002696117798958 0.796356074033170 0.008242201590394
      vertex -0.058419129428359 0.798651823967800 -0.009098408083055
      vertex -0.057857733864936 0.796356884498915 -0.010730660755138
   endloop
endfacet
facet normal -0.259944561024711 -0.601068798545025 0.755741440314947
   outer loop
      vertex -0.057857733864936 0.796356884498915 -0.010730660755138
      vertex -0.113580845474436 0.798652632438476 -0.028071270428476
      vertex -0.113019449889824 0.796357691913240 -0.029703423106141
   endloop
endfacet
facet normal 0.322038733236474 -0.140088292474395 -0.936304611014522
   outer loop
      vertex -0.217211038868221 0.803955928503453 -0.085476395195806
      vertex -0.217341839630044 0.801112675190693 -0.085095980973957
      vertex -0.272503555663406 0.801113483027558 -0.104068783322728
   endloop
endfacet
facet normal -0.200488221289985 -0.787447832451552 0.582863950070109
   outer loop
      vertex 0.053200956727799 0.794585177817898 0.025076690427439
      vertex -0.002696117798958 0.796356074033170 0.008242201590394
      vertex -0.001960661311946 0.794586087201808 0.006103929132890
   endloop
endfacet
facet normal -0.121549862475320 0.927528628430658 0.353434964843284
   outer loop
      vertex 0.329069456384817 0.813632726186683 0.119766831354934
      vertex 0.274774097588862 0.814706802077475 0.098275382324469
      vertex 0.273907840340028 0.813633535596077 0.100794069003821
   endloop
endfacet
facet normal 0.322861488444830 0.120951781977032 -0.938685850386470
   outer loop
      vertex 0.058484453709145 0.806802189348082 0.009716068008754
      vertex 0.003435727288562 0.803952594763866 -0.009585146859411
      vertex 0.003322837664355 0.806802998757476 -0.009256694342359
   endloop
endfacet
facet normal 0.200494801245928 0.787431152390131 -0.582884220852569
   outer loop
      vertex -0.108646355367619 0.813533137497348 -0.042417026415478
      vertex -0.163072614905494 0.811763958080312 -0.063528061223984
      vertex -0.163808073387462 0.813534044886190 -0.061389787709918
   endloop
endfacet
facet normal -0.299269136010436 0.391593819181299 0.870110490116383
   outer loop
      vertex 0.217058155041343 0.807004931628394 0.086728508387904
      vertex 0.162262296809037 0.809647946855496 0.066692320139288
      vertex 0.161896538975365 0.807005742094139 0.067755646042373
   endloop
endfacet
facet normal -0.301681321891660 -0.373760543670509 0.877092604014437
   outer loop
      vertex -0.168742463514181 0.798653541822386 -0.047044031723026
      vertex -0.224253186413597 0.801317842765400 -0.065001927642344
      vertex -0.223904179560256 0.798654350293062 -0.066016894068448
   endloop
endfacet
facet normal 0.322860828580832 0.120959409433367 -0.938685094500616
   outer loop
      vertex 0.223969503819852 0.806799664079171 0.066634453999727
      vertex 0.168920777399269 0.803950069494954 0.047333239131562
      vertex 0.168807785800011 0.806800571468012 0.047661692705286
   endloop
endfacet
facet normal -0.945628647892949 0.000014497306546 -0.325248305259200
   outer loop
      vertex -0.329293088511492 0.813536571170280 -0.118308203699255
      vertex -0.328606732870544 0.796210940405110 -0.120304489986391
      vertex -0.329353182971515 0.794484880111381 -0.118134333939267
   endloop
endfacet
facet normal -0.945628427428962 0.000014490761440 -0.325248946236949
   outer loop
      vertex -0.332870647094678 0.813642729816936 -0.107906773662279
      vertex -0.332930741554701 0.794591038758037 -0.107732903902292
      vertex -0.333617099190605 0.811916769497722 -0.105736616558592
   endloop
endfacet
facet normal 0.195488626232429 -0.799188105312365 -0.568403526854813
   outer loop
      vertex -0.273445052834663 0.796210031835603 -0.101331688694143
      vertex -0.329353182971515 0.794484880111381 -0.118134333939267
      vertex -0.328606732870544 0.796210940405110 -0.120304489986391
   endloop
endfacet
facet normal 0.301685551737416 0.373732089337185 -0.877103274006290
   outer loop
      vertex 0.002973728814773 0.809466590265612 -0.008241826854001
      vertex -0.051838880376677 0.806803907202668 -0.028229555631218
      vertex -0.052187887251206 0.809467400731357 -0.027214689199532
   endloop
endfacet
facet normal 0.945645692819321 -0.000010880460236 0.325198744668368
   outer loop
      vertex 0.327747246939647 0.809645419591516 0.123610706130372
      vertex 0.327363579984503 0.801309456492923 0.124726092676109
      vertex 0.327712586837844 0.798645964020584 0.123711126250004
   endloop
endfacet
facet normal -0.256106399616903 0.616390499588706 0.744628943898941
   outer loop
      vertex 0.273161330248879 0.811907474210941 0.102964215051569
      vertex 0.217999714182901 0.811908284676685 0.083991352706039
      vertex 0.272585628899902 0.809646328975427 0.104637944835822
   endloop
endfacet
facet normal -0.299269063787560 0.391580788813424 0.870116379165439
   outer loop
      vertex -0.003588511135342 0.807008267363050 0.010837260051399
      vertex -0.058384471321513 0.809651379513248 -0.009198827146125
      vertex -0.058750227160228 0.807009074777375 -0.008135502299604
   endloop
endfacet
facet normal 0.301684444371440 0.373732089359267 -0.877103654882051
   outer loop
      vertex -0.217323930487383 0.806806432471578 -0.085147941622191
      vertex -0.272485596530697 0.806807241305978 -0.104120743971017
      vertex -0.217672937361912 0.809469926000268 -0.084133075190506
   endloop
endfacet
facet normal 0.945633370736744 -0.000013779651707 0.325234573745143
   outer loop
      vertex 0.333382433451576 0.811756480253027 0.107227097805610
      vertex 0.332586959489215 0.794474777561692 0.109539240023017
      vertex 0.333333369600267 0.796200836951760 0.107369093975378
   endloop
endfacet
facet normal -0.322037367031716 0.140099298019286 0.936303434218728
   outer loop
      vertex 0.051442306142580 0.804164104666380 0.030190435567797
      vertex -0.003588511135342 0.807008267363050 0.010837260051399
      vertex -0.003719411877262 0.804165012055221 0.011217674273358
   endloop
endfacet
facet normal 0.301684123665339 0.373732089365935 -0.877103765187705
   outer loop
      vertex 0.058484453709145 0.806802189348082 0.009716068008754
      vertex 0.003322837664355 0.806802998757476 -0.009256694342359
      vertex 0.058135446834616 0.809465682876771 0.010730934440439
   endloop
endfacet
facet normal -0.039317945997867 0.992660879381579 0.114361172029233
   outer loop
      vertex -0.221680950789396 0.814714280961111 -0.072479876699543
      vertex -0.275915535393331 0.815062452503964 -0.094148146573035
      vertex -0.276842668807120 0.814715188244317 -0.091452627994541
   endloop
endfacet
facet normal 0.299267692194806 -0.391594752902072 -0.870110566484490
   outer loop
      vertex -0.217341839630044 0.801112675190693 -0.085095980973957
      vertex -0.272869323495087 0.798471278066694 -0.103005457419632
      vertex -0.272503555663406 0.801113483027558 -0.104068783322728
   endloop
endfacet
facet normal 0.301683622620351 0.373732089375813 -0.877103937520207
   outer loop
      vertex -0.052187887251206 0.809467400731357 -0.027214689199532
      vertex -0.107000596401563 0.806804714616993 -0.047202317982221
      vertex -0.107349603276092 0.809468208145682 -0.046187451550536
   endloop
endfacet
facet normal 0.127371361493108 0.920145359301272 -0.370282397674700
   outer loop
      vertex 0.166302625123644 0.814653436931358 0.054945583893393
      vertex 0.167162026833953 0.813528994348367 0.052446984272030
      vertex 0.112000310809066 0.813529801762693 0.033474221921028
   endloop
endfacet
facet normal -0.322037367031736 0.140099298019066 0.936303434218754
   outer loop
      vertex -0.114042743968127 0.804166629935292 -0.026727950423176
      vertex -0.169073561246049 0.807010792631961 -0.046081125939575
      vertex -0.169204461987970 0.804167537324133 -0.045700711717617
   endloop
endfacet
facet normal 0.945632551306603 -0.000019085565268 0.325236955995328
   outer loop
      vertex 0.333943831031144 0.809461439753275 0.105594944071382
      vertex 0.333333369600267 0.796200836951760 0.107369093975378
      vertex 0.333909070949244 0.798461982187274 0.105695364191125
   endloop
endfacet
facet normal 0.301677068393074 0.373782102987366 -0.877084879525410
   outer loop
      vertex -0.107349603276092 0.809468208145682 -0.046187451550536
      vertex -0.162162214462497 0.806805625057253 -0.066175179271188
      vertex -0.162511319300978 0.809469015560007 -0.065160213901539
   endloop
endfacet
facet normal 0.200486611161736 0.787447832466633 -0.582864503884467
   outer loop
      vertex 0.112000310809066 0.813529801762693 0.033474221921028
      vertex 0.112735767296078 0.811759814931331 0.031335949463524
      vertex 0.057574051271191 0.811760622345657 0.012363187112522
   endloop
endfacet
facet normal 0.945626060103806 -0.000010599366781 0.325255829064147
   outer loop
      vertex 0.332646976964564 0.813526467084389 0.109365370263113
      vertex 0.332586959489215 0.794474777561692 0.109539240023017
      vertex 0.333382433451576 0.811756480253027 0.107227097805610
   endloop
endfacet
facet normal 0.200486961569448 0.787447832463554 -0.582864383359544
   outer loop
      vertex 0.332646976964564 0.813526467084389 0.109365370263113
      vertex 0.278220817406785 0.811757289662421 0.088254335454498
      vertex 0.277485360919773 0.813527276493782 0.090392607912001
   endloop
endfacet
facet normal -0.322038644561810 0.140088292475652 0.936304641513673
   outer loop
      vertex -0.169204461987970 0.804167537324133 -0.045700711717617
      vertex -0.224235277270935 0.807011600046286 -0.065053888290578
      vertex -0.224366078032759 0.804168346733526 -0.064673474068729
   endloop
endfacet
facet normal -0.322039485287035 0.140091705090193 0.936303841752764
   outer loop
      vertex -0.224366078032759 0.804168346733526 -0.064673474068729
      vertex -0.279396915327890 0.807012510087532 -0.084026749579523
      vertex -0.279527794078834 0.804169155204202 -0.083646336414149
   endloop
endfacet
facet normal 0.301682354545713 0.373743620794378 -0.877099460079222
   outer loop
      vertex -0.217672937361912 0.809469926000268 -0.084133075190506
      vertex -0.272485596530697 0.806807241305978 -0.104120743971017
      vertex -0.272834633392899 0.809470733919241 -0.103105847540973
   endloop
endfacet
facet normal -0.299266600778302 0.391593819152719 0.870111362102569
   outer loop
      vertex 0.272219873061186 0.807004024239553 0.105701269682343
      vertex 0.217423912875015 0.809647136389751 0.085665182484819
      vertex 0.217058155041343 0.807004931628394 0.086728508387904
   endloop
endfacet
facet normal 0.322861104447166 0.120948167451914 -0.938686448195125
   outer loop
      vertex 0.279131219844739 0.806798856664846 0.085607216350730
      vertex 0.224082395439014 0.803949160111046 0.066306000426112
      vertex 0.223969503819852 0.806799664079171 0.066634453999727
   endloop
endfacet
facet normal 0.322861631640311 0.120948167437511 -0.938686266868790
   outer loop
      vertex -0.051725988757513 0.803953403234541 -0.028558009204833
      vertex -0.106887604802304 0.803954212643935 -0.047530771555946
      vertex -0.051838880376677 0.806803907202668 -0.028229555631218
   endloop
endfacet
facet normal 0.322038882256313 -0.140099298049914 -0.936302913058069
   outer loop
      vertex -0.106887604802304 0.803954212643935 -0.047530771555946
      vertex -0.107018505544224 0.801110957336107 -0.047150357333987
      vertex -0.162180223585254 0.801111865781299 -0.066123218622845
   endloop
endfacet
facet normal -0.299269063787565 0.391580788813475 0.870116379165414
   outer loop
      vertex 0.161896538975365 0.807005742094139 0.067755646042373
      vertex 0.107100578789194 0.809648854244337 0.047719558844848
      vertex 0.106734822950480 0.807006549508464 0.048782883691370
   endloop
endfacet
facet normal -0.121549695468886 0.927528628429503 0.353435022281474
   outer loop
      vertex 0.108422790208130 0.813636061921338 0.043875583018429
      vertex 0.054127331432079 0.814710135817062 0.022384133988073
      vertex 0.053261074183244 0.813636869335664 0.024902820667426
   endloop
endfacet
facet normal 0.322861104447166 0.120948167451917 -0.938686448195125
   outer loop
      vertex 0.113646169734031 0.806801381933757 0.028688830359756
      vertex 0.058597345328307 0.803951685379956 0.009387614435138
      vertex 0.058484453709145 0.806802189348082 0.009716068008754
   endloop
endfacet
facet normal 0.256109201051908 -0.616373245369827 -0.744642262787186
   outer loop
      vertex 0.113262402777601 0.798465417896445 0.029804116911184
      vertex 0.057524987398693 0.796204980100740 0.012505083287872
      vertex 0.058100686752715 0.798466225310771 0.010831354560182
   endloop
endfacet
facet normal -0.299268476786335 0.391593819173763 0.870110716855558
   outer loop
      vertex 0.051573106925593 0.807007356922789 0.029810121340366
      vertex -0.003222753301671 0.809650472124407 0.009773934148315
      vertex -0.003588511135342 0.807008267363050 0.010837260051399
   endloop
endfacet
facet normal -0.121548613173767 0.927529969276280 0.353431875656224
   outer loop
      vertex 0.053261074183244 0.813636869335664 0.024902820667426
      vertex -0.001034284612710 0.814710945226456 0.003411371636962
      vertex -0.001900641841642 0.813637676749989 0.005930058316423
   endloop
endfacet
facet normal 0.039320029688500 -0.992660720881456 -0.114361831414175
   outer loop
      vertex 0.221397268174463 0.793403226939811 0.074112303062509
      vertex 0.165308498711389 0.793056772113083 0.057835019292144
      vertex 0.166235652129673 0.793404036349205 0.055139540711395
   endloop
endfacet
facet normal 0.256105203223893 -0.616390499574632 -0.744629355394873
   outer loop
      vertex 0.058100686752715 0.798466225310771 0.010831354560182
      vertex 0.002363369358948 0.796205889484649 -0.006467678006679
      vertex 0.002939070707926 0.798467034720164 -0.008141407790931
   endloop
endfacet
facet normal -0.200495469383254 -0.787426512340715 0.582890259328226
   outer loop
      vertex 0.108362672752686 0.794584370403573 0.044049452778442
      vertex 0.052465598225928 0.796355266618845 0.027214963941396
      vertex 0.053200956727799 0.794585177817898 0.025076690427439
   endloop
endfacet
facet normal -0.200486961569460 -0.787447832463548 0.582864383359548
   outer loop
      vertex -0.057122377358021 0.794586895672484 -0.012868933212532
      vertex -0.113019449889824 0.796357691913240 -0.029703423106141
      vertex -0.112283993402812 0.794587705081878 -0.031841695563644
   endloop
endfacet
facet normal -0.259947364695324 -0.601061231466921 0.755746494279282
   outer loop
      vertex 0.273112266376383 0.796351831966024 0.103106111226919
      vertex 0.217389252752023 0.798647681875170 0.085765502610035
      vertex 0.217950548356539 0.796352739354865 0.084133349932479
   endloop
endfacet
facet normal -0.259945001771142 -0.601068798544945 0.755741288715879
   outer loop
      vertex 0.217950548356539 0.796352739354865 0.084133349932479
      vertex 0.162227536727137 0.798648489289495 0.066792740259032
      vertex 0.162788932311749 0.796353548764259 0.065160587581367
   endloop
endfacet
facet normal 0.127375212947708 0.920143372345260 -0.370286010342841
   outer loop
      vertex 0.111141009078853 0.814654246340752 0.035972821542281
      vertex 0.112000310809066 0.813529801762693 0.033474221921028
      vertex 0.056838692748131 0.813530712202954 0.014501360632059
   endloop
endfacet
facet normal -0.301683396355075 -0.373742072824855 0.877099761352292
   outer loop
      vertex -0.113580845474436 0.798652632438476 -0.028071270428476
      vertex -0.169091570368807 0.801317033356007 -0.046029165291231
      vertex -0.168742463514181 0.798653541822386 -0.047044031723026
   endloop
endfacet
facet normal -0.945628668995070 0.000014547719685 -0.325248243904522
   outer loop
      vertex -0.331077218431142 0.815063260893568 -0.113120938922400
      vertex -0.330219488217152 0.793411612989255 -0.115615677258188
      vertex -0.331146611635051 0.793064349034749 -0.112920168679146
   endloop
endfacet
facet normal 0.945637690039716 -0.000023070613750 0.325222014390320
   outer loop
      vertex 0.334292835910718 0.806798046199101 0.104580078696260
      vertex 0.334274826787960 0.801104286923147 0.104632039344604
      vertex 0.334405727529880 0.803947542230975 0.104251625122645
   endloop
endfacet
facet normal -0.200489497260126 -0.787443192577183 0.582869779583944
   outer loop
      vertex -0.001960661311946 0.794586087201808 0.006103929132890
      vertex -0.057857733864936 0.796356884498915 -0.010730660755138
      vertex -0.057122377358021 0.794586895672484 -0.012868933212532
   endloop
endfacet
facet normal 0.259949040711910 0.601061231418713 -0.755745917831105
   outer loop
      vertex -0.162511319300978 0.809469015560007 -0.065160213901539
      vertex -0.217672937361912 0.809469926000268 -0.084133075190506
      vertex -0.163072614905494 0.811763958080312 -0.063528061223984
   endloop
endfacet
facet normal 0.195489286736896 -0.799189187832544 -0.568401777638546
   outer loop
      vertex 0.001616859267801 0.794479828099514 -0.004297531958930
      vertex -0.053544756776989 0.794480637508908 -0.023270294310044
      vertex 0.002363369358948 0.796205889484649 -0.006467678006679
   endloop
endfacet
facet normal 0.127371361492994 0.920145359301402 -0.370282397674417
   outer loop
      vertex 0.331787675234351 0.814650911662447 0.111863969884367
      vertex 0.277485360919773 0.813527276493782 0.090392607912001
      vertex 0.276625959209464 0.814651719076772 0.092891207533365
   endloop
endfacet
facet normal 0.039320217404834 -0.992660638723583 -0.114362480001633
   outer loop
      vertex -0.110499885485139 0.793061015236580 -0.037028990338800
      vertex -0.165661601510025 0.793061822650905 -0.056001752689804
      vertex -0.109572832046952 0.793408277477633 -0.039724468919439
   endloop
endfacet
facet normal 0.121542416015112 -0.927537646619472 -0.353413858263680
   outer loop
      vertex -0.054411116022065 0.793407470063308 -0.020751706568436
      vertex -0.109572832046952 0.793408277477633 -0.039724468919439
      vertex -0.053544756776989 0.794480637508908 -0.023270294310044
   endloop
endfacet
facet normal -0.195490617122925 0.799186933375696 0.568404489899973
   outer loop
      vertex -0.278455416153202 0.811915860882431 -0.086763805266905
      vertex -0.277708966050112 0.813641921070526 -0.088933951314586
      vertex -0.332870647094678 0.813642729816936 -0.107906773662279
   endloop
endfacet
facet normal 0.121548739255245 -0.927528628421972 -0.353435351150839
   outer loop
      vertex 0.166235652129673 0.793404036349205 0.055139540711395
      vertex 0.111073934088641 0.793404944794397 0.036166679422537
      vertex 0.167101909378508 0.794477302830603 0.052620854032043
   endloop
endfacet
facet normal -0.045575023392828 -0.990140362435486 0.132457464564546
   outer loop
      vertex -0.166586307717389 0.793464069913214 -0.053313057536010
      vertex -0.221748025758419 0.793464978358405 -0.072285918824868
      vertex -0.165661601510025 0.793061822650905 -0.056001752689804
   endloop
endfacet
facet normal 0.127373458206726 0.920145359276973 -0.370281676491708
   outer loop
      vertex 0.276625959209464 0.814651719076772 0.092891207533365
      vertex 0.277485360919773 0.813527276493782 0.090392607912001
      vertex 0.222323642878742 0.813528184938974 0.071419746623143
   endloop
endfacet
facet normal -0.121550651509636 0.927527930445649 0.353436525221708
   outer loop
      vertex -0.277708966050112 0.813641921070526 -0.088933951314586
      vertex -0.332004341849040 0.814715996939062 -0.110425430343359
      vertex -0.332870647094678 0.813642729816936 -0.107906773662279
   endloop
endfacet
facet normal 0.039330210477070 -0.992656970123896 -0.114390883414177
   outer loop
      vertex 0.110146782686503 0.793057579527409 0.038862256941142
      vertex 0.054985166620524 0.793058389993154 0.019889394595610
      vertex 0.111073934088641 0.793404944794397 0.036166679422537
   endloop
endfacet
facet normal 0.256108181080349 -0.616373245357150 -0.744642613601727
   outer loop
      vertex 0.278747454883265 0.798462792653018 0.086722501845595
      vertex 0.223010037509401 0.796202454831829 0.069423469278845
      vertex 0.223585736863423 0.798463700041859 0.067749740551155
   endloop
endfacet
facet normal 0.200500122215152 0.787418463249119 -0.582899532274735
   outer loop
      vertex 0.222323642878742 0.813528184938974 0.071419746623143
      vertex 0.223059101381898 0.811758097076745 0.069281573103494
      vertex 0.167897485315920 0.811758907542490 0.050308710757964
   endloop
endfacet
facet normal -0.200494937864340 -0.787429760383744 0.582886054347481
   outer loop
      vertex -0.278504491997477 0.796360317356173 -0.086621808040562
      vertex -0.333666166045554 0.796361126347873 -0.105594640387704
      vertex -0.277769063509538 0.794590229951775 -0.088760081554595
   endloop
endfacet
facet normal -0.045583639362480 -0.990135863141151 0.132488129068982
   outer loop
      vertex 0.054060358438108 0.793460735234909 0.022578090806076
      vertex -0.001101257606681 0.793461544644302 0.003605328454963
      vertex 0.054985166620524 0.793058389993154 0.019889394595610
   endloop
endfacet
facet normal -0.259944294725668 -0.601074178994893 0.755737252611772
   outer loop
      vertex -0.278504491997477 0.796360317356173 -0.086621808040562
      vertex -0.334227520629852 0.798656067268547 -0.103962447712318
      vertex -0.333666166045554 0.796361126347873 -0.105594640387704
   endloop
endfacet
facet normal -0.127381497138167 -0.920132902811287 0.370309863966534
   outer loop
      vertex -0.001960661311946 0.794586087201808 0.006103929132890
      vertex -0.057122377358021 0.794586895672484 -0.012868933212532
      vertex -0.001101257606681 0.793461544644302 0.003605328454963
   endloop
endfacet
facet normal 0.256104224763100 -0.616393483331002 -0.744627222014859
   outer loop
      vertex 0.168424120818633 0.798464509451253 0.048776978200042
      vertex 0.112686703444769 0.796204171630064 0.031477945633292
      vertex 0.113262402777601 0.798465417896445 0.029804116911184
   endloop
endfacet
facet normal -0.256104183223288 0.616390499561726 0.744629706220198
   outer loop
      vertex 0.327747246939647 0.809645419591516 0.123610706130372
      vertex 0.273161330248879 0.811907474210941 0.102964215051569
      vertex 0.272585628899902 0.809646328975427 0.104637944835822
   endloop
endfacet
facet normal -0.322039653178591 0.140099298065035 0.936302647898796
   outer loop
      vertex -0.058881127902148 0.804165819469547 -0.007755088077645
      vertex -0.113911843226208 0.807009885243120 -0.027108364645135
      vertex -0.114042743968127 0.804166629935292 -0.026727950423176
   endloop
endfacet
facet normal 0.301684034888397 0.373743664642222 -0.877098863431745
   outer loop
      vertex 0.334292835910718 0.806798046199101 0.104580078696260
      vertex 0.279131219844739 0.806798856664846 0.085607216350730
      vertex 0.333943831031144 0.809461439753275 0.105594944071382
   endloop
endfacet
facet normal -0.200487569390206 -0.787447832457916 0.582864174295639
   outer loop
      vertex 0.162788932311749 0.796353548764259 0.065160587581367
      vertex 0.107627216265673 0.796354357234936 0.046187725235946
      vertex 0.163524388798761 0.794583561932897 0.063022315123863
   endloop
endfacet
facet normal 0.322863914915258 0.120915678435272 -0.938689667118016
   outer loop
      vertex 0.279244111485089 0.803948351640369 0.085278862771533
      vertex 0.224082395439014 0.803949160111046 0.066306000426112
      vertex 0.279131219844739 0.806798856664846 0.085607216350730
   endloop
endfacet
facet normal -0.259945954549120 -0.601068798544729 0.755740960997578
   outer loop
      vertex -0.113019449889824 0.796357691913240 -0.029703423106141
      vertex -0.113580845474436 0.798652632438476 -0.028071270428476
      vertex -0.168742463514181 0.798653541822386 -0.047044031723026
   endloop
endfacet
facet normal 0.127387212128191 0.920125733375401 -0.370325711997679
   outer loop
      vertex -0.054344043047999 0.814656872640529 -0.020945663386548
      vertex -0.053484739301640 0.813532327031604 -0.023444164069946
      vertex -0.108646355367619 0.813533137497348 -0.042417026415478
   endloop
endfacet
facet normal 0.200497017037489 0.787427036993285 -0.582889018228208
   outer loop
      vertex -0.274131405476208 0.813535662660624 -0.099335402407009
      vertex -0.328557664018519 0.811766483474808 -0.120446457214400
      vertex -0.329293088511492 0.813536571170280 -0.118308203699255
   endloop
endfacet
facet normal 0.945625064888612 -0.000015988149438 0.325258722248594
   outer loop
      vertex 0.329935815608704 0.814705894688634 0.117248143618908
      vertex 0.329009338929371 0.794581034668918 0.119940701114946
      vertex 0.329868742634637 0.793456492111413 0.117442100437021
   endloop
endfacet
facet normal -0.259943412594888 -0.601082438638302 0.755730986667317
   outer loop
      vertex 0.107627216265673 0.796354357234936 0.046187725235946
      vertex 0.107065920682348 0.798649298698888 0.047819977907919
      vertex 0.051904202641316 0.798650207144081 0.028847116619060
   endloop
endfacet
facet normal -0.945629146146461 0.000014368974023 -0.325246856636383
   outer loop
      vertex -0.332004341849040 0.814715996939062 -0.110425430343359
      vertex -0.331146611635051 0.793064349034749 -0.112920168679146
      vertex -0.332071368836501 0.793466595490842 -0.110231493524181
   endloop
endfacet
facet normal 0.322038137952365 -0.140099298034541 -0.936303169061390
   outer loop
      vertex 0.224082395439014 0.803949160111046 0.066306000426112
      vertex 0.223951494697094 0.801105904803216 0.066686414648070
      vertex 0.168789878652304 0.801106714212610 0.047713652296958
   endloop
endfacet
facet normal -0.256110792624079 0.616373245387950 0.744641715371488
   outer loop
      vertex -0.002647053947649 0.811911717334438 0.008100205420626
      vertex -0.057808670013627 0.811912527800182 -0.010872656924905
      vertex -0.003222753301671 0.809650472124407 0.009773934148315
   endloop
endfacet
facet normal -0.195490620675642 0.799185430372449 0.568406601921772
   outer loop
      vertex -0.057808670013627 0.811912527800182 -0.010872656924905
      vertex -0.057062259902576 0.813638587190250 -0.013042802972544
      vertex -0.112223975927463 0.813639394604574 -0.032015565323547
   endloop
endfacet
facet normal -0.039331346918422 0.992656532483607 0.114394290361031
   outer loop
      vertex -0.166519334723418 0.814713470495366 -0.053507014354013
      vertex -0.165592183300090 0.815060834706004 -0.056202491878198
      vertex -0.220753899346164 0.815061643176680 -0.075175354223619
   endloop
endfacet
facet normal -0.127371597690217 -0.920145359298681 0.370282316432939
   outer loop
      vertex -0.111424691672599 0.793463260503820 -0.034340295184898
      vertex -0.167445709427697 0.794588512496204 -0.050814457914648
      vertex -0.166586307717389 0.793464069913214 -0.053313057536010
   endloop
endfacet
facet normal -0.127381497138215 -0.920132902811214 0.370309863966702
   outer loop
      vertex -0.001101257606681 0.793461544644302 0.003605328454963
      vertex -0.057122377358021 0.794586895672484 -0.012868933212532
      vertex -0.056262973652756 0.793462353114979 -0.015367533890458
   endloop
endfacet
facet normal 0.945613397152377 -0.000011192530603 0.325292642094266
   outer loop
      vertex 0.331787675234351 0.814650911662447 0.111863969884367
      vertex 0.330793448842000 0.793054244849104 0.114753405283227
      vertex 0.331720702240380 0.793401511080294 0.112057926702369
   endloop
endfacet
facet normal 0.945639199814197 -0.000023115451412 0.325217624430842
   outer loop
      vertex 0.334292835910718 0.806798046199101 0.104580078696260
      vertex 0.333909070949244 0.798461982187274 0.105695364191125
      vertex 0.334274826787960 0.801104286923147 0.104632039344604
   endloop
endfacet
facet normal 0.945619400596674 -0.000013364835087 0.325275189703377
   outer loop
      vertex 0.333382433451576 0.811756480253027 0.107227097805610
      vertex 0.333333369600267 0.796200836951760 0.107369093975378
      vertex 0.333943831031144 0.809461439753275 0.105594944071382
   endloop
endfacet
facet normal 0.945635351711505 -0.000016293612834 0.325228813803415
   outer loop
      vertex 0.330862867051935 0.815053256904203 0.114552666094832
      vertex 0.329935815608704 0.814705894688634 0.117248143618908
      vertex 0.329868742634637 0.793456492111413 0.117442100437021
   endloop
endfacet
facet normal 0.127382994700215 0.920132505368862 -0.370310336373192
   outer loop
      vertex -0.274990789185454 0.814660205617144 -0.096836801729105
      vertex -0.274131405476208 0.813535662660624 -0.099335402407009
      vertex -0.329293088511492 0.813536571170280 -0.118308203699255
   endloop
endfacet
facet normal 0.256106238153447 -0.616383345988674 -0.744634920995985
   outer loop
      vertex -0.272869323495087 0.798471278066694 -0.103005457419632
      vertex -0.273445052834663 0.796210031835603 -0.101331688694143
      vertex -0.328606732870544 0.796210940405110 -0.120304489986391
   endloop
endfacet
facet normal 0.945633370736895 -0.000013779651704 0.325234573744705
   outer loop
      vertex 0.329069456384817 0.813632726186683 0.119766831354934
      vertex 0.328323046273766 0.811906666796616 0.121936977402573
      vertex 0.328273982422457 0.796351023495349 0.122078973572341
   endloop
endfacet
facet normal -0.322862628005602 -0.120948167409648 0.938685924171426
   outer loop
      vertex -0.224253186413597 0.801317842765400 -0.065001927642344
      vertex -0.224366078032759 0.804168346733526 -0.064673474068729
      vertex -0.279527794078834 0.804169155204202 -0.083646336414149
   endloop
endfacet
facet normal 0.121542644299377 -0.927537646625185 -0.353413779739456
   outer loop
      vertex -0.219896166132773 0.793409995332218 -0.077670092559409
      vertex -0.275057812175829 0.793410804354362 -0.096642874909373
      vertex -0.219029806887696 0.794483162777818 -0.080188680301017
   endloop
endfacet
facet normal -0.301682815424947 -0.373742072817298 0.877099961169482
   outer loop
      vertex 0.272550970793054 0.798646773429978 0.104738363898892
      vertex 0.272201863938429 0.801310264963599 0.105753230330686
      vertex 0.217040247893638 0.801311074372993 0.086780467979575
   endloop
endfacet
facet normal -0.945628436681218 0.000014491036119 -0.325248919336937
   outer loop
      vertex -0.332870647094678 0.813642729816936 -0.107906773662279
      vertex -0.332071368836501 0.793466595490842 -0.110231493524181
      vertex -0.332930741554701 0.794591038758037 -0.107732903902292
   endloop
endfacet
facet normal -0.121549862475317 0.927528628430659 0.353434964843284
   outer loop
      vertex 0.273907840340028 0.813633535596077 0.100794069003821
      vertex 0.274774097588862 0.814706802077475 0.098275382324469
      vertex 0.219612481544072 0.814707611486869 0.079302619973357
   endloop
endfacet
facet normal -0.256102346541499 0.616400167332454 0.744622335018539
   outer loop
      vertex 0.052514662077237 0.811910909920112 0.027072967771627
      vertex -0.002647053947649 0.811911717334438 0.008100205420626
      vertex 0.051938862764307 0.809649661658663 0.028746796493846
   endloop
endfacet
facet normal -0.195483185518776 0.799202362212627 0.568385352039608
   outer loop
      vertex -0.002647053947649 0.811911717334438 0.008100205420626
      vertex -0.001900641841642 0.813637676749989 0.005930058316423
      vertex -0.057062259902576 0.813638587190250 -0.013042802972544
   endloop
endfacet
facet normal -0.039320166430503 0.992660720883738 0.114361784379466
   outer loop
      vertex 0.274774097588862 0.814706802077475 0.098275382324469
      vertex 0.275701251007145 0.815054066313595 0.095579903743720
      vertex 0.220539534961071 0.815054874784272 0.076607041398300
   endloop
endfacet
facet normal -0.121542709041636 0.927536305856101 0.353417276314610
   outer loop
      vertex -0.057062259902576 0.813638587190250 -0.013042802972544
      vertex -0.056196000637596 0.814711752640781 -0.015561390714042
      vertex -0.111357618698532 0.814712663081041 -0.034534252003010
   endloop
endfacet
facet normal 0.045583765160342 0.990135863139546 -0.132488085799112
   outer loop
      vertex -0.165592183300090 0.815060834706004 -0.056202491878198
      vertex -0.164667375117674 0.814658489464248 -0.058891188088665
      vertex -0.219829091163749 0.814659297934925 -0.077864050434085
   endloop
endfacet
facet normal -0.200487919799217 -0.787447832454547 0.582864053770018
   outer loop
      vertex -0.002696117798958 0.796356074033170 0.008242201590394
      vertex -0.057857733864936 0.796356884498915 -0.010730660755138
      vertex -0.001960661311946 0.794586087201808 0.006103929132890
   endloop
endfacet
facet normal 0.301683622620351 0.373732089375810 -0.877103937520208
   outer loop
      vertex -0.051838880376677 0.806803907202668 -0.028229555631218
      vertex -0.107000596401563 0.806804714616993 -0.047202317982221
      vertex -0.052187887251206 0.809467400731357 -0.027214689199532
   endloop
endfacet
facet normal -0.945631462062099 0.000014311984838 -0.325240123222003
   outer loop
      vertex -0.327647274566976 0.806808149915387 -0.123093545263268
      vertex -0.327534352951666 0.803957646440146 -0.123421988837474
      vertex -0.327665231704730 0.801114291662450 -0.123041585671542
   endloop
endfacet
facet normal -0.121542709041635 0.927536305856099 0.353417276314616
   outer loop
      vertex -0.001900641841642 0.813637676749989 0.005930058316423
      vertex -0.056196000637596 0.814711752640781 -0.015561390714042
      vertex -0.057062259902576 0.813638587190250 -0.013042802972544
   endloop
endfacet
facet normal -0.945629015970870 0.000014367114268 -0.325247235111308
   outer loop
      vertex -0.334192824528857 0.809655523240798 -0.104062837833665
      vertex -0.333666166045554 0.796361126347873 -0.105594640387704
      vertex -0.334227520629852 0.798656067268547 -0.103962447712318
   endloop
endfacet
facet normal 0.299268663632068 -0.391593819175916 -0.870110652590287
   outer loop
      vertex -0.107018505544224 0.801110957336107 -0.047150357333987
      vertex -0.107384263377896 0.798468752574750 -0.046087031430903
      vertex -0.162545979423970 0.798469561045426 -0.065059893776324
   endloop
endfacet
facet normal 0.127382651277637 0.920132505373929 -0.370310454494302
   outer loop
      vertex -0.219829091163749 0.814659297934925 -0.077864050434085
      vertex -0.274131405476208 0.813535662660624 -0.099335402407009
      vertex -0.274990789185454 0.814660205617144 -0.096836801729105
   endloop
endfacet
facet normal 0.195481964289369 -0.799206119449106 -0.568380488997178
   outer loop
      vertex -0.163868190842907 0.794482353368424 -0.061215917949905
      vertex -0.219029806887696 0.794483162777818 -0.080188680301017
      vertex -0.163121678756803 0.796208314779045 -0.063386065054216
   endloop
endfacet
facet normal -0.945629302968125 0.000014259601949 -0.325246400694432
   outer loop
      vertex -0.333617099190605 0.811916769497722 -0.105736616558592
      vertex -0.333666166045554 0.796361126347873 -0.105594640387704
      vertex -0.334192824528857 0.809655523240798 -0.104062837833665
   endloop
endfacet
facet normal -0.195491819303946 0.799185430381174 0.568406189666942
   outer loop
      vertex -0.168132104058356 0.811914242603348 -0.048818180570349
      vertex -0.222547310013284 0.813641112459160 -0.069961188963517
      vertex -0.223293720124334 0.811915053069093 -0.067791042915880
   endloop
endfacet
facet normal -0.045574290853875 -0.990140681067864 0.132455334764719
   outer loop
      vertex -0.055338167444107 0.793060106791388 -0.018056129049942
      vertex -0.111424691672599 0.793463260503820 -0.034340295184898
      vertex -0.110499885485139 0.793061015236580 -0.037028990338800
   endloop
endfacet
facet normal 0.299268243639173 -0.391590125935471 -0.870112459179252
   outer loop
      vertex -0.162180223585254 0.801111865781299 -0.066123218622845
      vertex -0.217707695448856 0.798470368459752 -0.084032656127326
      vertex -0.217341839630044 0.801112675190693 -0.085095980973957
   endloop
endfacet
facet normal 0.200501031453390 0.787418463246881 -0.582899219526024
   outer loop
      vertex 0.277485360919773 0.813527276493782 0.090392607912001
      vertex 0.223059101381898 0.811758097076745 0.069281573103494
      vertex 0.222323642878742 0.813528184938974 0.071419746623143
   endloop
endfacet
facet normal -0.195490028899463 0.799186933366357 0.568404692219694
   outer loop
      vertex -0.223293720124334 0.811915053069093 -0.067791042915880
      vertex -0.277708966050112 0.813641921070526 -0.088933951314586
      vertex -0.278455416153202 0.811915860882431 -0.086763805266905
   endloop
endfacet
facet normal -0.259946411924685 -0.601061231493494 0.755746821973474
   outer loop
      vertex 0.217950548356539 0.796352739354865 0.084133349932479
      vertex 0.217389252752023 0.798647681875170 0.085765502610035
      vertex 0.162227536727137 0.798648489289495 0.066792740259032
   endloop
endfacet
facet normal 0.039320029688505 -0.992660720881454 -0.114361831414190
   outer loop
      vertex -0.109572832046952 0.793408277477633 -0.039724468919439
      vertex -0.165661601510025 0.793061822650905 -0.056001752689804
      vertex -0.164734448091742 0.793409086887027 -0.058697231270553
   endloop
endfacet
facet normal 0.045574292518889 0.990139984000941 -0.132460544857776
   outer loop
      vertex 0.220539534961071 0.815054874784272 0.076607041398300
      vertex 0.221464341169718 0.814652628460682 0.073918446238815
      vertex 0.166302625123644 0.814653436931358 0.054945583893393
   endloop
endfacet
facet normal 0.200486611161736 0.787447832466622 -0.582864503884480
   outer loop
      vertex 0.167162026833953 0.813528994348367 0.052446984272030
      vertex 0.112735767296078 0.811759814931331 0.031335949463524
      vertex 0.112000310809066 0.813529801762693 0.033474221921028
   endloop
endfacet
facet normal 0.200494801245943 0.787431152390092 -0.582884220852616
   outer loop
      vertex 0.167162026833953 0.813528994348367 0.052446984272030
      vertex 0.167897485315920 0.811758907542490 0.050308710757964
      vertex 0.112735767296078 0.811759814931331 0.031335949463524
   endloop
endfacet
facet normal 0.200503309800613 0.787413822781105 -0.582904704434821
   outer loop
      vertex 0.112000310809066 0.813529801762693 0.033474221921028
      vertex 0.057574051271191 0.811760622345657 0.012363187112522
      vertex 0.056838692748131 0.813530712202954 0.014501360632059
   endloop
endfacet
facet normal -0.322862642743078 -0.120926920560675 0.938688656480235
   outer loop
      vertex 0.217040247893638 0.801311074372993 0.086780467979575
      vertex 0.216927256273191 0.804161577402401 0.087108821558882
      vertex 0.161765638233445 0.804162486786310 0.068136060264332
   endloop
endfacet
facet normal 0.301685551737457 0.373732089336904 -0.877103274006396
   outer loop
      vertex 0.278782113011301 0.809462347142116 0.086622182776943
      vertex 0.223969503819852 0.806799664079171 0.066634453999727
      vertex 0.223620496945323 0.809463157607860 0.067649320431412
   endloop
endfacet
facet normal -0.322038106147258 0.140093984060559 0.936303975116590
   outer loop
      vertex -0.279527794078834 0.804169155204202 -0.083646336414149
      vertex -0.334558593362458 0.807013318365619 -0.102999521930010
      vertex -0.334689475110279 0.804170063542488 -0.102619117707514
   endloop
endfacet
facet normal -0.121552779866839 0.927525497210624 0.353442178765959
   outer loop
      vertex 0.273907840340028 0.813633535596077 0.100794069003821
      vertex 0.219612481544072 0.814707611486869 0.079302619973357
      vertex 0.218746124293951 0.813634344066753 0.081821206658401
   endloop
endfacet
facet normal 0.039330949738604 -0.992656639110888 -0.114393501658685
   outer loop
      vertex -0.219896166132773 0.793409995332218 -0.077670092559409
      vertex -0.275984933598772 0.793063440425340 -0.093947367386895
      vertex -0.275057812175829 0.793410804354362 -0.096642874909373
   endloop
endfacet
facet normal 0.301684412066380 0.373730497974197 -0.877104344077785
   outer loop
      vertex 0.058135446834616 0.809465682876771 0.010730934440439
      vertex 0.003322837664355 0.806802998757476 -0.009256694342359
      vertex 0.002973728814773 0.809466590265612 -0.008241826854001
   endloop
endfacet
facet normal 0.200486611161756 0.787447832466577 -0.582864503884535
   outer loop
      vertex 0.001676976723246 0.813531519617279 -0.004471401718943
      vertex -0.052749282814629 0.811762340200242 -0.025582436527450
      vertex -0.053484739301640 0.813532327031604 -0.023444164069946
   endloop
endfacet
facet normal 0.259940326463850 0.601090005332243 -0.755726029833267
   outer loop
      vertex 0.058135446834616 0.809465682876771 0.010730934440439
      vertex 0.002973728814773 0.809466590265612 -0.008241826854001
      vertex 0.057574051271191 0.811760622345657 0.012363187112522
   endloop
endfacet
facet normal -0.045584589184935 -0.990135494543986 0.132490556920021
   outer loop
      vertex -0.220823217554814 0.793062632060299 -0.074974515040915
      vertex -0.276909691797495 0.793465786981534 -0.091258701174810
      vertex -0.275984933598772 0.793063440425340 -0.093947367386895
   endloop
endfacet
facet normal -0.121548613173804 0.927529969276263 0.353431875656258
   outer loop
      vertex 0.218746124293951 0.813634344066753 0.081821206658401
      vertex 0.164450765497997 0.814708419957544 0.060329757627936
      vertex 0.163584408269066 0.813635151481078 0.062848444307397
   endloop
endfacet
facet normal 0.200489847675304 0.787443192566087 -0.582869659066640
   outer loop
      vertex -0.053484739301640 0.813532327031604 -0.023444164069946
      vertex -0.107910998860705 0.811763148670918 -0.044555298872871
      vertex -0.108646355367619 0.813533137497348 -0.042417026415478
   endloop
endfacet
facet normal 0.256103501303296 -0.616397183948068 -0.744624407497555
   outer loop
      vertex 0.223585736863423 0.798463700041859 0.067749740551155
      vertex 0.167848319489559 0.796203362220670 0.050450707984405
      vertex 0.168424120818633 0.798464509451253 0.048776978200042
   endloop
endfacet
facet normal 0.945611631368905 -0.000009869025912 0.325297775157533
   outer loop
      vertex 0.328323046273766 0.811906666796616 0.121936977402573
      vertex 0.327747246939647 0.809645419591516 0.123610706130372
      vertex 0.327712586837844 0.798645964020584 0.123711126250004
   endloop
endfacet
facet normal -0.121542709041753 0.927536305855955 0.353417276314954
   outer loop
      vertex 0.163584408269066 0.813635151481078 0.062848444307397
      vertex 0.109289049473111 0.814709227371870 0.041356995276932
      vertex 0.108422790208130 0.813636061921338 0.043875583018429
   endloop
endfacet
facet normal 0.301685840130835 0.373730497992274 -0.877103852878894
   outer loop
      vertex 0.003322837664355 0.806802998757476 -0.009256694342359
      vertex -0.051838880376677 0.806803907202668 -0.028229555631218
      vertex 0.002973728814773 0.809466590265612 -0.008241826854001
   endloop
endfacet
facet normal 0.045583533460263 0.990135863142482 -0.132488165495527
   outer loop
      vertex 0.330862867051935 0.815053256904203 0.114552666094832
      vertex 0.331787675234351 0.814650911662447 0.111863969884367
      vertex 0.276625959209464 0.814651719076772 0.092891207533365
   endloop
endfacet
facet normal -0.945627977459503 0.000014208541818 -0.325250254487168
   outer loop
      vertex -0.327996309434222 0.809471542554134 -0.122078649889787
      vertex -0.327647274566976 0.806808149915387 -0.123093545263268
      vertex -0.327665231704730 0.801114291662450 -0.123041585671542
   endloop
endfacet
facet normal 0.259947805448888 0.601061231454426 -0.755746342687013
   outer loop
      vertex 0.168458780920436 0.809463965022185 0.048676558080409
      vertex 0.113297162880690 0.809464874406095 0.029703796785859
      vertex 0.167897485315920 0.811758907542490 0.050308710757964
   endloop
endfacet
facet normal 0.256100851576003 -0.616410737378903 -0.744614099158781
   outer loop
      vertex 0.002939070707926 0.798467034720164 -0.008141407790931
      vertex -0.052798346665939 0.796206696898975 -0.025440440357682
      vertex -0.052222645338149 0.798467843190840 -0.027114270136352
   endloop
endfacet
facet normal 0.322039130472522 -0.140093906127008 -0.936303634464045
   outer loop
      vertex 0.168920777399269 0.803950069494954 0.047333239131562
      vertex 0.168789878652304 0.801106714212610 0.047713652296958
      vertex 0.113628160611273 0.801107622657802 0.028740791008100
   endloop
endfacet
facet normal 0.200486611161739 0.787447832466632 -0.582864503884466
   outer loop
      vertex 0.056838692748131 0.813530712202954 0.014501360632059
      vertex 0.002412433210258 0.811761532785917 -0.006609674176447
      vertex 0.001676976723246 0.813531519617279 -0.004471401718943
   endloop
endfacet
facet normal -0.299267771263722 0.391590125915059 0.870112621658066
   outer loop
      vertex -0.169073561246049 0.807010792631961 -0.046081125939575
      vertex -0.223869421452124 0.809653906777228 -0.066117213137209
      vertex -0.224235277270935 0.807011600046286 -0.065053888290578
   endloop
endfacet
facet normal -0.301682815424954 -0.373742072817390 0.877099961169440
   outer loop
      vertex -0.003257413403474 0.798651016553475 0.009874354267948
      vertex -0.003606520258100 0.801314508087095 0.010889220699743
      vertex -0.058768136302890 0.801315317496489 -0.008083541651370
   endloop
endfacet
facet normal 0.299267260002155 -0.391593819160055 -0.870111135365158
   outer loop
      vertex 0.113628160611273 0.801107622657802 0.028740791008100
      vertex 0.113262402777601 0.798465417896445 0.029804116911184
      vertex 0.058100686752715 0.798466225310771 0.010831354560182
   endloop
endfacet
facet normal -0.322862709813525 -0.120959409446113 0.938684447446699
   outer loop
      vertex -0.058768136302890 0.801315317496489 -0.008083541651370
      vertex -0.058881127902148 0.804165819469547 -0.007755088077645
      vertex -0.114042743968127 0.804166629935292 -0.026727950423176
   endloop
endfacet
facet normal 0.256108576236767 -0.616373245362159 -0.744642477689593
   outer loop
      vertex 0.058100686752715 0.798466225310771 0.010831354560182
      vertex 0.057524987398693 0.796204980100740 0.012505083287872
      vertex 0.002363369358948 0.796205889484649 -0.006467678006679
   endloop
endfacet
facet normal -0.195483185518821 0.799202362212532 0.568385352039726
   outer loop
      vertex 0.162837996163058 0.811909192065526 0.065018591411599
      vertex 0.163584408269066 0.813635151481078 0.062848444307397
      vertex 0.108422790208130 0.813636061921338 0.043875583018429
   endloop
endfacet
end solid no_name
