solid no_name
facet normal 0.121480105608290 -0.927539028306349 -0.353431655217686
   outer loop
      vertex -0.000510915429339 0.159446030621151 -0.001570963402859
      vertex -0.055672641899747 0.159450932685873 -0.020543794824481
      vertex 0.000355520071880 0.160519234507170 -0.004089650680244
   endloop
endfacet
facet normal 0.200561094936205 0.787398872994975 -0.582905019710959
   outer loop
      vertex 0.110740406861376 0.179561017511652 0.033681939331688
      vertex 0.111475632760329 0.177790872837750 0.031543765585016
      vertex 0.056313904302386 0.177795874877136 0.012570935219947
   endloop
endfacet
facet normal -0.121468227882704 0.927551176123045 0.353403855790782
   outer loop
      vertex 0.272647883395534 0.179652635314105 0.101001694581221
      vertex 0.218352592447509 0.180730740208504 0.079510275876633
      vertex 0.217486154958757 0.179657636297149 0.082028964210572
   endloop
endfacet
facet normal 0.127452841471236 0.920121416467925 -0.370313856286755
   outer loop
      vertex 0.165042816510780 0.180680622095786 0.055153370738866
      vertex 0.165902035339073 0.179556013484622 0.052654769696922
      vertex 0.110740406861376 0.179561017511652 0.033681939331688
   endloop
endfacet
facet normal 0.045658680248624 0.990132461985327 -0.132487707508395
   outer loop
      vertex 0.219279668167580 0.181078033310797 0.076814797796523
      vertex 0.220204444967310 0.180675619125097 0.074126101109683
      vertex 0.165042816510780 0.180680622095786 0.055153370738866
   endloop
endfacet
facet normal 0.127452225479502 0.920121416529553 -0.370314068142126
   outer loop
      vertex -0.110765717785054 0.180705231212679 -0.039710485329602
      vertex -0.165068127413292 0.179585625572204 -0.061181816742363
      vertex -0.165927346241584 0.180710234183369 -0.058683215700419
   endloop
endfacet
facet normal 0.299239940849713 -0.391601257723247 -0.870117183343618
   outer loop
      vertex -0.218602829044443 0.167168228140232 -0.084887978696161
      vertex -0.274130488921967 0.164530952693352 -0.102797443735605
      vertex -0.273764527497729 0.167173230247740 -0.103860759064070
   endloop
endfacet
facet normal -0.039243452274021 0.992664086629236 0.114358919941390
   outer loop
      vertex 0.273514218937675 0.180725836156137 0.098483107298421
      vertex 0.274441396604356 0.181073032327753 0.095787528167173
      vertex 0.219279668167580 0.181078033310797 0.076814797796523
   endloop
endfacet
facet normal -0.121480631020521 0.927537687487698 0.353434993424293
   outer loop
      vertex 0.327809609865942 0.179647733249383 0.119974526002844
      vertex 0.328675945386917 0.180720935147757 0.117455838725625
      vertex 0.273514218937675 0.180725836156137 0.098483107298421
   endloop
endfacet
facet normal 0.200544749279940 0.787432883889547 -0.582864698627080
   outer loop
      vertex -0.054744674514806 0.179575823555444 -0.023236353887954
      vertex -0.109171077093552 0.177810682908571 -0.044347357999861
      vertex -0.109906400964050 0.179580724563824 -0.042209085315159
   endloop
endfacet
facet normal -0.195426186549510 0.799211721080194 0.568391793131069
   outer loop
      vertex -0.114230544840267 0.177961244644793 -0.029637475582128
      vertex -0.168645634283771 0.179692152437098 -0.050780453650502
      vertex -0.169392171309265 0.177966147640818 -0.048610207009498
   endloop
endfacet
facet normal -0.039245064273615 0.992664086774542 0.114358365492976
   outer loop
      vertex 0.328675945386917 0.180720935147757 0.117455838725625
      vertex 0.274441396604356 0.181073032327753 0.095787528167173
      vertex 0.273514218937675 0.180725836156137 0.098483107298421
   endloop
endfacet
facet normal -0.195424270419453 0.799215478080476 0.568387169214455
   outer loop
      vertex 0.051254536535915 0.177946438601003 0.027280817637514
      vertex -0.003160552907589 0.179677346393307 0.006137839569142
      vertex -0.003907189913327 0.177951339609381 0.008308086210310
   endloop
endfacet
facet normal 0.045647732796470 0.990136583682551 -0.132460673952644
   outer loop
      vertex 0.329603123074765 0.181068130263033 0.114760359588795
      vertex 0.275366171437721 0.180670717060376 0.093098932531304
      vertex 0.274441396604356 0.181073032327753 0.095787528167173
   endloop
endfacet
facet normal -0.299239501569587 0.391603098443427 0.870116505986350
   outer loop
      vertex 0.050312716820085 0.173043058829373 0.030017873308861
      vertex -0.004483058205060 0.175690237299011 0.009981816553767
      vertex -0.004849009629157 0.173047959837754 0.011045141881656
   endloop
endfacet
facet normal 0.322871777576805 0.120924097382292 -0.938685878191780
   outer loop
      vertex 0.333032373430645 0.172812661886556 0.104787771130842
      vertex 0.277983424747047 0.169967153537148 0.085486487426805
      vertex 0.277870744952949 0.172817665913587 0.085814940765609
   endloop
endfacet
facet normal 0.127440087280858 0.920135861097332 -0.370282353450065
   outer loop
      vertex 0.275366171437721 0.180670717060376 0.093098932531304
      vertex 0.221063761788314 0.179551112476243 0.071627501124126
      vertex 0.220204444967310 0.180675619125097 0.074126101109683
   endloop
endfacet
facet normal -0.299241377590484 0.391603098602409 0.870115860735076
   outer loop
      vertex 0.105474343310251 0.173038154777007 0.048990704730650
      vertex 0.050678668244182 0.175685336290631 0.028954547980971
      vertex 0.050312716820085 0.173043058829373 0.030017873308861
   endloop
endfacet
facet normal 0.200544749280020 0.787432883889370 -0.582864698627292
   outer loop
      vertex 0.221063761788314 0.179551112476243 0.071627501124126
      vertex 0.166637359209570 0.177785971829370 0.050516497012220
      vertex 0.165902035339073 0.179556013484622 0.052654769696922
   endloop
endfacet
facet normal 0.322027200254727 -0.140112300253994 -0.936304985361947
   outer loop
      vertex 0.112498343370866 0.169981959580939 0.028568194207161
      vertex 0.112367331720389 0.167138716027312 0.028948608799677
      vertex 0.057205605271145 0.167143617035693 0.009975877372473
   endloop
endfacet
facet normal 0.322028208055611 -0.140123305900305 -0.936302991750033
   outer loop
      vertex -0.108148364474316 0.170001668620756 -0.047322830439851
      vertex -0.163441202575445 0.167163325144206 -0.065915247268792
      vertex -0.163310090944724 0.170006570685478 -0.066295661861473
   endloop
endfacet
facet normal 0.259983578235766 0.601070625034126 -0.755726566139376
   outer loop
      vertex 0.166637359209570 0.177785971829370 0.050516497012220
      vertex 0.112036857015379 0.175495891522773 0.029911512838211
      vertex 0.111475632760329 0.177790872837750 0.031543765585016
   endloop
endfacet
facet normal 0.322870084518491 0.120924097555157 -0.938686460514635
   outer loop
      vertex 0.112385663576767 0.172832471957378 0.028896647545966
      vertex 0.057336716901867 0.169986862576965 0.009595462779791
      vertex 0.057224037107767 0.172837374953403 0.009923916118595
   endloop
endfacet
facet normal -0.045657937728908 -0.990132143306455 0.132490344982979
   outer loop
      vertex -0.112686122876081 0.159511056739969 -0.034132350428347
      vertex -0.167847849346489 0.159515958804691 -0.053105181849970
      vertex -0.111761446056594 0.159108640566623 -0.036821047115022
   endloop
endfacet
facet normal 0.301710151898135 0.373719581129981 -0.877100141900362
   outer loop
      vertex 0.112036857015379 0.175495891522773 0.029911512838211
      vertex 0.057224037107767 0.172837374953403 0.009923916118595
      vertex 0.056875128578603 0.175500892505817 0.010938782467561
   endloop
endfacet
facet normal 0.299239501569545 -0.391603098443697 -0.870116505986243
   outer loop
      vertex 0.112367331720389 0.167138716027312 0.028948608799677
      vertex 0.056839653847048 0.164501339574436 0.011039202700363
      vertex 0.057205605271145 0.167143617035693 0.009975877372473
   endloop
endfacet
facet normal 0.322871080883943 0.120924097453777 -0.938686117817785
   outer loop
      vertex 0.057224037107767 0.172837374953403 0.009923916118595
      vertex 0.002174990431458 0.169991764641687 -0.009377368641831
      vertex 0.002062310637359 0.172842277018126 -0.009048915303026
   endloop
endfacet
facet normal -0.299237037595745 0.391616128599013 0.870111488920842
   outer loop
      vertex 0.160636071747025 0.173033153793963 0.067963435101300
      vertex 0.105840296721881 0.175680332263600 0.047927378346206
      vertex 0.105474343310251 0.173038154777007 0.048990704730650
   endloop
endfacet
facet normal -0.195430459983351 0.799201505086718 0.568404688208868
   outer loop
      vertex -0.224553899767206 0.177971149680204 -0.067583037374567
      vertex -0.278968999187569 0.179702056217403 -0.088725915448505
      vertex -0.279715576226327 0.177976051682407 -0.086555768801853
   endloop
endfacet
facet normal 0.299243344150273 -0.391575353480861 -0.870127670820840
   outer loop
      vertex -0.053117749655793 0.167153522071104 -0.027969684419964
      vertex -0.108645427550301 0.164516146674569 -0.045879190513697
      vertex -0.108279476105037 0.167158423079484 -0.046942415847169
   endloop
endfacet
facet normal 0.127440087280981 0.920135861097204 -0.370282353450340
   outer loop
      vertex -0.000442264865402 0.180695428139578 -0.001764922480776
      vertex -0.054744674514806 0.179575823555444 -0.023236353887954
      vertex -0.055603991335810 0.180700330204299 -0.020737753902398
   endloop
endfacet
facet normal -0.322869557325227 -0.120924097609201 0.938686641840616
   outer loop
      vertex 0.050294284983463 0.167349300911663 0.030069834562738
      vertex -0.004980121259879 0.170204714296482 0.011425556474339
      vertex -0.004867441465779 0.167354201920043 0.011097103135534
   endloop
endfacet
facet normal 0.256056845014051 -0.616412574282669 -0.744627712610579
   outer loop
      vertex -0.108645427550301 0.164516146674569 -0.045879190513697
      vertex -0.164383022270109 0.162259944316236 -0.063178091603026
      vertex -0.163807155987076 0.164521147657613 -0.064851920884347
   endloop
endfacet
facet normal 0.259984531049544 0.601070624954229 -0.755726238417115
   outer loop
      vertex 0.112036857015379 0.175495891522773 0.029911512838211
      vertex 0.056875128578603 0.175500892505817 0.010938782467561
      vertex 0.111475632760329 0.177790872837750 0.031543765585016
   endloop
endfacet
facet normal 0.195429226702752 -0.799203759447681 -0.568401942497612
   outer loop
      vertex -0.164383022270109 0.162259944316236 -0.063178091603026
      vertex -0.220291287774710 0.160538942615683 -0.079980775321509
      vertex -0.219544650747806 0.162264948343267 -0.082150921968259
   endloop
endfacet
facet normal 0.322027210246443 -0.140123305806604 -0.936303334945851
   outer loop
      vertex 0.277983424747047 0.169967153537148 0.085486487426805
      vertex 0.222690686647327 0.167128810991902 0.066894170592116
      vertex 0.222821798278049 0.169972056533174 0.066513755999434
   endloop
endfacet
facet normal 0.121470060462951 -0.927550953110262 -0.353403811234928
   outer loop
      vertex -0.220291287774710 0.160538942615683 -0.079980775321509
      vertex -0.276319351732461 0.159470741700353 -0.096434818414941
      vertex -0.275452964235948 0.160543844723520 -0.098953516748238
   endloop
endfacet
facet normal 0.200561445371177 0.787398872959994 -0.582904899183353
   outer loop
      vertex 0.000416953962890 0.179570819528413 -0.004263523522720
      vertex -0.054009448615854 0.177805678881540 -0.025374527634627
      vertex -0.054744674514806 0.179575823555444 -0.023236353887954
   endloop
endfacet
facet normal -0.045648136140800 -0.990137089542550 0.132456753618223
   outer loop
      vertex -0.278171212262754 0.159525762610331 -0.091050644704526
      vertex -0.333332907720865 0.159530764988738 -0.110023445071325
      vertex -0.277246497438703 0.159123447206708 -0.093739340334714
   endloop
endfacet
facet normal 0.039255020501102 -0.992659817142548 -0.114392004947811
   outer loop
      vertex -0.166923072525592 0.159113543562649 -0.055793778542392
      vertex -0.222084800983533 0.159118545602035 -0.074766608907460
      vertex -0.165995996826688 0.159460837721284 -0.058489356616920
   endloop
endfacet
facet normal 0.322027205356193 -0.140117913878722 -0.936304143545651
   outer loop
      vertex -0.163310090944724 0.170006570685478 -0.066295661861473
      vertex -0.218602829044443 0.167168228140232 -0.084887978696161
      vertex -0.218471719401254 0.170011573656167 -0.085268392232289
   endloop
endfacet
facet normal 0.259986913691955 0.601056984891907 -0.755736267239823
   outer loop
      vertex 0.332683664861970 0.175476183414260 0.105802637479476
      vertex 0.277521938412728 0.175481084422640 0.086829906052273
      vertex 0.332122340605508 0.177771163797933 0.107434790232028
   endloop
endfacet
facet normal 0.200561445370992 0.787398872960378 -0.582904899182899
   outer loop
      vertex 0.165902035339073 0.179556013484622 0.052654769696922
      vertex 0.111475632760329 0.177790872837750 0.031543765585016
      vertex 0.110740406861376 0.179561017511652 0.033681939331688
   endloop
endfacet
facet normal 0.299238680730150 -0.391612435504247 -0.870112585998681
   outer loop
      vertex 0.112367331720389 0.167138716027312 0.028948608799677
      vertex 0.112001280316047 0.164496436578410 0.030011934127733
      vertex 0.056839653847048 0.164501339574436 0.011039202700363
   endloop
endfacet
facet normal 0.256057317672958 -0.616416274937993 -0.744624486608988
   outer loop
      vertex 0.277486361692229 0.164481630534618 0.086930227347376
      vertex 0.221748766951253 0.162225429232627 0.069631226263629
      vertex 0.222324735223230 0.164486533530644 0.067957495920006
   endloop
endfacet
facet normal 0.195429575621667 -0.799203759483582 -0.568401822480931
   outer loop
      vertex -0.220291287774710 0.160538942615683 -0.079980775321509
      vertex -0.275452964235948 0.160543844723520 -0.098953516748238
      vertex -0.219544650747806 0.162264948343267 -0.082150921968259
   endloop
endfacet
facet normal 0.301714695964697 0.373699613667029 -0.877107086383438
   outer loop
      vertex 0.333032373430645 0.172812661886556 0.104787771130842
      vertex 0.277870744952949 0.172817665913587 0.085814940765609
      vertex 0.332683664861970 0.175476183414260 0.105802637479476
   endloop
endfacet
facet normal 0.322870084518502 0.120924097555043 -0.938686460514646
   outer loop
      vertex 0.277983424747047 0.169967153537148 0.085486487426805
      vertex 0.222821798278049 0.169972056533174 0.066513755999434
      vertex 0.277870744952949 0.172817665913587 0.085814940765609
   endloop
endfacet
facet normal 0.195429960003239 -0.799202677009386 -0.568403212336247
   outer loop
      vertex -0.219544650747806 0.162264948343267 -0.082150921968259
      vertex -0.275452964235948 0.160543844723520 -0.098953516748238
      vertex -0.274706387199307 0.162269849364151 -0.101123673394331
   endloop
endfacet
facet normal 0.045647732796598 0.990136583682502 -0.132460673952963
   outer loop
      vertex -0.111690394604540 0.181107647386025 -0.037021788642928
      vertex -0.165927346241584 0.180710234183369 -0.058683215700419
      vertex -0.166852121074949 0.181112549450746 -0.055994620064551
   endloop
endfacet
facet normal 0.299238633473453 -0.391616128736044 -0.870110940024739
   outer loop
      vertex -0.218602829044443 0.167168228140232 -0.084887978696161
      vertex -0.218968782456073 0.164526050653638 -0.083824652311716
      vertex -0.274130488921967 0.164530952693352 -0.102797443735605
   endloop
endfacet
facet normal 0.322027210246432 -0.140123305806164 -0.936303334945921
   outer loop
      vertex -0.163310090944724 0.170006570685478 -0.066295661861473
      vertex -0.163441202575445 0.167163325144206 -0.065915247268792
      vertex -0.218602829044443 0.167168228140232 -0.084887978696161
   endloop
endfacet
facet normal -0.127449824150810 -0.920123006463681 0.370310944072904
   outer loop
      vertex -0.279030511075242 0.160650369631380 -0.088552043662450
      vertex -0.334192195547598 0.160655272214011 -0.107524845085817
      vertex -0.278171212262754 0.159525762610331 -0.091050644704526
   endloop
endfacet
facet normal 0.322871080883961 0.120924097453725 -0.938686117817785
   outer loop
      vertex -0.108148364474316 0.170001668620756 -0.047322830439851
      vertex -0.163310090944724 0.170006570685478 -0.066295661861473
      vertex -0.108261044268415 0.172852180997195 -0.046994377101046
   endloop
endfacet
facet normal 0.301709863526668 0.373721173004609 -0.877099562819854
   outer loop
      vertex -0.053099417799416 0.172847278001170 -0.028021645673676
      vertex -0.108261044268415 0.172852180997195 -0.046994377101046
      vertex -0.053448224360803 0.175510697566564 -0.027006780381431
   endloop
endfacet
facet normal 0.259992290378692 0.601041850490228 -0.755746454112042
   outer loop
      vertex 0.001713402129361 0.175505793514197 -0.008033948959642
      vertex -0.053448224360803 0.175510697566564 -0.027006780381431
      vertex 0.001152277833388 0.177800777873159 -0.006401796207422
   endloop
endfacet
facet normal 0.299239100449838 -0.391616128775567 -0.870110779409617
   outer loop
      vertex 0.057205605271145 0.167143617035693 0.009975877372473
      vertex 0.001677925389107 0.164506341613821 -0.007933627664705
      vertex 0.002043878800737 0.167148519100414 -0.008996954049148
   endloop
endfacet
facet normal 0.200551328995783 0.787420194836062 -0.582879576930230
   outer loop
      vertex 0.276225388278480 0.179546208423875 0.090600332545915
      vertex 0.221799085679979 0.177781069764648 0.069489328433843
      vertex 0.221063761788314 0.179551112476243 0.071627501124126
   endloop
endfacet
facet normal 0.256054666945135 -0.616429828171115 -0.744614178267206
   outer loop
      vertex 0.167163006786455 0.164491534513688 0.048984765549356
      vertex 0.111425412045481 0.162235333211697 0.031685764465609
      vertex 0.112001280316047 0.164496436578410 0.030011934127733
   endloop
endfacet
facet normal 0.200547027198460 0.787428243849198 -0.582870183377421
   outer loop
      vertex 0.055578680412132 0.179565918520033 0.014709207904484
      vertex 0.056313904302386 0.177795874877136 0.012570935219947
      vertex 0.001152277833388 0.177800777873159 -0.006401796207422
   endloop
endfacet
facet normal 0.200550978579634 0.787420194862859 -0.582879697461568
   outer loop
      vertex 0.221063761788314 0.179551112476243 0.071627501124126
      vertex 0.221799085679979 0.177781069764648 0.069489328433843
      vertex 0.166637359209570 0.177785971829370 0.050516497012220
   endloop
endfacet
facet normal 0.259990952048716 0.601049417687348 -0.755740896306732
   outer loop
      vertex 0.111475632760329 0.177790872837750 0.031543765585016
      vertex 0.056875128578603 0.175500892505817 0.010938782467561
      vertex 0.056313904302386 0.177795874877136 0.012570935219947
   endloop
endfacet
facet normal 0.045646130250894 0.990137280890980 -0.132456014521558
   outer loop
      vertex 0.164118041698582 0.181082936306823 0.057842066369152
      vertex 0.165042816510780 0.180680622095786 0.055153370738866
      vertex 0.109881090040372 0.180685524160508 0.036180539317243
   endloop
endfacet
facet normal -0.200550917504059 -0.787418338798533 0.582882225850161
   outer loop
      vertex -0.279765794974808 0.162420413138033 -0.086413870972233
      vertex -0.334927485431163 0.162425314861966 -0.105386602399496
      vertex -0.279030511075242 0.160650369631380 -0.088552043662450
   endloop
endfacet
facet normal -0.039257663866257 0.992659379706023 0.114394893720909
   outer loop
      vertex 0.218352592447509 0.180730740208504 0.079510275876633
      vertex 0.219279668167580 0.181078033310797 0.076814797796523
      vertex 0.164118041698582 0.181082936306823 0.057842066369152
   endloop
endfacet
facet normal 0.256061999217113 -0.616392336696688 -0.744642692718147
   outer loop
      vertex 0.222324735223230 0.164486533530644 0.067957495920006
      vertex 0.166587140482255 0.162230332228653 0.050658494836259
      vertex 0.167163006786455 0.164491534513688 0.048984765549356
   endloop
endfacet
facet normal -0.121484965130285 0.927533215610425 0.353445239304022
   outer loop
      vertex 0.272647883395534 0.179652635314105 0.101001694581221
      vertex 0.273514218937675 0.180725836156137 0.098483107298421
      vertex 0.218352592447509 0.180730740208504 0.079510275876633
   endloop
endfacet
facet normal -0.195430246977453 0.799203759552685 0.568401591555816
   outer loop
      vertex 0.327062972839037 0.177921727521800 0.122144672649595
      vertex 0.327809609865942 0.179647733249383 0.119974526002844
      vertex 0.272647883395534 0.179652635314105 0.101001694581221
   endloop
endfacet
facet normal -0.322869583902018 -0.120927712142416 0.938686167058479
   outer loop
      vertex 0.326102719299053 0.167324689807124 0.124933690631373
      vertex 0.325990041492486 0.170175102208899 0.125262142913624
      vertex 0.270828313055711 0.170180103191943 0.106289412542973
   endloop
endfacet
facet normal -0.322871263839728 -0.120927470047695 0.938685620415270
   outer loop
      vertex -0.225514151298492 0.167374010934523 -0.064793920454924
      vertex -0.280788527568927 0.170229425971978 -0.083438298537791
      vertex -0.280675817780754 0.167378914191833 -0.083766751876645
   endloop
endfacet
facet normal -0.322026439325661 0.140123305733751 0.936303600102810
   outer loop
      vertex 0.325990041492486 0.170175102208899 0.125262142913624
      vertex 0.270959424686433 0.173023348733215 0.105908997950291
      vertex 0.270828313055711 0.170180103191943 0.106289412542973
   endloop
endfacet
facet normal 0.301710212215858 0.373720729758453 -0.877099631737165
   outer loop
      vertex -0.274094984189989 0.175530505904123 -0.102897833970132
      vertex -0.328907832118957 0.172871889503236 -0.122885501742344
      vertex -0.329256666656390 0.175535408209605 -0.121870605395176
   endloop
endfacet
facet normal 0.045659412874606 0.990132143169652 -0.132489837641298
   outer loop
      vertex -0.111690394604540 0.181107647386025 -0.037021788642928
      vertex -0.110765717785054 0.180705231212679 -0.039710485329602
      vertex -0.165927346241584 0.180710234183369 -0.058683215700419
   endloop
endfacet
facet normal -0.039257581171441 0.992659461929975 0.114394208601048
   outer loop
      vertex -0.112617570304855 0.180760352296086 -0.034326310562652
      vertex -0.111690394604540 0.181107647386025 -0.037021788642928
      vertex -0.166852121074949 0.181112549450746 -0.055994620064551
   endloop
endfacet
facet normal -0.945629282322471 0.000084638762901 -0.325246450019933
   outer loop
      vertex -0.334877263698090 0.177980954205408 -0.105528570225215
      vertex -0.334927485431163 0.162425314861966 -0.105386602399496
      vertex -0.335453157974103 0.175719850850078 -0.103854789884506
   endloop
endfacet
facet normal 0.045646694625602 0.990136962227248 -0.132458202090900
   outer loop
      vertex -0.222013747543946 0.181117452446772 -0.074967351491919
      vertex -0.221089072711992 0.180715136248090 -0.077656047122041
      vertex -0.276250739173089 0.180720038449058 -0.096628778549344
   endloop
endfacet
facet normal -0.121469477171610 0.927549835612712 0.353406944711739
   outer loop
      vertex -0.113483907813363 0.179687250372376 -0.031807622228879
      vertex -0.112617570304855 0.180760352296086 -0.034326310562652
      vertex -0.167779198761385 0.180765355266775 -0.053299040933468
   endloop
endfacet
facet normal -0.039244623194109 0.992663649333968 0.114362313903323
   outer loop
      vertex -0.222940925231793 0.180770257331497 -0.072271872355090
      vertex -0.222013747543946 0.181117452446772 -0.074967351491919
      vertex -0.277175465982697 0.181122453628580 -0.093940081862587
   endloop
endfacet
facet normal -0.195430246977560 0.799203759552470 0.568401591556083
   outer loop
      vertex -0.114230544840267 0.177961244644793 -0.029637475582128
      vertex -0.113483907813363 0.179687250372376 -0.031807622228879
      vertex -0.168645634283771 0.179692152437098 -0.050780453650502
   endloop
endfacet
facet normal -0.195417551513657 0.799228651627718 0.568370955431176
   outer loop
      vertex 0.327062972839037 0.177921727521800 0.122144672649595
      vertex 0.272647883395534 0.179652635314105 0.101001694581221
      vertex 0.271901344382507 0.177926730492489 0.103171942278778
   endloop
endfacet
facet normal -0.121479615428702 0.927539028260104 0.353431823821224
   outer loop
      vertex -0.223807360733013 0.179697053445478 -0.069753185077706
      vertex -0.222940925231793 0.180770257331497 -0.072271872355090
      vertex -0.278102611688939 0.180775159134935 -0.091244603782360
   endloop
endfacet
facet normal 0.299238684527102 -0.391614381322089 -0.870111708934092
   outer loop
      vertex -0.273764527497729 0.167173230247740 -0.103860759064070
      vertex -0.329292179374716 0.164535954854238 -0.121770214104086
      vertex -0.328926214963142 0.167178132453839 -0.122833530489106
   endloop
endfacet
facet normal 0.127439276686768 0.920136301336863 -0.370281538453744
   outer loop
      vertex -0.221089072711992 0.180715136248090 -0.077656047122041
      vertex -0.275391452350392 0.179595531415178 -0.099127398533734
      vertex -0.276250739173089 0.180720038449058 -0.096628778549344
   endloop
endfacet
facet normal -0.256063414346970 0.616392336818877 0.744642205991532
   outer loop
      vertex -0.114230544840267 0.177961244644793 -0.029637475582128
      vertex -0.169392171309265 0.177966147640818 -0.048610207009498
      vertex -0.114806411144467 0.175700042359758 -0.027963746295225
   endloop
endfacet
facet normal -0.945628328769060 0.000084255178735 -0.325249222490232
   outer loop
      vertex -0.328907832118957 0.172871889503236 -0.122885501742344
      vertex -0.328795121326748 0.170021377531700 -0.123213935082317
      vertex -0.328926214963142 0.167178132453839 -0.122833530489106
   endloop
endfacet
facet normal 0.045646736980371 0.990136962223358 -0.132458187524009
   outer loop
      vertex 0.329603123074765 0.181068130263033 0.114760359588795
      vertex 0.330527797906718 0.180665814064351 0.112071663958674
      vertex 0.275366171437721 0.180670717060376 0.093098932531304
   endloop
endfacet
facet normal 0.200561445371171 0.787398872960000 -0.582904899183347
   outer loop
      vertex -0.054744674514806 0.179575823555444 -0.023236353887954
      vertex -0.054009448615854 0.177805678881540 -0.025374527634627
      vertex -0.109171077093552 0.177810682908571 -0.044347357999861
   endloop
endfacet
facet normal -0.945628759908794 0.000084374889610 -0.325247968962504
   outer loop
      vertex -0.331412429630071 0.180725040821212 -0.115601568916709
      vertex -0.330614648699838 0.160548746883614 -0.117926278173837
      vertex -0.331481034205213 0.159475644322736 -0.115407619838310
   endloop
endfacet
facet normal -0.299238208354595 0.391612435448782 0.870112748477234
   outer loop
      vertex 0.326487104547305 0.175660625211429 0.123818402993052
      vertex 0.271325378098063 0.175665526219808 0.104845671565848
      vertex 0.326121053142963 0.173018345762526 0.124881728321108
   endloop
endfacet
facet normal -0.256061316841233 0.616399021084021 0.744637394188738
   outer loop
      vertex 0.326487104547305 0.175660625211429 0.123818402993052
      vertex 0.271901344382507 0.177926730492489 0.103171942278778
      vertex 0.271325378098063 0.175665526219808 0.104845671565848
   endloop
endfacet
facet normal -0.195422591474331 0.799216933337046 0.568385700214902
   outer loop
      vertex -0.224553899767206 0.177971149680204 -0.067583037374567
      vertex -0.223807360733013 0.179697053445478 -0.069753185077706
      vertex -0.278968999187569 0.179702056217403 -0.088725915448505
   endloop
endfacet
facet normal 0.322870225650065 0.120924221266437 -0.938686396034257
   outer loop
      vertex -0.273633435863056 0.170016475391483 -0.104241173656719
      vertex -0.328795121326748 0.170021377531700 -0.123213935082317
      vertex -0.273746145653345 0.172866987277262 -0.103912730317306
   endloop
endfacet
facet normal -0.299237037595671 0.391616128599516 0.870111488920641
   outer loop
      vertex -0.114806411144467 0.175700042359758 -0.027963746295225
      vertex -0.169968139581242 0.175705043342802 -0.046936476665876
      vertex -0.115172364556098 0.173057864873165 -0.026900419910781
   endloop
endfacet
facet normal -0.039257581171440 0.992659461929976 0.114394208601044
   outer loop
      vertex 0.052867511071327 0.180745546252295 0.022591982656990
      vertex 0.053794686771642 0.181092841342234 0.019896504576714
      vertex -0.001367039698766 0.181097743406955 0.000923673155092
   endloop
endfacet
facet normal -0.121480798026932 0.927537687501309 0.353434935986052
   outer loop
      vertex 0.107162802019352 0.179667441357895 0.044083401361579
      vertex 0.108029137540327 0.180740643256269 0.041564714084360
      vertex 0.052867511071327 0.180745546252295 0.022591982656990
   endloop
endfacet
facet normal 0.256058824700236 -0.616409590674555 -0.744629501710456
   outer loop
      vertex -0.218968782456073 0.164526050653638 -0.083824652311716
      vertex -0.219544650747806 0.162264948343267 -0.082150921968259
      vertex -0.274706387199307 0.162269849364151 -0.101123673394331
   endloop
endfacet
facet normal -0.322027464183909 0.140112300269835 0.936304894585293
   outer loop
      vertex 0.326121053142963 0.173018345762526 0.124881728321108
      vertex 0.270959424686433 0.173023348733215 0.105908997950291
      vertex 0.325990041492486 0.170175102208899 0.125262142913624
   endloop
endfacet
facet normal -0.299237509971475 0.391616128639604 0.870111326449323
   outer loop
      vertex 0.326121053142963 0.173018345762526 0.124881728321108
      vertex 0.271325378098063 0.175665526219808 0.104845671565848
      vertex 0.270959424686433 0.173023348733215 0.105908997950291
   endloop
endfacet
facet normal 0.301712887447348 0.373709597443375 -0.877103454745730
   outer loop
      vertex 0.277521938412728 0.175481084422640 0.086829906052273
      vertex 0.222709018503705 0.172822566921967 0.066842209338404
      vertex 0.222360209954785 0.175486086462026 0.067857075687203
   endloop
endfacet
facet normal -0.256058062595471 0.616412574376571 0.744627293839208
   outer loop
      vertex -0.224553899767206 0.177971149680204 -0.067583037374567
      vertex -0.279715576226327 0.177976051682407 -0.086555768801853
      vertex -0.225129766050239 0.175709946338827 -0.065909208093245
   endloop
endfacet
facet normal -0.121468394866971 0.927551176138957 0.353403798354912
   outer loop
      vertex 0.052001073582575 0.179672442340939 0.025110670990928
      vertex 0.052867511071327 0.180745546252295 0.022591982656990
      vertex -0.002294117385203 0.180750549222984 0.003619252286174
   endloop
endfacet
facet normal -0.195422329589301 0.799216933315367 0.568385790286730
   outer loop
      vertex 0.106416262985159 0.177941537592622 0.046253549064718
      vertex 0.107162802019352 0.179667441357895 0.044083401361579
      vertex 0.052001073582575 0.179672442340939 0.025110670990928
   endloop
endfacet
facet normal 0.322026956740747 -0.140123305782495 -0.936303422138827
   outer loop
      vertex 0.002174990431458 0.169991764641687 -0.009377368641831
      vertex 0.002043878800737 0.167148519100414 -0.008996954049148
      vertex -0.053117749655793 0.167153522071104 -0.027969684419964
   endloop
endfacet
facet normal -0.256059196480402 0.616409590706629 0.744629373838219
   outer loop
      vertex 0.161577891462855 0.177936533565591 0.065226379429952
      vertex 0.106416262985159 0.177941537592622 0.046253549064718
      vertex 0.161002023171123 0.175675431255220 0.066900109773409
   endloop
endfacet
facet normal -0.299242378572149 0.391588383231007 0.870122139118991
   outer loop
      vertex -0.225129766050239 0.175709946338827 -0.065909208093245
      vertex -0.280291474512132 0.175714948775741 -0.084882038458347
      vertex -0.225495719483036 0.173067769908575 -0.064845981703220
   endloop
endfacet
facet normal -0.322870084518490 -0.120924097555010 0.938686460514654
   outer loop
      vertex -0.115190796392720 0.167364106955454 -0.026848458656903
      vertex -0.115303476186819 0.170214619331893 -0.026520005318099
      vertex -0.170465102655816 0.170219522327918 -0.045492736745469
   endloop
endfacet
facet normal 0.200552842288611 0.787416203210871 -0.582884448558148
   outer loop
      vertex -0.220229755890988 0.179590629599235 -0.080154647107596
      vertex -0.219494430032958 0.177820487969318 -0.082292920848853
      vertex -0.274656158467617 0.177825488846728 -0.101265641220061
   endloop
endfacet
facet normal -0.039246400390939 0.992663649496536 0.114361702613128
   outer loop
      vertex 0.328675945386917 0.180720935147757 0.117455838725625
      vertex 0.329603123074765 0.181068130263033 0.114760359588795
      vertex 0.274441396604356 0.181073032327753 0.095787528167173
   endloop
endfacet
facet normal 0.127452841471357 0.920121416467781 -0.370313856287070
   outer loop
      vertex -0.165927346241584 0.180710234183369 -0.058683215700419
      vertex -0.165068127413292 0.179585625572204 -0.061181816742363
      vertex -0.220229755890988 0.179590629599235 -0.080154647107596
   endloop
endfacet
facet normal -0.039244620031966 0.992663649333681 0.114362314990934
   outer loop
      vertex -0.057455843855611 0.180755451287706 -0.015353579135448
      vertex -0.056528666167764 0.181102646402981 -0.018049058272278
      vertex -0.111690394604540 0.181107647386025 -0.037021788642928
   endloop
endfacet
facet normal -0.121483715646911 0.927534556498627 0.353442149910726
   outer loop
      vertex -0.003160552907589 0.179677346393307 0.006137839569142
      vertex -0.002294117385203 0.180750549222984 0.003619252286174
      vertex -0.057455843855611 0.180755451287706 -0.015353579135448
   endloop
endfacet
facet normal -0.195432163199773 0.799200002227050 0.568406215683238
   outer loop
      vertex 0.051254536535915 0.177946438601003 0.027280817637514
      vertex 0.052001073582575 0.179672442340939 0.025110670990928
      vertex -0.003160552907589 0.179677346393307 0.006137839569142
   endloop
endfacet
facet normal -0.299239501569521 0.391603098443801 0.870116505986204
   outer loop
      vertex 0.161002023171123 0.175675431255220 0.066900109773409
      vertex 0.105840296721881 0.175680332263600 0.047927378346206
      vertex 0.160636071747025 0.173033153793963 0.067963435101300
   endloop
endfacet
facet normal 0.127452225479490 0.920121416529552 -0.370314068142132
   outer loop
      vertex 0.054719363591128 0.180690425168889 0.017207807890039
      vertex 0.000416953962890 0.179570819528413 -0.004263523522720
      vertex -0.000442264865402 0.180695428139578 -0.001764922480776
   endloop
endfacet
facet normal 0.322026956740747 -0.140123305782545 -0.936303422138820
   outer loop
      vertex 0.002174990431458 0.169991764641687 -0.009377368641831
      vertex -0.053117749655793 0.167153522071104 -0.027969684419964
      vertex -0.052986638025072 0.169996767612376 -0.028350099012647
   endloop
endfacet
facet normal -0.322871163527360 -0.120935339484366 0.938684641094276
   outer loop
      vertex 0.270941092830055 0.167329592803150 0.105960959204003
      vertex 0.270828313055711 0.170180103191943 0.106289412542973
      vertex 0.215666686565546 0.170185007244310 0.087316581121186
   endloop
endfacet
facet normal -0.322869639970736 -0.120935339587147 0.938685165124127
   outer loop
      vertex 0.326102719299053 0.167324689807124 0.124933690631373
      vertex 0.270828313055711 0.170180103191943 0.106289412542973
      vertex 0.270941092830055 0.167329592803150 0.105960959204003
   endloop
endfacet
facet normal -0.322026744572440 0.140123305762556 0.936303495113764
   outer loop
      vertex -0.225495719483036 0.173067769908575 -0.064845981703220
      vertex -0.280657435934255 0.173072671115720 -0.083818713130440
      vertex -0.225626831113757 0.170224524367304 -0.064465567110537
   endloop
endfacet
facet normal 0.259988096704261 0.601054798357444 -0.755737599265505
   outer loop
      vertex -0.274656158467617 0.177825488846728 -0.101265641220061
      vertex -0.329256666656390 0.175535408209605 -0.121870605395176
      vertex -0.329817849932241 0.177830390973320 -0.120238412645091
   endloop
endfacet
facet normal 0.200547414770592 0.787427685243022 -0.582870804674284
   outer loop
      vertex -0.275391452350392 0.179595531415178 -0.099127398533734
      vertex -0.274656158467617 0.177825488846728 -0.101265641220061
      vertex -0.329817849932241 0.177830390973320 -0.120238412645091
   endloop
endfacet
facet normal -0.301710072009871 -0.373719581135132 0.877100169378606
   outer loop
      vertex -0.114841887863555 0.164700589403041 -0.027863325005869
      vertex -0.115190796392720 0.167364106955454 -0.026848458656903
      vertex -0.170352422861717 0.167369009951480 -0.045821190084274
   endloop
endfacet
facet normal 0.195429785938360 -0.799203848951914 -0.568401624371829
   outer loop
      vertex -0.274706387199307 0.162269849364151 -0.101123673394331
      vertex -0.330614648699838 0.160548746883614 -0.117926278173837
      vertex -0.329868071665313 0.162274751629878 -0.120096444819372
   endloop
endfacet
facet normal 0.039257576725869 -0.992659437260307 -0.114394424198313
   outer loop
      vertex -0.277246497438703 0.159123447206708 -0.093739340334714
      vertex -0.332408179907221 0.159128349617823 -0.112712121759200
      vertex -0.276319351732461 0.159470741700353 -0.096434818414941
   endloop
endfacet
facet normal 0.127439665393072 0.920135861133094 -0.370282498562060
   outer loop
      vertex -0.221089072711992 0.180715136248090 -0.077656047122041
      vertex -0.220229755890988 0.179590629599235 -0.080154647107596
      vertex -0.275391452350392 0.179595531415178 -0.099127398533734
   endloop
endfacet
facet normal 0.256058041405938 -0.616412574375019 -0.744627301127025
   outer loop
      vertex 0.001677925389107 0.164506341613821 -0.007933627664705
      vertex 0.001102059106073 0.162245138272444 -0.006259798383383
      vertex -0.054059669351868 0.162250140311830 -0.025232628748451
   endloop
endfacet
facet normal 0.256056696978455 -0.616419691068497 -0.744621872090460
   outer loop
      vertex -0.274130488921967 0.164530952693352 -0.102797443735605
      vertex -0.274706387199307 0.162269849364151 -0.101123673394331
      vertex -0.329868071665313 0.162274751629878 -0.120096444819372
   endloop
endfacet
facet normal 0.121483325659440 -0.927534556460079 -0.353442284056572
   outer loop
      vertex -0.165995996826688 0.159460837721284 -0.058489356616920
      vertex -0.221157623295685 0.159465740717309 -0.077462088044290
      vertex -0.165129561304302 0.160534040550961 -0.061007943899887
   endloop
endfacet
facet normal 0.322869112778574 0.120935339622641 -0.938685346452118
   outer loop
      vertex 0.222821798278049 0.169972056533174 0.066513755999434
      vertex 0.167660071828807 0.169976957541554 0.047541024572230
      vertex 0.222709018503705 0.172822566921967 0.066842209338404
   endloop
endfacet
facet normal 0.045647732796597 0.990136583682502 -0.132460673952963
   outer loop
      vertex -0.166852121074949 0.181112549450746 -0.055994620064551
      vertex -0.165927346241584 0.180710234183369 -0.058683215700419
      vertex -0.221089072711992 0.180715136248090 -0.077656047122041
   endloop
endfacet
facet normal 0.299238169196359 -0.391616128696095 -0.870111099711465
   outer loop
      vertex 0.002043878800737 0.167148519100414 -0.008996954049148
      vertex 0.001677925389107 0.164506341613821 -0.007933627664705
      vertex -0.053483701079891 0.164511244609847 -0.026906359092075
   endloop
endfacet
facet normal -0.121479548627599 0.927539028253829 0.353431846798188
   outer loop
      vertex -0.058322279356831 0.179682247401687 -0.012834891858063
      vertex -0.057455843855611 0.180755451287706 -0.015353579135448
      vertex -0.112617570304855 0.180760352296086 -0.034326310562652
   endloop
endfacet
facet normal 0.322869282294299 0.120935339611247 -0.938685288147139
   outer loop
      vertex 0.002062310637359 0.172842277018126 -0.009048915303026
      vertex -0.052986638025072 0.169996767612376 -0.028350099012647
      vertex -0.053099417799416 0.172847278001170 -0.028021645673676
   endloop
endfacet
facet normal -0.299238913604073 0.391616128759651 0.870110843674735
   outer loop
      vertex 0.105840296721881 0.175680332263600 0.047927378346206
      vertex 0.050678668244182 0.175685336290631 0.028954547980971
      vertex 0.105474343310251 0.173038154777007 0.048990704730650
   endloop
endfacet
facet normal 0.200553956328577 0.787411563066834 -0.582890333553063
   outer loop
      vertex 0.331387114727722 0.179541307415495 0.109573063973118
      vertex 0.332122340605508 0.177771163797933 0.107434790232028
      vertex 0.276960714136511 0.177776066793959 0.088462058804658
   endloop
endfacet
facet normal -0.322026439325670 0.140123305733652 0.936303600102822
   outer loop
      vertex 0.160636071747025 0.173033153793963 0.067963435101300
      vertex 0.105474343310251 0.173038154777007 0.048990704730650
      vertex 0.160504960116304 0.170189908252691 0.068343849693982
   endloop
endfacet
facet normal 0.127440087281017 0.920135861097150 -0.370282353450464
   outer loop
      vertex -0.165927346241584 0.180710234183369 -0.058683215700419
      vertex -0.220229755890988 0.179590629599235 -0.080154647107596
      vertex -0.221089072711992 0.180715136248090 -0.077656047122041
   endloop
endfacet
facet normal -0.322870841815764 -0.120891608520640 0.938690384788548
   outer loop
      vertex 0.215779366380811 0.167334493811530 0.086988227776800
      vertex 0.215666686565546 0.170185007244310 0.087316581121186
      vertex 0.160504960116304 0.170189908252691 0.068343849693982
   endloop
endfacet
facet normal 0.127439471347219 0.920135861149445 -0.370282565305891
   outer loop
      vertex 0.109881090040372 0.180685524160508 0.036180539317243
      vertex 0.110740406861376 0.179561017511652 0.033681939331688
      vertex 0.055578680412132 0.179565918520033 0.014709207904484
   endloop
endfacet
facet normal -0.259990614362364 -0.601041850661434 0.755747030557818
   outer loop
      vertex 0.327012752124190 0.162366187895747 0.122286671530188
      vertex 0.326451627828217 0.164661172254711 0.123918824282408
      vertex 0.271289901378975 0.164666073263091 0.104946092855204
   endloop
endfacet
facet normal -0.301710878461846 -0.373709597632725 0.877104145728982
   outer loop
      vertex 0.326451627828217 0.164661172254711 0.123918824282408
      vertex 0.270941092830055 0.167329592803150 0.105960959204003
      vertex 0.271289901378975 0.164666073263091 0.104946092855204
   endloop
endfacet
facet normal -0.259991088281743 -0.601040561379829 0.755747892878501
   outer loop
      vertex -0.279765794974808 0.162420413138033 -0.086413870972233
      vertex -0.335488670692429 0.164720397494711 -0.103754398593415
      vertex -0.334927485431163 0.162425314861966 -0.105386602399496
   endloop
endfacet
facet normal -0.322870999973795 -0.120891608506737 0.938690330390473
   outer loop
      vertex -0.225514151298492 0.167374010934523 -0.064793920454924
      vertex -0.225626831113757 0.170224524367304 -0.064465567110537
      vertex -0.280788527568927 0.170229425971978 -0.083438298537791
   endloop
endfacet
facet normal 0.200546882960760 0.787428768528541 -0.582869524189032
   outer loop
      vertex -0.275391452350392 0.179595531415178 -0.099127398533734
      vertex -0.329817849932241 0.177830390973320 -0.120238412645091
      vertex -0.330553139813689 0.179600433515642 -0.118100159959328
   endloop
endfacet
facet normal -0.121484798117672 0.927533215596161 0.353445296746406
   outer loop
      vertex 0.327809609865942 0.179647733249383 0.119974526002844
      vertex 0.273514218937675 0.180725836156137 0.098483107298421
      vertex 0.272647883395534 0.179652635314105 0.101001694581221
   endloop
endfacet
facet normal 0.127439411865871 0.920136301324694 -0.370281491959554
   outer loop
      vertex -0.276250739173089 0.180720038449058 -0.096628778549344
      vertex -0.275391452350392 0.179595531415178 -0.099127398533734
      vertex -0.330553139813689 0.179600433515642 -0.118100159959328
   endloop
endfacet
facet normal -0.259991567133198 -0.601041850564145 0.755746702864162
   outer loop
      vertex -0.114280763567582 0.162405605044077 -0.029495477758089
      vertex -0.114841887863555 0.164700589403041 -0.027863325005869
      vertex -0.170003616300330 0.164705590386085 -0.046836055376519
   endloop
endfacet
facet normal -0.039245315222285 0.992664004646276 0.114358992268736
   outer loop
      vertex -0.167779198761385 0.180765355266775 -0.053299040933468
      vertex -0.166852121074949 0.181112549450746 -0.055994620064551
      vertex -0.222013747543946 0.181117452446772 -0.074967351491919
   endloop
endfacet
facet normal -0.322871777576788 -0.120924097382737 0.938685878191728
   outer loop
      vertex -0.004867441465779 0.167354201920043 0.011097103135534
      vertex -0.004980121259879 0.170204714296482 0.011425556474339
      vertex -0.060141749737575 0.170209718323513 -0.007547273890895
   endloop
endfacet
facet normal -0.301709570968756 -0.373719581165518 0.877100341716567
   outer loop
      vertex 0.050643193512627 0.164685783359249 0.029054968213774
      vertex 0.050294284983463 0.167349300911663 0.030069834562738
      vertex -0.004867441465779 0.167354201920043 0.011097103135534
   endloop
endfacet
facet normal -0.259989204773689 -0.601049417818402 0.755741497300038
   outer loop
      vertex 0.106366044257844 0.162385897991906 0.046395546888757
      vertex 0.105804819981626 0.164680880363225 0.048027699641143
      vertex 0.050643193512627 0.164685783359249 0.029054968213774
   endloop
endfacet
facet normal -0.127440989707330 -0.920133874139560 0.370286980331932
   outer loop
      vertex 0.217424723055280 0.160605951301242 0.082202835996493
      vertex 0.162262996606038 0.160610852309622 0.063230104569289
      vertex 0.218283939896040 0.159481442664741 0.079704236011103
   endloop
endfacet
facet normal -0.045649102070775 -0.990136583564467 0.132460202957027
   outer loop
      vertex 0.273445668332816 0.159476441681697 0.098676966381753
      vertex 0.218283939896040 0.159481442664741 0.079704236011103
      vertex 0.274370443166180 0.159074126414319 0.095988370745885
   endloop
endfacet
facet normal 0.195424548483901 -0.799216933498379 -0.568385027124494
   outer loop
      vertex 0.000355520071880 0.160519234507170 -0.004089650680244
      vertex -0.054806206398528 0.160524136571892 -0.023062482101866
      vertex 0.001102059106073 0.162245138272444 -0.006259798383383
   endloop
endfacet
facet normal -0.045658576299652 -0.990131764603604 0.132492955032497
   outer loop
      vertex -0.167847849346489 0.159515958804691 -0.053105181849970
      vertex -0.223009575795731 0.159520859813070 -0.072077913277175
      vertex -0.166923072525592 0.159113543562649 -0.055793778542392
   endloop
endfacet
facet normal 0.259992290378783 0.601041850489897 -0.755746454112274
   outer loop
      vertex -0.108609952797579 0.175515698549607 -0.045979510752081
      vertex -0.163771579287743 0.175520602601974 -0.064952342173870
      vertex -0.109171077093552 0.177810682908571 -0.044347357999861
   endloop
endfacet
facet normal 0.039246263648764 -0.992663649484148 -0.114361749647448
   outer loop
      vertex 0.329532069635178 0.159069223418293 0.114961102173255
      vertex 0.274370443166180 0.159074126414319 0.095988370745885
      vertex 0.330459247323025 0.159416418533569 0.112265623036425
   endloop
endfacet
facet normal -0.045647607028573 -0.990136583693231 0.132460717214058
   outer loop
      vertex 0.329532069635178 0.159069223418293 0.114961102173255
      vertex 0.273445668332816 0.159476441681697 0.098676966381753
      vertex 0.274370443166180 0.159074126414319 0.095988370745885
   endloop
endfacet
facet normal -0.127442494120955 -0.920133873990365 0.370286462927979
   outer loop
      vertex -0.223868792636490 0.160645368449571 -0.069579313291784
      vertex -0.279030511075242 0.160650369631380 -0.088552043662450
      vertex -0.223009575795731 0.159520859813070 -0.072077913277175
   endloop
endfacet
facet normal -0.121481705190751 0.927536989585454 0.353436455752235
   outer loop
      vertex -0.278968999187569 0.179702056217403 -0.088725915448505
      vertex -0.333264303143607 0.180780161381579 -0.110217384150281
      vertex -0.334130686661449 0.179706958846037 -0.107698726871308
   endloop
endfacet
facet normal 0.259985428567658 0.601063058275907 -0.755731947788702
   outer loop
      vertex 0.222360209954785 0.175486086462026 0.067857075687203
      vertex 0.167198483505543 0.175490987470405 0.048884344259999
      vertex 0.221799085679979 0.177781069764648 0.069489328433843
   endloop
endfacet
facet normal 0.322027599477447 -0.140118101923055 -0.936303979852843
   outer loop
      vertex -0.273633435863056 0.170016475391483 -0.104241173656719
      vertex -0.328926214963142 0.167178132453839 -0.122833530489106
      vertex -0.328795121326748 0.170021377531700 -0.123213935082317
   endloop
endfacet
facet normal 0.127440087281130 0.920135861097028 -0.370282353450726
   outer loop
      vertex 0.165042816510780 0.180680622095786 0.055153370738866
      vertex 0.110740406861376 0.179561017511652 0.033681939331688
      vertex 0.109881090040372 0.180685524160508 0.036180539317243
   endloop
endfacet
facet normal 0.039257444394753 -0.992659461917593 -0.114394255647159
   outer loop
      vertex -0.111761446056594 0.159108640566623 -0.036821047115022
      vertex -0.166923072525592 0.159113543562649 -0.055793778542392
      vertex -0.110834270356280 0.159455935656563 -0.039516525195298
   endloop
endfacet
facet normal -0.299239973949642 0.391603098483785 0.870116343513048
   outer loop
      vertex -0.169968139581242 0.175705043342802 -0.046936476665876
      vertex -0.225129766050239 0.175709946338827 -0.065909208093245
      vertex -0.170334091005339 0.173062765881544 -0.045873151337985
   endloop
endfacet
facet normal -0.322870841815770 -0.120891608520751 0.938690384788532
   outer loop
      vertex -0.060029069922309 0.167359204890733 -0.007875627235281
      vertex -0.060141749737575 0.170209718323513 -0.007547273890895
      vertex -0.115303476186819 0.170214619331893 -0.026520005318099
   endloop
endfacet
facet normal -0.301709136901226 -0.373731156750126 0.877095558753167
   outer loop
      vertex -0.004518534924147 0.164690784342293 0.010082237843123
      vertex -0.004867441465779 0.167354201920043 0.011097103135534
      vertex -0.060029069922309 0.167359204890733 -0.007875627235281
   endloop
endfacet
facet normal -0.259991567133161 -0.601041850564314 0.755746702864040
   outer loop
      vertex 0.051204317808600 0.162390799000286 0.027422815461554
      vertex 0.050643193512627 0.164685783359249 0.029054968213774
      vertex -0.004518534924147 0.164690784342293 0.010082237843123
   endloop
endfacet
facet normal -0.200546676784742 -0.787428243885461 0.582870303894490
   outer loop
      vertex 0.106366044257844 0.162385897991906 0.046395546888757
      vertex 0.051204317808600 0.162390799000286 0.027422815461554
      vertex 0.107101268148097 0.160615854349008 0.044257274204221
   endloop
endfacet
facet normal -0.045657079318655 -0.990132462125911 0.132488258168681
   outer loop
      vertex 0.218283939896040 0.159481442664741 0.079704236011103
      vertex 0.163122313427042 0.159486345660766 0.060731504583734
      vertex 0.219208716695770 0.159079028479041 0.077015539324263
   endloop
endfacet
facet normal 0.301709863526681 0.373721173004586 -0.877099562819859
   outer loop
      vertex 0.112385663576767 0.172832471957378 0.028896647545966
      vertex 0.057224037107767 0.172837374953403 0.009923916118595
      vertex 0.112036857015379 0.175495891522773 0.029911512838211
   endloop
endfacet
facet normal -0.322026692831003 0.140123305757289 0.936303512910197
   outer loop
      vertex -0.115172364556098 0.173057864873165 -0.026900419910781
      vertex -0.170334091005339 0.173062765881544 -0.045873151337985
      vertex -0.115303476186819 0.170214619331893 -0.026520005318099
   endloop
endfacet
facet normal 0.039245451963571 -0.992664004657890 -0.114358945241446
   outer loop
      vertex 0.274370443166180 0.159074126414319 0.095988370745885
      vertex 0.219208716695770 0.159079028479041 0.077015539324263
      vertex 0.275297520852617 0.159421320598290 0.093292791614803
   endloop
endfacet
facet normal -0.039245315222282 0.992664004646278 0.114358992268723
   outer loop
      vertex -0.002294117385203 0.180750549222984 0.003619252286174
      vertex -0.001367039698766 0.181097743406955 0.000923673155092
      vertex -0.056528666167764 0.181102646402981 -0.018049058272278
   endloop
endfacet
facet normal 0.127439471347178 0.920135861149499 -0.370282565305772
   outer loop
      vertex -0.055603991335810 0.180700330204299 -0.020737753902398
      vertex -0.109906400964050 0.179580724563824 -0.042209085315159
      vertex -0.110765717785054 0.180705231212679 -0.039710485329602
   endloop
endfacet
facet normal 0.121481188012108 -0.927537687533101 -0.353434801858722
   outer loop
      vertex 0.330459247323025 0.159416418533569 0.112265623036425
      vertex 0.275297520852617 0.159421320598290 0.093292791614803
      vertex 0.331325582844000 0.160489620431942 0.109746935759206
   endloop
endfacet
facet normal 0.127439471347217 0.920135861149443 -0.370282565305897
   outer loop
      vertex 0.330527797906718 0.180665814064351 0.112071663958674
      vertex 0.331387114727722 0.179541307415495 0.109573063973118
      vertex 0.276225388278480 0.179546208423875 0.090600332545915
   endloop
endfacet
facet normal 0.039245451963587 -0.992664004657890 -0.114358945241441
   outer loop
      vertex 0.330459247323025 0.159416418533569 0.112265623036425
      vertex 0.274370443166180 0.159074126414319 0.095988370745885
      vertex 0.275297520852617 0.159421320598290 0.093292791614803
   endloop
endfacet
facet normal 0.039246263648650 -0.992663649484190 -0.114361749647115
   outer loop
      vertex -0.165995996826688 0.159460837721284 -0.058489356616920
      vertex -0.222084800983533 0.159118545602035 -0.074766608907460
      vertex -0.221157623295685 0.159465740717309 -0.077462088044290
   endloop
endfacet
facet normal 0.127439471347223 0.920135861149441 -0.370282565305899
   outer loop
      vertex 0.109881090040372 0.180685524160508 0.036180539317243
      vertex 0.055578680412132 0.179565918520033 0.014709207904484
      vertex 0.054719363591128 0.180690425168889 0.017207807890039
   endloop
endfacet
facet normal -0.045645993898751 -0.990137280902890 0.132456061421241
   outer loop
      vertex -0.223009575795731 0.159520859813070 -0.072077913277175
      vertex -0.278171212262754 0.159525762610331 -0.091050644704526
      vertex -0.222084800983533 0.159118545602035 -0.074766608907460
   endloop
endfacet
facet normal -0.195430556401379 0.799202677062799 0.568403007205542
   outer loop
      vertex -0.279715576226327 0.177976051682407 -0.086555768801853
      vertex -0.334130686661449 0.179706958846037 -0.107698726871308
      vertex -0.334877263698090 0.177980954205408 -0.105528570225215
   endloop
endfacet
facet normal -0.256059105792662 0.616411596036758 0.744627744992140
   outer loop
      vertex -0.279715576226327 0.177976051682407 -0.086555768801853
      vertex -0.334877263698090 0.177980954205408 -0.105528570225215
      vertex -0.280291474512132 0.175714948775741 -0.084882038458347
   endloop
endfacet
facet normal 0.195424548483970 -0.799216933498220 -0.568385027124693
   outer loop
      vertex -0.165129561304302 0.160534040550961 -0.061007943899887
      vertex -0.220291287774710 0.160538942615683 -0.079980775321509
      vertex -0.164383022270109 0.162259944316236 -0.063178091603026
   endloop
endfacet
facet normal 0.259988302902417 0.601054117321004 -0.755738069972255
   outer loop
      vertex -0.274094984189989 0.175530505904123 -0.102897833970132
      vertex -0.329256666656390 0.175535408209605 -0.121870605395176
      vertex -0.274656158467617 0.177825488846728 -0.101265641220061
   endloop
endfacet
facet normal 0.121471380354154 -0.927549835769184 -0.353406290152589
   outer loop
      vertex -0.110834270356280 0.159455935656563 -0.039516525195298
      vertex -0.165995996826688 0.159460837721284 -0.058489356616920
      vertex -0.109967932847772 0.160529037580272 -0.042035213529071
   endloop
endfacet
facet normal -0.322028979415627 0.140112300360611 0.936304373430023
   outer loop
      vertex -0.170334091005339 0.173062765881544 -0.045873151337985
      vertex -0.225495719483036 0.173067769908575 -0.064845981703220
      vertex -0.170465102655816 0.170219522327918 -0.045492736745469
   endloop
endfacet
facet normal -0.301708579852157 -0.373738052099250 0.877092812224940
   outer loop
      vertex -0.059680261394556 0.164695686407016 -0.008890593578498
      vertex -0.060029069922309 0.167359204890733 -0.007875627235281
      vertex -0.115190796392720 0.167364106955454 -0.026848458656903
   endloop
endfacet
facet normal -0.259988813460510 -0.601054267193859 0.755737775133312
   outer loop
      vertex -0.003957308681564 0.162395703052653 0.008449984039765
      vertex -0.004518534924147 0.164690784342293 0.010082237843123
      vertex -0.059680261394556 0.164695686407016 -0.008890593578498
   endloop
endfacet
facet normal -0.200546057917735 -0.787432883780173 0.582864248513577
   outer loop
      vertex 0.051204317808600 0.162390799000286 0.027422815461554
      vertex -0.003957308681564 0.162395703052653 0.008449984039765
      vertex 0.051939641679098 0.160620757345032 0.025284542776851
   endloop
endfacet
facet normal -0.045646862747631 -0.990136962211797 0.132458144269402
   outer loop
      vertex 0.163122313427042 0.159486345660766 0.060731504583734
      vertex 0.107960586956634 0.159491247725488 0.041758673162111
      vertex 0.164046988258996 0.159084029462084 0.058042808953613
   endloop
endfacet
facet normal -0.256056162690836 0.616419258236424 0.744622414129001
   outer loop
      vertex 0.106416262985159 0.177941537592622 0.046253549064718
      vertex 0.051254536535915 0.177946438601003 0.027280817637514
      vertex 0.105840296721881 0.175680332263600 0.047927378346206
   endloop
endfacet
facet normal 0.039256020218186 -0.992659379562543 -0.114395459014491
   outer loop
      vertex 0.219208716695770 0.159079028479041 0.077015539324263
      vertex 0.164046988258996 0.159084029462084 0.058042808953613
      vertex 0.220135792415840 0.159426321581334 0.074320061244153
   endloop
endfacet
facet normal 0.301712807579259 0.373709597450938 -0.877103482216152
   outer loop
      vertex 0.222709018503705 0.172822566921967 0.066842209338404
      vertex 0.167547392013541 0.172827470974334 0.047869377916616
      vertex 0.222360209954785 0.175486086462026 0.067857075687203
   endloop
endfacet
facet normal 0.121481645470945 -0.927534556292471 -0.353442861997524
   outer loop
      vertex 0.275297520852617 0.159421320598290 0.093292791614803
      vertex 0.220135792415840 0.159426321581334 0.074320061244153
      vertex 0.276163956375003 0.160494523427968 0.090774204331835
   endloop
endfacet
facet normal -0.322029693921897 0.140091076654406 0.936307303439623
   outer loop
      vertex 0.215797798217433 0.173028251729241 0.086936266522922
      vertex 0.160636071747025 0.173033153793963 0.067963435101300
      vertex 0.215666686565546 0.170185007244310 0.087316581121186
   endloop
endfacet
facet normal 0.322870084518471 0.120924097555393 -0.938686460514611
   outer loop
      vertex 0.112498343370866 0.169981959580939 0.028568194207161
      vertex 0.057336716901867 0.169986862576965 0.009595462779791
      vertex 0.112385663576767 0.172832471957378 0.028896647545966
   endloop
endfacet
facet normal 0.195422306663706 -0.799220690560229 -0.568380515006160
   outer loop
      vertex 0.331325582844000 0.160489620431942 0.109746935759206
      vertex 0.276163956375003 0.160494523427968 0.090774204331835
      vertex 0.332072221858438 0.162215526184862 0.107576788055901
   endloop
endfacet
facet normal 0.121483325659405 -0.927534556460130 -0.353442284056452
   outer loop
      vertex 0.331325582844000 0.160489620431942 0.109746935759206
      vertex 0.275297520852617 0.159421320598290 0.093292791614803
      vertex 0.276163956375003 0.160494523427968 0.090774204331835
   endloop
endfacet
facet normal -0.301710072009903 -0.373719581134735 0.877100169378764
   outer loop
      vertex 0.326451627828217 0.164661172254711 0.123918824282408
      vertex 0.326102719299053 0.167324689807124 0.124933690631373
      vertex 0.270941092830055 0.167329592803150 0.105960959204003
   endloop
endfacet
facet normal 0.200544749280021 0.787432883889369 -0.582864698627293
   outer loop
      vertex 0.055578680412132 0.179565918520033 0.014709207904484
      vertex 0.001152277833388 0.177800777873159 -0.006401796207422
      vertex 0.000416953962890 0.179570819528413 -0.004263523522720
   endloop
endfacet
facet normal 0.039246241511889 -0.992663649482183 -0.114361757261350
   outer loop
      vertex -0.222084800983533 0.159118545602035 -0.074766608907460
      vertex -0.277246497438703 0.159123447206708 -0.093739340334714
      vertex -0.221157623295685 0.159465740717309 -0.077462088044290
   endloop
endfacet
facet normal -0.299239856099797 0.391604032192950 0.870115963818384
   outer loop
      vertex -0.280291474512132 0.175714948775741 -0.084882038458347
      vertex -0.335453157974103 0.175719850850078 -0.103854789884506
      vertex -0.280657435934255 0.173072671115720 -0.083818713130440
   endloop
endfacet
facet normal 0.299237696819666 -0.391616128655730 -0.870111262183613
   outer loop
      vertex 0.222690686647327 0.167128810991902 0.066894170592116
      vertex 0.167163006786455 0.164491534513688 0.048984765549356
      vertex 0.167528960198086 0.167133712000281 0.047921439164912
   endloop
endfacet
facet normal -0.121468919317978 0.927550505879411 0.353405377268897
   outer loop
      vertex -0.223807360733013 0.179697053445478 -0.069753185077706
      vertex -0.278102611688939 0.180775159134935 -0.091244603782360
      vertex -0.278968999187569 0.179702056217403 -0.088725915448505
   endloop
endfacet
facet normal -0.259989254207812 -0.601054267156898 0.755737623536734
   outer loop
      vertex -0.114280763567582 0.162405605044077 -0.029495477758089
      vertex -0.170003616300330 0.164705590386085 -0.046836055376519
      vertex -0.169442390057746 0.162410509096445 -0.048468309179878
   endloop
endfacet
facet normal -0.299239419486747 0.391604032154391 0.870116113990344
   outer loop
      vertex -0.225495719483036 0.173067769908575 -0.064845981703220
      vertex -0.280291474512132 0.175714948775741 -0.084882038458347
      vertex -0.280657435934255 0.173072671115720 -0.083818713130440
   endloop
endfacet
facet normal 0.256057317672956 -0.616416274938001 -0.744624486608982
   outer loop
      vertex 0.001677925389107 0.164506341613821 -0.007933627664705
      vertex -0.054059669351868 0.162250140311830 -0.025232628748451
      vertex -0.053483701079891 0.164511244609847 -0.026906359092075
   endloop
endfacet
facet normal -0.039257832288334 0.992659379720556 0.114394835796127
   outer loop
      vertex 0.273514218937675 0.180725836156137 0.098483107298421
      vertex 0.219279668167580 0.181078033310797 0.076814797796523
      vertex 0.218352592447509 0.180730740208504 0.079510275876633
   endloop
endfacet
facet normal -0.301709943418151 -0.373721172997043 0.877099535341532
   outer loop
      vertex -0.114841887863555 0.164700589403041 -0.027863325005869
      vertex -0.170352422861717 0.167369009951480 -0.045821190084274
      vertex -0.170003616300330 0.164705590386085 -0.046836055376519
   endloop
endfacet
facet normal 0.259983578235741 0.601070625034209 -0.755726566139318
   outer loop
      vertex -0.109171077093552 0.177810682908571 -0.044347357999861
      vertex -0.163771579287743 0.175520602601974 -0.064952342173870
      vertex -0.164332803542794 0.177815583916951 -0.063320089427066
   endloop
endfacet
facet normal 0.322869112778567 0.120935339622655 -0.938685346452119
   outer loop
      vertex -0.052986638025072 0.169996767612376 -0.028350099012647
      vertex -0.108148364474316 0.170001668620756 -0.047322830439851
      vertex -0.053099417799416 0.172847278001170 -0.028021645673676
   endloop
endfacet
facet normal -0.127440989707292 -0.920133874139591 0.370286980331868
   outer loop
      vertex -0.167847849346489 0.159515958804691 -0.053105181849970
      vertex -0.223868792636490 0.160645368449571 -0.069579313291784
      vertex -0.223009575795731 0.159520859813070 -0.072077913277175
   endloop
endfacet
facet normal 0.322871080883957 0.120924097453770 -0.938686117817781
   outer loop
      vertex -0.108261044268415 0.172852180997195 -0.046994377101046
      vertex -0.163310090944724 0.170006570685478 -0.066295661861473
      vertex -0.163422770738823 0.172857083061917 -0.065967208522669
   endloop
endfacet
facet normal -0.256058260170631 0.616412574391712 0.744627225885659
   outer loop
      vertex -0.169968139581242 0.175705043342802 -0.046936476665876
      vertex -0.224553899767206 0.177971149680204 -0.067583037374567
      vertex -0.225129766050239 0.175709946338827 -0.065909208093245
   endloop
endfacet
facet normal -0.200551947897310 -0.787415554582534 0.582885632518142
   outer loop
      vertex 0.051939641679098 0.160620757345032 0.025284542776851
      vertex -0.003957308681564 0.162395703052653 0.008449984039765
      vertex -0.003222084770144 0.160625658353413 0.006311811349648
   endloop
endfacet
facet normal -0.322871011260628 -0.120891608505721 0.938690326508396
   outer loop
      vertex -0.170352422861717 0.167369009951480 -0.045821190084274
      vertex -0.225626831113757 0.170224524367304 -0.064465567110537
      vertex -0.225514151298492 0.167374010934523 -0.064793920454924
   endloop
endfacet
facet normal -0.945628945150931 0.000084628727660 -0.325247430321464
   outer loop
      vertex -0.330553139813689 0.179600433515642 -0.118100159959328
      vertex -0.329817849932241 0.177830390973320 -0.120238412645091
      vertex -0.329868071665313 0.162274751629878 -0.120096444819372
   endloop
endfacet
facet normal -0.945629249054847 0.000084514907903 -0.325246546775206
   outer loop
      vertex -0.330553139813689 0.179600433515642 -0.118100159959328
      vertex -0.329868071665313 0.162274751629878 -0.120096444819372
      vertex -0.330614648699838 0.160548746883614 -0.117926278173837
   endloop
endfacet
facet normal -0.195431872200894 0.799200002202992 0.568406315769619
   outer loop
      vertex 0.271901344382507 0.177926730492489 0.103171942278778
      vertex 0.217486154958757 0.179657636297149 0.082028964210572
      vertex 0.216739617912097 0.177931632557211 0.084199110857157
   endloop
endfacet
facet normal -0.322870084518493 -0.120924097555390 0.938686460514604
   outer loop
      vertex -0.115190796392720 0.167364106955454 -0.026848458656903
      vertex -0.170465102655816 0.170219522327918 -0.045492736745469
      vertex -0.170352422861717 0.167369009951480 -0.045821190084274
   endloop
endfacet
facet normal -0.945629512776178 0.000084552451869 -0.325245780015007
   outer loop
      vertex -0.335453157974103 0.175719850850078 -0.103854789884506
      vertex -0.334927485431163 0.162425314861966 -0.105386602399496
      vertex -0.335488670692429 0.164720397494711 -0.103754398593415
   endloop
endfacet
facet normal -0.945628276085363 0.000084515642480 -0.325249375594991
   outer loop
      vertex -0.329256666656390 0.175535408209605 -0.121870605395176
      vertex -0.328926214963142 0.167178132453839 -0.122833530489106
      vertex -0.329292179374716 0.164535954854238 -0.121770214104086
   endloop
endfacet
facet normal 0.259988764027280 0.601049417850771 -0.755741648899157
   outer loop
      vertex 0.056875128578603 0.175500892505817 0.010938782467561
      vertex 0.001713402129361 0.175505793514197 -0.008033948959642
      vertex 0.056313904302386 0.177795874877136 0.012570935219947
   endloop
endfacet
facet normal -0.200548894752330 -0.787428243651899 0.582869541074934
   outer loop
      vertex 0.162262996606038 0.160610852309622 0.063230104569289
      vertex 0.106366044257844 0.162385897991906 0.046395546888757
      vertex 0.107101268148097 0.160615854349008 0.044257274204221
   endloop
endfacet
facet normal 0.945625937661330 -0.000076287108951 0.325256176270962
   outer loop
      vertex 0.333032373430645 0.172812661886556 0.104787771130842
      vertex 0.332648088162637 0.164476728469897 0.105903058768998
      vertex 0.333014041574268 0.167118905956490 0.104839732384554
   endloop
endfacet
facet normal 0.195422306663680 -0.799220690560260 -0.568380515006125
   outer loop
      vertex 0.221748766951253 0.162225429232627 0.069631226263629
      vertex 0.165840501467818 0.160504426475734 0.052828642539564
      vertex 0.166587140482255 0.162230332228653 0.050658494836259
   endloop
endfacet
facet normal -0.039246400390813 0.992663649496571 0.114361702612864
   outer loop
      vertex -0.167779198761385 0.180765355266775 -0.053299040933468
      vertex -0.222013747543946 0.181117452446772 -0.074967351491919
      vertex -0.222940925231793 0.180770257331497 -0.072271872355090
   endloop
endfacet
facet normal 0.039257376780122 -0.992659524777822 -0.114393733378236
   outer loop
      vertex -0.276319351732461 0.159470741700353 -0.096434818414941
      vertex -0.332408179907221 0.159128349617823 -0.112712121759200
      vertex -0.331481034205213 0.159475644322736 -0.115407619838310
   endloop
endfacet
facet normal -0.200545099687743 -0.787432883860454 0.582864578102360
   outer loop
      vertex 0.272586349524279 0.160601048305216 0.101175567423863
      vertex 0.216689399184782 0.162375992956494 0.084341108681196
      vertex 0.217424723055280 0.160605951301242 0.082202835996493
   endloop
endfacet
facet normal -0.039257444394747 0.992659461917595 0.114394255647142
   outer loop
      vertex 0.108029137540327 0.180740643256269 0.041564714084360
      vertex 0.053794686771642 0.181092841342234 0.019896504576714
      vertex 0.052867511071327 0.180745546252295 0.022591982656990
   endloop
endfacet
facet normal 0.322028208055611 -0.140123305900631 -0.936302991749984
   outer loop
      vertex -0.108148364474316 0.170001668620756 -0.047322830439851
      vertex -0.108279476105037 0.167158423079484 -0.046942415847169
      vertex -0.163441202575445 0.167163325144206 -0.065915247268792
   endloop
endfacet
facet normal -0.256058369630430 0.616411595967182 0.744627998197354
   outer loop
      vertex -0.225129766050239 0.175709946338827 -0.065909208093245
      vertex -0.279715576226327 0.177976051682407 -0.086555768801853
      vertex -0.280291474512132 0.175714948775741 -0.084882038458347
   endloop
endfacet
facet normal -0.299239501569585 0.391603098443575 0.870116505986284
   outer loop
      vertex -0.115172364556098 0.173057864873165 -0.026900419910781
      vertex -0.169968139581242 0.175705043342802 -0.046936476665876
      vertex -0.170334091005339 0.173062765881544 -0.045873151337985
   endloop
endfacet
facet normal 0.299238169196297 -0.391616128696479 -0.870111099711314
   outer loop
      vertex -0.163441202575445 0.167163325144206 -0.065915247268792
      vertex -0.163807155987076 0.164521147657613 -0.064851920884347
      vertex -0.218968782456073 0.164526050653638 -0.083824652311716
   endloop
endfacet
facet normal 0.195429653298010 -0.799200002020747 -0.568407078933626
   outer loop
      vertex 0.166587140482255 0.162230332228653 0.050658494836259
      vertex 0.110678874998821 0.160509329471759 0.033855911112194
      vertex 0.111425412045481 0.162235333211697 0.031685764465609
   endloop
endfacet
facet normal 0.121471624047919 -0.927549137893807 -0.353408038029155
   outer loop
      vertex -0.275452964235948 0.160543844723520 -0.098953516748238
      vertex -0.331481034205213 0.159475644322736 -0.115407619838310
      vertex -0.330614648699838 0.160548746883614 -0.117926278173837
   endloop
endfacet
facet normal 0.195430202082731 -0.799202677031038 -0.568403129073306
   outer loop
      vertex -0.275452964235948 0.160543844723520 -0.098953516748238
      vertex -0.330614648699838 0.160548746883614 -0.117926278173837
      vertex -0.274706387199307 0.162269849364151 -0.101123673394331
   endloop
endfacet
facet normal -0.301708579852153 -0.373738052099250 0.877092812224941
   outer loop
      vertex -0.004518534924147 0.164690784342293 0.010082237843123
      vertex -0.060029069922309 0.167359204890733 -0.007875627235281
      vertex -0.059680261394556 0.164695686407016 -0.008890593578498
   endloop
endfacet
facet normal -0.945628964179657 0.000084629294012 -0.325247374996926
   outer loop
      vertex -0.329817849932241 0.177830390973320 -0.120238412645091
      vertex -0.329292179374716 0.164535954854238 -0.121770214104086
      vertex -0.329868071665313 0.162274751629878 -0.120096444819372
   endloop
endfacet
facet normal -0.195423528169507 0.799216933414524 0.568385378050199
   outer loop
      vertex -0.003907189913327 0.177951339609381 0.008308086210310
      vertex -0.058322279356831 0.179682247401687 -0.012834891858063
      vertex -0.059068818391024 0.177956343636412 -0.010664744154924
   endloop
endfacet
facet normal 0.259991055114495 0.601041850616832 -0.755746878966461
   outer loop
      vertex 0.056313904302386 0.177795874877136 0.012570935219947
      vertex 0.001713402129361 0.175505793514197 -0.008033948959642
      vertex 0.001152277833388 0.177800777873159 -0.006401796207422
   endloop
endfacet
facet normal 0.945678930263515 -0.000077864116794 0.325102068269079
   outer loop
      vertex 0.333032373430645 0.172812661886556 0.104787771130842
      vertex 0.333014041574268 0.167118905956490 0.104839732384554
      vertex 0.333145053224745 0.169962149510117 0.104459317792037
   endloop
endfacet
facet normal 0.945657445217346 -0.000089997788747 0.325164555579786
   outer loop
      vertex 0.332683664861970 0.175476183414260 0.105802637479476
      vertex 0.332648088162637 0.164476728469897 0.105903058768998
      vertex 0.333032373430645 0.172812661886556 0.104787771130842
   endloop
endfacet
facet normal -0.322030211342399 0.140091076709301 0.936307125471765
   outer loop
      vertex 0.270828313055711 0.170180103191943 0.106289412542973
      vertex 0.215797798217433 0.173028251729241 0.086936266522922
      vertex 0.215666686565546 0.170185007244310 0.087316581121186
   endloop
endfacet
facet normal -0.945628325073306 0.000085398190601 -0.325249232937149
   outer loop
      vertex -0.335819120396028 0.173077573170179 -0.102791464556597
      vertex -0.335837503244447 0.167383816332050 -0.102739513302243
      vertex -0.335950214034538 0.170234328197953 -0.102411069962829
   endloop
endfacet
facet normal -0.299239100449766 0.391616128776071 0.870110779409415
   outer loop
      vertex -0.060010638085687 0.173052962808443 -0.007927588489158
      vertex -0.114806411144467 0.175700042359758 -0.027963746295225
      vertex -0.115172364556098 0.173057864873165 -0.026900419910781
   endloop
endfacet
facet normal 0.945604870472342 -0.000077024537130 0.325317418848431
   outer loop
      vertex 0.332122340605508 0.177771163797933 0.107434790232028
      vertex 0.332072221858438 0.162215526184862 0.107576788055901
      vertex 0.332683664861970 0.175476183414260 0.105802637479476
   endloop
endfacet
facet normal -0.322026692830962 0.140123305757616 0.936303512910163
   outer loop
      vertex 0.215666686565546 0.170185007244310 0.087316581121186
      vertex 0.160636071747025 0.173033153793963 0.067963435101300
      vertex 0.160504960116304 0.170189908252691 0.068343849693982
   endloop
endfacet
facet normal -0.039246400390802 0.992663649496575 0.114361702612830
   outer loop
      vertex 0.163190864010735 0.180735741191547 0.060537545505982
      vertex 0.108956315228174 0.181087838371544 0.038869234947530
      vertex 0.108029137540327 0.180740643256269 0.041564714084360
   endloop
endfacet
facet normal -0.127449506345984 -0.920123006491543 0.370311053382327
   outer loop
      vertex -0.223009575795731 0.159520859813070 -0.072077913277175
      vertex -0.279030511075242 0.160650369631380 -0.088552043662450
      vertex -0.278171212262754 0.159525762610331 -0.091050644704526
   endloop
endfacet
facet normal -0.945628480564425 0.000084614900211 -0.325248781067255
   outer loop
      vertex -0.334877263698090 0.177980954205408 -0.105528570225215
      vertex -0.334192195547598 0.160655272214011 -0.107524845085817
      vertex -0.334927485431163 0.162425314861966 -0.105386602399496
   endloop
endfacet
facet normal 0.299239100449806 -0.391616128775953 -0.870110779409454
   outer loop
      vertex -0.108279476105037 0.167158423079484 -0.046942415847169
      vertex -0.163807155987076 0.164521147657613 -0.064851920884347
      vertex -0.163441202575445 0.167163325144206 -0.065915247268792
   endloop
endfacet
facet normal 0.301706425209568 0.373748035395500 -0.877089299344866
   outer loop
      vertex 0.002062310637359 0.172842277018126 -0.009048915303026
      vertex -0.053099417799416 0.172847278001170 -0.028021645673676
      vertex 0.001713402129361 0.175505793514197 -0.008033948959642
   endloop
endfacet
facet normal -0.039243703202077 0.992664004507813 0.114359546665332
   outer loop
      vertex -0.112617570304855 0.180760352296086 -0.034326310562652
      vertex -0.166852121074949 0.181112549450746 -0.055994620064551
      vertex -0.167779198761385 0.180765355266775 -0.053299040933468
   endloop
endfacet
facet normal -0.259985773971348 -0.601067598210285 0.755728218154013
   outer loop
      vertex -0.224604118494521 0.162415510079489 -0.067441039550528
      vertex -0.280326979237761 0.164715395248068 -0.084781618225494
      vertex -0.279765794974808 0.162420413138033 -0.086413870972233
   endloop
endfacet
facet normal 0.299238169196306 -0.391616128696374 -0.870111099711357
   outer loop
      vertex -0.163441202575445 0.167163325144206 -0.065915247268792
      vertex -0.218968782456073 0.164526050653638 -0.083824652311716
      vertex -0.218602829044443 0.167168228140232 -0.084887978696161
   endloop
endfacet
facet normal 0.945626046488663 -0.000081738376136 0.325255858549940
   outer loop
      vertex 0.330527797906718 0.180665814064351 0.112071663958674
      vertex 0.330459247323025 0.159416418533569 0.112265623036425
      vertex 0.331387114727722 0.179541307415495 0.109573063973118
   endloop
endfacet
facet normal 0.322870084518474 0.120924097555343 -0.938686460514617
   outer loop
      vertex -0.053099417799416 0.172847278001170 -0.028021645673676
      vertex -0.108148364474316 0.170001668620756 -0.047322830439851
      vertex -0.108261044268415 0.172852180997195 -0.046994377101046
   endloop
endfacet
facet normal -0.121483715646966 0.927534556498578 0.353442149910836
   outer loop
      vertex -0.113483907813363 0.179687250372376 -0.031807622228879
      vertex -0.167779198761385 0.180765355266775 -0.053299040933468
      vertex -0.168645634283771 0.179692152437098 -0.050780453650502
   endloop
endfacet
facet normal 0.301705844232872 0.373748035437781 -0.877089499174474
   outer loop
      vertex 0.056875128578603 0.175500892505817 0.010938782467561
      vertex 0.002062310637359 0.172842277018126 -0.009048915303026
      vertex 0.001713402129361 0.175505793514197 -0.008033948959642
   endloop
endfacet
facet normal 0.945635493557341 -0.000086525517995 0.325228390270435
   outer loop
      vertex 0.329603123074765 0.181068130263033 0.114760359588795
      vertex 0.329532069635178 0.159069223418293 0.114961102173255
      vertex 0.330527797906718 0.180665814064351 0.112071663958674
   endloop
endfacet
facet normal 0.045646004487316 0.990137280901927 -0.132456057779484
   outer loop
      vertex 0.219279668167580 0.181078033310797 0.076814797796523
      vertex 0.165042816510780 0.180680622095786 0.055153370738866
      vertex 0.164118041698582 0.181082936306823 0.057842066369152
   endloop
endfacet
facet normal -0.256055902525603 0.616416274775966 0.744624973374597
   outer loop
      vertex -0.114806411144467 0.175700042359758 -0.027963746295225
      vertex -0.169392171309265 0.177966147640818 -0.048610207009498
      vertex -0.169968139581242 0.175705043342802 -0.046936476665876
   endloop
endfacet
facet normal 0.945635898131284 -0.000086025008473 0.325227214059860
   outer loop
      vertex 0.331387114727722 0.179541307415495 0.109573063973118
      vertex 0.330459247323025 0.159416418533569 0.112265623036425
      vertex 0.331325582844000 0.160489620431942 0.109746935759206
   endloop
endfacet
facet normal 0.121470298028203 -0.927551176320260 -0.353403143737916
   outer loop
      vertex 0.276163956375003 0.160494523427968 0.090774204331835
      vertex 0.220135792415840 0.159426321581334 0.074320061244153
      vertex 0.221002229904593 0.160499425492690 0.071801372910214
   endloop
endfacet
facet normal -0.945629331860955 0.000084391913999 -0.325246306054671
   outer loop
      vertex -0.332337155456183 0.181127356217463 -0.112912893285387
      vertex -0.331412429630071 0.180725040821212 -0.115601568916709
      vertex -0.331481034205213 0.159475644322736 -0.115407619838310
   endloop
endfacet
facet normal 0.945624693405394 -0.000086204097585 0.325259791229730
   outer loop
      vertex 0.329603123074765 0.181068130263033 0.114760359588795
      vertex 0.328607294822980 0.159471537629330 0.117649797803542
      vertex 0.329532069635178 0.159069223418293 0.114961102173255
   endloop
endfacet
facet normal -0.127442470500580 -0.920133873992695 0.370286471051678
   outer loop
      vertex 0.273445668332816 0.159476441681697 0.098676966381753
      vertex 0.217424723055280 0.160605951301242 0.082202835996493
      vertex 0.218283939896040 0.159481442664741 0.079704236011103
   endloop
endfacet
facet normal 0.256059020087062 -0.616409590691472 -0.744629434507947
   outer loop
      vertex 0.112001280316047 0.164496436578410 0.030011934127733
      vertex 0.056263785555315 0.162240237264065 0.012712933043820
      vertex 0.056839653847048 0.164501339574436 0.011039202700363
   endloop
endfacet
facet normal -0.200545099687803 -0.787432883860281 0.582864578102573
   outer loop
      vertex 0.107101268148097 0.160615854349008 0.044257274204221
      vertex 0.051204317808600 0.162390799000286 0.027422815461554
      vertex 0.051939641679098 0.160620757345032 0.025284542776851
   endloop
endfacet
facet normal -0.299240905208538 0.391603098562998 0.870116023209453
   outer loop
      vertex 0.215797798217433 0.173028251729241 0.086936266522922
      vertex 0.161002023171123 0.175675431255220 0.066900109773409
      vertex 0.160636071747025 0.173033153793963 0.067963435101300
   endloop
endfacet
facet normal -0.945627516914233 0.000085374142723 -0.325251582572440
   outer loop
      vertex -0.335819120396028 0.173077573170179 -0.102791464556597
      vertex -0.335488670692429 0.164720397494711 -0.103754398593415
      vertex -0.335837503244447 0.167383816332050 -0.102739513302243
   endloop
endfacet
facet normal -0.256064215601715 0.616392336887561 0.744641930403177
   outer loop
      vertex -0.059644684674057 0.175695140295036 -0.008990914873603
      vertex -0.114230544840267 0.177961244644793 -0.029637475582128
      vertex -0.114806411144467 0.175700042359758 -0.027963746295225
   endloop
endfacet
facet normal 0.945624553400981 -0.000086143182220 0.325260198279082
   outer loop
      vertex 0.329603123074765 0.181068130263033 0.114760359588795
      vertex 0.328675945386917 0.180720935147757 0.117455838725625
      vertex 0.328607294822980 0.159471537629330 0.117649797803542
   endloop
endfacet
facet normal -0.127439707544316 -0.920135861129392 0.370282484064115
   outer loop
      vertex 0.218283939896040 0.159481442664741 0.079704236011103
      vertex 0.162262996606038 0.160610852309622 0.063230104569289
      vertex 0.163122313427042 0.159486345660766 0.060731504583734
   endloop
endfacet
facet normal 0.322870254016406 0.120924097538117 -0.938686402216402
   outer loop
      vertex 0.002174990431458 0.169991764641687 -0.009377368641831
      vertex -0.052986638025072 0.169996767612376 -0.028350099012647
      vertex 0.002062310637359 0.172842277018126 -0.009048915303026
   endloop
endfacet
facet normal 0.945636550563363 -0.000091006979850 0.325225315675692
   outer loop
      vertex 0.328675945386917 0.180720935147757 0.117455838725625
      vertex 0.327809609865942 0.179647733249383 0.119974526002844
      vertex 0.327747978001976 0.160596044278185 0.120148397789097
   endloop
endfacet
facet normal -0.945628449584123 0.000084491112385 -0.325248871171570
   outer loop
      vertex -0.331412429630071 0.180725040821212 -0.115601568916709
      vertex -0.330553139813689 0.179600433515642 -0.118100159959328
      vertex -0.330614648699838 0.160548746883614 -0.117926278173837
   endloop
endfacet
facet normal -0.127440087281004 -0.920135861097202 0.370282353450338
   outer loop
      vertex -0.112686122876081 0.159511056739969 -0.034132350428347
      vertex -0.168707166167493 0.160640465453546 -0.050606581864414
      vertex -0.167847849346489 0.159515958804691 -0.053105181849970
   endloop
endfacet
facet normal -0.121481188012220 0.927537687532982 0.353434801858996
   outer loop
      vertex 0.162324528489760 0.179662539293175 0.063056232783201
      vertex 0.108029137540327 0.180740643256269 0.041564714084360
      vertex 0.107162802019352 0.179667441357895 0.044083401361579
   endloop
endfacet
facet normal 0.299239425143034 -0.391612435591264 -0.870112329949613
   outer loop
      vertex 0.167528960198086 0.167133712000281 0.047921439164912
      vertex 0.112001280316047 0.164496436578410 0.030011934127733
      vertex 0.112367331720389 0.167138716027312 0.028948608799677
   endloop
endfacet
facet normal 0.945618334447309 -0.000077425189436 0.325278280188576
   outer loop
      vertex 0.332122340605508 0.177771163797933 0.107434790232028
      vertex 0.331325582844000 0.160489620431942 0.109746935759206
      vertex 0.332072221858438 0.162215526184862 0.107576788055901
   endloop
endfacet
facet normal -0.127441188327843 -0.920135861002339 0.370281974736919
   outer loop
      vertex -0.057524494419548 0.159506053769280 -0.015159620057531
      vertex -0.113545439697084 0.160635563388824 -0.031633750442792
      vertex -0.112686122876081 0.159511056739969 -0.034132350428347
   endloop
endfacet
facet normal 0.945620076514176 -0.000083654051221 0.325273214229705
   outer loop
      vertex 0.327809609865942 0.179647733249383 0.119974526002844
      vertex 0.327062972839037 0.177921727521800 0.122144672649595
      vertex 0.327012752124190 0.162366187895747 0.122286671530188
   endloop
endfacet
facet normal -0.322871080883962 -0.120924097453393 0.938686117817828
   outer loop
      vertex -0.060029069922309 0.167359204890733 -0.007875627235281
      vertex -0.115303476186819 0.170214619331893 -0.026520005318099
      vertex -0.115190796392720 0.167364106955454 -0.026848458656903
   endloop
endfacet
facet normal 0.256054666945181 -0.616429828170916 -0.744614178267354
   outer loop
      vertex -0.053483701079891 0.164511244609847 -0.026906359092075
      vertex -0.109221295820867 0.162255043307856 -0.044205360175822
      vertex -0.108645427550301 0.164516146674569 -0.045879190513697
   endloop
endfacet
facet normal -0.301710072009866 -0.373719581135133 0.877100169378607
   outer loop
      vertex -0.059680261394556 0.164695686407016 -0.008890593578498
      vertex -0.115190796392720 0.167364106955454 -0.026848458656903
      vertex -0.114841887863555 0.164700589403041 -0.027863325005869
   endloop
endfacet
facet normal 0.256056849322056 -0.616419691082311 -0.744621819691882
   outer loop
      vertex -0.218968782456073 0.164526050653638 -0.083824652311716
      vertex -0.274706387199307 0.162269849364151 -0.101123673394331
      vertex -0.274130488921967 0.164530952693352 -0.102797443735605
   endloop
endfacet
facet normal -0.301708635861299 -0.373731156781396 0.877095731090714
   outer loop
      vertex 0.050643193512627 0.164685783359249 0.029054968213774
      vertex -0.004867441465779 0.167354201920043 0.011097103135534
      vertex -0.004518534924147 0.164690784342293 0.010082237843123
   endloop
endfacet
facet normal -0.322029957889197 0.140091076682551 0.936307212647540
   outer loop
      vertex -0.004980121259879 0.170204714296482 0.011425556474339
      vertex -0.060010638085687 0.173052962808443 -0.007927588489158
      vertex -0.060141749737575 0.170209718323513 -0.007547273890895
   endloop
endfacet
facet normal 0.256058041405948 -0.616412574375019 -0.744627301127021
   outer loop
      vertex 0.056839653847048 0.164501339574436 0.011039202700363
      vertex 0.001102059106073 0.162245138272444 -0.006259798383383
      vertex 0.001677925389107 0.164506341613821 -0.007933627664705
   endloop
endfacet
facet normal 0.301710999027212 0.373719581077496 -0.877099850521742
   outer loop
      vertex 0.057224037107767 0.172837374953403 0.009923916118595
      vertex 0.002062310637359 0.172842277018126 -0.009048915303026
      vertex 0.056875128578603 0.175500892505817 0.010938782467561
   endloop
endfacet
facet normal 0.945629114416648 -0.000080558684199 0.325246939229078
   outer loop
      vertex 0.327062972839037 0.177921727521800 0.122144672649595
      vertex 0.326487104547305 0.175660625211429 0.123818402993052
      vertex 0.326451627828217 0.164661172254711 0.123918824282408
   endloop
endfacet
facet normal 0.322872892575193 0.120891608336359 -0.938689679432972
   outer loop
      vertex 0.222709018503705 0.172822566921967 0.066842209338404
      vertex 0.167660071828807 0.169976957541554 0.047541024572230
      vertex 0.167547392013541 0.172827470974334 0.047869377916616
   endloop
endfacet
facet normal 0.045647732796467 0.990136583682551 -0.132460673952644
   outer loop
      vertex 0.274441396604356 0.181073032327753 0.095787528167173
      vertex 0.275366171437721 0.180670717060376 0.093098932531304
      vertex 0.220204444967310 0.180675619125097 0.074126101109683
   endloop
endfacet
facet normal -0.195429339364041 0.799203759459402 0.568401903745663
   outer loop
      vertex -0.059068818391024 0.177956343636412 -0.010664744154924
      vertex -0.113483907813363 0.179687250372376 -0.031807622228879
      vertex -0.114230544840267 0.177961244644793 -0.029637475582128
   endloop
endfacet
facet normal -0.299239973949641 0.391603098483619 0.870116343513123
   outer loop
      vertex 0.270959424686433 0.173023348733215 0.105908997950291
      vertex 0.216163749641531 0.175670529190499 0.085872941195033
      vertex 0.215797798217433 0.173028251729241 0.086936266522922
   endloop
endfacet
facet normal 0.945598622268164 -0.000075745563176 0.325335580327698
   outer loop
      vertex 0.326487104547305 0.175660625211429 0.123818402993052
      vertex 0.326121053142963 0.173018345762526 0.124881728321108
      vertex 0.326102719299053 0.167324689807124 0.124933690631373
   endloop
endfacet
facet normal 0.945625432775630 -0.000086169359325 0.325257641666946
   outer loop
      vertex 0.328675945386917 0.180720935147757 0.117455838725625
      vertex 0.327747978001976 0.160596044278185 0.120148397789097
      vertex 0.328607294822980 0.159471537629330 0.117649797803542
   endloop
endfacet
facet normal 0.945679598924029 -0.000078155177054 0.325100123147709
   outer loop
      vertex 0.326121053142963 0.173018345762526 0.124881728321108
      vertex 0.325990041492486 0.170175102208899 0.125262142913624
      vertex 0.326102719299053 0.167324689807124 0.124933690631373
   endloop
endfacet
facet normal -0.299237509971409 0.391616128639880 0.870111326449222
   outer loop
      vertex -0.004849009629157 0.173047959837754 0.011045141881656
      vertex -0.059644684674057 0.175695140295036 -0.008990914873603
      vertex -0.060010638085687 0.173052962808443 -0.007927588489158
   endloop
endfacet
facet normal -0.945628844867771 0.000084653280753 -0.325247721879598
   outer loop
      vertex -0.332337155456183 0.181127356217463 -0.112912893285387
      vertex -0.332408179907221 0.159128349617823 -0.112712121759200
      vertex -0.333264303143607 0.180780161381579 -0.110217384150281
   endloop
endfacet
facet normal 0.945637414380980 -0.000084170179572 0.325222805839682
   outer loop
      vertex 0.327062972839037 0.177921727521800 0.122144672649595
      vertex 0.326451627828217 0.164661172254711 0.123918824282408
      vertex 0.327012752124190 0.162366187895747 0.122286671530188
   endloop
endfacet
facet normal -0.195423528169369 0.799216933414868 0.568385378049761
   outer loop
      vertex 0.161577891462855 0.177936533565591 0.065226379429952
      vertex 0.107162802019352 0.179667441357895 0.044083401361579
      vertex 0.106416262985159 0.177941537592622 0.046253549064718
   endloop
endfacet
facet normal 0.945608259453868 -0.000079937907659 0.325307567176905
   outer loop
      vertex 0.326487104547305 0.175660625211429 0.123818402993052
      vertex 0.326102719299053 0.167324689807124 0.124933690631373
      vertex 0.326451627828217 0.164661172254711 0.123918824282408
   endloop
endfacet
facet normal -0.121469477171614 0.927549835612712 0.353406944711739
   outer loop
      vertex -0.058322279356831 0.179682247401687 -0.012834891858063
      vertex -0.112617570304855 0.180760352296086 -0.034326310562652
      vertex -0.113483907813363 0.179687250372376 -0.031807622228879
   endloop
endfacet
facet normal -0.322871538454883 -0.120891608458054 0.938690145181146
   outer loop
      vertex -0.004867441465779 0.167354201920043 0.011097103135534
      vertex -0.060141749737575 0.170209718323513 -0.007547273890895
      vertex -0.060029069922309 0.167359204890733 -0.007875627235281
   endloop
endfacet
facet normal -0.945629148398491 0.000084539601270 -0.325246839419233
   outer loop
      vertex -0.333264303143607 0.180780161381579 -0.110217384150281
      vertex -0.332408179907221 0.159128349617823 -0.112712121759200
      vertex -0.333332907720865 0.159530764988738 -0.110023445071325
   endloop
endfacet
facet normal -0.945628969357347 0.000084534272282 -0.325247359967946
   outer loop
      vertex -0.333264303143607 0.180780161381579 -0.110217384150281
      vertex -0.333332907720865 0.159530764988738 -0.110023445071325
      vertex -0.334130686661449 0.179706958846037 -0.107698726871308
   endloop
endfacet
facet normal 0.322869112778570 0.120935339622640 -0.938685346452120
   outer loop
      vertex 0.277870744952949 0.172817665913587 0.085814940765609
      vertex 0.222821798278049 0.169972056533174 0.066513755999434
      vertex 0.222709018503705 0.172822566921967 0.066842209338404
   endloop
endfacet
facet normal -0.121479548627588 0.927539028253827 0.353431846798197
   outer loop
      vertex -0.003160552907589 0.179677346393307 0.006137839569142
      vertex -0.057455843855611 0.180755451287706 -0.015353579135448
      vertex -0.058322279356831 0.179682247401687 -0.012834891858063
   endloop
endfacet
facet normal -0.945628784472173 0.000084501080001 -0.325247897513956
   outer loop
      vertex -0.334130686661449 0.179706958846037 -0.107698726871308
      vertex -0.334192195547598 0.160655272214011 -0.107524845085817
      vertex -0.334877263698090 0.177980954205408 -0.105528570225215
   endloop
endfacet
facet normal -0.945629037846422 0.000084508621459 -0.325247160848398
   outer loop
      vertex -0.334130686661449 0.179706958846037 -0.107698726871308
      vertex -0.333332907720865 0.159530764988738 -0.110023445071325
      vertex -0.334192195547598 0.160655272214011 -0.107524845085817
   endloop
endfacet
facet normal 0.121471380354162 -0.927549835769170 -0.353406290152625
   outer loop
      vertex 0.110678874998821 0.160509329471759 0.033855911112194
      vertex 0.054650811019903 0.159441129612771 0.017401768024344
      vertex 0.055517148528410 0.160514231536481 0.014883079690572
   endloop
endfacet
facet normal 0.945638260893400 -0.000086095338341 0.325220343954833
   outer loop
      vertex 0.331387114727722 0.179541307415495 0.109573063973118
      vertex 0.331325582844000 0.160489620431942 0.109746935759206
      vertex 0.332122340605508 0.177771163797933 0.107434790232028
   endloop
endfacet
facet normal 0.200544749279957 0.787432883889544 -0.582864698627078
   outer loop
      vertex -0.109906400964050 0.179580724563824 -0.042209085315159
      vertex -0.164332803542794 0.177815583916951 -0.063320089427066
      vertex -0.165068127413292 0.179585625572204 -0.061181816742363
   endloop
endfacet
facet normal 0.945633017015952 -0.000089270255682 0.325235590242104
   outer loop
      vertex 0.332683664861970 0.175476183414260 0.105802637479476
      vertex 0.332072221858438 0.162215526184862 0.107576788055901
      vertex 0.332648088162637 0.164476728469897 0.105903058768998
   endloop
endfacet
facet normal 0.945624377279316 -0.000081688695099 0.325260711463992
   outer loop
      vertex 0.330527797906718 0.180665814064351 0.112071663958674
      vertex 0.329532069635178 0.159069223418293 0.114961102173255
      vertex 0.330459247323025 0.159416418533569 0.112265623036425
   endloop
endfacet
facet normal -0.322870254016417 -0.120924097538227 0.938686402216384
   outer loop
      vertex 0.160617639910403 0.167339395876252 0.068015396355177
      vertex 0.105343331659773 0.170194911223380 0.049371119323166
      vertex 0.105456011453873 0.167344398846941 0.049042665984361
   endloop
endfacet
facet normal -0.127442470500504 -0.920133873992798 0.370286471051448
   outer loop
      vertex 0.107960586956634 0.159491247725488 0.041758673162111
      vertex 0.051939641679098 0.160620757345032 0.025284542776851
      vertex 0.052798858519857 0.159496248708532 0.022785942791461
   endloop
endfacet
facet normal 0.195423640889453 -0.799216933423825 -0.568385339281483
   outer loop
      vertex -0.109221295820867 0.162255043307856 -0.044205360175822
      vertex -0.165129561304302 0.160534040550961 -0.061007943899887
      vertex -0.164383022270109 0.162259944316236 -0.063178091603026
   endloop
endfacet
facet normal -0.127439707544267 -0.920135861129439 0.370282484064014
   outer loop
      vertex 0.052798858519857 0.159496248708532 0.022785942791461
      vertex -0.003222084770144 0.160625658353413 0.006311811349648
      vertex -0.002362767949140 0.159501151704557 0.003813211364091
   endloop
endfacet
facet normal -0.299242756479401 0.391588383267409 0.870122009137010
   outer loop
      vertex -0.170334091005339 0.173062765881544 -0.045873151337985
      vertex -0.225129766050239 0.175709946338827 -0.065909208093245
      vertex -0.225495719483036 0.173067769908575 -0.064845981703220
   endloop
endfacet
facet normal -0.945628649520900 0.000084647466694 -0.325248289834221
   outer loop
      vertex -0.332337155456183 0.181127356217463 -0.112912893285387
      vertex -0.331481034205213 0.159475644322736 -0.115407619838310
      vertex -0.332408179907221 0.159128349617823 -0.112712121759200
   endloop
endfacet
facet normal -0.127441605654779 -0.920133874078745 0.370286768492978
   outer loop
      vertex -0.002362767949140 0.159501151704557 0.003813211364091
      vertex -0.058383711260308 0.160630562405781 -0.012661020072141
      vertex -0.057524494419548 0.159506053769280 -0.015159620057531
   endloop
endfacet
facet normal -0.200551678423538 -0.787416203307679 0.582884848876707
   outer loop
      vertex 0.217424723055280 0.160605951301242 0.082202835996493
      vertex 0.161527670748008 0.162380993939538 0.065368378310546
      vertex 0.162262996606038 0.160610852309622 0.063230104569289
   endloop
endfacet
facet normal -0.301708579852153 -0.373738052099359 0.877092812224894
   outer loop
      vertex -0.170003616300330 0.164705590386085 -0.046836055376519
      vertex -0.225514151298492 0.167374010934523 -0.064793920454924
      vertex -0.225165342770738 0.164710492450807 -0.065808886798142
   endloop
endfacet
facet normal 0.259988444139352 0.601054117307981 -0.755738021394400
   outer loop
      vertex -0.219494430032958 0.177820487969318 -0.082292920848853
      vertex -0.274094984189989 0.175530505904123 -0.102897833970132
      vertex -0.274656158467617 0.177825488846728 -0.101265641220061
   endloop
endfacet
facet normal -0.945629194635033 0.000084542982544 -0.325246704989278
   outer loop
      vertex -0.329817849932241 0.177830390973320 -0.120238412645091
      vertex -0.329256666656390 0.175535408209605 -0.121870605395176
      vertex -0.329292179374716 0.164535954854238 -0.121770214104086
   endloop
endfacet
facet normal -0.945629696270209 0.000084557913498 -0.325245246516949
   outer loop
      vertex -0.335453157974103 0.175719850850078 -0.103854789884506
      vertex -0.335488670692429 0.164720397494711 -0.103754398593415
      vertex -0.335819120396028 0.173077573170179 -0.102791464556597
   endloop
endfacet
facet normal 0.322027603673454 -0.140121104733136 -0.936303529033560
   outer loop
      vertex -0.218471719401254 0.170011573656167 -0.085268392232289
      vertex -0.273764527497729 0.167173230247740 -0.103860759064070
      vertex -0.273633435863056 0.170016475391483 -0.104241173656719
   endloop
endfacet
facet normal 0.200554246796172 0.787416203092664 -0.582883965467530
   outer loop
      vertex -0.165068127413292 0.179585625572204 -0.061181816742363
      vertex -0.219494430032958 0.177820487969318 -0.082292920848853
      vertex -0.220229755890988 0.179590629599235 -0.080154647107596
   endloop
endfacet
facet normal -0.127449606051987 -0.920123403904083 0.370310031602111
   outer loop
      vertex 0.163122313427042 0.159486345660766 0.060731504583734
      vertex 0.107101268148097 0.160615854349008 0.044257274204221
      vertex 0.107960586956634 0.159491247725488 0.041758673162111
   endloop
endfacet
facet normal 0.259993243150109 0.601041850391546 -0.755746126416931
   outer loop
      vertex -0.054009448615854 0.177805678881540 -0.025374527634627
      vertex -0.108609952797579 0.175515698549607 -0.045979510752081
      vertex -0.109171077093552 0.177810682908571 -0.044347357999861
   endloop
endfacet
facet normal -0.039257491250215 0.992659437252674 0.114394453597817
   outer loop
      vertex -0.222940925231793 0.180770257331497 -0.072271872355090
      vertex -0.277175465982697 0.181122453628580 -0.093940081862587
      vertex -0.278102611688939 0.180775159134935 -0.091244603782360
   endloop
endfacet
facet normal -0.259990614362375 -0.601041850661423 0.755747030557822
   outer loop
      vertex -0.059119037118339 0.162400704035697 -0.010522746330885
      vertex -0.114841887863555 0.164700589403041 -0.027863325005869
      vertex -0.114280763567582 0.162405605044077 -0.029495477758089
   endloop
endfacet
facet normal -0.322871080883948 -0.120924097453874 0.938686117817770
   outer loop
      vertex 0.105456011453873 0.167344398846941 0.049042665984361
      vertex 0.050181605189363 0.170199813288101 0.030398287901543
      vertex 0.050294284983463 0.167349300911663 0.030069834562738
   endloop
endfacet
facet normal 0.121470384606834 -0.927550953138640 -0.353403699747285
   outer loop
      vertex -0.276319351732461 0.159470741700353 -0.096434818414941
      vertex -0.331481034205213 0.159475644322736 -0.115407619838310
      vertex -0.275452964235948 0.160543844723520 -0.098953516748238
   endloop
endfacet
facet normal -0.945628924218626 0.000084272903341 -0.325247491272727
   outer loop
      vertex -0.329256666656390 0.175535408209605 -0.121870605395176
      vertex -0.328907832118957 0.172871889503236 -0.122885501742344
      vertex -0.328926214963142 0.167178132453839 -0.122833530489106
   endloop
endfacet
facet normal 0.259983578235704 0.601070625034361 -0.755726566139210
   outer loop
      vertex 0.001152277833388 0.177800777873159 -0.006401796207422
      vertex -0.053448224360803 0.175510697566564 -0.027006780381431
      vertex -0.054009448615854 0.177805678881540 -0.025374527634627
   endloop
endfacet
facet normal 0.039255832404953 -0.992659461770120 -0.114394810111514
   outer loop
      vertex 0.109812439476435 0.159436126642081 0.036374498395160
      vertex 0.053723635319588 0.159093834522832 0.020097246104620
      vertex 0.054650811019903 0.159441129612771 0.017401768024344
   endloop
endfacet
facet normal -0.045657311019194 -0.990132462105702 0.132488178472636
   outer loop
      vertex 0.108885261809754 0.159088930470465 0.039070077526408
      vertex 0.052798858519857 0.159496248708532 0.022785942791461
      vertex 0.053723635319588 0.159093834522832 0.020097246104620
   endloop
endfacet
facet normal 0.039257412752559 -0.992659461914728 -0.114394266530884
   outer loop
      vertex 0.054650811019903 0.159441129612771 0.017401768024344
      vertex -0.001438091129654 0.159098735531212 0.001124514677417
      vertex -0.000510915429339 0.159446030621151 -0.001570963402859
   endloop
endfacet
facet normal -0.045657706022743 -0.990132143327713 0.132490424672914
   outer loop
      vertex 0.053723635319588 0.159093834522832 0.020097246104620
      vertex -0.002362767949140 0.159501151704557 0.003813211364091
      vertex -0.001438091129654 0.159098735531212 0.001124514677417
   endloop
endfacet
facet normal 0.039246619739839 -0.992663567354832 -0.114362340328345
   outer loop
      vertex -0.000510915429339 0.159446030621151 -0.001570963402859
      vertex -0.056599719607351 0.159103739558243 -0.017848315687818
      vertex -0.055672641899747 0.159450932685873 -0.020543794824481
   endloop
endfacet
facet normal -0.045647837073641 -0.990137280740670 0.132455427438705
   outer loop
      vertex -0.001438091129654 0.159098735531212 0.001124514677417
      vertex -0.057524494419548 0.159506053769280 -0.015159620057531
      vertex -0.056599719607351 0.159103739558243 -0.017848315687818
   endloop
endfacet
facet normal 0.039255832404975 -0.992659461770119 -0.114394810111521
   outer loop
      vertex -0.055672641899747 0.159450932685873 -0.020543794824481
      vertex -0.111761446056594 0.159108640566623 -0.036821047115022
      vertex -0.110834270356280 0.159455935656563 -0.039516525195298
   endloop
endfacet
facet normal -0.045657706022740 -0.990132143327723 0.132490424672847
   outer loop
      vertex -0.056599719607351 0.159103739558243 -0.017848315687818
      vertex -0.112686122876081 0.159511056739969 -0.034132350428347
      vertex -0.111761446056594 0.159108640566623 -0.036821047115022
   endloop
endfacet
facet normal 0.039256632512236 -0.992659817280654 -0.114391450555266
   outer loop
      vertex -0.110834270356280 0.159455935656563 -0.039516525195298
      vertex -0.166923072525592 0.159113543562649 -0.055793778542392
      vertex -0.165995996826688 0.159460837721284 -0.058489356616920
   endloop
endfacet
facet normal 0.200544749280032 0.787432883889372 -0.582864698627285
   outer loop
      vertex 0.165902035339073 0.179556013484622 0.052654769696922
      vertex 0.166637359209570 0.177785971829370 0.050516497012220
      vertex 0.111475632760329 0.177790872837750 0.031543765585016
   endloop
endfacet
facet normal 0.200546676784604 0.787428243885818 -0.582870303894056
   outer loop
      vertex 0.110740406861376 0.179561017511652 0.033681939331688
      vertex 0.056313904302386 0.177795874877136 0.012570935219947
      vertex 0.055578680412132 0.179565918520033 0.014709207904484
   endloop
endfacet
facet normal 0.039255866600683 -0.992659437106049 -0.114395012398848
   outer loop
      vertex -0.221157623295685 0.159465740717309 -0.077462088044290
      vertex -0.277246497438703 0.159123447206708 -0.093739340334714
      vertex -0.276319351732461 0.159470741700353 -0.096434818414941
   endloop
endfacet
facet normal -0.045646369861009 -0.990137089702929 0.132457361113402
   outer loop
      vertex -0.222084800983533 0.159118545602035 -0.074766608907460
      vertex -0.278171212262754 0.159525762610331 -0.091050644704526
      vertex -0.277246497438703 0.159123447206708 -0.093739340334714
   endloop
endfacet
facet normal 0.127441225909342 0.920133874116212 -0.370286899096653
   outer loop
      vertex 0.330527797906718 0.180665814064351 0.112071663958674
      vertex 0.276225388278480 0.179546208423875 0.090600332545915
      vertex 0.275366171437721 0.180670717060376 0.093098932531304
   endloop
endfacet
facet normal 0.127441841857638 0.920133874055247 -0.370286687257342
   outer loop
      vertex 0.275366171437721 0.180670717060376 0.093098932531304
      vertex 0.276225388278480 0.179546208423875 0.090600332545915
      vertex 0.221063761788314 0.179551112476243 0.071627501124126
   endloop
endfacet
facet normal 0.039245264257371 -0.992664086792326 -0.114358296708755
   outer loop
      vertex 0.108885261809754 0.159088930470465 0.039070077526408
      vertex 0.053723635319588 0.159093834522832 0.020097246104620
      vertex 0.109812439476435 0.159436126642081 0.036374498395160
   endloop
endfacet
facet normal -0.045657079318744 -0.990132462125866 0.132488258168989
   outer loop
      vertex 0.052798858519857 0.159496248708532 0.022785942791461
      vertex -0.002362767949140 0.159501151704557 0.003813211364091
      vertex 0.053723635319588 0.159093834522832 0.020097246104620
   endloop
endfacet
facet normal 0.259992290378717 0.601041850490114 -0.755746454112123
   outer loop
      vertex 0.167198483505543 0.175490987470405 0.048884344259999
      vertex 0.112036857015379 0.175495891522773 0.029911512838211
      vertex 0.166637359209570 0.177785971829370 0.050516497012220
   endloop
endfacet
facet normal 0.322871080883964 0.120924097453541 -0.938686117817808
   outer loop
      vertex 0.057336716901867 0.169986862576965 0.009595462779791
      vertex 0.002174990431458 0.169991764641687 -0.009377368641831
      vertex 0.057224037107767 0.172837374953403 0.009923916118595
   endloop
endfacet
facet normal 0.299240905208589 -0.391603098562586 -0.870116023209621
   outer loop
      vertex -0.053117749655793 0.167153522071104 -0.027969684419964
      vertex -0.053483701079891 0.164511244609847 -0.026906359092075
      vertex -0.108645427550301 0.164516146674569 -0.045879190513697
   endloop
endfacet
facet normal 0.259992290378708 0.601041850490063 -0.755746454112167
   outer loop
      vertex -0.164332803542794 0.177815583916951 -0.063320089427066
      vertex -0.218933305736985 0.175525503610355 -0.083925073601073
      vertex -0.219494430032958 0.177820487969318 -0.082292920848853
   endloop
endfacet
facet normal -0.045657815413968 -0.990132166402951 0.132490214528555
   outer loop
      vertex -0.277246497438703 0.159123447206708 -0.093739340334714
      vertex -0.333332907720865 0.159530764988738 -0.110023445071325
      vertex -0.332408179907221 0.159128349617823 -0.112712121759200
   endloop
endfacet
facet normal 0.200551678423509 0.787416203307725 -0.582884848876655
   outer loop
      vertex 0.331387114727722 0.179541307415495 0.109573063973118
      vertex 0.276960714136511 0.177776066793959 0.088462058804658
      vertex 0.276225388278480 0.179546208423875 0.090600332545915
   endloop
endfacet
facet normal 0.200553288534934 0.787416203173706 -0.582884295068351
   outer loop
      vertex 0.276225388278480 0.179546208423875 0.090600332545915
      vertex 0.276960714136511 0.177776066793959 0.088462058804658
      vertex 0.221799085679979 0.177781069764648 0.069489328433843
   endloop
endfacet
facet normal -0.045649834620079 -0.990136264849231 0.132462332870792
   outer loop
      vertex 0.107960586956634 0.159491247725488 0.041758673162111
      vertex 0.052798858519857 0.159496248708532 0.022785942791461
      vertex 0.108885261809754 0.159088930470465 0.039070077526408
   endloop
endfacet
facet normal 0.301706425209610 0.373748035395219 -0.877089299344971
   outer loop
      vertex 0.167547392013541 0.172827470974334 0.047869377916616
      vertex 0.112385663576767 0.172832471957378 0.028896647545966
      vertex 0.167198483505543 0.175490987470405 0.048884344259999
   endloop
endfacet
facet normal 0.322028208055594 -0.140123305900419 -0.936302991750022
   outer loop
      vertex 0.057336716901867 0.169986862576965 0.009595462779791
      vertex 0.057205605271145 0.167143617035693 0.009975877372473
      vertex 0.002043878800737 0.167148519100414 -0.008996954049148
   endloop
endfacet
facet normal 0.256057317672968 -0.616416274938001 -0.744624486608978
   outer loop
      vertex -0.053483701079891 0.164511244609847 -0.026906359092075
      vertex -0.054059669351868 0.162250140311830 -0.025232628748451
      vertex -0.109221295820867 0.162255043307856 -0.044205360175822
   endloop
endfacet
facet normal -0.256056014313779 0.616421447419655 0.744620652879572
   outer loop
      vertex -0.280291474512132 0.175714948775741 -0.084882038458347
      vertex -0.334877263698090 0.177980954205408 -0.105528570225215
      vertex -0.335453157974103 0.175719850850078 -0.103854789884506
   endloop
endfacet
facet normal 0.322869726822937 0.120924097591841 -0.938686583542601
   outer loop
      vertex 0.167547392013541 0.172827470974334 0.047869377916616
      vertex 0.112498343370866 0.169981959580939 0.028568194207161
      vertex 0.112385663576767 0.172832471957378 0.028896647545966
   endloop
endfacet
facet normal -0.127441901555722 -0.920135284744628 0.370283161237159
   outer loop
      vertex -0.278171212262754 0.159525762610331 -0.091050644704526
      vertex -0.334192195547598 0.160655272214011 -0.107524845085817
      vertex -0.333332907720865 0.159530764988738 -0.110023445071325
   endloop
endfacet
facet normal 0.259989204773776 0.601049417818106 -0.755741497300245
   outer loop
      vertex 0.332122340605508 0.177771163797933 0.107434790232028
      vertex 0.277521938412728 0.175481084422640 0.086829906052273
      vertex 0.276960714136511 0.177776066793959 0.088462058804658
   endloop
endfacet
facet normal 0.259990952048718 0.601049417687344 -0.755740896306734
   outer loop
      vertex 0.277521938412728 0.175481084422640 0.086829906052273
      vertex 0.222360209954785 0.175486086462026 0.067857075687203
      vertex 0.276960714136511 0.177776066793959 0.088462058804658
   endloop
endfacet
facet normal -0.127449226285600 -0.920123403936365 0.370310162225883
   outer loop
      vertex 0.107101268148097 0.160615854349008 0.044257274204221
      vertex 0.051939641679098 0.160620757345032 0.025284542776851
      vertex 0.107960586956634 0.159491247725488 0.041758673162111
   endloop
endfacet
facet normal 0.322872534823915 0.120891608368629 -0.938689802481324
   outer loop
      vertex 0.167660071828807 0.169976957541554 0.047541024572230
      vertex 0.112498343370866 0.169981959580939 0.028568194207161
      vertex 0.167547392013541 0.172827470974334 0.047869377916616
   endloop
endfacet
facet normal 0.299240246006194 -0.391603098507021 -0.870116249940118
   outer loop
      vertex 0.057205605271145 0.167143617035693 0.009975877372473
      vertex 0.056839653847048 0.164501339574436 0.011039202700363
      vertex 0.001677925389107 0.164506341613821 -0.007933627664705
   endloop
endfacet
facet normal 0.195430964571392 -0.799200002129073 -0.568406627937768
   outer loop
      vertex -0.054806206398528 0.160524136571892 -0.023062482101866
      vertex -0.109967932847772 0.160529037580272 -0.042035213529071
      vertex -0.054059669351868 0.162250140311830 -0.025232628748451
   endloop
endfacet
facet normal 0.322026692830975 -0.140123305757609 -0.936303512910159
   outer loop
      vertex -0.052986638025072 0.169996767612376 -0.028350099012647
      vertex -0.053117749655793 0.167153522071104 -0.027969684419964
      vertex -0.108279476105037 0.167158423079484 -0.046942415847169
   endloop
endfacet
facet normal -0.200547803873098 -0.787427499611540 0.582870921574576
   outer loop
      vertex -0.279030511075242 0.160650369631380 -0.088552043662450
      vertex -0.334927485431163 0.162425314861966 -0.105386602399496
      vertex -0.334192195547598 0.160655272214011 -0.107524845085817
   endloop
endfacet
facet normal 0.301705635599858 0.373749628312415 -0.877088892178904
   outer loop
      vertex 0.332683664861970 0.175476183414260 0.105802637479476
      vertex 0.277870744952949 0.172817665913587 0.085814940765609
      vertex 0.277521938412728 0.175481084422640 0.086829906052273
   endloop
endfacet
facet normal -0.127441568061328 -0.920135860969416 0.370281844124365
   outer loop
      vertex 0.162262996606038 0.160610852309622 0.063230104569289
      vertex 0.107101268148097 0.160615854349008 0.044257274204221
      vertex 0.163122313427042 0.159486345660766 0.060731504583734
   endloop
endfacet
facet normal 0.301705635599869 0.373749628312415 -0.877088892178901
   outer loop
      vertex 0.277870744952949 0.172817665913587 0.085814940765609
      vertex 0.222709018503705 0.172822566921967 0.066842209338404
      vertex 0.277521938412728 0.175481084422640 0.086829906052273
   endloop
endfacet
facet normal 0.322028471967502 -0.140123305925458 -0.936302900977454
   outer loop
      vertex 0.167660071828807 0.169976957541554 0.047541024572230
      vertex 0.167528960198086 0.167133712000281 0.047921439164912
      vertex 0.112367331720389 0.167138716027312 0.028948608799677
   endloop
endfacet
facet normal 0.256058624936749 -0.616409590657260 -0.744629570418238
   outer loop
      vertex 0.056839653847048 0.164501339574436 0.011039202700363
      vertex 0.056263785555315 0.162240237264065 0.012712933043820
      vertex 0.001102059106073 0.162245138272444 -0.006259798383383
   endloop
endfacet
facet normal 0.121478202435419 -0.927539028125518 -0.353432309837441
   outer loop
      vertex -0.055672641899747 0.159450932685873 -0.020543794824481
      vertex -0.110834270356280 0.159455935656563 -0.039516525195298
      vertex -0.054806206398528 0.160524136571892 -0.023062482101866
   endloop
endfacet
facet normal -0.195431154072788 0.799201505149161 0.568404449476862
   outer loop
      vertex -0.279715576226327 0.177976051682407 -0.086555768801853
      vertex -0.278968999187569 0.179702056217403 -0.088725915448505
      vertex -0.334130686661449 0.179706958846037 -0.107698726871308
   endloop
endfacet
facet normal -0.200552987104141 -0.787416203198920 0.582884398747644
   outer loop
      vertex 0.161527670748008 0.162380993939538 0.065368378310546
      vertex 0.106366044257844 0.162385897991906 0.046395546888757
      vertex 0.162262996606038 0.160610852309622 0.063230104569289
   endloop
endfacet
facet normal 0.195428319086968 -0.799203759353929 -0.568402254687110
   outer loop
      vertex -0.109967932847772 0.160529037580272 -0.042035213529071
      vertex -0.165129561304302 0.160534040550961 -0.061007943899887
      vertex -0.109221295820867 0.162255043307856 -0.044205360175822
   endloop
endfacet
facet normal -0.322871250381432 -0.120924097436472 0.938686059519531
   outer loop
      vertex -0.170352422861717 0.167369009951480 -0.045821190084274
      vertex -0.170465102655816 0.170219522327918 -0.045492736745469
      vertex -0.225626831113757 0.170224524367304 -0.064465567110537
   endloop
endfacet
facet normal -0.259989204773731 -0.601049417818322 0.755741497300088
   outer loop
      vertex -0.059119037118339 0.162400704035697 -0.010522746330885
      vertex -0.059680261394556 0.164695686407016 -0.008890593578498
      vertex -0.114841887863555 0.164700589403041 -0.027863325005869
   endloop
endfacet
facet normal -0.200553207594833 -0.787415554459713 0.582885199261679
   outer loop
      vertex -0.003957308681564 0.162395703052653 0.008449984039765
      vertex -0.059119037118339 0.162400704035697 -0.010522746330885
      vertex -0.003222084770144 0.160625658353413 0.006311811349648
   endloop
endfacet
facet normal -0.127440989707245 -0.920133874139664 0.370286980331703
   outer loop
      vertex 0.051939641679098 0.160620757345032 0.025284542776851
      vertex -0.003222084770144 0.160625658353413 0.006311811349648
      vertex 0.052798858519857 0.159496248708532 0.022785942791461
   endloop
endfacet
facet normal -0.195424270419427 0.799215478080476 0.568387169214464
   outer loop
      vertex -0.003907189913327 0.177951339609381 0.008308086210310
      vertex -0.003160552907589 0.179677346393307 0.006137839569142
      vertex -0.058322279356831 0.179682247401687 -0.012834891858063
   endloop
endfacet
facet normal 0.039246232024821 -0.992663649481280 -0.114361760524925
   outer loop
      vertex 0.164046988258996 0.159084029462084 0.058042808953613
      vertex 0.108885261809754 0.159088930470465 0.039070077526408
      vertex 0.164974165946843 0.159431224577360 0.055347329816782
   endloop
endfacet
facet normal -0.256058624936773 0.616409590657252 0.744629570418237
   outer loop
      vertex 0.051254536535915 0.177946438601003 0.027280817637514
      vertex -0.003907189913327 0.177951339609381 0.008308086210310
      vertex 0.050678668244182 0.175685336290631 0.028954547980971
   endloop
endfacet
facet normal 0.121469908080589 -0.927551176283430 -0.353403277865557
   outer loop
      vertex 0.220135792415840 0.159426321581334 0.074320061244153
      vertex 0.164974165946843 0.159431224577360 0.055347329816782
      vertex 0.221002229904593 0.160499425492690 0.071801372910214
   endloop
endfacet
facet normal 0.195431872200928 -0.799200002202883 -0.568406315769760
   outer loop
      vertex 0.276163956375003 0.160494523427968 0.090774204331835
      vertex 0.221002229904593 0.160499425492690 0.071801372910214
      vertex 0.276910493421663 0.162220527167906 0.088604057685252
   endloop
endfacet
facet normal 0.256061999217166 -0.616392336696436 -0.744642692718337
   outer loop
      vertex 0.332648088162637 0.164476728469897 0.105903058768998
      vertex 0.332072221858438 0.162215526184862 0.107576788055901
      vertex 0.276910493421663 0.162220527167906 0.088604057685252
   endloop
endfacet
facet normal 0.195429653298124 -0.799200002020459 -0.568407078933992
   outer loop
      vertex 0.332072221858438 0.162215526184862 0.107576788055901
      vertex 0.276163956375003 0.160494523427968 0.090774204331835
      vertex 0.276910493421663 0.162220527167906 0.088604057685252
   endloop
endfacet
facet normal -0.301710878461833 -0.373709597632726 0.877104145728987
   outer loop
      vertex 0.271289901378975 0.164666073263091 0.104946092855204
      vertex 0.270941092830055 0.167329592803150 0.105960959204003
      vertex 0.215779366380811 0.167334493811530 0.086988227776800
   endloop
endfacet
facet normal 0.121479117814094 -0.927537687363039 -0.353435513858377
   outer loop
      vertex -0.221157623295685 0.159465740717309 -0.077462088044290
      vertex -0.276319351732461 0.159470741700353 -0.096434818414941
      vertex -0.220291287774710 0.160538942615683 -0.079980775321509
   endloop
endfacet
facet normal -0.299239838443892 0.391604125563185 0.870115927868217
   outer loop
      vertex -0.280657435934255 0.173072671115720 -0.083818713130440
      vertex -0.335453157974103 0.175719850850078 -0.103854789884506
      vertex -0.335819120396028 0.173077573170179 -0.102791464556597
   endloop
endfacet
facet normal -0.322027314678666 0.140121104708020 0.936303628432706
   outer loop
      vertex -0.280657435934255 0.173072671115720 -0.083818713130440
      vertex -0.335819120396028 0.173077573170179 -0.102791464556597
      vertex -0.280788527568927 0.170229425971978 -0.083438298537791
   endloop
endfacet
facet normal 0.256053470575286 -0.616429828078955 -0.744614589744857
   outer loop
      vertex -0.108645427550301 0.164516146674569 -0.045879190513697
      vertex -0.109221295820867 0.162255043307856 -0.044205360175822
      vertex -0.164383022270109 0.162259944316236 -0.063178091603026
   endloop
endfacet
facet normal -0.301709943418150 -0.373721172997044 0.877099535341531
   outer loop
      vertex -0.170003616300330 0.164705590386085 -0.046836055376519
      vertex -0.170352422861717 0.167369009951480 -0.045821190084274
      vertex -0.225514151298492 0.167374010934523 -0.064793920454924
   endloop
endfacet
facet normal -0.200551678423520 -0.787416203307724 0.582884848876653
   outer loop
      vertex -0.059119037118339 0.162400704035697 -0.010522746330885
      vertex -0.114280763567582 0.162405605044077 -0.029495477758089
      vertex -0.058383711260308 0.160630562405781 -0.012661020072141
   endloop
endfacet
facet normal -0.127440323479037 -0.920135861076877 0.370282272208477
   outer loop
      vertex -0.003222084770144 0.160625658353413 0.006311811349648
      vertex -0.058383711260308 0.160630562405781 -0.012661020072141
      vertex -0.002362767949140 0.159501151704557 0.003813211364091
   endloop
endfacet
facet normal -0.195422620572783 0.799216933339315 0.568385690207070
   outer loop
      vertex -0.059068818391024 0.177956343636412 -0.010664744154924
      vertex -0.058322279356831 0.179682247401687 -0.012834891858063
      vertex -0.113483907813363 0.179687250372376 -0.031807622228879
   endloop
endfacet
facet normal 0.259986822122471 0.601063058120072 -0.755731468503201
   outer loop
      vertex 0.276960714136511 0.177776066793959 0.088462058804658
      vertex 0.222360209954785 0.175486086462026 0.067857075687203
      vertex 0.221799085679979 0.177781069764648 0.069489328433843
   endloop
endfacet
facet normal -0.195417260537986 0.799228651605547 0.568371055505650
   outer loop
      vertex 0.271901344382507 0.177926730492489 0.103171942278778
      vertex 0.272647883395534 0.179652635314105 0.101001694581221
      vertex 0.217486154958757 0.179657636297149 0.082028964210572
   endloop
endfacet
facet normal 0.121481812476825 -0.927534556309215 -0.353442804552043
   outer loop
      vertex -0.109967932847772 0.160529037580272 -0.042035213529071
      vertex -0.165995996826688 0.159460837721284 -0.058489356616920
      vertex -0.165129561304302 0.160534040550961 -0.061007943899887
   endloop
endfacet
facet normal -0.256058000086291 0.616409590602862 0.744629785332699
   outer loop
      vertex 0.327062972839037 0.177921727521800 0.122144672649595
      vertex 0.271901344382507 0.177926730492489 0.103171942278778
      vertex 0.326487104547305 0.175660625211429 0.123818402993052
   endloop
endfacet
facet normal 0.322869784319783 0.120938954500107 -0.938684649740113
   outer loop
      vertex -0.218471719401254 0.170011573656167 -0.085268392232289
      vertex -0.273633435863056 0.170016475391483 -0.104241173656719
      vertex -0.218584497188065 0.172861984070297 -0.084939939949872
   endloop
endfacet
facet normal 0.301710878461861 0.373709597632550 -0.877104145729052
   outer loop
      vertex -0.163422770738823 0.172857083061917 -0.065967208522669
      vertex -0.218584497188065 0.172861984070297 -0.084939939949872
      vertex -0.163771579287743 0.175520602601974 -0.064952342173870
   endloop
endfacet
facet normal 0.121470823409002 -0.927549835723783 -0.353406481702193
   outer loop
      vertex -0.054806206398528 0.160524136571892 -0.023062482101866
      vertex -0.110834270356280 0.159455935656563 -0.039516525195298
      vertex -0.109967932847772 0.160529037580272 -0.042035213529071
   endloop
endfacet
facet normal 0.127452841471369 0.920121416467782 -0.370313856287065
   outer loop
      vertex -0.000442264865402 0.180695428139578 -0.001764922480776
      vertex 0.000416953962890 0.179570819528413 -0.004263523522720
      vertex -0.054744674514806 0.179575823555444 -0.023236353887954
   endloop
endfacet
facet normal 0.045659412874584 0.990132143169660 -0.132489837641250
   outer loop
      vertex 0.053794686771642 0.181092841342234 0.019896504576714
      vertex 0.054719363591128 0.180690425168889 0.017207807890039
      vertex -0.000442264865402 0.180695428139578 -0.001764922480776
   endloop
endfacet
facet normal -0.039244651653285 0.992663649336603 0.114362304114376
   outer loop
      vertex 0.108029137540327 0.180740643256269 0.041564714084360
      vertex 0.108956315228174 0.181087838371544 0.038869234947530
      vertex 0.053794686771642 0.181092841342234 0.019896504576714
   endloop
endfacet
facet normal -0.121481188011992 0.927537687533227 0.353434801858432
   outer loop
      vertex 0.162324528489760 0.179662539293175 0.063056232783201
      vertex 0.163190864010735 0.180735741191547 0.060537545505982
      vertex 0.108029137540327 0.180740643256269 0.041564714084360
   endloop
endfacet
facet normal -0.195431255569308 0.799200002152735 0.568406527852797
   outer loop
      vertex 0.216739617912097 0.177931632557211 0.084199110857157
      vertex 0.217486154958757 0.179657636297149 0.082028964210572
      vertex 0.162324528489760 0.179662539293175 0.063056232783201
   endloop
endfacet
facet normal -0.256062513237501 0.616399021219540 0.744636982666109
   outer loop
      vertex 0.271901344382507 0.177926730492489 0.103171942278778
      vertex 0.216739617912097 0.177931632557211 0.084199110857157
      vertex 0.271325378098063 0.175665526219808 0.104845671565848
   endloop
endfacet
facet normal 0.301712717057109 0.373709597459617 -0.877103513350954
   outer loop
      vertex -0.218584497188065 0.172861984070297 -0.084939939949872
      vertex -0.273746145653345 0.172866987277262 -0.103912730317306
      vertex -0.218933305736985 0.175525503610355 -0.083925073601073
   endloop
endfacet
facet normal 0.200547205601797 0.787427685261313 -0.582870876617902
   outer loop
      vertex -0.220229755890988 0.179590629599235 -0.080154647107596
      vertex -0.274656158467617 0.177825488846728 -0.101265641220061
      vertex -0.275391452350392 0.179595531415178 -0.099127398533734
   endloop
endfacet
facet normal 0.200544749279955 0.787432883889550 -0.582864698627071
   outer loop
      vertex -0.109906400964050 0.179580724563824 -0.042209085315159
      vertex -0.109171077093552 0.177810682908571 -0.044347357999861
      vertex -0.164332803542794 0.177815583916951 -0.063320089427066
   endloop
endfacet
facet normal 0.256058436555972 -0.616412574405196 -0.744627165220065
   outer loop
      vertex -0.163807155987076 0.164521147657613 -0.064851920884347
      vertex -0.164383022270109 0.162259944316236 -0.063178091603026
      vertex -0.219544650747806 0.162264948343267 -0.082150921968259
   endloop
endfacet
facet normal 0.127439471347068 0.920135861149623 -0.370282565305501
   outer loop
      vertex -0.055603991335810 0.180700330204299 -0.020737753902398
      vertex -0.054744674514806 0.179575823555444 -0.023236353887954
      vertex -0.109906400964050 0.179580724563824 -0.042209085315159
   endloop
endfacet
facet normal 0.045647732796620 0.990136583682493 -0.132460673953024
   outer loop
      vertex -0.001367039698766 0.181097743406955 0.000923673155092
      vertex -0.000442264865402 0.180695428139578 -0.001764922480776
      vertex -0.055603991335810 0.180700330204299 -0.020737753902398
   endloop
endfacet
facet normal -0.195430246977553 0.799203759552515 0.568401591556022
   outer loop
      vertex 0.161577891462855 0.177936533565591 0.065226379429952
      vertex 0.162324528489760 0.179662539293175 0.063056232783201
      vertex 0.107162802019352 0.179667441357895 0.044083401361579
   endloop
endfacet
facet normal -0.256053470575204 0.616429828079322 0.744614589744581
   outer loop
      vertex 0.216739617912097 0.177931632557211 0.084199110857157
      vertex 0.161577891462855 0.177936533565591 0.065226379429952
      vertex 0.216163749641531 0.175670529190499 0.085872941195033
   endloop
endfacet
facet normal -0.299237509971436 0.391616128639604 0.870111326449337
   outer loop
      vertex 0.271325378098063 0.175665526219808 0.104845671565848
      vertex 0.216163749641531 0.175670529190499 0.085872941195033
      vertex 0.270959424686433 0.173023348733215 0.105908997950291
   endloop
endfacet
facet normal 0.301711291592160 0.373721172869133 -0.877099071641915
   outer loop
      vertex 0.001713402129361 0.175505793514197 -0.008033948959642
      vertex -0.053099417799416 0.172847278001170 -0.028021645673676
      vertex -0.053448224360803 0.175510697566564 -0.027006780381431
   endloop
endfacet
facet normal 0.322870496753446 0.120921084781980 -0.938686706831056
   outer loop
      vertex -0.273746145653345 0.172866987277262 -0.103912730317306
      vertex -0.328795121326748 0.170021377531700 -0.123213935082317
      vertex -0.328907832118957 0.172871889503236 -0.122885501742344
   endloop
endfacet
facet normal 0.301710139873495 0.373721129099572 -0.877099486467788
   outer loop
      vertex -0.273746145653345 0.172866987277262 -0.103912730317306
      vertex -0.328907832118957 0.172871889503236 -0.122885501742344
      vertex -0.274094984189989 0.175530505904123 -0.102897833970132
   endloop
endfacet
facet normal 0.259992158088740 0.601041850503671 -0.755746499611796
   outer loop
      vertex -0.218933305736985 0.175525503610355 -0.083925073601073
      vertex -0.274094984189989 0.175530505904123 -0.102897833970132
      vertex -0.219494430032958 0.177820487969318 -0.082292920848853
   endloop
endfacet
facet normal 0.200546057917648 0.787432883780339 -0.582864248513383
   outer loop
      vertex -0.165068127413292 0.179585625572204 -0.061181816742363
      vertex -0.164332803542794 0.177815583916951 -0.063320089427066
      vertex -0.219494430032958 0.177820487969318 -0.082292920848853
   endloop
endfacet
facet normal 0.195430537971235 -0.799203759582195 -0.568401491463524
   outer loop
      vertex 0.111425412045481 0.162235333211697 0.031685764465609
      vertex 0.055517148528410 0.160514231536481 0.014883079690572
      vertex 0.056263785555315 0.162240237264065 0.012712933043820
   endloop
endfacet
facet normal 0.127439471347183 0.920135861149496 -0.370282565305777
   outer loop
      vertex -0.110765717785054 0.180705231212679 -0.039710485329602
      vertex -0.109906400964050 0.179580724563824 -0.042209085315159
      vertex -0.165068127413292 0.179585625572204 -0.061181816742363
   endloop
endfacet
facet normal 0.045646631093545 0.990136962233073 -0.132458223941259
   outer loop
      vertex -0.056528666167764 0.181102646402981 -0.018049058272278
      vertex -0.055603991335810 0.180700330204299 -0.020737753902398
      vertex -0.110765717785054 0.180705231212679 -0.039710485329602
   endloop
endfacet
facet normal -0.299240905208612 0.391603098562605 0.870116023209605
   outer loop
      vertex 0.216163749641531 0.175670529190499 0.085872941195033
      vertex 0.161002023171123 0.175675431255220 0.066900109773409
      vertex 0.215797798217433 0.173028251729241 0.086936266522922
   endloop
endfacet
facet normal -0.299239501569612 0.391603098443292 0.870116505986401
   outer loop
      vertex 0.050678668244182 0.175685336290631 0.028954547980971
      vertex -0.004483058205060 0.175690237299011 0.009981816553767
      vertex 0.050312716820085 0.173043058829373 0.030017873308861
   endloop
endfacet
facet normal -0.322870254016416 -0.120924097538110 0.938686402216400
   outer loop
      vertex 0.160617639910403 0.167339395876252 0.068015396355177
      vertex 0.160504960116304 0.170189908252691 0.068343849693982
      vertex 0.105343331659773 0.170194911223380 0.049371119323166
   endloop
endfacet
facet normal -0.301708579852161 -0.373738052099340 0.877092812224900
   outer loop
      vertex 0.216128174908565 0.164670975327813 0.085973261433583
      vertex 0.215779366380811 0.167334493811530 0.086988227776800
      vertex 0.160617639910403 0.167339395876252 0.068015396355177
   endloop
endfacet
facet normal 0.045645898602729 0.990137280911179 -0.132456094199424
   outer loop
      vertex 0.108956315228174 0.181087838371544 0.038869234947530
      vertex 0.109881090040372 0.180685524160508 0.036180539317243
      vertex 0.054719363591128 0.180690425168889 0.017207807890039
   endloop
endfacet
facet normal -0.039246400390930 0.992663649496533 0.114361702613150
   outer loop
      vertex 0.163190864010735 0.180735741191547 0.060537545505982
      vertex 0.164118041698582 0.181082936306823 0.057842066369152
      vertex 0.108956315228174 0.181087838371544 0.038869234947530
   endloop
endfacet
facet normal -0.200554564182480 -0.787411563003243 0.582890124495488
   outer loop
      vertex 0.327012752124190 0.162366187895747 0.122286671530188
      vertex 0.271851025653781 0.162371089960469 0.103313840108565
      vertex 0.327747978001976 0.160596044278185 0.120148397789097
   endloop
endfacet
facet normal -0.259986663809041 -0.601063058137841 0.755731522952054
   outer loop
      vertex 0.327012752124190 0.162366187895747 0.122286671530188
      vertex 0.271289901378975 0.164666073263091 0.104946092855204
      vertex 0.271851025653781 0.162371089960469 0.103313840108565
   endloop
endfacet
facet normal -0.301708880477443 -0.373738052067612 0.877092708827154
   outer loop
      vertex -0.225165342770738 0.164710492450807 -0.065808886798142
      vertex -0.225514151298492 0.167374010934523 -0.064793920454924
      vertex -0.280675817780754 0.167378914191833 -0.083766751876645
   endloop
endfacet
facet normal 0.127451766488087 0.920122309261739 -0.370312007931029
   outer loop
      vertex -0.276250739173089 0.180720038449058 -0.096628778549344
      vertex -0.330553139813689 0.179600433515642 -0.118100159959328
      vertex -0.331412429630071 0.180725040821212 -0.115601568916709
   endloop
endfacet
facet normal 0.322027602201563 -0.140121104733007 -0.936303529539814
   outer loop
      vertex -0.273633435863056 0.170016475391483 -0.104241173656719
      vertex -0.273764527497729 0.167173230247740 -0.103860759064070
      vertex -0.328926214963142 0.167178132453839 -0.122833530489106
   endloop
endfacet
facet normal 0.045659119919212 0.990132302572356 -0.132488747337155
   outer loop
      vertex -0.277175465982697 0.181122453628580 -0.093940081862587
      vertex -0.276250739173089 0.180720038449058 -0.096628778549344
      vertex -0.331412429630071 0.180725040821212 -0.115601568916709
   endloop
endfacet
facet normal -0.200546057917677 -0.787432883780345 0.582864248513365
   outer loop
      vertex -0.114280763567582 0.162405605044077 -0.029495477758089
      vertex -0.169442390057746 0.162410509096445 -0.048468309179878
      vertex -0.113545439697084 0.160635563388824 -0.031633750442792
   endloop
endfacet
facet normal -0.299239973949663 0.391603098483637 0.870116343513108
   outer loop
      vertex -0.004483058205060 0.175690237299011 0.009981816553767
      vertex -0.059644684674057 0.175695140295036 -0.008990914873603
      vertex -0.004849009629157 0.173047959837754 0.011045141881656
   endloop
endfacet
facet normal 0.322868969823148 0.120938954555418 -0.938684929886691
   outer loop
      vertex -0.163422770738823 0.172857083061917 -0.065967208522669
      vertex -0.218471719401254 0.170011573656167 -0.085268392232289
      vertex -0.218584497188065 0.172861984070297 -0.084939939949872
   endloop
endfacet
facet normal -0.301709136901216 -0.373731156750413 0.877095558753048
   outer loop
      vertex 0.160966546452035 0.164675978298502 0.067000531062766
      vertex 0.160617639910403 0.167339395876252 0.068015396355177
      vertex 0.105456011453873 0.167344398846941 0.049042665984361
   endloop
endfacet
facet normal -0.259990157551902 -0.601049417747273 0.755741169582419
   outer loop
      vertex 0.216689399184782 0.162375992956494 0.084341108681196
      vertex 0.216128174908565 0.164670975327813 0.085973261433583
      vertex 0.160966546452035 0.164675978298502 0.067000531062766
   endloop
endfacet
facet normal -0.200545099687788 -0.787432883860321 0.582864578102524
   outer loop
      vertex 0.271851025653781 0.162371089960469 0.103313840108565
      vertex 0.216689399184782 0.162375992956494 0.084341108681196
      vertex 0.272586349524279 0.160601048305216 0.101175567423863
   endloop
endfacet
facet normal 0.259983578235717 0.601070625034210 -0.755726566139326
   outer loop
      vertex -0.163771579287743 0.175520602601974 -0.064952342173870
      vertex -0.218933305736985 0.175525503610355 -0.083925073601073
      vertex -0.164332803542794 0.177815583916951 -0.063320089427066
   endloop
endfacet
facet normal -0.127441804261519 -0.920135860948976 0.370281762880993
   outer loop
      vertex 0.327747978001976 0.160596044278185 0.120148397789097
      vertex 0.272586349524279 0.160601048305216 0.101175567423863
      vertex 0.328607294822980 0.159471537629330 0.117649797803542
   endloop
endfacet
facet normal -0.200547317637487 -0.787432883673674 0.582863815224252
   outer loop
      vertex 0.327747978001976 0.160596044278185 0.120148397789097
      vertex 0.271851025653781 0.162371089960469 0.103313840108565
      vertex 0.272586349524279 0.160601048305216 0.101175567423863
   endloop
endfacet
facet normal -0.259989160698962 -0.601049417821755 0.755741512459901
   outer loop
      vertex -0.224604118494521 0.162415510079489 -0.067441039550528
      vertex -0.225165342770738 0.164710492450807 -0.065808886798142
      vertex -0.280326979237761 0.164715395248068 -0.084781618225494
   endloop
endfacet
facet normal 0.045646802524614 0.990136985301384 -0.132457992426153
   outer loop
      vertex -0.277175465982697 0.181122453628580 -0.093940081862587
      vertex -0.331412429630071 0.180725040821212 -0.115601568916709
      vertex -0.332337155456183 0.181127356217463 -0.112912893285387
   endloop
endfacet
facet normal -0.039257625036839 0.992659437264618 0.114394407581658
   outer loop
      vertex -0.278102611688939 0.180775159134935 -0.091244603782360
      vertex -0.277175465982697 0.181122453628580 -0.093940081862587
      vertex -0.332337155456183 0.181127356217463 -0.112912893285387
   endloop
endfacet
facet normal -0.299239100449809 0.391616128775840 0.870110779409504
   outer loop
      vertex -0.059644684674057 0.175695140295036 -0.008990914873603
      vertex -0.114806411144467 0.175700042359758 -0.027963746295225
      vertex -0.060010638085687 0.173052962808443 -0.007927588489158
   endloop
endfacet
facet normal -0.322026956740728 0.140123305782652 0.936303422138810
   outer loop
      vertex -0.004849009629157 0.173047959837754 0.011045141881656
      vertex -0.060010638085687 0.173052962808443 -0.007927588489158
      vertex -0.004980121259879 0.170204714296482 0.011425556474339
   endloop
endfacet
facet normal -0.322869557325227 -0.120924097609203 0.938686641840616
   outer loop
      vertex 0.050294284983463 0.167349300911663 0.030069834562738
      vertex 0.050181605189363 0.170199813288101 0.030398287901543
      vertex -0.004980121259879 0.170204714296482 0.011425556474339
   endloop
endfacet
facet normal -0.200546008998794 -0.787432883784451 0.582864265339332
   outer loop
      vertex 0.216689399184782 0.162375992956494 0.084341108681196
      vertex 0.161527670748008 0.162380993939538 0.065368378310546
      vertex 0.217424723055280 0.160605951301242 0.082202835996493
   endloop
endfacet
facet normal -0.322027210246406 0.140123305806592 0.936303334945865
   outer loop
      vertex 0.270959424686433 0.173023348733215 0.105908997950291
      vertex 0.215797798217433 0.173028251729241 0.086936266522922
      vertex 0.270828313055711 0.170180103191943 0.106289412542973
   endloop
endfacet
facet normal -0.045646236135669 -0.990137280881749 0.132455978101190
   outer loop
      vertex 0.328607294822980 0.159471537629330 0.117649797803542
      vertex 0.273445668332816 0.159476441681697 0.098676966381753
      vertex 0.329532069635178 0.159069223418293 0.114961102173255
   endloop
endfacet
facet normal -0.127449842264870 -0.920123403883978 0.370309950354595
   outer loop
      vertex 0.328607294822980 0.159471537629330 0.117649797803542
      vertex 0.272586349524279 0.160601048305216 0.101175567423863
      vertex 0.273445668332816 0.159476441681697 0.098676966381753
   endloop
endfacet
facet normal -0.322029693921879 0.140091076654538 0.936307303439610
   outer loop
      vertex -0.060010638085687 0.173052962808443 -0.007927588489158
      vertex -0.115172364556098 0.173057864873165 -0.026900419910781
      vertex -0.060141749737575 0.170209718323513 -0.007547273890895
   endloop
endfacet
facet normal -0.045648233673862 -0.990136264994831 0.132462883497768
   outer loop
      vertex 0.164046988258996 0.159084029462084 0.058042808953613
      vertex 0.107960586956634 0.159491247725488 0.041758673162111
      vertex 0.108885261809754 0.159088930470465 0.039070077526408
   endloop
endfacet
facet normal 0.127452225479393 0.920121416529696 -0.370314068141808
   outer loop
      vertex 0.220204444967310 0.180675619125097 0.074126101109683
      vertex 0.165902035339073 0.179556013484622 0.052654769696922
      vertex 0.165042816510780 0.180680622095786 0.055153370738866
   endloop
endfacet
facet normal 0.039246263648766 -0.992663649484148 -0.114361749647445
   outer loop
      vertex 0.220135792415840 0.159426321581334 0.074320061244153
      vertex 0.164046988258996 0.159084029462084 0.058042808953613
      vertex 0.164974165946843 0.159431224577360 0.055347329816782
   endloop
endfacet
facet normal -0.256056162690840 0.616419258236424 0.744622414128999
   outer loop
      vertex 0.161002023171123 0.175675431255220 0.066900109773409
      vertex 0.106416262985159 0.177941537592622 0.046253549064718
      vertex 0.105840296721881 0.175680332263600 0.047927378346206
   endloop
endfacet
facet normal 0.301712807579303 0.373709597450762 -0.877103482216212
   outer loop
      vertex -0.108609952797579 0.175515698549607 -0.045979510752081
      vertex -0.163422770738823 0.172857083061917 -0.065967208522669
      vertex -0.163771579287743 0.175520602601974 -0.064952342173870
   endloop
endfacet
facet normal 0.945637006515155 -0.000091020554047 0.325223989927427
   outer loop
      vertex 0.327809609865942 0.179647733249383 0.119974526002844
      vertex 0.327012752124190 0.162366187895747 0.122286671530188
      vertex 0.327747978001976 0.160596044278185 0.120148397789097
   endloop
endfacet
facet normal 0.045658574343787 0.990132461994711 -0.132487743935752
   outer loop
      vertex 0.274441396604356 0.181073032327753 0.095787528167173
      vertex 0.220204444967310 0.180675619125097 0.074126101109683
      vertex 0.219279668167580 0.181078033310797 0.076814797796523
   endloop
endfacet
facet normal -0.322870841815759 -0.120891608520641 0.938690384788550
   outer loop
      vertex 0.270941092830055 0.167329592803150 0.105960959204003
      vertex 0.215666686565546 0.170185007244310 0.087316581121186
      vertex 0.215779366380811 0.167334493811530 0.086988227776800
   endloop
endfacet
facet normal -0.259989716803956 -0.601049417780376 0.755741321182102
   outer loop
      vertex -0.169442390057746 0.162410509096445 -0.048468309179878
      vertex -0.225165342770738 0.164710492450807 -0.065808886798142
      vertex -0.224604118494521 0.162415510079489 -0.067441039550528
   endloop
endfacet
facet normal 0.121479117814096 -0.927537687363037 -0.353435513858382
   outer loop
      vertex 0.221002229904593 0.160499425492690 0.071801372910214
      vertex 0.164974165946843 0.159431224577360 0.055347329816782
      vertex 0.165840501467818 0.160504426475734 0.052828642539564
   endloop
endfacet
facet normal -0.322027464183898 0.140112300269939 0.936304894585281
   outer loop
      vertex 0.160504960116304 0.170189908252691 0.068343849693982
      vertex 0.105474343310251 0.173038154777007 0.048990704730650
      vertex 0.105343331659773 0.170194911223380 0.049371119323166
   endloop
endfacet
facet normal 0.301710151898135 0.373719581129934 -0.877100141900383
   outer loop
      vertex -0.053448224360803 0.175510697566564 -0.027006780381431
      vertex -0.108261044268415 0.172852180997195 -0.046994377101046
      vertex -0.108609952797579 0.175515698549607 -0.045979510752081
   endloop
endfacet
facet normal -0.256058624936720 0.616409590657422 0.744629570418115
   outer loop
      vertex 0.050678668244182 0.175685336290631 0.028954547980971
      vertex -0.003907189913327 0.177951339609381 0.008308086210310
      vertex -0.004483058205060 0.175690237299011 0.009981816553767
   endloop
endfacet
facet normal -0.121483882655953 0.927534556515064 0.353442092463870
   outer loop
      vertex 0.052001073582575 0.179672442340939 0.025110670990928
      vertex -0.002294117385203 0.180750549222984 0.003619252286174
      vertex -0.003160552907589 0.179677346393307 0.006137839569142
   endloop
endfacet
facet normal 0.039256020218167 -0.992659379562544 -0.114395459014496
   outer loop
      vertex 0.275297520852617 0.159421320598290 0.093292791614803
      vertex 0.219208716695770 0.159079028479041 0.077015539324263
      vertex 0.220135792415840 0.159426321581334 0.074320061244153
   endloop
endfacet
facet normal -0.322027717672191 0.140112300285092 0.936304807399631
   outer loop
      vertex -0.115303476186819 0.170214619331893 -0.026520005318099
      vertex -0.170334091005339 0.173062765881544 -0.045873151337985
      vertex -0.170465102655816 0.170219522327918 -0.045492736745469
   endloop
endfacet
facet normal 0.322027210246441 -0.140123305806279 -0.936303334945900
   outer loop
      vertex 0.112498343370866 0.169981959580939 0.028568194207161
      vertex 0.057205605271145 0.167143617035693 0.009975877372473
      vertex 0.057336716901867 0.169986862576965 0.009595462779791
   endloop
endfacet
facet normal 0.299239973949672 -0.391603098483503 -0.870116343513165
   outer loop
      vertex 0.277852313116327 0.167123907995876 0.085866902019486
      vertex 0.222324735223230 0.164486533530644 0.067957495920006
      vertex 0.222690686647327 0.167128810991902 0.066894170592116
   endloop
endfacet
facet normal -0.195429339364022 0.799203759459445 0.568401903745609
   outer loop
      vertex 0.216739617912097 0.177931632557211 0.084199110857157
      vertex 0.162324528489760 0.179662539293175 0.063056232783201
      vertex 0.161577891462855 0.177936533565591 0.065226379429952
   endloop
endfacet
facet normal -0.256059196480375 0.616409590706701 0.744629373838168
   outer loop
      vertex 0.105840296721881 0.175680332263600 0.047927378346206
      vertex 0.051254536535915 0.177946438601003 0.027280817637514
      vertex 0.050678668244182 0.175685336290631 0.028954547980971
   endloop
endfacet
facet normal 0.195431872200830 -0.799200002203161 -0.568406315769403
   outer loop
      vertex 0.276910493421663 0.162220527167906 0.088604057685252
      vertex 0.221002229904593 0.160499425492690 0.071801372910214
      vertex 0.221748766951253 0.162225429232627 0.069631226263629
   endloop
endfacet
facet normal 0.322028461996656 -0.140112300329616 -0.936304551393622
   outer loop
      vertex 0.167660071828807 0.169976957541554 0.047541024572230
      vertex 0.112367331720389 0.167138716027312 0.028948608799677
      vertex 0.112498343370866 0.169981959580939 0.028568194207161
   endloop
endfacet
facet normal 0.301710878461808 0.373709597632841 -0.877104145728946
   outer loop
      vertex -0.163771579287743 0.175520602601974 -0.064952342173870
      vertex -0.218584497188065 0.172861984070297 -0.084939939949872
      vertex -0.218933305736985 0.175525503610355 -0.083925073601073
   endloop
endfacet
facet normal 0.045659412874601 0.990132143169660 -0.132489837641242
   outer loop
      vertex 0.108956315228174 0.181087838371544 0.038869234947530
      vertex 0.054719363591128 0.180690425168889 0.017207807890039
      vertex 0.053794686771642 0.181092841342234 0.019896504576714
   endloop
endfacet
facet normal -0.301708579852141 -0.373738052099341 0.877092812224906
   outer loop
      vertex 0.271289901378975 0.164666073263091 0.104946092855204
      vertex 0.215779366380811 0.167334493811530 0.086988227776800
      vertex 0.216128174908565 0.164670975327813 0.085973261433583
   endloop
endfacet
facet normal -0.259990440020877 -0.601049417726171 0.755741072424135
   outer loop
      vertex 0.161527670748008 0.162380993939538 0.065368378310546
      vertex 0.105804819981626 0.164680880363225 0.048027699641143
      vertex 0.106366044257844 0.162385897991906 0.046395546888757
   endloop
endfacet
facet normal 0.299239314745680 -0.391603098427459 -0.870116570243637
   outer loop
      vertex 0.002043878800737 0.167148519100414 -0.008996954049148
      vertex -0.053483701079891 0.164511244609847 -0.026906359092075
      vertex -0.053117749655793 0.167153522071104 -0.027969684419964
   endloop
endfacet
facet normal -0.301708579852167 -0.373738052099250 0.877092812224936
   outer loop
      vertex 0.160966546452035 0.164675978298502 0.067000531062766
      vertex 0.105456011453873 0.167344398846941 0.049042665984361
      vertex 0.105804819981626 0.164680880363225 0.048027699641143
   endloop
endfacet
facet normal -0.259990614362318 -0.601041850661592 0.755747030557709
   outer loop
      vertex 0.106366044257844 0.162385897991906 0.046395546888757
      vertex 0.050643193512627 0.164685783359249 0.029054968213774
      vertex 0.051204317808600 0.162390799000286 0.027422815461554
   endloop
endfacet
facet normal -0.200547635030997 -0.787428243784922 0.582869974328124
   outer loop
      vertex -0.113545439697084 0.160635563388824 -0.031633750442792
      vertex -0.169442390057746 0.162410509096445 -0.048468309179878
      vertex -0.168707166167493 0.160640465453546 -0.050606581864414
   endloop
endfacet
facet normal -0.301709136901218 -0.373731156750414 0.877095558753047
   outer loop
      vertex 0.216128174908565 0.164670975327813 0.085973261433583
      vertex 0.160617639910403 0.167339395876252 0.068015396355177
      vertex 0.160966546452035 0.164675978298502 0.067000531062766
   endloop
endfacet
facet normal -0.200546008998790 -0.787432883784455 0.582864265339329
   outer loop
      vertex -0.058383711260308 0.160630562405781 -0.012661020072141
      vertex -0.114280763567582 0.162405605044077 -0.029495477758089
      vertex -0.113545439697084 0.160635563388824 -0.031633750442792
   endloop
endfacet
facet normal -0.322026949543297 0.140121104676049 0.936303754020138
   outer loop
      vertex -0.225626831113757 0.170224524367304 -0.064465567110537
      vertex -0.280657435934255 0.173072671115720 -0.083818713130440
      vertex -0.280788527568927 0.170229425971978 -0.083438298537791
   endloop
endfacet
facet normal 0.322028208055594 -0.140123305900577 -0.936302991749998
   outer loop
      vertex 0.057336716901867 0.169986862576965 0.009595462779791
      vertex 0.002043878800737 0.167148519100414 -0.008996954049148
      vertex 0.002174990431458 0.169991764641687 -0.009377368641831
   endloop
endfacet
facet normal 0.195430560928418 -0.799200002095885 -0.568406766765792
   outer loop
      vertex 0.001102059106073 0.162245138272444 -0.006259798383383
      vertex -0.054806206398528 0.160524136571892 -0.023062482101866
      vertex -0.054059669351868 0.162250140311830 -0.025232628748451
   endloop
endfacet
facet normal -0.256059821328434 0.616409590760432 0.744629158923962
   outer loop
      vertex 0.216163749641531 0.175670529190499 0.085872941195033
      vertex 0.161577891462855 0.177936533565591 0.065226379429952
      vertex 0.161002023171123 0.175675431255220 0.066900109773409
   endloop
endfacet
facet normal -0.200552086091234 -0.787418338699552 0.582881823909523
   outer loop
      vertex -0.223868792636490 0.160645368449571 -0.069579313291784
      vertex -0.279765794974808 0.162420413138033 -0.086413870972233
      vertex -0.279030511075242 0.160650369631380 -0.088552043662450
   endloop
endfacet
facet normal -0.200552987104118 -0.787416203198975 0.582884398747578
   outer loop
      vertex -0.003222084770144 0.160625658353413 0.006311811349648
      vertex -0.059119037118339 0.162400704035697 -0.010522746330885
      vertex -0.058383711260308 0.160630562405781 -0.012661020072141
   endloop
endfacet
facet normal -0.200552028842072 -0.787416203278464 0.582884728348460
   outer loop
      vertex -0.168707166167493 0.160640465453546 -0.050606581864414
      vertex -0.224604118494521 0.162415510079489 -0.067441039550528
      vertex -0.223868792636490 0.160645368449571 -0.069579313291784
   endloop
endfacet
facet normal 0.299242684992922 -0.391575353417320 -0.870127897538245
   outer loop
      vertex -0.108279476105037 0.167158423079484 -0.046942415847169
      vertex -0.108645427550301 0.164516146674569 -0.045879190513697
      vertex -0.163807155987076 0.164521147657613 -0.064851920884347
   endloop
endfacet
facet normal -0.301710072009911 -0.373719581134634 0.877100169378805
   outer loop
      vertex 0.105804819981626 0.164680880363225 0.048027699641143
      vertex 0.050294284983463 0.167349300911663 0.030069834562738
      vertex 0.050643193512627 0.164685783359249 0.029054968213774
   endloop
endfacet
facet normal -0.039246400390799 0.992663649496576 0.114361702612823
   outer loop
      vertex -0.002294117385203 0.180750549222984 0.003619252286174
      vertex -0.056528666167764 0.181102646402981 -0.018049058272278
      vertex -0.057455843855611 0.180755451287706 -0.015353579135448
   endloop
endfacet
facet normal -0.322027954550520 0.140123305876784 0.936303078943015
   outer loop
      vertex -0.170465102655816 0.170219522327918 -0.045492736745469
      vertex -0.225495719483036 0.173067769908575 -0.064845981703220
      vertex -0.225626831113757 0.170224524367304 -0.064465567110537
   endloop
endfacet
facet normal 0.121480105608288 -0.927539028306352 -0.353431655217679
   outer loop
      vertex 0.000355520071880 0.160519234507170 -0.004089650680244
      vertex -0.055672641899747 0.159450932685873 -0.020543794824481
      vertex -0.054806206398528 0.160524136571892 -0.023062482101866
   endloop
endfacet
facet normal 0.045646130250767 0.990137280891028 -0.132456014521240
   outer loop
      vertex 0.164118041698582 0.181082936306823 0.057842066369152
      vertex 0.109881090040372 0.180685524160508 0.036180539317243
      vertex 0.108956315228174 0.181087838371544 0.038869234947530
   endloop
endfacet
facet normal -0.039243703202073 0.992664004507815 0.114359546665319
   outer loop
      vertex 0.052867511071327 0.180745546252295 0.022591982656990
      vertex -0.001367039698766 0.181097743406955 0.000923673155092
      vertex -0.002294117385203 0.180750549222984 0.003619252286174
   endloop
endfacet
facet normal -0.039257412752560 0.992659461914728 0.114394266530882
   outer loop
      vertex -0.057455843855611 0.180755451287706 -0.015353579135448
      vertex -0.111690394604540 0.181107647386025 -0.037021788642928
      vertex -0.112617570304855 0.180760352296086 -0.034326310562652
   endloop
endfacet
facet normal -0.259989204773706 -0.601049417818322 0.755741497300097
   outer loop
      vertex 0.271851025653781 0.162371089960469 0.103313840108565
      vertex 0.216128174908565 0.164670975327813 0.085973261433583
      vertex 0.216689399184782 0.162375992956494 0.084341108681196
   endloop
endfacet
facet normal 0.301711291592154 0.373721172869111 -0.877099071641927
   outer loop
      vertex 0.167198483505543 0.175490987470405 0.048884344259999
      vertex 0.112385663576767 0.172832471957378 0.028896647545966
      vertex 0.112036857015379 0.175495891522773 0.029911512838211
   endloop
endfacet
facet normal -0.121468227882844 0.927551176122879 0.353403855791170
   outer loop
      vertex 0.107162802019352 0.179667441357895 0.044083401361579
      vertex 0.052867511071327 0.180745546252295 0.022591982656990
      vertex 0.052001073582575 0.179672442340939 0.025110670990928
   endloop
endfacet
facet normal -0.259991567133203 -0.601041850564142 0.755746702864163
   outer loop
      vertex 0.216689399184782 0.162375992956494 0.084341108681196
      vertex 0.160966546452035 0.164675978298502 0.067000531062766
      vertex 0.161527670748008 0.162380993939538 0.065368378310546
   endloop
endfacet
facet normal 0.121478202435421 -0.927539028125513 -0.353432309837453
   outer loop
      vertex 0.055517148528410 0.160514231536481 0.014883079690572
      vertex -0.000510915429339 0.159446030621151 -0.001570963402859
      vertex 0.000355520071880 0.160519234507170 -0.004089650680244
   endloop
endfacet
facet normal -0.039244620032098 0.992663649333638 0.114362314991264
   outer loop
      vertex 0.218352592447509 0.180730740208504 0.079510275876633
      vertex 0.164118041698582 0.181082936306823 0.057842066369152
      vertex 0.163190864010735 0.180735741191547 0.060537545505982
   endloop
endfacet
facet normal 0.301710628105605 0.373721129056656 -0.877099318540802
   outer loop
      vertex -0.218933305736985 0.175525503610355 -0.083925073601073
      vertex -0.273746145653345 0.172866987277262 -0.103912730317306
      vertex -0.274094984189989 0.175530505904123 -0.102897833970132
   endloop
endfacet
facet normal 0.045647732796621 0.990136583682493 -0.132460673953026
   outer loop
      vertex 0.053794686771642 0.181092841342234 0.019896504576714
      vertex -0.000442264865402 0.180695428139578 -0.001764922480776
      vertex -0.001367039698766 0.181097743406955 0.000923673155092
   endloop
endfacet
facet normal -0.259989254207822 -0.601054267156812 0.755737623536799
   outer loop
      vertex 0.051204317808600 0.162390799000286 0.027422815461554
      vertex -0.004518534924147 0.164690784342293 0.010082237843123
      vertex -0.003957308681564 0.162395703052653 0.008449984039765
   endloop
endfacet
facet normal -0.322028208055588 0.140123305900747 0.936302991749974
   outer loop
      vertex 0.105343331659773 0.170194911223380 0.049371119323166
      vertex 0.050312716820085 0.173043058829373 0.030017873308861
      vertex 0.050181605189363 0.170199813288101 0.030398287901543
   endloop
endfacet
facet normal 0.195428319086969 -0.799203759353927 -0.568402254687112
   outer loop
      vertex 0.055517148528410 0.160514231536481 0.014883079690572
      vertex 0.000355520071880 0.160519234507170 -0.004089650680244
      vertex 0.056263785555315 0.162240237264065 0.012712933043820
   endloop
endfacet
facet normal 0.256055062088980 -0.616429828201271 -0.744614042361787
   outer loop
      vertex 0.112001280316047 0.164496436578410 0.030011934127733
      vertex 0.111425412045481 0.162235333211697 0.031685764465609
      vertex 0.056263785555315 0.162240237264065 0.012712933043820
   endloop
endfacet
facet normal 0.299239100449832 -0.391616128775661 -0.870110779409576
   outer loop
      vertex 0.167528960198086 0.167133712000281 0.047921439164912
      vertex 0.167163006786455 0.164491534513688 0.048984765549356
      vertex 0.112001280316047 0.164496436578410 0.030011934127733
   endloop
endfacet
facet normal 0.322026692830980 -0.140123305757726 -0.936303512910140
   outer loop
      vertex 0.222821798278049 0.169972056533174 0.066513755999434
      vertex 0.222690686647327 0.167128810991902 0.066894170592116
      vertex 0.167528960198086 0.167133712000281 0.047921439164912
   endloop
endfacet
facet normal 0.127439471346977 0.920135861149748 -0.370282565305221
   outer loop
      vertex 0.220204444967310 0.180675619125097 0.074126101109683
      vertex 0.221063761788314 0.179551112476243 0.071627501124126
      vertex 0.165902035339073 0.179556013484622 0.052654769696922
   endloop
endfacet
facet normal 0.039245232634975 -0.992664086789510 -0.114358307585306
   outer loop
      vertex 0.164974165946843 0.159431224577360 0.055347329816782
      vertex 0.108885261809754 0.159088930470465 0.039070077526408
      vertex 0.109812439476435 0.159436126642081 0.036374498395160
   endloop
endfacet
facet normal 0.045658951244120 0.990132302587721 -0.132488805352091
   outer loop
      vertex -0.222013747543946 0.181117452446772 -0.074967351491919
      vertex -0.276250739173089 0.180720038449058 -0.096628778549344
      vertex -0.277175465982697 0.181122453628580 -0.093940081862587
   endloop
endfacet
facet normal 0.045646736980366 0.990136962223359 -0.132458187524001
   outer loop
      vertex -0.166852121074949 0.181112549450746 -0.055994620064551
      vertex -0.221089072711992 0.180715136248090 -0.077656047122041
      vertex -0.222013747543946 0.181117452446772 -0.074967351491919
   endloop
endfacet
facet normal -0.322026692830973 0.140123305757715 0.936303512910144
   outer loop
      vertex 0.050181605189363 0.170199813288101 0.030398287901543
      vertex -0.004849009629157 0.173047959837754 0.011045141881656
      vertex -0.004980121259879 0.170204714296482 0.011425556474339
   endloop
endfacet
facet normal 0.301705844232917 0.373748035437500 -0.877089499174578
   outer loop
      vertex 0.222360209954785 0.175486086462026 0.067857075687203
      vertex 0.167547392013541 0.172827470974334 0.047869377916616
      vertex 0.167198483505543 0.175490987470405 0.048884344259999
   endloop
endfacet
facet normal -0.195430964571243 0.799200002129366 0.568406627937408
   outer loop
      vertex 0.106416262985159 0.177941537592622 0.046253549064718
      vertex 0.052001073582575 0.179672442340939 0.025110670990928
      vertex 0.051254536535915 0.177946438601003 0.027280817637514
   endloop
endfacet
facet normal -0.121479548627619 0.927539028253788 0.353431846798290
   outer loop
      vertex -0.168645634283771 0.179692152437098 -0.050780453650502
      vertex -0.222940925231793 0.180770257331497 -0.072271872355090
      vertex -0.223807360733013 0.179697053445478 -0.069753185077706
   endloop
endfacet
facet normal 0.121481188012189 -0.927537687532983 -0.353434801859004
   outer loop
      vertex -0.165129561304302 0.160534040550961 -0.061007943899887
      vertex -0.221157623295685 0.159465740717309 -0.077462088044290
      vertex -0.220291287774710 0.160538942615683 -0.079980775321509
   endloop
endfacet
facet normal -0.301710937156018 -0.373712592666840 0.877102849432531
   outer loop
      vertex -0.225165342770738 0.164710492450807 -0.065808886798142
      vertex -0.280675817780754 0.167378914191833 -0.083766751876645
      vertex -0.280326979237761 0.164715395248068 -0.084781618225494
   endloop
endfacet
facet normal 0.045659306967408 0.990132143179553 -0.132489874065608
   outer loop
      vertex -0.056528666167764 0.181102646402981 -0.018049058272278
      vertex -0.110765717785054 0.180705231212679 -0.039710485329602
      vertex -0.111690394604540 0.181107647386025 -0.037021788642928
   endloop
endfacet
facet normal 0.121483325659536 -0.927534556459960 -0.353442284056852
   outer loop
      vertex 0.165840501467818 0.160504426475734 0.052828642539564
      vertex 0.109812439476435 0.159436126642081 0.036374498395160
      vertex 0.110678874998821 0.160509329471759 0.033855911112194
   endloop
endfacet
facet normal -0.195423237184862 0.799216933390656 0.568385478130666
   outer loop
      vertex -0.169392171309265 0.177966147640818 -0.048610207009498
      vertex -0.223807360733013 0.179697053445478 -0.069753185077706
      vertex -0.224553899767206 0.177971149680204 -0.067583037374567
   endloop
endfacet
facet normal -0.322026692830988 0.140123305757290 0.936303512910203
   outer loop
      vertex -0.060141749737575 0.170209718323513 -0.007547273890895
      vertex -0.115172364556098 0.173057864873165 -0.026900419910781
      vertex -0.115303476186819 0.170214619331893 -0.026520005318099
   endloop
endfacet
facet normal 0.322026692830980 -0.140123305757568 -0.936303512910164
   outer loop
      vertex 0.222821798278049 0.169972056533174 0.066513755999434
      vertex 0.167528960198086 0.167133712000281 0.047921439164912
      vertex 0.167660071828807 0.169976957541554 0.047541024572230
   endloop
endfacet
facet normal 0.256059020087058 -0.616409590691458 -0.744629434507961
   outer loop
      vertex -0.163807155987076 0.164521147657613 -0.064851920884347
      vertex -0.219544650747806 0.162264948343267 -0.082150921968259
      vertex -0.218968782456073 0.164526050653638 -0.083824652311716
   endloop
endfacet
facet normal -0.121480798026748 0.927537687501549 0.353434935985485
   outer loop
      vertex 0.217486154958757 0.179657636297149 0.082028964210572
      vertex 0.163190864010735 0.180735741191547 0.060537545505982
      vertex 0.162324528489760 0.179662539293175 0.063056232783201
   endloop
endfacet
facet normal 0.322026692830975 -0.140123305757613 -0.936303512910159
   outer loop
      vertex -0.052986638025072 0.169996767612376 -0.028350099012647
      vertex -0.108279476105037 0.167158423079484 -0.046942415847169
      vertex -0.108148364474316 0.170001668620756 -0.047322830439851
   endloop
endfacet
facet normal -0.256052845681802 0.616429828030896 0.744614804668865
   outer loop
      vertex 0.271325378098063 0.175665526219808 0.104845671565848
      vertex 0.216739617912097 0.177931632557211 0.084199110857157
      vertex 0.216163749641531 0.175670529190499 0.085872941195033
   endloop
endfacet
facet normal -0.256058260170641 0.616412574391672 0.744627225885688
   outer loop
      vertex -0.004483058205060 0.175690237299011 0.009981816553767
      vertex -0.059068818391024 0.177956343636412 -0.010664744154924
      vertex -0.059644684674057 0.175695140295036 -0.008990914873603
   endloop
endfacet
facet normal 0.045646736980382 0.990136962223353 -0.132458187524045
   outer loop
      vertex -0.001367039698766 0.181097743406955 0.000923673155092
      vertex -0.055603991335810 0.180700330204299 -0.020737753902398
      vertex -0.056528666167764 0.181102646402981 -0.018049058272278
   endloop
endfacet
facet normal 0.256060123638867 -0.616402169816690 -0.744635198018013
   outer loop
      vertex -0.274130488921967 0.164530952693352 -0.102797443735605
      vertex -0.329868071665313 0.162274751629878 -0.120096444819372
      vertex -0.329292179374716 0.164535954854238 -0.121770214104086
   endloop
endfacet
facet normal 0.299239838276021 -0.391601257714069 -0.870117218623617
   outer loop
      vertex -0.273764527497729 0.167173230247740 -0.103860759064070
      vertex -0.274130488921967 0.164530952693352 -0.102797443735605
      vertex -0.329292179374716 0.164535954854238 -0.121770214104086
   endloop
endfacet
facet normal 0.259991849624873 0.601041850535406 -0.755746605704328
   outer loop
      vertex 0.221799085679979 0.177781069764648 0.069489328433843
      vertex 0.167198483505543 0.175490987470405 0.048884344259999
      vertex 0.166637359209570 0.177785971829370 0.050516497012220
   endloop
endfacet
facet normal 0.322027600778736 -0.140117913915842 -0.936304007540587
   outer loop
      vertex -0.218471719401254 0.170011573656167 -0.085268392232289
      vertex -0.218602829044443 0.167168228140232 -0.084887978696161
      vertex -0.273764527497729 0.167173230247740 -0.103860759064070
   endloop
endfacet
facet normal -0.259989716803983 -0.601049417780215 0.755741321182221
   outer loop
      vertex -0.003957308681564 0.162395703052653 0.008449984039765
      vertex -0.059680261394556 0.164695686407016 -0.008890593578498
      vertex -0.059119037118339 0.162400704035697 -0.010522746330885
   endloop
endfacet
facet normal 0.322870254016407 0.120924097538110 -0.938686402216403
   outer loop
      vertex -0.163310090944724 0.170006570685478 -0.066295661861473
      vertex -0.218471719401254 0.170011573656167 -0.085268392232289
      vertex -0.163422770738823 0.172857083061917 -0.065967208522669
   endloop
endfacet
facet normal 0.301710999027227 0.373719581077448 -0.877099850521758
   outer loop
      vertex -0.108261044268415 0.172852180997195 -0.046994377101046
      vertex -0.163422770738823 0.172857083061917 -0.065967208522669
      vertex -0.108609952797579 0.175515698549607 -0.045979510752081
   endloop
endfacet
facet normal 0.259984531049477 0.601070624954465 -0.755726238416950
   outer loop
      vertex -0.053448224360803 0.175510697566564 -0.027006780381431
      vertex -0.108609952797579 0.175515698549607 -0.045979510752081
      vertex -0.054009448615854 0.177805678881540 -0.025374527634627
   endloop
endfacet
facet normal 0.322871057821398 0.120924221191175 -0.938686109810196
   outer loop
      vertex -0.218584497188065 0.172861984070297 -0.084939939949872
      vertex -0.273633435863056 0.170016475391483 -0.104241173656719
      vertex -0.273746145653345 0.172866987277262 -0.103912730317306
   endloop
endfacet
facet normal 0.200544749280026 0.787432883889379 -0.582864698627278
   outer loop
      vertex 0.000416953962890 0.179570819528413 -0.004263523522720
      vertex 0.001152277833388 0.177800777873159 -0.006401796207422
      vertex -0.054009448615854 0.177805678881540 -0.025374527634627
   endloop
endfacet
facet normal -0.322871080883959 -0.120924097453771 0.938686117817780
   outer loop
      vertex 0.215779366380811 0.167334493811530 0.086988227776800
      vertex 0.160504960116304 0.170189908252691 0.068343849693982
      vertex 0.160617639910403 0.167339395876252 0.068015396355177
   endloop
endfacet
facet normal 0.127439471347217 0.920135861149442 -0.370282565305898
   outer loop
      vertex 0.054719363591128 0.180690425168889 0.017207807890039
      vertex 0.055578680412132 0.179565918520033 0.014709207904484
      vertex 0.000416953962890 0.179570819528413 -0.004263523522720
   endloop
endfacet
facet normal -0.121468227882729 0.927551176123044 0.353403855790775
   outer loop
      vertex 0.217486154958757 0.179657636297149 0.082028964210572
      vertex 0.218352592447509 0.180730740208504 0.079510275876633
      vertex 0.163190864010735 0.180735741191547 0.060537545505982
   endloop
endfacet
facet normal -0.121469109285957 0.927550505896436 0.353405311930284
   outer loop
      vertex -0.278968999187569 0.179702056217403 -0.088725915448505
      vertex -0.278102611688939 0.180775159134935 -0.091244603782360
      vertex -0.333264303143607 0.180780161381579 -0.110217384150281
   endloop
endfacet
facet normal 0.039246451370821 -0.992663567340286 -0.114362398234975
   outer loop
      vertex -0.056599719607351 0.159103739558243 -0.017848315687818
      vertex -0.111761446056594 0.159108640566623 -0.036821047115022
      vertex -0.055672641899747 0.159450932685873 -0.020543794824481
   endloop
endfacet
facet normal -0.039244431375806 0.992663755896268 0.114361454764724
   outer loop
      vertex -0.278102611688939 0.180775159134935 -0.091244603782360
      vertex -0.332337155456183 0.181127356217463 -0.112912893285387
      vertex -0.333264303143607 0.180780161381579 -0.110217384150281
   endloop
endfacet
facet normal -0.256057098901654 0.616416274912860 0.744624561859614
   outer loop
      vertex -0.169392171309265 0.177966147640818 -0.048610207009498
      vertex -0.224553899767206 0.177971149680204 -0.067583037374567
      vertex -0.169968139581242 0.175705043342802 -0.046936476665876
   endloop
endfacet
facet normal -0.256059196480323 0.616409590706872 0.744629373838045
   outer loop
      vertex -0.003907189913327 0.177951339609381 0.008308086210310
      vertex -0.059068818391024 0.177956343636412 -0.010664744154924
      vertex -0.004483058205060 0.175690237299011 0.009981816553767
   endloop
endfacet
facet normal 0.121481188012206 -0.927537687532980 -0.353434801859005
   outer loop
      vertex 0.164974165946843 0.159431224577360 0.055347329816782
      vertex 0.109812439476435 0.159436126642081 0.036374498395160
      vertex 0.165840501467818 0.160504426475734 0.052828642539564
   endloop
endfacet
facet normal 0.195429653298009 -0.799200002020742 -0.568407078933633
   outer loop
      vertex 0.221002229904593 0.160499425492690 0.071801372910214
      vertex 0.165840501467818 0.160504426475734 0.052828642539564
      vertex 0.221748766951253 0.162225429232627 0.069631226263629
   endloop
endfacet
facet normal -0.322029232903681 0.140112300375802 0.936304286243990
   outer loop
      vertex 0.105474343310251 0.173038154777007 0.048990704730650
      vertex 0.050312716820085 0.173043058829373 0.030017873308861
      vertex 0.105343331659773 0.170194911223380 0.049371119323166
   endloop
endfacet
facet normal 0.256054666945098 -0.616429828171279 -0.744614178267082
   outer loop
      vertex 0.277486361692229 0.164481630534618 0.086930227347376
      vertex 0.276910493421663 0.162220527167906 0.088604057685252
      vertex 0.221748766951253 0.162225429232627 0.069631226263629
   endloop
endfacet
facet normal 0.299239100449840 -0.391616128775649 -0.870110779409579
   outer loop
      vertex 0.333014041574268 0.167118905956490 0.104839732384554
      vertex 0.332648088162637 0.164476728469897 0.105903058768998
      vertex 0.277486361692229 0.164481630534618 0.086930227347376
   endloop
endfacet
facet normal 0.256054666945102 -0.616429828171279 -0.744614178267081
   outer loop
      vertex 0.332648088162637 0.164476728469897 0.105903058768998
      vertex 0.276910493421663 0.162220527167906 0.088604057685252
      vertex 0.277486361692229 0.164481630534618 0.086930227347376
   endloop
endfacet
facet normal -0.259986663809026 -0.601063058137841 0.755731522952059
   outer loop
      vertex 0.271851025653781 0.162371089960469 0.103313840108565
      vertex 0.271289901378975 0.164666073263091 0.104946092855204
      vertex 0.216128174908565 0.164670975327813 0.085973261433583
   endloop
endfacet
facet normal -0.045647731186165 -0.990137280750132 0.132455463859703
   outer loop
      vertex -0.166923072525592 0.159113543562649 -0.055793778542392
      vertex -0.223009575795731 0.159520859813070 -0.072077913277175
      vertex -0.222084800983533 0.159118545602035 -0.074766608907460
   endloop
endfacet
facet normal -0.322027894421805 0.140114879023958 0.936304360713097
   outer loop
      vertex -0.280788527568927 0.170229425971978 -0.083438298537791
      vertex -0.335819120396028 0.173077573170179 -0.102791464556597
      vertex -0.335950214034538 0.170234328197953 -0.102411069962829
   endloop
endfacet
facet normal -0.322870244266121 -0.120927470141149 0.938685971096190
   outer loop
      vertex -0.280675817780754 0.167378914191833 -0.083766751876645
      vertex -0.280788527568927 0.170229425971978 -0.083438298537791
      vertex -0.335950214034538 0.170234328197953 -0.102411069962829
   endloop
endfacet
facet normal -0.045658682204083 -0.990131764594585 0.132492918603978
   outer loop
      vertex -0.111761446056594 0.159108640566623 -0.036821047115022
      vertex -0.167847849346489 0.159515958804691 -0.053105181849970
      vertex -0.166923072525592 0.159113543562649 -0.055793778542392
   endloop
endfacet
facet normal -0.259988813460496 -0.601054267193945 0.755737775133249
   outer loop
      vertex -0.169442390057746 0.162410509096445 -0.048468309179878
      vertex -0.170003616300330 0.164705590386085 -0.046836055376519
      vertex -0.225165342770738 0.164710492450807 -0.065808886798142
   endloop
endfacet
facet normal -0.127442470500585 -0.920133873992695 0.370286471051674
   outer loop
      vertex -0.058383711260308 0.160630562405781 -0.012661020072141
      vertex -0.113545439697084 0.160635563388824 -0.031633750442792
      vertex -0.057524494419548 0.159506053769280 -0.015159620057531
   endloop
endfacet
facet normal -0.045657937728927 -0.990132143306446 0.132490344983040
   outer loop
      vertex -0.002362767949140 0.159501151704557 0.003813211364091
      vertex -0.057524494419548 0.159506053769280 -0.015159620057531
      vertex -0.001438091129654 0.159098735531212 0.001124514677417
   endloop
endfacet
facet normal -0.121483715646947 0.927534556498582 0.353442149910832
   outer loop
      vertex -0.168645634283771 0.179692152437098 -0.050780453650502
      vertex -0.167779198761385 0.180765355266775 -0.053299040933468
      vertex -0.222940925231793 0.180770257331497 -0.072271872355090
   endloop
endfacet
facet normal 0.039257412752559 -0.992659461914728 -0.114394266530883
   outer loop
      vertex 0.053723635319588 0.159093834522832 0.020097246104620
      vertex -0.001438091129654 0.159098735531212 0.001124514677417
      vertex 0.054650811019903 0.159441129612771 0.017401768024344
   endloop
endfacet
facet normal -0.256057865020659 0.616412574361366 0.744627361792632
   outer loop
      vertex -0.059068818391024 0.177956343636412 -0.010664744154924
      vertex -0.114230544840267 0.177961244644793 -0.029637475582128
      vertex -0.059644684674057 0.175695140295036 -0.008990914873603
   endloop
endfacet
facet normal 0.121481812476902 -0.927534556309097 -0.353442804552325
   outer loop
      vertex 0.109812439476435 0.159436126642081 0.036374498395160
      vertex 0.054650811019903 0.159441129612771 0.017401768024344
      vertex 0.110678874998821 0.160509329471759 0.033855911112194
   endloop
endfacet
facet normal 0.195422306663683 -0.799220690560260 -0.568380515006124
   outer loop
      vertex 0.165840501467818 0.160504426475734 0.052828642539564
      vertex 0.110678874998821 0.160509329471759 0.033855911112194
      vertex 0.166587140482255 0.162230332228653 0.050658494836259
   endloop
endfacet
facet normal -0.322026692830972 0.140123305757728 0.936303512910142
   outer loop
      vertex 0.050312716820085 0.173043058829373 0.030017873308861
      vertex -0.004849009629157 0.173047959837754 0.011045141881656
      vertex 0.050181605189363 0.170199813288101 0.030398287901543
   endloop
endfacet
facet normal 0.256057317672958 -0.616416274937993 -0.744624486608988
   outer loop
      vertex 0.222324735223230 0.164486533530644 0.067957495920006
      vertex 0.221748766951253 0.162225429232627 0.069631226263629
      vertex 0.166587140482255 0.162230332228653 0.050658494836259
   endloop
endfacet
facet normal -0.322871080883948 -0.120924097453887 0.938686117817769
   outer loop
      vertex 0.105456011453873 0.167344398846941 0.049042665984361
      vertex 0.105343331659773 0.170194911223380 0.049371119323166
      vertex 0.050181605189363 0.170199813288101 0.030398287901543
   endloop
endfacet
facet normal 0.299239973949662 -0.391603098483609 -0.870116343513120
   outer loop
      vertex 0.277852313116327 0.167123907995876 0.085866902019486
      vertex 0.277486361692229 0.164481630534618 0.086930227347376
      vertex 0.222324735223230 0.164486533530644 0.067957495920006
   endloop
endfacet
facet normal 0.322028461996638 -0.140112300329953 -0.936304551393578
   outer loop
      vertex 0.333145053224745 0.169962149510117 0.104459317792037
      vertex 0.333014041574268 0.167118905956490 0.104839732384554
      vertex 0.277852313116327 0.167123907995876 0.085866902019486
   endloop
endfacet
facet normal 0.299240246006229 -0.391603098506722 -0.870116249940240
   outer loop
      vertex 0.333014041574268 0.167118905956490 0.104839732384554
      vertex 0.277486361692229 0.164481630534618 0.086930227347376
      vertex 0.277852313116327 0.167123907995876 0.085866902019486
   endloop
endfacet
facet normal -0.045648232047176 -0.990136962084791 0.132457673331783
   outer loop
      vertex 0.219208716695770 0.159079028479041 0.077015539324263
      vertex 0.163122313427042 0.159486345660766 0.060731504583734
      vertex 0.164046988258996 0.159084029462084 0.058042808953613
   endloop
endfacet
facet normal -0.322870221204793 -0.120924333686903 0.938686383080923
   outer loop
      vertex -0.280675817780754 0.167378914191833 -0.083766751876645
      vertex -0.335950214034538 0.170234328197953 -0.102411069962829
      vertex -0.335837503244447 0.167383816332050 -0.102739513302243
   endloop
endfacet
facet normal -0.301711120064945 -0.373712592651408 0.877102786521009
   outer loop
      vertex -0.280326979237761 0.164715395248068 -0.084781618225494
      vertex -0.280675817780754 0.167378914191833 -0.083766751876645
      vertex -0.335837503244447 0.167383816332050 -0.102739513302243
   endloop
endfacet
facet normal -0.045657205116527 -0.990132462114971 0.132488214898886
   outer loop
      vertex 0.274370443166180 0.159074126414319 0.095988370745885
      vertex 0.218283939896040 0.159481442664741 0.079704236011103
      vertex 0.219208716695770 0.159079028479041 0.077015539324263
   endloop
endfacet
facet normal -0.200547936507207 -0.787428243753174 0.582869870642233
   outer loop
      vertex -0.169442390057746 0.162410509096445 -0.048468309179878
      vertex -0.224604118494521 0.162415510079489 -0.067441039550528
      vertex -0.168707166167493 0.160640465453546 -0.050606581864414
   endloop
endfacet
facet normal -0.045647605426186 -0.990137280761259 0.132455507116750
   outer loop
      vertex -0.057524494419548 0.159506053769280 -0.015159620057531
      vertex -0.112686122876081 0.159511056739969 -0.034132350428347
      vertex -0.056599719607351 0.159103739558243 -0.017848315687818
   endloop
endfacet
facet normal -0.127440087281127 -0.920135861097010 0.370282353450772
   outer loop
      vertex -0.113545439697084 0.160635563388824 -0.031633750442792
      vertex -0.168707166167493 0.160640465453546 -0.050606581864414
      vertex -0.112686122876081 0.159511056739969 -0.034132350428347
   endloop
endfacet
facet normal 0.039256000825014 -0.992659461785663 -0.114394752181313
   outer loop
      vertex -0.001438091129654 0.159098735531212 0.001124514677417
      vertex -0.056599719607351 0.159103739558243 -0.017848315687818
      vertex -0.000510915429339 0.159446030621151 -0.001570963402859
   endloop
endfacet
facet normal -0.195425895559364 0.799211721058444 0.568391893210680
   outer loop
      vertex -0.169392171309265 0.177966147640818 -0.048610207009498
      vertex -0.168645634283771 0.179692152437098 -0.050780453650502
      vertex -0.223807360733013 0.179697053445478 -0.069753185077706
   endloop
endfacet
facet normal 0.121470823409012 -0.927549835723767 -0.353406481702230
   outer loop
      vertex 0.054650811019903 0.159441129612771 0.017401768024344
      vertex -0.000510915429339 0.159446030621151 -0.001570963402859
      vertex 0.055517148528410 0.160514231536481 0.014883079690572
   endloop
endfacet
facet normal 0.195431872200827 -0.799200002203161 -0.568406315769403
   outer loop
      vertex 0.110678874998821 0.160509329471759 0.033855911112194
      vertex 0.055517148528410 0.160514231536481 0.014883079690572
      vertex 0.111425412045481 0.162235333211697 0.031685764465609
   endloop
endfacet
facet normal 0.256061999217117 -0.616392336696688 -0.744642692718145
   outer loop
      vertex 0.167163006786455 0.164491534513688 0.048984765549356
      vertex 0.166587140482255 0.162230332228653 0.050658494836259
      vertex 0.111425412045481 0.162235333211697 0.031685764465609
   endloop
endfacet
facet normal 0.299238842366600 -0.391603098387016 -0.870116732716241
   outer loop
      vertex 0.222690686647327 0.167128810991902 0.066894170592116
      vertex 0.222324735223230 0.164486533530644 0.067957495920006
      vertex 0.167163006786455 0.164491534513688 0.048984765549356
   endloop
endfacet
facet normal -0.301708579852162 -0.373738052099250 0.877092812224938
   outer loop
      vertex 0.105804819981626 0.164680880363225 0.048027699641143
      vertex 0.105456011453873 0.167344398846941 0.049042665984361
      vertex 0.050294284983463 0.167349300911663 0.030069834562738
   endloop
endfacet
facet normal 0.322027210246442 -0.140123305806152 -0.936303334945919
   outer loop
      vertex 0.277983424747047 0.169967153537148 0.085486487426805
      vertex 0.277852313116327 0.167123907995876 0.085866902019486
      vertex 0.222690686647327 0.167128810991902 0.066894170592116
   endloop
endfacet
facet normal -0.259991849624937 -0.601041850535183 0.755746605704483
   outer loop
      vertex 0.161527670748008 0.162380993939538 0.065368378310546
      vertex 0.160966546452035 0.164675978298502 0.067000531062766
      vertex 0.105804819981626 0.164680880363225 0.048027699641143
   endloop
endfacet
facet normal 0.322871777576766 0.120924097382744 -0.938685878191735
   outer loop
      vertex 0.333145053224745 0.169962149510117 0.104459317792037
      vertex 0.277983424747047 0.169967153537148 0.085486487426805
      vertex 0.333032373430645 0.172812661886556 0.104787771130842
   endloop
endfacet
facet normal 0.322028471967484 -0.140123305925168 -0.936302900977504
   outer loop
      vertex 0.333145053224745 0.169962149510117 0.104459317792037
      vertex 0.277852313116327 0.167123907995876 0.085866902019486
      vertex 0.277983424747047 0.169967153537148 0.085486487426805
   endloop
endfacet
facet normal -0.127449226285580 -0.920123403936410 0.370310162225777
   outer loop
      vertex 0.272586349524279 0.160601048305216 0.101175567423863
      vertex 0.217424723055280 0.160605951301242 0.082202835996493
      vertex 0.273445668332816 0.159476441681697 0.098676966381753
   endloop
endfacet
facet normal 0.195429630356482 -0.799203759489364 -0.568401803653714
   outer loop
      vertex -0.054059669351868 0.162250140311830 -0.025232628748451
      vertex -0.109967932847772 0.160529037580272 -0.042035213529071
      vertex -0.109221295820867 0.162255043307856 -0.044205360175822
   endloop
endfacet
facet normal -0.301709757514870 -0.373729459827763 0.877096068328417
   outer loop
      vertex -0.280326979237761 0.164715395248068 -0.084781618225494
      vertex -0.335837503244447 0.167383816332050 -0.102739513302243
      vertex -0.335488670692429 0.164720397494711 -0.103754398593415
   endloop
endfacet
facet normal -0.259986051870517 -0.601067598183681 0.755728122572186
   outer loop
      vertex -0.279765794974808 0.162420413138033 -0.086413870972233
      vertex -0.280326979237761 0.164715395248068 -0.084781618225494
      vertex -0.335488670692429 0.164720397494711 -0.103754398593415
   endloop
endfacet
facet normal -0.200552811894222 -0.787416203213334 0.582884459012606
   outer loop
      vertex -0.224604118494521 0.162415510079489 -0.067441039550528
      vertex -0.279765794974808 0.162420413138033 -0.086413870972233
      vertex -0.223868792636490 0.160645368449571 -0.069579313291784
   endloop
endfacet
facet normal 0.195423640889395 -0.799216933423990 -0.568385339281272
   outer loop
      vertex 0.056263785555315 0.162240237264065 0.012712933043820
      vertex 0.000355520071880 0.160519234507170 -0.004089650680244
      vertex 0.001102059106073 0.162245138272444 -0.006259798383383
   endloop
endfacet
facet normal -0.127439707544186 -0.920135861129564 0.370282484063731
   outer loop
      vertex -0.168707166167493 0.160640465453546 -0.050606581864414
      vertex -0.223868792636490 0.160645368449571 -0.069579313291784
      vertex -0.167847849346489 0.159515958804691 -0.053105181849970
   endloop
endfacet
end solid no_name
