solid no_name
facet normal 0.301643778075998 -0.373768457756463 -0.877102144071255
   outer loop
      vertex -0.163923826131896 0.484378527592023 -0.065084249982501
      vertex -0.219434780170449 0.481719989856079 -0.083042085860350
      vertex -0.219085552581137 0.484383428600403 -0.084056981409704
   endloop
endfacet
facet normal 0.945628818416957 -0.000085026816882 0.325247798685542
   outer loop
      vertex 0.327249159084693 0.496551623853922 0.121031363850846
      vertex 0.326560997115975 0.479226065425653 0.123027603809728
      vertex 0.327307249229333 0.477499988515079 0.120857491452707
   endloop
endfacet
facet normal -0.200407712627226 0.787461553533177 0.582873099762408
   outer loop
      vertex -0.114779919851973 0.494821182011445 -0.028612606159301
      vertex -0.169205985084776 0.496596045029283 -0.049723615802664
      vertex -0.169941646301214 0.494826083019825 -0.047585337586505
   endloop
endfacet
facet normal 0.945621960400803 -0.000082240112467 0.325267737785822
   outer loop
      vertex 0.325952003848198 0.492486775795336 0.124801810176290
      vertex 0.325602676278641 0.489823335063367 0.125816705725810
      vertex 0.325620051153115 0.484129586717951 0.125764753701667
   endloop
endfacet
facet normal -0.200401253581530 0.787474704364325 0.582857553394713
   outer loop
      vertex -0.169941646301214 0.494826083019825 -0.047585337586505
      vertex -0.224367711534018 0.496600946037663 -0.068696347229869
      vertex -0.225103274757745 0.494831085990514 -0.066558067957322
   endloop
endfacet
facet normal -0.322052269259857 -0.140051227645427 0.936305500090427
   outer loop
      vertex -0.060511740076946 0.484164202832565 -0.007044663102851
      vertex -0.115804004555610 0.487012310764960 -0.025637011683299
      vertex -0.115673466526190 0.484169103840946 -0.026017394530056
   endloop
endfacet
facet normal 0.945634198638553 -0.000085580810304 0.325232155607569
   outer loop
      vertex 0.326513597827332 0.494781664888451 0.123169542072422
      vertex 0.325952003848198 0.492486775795336 0.124801810176290
      vertex 0.325985540559069 0.481487316335162 0.124701405579758
   endloop
endfacet
facet normal 0.945632051120873 -0.000086238195879 0.325238399417881
   outer loop
      vertex 0.327249159084693 0.496551623853922 0.121031363850846
      vertex 0.326513597827332 0.494781664888451 0.123169542072422
      vertex 0.326560997115975 0.479226065425653 0.123027603809728
   endloop
endfacet
facet normal -0.259875963019539 0.601116027937811 0.755727467279665
   outer loop
      vertex 0.326513597827332 0.494781664888451 0.123169542072422
      vertex 0.271351869390558 0.494786665871494 0.104196811701771
      vertex 0.325952003848198 0.492486775795336 0.124801810176290
   endloop
endfacet
facet normal -0.127275558262720 0.920159024047465 0.370281383184370
   outer loop
      vertex 0.216925804157752 0.496561528889333 0.083085802058408
      vertex 0.217785321372666 0.497685896469482 0.080587157827636
      vertex 0.162623594923425 0.497690797477863 0.061614426400432
   endloop
endfacet
facet normal -0.322052482000653 -0.140062426328297 0.936303751764484
   outer loop
      vertex -0.005350111620416 0.484159199861876 0.011928067267963
      vertex -0.060642378086610 0.487007407768935 -0.006664280255929
      vertex -0.060511740076946 0.484164202832565 -0.007044663102851
   endloop
endfacet
facet normal 0.945627578889688 -0.000085063485788 0.325251402468045
   outer loop
      vertex 0.328108676299607 0.497675991434072 0.118532719620074
      vertex 0.327249159084693 0.496551623853922 0.121031363850846
      vertex 0.327307249229333 0.477499988515079 0.120857491452707
   endloop
endfacet
facet normal 0.256173506189189 0.616349544597330 -0.744639760959219
   outer loop
      vertex 0.000602834426708 0.494960989198301 -0.005376854846610
      vertex -0.053983335485383 0.492704641284817 -0.026023388044010
      vertex -0.054558792063456 0.494965893250669 -0.024349686268399
   endloop
endfacet
facet normal -0.322847910560710 0.120985343987929 0.938686195267996
   outer loop
      vertex 0.215279321351701 0.489833240098779 0.087871143933372
      vertex 0.160117594902459 0.489838141107158 0.068898412506168
      vertex 0.215166056228978 0.486982796664397 0.088199575812706
   endloop
endfacet
facet normal 0.299311049982035 0.391545574458955 -0.870117784256970
   outer loop
      vertex -0.274264563933218 0.490082080271250 -0.102977810810124
      vertex -0.329426254385966 0.490087082432136 -0.121950581178605
      vertex -0.274630055333054 0.492724450945606 -0.101914491629986
   endloop
endfacet
facet normal 0.322051950882516 0.140058159995508 -0.936304572642598
   outer loop
      vertex -0.163810561009172 0.487228971026405 -0.065412681861835
      vertex -0.218972287458414 0.487233872034785 -0.084385413289038
      vertex -0.163941201006369 0.490072275937438 -0.065032297958358
   endloop
endfacet
facet normal -0.945629081427849 0.000084522785962 -0.325247034135319
   outer loop
      vertex -0.334691067460761 0.496610851053197 -0.106641909022305
      vertex -0.333766774982947 0.476485870846997 -0.109334443539916
      vertex -0.334632967318096 0.477559215913119 -0.106815781420461
   endloop
endfacet
facet normal -0.322053985201621 -0.140046961483027 0.936305547989077
   outer loop
      vertex 0.049811614849992 0.484154297797154 0.030900898689587
      vertex -0.005480651637368 0.487002506760555 0.012308451171275
      vertex -0.005350111620416 0.484159199861876 0.011928067267963
   endloop
endfacet
facet normal -0.200409659888357 0.787457588737873 0.582877786643622
   outer loop
      vertex 0.271351869390558 0.494786665871494 0.104196811701771
      vertex 0.216925804157752 0.496561528889333 0.083085802058408
      vertex 0.216190242921558 0.494791568867519 0.085224080274402
   endloop
endfacet
facet normal 0.322849869873228 -0.120974268898737 -0.938686948767935
   outer loop
      vertex 0.056836146857174 0.487209260930246 0.010478442779595
      vertex 0.001561255244287 0.484363721548231 -0.008165956762858
      vertex 0.001674420386765 0.487214162994968 -0.008494388642026
   endloop
endfacet
facet normal -0.259882463446295 0.601095175233556 0.755741818019901
   outer loop
      vertex 0.270790275390257 0.492491777834722 0.105828979811221
      vertex 0.216190242921558 0.494791568867519 0.085224080274402
      vertex 0.215628648921257 0.492496680830748 0.086856248383853
   endloop
endfacet
facet normal 0.195573254579128 0.799167576709673 -0.568403277989595
   outer loop
      vertex -0.165628399082587 0.496701874140312 -0.060125035709399
      vertex -0.220043873439638 0.494980699294460 -0.081267979488040
      vertex -0.220790127519362 0.496706875123356 -0.079097766080048
   endloop
endfacet
facet normal 0.121645184967225 0.927517142675699 -0.353432311789680
   outer loop
      vertex 0.219637188926551 0.497740702889583 0.075203044271146
      vertex 0.220503390159941 0.496667358000361 0.072684382151675
      vertex 0.165341663689533 0.496672260065084 0.053711550730052
   endloop
endfacet
facet normal 0.299309960841142 0.391545574556002 -0.870118158865153
   outer loop
      vertex -0.219468316902487 0.492719450372595 -0.082941781258236
      vertex -0.274264563933218 0.490082080271250 -0.102977810810124
      vertex -0.274630055333054 0.492724450945606 -0.101914491629986
   endloop
endfacet
facet normal 0.127279492654575 -0.920154108242120 -0.370292246522586
   outer loop
      vertex -0.000085327542009 0.477635430770032 -0.003380614887728
      vertex -0.056106471247087 0.476515967242250 -0.019854802078745
      vertex -0.055246954011006 0.477640333766058 -0.022353346315099
   endloop
endfacet
facet normal 0.121645412011247 0.927517142655719 -0.353432233697472
   outer loop
      vertex 0.054152107550368 0.497755508933374 0.018284751051502
      vertex 0.055018308783759 0.496682164044154 0.015766088932032
      vertex -0.000143317706405 0.496687068096520 -0.003206742489756
   endloop
endfacet
facet normal 0.945631118650337 -0.000085671944494 0.325241110717004
   outer loop
      vertex 0.325952003848198 0.492486775795336 0.124801810176290
      vertex 0.325620051153115 0.484129586717951 0.125764753701667
      vertex 0.325985540559069 0.481487316335162 0.124701405579758
   endloop
endfacet
facet normal -0.127278398751027 0.920154108137116 0.370292622786039
   outer loop
      vertex -0.169205985084776 0.496596045029283 -0.049723615802664
      vertex -0.168346467848695 0.497720411553091 -0.052222160039019
      vertex -0.223508196306636 0.497725413592477 -0.071194990404087
   endloop
endfacet
facet normal -0.045473115625867 0.990143320265193 0.132470378158652
   outer loop
      vertex 0.162623594923425 0.497690797477863 0.061614426400432
      vertex 0.163548379049887 0.498092987300321 0.058925729080883
      vertex 0.108386750593357 0.498097990271011 0.039952998710066
   endloop
endfacet
facet normal -0.945628378169847 0.000084828630405 -0.325249078713483
   outer loop
      vertex -0.333831578027655 0.497735217446977 -0.109140493256381
      vertex -0.333766774982947 0.476485870846997 -0.109334443539916
      vertex -0.334691067460761 0.496610851053197 -0.106641909022305
   endloop
endfacet
facet normal -0.256167829540630 -0.616370140528284 0.744624665837485
   outer loop
      vertex -0.004409065656145 0.479255679500881 0.009191017370279
      vertex -0.060146248683459 0.481521832475112 -0.008108012281315
      vertex -0.059570792126553 0.479260581565602 -0.009781814051345
   endloop
endfacet
facet normal -0.259880592545635 0.601102073956769 0.755736974286028
   outer loop
      vertex 0.160466922472016 0.492501581839128 0.067883516956648
      vertex 0.105866887994620 0.494801473902931 0.047278518481963
      vertex 0.105305194014075 0.492506583878513 0.048910686591579
   endloop
endfacet
facet normal -0.045473073828169 0.990143320261457 0.132470392534469
   outer loop
      vertex -0.168346467848695 0.497720411553091 -0.052222160039019
      vertex -0.167421683722233 0.498122601375550 -0.054910857358569
      vertex -0.222583412159007 0.498127602358594 -0.073883587729218
   endloop
endfacet
facet normal 0.045474880020441 -0.990143320421406 -0.132469771314057
   outer loop
      vertex -0.166429826152861 0.476525871221319 -0.057800263876765
      vertex -0.222516336749732 0.476128583463582 -0.074084397978836
      vertex -0.221591552623269 0.476530773286041 -0.076773095298386
   endloop
endfacet
facet normal 0.299312643019609 0.391538024940462 -0.870120633449374
   outer loop
      vertex 0.332513943163100 0.490027854762077 0.105722681695153
      vertex 0.277352316672935 0.490032758814445 0.086749850273366
      vertex 0.332148453735979 0.492670126201208 0.106785929822644
   endloop
endfacet
facet normal 0.195564834258017 0.799184094118960 -0.568382951282752
   outer loop
      vertex 0.220503390159941 0.496667358000361 0.072684382151675
      vertex 0.221249642252132 0.494941282146129 0.070514169800236
      vertex 0.166087915802890 0.494946183154510 0.051541438373032
   endloop
endfacet
facet normal 0.322053470905658 0.140058159891976 -0.936304049828522
   outer loop
      vertex 0.222321228233356 0.487194454886455 0.067396735999239
      vertex 0.167159501762948 0.487199356951177 0.048423904577617
      vertex 0.222190588236159 0.490037759797489 0.067777119902716
   endloop
endfacet
facet normal 0.127275734897918 -0.920159024063435 -0.370281322430421
   outer loop
      vertex 0.164540236619259 0.476496257146091 0.056036322562687
      vertex 0.109378610150261 0.476501160142117 0.037063591135316
      vertex 0.165399753834173 0.477620624726241 0.053537678331913
   endloop
endfacet
facet normal 0.045474434876689 -0.990143446170354 -0.132468984213440
   outer loop
      vertex -0.056106471247087 0.476515967242250 -0.019854802078745
      vertex -0.112192981822794 0.476118678428170 -0.036138836186399
      vertex -0.111268097716087 0.476520870238275 -0.038827533506115
   endloop
endfacet
facet normal -0.301643947266454 0.373777959149500 0.877098036898697
   outer loop
      vertex 0.050143567545075 0.492511486874539 0.029937955164209
      vertex -0.005018158925333 0.492516388939261 0.010965123742588
      vertex 0.049794239975519 0.489848046142570 0.030952850713729
   endloop
endfacet
facet normal -0.256167829540632 -0.616370140528297 0.744624665837473
   outer loop
      vertex 0.326560997115975 0.479226065425653 0.123027603809728
      vertex 0.325985540559069 0.481487316335162 0.124701405579758
      vertex 0.270823814088660 0.481492218399885 0.105728574158135
   endloop
endfacet
facet normal 0.945620830746530 -0.000085418793022 0.325271021091445
   outer loop
      vertex 0.329033560406314 0.498078183244176 0.115844022300359
      vertex 0.328108676299607 0.497675991434072 0.118532719620074
      vertex 0.328173450462723 0.476426643625857 0.118338829333237
   endloop
endfacet
facet normal 0.322849869873257 -0.120974268898519 -0.938686948767953
   outer loop
      vertex 0.222321228233356 0.487194454886455 0.067396735999239
      vertex 0.167046336620469 0.484348915504440 0.048752336456784
      vertex 0.167159501762948 0.487199356951177 0.048423904577617
   endloop
endfacet
facet normal 0.121636618335434 0.927527309444501 -0.353408578439410
   outer loop
      vertex 0.109313835987145 0.497750507950330 0.037257481422152
      vertex 0.110179935252758 0.496677261048128 0.034738820359402
      vertex 0.055018308783759 0.496682164044154 0.015766088932032
   endloop
endfacet
facet normal 0.322849295120552 -0.120979408397331 -0.938686484074419
   outer loop
      vertex -0.218972287458414 0.487233872034785 -0.084385413289038
      vertex -0.274247209059026 0.484388331739574 -0.103029782833117
      vertex -0.274133985918050 0.487238874459195 -0.103358223655273
   endloop
endfacet
facet normal -0.039426703850746 -0.992655844288732 0.114367433401695
   outer loop
      vertex 0.053292099553388 0.476103872384379 0.020779457033243
      vertex -0.002796612330563 0.476456258757427 0.004502142899369
      vertex -0.001869528924308 0.476108876411410 0.001806626668009
   endloop
endfacet
facet normal 0.045476050470260 -0.990142725370782 -0.132473817144926
   outer loop
      vertex 0.108453826002632 0.476098971375999 0.039752188460448
      vertex 0.053292099553388 0.476103872384379 0.020779457033243
      vertex 0.109378610150261 0.476501160142117 0.037063591135316
   endloop
endfacet
facet normal 0.045473024220052 -0.990143446038619 -0.132469469445045
   outer loop
      vertex -0.112192981822794 0.476118678428170 -0.036138836186399
      vertex -0.167354610300490 0.476123682455202 -0.055111666551634
      vertex -0.111268097716087 0.476520870238275 -0.038827533506115
   endloop
endfacet
facet normal 0.045474880020442 -0.990143320421408 -0.132469771314046
   outer loop
      vertex -0.000944744776679 0.476511065177528 -0.000881970657121
      vertex -0.057031255373550 0.476113777419791 -0.017166104759195
      vertex -0.056106471247087 0.476515967242250 -0.019854802078745
   endloop
endfacet
facet normal 0.301642378344286 -0.373777959000402 -0.877098576530766
   outer loop
      vertex -0.108762197675365 0.484373524621333 -0.046111519611684
      vertex -0.164273153701452 0.481715086860054 -0.064069354432980
      vertex -0.163923826131896 0.484378527592023 -0.065084249982501
   endloop
endfacet
facet normal 0.256164739084820 0.616377499867979 -0.744619637201508
   outer loop
      vertex 0.166663472340041 0.492684934232645 0.049867636602836
      vertex 0.111501745890800 0.492689835241026 0.030894905175633
      vertex 0.166087915802890 0.494946183154510 0.051541438373032
   endloop
endfacet
facet normal -0.045475009420833 0.990143220024011 0.132470477309694
   outer loop
      vertex -0.278669892761806 0.497730315197150 -0.090167721831341
      vertex -0.332906779099882 0.498137407352339 -0.111829170577071
      vertex -0.333831578027655 0.497735217446977 -0.109140493256381
   endloop
endfacet
facet normal 0.322848429923607 -0.120985344043159 -0.938686016633156
   outer loop
      vertex 0.111997875293950 0.487204259947202 0.029451173150246
      vertex 0.111884610171227 0.484353816512821 0.029779605029580
      vertex 0.056722983702228 0.484358719508845 0.010806873602209
   endloop
endfacet
facet normal -0.259883147631139 0.601095865194652 0.755741033968134
   outer loop
      vertex -0.225664868758045 0.492536197953741 -0.064925899847872
      vertex -0.280264981232105 0.494835988452765 -0.085530899378976
      vertex -0.280826585230431 0.492541100217228 -0.083898731269510
   endloop
endfacet
facet normal 0.322849395927996 -0.120980598373812 -0.938686296036137
   outer loop
      vertex -0.053487206082232 0.487219065990994 -0.027467120069396
      vertex -0.108762197675365 0.484373524621333 -0.046111519611684
      vertex -0.108648934540175 0.487224068030380 -0.046439950434465
   endloop
endfacet
facet normal -0.195577537931104 -0.799155503054424 0.568418779241712
   outer loop
      vertex -0.114732520563330 0.479265582548646 -0.028754544421995
      vertex -0.169894147032327 0.479270485544672 -0.047727275849365
      vertex -0.113986266462439 0.477539405663408 -0.030924657835569
   endloop
endfacet
facet normal 0.195570989043368 0.799172020901589 -0.568397808979476
   outer loop
      vertex -0.055305046143179 0.496692069079564 -0.022179472860406
      vertex -0.109720520500232 0.494970894233712 -0.043322416639049
      vertex -0.110466772613590 0.496696971144287 -0.041152304282028
   endloop
endfacet
facet normal 0.045474880020445 -0.990143320421405 -0.132469771314067
   outer loop
      vertex 0.109378610150261 0.476501160142117 0.037063591135316
      vertex 0.053292099553388 0.476103872384379 0.020779457033243
      vertex 0.054216883679851 0.476506062206838 0.018090759713693
   endloop
endfacet
facet normal 0.127287469896122 -0.920141476063361 -0.370320893328182
   outer loop
      vertex 0.219701965056034 0.476491256163047 0.075009052933337
      vertex 0.164540236619259 0.476496257146091 0.056036322562687
      vertex 0.220561480304582 0.477615722661519 0.072510509753537
   endloop
endfacet
facet normal 0.045473073828179 -0.990143320261453 -0.132470392534490
   outer loop
      vertex 0.218777180929571 0.476089066340588 0.077697750252886
      vertex 0.163615452492796 0.476094067323632 0.058725019882235
      vertex 0.219701965056034 0.476491256163047 0.075009052933337
   endloop
endfacet
facet normal 0.039427166495187 0.992655595120402 -0.114369436556810
   outer loop
      vertex 0.329033560406314 0.498078183244176 0.115844022300359
      vertex 0.329960543832325 0.497730798910513 0.113148506069165
      vertex 0.274798915375793 0.497735801881203 0.094175775698349
   endloop
endfacet
facet normal -0.127278575390216 0.920154108154158 0.370292562028543
   outer loop
      vertex 0.327249159084693 0.496551623853922 0.121031363850846
      vertex 0.272947047843077 0.497680994404761 0.099559989249257
      vertex 0.272087530606996 0.496556627880953 0.102058533485612
   endloop
endfacet
facet normal 0.127279492654565 -0.920154108242119 -0.370292246522590
   outer loop
      vertex -0.056106471247087 0.476515967242250 -0.019854802078745
      vertex -0.111268097716087 0.476520870238275 -0.038827533506115
      vertex -0.055246954011006 0.477640333766058 -0.022353346315099
   endloop
endfacet
facet normal 0.299306853713073 0.391566035959201 -0.870110019942064
   outer loop
      vertex -0.109144963963081 0.492709645311848 -0.044996218409244
      vertex -0.163941201006369 0.490072275937438 -0.065032297958358
      vertex -0.164306690412323 0.492714546320228 -0.063968949836449
   endloop
endfacet
facet normal -0.299309075600451 -0.391563815541221 0.870110254865442
   outer loop
      vertex 0.160500459182887 0.481502122378953 0.067783112360116
      vertex 0.104973241318992 0.484149394801129 0.049873630116957
      vertex 0.105338832692723 0.481507026431321 0.048810280938327
   endloop
endfacet
facet normal 0.121634920141252 0.927529132304638 -0.353404378762398
   outer loop
      vertex -0.166494600315978 0.497775219029533 -0.057606373589928
      vertex -0.220790127519362 0.496706875123356 -0.079097766080048
      vertex -0.221656326765219 0.497780120037913 -0.076579105017131
   endloop
endfacet
facet normal -0.039424800055644 -0.992655844460054 0.114368088205887
   outer loop
      vertex -0.168281693706745 0.476471064801218 -0.052416150320274
      vertex -0.223443420155987 0.476475965809599 -0.071388881747478
      vertex -0.167354610300490 0.476123682455202 -0.055111666551634
   endloop
endfacet
facet normal 0.121643713759818 0.927518965704363 -0.353428033921234
   outer loop
      vertex 0.054152107550368 0.497755508933374 0.018284751051502
      vertex -0.000143317706405 0.496687068096520 -0.003206742489756
      vertex -0.001009618920040 0.497760410998096 -0.000688080370119
   endloop
endfacet
facet normal -0.322052319421048 -0.140058159969964 0.936304445883577
   outer loop
      vertex -0.225996819465596 0.484178908901693 -0.063962957379048
      vertex -0.226127459462792 0.487022213812727 -0.063582573475572
      vertex -0.281289115925864 0.487027116212458 -0.082555304902891
   endloop
endfacet
facet normal 0.121645446620411 0.927516487650340 -0.353433940720607
   outer loop
      vertex -0.276818005228806 0.497785122859853 -0.095551915383399
      vertex -0.275951813991324 0.496711777666233 -0.098070567503411
      vertex -0.331113502456540 0.496716679852455 -0.117043338928446
   endloop
endfacet
facet normal 0.259882463446356 -0.601095175233358 -0.755741818020038
   outer loop
      vertex 0.111535282601671 0.481690375780851 0.030794500579100
      vertex 0.110973688601370 0.479395487744079 0.032426668688549
      vertex 0.055812062132370 0.479400390740105 0.013453937261179
   endloop
endfacet
facet normal 0.301644424116761 -0.373777959195031 -0.877097872884928
   outer loop
      vertex 0.222207963110633 0.484344011452073 0.067725167878573
      vertex 0.166697009050912 0.481685474772472 0.049767232006304
      vertex 0.167046336620469 0.484348915504440 0.048752336456784
   endloop
endfacet
facet normal 0.039424896244719 0.992655844451454 -0.114368055122330
   outer loop
      vertex -0.277745088635061 0.498132505205870 -0.092856399152040
      vertex -0.276818005228806 0.497785122859853 -0.095551915383399
      vertex -0.331979694691708 0.497790024920563 -0.114524676808990
   endloop
endfacet
facet normal -0.200401253581554 0.787474704364276 0.582857553394771
   outer loop
      vertex 0.161028516451150 0.494796470932242 0.066251248852780
      vertex 0.106602451218346 0.496571333950080 0.045140239209416
      vertex 0.105866887994620 0.494801473902931 0.047278518481963
   endloop
endfacet
facet normal 0.195564834258071 0.799184094118813 -0.568382951282941
   outer loop
      vertex 0.055018308783759 0.496682164044154 0.015766088932032
      vertex 0.055764560875950 0.494956088189921 0.013595876580594
      vertex 0.000602834426708 0.494960989198301 -0.005376854846610
   endloop
endfacet
facet normal -0.259881467952905 0.601095175142001 0.755742160419577
   outer loop
      vertex -0.170503240301515 0.492531194983052 -0.045953169477056
      vertex -0.225103274757745 0.494831085990514 -0.066558067957322
      vertex -0.225664868758045 0.492536197953741 -0.064925899847872
   endloop
endfacet
facet normal 0.322849337705369 -0.120985344138898 -0.938685704400998
   outer loop
      vertex -0.218972287458414 0.487233872034785 -0.084385413289038
      vertex -0.219085552581137 0.484383428600403 -0.084056981409704
      vertex -0.274247209059026 0.484388331739574 -0.103029782833117
   endloop
endfacet
facet normal -0.259877360379345 0.601116028052875 0.755726986669260
   outer loop
      vertex 0.105305194014075 0.492506583878513 0.048910686591579
      vertex 0.050705161524210 0.494806375967654 0.028305687060341
      vertex 0.050143567545075 0.492511486874539 0.029937955164209
   endloop
endfacet
facet normal -0.127278197517351 0.920155661566672 0.370288831756420
   outer loop
      vertex -0.279529380003814 0.496605949269636 -0.087669177595036
      vertex -0.333831578027655 0.497735217446977 -0.109140493256381
      vertex -0.334691067460761 0.496610851053197 -0.106641909022305
   endloop
endfacet
facet normal -0.195570396783862 -0.799172020954434 0.568398012686013
   outer loop
      vertex 0.326560997115975 0.479226065425653 0.123027603809728
      vertex 0.271399370646978 0.479230968421678 0.104054872382358
      vertex 0.327307249229333 0.477499988515079 0.120857491452707
   endloop
endfacet
facet normal -0.259876958547175 0.601116028019940 0.755727124876301
   outer loop
      vertex 0.050705161524210 0.494806375967654 0.028305687060341
      vertex -0.004456564925032 0.494811276976033 0.009332955633138
      vertex 0.050143567545075 0.492511486874539 0.029937955164209
   endloop
endfacet
facet normal -0.301643624430031 0.373768457747047 0.877102196915564
   outer loop
      vertex -0.170503240301515 0.492531194983052 -0.045953169477056
      vertex -0.225664868758045 0.492536197953741 -0.064925899847872
      vertex -0.170852467890827 0.489867756238728 -0.044938273927701
   endloop
endfacet
facet normal 0.301642532007183 -0.373777959015287 -0.877098523678305
   outer loop
      vertex 0.167046336620469 0.484348915504440 0.048752336456784
      vertex 0.166697009050912 0.481685474772472 0.049767232006304
      vertex 0.111535282601671 0.481690375780851 0.030794500579100
   endloop
endfacet
facet normal -0.256168362253675 -0.616366390541116 0.744627586644214
   outer loop
      vertex -0.280217551949389 0.479280389586260 -0.085672837641720
      vertex -0.335954724974446 0.481546542547988 -0.102971847294446
      vertex -0.335379235417710 0.479285291977499 -0.104645619066205
   endloop
endfacet
facet normal -0.322848099061605 0.120980598237691 0.938686742093633
   outer loop
      vertex 0.104955966424762 0.489843145134189 0.049925582140933
      vertex 0.049794239975519 0.489848046142570 0.030952850713729
      vertex 0.104842703289572 0.486992601725144 0.050254012963714
   endloop
endfacet
facet normal 0.195573254579033 0.799167576709921 -0.568403277989278
   outer loop
      vertex -0.000143317706405 0.496687068096520 -0.003206742489756
      vertex -0.054558792063456 0.494965893250669 -0.024349686268399
      vertex -0.055305046143179 0.496692069079564 -0.022179472860406
   endloop
endfacet
facet normal 0.301642532007209 -0.373777959015008 -0.877098523678415
   outer loop
      vertex 0.001561255244287 0.484363721548231 -0.008165956762858
      vertex -0.053949798774512 0.481705181824643 -0.026123792640542
      vertex -0.053600471204955 0.484368622556612 -0.027138688190062
   endloop
endfacet
facet normal 0.195565176975125 0.799184094085919 -0.568382833409628
   outer loop
      vertex 0.110179935252758 0.496677261048128 0.034738820359402
      vertex 0.055764560875950 0.494956088189921 0.013595876580594
      vertex 0.055018308783759 0.496682164044154 0.015766088932032
   endloop
endfacet
facet normal -0.039425780685632 -0.992655528888076 0.114370489136240
   outer loop
      vertex -0.222516336749732 0.476128583463582 -0.074084397978836
      vertex -0.278605086638250 0.476480869066908 -0.090361713169199
      vertex -0.277678003219295 0.476133486087086 -0.093057169403908
   endloop
endfacet
facet normal -0.322849207418426 0.120985344124940 0.938685749213369
   outer loop
      vertex -0.115804004555610 0.487012310764960 -0.025637011683299
      vertex -0.170852467890827 0.489867756238728 -0.044938273927701
      vertex -0.170965733013551 0.487017312804346 -0.044609842048368
   endloop
endfacet
facet normal 0.259880667982208 -0.601099345827479 -0.755739118251065
   outer loop
      vertex -0.274596506634509 0.481724891603899 -0.102014887283647
      vertex -0.330319795082536 0.479435005437238 -0.119355469543788
      vertex -0.329758201086468 0.481729893685278 -0.120987657652121
   endloop
endfacet
facet normal 0.945629180362419 -0.000088547656108 0.325246745420170
   outer loop
      vertex 0.329033560406314 0.498078183244176 0.115844022300359
      vertex 0.328173450462723 0.476426643625857 0.118338829333237
      vertex 0.329100533868978 0.476079261279840 0.115643313101878
   endloop
endfacet
facet normal 0.127275734897902 -0.920159024063462 -0.370281322430360
   outer loop
      vertex 0.330884835210355 0.477605818682450 0.110455971551556
      vertex 0.274863691526444 0.476486354098326 0.093981884354958
      vertex 0.275723208741358 0.477610721678475 0.091483240124187
   endloop
endfacet
facet normal 0.256164739084816 0.616377499867977 -0.744619637201511
   outer loop
      vertex 0.055764560875950 0.494956088189921 0.013595876580594
      vertex 0.001178390963859 0.492699740276436 -0.007050656616805
      vertex 0.000602834426708 0.494960989198301 -0.005376854846610
   endloop
endfacet
facet normal -0.322850166701076 0.120974268919908 0.938686846674854
   outer loop
      vertex 0.160117594902459 0.489838141107158 0.068898412506168
      vertex 0.104955966424762 0.489843145134189 0.049925582140933
      vertex 0.160004429759980 0.486987699660422 0.069226844385336
   endloop
endfacet
facet normal -0.127279900449122 0.920154108280956 0.370292106255778
   outer loop
      vertex 0.272087530606996 0.496556627880953 0.102058533485612
      vertex 0.272947047843077 0.497680994404761 0.099559989249257
      vertex 0.217785321372666 0.497685896469482 0.080587157827636
   endloop
endfacet
facet normal 0.200403178084354 -0.787474704514965 -0.582856891494610
   outer loop
      vertex 0.220561480304582 0.477615722661519 0.072510509753537
      vertex 0.165399753834173 0.477620624726241 0.053537678331913
      vertex 0.221297043528308 0.479385582708667 0.070372230480989
   endloop
endfacet
facet normal 0.127277278414648 -0.920157538381011 -0.370284483822855
   outer loop
      vertex -0.000944744776679 0.476511065177528 -0.000881970657121
      vertex -0.056106471247087 0.476515967242250 -0.019854802078745
      vertex -0.000085327542009 0.477635430770032 -0.003380614887728
   endloop
endfacet
facet normal -0.039424800055761 -0.992655844460011 0.114368088206222
   outer loop
      vertex -0.002796612330563 0.476456258757427 0.004502142899369
      vertex -0.057958338779805 0.476461159765808 -0.014470588527835
      vertex -0.001869528924308 0.476108876411410 0.001806626668009
   endloop
endfacet
facet normal -0.121644596217311 -0.927517142727433 0.353432514290729
   outer loop
      vertex -0.003662813563954 0.477529603646649 0.007020805018839
      vertex -0.058824540013195 0.477534504655028 -0.011951926408365
      vertex -0.002796612330563 0.476456258757427 0.004502142899369
   endloop
endfacet
facet normal -0.039425098313178 -0.992655844433444 0.114367985621511
   outer loop
      vertex 0.163615452492796 0.476094067323632 0.058725019882235
      vertex 0.107526742596377 0.476446353722016 0.042447704691807
      vertex 0.108453826002632 0.476098971375999 0.039752188460448
   endloop
endfacet
facet normal 0.121644823260490 0.927517142707675 -0.353432436198653
   outer loop
      vertex -0.111332973846980 0.497770316033507 -0.038633642162558
      vertex -0.165628399082587 0.496701874140312 -0.060125035709399
      vertex -0.166494600315978 0.497775219029533 -0.057606373589928
   endloop
endfacet
facet normal -0.200407712627289 0.787461553533025 0.582873099762593
   outer loop
      vertex 0.050705161524210 0.494806375967654 0.028305687060341
      vertex -0.003720903708594 0.496581238985492 0.007194677416978
      vertex -0.004456564925032 0.494811276976033 0.009332955633138
   endloop
endfacet
facet normal 0.200405723894137 -0.787466338565236 -0.582867318913257
   outer loop
      vertex 0.055076398907233 0.477630529761652 0.015592116539475
      vertex -0.000085327542009 0.477635430770032 -0.003380614887728
      vertex 0.055812062132370 0.479400390740105 0.013453937261179
   endloop
endfacet
facet normal 0.121646089439448 0.927517142595544 -0.353432000695306
   outer loop
      vertex 0.109313835987145 0.497750507950330 0.037257481422152
      vertex 0.055018308783759 0.496682164044154 0.015766088932032
      vertex 0.054152107550368 0.497755508933374 0.018284751051502
   endloop
endfacet
facet normal -0.945628838631670 0.000084815006960 -0.325247739968371
   outer loop
      vertex -0.333831578027655 0.497735217446977 -0.109140493256381
      vertex -0.332839690474793 0.476138488417211 -0.112029949771836
      vertex -0.333766774982947 0.476485870846997 -0.109334443539916
   endloop
endfacet
facet normal -0.322052477366375 -0.140058159959660 0.936304391558053
   outer loop
      vertex 0.215296696226175 0.484139491753363 0.087819191909229
      vertex 0.215166056228978 0.486982796664397 0.088199575812706
      vertex 0.160004429759980 0.486987699660422 0.069226844385336
   endloop
endfacet
facet normal 0.195567458480913 0.799178942729120 -0.568389291491037
   outer loop
      vertex -0.275951813991324 0.496711777666233 -0.098070567503411
      vertex -0.275205541892500 0.494985701681359 -0.100240729857674
      vertex -0.330367234354810 0.494990603682442 -0.119213491283260
   endloop
endfacet
facet normal -0.259881588040957 0.601102074075250 0.755736631863074
   outer loop
      vertex 0.105866887994620 0.494801473902931 0.047278518481963
      vertex 0.050705161524210 0.494806375967654 0.028305687060341
      vertex 0.105305194014075 0.492506583878513 0.048910686591579
   endloop
endfacet
facet normal -0.127275558262709 0.920159024047467 0.370281383184368
   outer loop
      vertex 0.272087530606996 0.496556627880953 0.102058533485612
      vertex 0.217785321372666 0.497685896469482 0.080587157827636
      vertex 0.216925804157752 0.496561528889333 0.083085802058408
   endloop
endfacet
facet normal 0.256166934495891 0.616377499706153 -0.744618882064489
   outer loop
      vertex 0.110926289333893 0.494951086150536 0.032568706945662
      vertex 0.056340117413101 0.492694839268057 0.011922074810398
      vertex 0.055764560875950 0.494956088189921 0.013595876580594
   endloop
endfacet
facet normal -0.121649882644749 -0.927510591873130 0.353447885855432
   outer loop
      vertex 0.161822267812228 0.477514797602857 0.063939098238481
      vertex 0.106660541362987 0.477519698611237 0.044966366811277
      vertex 0.162688369086541 0.476441449669649 0.061420536113595
   endloop
endfacet
facet normal 0.322847910560680 -0.120985343988052 -0.938686195267991
   outer loop
      vertex -0.163810561009172 0.487228971026405 -0.065412681861835
      vertex -0.163923826131896 0.484378527592023 -0.065084249982501
      vertex -0.219085552581137 0.484383428600403 -0.084056981409704
   endloop
endfacet
facet normal 0.045474682259057 -0.990143320404071 -0.132469839331974
   outer loop
      vertex -0.057031255373550 0.476113777419791 -0.017166104759195
      vertex -0.112192981822794 0.476118678428170 -0.036138836186399
      vertex -0.056106471247087 0.476515967242250 -0.019854802078745
   endloop
endfacet
facet normal -0.200409692484374 0.787459174740105 0.582875632769077
   outer loop
      vertex -0.225103274757745 0.494831085990514 -0.066558067957322
      vertex -0.279529380003814 0.496605949269636 -0.087669177595036
      vertex -0.280264981232105 0.494835988452765 -0.085530899378976
   endloop
endfacet
facet normal 0.121647787724133 0.927515319472291 -0.353436200587940
   outer loop
      vertex 0.329960543832325 0.497730798910513 0.113148506069165
      vertex 0.275665016628940 0.496662455004336 0.091657113579046
      vertex 0.274798915375793 0.497735801881203 0.094175775698349
   endloop
endfacet
facet normal 0.121636618335440 0.927527309444504 -0.353408578439402
   outer loop
      vertex 0.164475462456142 0.497745604954304 0.056230212849523
      vertex 0.110179935252758 0.496677261048128 0.034738820359402
      vertex 0.109313835987145 0.497750507950330 0.037257481422152
   endloop
endfacet
facet normal -0.299308270752632 -0.391566035827589 0.870109532556297
   outer loop
      vertex 0.215662185632128 0.481497221370574 0.086755843787320
      vertex 0.215296696226175 0.484139491753363 0.087819191909229
      vertex 0.160134969755766 0.484144393818085 0.068846360487607
   endloop
endfacet
facet normal -0.195571504577829 -0.799172020855302 0.568397631662216
   outer loop
      vertex -0.225055873502735 0.479275387609394 -0.066700107270987
      vertex -0.280217551949389 0.479280389586260 -0.085672837641720
      vertex -0.224309621389378 0.477549310698820 -0.068870219628008
   endloop
endfacet
facet normal 0.045474442046344 -0.990142725225514 -0.132474370364861
   outer loop
      vertex -0.111268097716087 0.476520870238275 -0.038827533506115
      vertex -0.167354610300490 0.476123682455202 -0.055111666551634
      vertex -0.166429826152861 0.476525871221319 -0.057800263876765
   endloop
endfacet
facet normal 0.127276693983540 -0.920157538336020 -0.370284684819690
   outer loop
      vertex 0.055076398907233 0.477630529761652 0.015592116539475
      vertex -0.000944744776679 0.476511065177528 -0.000881970657121
      vertex -0.000085327542009 0.477635430770032 -0.003380614887728
   endloop
endfacet
facet normal 0.200408825564269 -0.787456906643965 -0.582878995002109
   outer loop
      vertex -0.275158100630577 0.479430003355858 -0.100382699175314
      vertex -0.331055401314073 0.477665044732254 -0.117217211326603
      vertex -0.330319795082536 0.479435005437238 -0.119355469543788
   endloop
endfacet
facet normal 0.121646678188407 0.927517142542848 -0.353431798194329
   outer loop
      vertex -0.056171245389037 0.497765313994122 -0.019660811797489
      vertex -0.110466772613590 0.496696971144287 -0.041152304282028
      vertex -0.111332973846980 0.497770316033507 -0.038633642162558
   endloop
endfacet
facet normal 0.039424895938930 0.992655844451481 -0.114368055227509
   outer loop
      vertex 0.163548379049887 0.498092987300321 0.058925729080883
      vertex 0.164475462456142 0.497745604954304 0.056230212849523
      vertex 0.109313835987145 0.497750507950330 0.037257481422152
   endloop
endfacet
facet normal -0.322848099061622 0.120980598237373 0.938686742093668
   outer loop
      vertex -0.170965733013551 0.487017312804346 -0.044609842048368
      vertex -0.226014196327602 0.489872757221772 -0.063911004298352
      vertex -0.226127459462792 0.487022213812727 -0.063582573475572
   endloop
endfacet
facet normal -0.256167829540637 -0.616370140528164 0.744624665837582
   outer loop
      vertex 0.050752560812853 0.479250776504855 0.028163748797647
      vertex 0.050177104255946 0.481512027414365 0.029837550567676
      vertex -0.004984622214462 0.481516929479086 0.010864719146055
   endloop
endfacet
facet normal 0.301643316756539 -0.373777959089731 -0.877098253763414
   outer loop
      vertex 0.056722983702228 0.484358719508845 0.010806873602209
      vertex 0.001211927674730 0.481700280816263 -0.007151061213338
      vertex 0.001561255244287 0.484363721548231 -0.008165956762858
   endloop
endfacet
facet normal -0.195577195196022 -0.799155503084819 0.568418897124742
   outer loop
      vertex 0.106660541362987 0.477519698611237 0.044966366811277
      vertex 0.050752560812853 0.479250776504855 0.028163748797647
      vertex 0.051498814913743 0.477524599619618 0.025993635384073
   endloop
endfacet
facet normal -0.121644596217208 -0.927517142727581 0.353432514290376
   outer loop
      vertex -0.058824540013195 0.477534504655028 -0.011951926408365
      vertex -0.113986266462439 0.477539405663408 -0.030924657835569
      vertex -0.057958338779805 0.476461159765808 -0.014470588527835
   endloop
endfacet
facet normal 0.256164739084828 0.616377499867978 -0.744619637201506
   outer loop
      vertex 0.001178390963859 0.492699740276436 -0.007050656616805
      vertex -0.053983335485383 0.492704641284817 -0.026023388044010
      vertex 0.000602834426708 0.494960989198301 -0.005376854846610
   endloop
endfacet
facet normal 0.256168079599507 0.616366390566106 -0.744627683862755
   outer loop
      vertex -0.275205541892500 0.494985701681359 -0.100240729857674
      vertex -0.329791744798073 0.492729353111952 -0.120887263055019
      vertex -0.330367234354810 0.494990603682442 -0.119213491283260
   endloop
endfacet
facet normal -0.039436802623193 -0.992651422210333 0.114402327697746
   outer loop
      vertex -0.113119967236337 0.476466162736497 -0.033443318898651
      vertex -0.168281693706745 0.476471064801218 -0.052416150320274
      vertex -0.112192981822794 0.476118678428170 -0.036138836186399
   endloop
endfacet
facet normal -0.200408818096678 0.787459174664945 0.582875933509951
   outer loop
      vertex -0.280264981232105 0.494835988452765 -0.085530899378976
      vertex -0.279529380003814 0.496605949269636 -0.087669177595036
      vertex -0.334691067460761 0.496610851053197 -0.106641909022305
   endloop
endfacet
facet normal 0.322054315773669 0.140051227434143 -0.936304796199263
   outer loop
      vertex 0.332513943163100 0.490027854762077 0.105722681695153
      vertex 0.277482854702354 0.487189551890429 0.086369467426609
      vertex 0.277352316672935 0.490032758814445 0.086749850273366
   endloop
endfacet
facet normal 0.256169242517427 0.616370140384351 -0.744624179858956
   outer loop
      vertex 0.111501745890800 0.492689835241026 0.030894905175633
      vertex 0.056340117413101 0.492694839268057 0.011922074810398
      vertex 0.110926289333893 0.494951086150536 0.032568706945662
   endloop
endfacet
facet normal -0.200399605761754 0.787478668944225 0.582852763541844
   outer loop
      vertex -0.059618293361807 0.494816277959077 -0.009639774737513
      vertex -0.058882630157836 0.496586139993871 -0.011778054010226
      vertex -0.114044258614368 0.496591142964560 -0.030750784381042
   endloop
endfacet
facet normal 0.200407351252264 -0.787461553497239 -0.582873224061430
   outer loop
      vertex 0.055812062132370 0.479400390740105 0.013453937261179
      vertex -0.000085327542009 0.477635430770032 -0.003380614887728
      vertex 0.000650333674429 0.479405392779490 -0.005518893103888
   endloop
endfacet
facet normal 0.200410539620826 -0.787455871900841 -0.582879803576840
   outer loop
      vertex -0.219996374170750 0.479425101819307 -0.081409917750900
      vertex -0.275893711863243 0.477660042657125 -0.098244450957562
      vertex -0.275158100630577 0.479430003355858 -0.100382699175314
   endloop
endfacet
facet normal -0.200407712627298 0.787461553533024 0.582873099762591
   outer loop
      vertex -0.004456564925032 0.494811276976033 0.009332955633138
      vertex -0.003720903708594 0.496581238985492 0.007194677416978
      vertex -0.058882630157836 0.496586139993871 -0.011778054010226
   endloop
endfacet
facet normal 0.322051310714611 0.140083559624013 -0.936300993051949
   outer loop
      vertex -0.108648934540175 0.487224068030380 -0.046439950434465
      vertex -0.163810561009172 0.487228971026405 -0.065412681861835
      vertex -0.108779472548428 0.490067273898052 -0.046059467593290
   endloop
endfacet
facet normal -0.322847351551303 0.121008567972806 0.938683393947864
   outer loop
      vertex -0.226127459462792 0.487022213812727 -0.063582573475572
      vertex -0.281175892803938 0.489877659882788 -0.082883835720023
      vertex -0.281289115925864 0.487027116212458 -0.082555304902891
   endloop
endfacet
facet normal -0.322052281418941 -0.140062426342061 0.936303820754796
   outer loop
      vertex -0.060511740076946 0.484164202832565 -0.007044663102851
      vertex -0.060642378086610 0.487007407768935 -0.006664280255929
      vertex -0.115804004555610 0.487012310764960 -0.025637011683299
   endloop
endfacet
facet normal -0.039436233402714 -0.992651671498137 0.114400360869019
   outer loop
      vertex 0.052365014159601 0.476451354705060 0.023474974321157
      vertex -0.002796612330563 0.476456258757427 0.004502142899369
      vertex 0.053292099553388 0.476103872384379 0.020779457033243
   endloop
endfacet
facet normal -0.039436600191423 -0.992651422229193 0.114402397316238
   outer loop
      vertex -0.057031255373550 0.476113777419791 -0.017166104759195
      vertex -0.113119967236337 0.476466162736497 -0.033443318898651
      vertex -0.112192981822794 0.476118678428170 -0.036138836186399
   endloop
endfacet
facet normal -0.259881467952947 0.601095175141863 0.755742160419673
   outer loop
      vertex -0.169941646301214 0.494826083019825 -0.047585337586505
      vertex -0.225103274757745 0.494831085990514 -0.066558067957322
      vertex -0.170503240301515 0.492531194983052 -0.045953169477056
   endloop
endfacet
facet normal 0.259878173189680 -0.601116028119339 -0.755726707108876
   outer loop
      vertex 0.332182090427095 0.481670668728680 0.106685525225946
      vertex 0.331620496447960 0.479375779635566 0.108317793329814
      vertex 0.276458769977550 0.479380681700287 0.089344961908193
   endloop
endfacet
facet normal 0.195573245185463 0.799167595136923 -0.568403255313245
   outer loop
      vertex 0.055018308783759 0.496682164044154 0.015766088932032
      vertex 0.000602834426708 0.494960989198301 -0.005376854846610
      vertex -0.000143317706405 0.496687068096520 -0.003206742489756
   endloop
endfacet
facet normal 0.322052325410602 0.140065406718203 -0.936303359781694
   outer loop
      vertex -0.219102827475367 0.490077178933464 -0.084005029385727
      vertex -0.274133985918050 0.487238874459195 -0.103358223655273
      vertex -0.274264563933218 0.490082080271250 -0.102977810810124
   endloop
endfacet
facet normal 0.045474786443854 -0.990143320413208 -0.132469803498732
   outer loop
      vertex -0.222516336749732 0.476128583463582 -0.074084397978836
      vertex -0.277678003219295 0.476133486087086 -0.093057169403908
      vertex -0.221591552623269 0.476530773286041 -0.076773095298386
   endloop
endfacet
facet normal -0.256172831503928 -0.616349544659345 0.744639993015067
   outer loop
      vertex 0.105914289270796 0.479245774465469 0.047136579162716
      vertex 0.105338832692723 0.481507026431321 0.048810280938327
      vertex 0.050177104255946 0.481512027414365 0.029837550567676
   endloop
endfacet
facet normal -0.299308270752599 -0.391566035827964 0.870109532556139
   outer loop
      vertex 0.050177104255946 0.481512027414365 0.029837550567676
      vertex 0.049811614849992 0.484154297797154 0.030900898689587
      vertex -0.005350111620416 0.484159199861876 0.011928067267963
   endloop
endfacet
facet normal -0.045476248237353 0.990142725388451 0.132473749122556
   outer loop
      vertex -0.058023114930454 0.497710607548685 -0.014276697184445
      vertex -0.057098330782825 0.498112796314803 -0.016965294509576
      vertex -0.112260057253235 0.498117698379524 -0.035938125931199
   endloop
endfacet
facet normal 0.299312643019613 0.391538024940382 -0.870120633449407
   outer loop
      vertex -0.164306690412323 0.492714546320228 -0.063968949836449
      vertex -0.219102827475367 0.490077178933464 -0.084005029385727
      vertex -0.219468316902487 0.492719450372595 -0.082941781258236
   endloop
endfacet
facet normal 0.195576560967357 0.799159928794913 -0.568412893070426
   outer loop
      vertex 0.165341663689533 0.496672260065084 0.053711550730052
      vertex 0.110926289333893 0.494951086150536 0.032568706945662
      vertex 0.110179935252758 0.496677261048128 0.034738820359402
   endloop
endfacet
facet normal -0.256167245607236 -0.616372348320972 0.744623039197212
   outer loop
      vertex -0.225055873502735 0.479275387609394 -0.066700107270987
      vertex -0.280793038500369 0.481541639899476 -0.083999035871641
      vertex -0.280217551949389 0.479280389586260 -0.085672837641720
   endloop
endfacet
facet normal 0.045474483846196 -0.990142725229276 -0.132474355988110
   outer loop
      vertex 0.054216883679851 0.476506062206838 0.018090759713693
      vertex -0.001869528924308 0.476108876411410 0.001806626668009
      vertex -0.000944744776679 0.476511065177528 -0.000881970657121
   endloop
endfacet
facet normal 0.299307463765146 0.391566035902855 -0.870109810116976
   outer loop
      vertex 0.277352316672935 0.490032758814445 0.086749850273366
      vertex 0.222190588236159 0.490037759797489 0.067777119902716
      vertex 0.276986827266981 0.492675029197234 0.087813198395275
   endloop
endfacet
facet normal -0.200415716122667 0.787445257394253 0.582892363424275
   outer loop
      vertex 0.050705161524210 0.494806375967654 0.028305687060341
      vertex 0.051440722781570 0.496576334933124 0.026167508838766
      vertex -0.003720903708594 0.496581238985492 0.007194677416978
   endloop
endfacet
facet normal 0.945639980316051 -0.000088228281181 0.325215343801042
   outer loop
      vertex 0.329033560406314 0.498078183244176 0.115844022300359
      vertex 0.329100533868978 0.476079261279840 0.115643313101878
      vertex 0.329960543832325 0.497730798910513 0.113148506069165
   endloop
endfacet
facet normal -0.299308521697807 -0.391553977548412 0.870114872591597
   outer loop
      vertex -0.060146248683459 0.481521832475112 -0.008108012281315
      vertex -0.060511740076946 0.484164202832565 -0.007044663102851
      vertex -0.115673466526190 0.484169103840946 -0.026017394530056
   endloop
endfacet
facet normal -0.256167589969536 -0.616370140552530 0.744624748235280
   outer loop
      vertex -0.059570792126553 0.479260581565602 -0.009781814051345
      vertex -0.115307977120236 0.481526833458156 -0.027080742651965
      vertex -0.114732520563330 0.479265582548646 -0.028754544421995
   endloop
endfacet
facet normal -0.200399306335838 0.787478668914075 0.582852866532740
   outer loop
      vertex -0.004456564925032 0.494811276976033 0.009332955633138
      vertex -0.058882630157836 0.496586139993871 -0.011778054010226
      vertex -0.059618293361807 0.494816277959077 -0.009639774737513
   endloop
endfacet
facet normal 0.200408012067287 -0.787461553562894 -0.582872996766493
   outer loop
      vertex -0.000085327542009 0.477635430770032 -0.003380614887728
      vertex -0.055246954011006 0.477640333766058 -0.022353346315099
      vertex 0.000650333674429 0.479405392779490 -0.005518893103888
   endloop
endfacet
facet normal 0.195565176975069 0.799184094086072 -0.568382833409433
   outer loop
      vertex 0.275665016628940 0.496662455004336 0.091657113579046
      vertex 0.221249642252132 0.494941282146129 0.070514169800236
      vertex 0.220503390159941 0.496667358000361 0.072684382151675
   endloop
endfacet
facet normal 0.200413136925495 -0.787449222460808 -0.582887893675578
   outer loop
      vertex 0.330884835210355 0.477605818682450 0.110455971551556
      vertex 0.275723208741358 0.477610721678475 0.091483240124187
      vertex 0.331620496447960 0.479375779635566 0.108317793329814
   endloop
endfacet
facet normal -0.200407712627280 0.787461553533009 0.582873099762617
   outer loop
      vertex 0.271351869390558 0.494786665871494 0.104196811701771
      vertex 0.272087530606996 0.496556627880953 0.102058533485612
      vertex 0.216925804157752 0.496561528889333 0.083085802058408
   endloop
endfacet
facet normal -0.200414423492011 0.787445257284787 0.582892808015385
   outer loop
      vertex 0.326513597827332 0.494781664888451 0.123169542072422
      vertex 0.327249159084693 0.496551623853922 0.121031363850846
      vertex 0.272087530606996 0.496556627880953 0.102058533485612
   endloop
endfacet
facet normal -0.121644596217292 -0.927517142727480 0.353432514290611
   outer loop
      vertex -0.169147894940136 0.477544409690440 -0.049897488200804
      vertex -0.224309621389378 0.477549310698820 -0.068870219628008
      vertex -0.168281693706745 0.476471064801218 -0.052416150320274
   endloop
endfacet
facet normal 0.301643316756537 -0.373777959089750 -0.877098253763406
   outer loop
      vertex 0.056722983702228 0.484358719508845 0.010806873602209
      vertex 0.056373656132671 0.481695278776877 0.011821769151729
      vertex 0.001211927674730 0.481700280816263 -0.007151061213338
   endloop
endfacet
facet normal 0.945653254962535 -0.000085610995251 0.325176742786936
   outer loop
      vertex 0.331573097159317 0.494931379098364 0.108459731592509
      vertex 0.331620496447960 0.479375779635566 0.108317793329814
      vertex 0.332148453735979 0.492670126201208 0.106785929822644
   endloop
endfacet
facet normal 0.299307351437086 0.391566035913075 -0.870109848751890
   outer loop
      vertex -0.053617846079429 0.490062370902027 -0.027086736165919
      vertex -0.108779472548428 0.490067273898052 -0.046059467593290
      vertex -0.053983335485383 0.492704641284817 -0.026023388044010
   endloop
endfacet
facet normal 0.322848350455166 -0.120974268790675 -0.938687471365704
   outer loop
      vertex 0.167159501762948 0.487199356951177 0.048423904577617
      vertex 0.167046336620469 0.484348915504440 0.048752336456784
      vertex 0.111884610171227 0.484353816512821 0.029779605029580
   endloop
endfacet
facet normal -0.259883276270341 0.601095175307262 0.755741538449042
   outer loop
      vertex -0.115341513831107 0.492526292918331 -0.026980338055433
      vertex -0.169941646301214 0.494826083019825 -0.047585337586505
      vertex -0.170503240301515 0.492531194983052 -0.045953169477056
   endloop
endfacet
facet normal -0.127285213631607 0.920146392722642 0.370309452148154
   outer loop
      vertex -0.058882630157836 0.496586139993871 -0.011778054010226
      vertex -0.058023114930454 0.497710607548685 -0.014276697184445
      vertex -0.113184841379698 0.497715508557065 -0.033249428611649
   endloop
endfacet
facet normal 0.301644768766136 -0.373768457818771 -0.877101803336308
   outer loop
      vertex -0.219085552581137 0.484383428600403 -0.084056981409704
      vertex -0.219434780170449 0.481719989856079 -0.083042085860350
      vertex -0.274596506634509 0.481724891603899 -0.102014887283647
   endloop
endfacet
facet normal 0.195573647216135 0.799167576671656 -0.568403142946388
   outer loop
      vertex -0.220790127519362 0.496706875123356 -0.079097766080048
      vertex -0.220043873439638 0.494980699294460 -0.081267979488040
      vertex -0.275205541892500 0.494985701681359 -0.100240729857674
   endloop
endfacet
facet normal -0.127279711181564 0.920152622311228 0.370295863837699
   outer loop
      vertex -0.003720903708594 0.496581238985492 0.007194677416978
      vertex -0.002861486452758 0.497705603521654 0.004696133180790
      vertex -0.058023114930454 0.497710607548685 -0.014276697184445
   endloop
endfacet
facet normal 0.259882061606174 -0.601095175196613 -0.755741956232865
   outer loop
      vertex 0.277020363977853 0.481675569737060 0.087712793798743
      vertex 0.221297043528308 0.479385582708667 0.070372230480989
      vertex 0.221858637528609 0.481680470745440 0.068740062371538
   endloop
endfacet
facet normal 0.039437540602912 0.992651671380623 -0.114399911260671
   outer loop
      vertex 0.108386750593357 0.498097990271011 0.039952998710066
      vertex 0.109313835987145 0.497750507950330 0.037257481422152
      vertex 0.054152107550368 0.497755508933374 0.018284751051502
   endloop
endfacet
facet normal -0.322848099061587 0.120980598237655 0.938686742093644
   outer loop
      vertex -0.060529114951420 0.489857951177981 -0.006992711078709
      vertex -0.115690841400664 0.489862852186361 -0.025965442505913
      vertex -0.060642378086610 0.487007407768935 -0.006664280255929
   endloop
endfacet
facet normal 0.945584404270736 -0.000083350762693 0.325376900613132
   outer loop
      vertex 0.325602676278641 0.489823335063367 0.125816705725810
      vertex 0.325489411155918 0.486972891628985 0.126145137605144
      vertex 0.325620051153115 0.484129586717951 0.125764753701667
   endloop
endfacet
facet normal -0.299307961490082 -0.391566035856109 0.870109638926374
   outer loop
      vertex -0.004984622214462 0.481516929479086 0.010864719146055
      vertex -0.005350111620416 0.484159199861876 0.011928067267963
      vertex -0.060511740076946 0.484164202832565 -0.007044663102851
   endloop
endfacet
facet normal 0.039437636506567 0.992651671371927 -0.114399878274827
   outer loop
      vertex 0.163548379049887 0.498092987300321 0.058925729080883
      vertex 0.109313835987145 0.497750507950330 0.037257481422152
      vertex 0.108386750593357 0.498097990271011 0.039952998710066
   endloop
endfacet
facet normal 0.121635147169378 0.927529132284564 -0.353404300676333
   outer loop
      vertex -0.001009618920040 0.497760410998096 -0.000688080370119
      vertex -0.055305046143179 0.496692069079564 -0.022179472860406
      vertex -0.056171245389037 0.497765313994122 -0.019660811797489
   endloop
endfacet
facet normal -0.195572207637189 -0.799168461877969 0.568402393678561
   outer loop
      vertex -0.280217551949389 0.479280389586260 -0.085672837641720
      vertex -0.335379235417710 0.479285291977499 -0.104645619066205
      vertex -0.279471277873616 0.477554214154894 -0.087843051049746
   endloop
endfacet
facet normal 0.121647202589581 0.927516487492779 -0.353433336757000
   outer loop
      vertex -0.221656326765219 0.497780120037913 -0.076579105017131
      vertex -0.275951813991324 0.496711777666233 -0.098070567503411
      vertex -0.276818005228806 0.497785122859853 -0.095551915383399
   endloop
endfacet
facet normal 0.301644230309742 -0.373775108764538 -0.877099154251617
   outer loop
      vertex -0.219085552581137 0.484383428600403 -0.084056981409704
      vertex -0.274596506634509 0.481724891603899 -0.102014887283647
      vertex -0.274247209059026 0.484388331739574 -0.103029782833117
   endloop
endfacet
facet normal -0.256167198168409 -0.616372348325386 0.744623055513591
   outer loop
      vertex -0.280217551949389 0.479280389586260 -0.085672837641720
      vertex -0.280793038500369 0.481541639899476 -0.083999035871641
      vertex -0.335954724974446 0.481546542547988 -0.102971847294446
   endloop
endfacet
facet normal 0.200410291730892 -0.787457588786841 -0.582877569331977
   outer loop
      vertex 0.331620496447960 0.479375779635566 0.108317793329814
      vertex 0.275723208741358 0.477610721678475 0.091483240124187
      vertex 0.276458769977550 0.479380681700287 0.089344961908193
   endloop
endfacet
facet normal 0.256174484080009 0.616349544506895 -0.744639424616025
   outer loop
      vertex -0.053983335485383 0.492704641284817 -0.026023388044010
      vertex -0.109144963963081 0.492709645311848 -0.044996218409244
      vertex -0.054558792063456 0.494965893250669 -0.024349686268399
   endloop
endfacet
facet normal -0.299309938744902 -0.391553977417824 0.870114385202776
   outer loop
      vertex 0.325985540559069 0.481487316335162 0.124701405579758
      vertex 0.270458322695174 0.484134588757337 0.106791923336599
      vertex 0.270823814088660 0.481492218399885 0.105728574158135
   endloop
endfacet
facet normal 0.322848316393123 -0.120969523390473 -0.938688094636769
   outer loop
      vertex 0.111997875293950 0.487204259947202 0.029451173150246
      vertex 0.056722983702228 0.484358719508845 0.010806873602209
      vertex 0.056836146857174 0.487209260930246 0.010478442779595
   endloop
endfacet
facet normal 0.195568164202009 0.799177558388683 -0.568390995106854
   outer loop
      vertex -0.275951813991324 0.496711777666233 -0.098070567503411
      vertex -0.330367234354810 0.494990603682442 -0.119213491283260
      vertex -0.331113502456540 0.496716679852455 -0.117043338928446
   endloop
endfacet
facet normal 0.322848429923606 -0.120985344043159 -0.938686016633156
   outer loop
      vertex 0.167159501762948 0.487199356951177 0.048423904577617
      vertex 0.111884610171227 0.484353816512821 0.029779605029580
      vertex 0.111997875293950 0.487204259947202 0.029451173150246
   endloop
endfacet
facet normal -0.299308880804062 -0.391566035770767 0.870109322730533
   outer loop
      vertex 0.325985540559069 0.481487316335162 0.124701405579758
      vertex 0.325620051153115 0.484129586717951 0.125764753701667
      vertex 0.270458322695174 0.484134588757337 0.106791923336599
   endloop
endfacet
facet normal -0.301643316756587 0.373777959089629 0.877098253763441
   outer loop
      vertex 0.160466922472016 0.492501581839128 0.067883516956648
      vertex 0.105305194014075 0.492506583878513 0.048910686591579
      vertex 0.160117594902459 0.489838141107158 0.068898412506168
   endloop
endfacet
facet normal -0.195567048398201 -0.799184093904575 0.568382189755044
   outer loop
      vertex 0.105914289270796 0.479245774465469 0.047136579162716
      vertex 0.050752560812853 0.479250776504855 0.028163748797647
      vertex 0.106660541362987 0.477519698611237 0.044966366811277
   endloop
endfacet
facet normal 0.195573245185487 0.799167595136919 -0.568403255313242
   outer loop
      vertex -0.000143317706405 0.496687068096520 -0.003206742489756
      vertex 0.000602834426708 0.494960989198301 -0.005376854846610
      vertex -0.054558792063456 0.494965893250669 -0.024349686268399
   endloop
endfacet
facet normal -0.301643008855732 0.373777959060374 0.877098359666191
   outer loop
      vertex 0.270440947820700 0.489828337102753 0.106843875360741
      vertex 0.215628648921257 0.492496680830748 0.086856248383853
      vertex 0.215279321351701 0.489833240098779 0.087871143933372
   endloop
endfacet
facet normal 0.127279556549524 -0.920154108248201 -0.370292224545040
   outer loop
      vertex -0.221591552623269 0.476530773286041 -0.076773095298386
      vertex -0.276753209090575 0.476535675897041 -0.095745846724590
      vertex -0.220732035387189 0.477655139809849 -0.079271639534740
   endloop
endfacet
facet normal 0.039424800055767 0.992655844460009 -0.114368088206236
   outer loop
      vertex 0.108386750593357 0.498097990271011 0.039952998710066
      vertex 0.054152107550368 0.497755508933374 0.018284751051502
      vertex 0.053225024144114 0.498102891279391 0.020980267282862
   endloop
endfacet
facet normal -0.322052465173823 -0.140046961638914 0.936306070796923
   outer loop
      vertex -0.005350111620416 0.484159199861876 0.011928067267963
      vertex -0.005480651637368 0.487002506760555 0.012308451171275
      vertex -0.060642378086610 0.487007407768935 -0.006664280255929
   endloop
endfacet
facet normal -0.945628674174179 0.000084846740822 -0.325248218105211
   outer loop
      vertex -0.335988268686051 0.492546001974661 -0.102871452697344
      vertex -0.335379235417710 0.479285291977499 -0.104645619066205
      vertex -0.335954724974446 0.481546542547988 -0.102971847294446
   endloop
endfacet
facet normal 0.200408067789665 -0.787457588613344 -0.582878334217416
   outer loop
      vertex 0.275723208741358 0.477610721678475 0.091483240124187
      vertex 0.220561480304582 0.477615722661519 0.072510509753537
      vertex 0.276458769977550 0.479380681700287 0.089344961908193
   endloop
endfacet
facet normal 0.301642532007222 -0.373777959014799 -0.877098523678500
   outer loop
      vertex 0.167046336620469 0.484348915504440 0.048752336456784
      vertex 0.111535282601671 0.481690375780851 0.030794500579100
      vertex 0.111884610171227 0.484353816512821 0.029779605029580
   endloop
endfacet
facet normal 0.259882280779155 -0.601095175216849 -0.755741880848250
   outer loop
      vertex 0.056373656132671 0.481695278776877 0.011821769151729
      vertex 0.055812062132370 0.479400390740105 0.013453937261179
      vertex 0.000650333674429 0.479405392779490 -0.005518893103888
   endloop
endfacet
facet normal 0.945628209484267 -0.000077162716209 0.325249571058124
   outer loop
      vertex 0.332148453735979 0.492670126201208 0.106785929822644
      vertex 0.332182090427095 0.481670668728680 0.106685525225946
      vertex 0.332513943163100 0.490027854762077 0.105722681695153
   endloop
endfacet
facet normal 0.045474995788172 -0.990143213984730 -0.132470527129828
   outer loop
      vertex -0.221591552623269 0.476530773286041 -0.076773095298386
      vertex -0.277678003219295 0.476133486087086 -0.093057169403908
      vertex -0.276753209090575 0.476535675897041 -0.095745846724590
   endloop
endfacet
facet normal -0.299308980349232 -0.391566035761737 0.870109288492050
   outer loop
      vertex -0.225631330059642 0.481536638518904 -0.065026305500958
      vertex -0.225996819465596 0.484178908901693 -0.063962957379048
      vertex -0.281158527927489 0.484183911338608 -0.082935787744149
   endloop
endfacet
facet normal -0.301644254928834 0.373768457786887 0.877101980063915
   outer loop
      vertex 0.105305194014075 0.492506583878513 0.048910686591579
      vertex 0.050143567545075 0.492511486874539 0.029937955164209
      vertex 0.104955966424762 0.489843145134189 0.049925582140933
   endloop
endfacet
facet normal 0.322849949339239 -0.120985344203028 -0.938685494028605
   outer loop
      vertex 0.222321228233356 0.487194454886455 0.067396735999239
      vertex 0.222207963110633 0.484344011452073 0.067725167878573
      vertex 0.167046336620469 0.484348915504440 0.048752336456784
   endloop
endfacet
facet normal 0.945635667369809 -0.000086131237205 0.325227884996762
   outer loop
      vertex 0.326513597827332 0.494781664888451 0.123169542072422
      vertex 0.325985540559069 0.481487316335162 0.124701405579758
      vertex 0.326560997115975 0.479226065425653 0.123027603809728
   endloop
endfacet
facet normal -0.195563263664191 -0.799188519342815 0.568377269474817
   outer loop
      vertex 0.161075915739793 0.479240871469443 0.066109310590086
      vertex 0.105914289270796 0.479245774465469 0.047136579162716
      vertex 0.161822267812228 0.477514797602857 0.063939098238481
   endloop
endfacet
facet normal -0.299307463765121 -0.391566035903031 0.870109810116905
   outer loop
      vertex 0.105338832692723 0.481507026431321 0.048810280938327
      vertex 0.049811614849992 0.484154297797154 0.030900898689587
      vertex 0.050177104255946 0.481512027414365 0.029837550567676
   endloop
endfacet
facet normal -0.322849058289219 0.120969523442779 0.938687839465171
   outer loop
      vertex -0.060642378086610 0.487007407768935 -0.006664280255929
      vertex -0.115690841400664 0.489862852186361 -0.025965442505913
      vertex -0.115804004555610 0.487012310764960 -0.025637011683299
   endloop
endfacet
facet normal -0.200410291730874 0.787457588786884 0.582877569331925
   outer loop
      vertex 0.216190242921558 0.494791568867519 0.085224080274402
      vertex 0.161764077687344 0.496566430954054 0.064112970636786
      vertex 0.161028516451150 0.494796470932242 0.066251248852780
   endloop
endfacet
facet normal -0.039424800055756 -0.992655844460013 0.114368088206203
   outer loop
      vertex -0.001869528924308 0.476108876411410 0.001806626668009
      vertex -0.057958338779805 0.476461159765808 -0.014470588527835
      vertex -0.057031255373550 0.476113777419791 -0.017166104759195
   endloop
endfacet
facet normal 0.322848429923604 -0.120985344042901 -0.938686016633190
   outer loop
      vertex -0.108648934540175 0.487224068030380 -0.046439950434465
      vertex -0.163923826131896 0.484378527592023 -0.065084249982501
      vertex -0.163810561009172 0.487228971026405 -0.065412681861835
   endloop
endfacet
facet normal -0.259883156181353 0.601088276278132 0.755747066983526
   outer loop
      vertex -0.005018158925333 0.492516388939261 0.010965123742588
      vertex -0.059618293361807 0.494816277959077 -0.009639774737513
      vertex -0.060179787381863 0.492521391909950 -0.008007606628229
   endloop
endfacet
facet normal -0.256167829540659 -0.616370140528160 0.744624665837578
   outer loop
      vertex -0.169894147032327 0.479270485544672 -0.047727275849365
      vertex -0.225631330059642 0.481536638518904 -0.065026305500958
      vertex -0.225055873502735 0.479275387609394 -0.066700107270987
   endloop
endfacet
facet normal -0.200415416668071 0.787445257369011 0.582892466419678
   outer loop
      vertex 0.105866887994620 0.494801473902931 0.047278518481963
      vertex 0.051440722781570 0.496576334933124 0.026167508838766
      vertex 0.050705161524210 0.494806375967654 0.028305687060341
   endloop
endfacet
facet normal -0.256167829540626 -0.616370140528286 0.744624665837485
   outer loop
      vertex -0.114732520563330 0.479265582548646 -0.028754544421995
      vertex -0.115307977120236 0.481526833458156 -0.027080742651965
      vertex -0.170469703590644 0.481531735522878 -0.046053574073587
   endloop
endfacet
facet normal -0.259876958547200 0.601116028019831 0.755727124876379
   outer loop
      vertex -0.060179787381863 0.492521391909950 -0.008007606628229
      vertex -0.114779919851973 0.494821182011445 -0.028612606159301
      vertex -0.115341513831107 0.492526292918331 -0.026980338055433
   endloop
endfacet
facet normal 0.256165430016166 0.616377499817357 -0.744619399548210
   outer loop
      vertex -0.219468316902487 0.492719450372595 -0.082941781258236
      vertex -0.274630055333054 0.492724450945606 -0.101914491629986
      vertex -0.220043873439638 0.494980699294460 -0.081267979488040
   endloop
endfacet
facet normal 0.301643147578078 -0.373768457716982 -0.877102360922064
   outer loop
      vertex -0.108762197675365 0.484373524621333 -0.046111519611684
      vertex -0.109111425264678 0.481710085877010 -0.045096624062330
      vertex -0.164273153701452 0.481715086860054 -0.064069354432980
   endloop
endfacet
facet normal -0.259876958547159 0.601116028020030 0.755727124876235
   outer loop
      vertex 0.215628648921257 0.492496680830748 0.086856248383853
      vertex 0.161028516451150 0.494796470932242 0.066251248852780
      vertex 0.160466922472016 0.492501581839128 0.067883516956648
   endloop
endfacet
facet normal -0.200414068220233 0.787449222559536 0.582887573336230
   outer loop
      vertex -0.059618293361807 0.494816277959077 -0.009639774737513
      vertex -0.114044258614368 0.496591142964560 -0.030750784381042
      vertex -0.114779919851973 0.494821182011445 -0.028612606159301
   endloop
endfacet
facet normal -0.039435935075015 -0.992651671524690 0.114400463478072
   outer loop
      vertex 0.108453826002632 0.476098971375999 0.039752188460448
      vertex 0.052365014159601 0.476451354705060 0.023474974321157
      vertex 0.053292099553388 0.476103872384379 0.020779457033243
   endloop
endfacet
facet normal 0.121646294486948 0.927515319624084 -0.353436714137381
   outer loop
      vertex 0.274798915375793 0.497735801881203 0.094175775698349
      vertex 0.275665016628940 0.496662455004336 0.091657113579046
      vertex 0.220503390159941 0.496667358000361 0.072684382151675
   endloop
endfacet
facet normal 0.121635423045917 0.927529132260330 -0.353404205788274
   outer loop
      vertex -0.221656326765219 0.497780120037913 -0.076579105017131
      vertex -0.220790127519362 0.496706875123356 -0.079097766080048
      vertex -0.275951813991324 0.496711777666233 -0.098070567503411
   endloop
endfacet
facet normal -0.195565769220026 -0.799184094029109 0.568382629713692
   outer loop
      vertex -0.004409065656145 0.479255679500881 0.009191017370279
      vertex -0.059570792126553 0.479260581565602 -0.009781814051345
      vertex -0.003662813563954 0.477529603646649 0.007020805018839
   endloop
endfacet
facet normal 0.301643008855756 -0.373777959060458 -0.877098359666147
   outer loop
      vertex 0.111884610171227 0.484353816512821 0.029779605029580
      vertex 0.056373656132671 0.481695278776877 0.011821769151729
      vertex 0.056722983702228 0.484358719508845 0.010806873602209
   endloop
endfacet
facet normal 0.259882061606201 -0.601095175196573 -0.755741956232888
   outer loop
      vertex 0.166697009050912 0.481685474772472 0.049767232006304
      vertex 0.110973688601370 0.479395487744079 0.032426668688549
      vertex 0.111535282601671 0.481690375780851 0.030794500579100
   endloop
endfacet
facet normal -0.256170415695932 -0.616356904368336 0.744634732308167
   outer loop
      vertex -0.114732520563330 0.479265582548646 -0.028754544421995
      vertex -0.170469703590644 0.481531735522878 -0.046053574073587
      vertex -0.169894147032327 0.479270485544672 -0.047727275849365
   endloop
endfacet
facet normal 0.299314423043171 0.391525967117319 -0.870125446835789
   outer loop
      vertex -0.108779472548428 0.490067273898052 -0.046059467593290
      vertex -0.163941201006369 0.490072275937438 -0.065032297958358
      vertex -0.109144963963081 0.492709645311848 -0.044996218409244
   endloop
endfacet
facet normal 0.322052795744850 0.140051227591011 -0.936305319008269
   outer loop
      vertex 0.277482854702354 0.487189551890429 0.086369467426609
      vertex 0.222321228233356 0.487194454886455 0.067396735999239
      vertex 0.277352316672935 0.490032758814445 0.086749850273366
   endloop
endfacet
facet normal -0.127279900449133 0.920154108280954 0.370292106255779
   outer loop
      vertex 0.216925804157752 0.496561528889333 0.083085802058408
      vertex 0.162623594923425 0.497690797477863 0.061614426400432
      vertex 0.161764077687344 0.496566430954054 0.064112970636786
   endloop
endfacet
facet normal 0.127277278414723 -0.920157538380880 -0.370284483823154
   outer loop
      vertex -0.055246954011006 0.477640333766058 -0.022353346315099
      vertex -0.111268097716087 0.476520870238275 -0.038827533506115
      vertex -0.110408680481417 0.477645235830780 -0.041326177736721
   endloop
endfacet
facet normal 0.299306853713072 0.391566035959207 -0.870110019942062
   outer loop
      vertex 0.001178390963859 0.492699740276436 -0.007050656616805
      vertex -0.053617846079429 0.490062370902027 -0.027086736165919
      vertex -0.053983335485383 0.492704641284817 -0.026023388044010
   endloop
endfacet
facet normal -0.259881066114177 0.601095175105189 0.755742298631366
   outer loop
      vertex -0.004456564925032 0.494811276976033 0.009332955633138
      vertex -0.059618293361807 0.494816277959077 -0.009639774737513
      vertex -0.005018158925333 0.492516388939261 0.010965123742588
   endloop
endfacet
facet normal -0.299309019424049 -0.391553977502837 0.870114701400409
   outer loop
      vertex 0.270823814088660 0.481492218399885 0.105728574158135
      vertex 0.270458322695174 0.484134588757337 0.106791923336599
      vertex 0.215296696226175 0.484139491753363 0.087819191909229
   endloop
endfacet
facet normal 0.121646089439404 0.927517142595594 -0.353432000695192
   outer loop
      vertex -0.166494600315978 0.497775219029533 -0.057606373589928
      vertex -0.165628399082587 0.496701874140312 -0.060125035709399
      vertex -0.220790127519362 0.496706875123356 -0.079097766080048
   endloop
endfacet
facet normal 0.259880667982207 -0.601099345827488 -0.755739118251059
   outer loop
      vertex -0.274596506634509 0.481724891603899 -0.102014887283647
      vertex -0.275158100630577 0.479430003355858 -0.100382699175314
      vertex -0.330319795082536 0.479435005437238 -0.119355469543788
   endloop
endfacet
facet normal 0.195570396783879 0.799172020954396 -0.568398012686060
   outer loop
      vertex 0.165341663689533 0.496672260065084 0.053711550730052
      vertex 0.166087915802890 0.494946183154510 0.051541438373032
      vertex 0.110926289333893 0.494951086150536 0.032568706945662
   endloop
endfacet
facet normal 0.039424800055754 0.992655844460013 -0.114368088206206
   outer loop
      vertex -0.167421683722233 0.498122601375550 -0.054910857358569
      vertex -0.166494600315978 0.497775219029533 -0.057606373589928
      vertex -0.221656326765219 0.497780120037913 -0.076579105017131
   endloop
endfacet
facet normal -0.322053989850139 -0.140051227467974 0.936304908299813
   outer loop
      vertex -0.115673466526190 0.484169103840946 -0.026017394530056
      vertex -0.115804004555610 0.487012310764960 -0.025637011683299
      vertex -0.170965733013551 0.487017312804346 -0.044609842048368
   endloop
endfacet
facet normal 0.299306853713046 0.391566035959392 -0.870110019941987
   outer loop
      vertex 0.111867235296753 0.490047564858236 0.029831557053722
      vertex 0.056705508847510 0.490052465866616 0.010858825626518
      vertex 0.111501745890800 0.492689835241026 0.030894905175633
   endloop
endfacet
facet normal 0.301643003557526 -0.373775108659765 -0.877099576189144
   outer loop
      vertex -0.274247209059026 0.484388331739574 -0.103029782833117
      vertex -0.274596506634509 0.481724891603899 -0.102014887283647
      vertex -0.329758201086468 0.481729893685278 -0.120987657652121
   endloop
endfacet
facet normal -0.127279963300412 0.920153662502064 0.370293192384473
   outer loop
      vertex -0.279529380003814 0.496605949269636 -0.087669177595036
      vertex -0.278669892761806 0.497730315197150 -0.090167721831341
      vertex -0.333831578027655 0.497735217446977 -0.109140493256381
   endloop
endfacet
facet normal 0.301643008855774 -0.373777959060239 -0.877098359666234
   outer loop
      vertex 0.111884610171227 0.484353816512821 0.029779605029580
      vertex 0.111535282601671 0.481690375780851 0.030794500579100
      vertex 0.056373656132671 0.481695278776877 0.011821769151729
   endloop
endfacet
facet normal -0.299308270752631 -0.391566035827588 0.870109532556297
   outer loop
      vertex -0.115307977120236 0.481526833458156 -0.027080742651965
      vertex -0.115673466526190 0.484169103840946 -0.026017394530056
      vertex -0.170835192996598 0.484174005905667 -0.044990225951678
   endloop
endfacet
facet normal -0.259883276270226 0.601095175307641 0.755741538448781
   outer loop
      vertex 0.050143567545075 0.492511486874539 0.029937955164209
      vertex -0.004456564925032 0.494811276976033 0.009332955633138
      vertex -0.005018158925333 0.492516388939261 0.010965123742588
   endloop
endfacet
facet normal 0.301643549059671 -0.373765396402835 -0.877103527391446
   outer loop
      vertex 0.277369691547408 0.484339010469029 0.086697898249223
      vertex 0.221858637528609 0.481680470745440 0.068740062371538
      vertex 0.222207963110633 0.484344011452073 0.067725167878573
   endloop
endfacet
facet normal 0.045473539819141 -0.990143160378123 -0.132471427608901
   outer loop
      vertex -0.276753209090575 0.476535675897041 -0.095745846724590
      vertex -0.332839690474793 0.476138488417211 -0.112029949771836
      vertex -0.331914891544904 0.476540678216939 -0.114718617093084
   endloop
endfacet
facet normal 0.322051950882536 0.140058159995462 -0.936304572642598
   outer loop
      vertex 0.167028961745995 0.490042663849855 0.048804288480927
      vertex 0.111997875293950 0.487204259947202 0.029451173150246
      vertex 0.111867235296753 0.490047564858236 0.029831557053722
   endloop
endfacet
facet normal -0.039427286186172 -0.992655528754041 0.114369971312532
   outer loop
      vertex -0.278605086638250 0.476480869066908 -0.090361713169199
      vertex -0.333766774982947 0.476485870846997 -0.109334443539916
      vertex -0.277678003219295 0.476133486087086 -0.093057169403908
   endloop
endfacet
facet normal 0.301642532007221 -0.373777959014815 -0.877098523678493
   outer loop
      vertex 0.332531417996651 0.484334109460649 0.105670629676426
      vertex 0.277020363977853 0.481675569737060 0.087712793798743
      vertex 0.277369691547408 0.484339010469029 0.086697898249223
   endloop
endfacet
facet normal -0.121646311423650 -0.927516980333747 0.353432350117512
   outer loop
      vertex -0.278605086638250 0.476480869066908 -0.090361713169199
      vertex -0.334632967318096 0.477559215913119 -0.106815781420461
      vertex -0.333766774982947 0.476485870846997 -0.109334443539916
   endloop
endfacet
facet normal 0.322848350455148 -0.120974268791059 -0.938687471365661
   outer loop
      vertex 0.332644583139130 0.487184550907385 0.105342197797258
      vertex 0.332531417996651 0.484334109460649 0.105670629676426
      vertex 0.277369691547408 0.484339010469029 0.086697898249223
   endloop
endfacet
facet normal 0.322051950882516 0.140058159995503 -0.936304572642599
   outer loop
      vertex 0.001543880369813 0.490057469893647 -0.008114004738716
      vertex -0.053487206082232 0.487219065990994 -0.027467120069396
      vertex -0.053617846079429 0.490062370902027 -0.027086736165919
   endloop
endfacet
facet normal -0.299311338239508 -0.391538025047490 0.870121082231195
   outer loop
      vertex 0.160500459182887 0.481502122378953 0.067783112360116
      vertex 0.160134969755766 0.484144393818085 0.068846360487607
      vertex 0.104973241318992 0.484149394801129 0.049873630116957
   endloop
endfacet
facet normal 0.301642532007229 -0.373777959014815 -0.877098523678490
   outer loop
      vertex 0.277369691547408 0.484339010469029 0.086697898249223
      vertex 0.277020363977853 0.481675569737060 0.087712793798743
      vertex 0.221858637528609 0.481680470745440 0.068740062371538
   endloop
endfacet
facet normal -0.322052469823427 -0.140051227624767 0.936305431107513
   outer loop
      vertex 0.104973241318992 0.484149394801129 0.049873630116957
      vertex 0.104842703289572 0.486992601725144 0.050254012963714
      vertex 0.049680974852795 0.486997602708188 0.031281282593063
   endloop
endfacet
facet normal 0.259882682619476 -0.601095175253414 -0.755741742635388
   outer loop
      vertex 0.221858637528609 0.481680470745440 0.068740062371538
      vertex 0.221297043528308 0.479385582708667 0.070372230480989
      vertex 0.166135415050611 0.479390586735699 0.051399400115754
   endloop
endfacet
facet normal -0.322849429974401 0.120985344148735 0.938685672664932
   outer loop
      vertex 0.049794239975519 0.489848046142570 0.030952850713729
      vertex -0.005367486494890 0.489852948207292 0.011980019292108
      vertex 0.049680974852795 0.486997602708188 0.031281282593063
   endloop
endfacet
facet normal 0.259882061606177 -0.601095175196617 -0.755741956232861
   outer loop
      vertex 0.001211927674730 0.481700280816263 -0.007151061213338
      vertex -0.054511392774813 0.479410293787870 -0.024491624531092
      vertex -0.053949798774512 0.481705181824643 -0.026123792640542
   endloop
endfacet
facet normal -0.127275368894689 0.920157538232579 0.370285140542366
   outer loop
      vertex -0.058882630157836 0.496586139993871 -0.011778054010226
      vertex -0.113184841379698 0.497715508557065 -0.033249428611649
      vertex -0.114044258614368 0.496591142964560 -0.030750784381042
   endloop
endfacet
facet normal 0.200409360442776 -0.787457588714763 -0.582877889632510
   outer loop
      vertex -0.165570308937947 0.477650238801469 -0.060298908107537
      vertex -0.220732035387189 0.477655139809849 -0.079271639534740
      vertex -0.164834747701753 0.479420198823282 -0.062437186323531
   endloop
endfacet
facet normal -0.127279900449123 0.920154108280949 0.370292106255795
   outer loop
      vertex -0.114044258614368 0.496591142964560 -0.030750784381042
      vertex -0.168346467848695 0.497720411553091 -0.052222160039019
      vertex -0.169205985084776 0.496596045029283 -0.049723615802664
   endloop
endfacet
facet normal -0.301642810282733 0.373776248803059 0.877099156786420
   outer loop
      vertex -0.281175892803938 0.489877659882788 -0.082883835720023
      vertex -0.335988268686051 0.492546001974661 -0.102871452697344
      vertex -0.336337578259164 0.489882561600468 -0.101856557147854
   endloop
endfacet
facet normal 0.259882463446314 -0.601095175233560 -0.755741818019891
   outer loop
      vertex -0.164273153701452 0.481715086860054 -0.064069354432980
      vertex -0.219996374170750 0.479425101819307 -0.081409917750900
      vertex -0.219434780170449 0.481719989856079 -0.083042085860350
   endloop
endfacet
facet normal -0.127285213631606 0.920146392722645 0.370309452148146
   outer loop
      vertex -0.169205985084776 0.496596045029283 -0.049723615802664
      vertex -0.223508196306636 0.497725413592477 -0.071194990404087
      vertex -0.224367711534018 0.496600946037663 -0.068696347229869
   endloop
endfacet
facet normal 0.045473434649969 -0.990143213845187 -0.132471064076121
   outer loop
      vertex -0.277678003219295 0.476133486087086 -0.093057169403908
      vertex -0.332839690474793 0.476138488417211 -0.112029949771836
      vertex -0.276753209090575 0.476535675897041 -0.095745846724590
   endloop
endfacet
facet normal 0.259882463446351 -0.601095175233362 -0.755741818020037
   outer loop
      vertex -0.164273153701452 0.481715086860054 -0.064069354432980
      vertex -0.164834747701753 0.479420198823282 -0.062437186323531
      vertex -0.219996374170750 0.479425101819307 -0.081409917750900
   endloop
endfacet
facet normal -0.039426679323315 -0.992655794452415 0.114367874412276
   outer loop
      vertex -0.277678003219295 0.476133486087086 -0.093057169403908
      vertex -0.333766774982947 0.476485870846997 -0.109334443539916
      vertex -0.332839690474793 0.476138488417211 -0.112029949771836
   endloop
endfacet
facet normal -0.322052469823438 -0.140051227624766 0.936305431107510
   outer loop
      vertex 0.160134969755766 0.484144393818085 0.068846360487607
      vertex 0.104842703289572 0.486992601725144 0.050254012963714
      vertex 0.104973241318992 0.484149394801129 0.049873630116957
   endloop
endfacet
facet normal 0.299307463765163 0.391566035902766 -0.870109810117010
   outer loop
      vertex 0.276986827266981 0.492675029197234 0.087813198395275
      vertex 0.222190588236159 0.490037759797489 0.067777119902716
      vertex 0.221825098830205 0.492680030180278 0.068840468024625
   endloop
endfacet
facet normal 0.256174049021989 0.616349544547204 -0.744639574253299
   outer loop
      vertex 0.276411370710075 0.494936280106744 0.089487000165305
      vertex 0.221825098830205 0.492680030180278 0.068840468024625
      vertex 0.221249642252132 0.494941282146129 0.070514169800236
   endloop
endfacet
facet normal -0.127278845469083 0.920153662399469 0.370293576866925
   outer loop
      vertex -0.224367711534018 0.496600946037663 -0.068696347229869
      vertex -0.278669892761806 0.497730315197150 -0.090167721831341
      vertex -0.279529380003814 0.496605949269636 -0.087669177595036
   endloop
endfacet
facet normal 0.121650493320550 0.927512414939123 -0.353442891580328
   outer loop
      vertex 0.329960543832325 0.497730798910513 0.113148506069165
      vertex 0.330826745086882 0.496657452964950 0.110629943944113
      vertex 0.275665016628940 0.496662455004336 0.091657113579046
   endloop
endfacet
facet normal 0.200402246830195 -0.787474704442509 -0.582857211783978
   outer loop
      vertex 0.276458769977550 0.479380681700287 0.089344961908193
      vertex 0.220561480304582 0.477615722661519 0.072510509753537
      vertex 0.221297043528308 0.479385582708667 0.070372230480989
   endloop
endfacet
facet normal -0.039426405591629 -0.992655844315832 0.114367535987038
   outer loop
      vertex 0.107526742596377 0.476446353722016 0.042447704691807
      vertex 0.052365014159601 0.476451354705060 0.023474974321157
      vertex 0.108453826002632 0.476098971375999 0.039752188460448
   endloop
endfacet
facet normal 0.256173506189190 0.616349544597324 -0.744639760959223
   outer loop
      vertex 0.221825098830205 0.492680030180278 0.068840468024625
      vertex 0.166663472340041 0.492684934232645 0.049867636602836
      vertex 0.221249642252132 0.494941282146129 0.070514169800236
   endloop
endfacet
facet normal 0.200407650691597 -0.787461553527025 -0.582873121065879
   outer loop
      vertex 0.221297043528308 0.479385582708667 0.070372230480989
      vertex 0.165399753834173 0.477620624726241 0.053537678331913
      vertex 0.166135415050611 0.479390586735699 0.051399400115754
   endloop
endfacet
facet normal -0.121637229118949 -0.927529132098895 0.353403584588689
   outer loop
      vertex 0.051498814913743 0.477524599619618 0.025993635384073
      vertex -0.003662813563954 0.477529603646649 0.007020805018839
      vertex 0.052365014159601 0.476451354705060 0.023474974321157
   endloop
endfacet
facet normal -0.045472784664212 0.990143446016077 0.132469551846038
   outer loop
      vertex 0.162623594923425 0.497690797477863 0.061614426400432
      vertex 0.108386750593357 0.498097990271011 0.039952998710066
      vertex 0.107461866486650 0.497695798460906 0.042641696029781
   endloop
endfacet
facet normal -0.945628662689830 0.000084662614798 -0.325248251542856
   outer loop
      vertex -0.331979694691708 0.497790024920563 -0.114524676808990
      vertex -0.331055401314073 0.477665044732254 -0.117217211326603
      vertex -0.331914891544904 0.476540678216939 -0.114718617093084
   endloop
endfacet
facet normal 0.301644424116785 -0.373777959194752 -0.877097872885039
   outer loop
      vertex -0.053600471204955 0.484368622556612 -0.027138688190062
      vertex -0.053949798774512 0.481705181824643 -0.026123792640542
      vertex -0.109111425264678 0.481710085877010 -0.045096624062330
   endloop
endfacet
facet normal -0.299307351437056 -0.391566035913191 0.870109848751848
   outer loop
      vertex -0.170469703590644 0.481531735522878 -0.046053574073587
      vertex -0.170835192996598 0.484174005905667 -0.044990225951678
      vertex -0.225996819465596 0.484178908901693 -0.063962957379048
   endloop
endfacet
facet normal 0.259882463446319 -0.601095175233557 -0.755741818019893
   outer loop
      vertex 0.111535282601671 0.481690375780851 0.030794500579100
      vertex 0.055812062132370 0.479400390740105 0.013453937261179
      vertex 0.056373656132671 0.481695278776877 0.011821769151729
   endloop
endfacet
facet normal 0.322053274957565 0.140062426273766 -0.936303479025584
   outer loop
      vertex 0.056836146857174 0.487209260930246 0.010478442779595
      vertex 0.001674420386765 0.487214162994968 -0.008494388642026
      vertex 0.056705508847510 0.490052465866616 0.010858825626518
   endloop
endfacet
facet normal -0.195571333214991 -0.799172020870642 0.568397690602315
   outer loop
      vertex -0.059570792126553 0.479260581565602 -0.009781814051345
      vertex -0.114732520563330 0.479265582548646 -0.028754544421995
      vertex -0.058824540013195 0.477534504655028 -0.011951926408365
   endloop
endfacet
facet normal -0.127290284098603 0.920139990140874 0.370323618093215
   outer loop
      vertex 0.161764077687344 0.496566430954054 0.064112970636786
      vertex 0.107461866486650 0.497695798460906 0.042641696029781
      vertex 0.106602451218346 0.496571333950080 0.045140239209416
   endloop
endfacet
facet normal -0.301644339539392 0.373776058911841 0.877098711781163
   outer loop
      vertex -0.226014196327602 0.489872757221772 -0.063911004298352
      vertex -0.280826585230431 0.492541100217228 -0.083898731269510
      vertex -0.281175892803938 0.489877659882788 -0.082883835720023
   endloop
endfacet
facet normal 0.322052991658966 0.140046961585062 -0.936305889714629
   outer loop
      vertex -0.163941201006369 0.490072275937438 -0.065032297958358
      vertex -0.218972287458414 0.487233872034785 -0.084385413289038
      vertex -0.219102827475367 0.490077178933464 -0.084005029385727
   endloop
endfacet
facet normal -0.301645670201943 0.373768457875387 0.877101493298167
   outer loop
      vertex -0.115690841400664 0.489862852186361 -0.025965442505913
      vertex -0.170503240301515 0.492531194983052 -0.045953169477056
      vertex -0.170852467890827 0.489867756238728 -0.044938273927701
   endloop
endfacet
facet normal 0.322051310714622 0.140083559624012 -0.936300993051946
   outer loop
      vertex -0.053617846079429 0.490062370902027 -0.027086736165919
      vertex -0.108648934540175 0.487224068030380 -0.046439950434465
      vertex -0.108779472548428 0.490067273898052 -0.046059467593290
   endloop
endfacet
facet normal -0.301642532007174 0.373777959015176 0.877098523678356
   outer loop
      vertex -0.060529114951420 0.489857951177981 -0.006992711078709
      vertex -0.115341513831107 0.492526292918331 -0.026980338055433
      vertex -0.115690841400664 0.489862852186361 -0.025965442505913
   endloop
endfacet
facet normal -0.301643947266437 0.373777959149595 0.877098036898662
   outer loop
      vertex 0.049794239975519 0.489848046142570 0.030952850713729
      vertex -0.005018158925333 0.492516388939261 0.010965123742588
      vertex -0.005367486494890 0.489852948207292 0.011980019292108
   endloop
endfacet
facet normal 0.322051754935276 0.140062426378107 -0.936304001839246
   outer loop
      vertex 0.111867235296753 0.490047564858236 0.029831557053722
      vertex 0.056836146857174 0.487209260930246 0.010478442779595
      vertex 0.056705508847510 0.490052465866616 0.010858825626518
   endloop
endfacet
facet normal 0.039425002429740 0.992655844441995 -0.114368018600329
   outer loop
      vertex -0.057098330782825 0.498112796314803 -0.016965294509576
      vertex -0.111332973846980 0.497770316033507 -0.038633642162558
      vertex -0.112260057253235 0.498117698379524 -0.035938125931199
   endloop
endfacet
facet normal -0.301642532007221 0.373777959014914 0.877098523678451
   outer loop
      vertex 0.104955966424762 0.489843145134189 0.049925582140933
      vertex 0.050143567545075 0.492511486874539 0.029937955164209
      vertex 0.049794239975519 0.489848046142570 0.030952850713729
   endloop
endfacet
facet normal 0.127279316013834 -0.920154108225233 -0.370292307280716
   outer loop
      vertex -0.165570308937947 0.477650238801469 -0.060298908107537
      vertex -0.221591552623269 0.476530773286041 -0.076773095298386
      vertex -0.220732035387189 0.477655139809849 -0.079271639534740
   endloop
endfacet
facet normal -0.301645039703715 0.373768457836121 0.877101710150512
   outer loop
      vertex 0.160117594902459 0.489838141107158 0.068898412506168
      vertex 0.105305194014075 0.492506583878513 0.048910686591579
      vertex 0.104955966424762 0.489843145134189 0.049925582140933
   endloop
endfacet
facet normal 0.039437636506582 0.992651671371922 -0.114399878274867
   outer loop
      vertex -0.001936702326295 0.498107793344113 0.002007435861240
      vertex -0.056171245389037 0.497765313994122 -0.019660811797489
      vertex -0.057098330782825 0.498112796314803 -0.016965294509576
   endloop
endfacet
facet normal 0.322054511688654 0.140046961428776 -0.936305366905236
   outer loop
      vertex 0.222190588236159 0.490037759797489 0.067777119902716
      vertex 0.167159501762948 0.487199356951177 0.048423904577617
      vertex 0.167028961745995 0.490042663849855 0.048804288480927
   endloop
endfacet
facet normal -0.301642532007230 0.373777959014899 0.877098523678455
   outer loop
      vertex 0.215279321351701 0.489833240098779 0.087871143933372
      vertex 0.160466922472016 0.492501581839128 0.067883516956648
      vertex 0.160117594902459 0.489838141107158 0.068898412506168
   endloop
endfacet
facet normal 0.039425002429748 0.992655844441997 -0.114368018600309
   outer loop
      vertex 0.053225024144114 0.498102891279391 0.020980267282862
      vertex -0.001009618920040 0.497760410998096 -0.000688080370119
      vertex -0.001936702326295 0.498107793344113 0.002007435861240
   endloop
endfacet
facet normal 0.322052151457038 0.140058159981829 -0.936304503654873
   outer loop
      vertex 0.277352316672935 0.490032758814445 0.086749850273366
      vertex 0.222321228233356 0.487194454886455 0.067396735999239
      vertex 0.222190588236159 0.490037759797489 0.067777119902716
   endloop
endfacet
facet normal 0.299314920776738 0.391525967076494 -0.870125275638647
   outer loop
      vertex -0.053983335485383 0.492704641284817 -0.026023388044010
      vertex -0.108779472548428 0.490067273898052 -0.046059467593290
      vertex -0.109144963963081 0.492709645311848 -0.044996218409244
   endloop
endfacet
facet normal 0.127284296405333 -0.920146392639019 -0.370309767629750
   outer loop
      vertex 0.110238127365176 0.477625527722267 0.034564946904543
      vertex 0.054216883679851 0.476506062206838 0.018090759713693
      vertex 0.055076398907233 0.477630529761652 0.015592116539475
   endloop
endfacet
facet normal -0.322848099061593 0.120980598237653 0.938686742093642
   outer loop
      vertex -0.005480651637368 0.487002506760555 0.012308451171275
      vertex -0.060529114951420 0.489857951177981 -0.006992711078709
      vertex -0.060642378086610 0.487007407768935 -0.006664280255929
   endloop
endfacet
facet normal 0.299316281546367 0.391516128410709 -0.870129234536770
   outer loop
      vertex 0.056705508847510 0.490052465866616 0.010858825626518
      vertex 0.001543880369813 0.490057469893647 -0.008114004738716
      vertex 0.056340117413101 0.492694839268057 0.011922074810398
   endloop
endfacet
facet normal -0.322850389239848 0.120974268935202 0.938686770133292
   outer loop
      vertex 0.049680974852795 0.486997602708188 0.031281282593063
      vertex -0.005367486494890 0.489852948207292 0.011980019292108
      vertex -0.005480651637368 0.487002506760555 0.012308451171275
   endloop
endfacet
facet normal 0.299306853713037 0.391566035959390 -0.870110019941991
   outer loop
      vertex 0.166663472340041 0.492684934232645 0.049867636602836
      vertex 0.111867235296753 0.490047564858236 0.029831557053722
      vertex 0.111501745890800 0.492689835241026 0.030894905175633
   endloop
endfacet
facet normal 0.127276142682392 -0.920159024100350 -0.370281182171851
   outer loop
      vertex 0.220561480304582 0.477615722661519 0.072510509753537
      vertex 0.164540236619259 0.476496257146091 0.056036322562687
      vertex 0.165399753834173 0.477620624726241 0.053537678331913
   endloop
endfacet
facet normal -0.322849618476339 0.120980598397190 0.938686219490379
   outer loop
      vertex 0.160004429759980 0.486987699660422 0.069226844385336
      vertex 0.104955966424762 0.489843145134189 0.049925582140933
      vertex 0.104842703289572 0.486992601725144 0.050254012963714
   endloop
endfacet
facet normal 0.299308768478437 0.391566035781129 -0.870109361364750
   outer loop
      vertex 0.221825098830205 0.492680030180278 0.068840468024625
      vertex 0.167028961745995 0.490042663849855 0.048804288480927
      vertex 0.166663472340041 0.492684934232645 0.049867636602836
   endloop
endfacet
facet normal -0.322848869819846 0.120974268827931 0.938687292732567
   outer loop
      vertex 0.215166056228978 0.486982796664397 0.088199575812706
      vertex 0.160117594902459 0.489838141107158 0.068898412506168
      vertex 0.160004429759980 0.486987699660422 0.069226844385336
   endloop
endfacet
facet normal -0.322847688004463 0.120985343964411 0.938686271816088
   outer loop
      vertex 0.270327784665754 0.486977795681353 0.107172306183355
      vertex 0.215279321351701 0.489833240098779 0.087871143933372
      vertex 0.215166056228978 0.486982796664397 0.088199575812706
   endloop
endfacet
facet normal 0.256169629222604 0.616364110140043 -0.744629038377652
   outer loop
      vertex -0.220043873439638 0.494980699294460 -0.081267979488040
      vertex -0.274630055333054 0.492724450945606 -0.101914491629986
      vertex -0.275205541892500 0.494985701681359 -0.100240729857674
   endloop
endfacet
facet normal -0.322052352956555 -0.140089158813097 0.936299796826949
   outer loop
      vertex -0.225996819465596 0.484178908901693 -0.063962957379048
      vertex -0.281289115925864 0.487027116212458 -0.082555304902891
      vertex -0.281158527927489 0.484183911338608 -0.082935787744149
   endloop
endfacet
facet normal -0.045474682259044 0.990143320404070 0.132469839331988
   outer loop
      vertex -0.058023114930454 0.497710607548685 -0.014276697184445
      vertex -0.112260057253235 0.498117698379524 -0.035938125931199
      vertex -0.113184841379698 0.497715508557065 -0.033249428611649
   endloop
endfacet
facet normal -0.322052477366395 -0.140058159959220 0.936304391558111
   outer loop
      vertex -0.170835192996598 0.484174005905667 -0.044990225951678
      vertex -0.226127459462792 0.487022213812727 -0.063582573475572
      vertex -0.225996819465596 0.484178908901693 -0.063962957379048
   endloop
endfacet
facet normal 0.256167047091299 0.616370140607322 -0.744624934951976
   outer loop
      vertex -0.109720520500232 0.494970894233712 -0.043322416639049
      vertex -0.164306690412323 0.492714546320228 -0.063968949836449
      vertex -0.164882146969229 0.494975797229738 -0.062295148066419
   endloop
endfacet
facet normal -0.045474681614482 0.990142725247296 0.132474287965325
   outer loop
      vertex -0.002861486452758 0.497705603521654 0.004696133180790
      vertex -0.057098330782825 0.498112796314803 -0.016965294509576
      vertex -0.058023114930454 0.497710607548685 -0.014276697184445
   endloop
endfacet
facet normal -0.322053985201614 -0.140046961482799 0.936305547989113
   outer loop
      vertex -0.115673466526190 0.484169103840946 -0.026017394530056
      vertex -0.170965733013551 0.487017312804346 -0.044609842048368
      vertex -0.170835192996598 0.484174005905667 -0.044990225951678
   endloop
endfacet
facet normal -0.045474682259162 0.990143320404024 0.132469839332290
   outer loop
      vertex 0.052300239996484 0.497700702513274 0.023668864607993
      vertex -0.001936702326295 0.498107793344113 0.002007435861240
      vertex -0.002861486452758 0.497705603521654 0.004696133180790
   endloop
endfacet
facet normal 0.256165717016530 0.616377499796236 -0.744619300831202
   outer loop
      vertex -0.054558792063456 0.494965893250669 -0.024349686268399
      vertex -0.109144963963081 0.492709645311848 -0.044996218409244
      vertex -0.109720520500232 0.494970894233712 -0.043322416639049
   endloop
endfacet
facet normal -0.195577195196057 -0.799155503084738 0.568418897124843
   outer loop
      vertex -0.058824540013195 0.477534504655028 -0.011951926408365
      vertex -0.114732520563330 0.479265582548646 -0.028754544421995
      vertex -0.113986266462439 0.477539405663408 -0.030924657835569
   endloop
endfacet
facet normal 0.200406023329860 -0.787466338597258 -0.582867215915718
   outer loop
      vertex 0.110973688601370 0.479395487744079 0.032426668688549
      vertex 0.055076398907233 0.477630529761652 0.015592116539475
      vertex 0.055812062132370 0.479400390740105 0.013453937261179
   endloop
endfacet
facet normal -0.045476290039893 0.990142725392224 0.132473734744160
   outer loop
      vertex 0.107461866486650 0.497695798460906 0.042641696029781
      vertex 0.053225024144114 0.498102891279391 0.020980267282862
      vertex 0.052300239996484 0.497700702513274 0.023668864607993
   endloop
endfacet
facet normal 0.200409360442777 -0.787457588714760 -0.582877889632514
   outer loop
      vertex 0.166135415050611 0.479390586735699 0.051399400115754
      vertex 0.110238127365176 0.477625527722267 0.034564946904543
      vertex 0.110973688601370 0.479395487744079 0.032426668688549
   endloop
endfacet
facet normal -0.045474682259063 0.990143320404062 0.132469839332041
   outer loop
      vertex 0.217785321372666 0.497685896469482 0.080587157827636
      vertex 0.163548379049887 0.498092987300321 0.058925729080883
      vertex 0.162623594923425 0.497690797477863 0.061614426400432
   endloop
endfacet
facet normal -0.045476248237361 0.990142725388446 0.132473749122589
   outer loop
      vertex 0.272947047843077 0.497680994404761 0.099559989249257
      vertex 0.218710105520296 0.498088085235600 0.077898560502505
      vertex 0.217785321372666 0.497685896469482 0.080587157827636
   endloop
endfacet
facet normal 0.259881891254174 -0.601099345937092 -0.755738697508705
   outer loop
      vertex -0.219434780170449 0.481719989856079 -0.083042085860350
      vertex -0.275158100630577 0.479430003355858 -0.100382699175314
      vertex -0.274596506634509 0.481724891603899 -0.102014887283647
   endloop
endfacet
facet normal 0.259878575023537 -0.601116028151654 -0.755726568901025
   outer loop
      vertex -0.053949798774512 0.481705181824643 -0.026123792640542
      vertex -0.109673019243812 0.479415196783896 -0.043464355958463
      vertex -0.109111425264678 0.481710085877010 -0.045096624062330
   endloop
endfacet
facet normal -0.127285213631624 0.920146392722641 0.370309452148150
   outer loop
      vertex -0.003720903708594 0.496581238985492 0.007194677416978
      vertex -0.058023114930454 0.497710607548685 -0.014276697184445
      vertex -0.058882630157836 0.496586139993871 -0.011778054010226
   endloop
endfacet
facet normal 0.259882280779185 -0.601095175216688 -0.755741880848367
   outer loop
      vertex 0.056373656132671 0.481695278776877 0.011821769151729
      vertex 0.000650333674429 0.479405392779490 -0.005518893103888
      vertex 0.001211927674730 0.481700280816263 -0.007151061213338
   endloop
endfacet
facet normal -0.127281212895388 0.920152622434316 0.370295347352800
   outer loop
      vertex 0.051440722781570 0.496576334933124 0.026167508838766
      vertex -0.002861486452758 0.497705603521654 0.004696133180790
      vertex -0.003720903708594 0.496581238985492 0.007194677416978
   endloop
endfacet
facet normal -0.127274056550686 0.920159023909700 0.370281899701675
   outer loop
      vertex 0.106602451218346 0.496571333950080 0.045140239209416
      vertex 0.052300239996484 0.497700702513274 0.023668864607993
      vertex 0.051440722781570 0.496576334933124 0.026167508838766
   endloop
endfacet
facet normal 0.259882682619514 -0.601095175253208 -0.755741742635538
   outer loop
      vertex 0.221858637528609 0.481680470745440 0.068740062371538
      vertex 0.166135415050611 0.479390586735699 0.051399400115754
      vertex 0.166697009050912 0.481685474772472 0.049767232006304
   endloop
endfacet
facet normal 0.200408012067281 -0.787461553562887 -0.582872996766504
   outer loop
      vertex 0.165399753834173 0.477620624726241 0.053537678331913
      vertex 0.110238127365176 0.477625527722267 0.034564946904543
      vertex 0.166135415050611 0.479390586735699 0.051399400115754
   endloop
endfacet
facet normal -0.301642378344304 0.373777959000346 0.877098576530784
   outer loop
      vertex -0.005018158925333 0.492516388939261 0.010965123742588
      vertex -0.060179787381863 0.492521391909950 -0.008007606628229
      vertex -0.005367486494890 0.489852948207292 0.011980019292108
   endloop
endfacet
facet normal 0.299306853713074 0.391566035959195 -0.870110019942066
   outer loop
      vertex 0.167028961745995 0.490042663849855 0.048804288480927
      vertex 0.111867235296753 0.490047564858236 0.029831557053722
      vertex 0.166663472340041 0.492684934232645 0.049867636602836
   endloop
endfacet
facet normal 0.127276142682428 -0.920159024100314 -0.370281182171927
   outer loop
      vertex 0.109378610150261 0.476501160142117 0.037063591135316
      vertex 0.054216883679851 0.476506062206838 0.018090759713693
      vertex 0.110238127365176 0.477625527722267 0.034564946904543
   endloop
endfacet
facet normal -0.259885366352583 0.601088276418488 0.755746306843795
   outer loop
      vertex -0.059618293361807 0.494816277959077 -0.009639774737513
      vertex -0.114779919851973 0.494821182011445 -0.028612606159301
      vertex -0.060179787381863 0.492521391909950 -0.008007606628229
   endloop
endfacet
facet normal 0.045473313388436 -0.990143320282879 -0.132470310140320
   outer loop
      vertex 0.053292099553388 0.476103872384379 0.020779457033243
      vertex -0.001869528924308 0.476108876411410 0.001806626668009
      vertex 0.054216883679851 0.476506062206838 0.018090759713693
   endloop
endfacet
facet normal -0.256170415695946 -0.616356904368281 0.744634732308208
   outer loop
      vertex -0.004409065656145 0.479255679500881 0.009191017370279
      vertex -0.004984622214462 0.481516929479086 0.010864719146055
      vertex -0.060146248683459 0.481521832475112 -0.008108012281315
   endloop
endfacet
facet normal 0.127275192258224 -0.920157538218672 -0.370285201290823
   outer loop
      vertex -0.111268097716087 0.476520870238275 -0.038827533506115
      vertex -0.166429826152861 0.476525871221319 -0.057800263876765
      vertex -0.110408680481417 0.477645235830780 -0.041326177736721
   endloop
endfacet
facet normal 0.322052151457043 0.140058159981828 -0.936304503654871
   outer loop
      vertex 0.111997875293950 0.487204259947202 0.029451173150246
      vertex 0.056836146857174 0.487209260930246 0.010478442779595
      vertex 0.111867235296753 0.490047564858236 0.029831557053722
   endloop
endfacet
facet normal -0.256170415695940 -0.616356904368336 0.744634732308164
   outer loop
      vertex -0.169894147032327 0.479270485544672 -0.047727275849365
      vertex -0.170469703590644 0.481531735522878 -0.046053574073587
      vertex -0.225631330059642 0.481536638518904 -0.065026305500958
   endloop
endfacet
facet normal 0.200410291730937 -0.787457588786718 -0.582877569332127
   outer loop
      vertex -0.055246954011006 0.477640333766058 -0.022353346315099
      vertex -0.110408680481417 0.477645235830780 -0.041326177736721
      vertex -0.054511392774813 0.479410293787870 -0.024491624531092
   endloop
endfacet
facet normal 0.121644989257544 0.927516978629657 -0.353432809657288
   outer loop
      vertex -0.276818005228806 0.497785122859853 -0.095551915383399
      vertex -0.331113502456540 0.496716679852455 -0.117043338928446
      vertex -0.331979694691708 0.497790024920563 -0.114524676808990
   endloop
endfacet
facet normal -0.039426703850647 -0.992655844288775 0.114367433401350
   outer loop
      vertex -0.112192981822794 0.476118678428170 -0.036138836186399
      vertex -0.168281693706745 0.476471064801218 -0.052416150320274
      vertex -0.167354610300490 0.476123682455202 -0.055111666551634
   endloop
endfacet
facet normal -0.322052327311152 -0.140089158815610 0.936299805647638
   outer loop
      vertex -0.281158527927489 0.484183911338608 -0.082935787744149
      vertex -0.281289115925864 0.487027116212458 -0.082555304902891
      vertex -0.336450800390382 0.487032119020774 -0.101528125268591
   endloop
endfacet
facet normal 0.322849429974436 -0.120985344148301 -0.938685672664976
   outer loop
      vertex -0.053487206082232 0.487219065990994 -0.027467120069396
      vertex -0.053600471204955 0.484368622556612 -0.027138688190062
      vertex -0.108762197675365 0.484373524621333 -0.046111519611684
   endloop
endfacet
facet normal -0.322849473166137 0.120980581785311 0.938686271609016
   outer loop
      vertex -0.281289115925864 0.487027116212458 -0.082555304902891
      vertex -0.336337578259164 0.489882561600468 -0.101856557147854
      vertex -0.336450800390382 0.487032119020774 -0.101528125268591
   endloop
endfacet
facet normal -0.039424800055753 -0.992655844460007 0.114368088206261
   outer loop
      vertex -0.167354610300490 0.476123682455202 -0.055111666551634
      vertex -0.223443420155987 0.476475965809599 -0.071388881747478
      vertex -0.222516336749732 0.476128583463582 -0.074084397978836
   endloop
endfacet
facet normal 0.299307351437029 0.391566035913281 -0.870109848751817
   outer loop
      vertex 0.332148453735979 0.492670126201208 0.106785929822644
      vertex 0.277352316672935 0.490032758814445 0.086749850273366
      vertex 0.276986827266981 0.492675029197234 0.087813198395275
   endloop
endfacet
facet normal -0.299311437785269 -0.391538025039284 0.870121047992320
   outer loop
      vertex -0.225631330059642 0.481536638518904 -0.065026305500958
      vertex -0.281158527927489 0.484183911338608 -0.082935787744149
      vertex -0.280793038500369 0.481541639899476 -0.083999035871641
   endloop
endfacet
facet normal 0.256168920057126 0.616362781229905 -0.744630382345028
   outer loop
      vertex 0.332148453735979 0.492670126201208 0.106785929822644
      vertex 0.276986827266981 0.492675029197234 0.087813198395275
      vertex 0.331573097159317 0.494931379098364 0.108459731592509
   endloop
endfacet
facet normal 0.301642532007225 -0.373777959014771 -0.877098523678510
   outer loop
      vertex 0.332531417996651 0.484334109460649 0.105670629676426
      vertex 0.332182090427095 0.481670668728680 0.106685525225946
      vertex 0.277020363977853 0.481675569737060 0.087712793798743
   endloop
endfacet
facet normal -0.322052500262604 -0.140079292424868 0.936301222314888
   outer loop
      vertex 0.160134969755766 0.484144393818085 0.068846360487607
      vertex 0.160004429759980 0.486987699660422 0.069226844385336
      vertex 0.104842703289572 0.486992601725144 0.050254012963714
   endloop
endfacet
facet normal -0.322052465173856 -0.140046961638685 0.936306070796946
   outer loop
      vertex -0.170835192996598 0.484174005905667 -0.044990225951678
      vertex -0.170965733013551 0.487017312804346 -0.044609842048368
      vertex -0.226127459462792 0.487022213812727 -0.063582573475572
   endloop
endfacet
facet normal -0.121645412011322 -0.927517142655655 0.353432233697616
   outer loop
      vertex 0.328173450462723 0.476426643625857 0.118338829333237
      vertex 0.272145622739169 0.477504892567446 0.101884660030920
      vertex 0.273011823972560 0.476431547678225 0.099365997911449
   endloop
endfacet
facet normal 0.200409360442841 -0.787457588714597 -0.582877889632712
   outer loop
      vertex 0.000650333674429 0.479405392779490 -0.005518893103888
      vertex -0.055246954011006 0.477640333766058 -0.022353346315099
      vertex -0.054511392774813 0.479410293787870 -0.024491624531092
   endloop
endfacet
facet normal -0.301642844741243 0.373776058779411 0.877099225914458
   outer loop
      vertex -0.280826585230431 0.492541100217228 -0.083898731269510
      vertex -0.335988268686051 0.492546001974661 -0.102871452697344
      vertex -0.281175892803938 0.489877659882788 -0.082883835720023
   endloop
endfacet
facet normal -0.200409912480716 0.787456946391218 0.582878567593363
   outer loop
      vertex -0.280264981232105 0.494835988452765 -0.085530899378976
      vertex -0.334691067460761 0.496610851053197 -0.106641909022305
      vertex -0.335426674692100 0.494840890328336 -0.104503650805119
   endloop
endfacet
facet normal -0.045474724059335 0.990143320407735 0.132469824955242
   outer loop
      vertex -0.113184841379698 0.497715508557065 -0.033249428611649
      vertex -0.167421683722233 0.498122601375550 -0.054910857358569
      vertex -0.168346467848695 0.497720411553091 -0.052222160039019
   endloop
endfacet
facet normal 0.200413136925504 -0.787449222460793 -0.582887893675596
   outer loop
      vertex -0.054511392774813 0.479410293787870 -0.024491624531092
      vertex -0.110408680481417 0.477645235830780 -0.041326177736721
      vertex -0.109673019243812 0.479415196783896 -0.043464355958463
   endloop
endfacet
facet normal 0.200408999078716 -0.787457588686566 -0.582878013917326
   outer loop
      vertex -0.109673019243812 0.479415196783896 -0.043464355958463
      vertex -0.165570308937947 0.477650238801469 -0.060298908107537
      vertex -0.164834747701753 0.479420198823282 -0.062437186323531
   endloop
endfacet
facet normal -0.039425059959787 -0.992655844436861 0.114367998813084
   outer loop
      vertex -0.223443420155987 0.476475965809599 -0.071388881747478
      vertex -0.278605086638250 0.476480869066908 -0.090361713169199
      vertex -0.222516336749732 0.476128583463582 -0.074084397978836
   endloop
endfacet
facet normal 0.322848316393103 -0.120969523390584 -0.938688094636762
   outer loop
      vertex 0.332644583139130 0.487184550907385 0.105342197797258
      vertex 0.277369691547408 0.484339010469029 0.086697898249223
      vertex 0.277482854702354 0.487189551890429 0.086369467426609
   endloop
endfacet
facet normal -0.045474639814330 0.990142725243534 0.132474302342243
   outer loop
      vertex -0.168346467848695 0.497720411553091 -0.052222160039019
      vertex -0.222583412159007 0.498127602358594 -0.073883587729218
      vertex -0.223508196306636 0.497725413592477 -0.071194990404087
   endloop
endfacet
facet normal 0.045476092272626 -0.990142725374517 -0.132473802766944
   outer loop
      vertex 0.330025317995441 0.476481451102300 0.112954615782328
      vertex 0.273938907378813 0.476084165332208 0.096670481680089
      vertex 0.274863691526444 0.476486354098326 0.093981884354958
   endloop
endfacet
facet normal 0.127275734897956 -0.920159024063379 -0.370281322430548
   outer loop
      vertex 0.330025317995441 0.476481451102300 0.112954615782328
      vertex 0.274863691526444 0.476486354098326 0.093981884354958
      vertex 0.330884835210355 0.477605818682450 0.110455971551556
   endloop
endfacet
facet normal 0.127287469896126 -0.920141476063357 -0.370320893328191
   outer loop
      vertex 0.275723208741358 0.477610721678475 0.091483240124187
      vertex 0.219701965056034 0.476491256163047 0.075009052933337
      vertex 0.220561480304582 0.477615722661519 0.072510509753537
   endloop
endfacet
facet normal -0.045473115625953 0.990143320265155 0.132470378158905
   outer loop
      vertex -0.002861486452758 0.497705603521654 0.004696133180790
      vertex -0.001936702326295 0.498107793344113 0.002007435861240
      vertex -0.057098330782825 0.498112796314803 -0.016965294509576
   endloop
endfacet
facet normal -0.045474910596521 0.990143226556419 0.132470462408356
   outer loop
      vertex -0.223508196306636 0.497725413592477 -0.071194990404087
      vertex -0.277745088635061 0.498132505205870 -0.092856399152040
      vertex -0.278669892761806 0.497730315197150 -0.090167721831341
   endloop
endfacet
facet normal 0.045476050470265 -0.990142725370779 -0.132473817144943
   outer loop
      vertex 0.273938907378813 0.476084165332208 0.096670481680089
      vertex 0.218777180929571 0.476089066340588 0.077697750252886
      vertex 0.274863691526444 0.476486354098326 0.093981884354958
   endloop
endfacet
facet normal 0.127276142682376 -0.920159024100376 -0.370281182171791
   outer loop
      vertex 0.274863691526444 0.476486354098326 0.093981884354958
      vertex 0.219701965056034 0.476491256163047 0.075009052933337
      vertex 0.275723208741358 0.477610721678475 0.091483240124187
   endloop
endfacet
facet normal -0.322850577710210 0.120969523549658 0.938687316865607
   outer loop
      vertex -0.115690841400664 0.489862852186361 -0.025965442505913
      vertex -0.170852467890827 0.489867756238728 -0.044938273927701
      vertex -0.115804004555610 0.487012310764960 -0.025637011683299
   endloop
endfacet
facet normal -0.299307658564049 -0.391563815627017 0.870110742271648
   outer loop
      vertex 0.105338832692723 0.481507026431321 0.048810280938327
      vertex 0.104973241318992 0.484149394801129 0.049873630116957
      vertex 0.049811614849992 0.484154297797154 0.030900898689587
   endloop
endfacet
facet normal -0.039435935075009 -0.992651671524693 0.114400463478052
   outer loop
      vertex 0.217850095535783 0.476436548661269 0.080393267540799
      vertex 0.162688369086541 0.476441449669649 0.061420536113595
      vertex 0.218777180929571 0.476089066340588 0.077697750252886
   endloop
endfacet
facet normal -0.259883356638547 0.601095175314699 0.755741510806224
   outer loop
      vertex -0.225103274757745 0.494831085990514 -0.066558067957322
      vertex -0.280264981232105 0.494835988452765 -0.085530899378976
      vertex -0.225664868758045 0.492536197953741 -0.064925899847872
   endloop
endfacet
facet normal -0.322053997391398 -0.140058159856058 0.936303868742384
   outer loop
      vertex 0.049811614849992 0.484154297797154 0.030900898689587
      vertex 0.049680974852795 0.486997602708188 0.031281282593063
      vertex -0.005480651637368 0.487002506760555 0.012308451171275
   endloop
endfacet
facet normal -0.301643316756552 0.373777959089745 0.877098253763403
   outer loop
      vertex 0.325602676278641 0.489823335063367 0.125816705725810
      vertex 0.270790275390257 0.492491777834722 0.105828979811221
      vertex 0.270440947820700 0.489828337102753 0.106843875360741
   endloop
endfacet
facet normal -0.322849207418402 0.120985344125156 0.938685749213350
   outer loop
      vertex 0.325602676278641 0.489823335063367 0.125816705725810
      vertex 0.270440947820700 0.489828337102753 0.106843875360741
      vertex 0.325489411155918 0.486972891628985 0.126145137605144
   endloop
endfacet
facet normal -0.127290868592031 0.920139990188375 0.370323417068410
   outer loop
      vertex 0.106602451218346 0.496571333950080 0.045140239209416
      vertex 0.107461866486650 0.497695798460906 0.042641696029781
      vertex 0.052300239996484 0.497700702513274 0.023668864607993
   endloop
endfacet
facet normal -0.301643947266440 0.373777959149762 0.877098036898590
   outer loop
      vertex -0.115341513831107 0.492526292918331 -0.026980338055433
      vertex -0.170503240301515 0.492531194983052 -0.045953169477056
      vertex -0.115690841400664 0.489862852186361 -0.025965442505913
   endloop
endfacet
facet normal -0.301642532007204 0.373777959015006 0.877098523678417
   outer loop
      vertex -0.060179787381863 0.492521391909950 -0.008007606628229
      vertex -0.115341513831107 0.492526292918331 -0.026980338055433
      vertex -0.060529114951420 0.489857951177981 -0.006992711078709
   endloop
endfacet
facet normal 0.127283888587749 -0.920146392601565 -0.370309907899193
   outer loop
      vertex 0.054216883679851 0.476506062206838 0.018090759713693
      vertex -0.000944744776679 0.476511065177528 -0.000881970657121
      vertex 0.055076398907233 0.477630529761652 0.015592116539475
   endloop
endfacet
facet normal 0.322848806516486 -0.120983711073010 -0.938686097577824
   outer loop
      vertex -0.274133985918050 0.487238874459195 -0.103358223655273
      vertex -0.329408890513553 0.484393334079348 -0.122002553201613
      vertex -0.329295669384254 0.487243776744800 -0.122330995080316
   endloop
endfacet
facet normal -0.200402065064750 0.787474704428196 0.582857274299213
   outer loop
      vertex -0.225103274757745 0.494831085990514 -0.066558067957322
      vertex -0.224367711534018 0.496600946037663 -0.068696347229869
      vertex -0.279529380003814 0.496605949269636 -0.087669177595036
   endloop
endfacet
facet normal -0.121645343898044 -0.927517142661623 0.353432257125385
   outer loop
      vertex -0.224309621389378 0.477549310698820 -0.068870219628008
      vertex -0.279471277873616 0.477554214154894 -0.087843051049746
      vertex -0.223443420155987 0.476475965809599 -0.071388881747478
   endloop
endfacet
facet normal -0.121635757954266 -0.927530954906870 0.353399306842049
   outer loop
      vertex -0.113986266462439 0.477539405663408 -0.030924657835569
      vertex -0.169147894940136 0.477544409690440 -0.049897488200804
      vertex -0.113119967236337 0.476466162736497 -0.033443318898651
   endloop
endfacet
facet normal -0.301643316756552 0.373777959089745 0.877098253763403
   outer loop
      vertex 0.325952003848198 0.492486775795336 0.124801810176290
      vertex 0.270790275390257 0.492491777834722 0.105828979811221
      vertex 0.325602676278641 0.489823335063367 0.125816705725810
   endloop
endfacet
facet normal -0.039426501477386 -0.992655844307132 0.114367503007404
   outer loop
      vertex -0.057958338779805 0.476461159765808 -0.014470588527835
      vertex -0.113119967236337 0.476466162736497 -0.033443318898651
      vertex -0.057031255373550 0.476113777419791 -0.017166104759195
   endloop
endfacet
facet normal -0.039425098313209 -0.992655844433439 0.114367985621544
   outer loop
      vertex 0.329100533868978 0.476079261279840 0.115643313101878
      vertex 0.273011823972560 0.476431547678225 0.099365997911449
      vertex 0.273938907378813 0.476084165332208 0.096670481680089
   endloop
endfacet
facet normal 0.045474921821121 -0.990143320425016 -0.132469756937524
   outer loop
      vertex 0.329100533868978 0.476079261279840 0.115643313101878
      vertex 0.273938907378813 0.476084165332208 0.096670481680089
      vertex 0.330025317995441 0.476481451102300 0.112954615782328
   endloop
endfacet
facet normal 0.039425049229602 0.992655794349499 -0.114368437243885
   outer loop
      vertex -0.277745088635061 0.498132505205870 -0.092856399152040
      vertex -0.331979694691708 0.497790024920563 -0.114524676808990
      vertex -0.332906779099882 0.498137407352339 -0.111829170577071
   endloop
endfacet
facet normal -0.039426405591638 -0.992655844315828 0.114367535987076
   outer loop
      vertex 0.273011823972560 0.476431547678225 0.099365997911449
      vertex 0.217850095535783 0.476436548661269 0.080393267540799
      vertex 0.273938907378813 0.476084165332208 0.096670481680089
   endloop
endfacet
facet normal -0.259876958547208 0.601116028019831 0.755727124876377
   outer loop
      vertex -0.114779919851973 0.494821182011445 -0.028612606159301
      vertex -0.169941646301214 0.494826083019825 -0.047585337586505
      vertex -0.115341513831107 0.492526292918331 -0.026980338055433
   endloop
endfacet
facet normal -0.299311069031004 -0.391538025069441 0.870121174825806
   outer loop
      vertex -0.280793038500369 0.481541639899476 -0.083999035871641
      vertex -0.281158527927489 0.484183911338608 -0.082935787744149
      vertex -0.336320214386750 0.484188813247680 -0.101908529170862
   endloop
endfacet
facet normal -0.121637229118824 -0.927529132099055 0.353403584588312
   outer loop
      vertex 0.216983896289925 0.477509793575825 0.082911928603716
      vertex 0.161822267812228 0.477514797602857 0.063939098238481
      vertex 0.217850095535783 0.476436548661269 0.080393267540799
   endloop
endfacet
facet normal -0.195566111938387 -0.799184093995790 0.568382511839897
   outer loop
      vertex 0.327307249229333 0.477499988515079 0.120857491452707
      vertex 0.271399370646978 0.479230968421678 0.104054872382358
      vertex 0.272145622739169 0.477504892567446 0.101884660030920
   endloop
endfacet
facet normal 0.301642903555827 -0.373776343824622 -0.877099084215408
   outer loop
      vertex -0.274247209059026 0.484388331739574 -0.103029782833117
      vertex -0.329758201086468 0.481729893685278 -0.120987657652121
      vertex -0.329408890513553 0.484393334079348 -0.122002553201613
   endloop
endfacet
facet normal -0.039426405591633 -0.992655844315831 0.114367535987050
   outer loop
      vertex 0.218777180929571 0.476089066340588 0.077697750252886
      vertex 0.162688369086541 0.476441449669649 0.061420536113595
      vertex 0.163615452492796 0.476094067323632 0.058725019882235
   endloop
endfacet
facet normal -0.127276870622518 0.920157538349521 0.370284624070577
   outer loop
      vertex -0.114044258614368 0.496591142964560 -0.030750784381042
      vertex -0.113184841379698 0.497715508557065 -0.033249428611649
      vertex -0.168346467848695 0.497720411553091 -0.052222160039019
   endloop
endfacet
facet normal 0.039437750495184 0.992651671361578 -0.114399839068709
   outer loop
      vertex -0.222583412159007 0.498127602358594 -0.073883587729218
      vertex -0.221656326765219 0.497780120037913 -0.076579105017131
      vertex -0.276818005228806 0.497785122859853 -0.095551915383399
   endloop
endfacet
facet normal -0.045474724059328 0.990143320407738 0.132469824955223
   outer loop
      vertex -0.113184841379698 0.497715508557065 -0.033249428611649
      vertex -0.112260057253235 0.498117698379524 -0.035938125931199
      vertex -0.167421683722233 0.498122601375550 -0.054910857358569
   endloop
endfacet
facet normal -0.322850577710204 0.120969523549664 0.938687316865608
   outer loop
      vertex 0.325489411155918 0.486972891628985 0.126145137605144
      vertex 0.270440947820700 0.489828337102753 0.106843875360741
      vertex 0.270327784665754 0.486977795681353 0.107172306183355
   endloop
endfacet
facet normal -0.322052477366368 -0.140058159959669 0.936304391558054
   outer loop
      vertex 0.104973241318992 0.484149394801129 0.049873630116957
      vertex 0.049680974852795 0.486997602708188 0.031281282593063
      vertex 0.049811614849992 0.484154297797154 0.030900898689587
   endloop
endfacet
facet normal -0.039425098313201 -0.992655844433443 0.114367985621516
   outer loop
      vertex 0.328173450462723 0.476426643625857 0.118338829333237
      vertex 0.273011823972560 0.476431547678225 0.099365997911449
      vertex 0.329100533868978 0.476079261279840 0.115643313101878
   endloop
endfacet
facet normal -0.299307463765174 -0.391566035902654 0.870109810117057
   outer loop
      vertex -0.060146248683459 0.481521832475112 -0.008108012281315
      vertex -0.115673466526190 0.484169103840946 -0.026017394530056
      vertex -0.115307977120236 0.481526833458156 -0.027080742651965
   endloop
endfacet
facet normal -0.301642532007223 0.373777959014933 0.877098523678442
   outer loop
      vertex 0.215628648921257 0.492496680830748 0.086856248383853
      vertex 0.160466922472016 0.492501581839128 0.067883516956648
      vertex 0.215279321351701 0.489833240098779 0.087871143933372
   endloop
endfacet
facet normal 0.195570396783920 0.799172020954320 -0.568398012686154
   outer loop
      vertex -0.110466772613590 0.496696971144287 -0.041152304282028
      vertex -0.164882146969229 0.494975797229738 -0.062295148066419
      vertex -0.165628399082587 0.496701874140312 -0.060125035709399
   endloop
endfacet
facet normal -0.195577195196124 -0.799155503084541 0.568418897125097
   outer loop
      vertex 0.216237642189035 0.479235970461064 0.085082042017290
      vertex 0.161075915739793 0.479240871469443 0.066109310590086
      vertex 0.216983896289925 0.477509793575825 0.082911928603716
   endloop
endfacet
facet normal 0.121644823260540 0.927517142707622 -0.353432436198775
   outer loop
      vertex -0.111332973846980 0.497770316033507 -0.038633642162558
      vertex -0.110466772613590 0.496696971144287 -0.041152304282028
      vertex -0.165628399082587 0.496701874140312 -0.060125035709399
   endloop
endfacet
facet normal 0.322052796941353 0.140061700127759 -0.936303752069580
   outer loop
      vertex -0.274264563933218 0.490082080271250 -0.102977810810124
      vertex -0.329295669384254 0.487243776744800 -0.122330995080316
      vertex -0.329426254385966 0.490087082432136 -0.121950581178605
   endloop
endfacet
facet normal -0.301643008855717 0.373777959060454 0.877098359666162
   outer loop
      vertex 0.270790275390257 0.492491777834722 0.105828979811221
      vertex 0.215628648921257 0.492496680830748 0.086856248383853
      vertex 0.270440947820700 0.489828337102753 0.106843875360741
   endloop
endfacet
facet normal -0.200409659888303 0.787457588738035 0.582877786643423
   outer loop
      vertex 0.161028516451150 0.494796470932242 0.066251248852780
      vertex 0.161764077687344 0.496566430954054 0.064112970636786
      vertex 0.106602451218346 0.496571333950080 0.045140239209416
   endloop
endfacet
facet normal -0.256170415695966 -0.616356904368202 0.744634732308266
   outer loop
      vertex 0.326560997115975 0.479226065425653 0.123027603809728
      vertex 0.270823814088660 0.481492218399885 0.105728574158135
      vertex 0.271399370646978 0.479230968421678 0.104054872382358
   endloop
endfacet
facet normal -0.256167676979376 -0.616370140543603 0.744624718309331
   outer loop
      vertex -0.225055873502735 0.479275387609394 -0.066700107270987
      vertex -0.225631330059642 0.481536638518904 -0.065026305500958
      vertex -0.280793038500369 0.481541639899476 -0.083999035871641
   endloop
endfacet
facet normal 0.121635508845964 0.927529132252643 -0.353404176277591
   outer loop
      vertex -0.056171245389037 0.497765313994122 -0.019660811797489
      vertex -0.055305046143179 0.496692069079564 -0.022179472860406
      vertex -0.110466772613590 0.496696971144287 -0.041152304282028
   endloop
endfacet
facet normal -0.121645412011372 -0.927517142655583 0.353432233697787
   outer loop
      vertex 0.327307249229333 0.477499988515079 0.120857491452707
      vertex 0.272145622739169 0.477504892567446 0.101884660030920
      vertex 0.328173450462723 0.476426643625857 0.118338829333237
   endloop
endfacet
facet normal -0.256171393592946 -0.616356904305400 0.744634395941869
   outer loop
      vertex 0.271399370646978 0.479230968421678 0.104054872382358
      vertex 0.270823814088660 0.481492218399885 0.105728574158135
      vertex 0.215662185632128 0.481497221370574 0.086755843787320
   endloop
endfacet
facet normal 0.256168264590383 0.616370140484160 -0.744624516206852
   outer loop
      vertex -0.164306690412323 0.492714546320228 -0.063968949836449
      vertex -0.219468316902487 0.492719450372595 -0.082941781258236
      vertex -0.164882146969229 0.494975797229738 -0.062295148066419
   endloop
endfacet
facet normal 0.259882061606149 -0.601095175196679 -0.755741956232821
   outer loop
      vertex 0.332182090427095 0.481670668728680 0.106685525225946
      vertex 0.276458769977550 0.479380681700287 0.089344961908193
      vertex 0.277020363977853 0.481675569737060 0.087712793798743
   endloop
endfacet
facet normal -0.195567048398201 -0.799184093904573 0.568382189755047
   outer loop
      vertex 0.271399370646978 0.479230968421678 0.104054872382358
      vertex 0.216237642189035 0.479235970461064 0.085082042017290
      vertex 0.272145622739169 0.477504892567446 0.101884660030920
   endloop
endfacet
facet normal 0.299311386989052 0.391538025043519 -0.870121065463715
   outer loop
      vertex -0.219102827475367 0.490077178933464 -0.084005029385727
      vertex -0.274264563933218 0.490082080271250 -0.102977810810124
      vertex -0.219468316902487 0.492719450372595 -0.082941781258236
   endloop
endfacet
facet normal 0.039424800055761 0.992655844460010 -0.114368088206227
   outer loop
      vertex 0.273871831969540 0.498083184227220 0.096871291929709
      vertex 0.219637188926551 0.497740702889583 0.075203044271146
      vertex 0.218710105520296 0.498088085235600 0.077898560502505
   endloop
endfacet
facet normal 0.256166612043072 0.616370140651088 -0.744625084581585
   outer loop
      vertex 0.331573097159317 0.494931379098364 0.108459731592509
      vertex 0.276986827266981 0.492675029197234 0.087813198395275
      vertex 0.276411370710075 0.494936280106744 0.089487000165305
   endloop
endfacet
facet normal 0.127275734897939 -0.920159024063402 -0.370281322430497
   outer loop
      vertex 0.165399753834173 0.477620624726241 0.053537678331913
      vertex 0.109378610150261 0.476501160142117 0.037063591135316
      vertex 0.110238127365176 0.477625527722267 0.034564946904543
   endloop
endfacet
facet normal -0.299307961490038 -0.391566035856391 0.870109638926262
   outer loop
      vertex 0.270823814088660 0.481492218399885 0.105728574158135
      vertex 0.215296696226175 0.484139491753363 0.087819191909229
      vertex 0.215662185632128 0.481497221370574 0.086755843787320
   endloop
endfacet
facet normal 0.259882061606161 -0.601095175196679 -0.755741956232817
   outer loop
      vertex 0.277020363977853 0.481675569737060 0.087712793798743
      vertex 0.276458769977550 0.479380681700287 0.089344961908193
      vertex 0.221297043528308 0.479385582708667 0.070372230480989
   endloop
endfacet
facet normal 0.195562920953145 0.799188519368599 -0.568377387356059
   outer loop
      vertex 0.330826745086882 0.496657452964950 0.110629943944113
      vertex 0.331573097159317 0.494931379098364 0.108459731592509
      vertex 0.276411370710075 0.494936280106744 0.089487000165305
   endloop
endfacet
facet normal -0.256166612043072 -0.616370140651152 0.744625084581531
   outer loop
      vertex 0.216237642189035 0.479235970461064 0.085082042017290
      vertex 0.215662185632128 0.481497221370574 0.086755843787320
      vertex 0.160500459182887 0.481502122378953 0.067783112360116
   endloop
endfacet
facet normal 0.039424800055758 0.992655844460011 -0.114368088206220
   outer loop
      vertex 0.273871831969540 0.498083184227220 0.096871291929709
      vertex 0.274798915375793 0.497735801881203 0.094175775698349
      vertex 0.219637188926551 0.497740702889583 0.075203044271146
   endloop
endfacet
facet normal -0.259882463446294 0.601095175233559 0.755741818019899
   outer loop
      vertex 0.271351869390558 0.494786665871494 0.104196811701771
      vertex 0.216190242921558 0.494791568867519 0.085224080274402
      vertex 0.270790275390257 0.492491777834722 0.105828979811221
   endloop
endfacet
facet normal -0.039425098313180 -0.992655844433443 0.114367985621520
   outer loop
      vertex 0.162688369086541 0.476441449669649 0.061420536113595
      vertex 0.107526742596377 0.476446353722016 0.042447704691807
      vertex 0.163615452492796 0.476094067323632 0.058725019882235
   endloop
endfacet
facet normal 0.256167589969539 0.616370140552534 -0.744624748235275
   outer loop
      vertex 0.276986827266981 0.492675029197234 0.087813198395275
      vertex 0.221825098830205 0.492680030180278 0.068840468024625
      vertex 0.276411370710075 0.494936280106744 0.089487000165305
   endloop
endfacet
facet normal 0.039425002429740 0.992655844441995 -0.114368018600328
   outer loop
      vertex 0.218710105520296 0.498088085235600 0.077898560502505
      vertex 0.164475462456142 0.497745604954304 0.056230212849523
      vertex 0.163548379049887 0.498092987300321 0.058925729080883
   endloop
endfacet
facet normal -0.121644596217341 -0.927517142727417 0.353432514290762
   outer loop
      vertex 0.106660541362987 0.477519698611237 0.044966366811277
      vertex 0.051498814913743 0.477524599619618 0.025993635384073
      vertex 0.107526742596377 0.476446353722016 0.042447704691807
   endloop
endfacet
facet normal 0.299308768478412 0.391566035781259 -0.870109361364700
   outer loop
      vertex 0.222190588236159 0.490037759797489 0.067777119902716
      vertex 0.167028961745995 0.490042663849855 0.048804288480927
      vertex 0.221825098830205 0.492680030180278 0.068840468024625
   endloop
endfacet
facet normal -0.195577537931058 -0.799155503054501 0.568418779241619
   outer loop
      vertex 0.050752560812853 0.479250776504855 0.028163748797647
      vertex -0.004409065656145 0.479255679500881 0.009191017370279
      vertex 0.051498814913743 0.477524599619618 0.025993635384073
   endloop
endfacet
facet normal 0.322052991659007 0.140046961584789 -0.936305889714655
   outer loop
      vertex 0.167159501762948 0.487199356951177 0.048423904577617
      vertex 0.111997875293950 0.487204259947202 0.029451173150246
      vertex 0.167028961745995 0.490042663849855 0.048804288480927
   endloop
endfacet
facet normal 0.127274233183467 -0.920159023925961 -0.370281838948635
   outer loop
      vertex -0.110408680481417 0.477645235830780 -0.041326177736721
      vertex -0.166429826152861 0.476525871221319 -0.057800263876765
      vertex -0.165570308937947 0.477650238801469 -0.060298908107537
   endloop
endfacet
facet normal -0.322847688004473 0.120985343964537 0.938686271816068
   outer loop
      vertex -0.170852467890827 0.489867756238728 -0.044938273927701
      vertex -0.226014196327602 0.489872757221772 -0.063911004298352
      vertex -0.170965733013551 0.487017312804346 -0.044609842048368
   endloop
endfacet
facet normal 0.259882061606178 -0.601095175196611 -0.755741956232865
   outer loop
      vertex 0.001211927674730 0.481700280816263 -0.007151061213338
      vertex 0.000650333674429 0.479405392779490 -0.005518893103888
      vertex -0.054511392774813 0.479410293787870 -0.024491624531092
   endloop
endfacet
facet normal 0.045474880020453 -0.990143320421401 -0.132469771314092
   outer loop
      vertex 0.274863691526444 0.476486354098326 0.093981884354958
      vertex 0.218777180929571 0.476089066340588 0.077697750252886
      vertex 0.219701965056034 0.476491256163047 0.075009052933337
   endloop
endfacet
facet normal -0.259882268324294 0.601095865112077 0.755741336408023
   outer loop
      vertex -0.280264981232105 0.494835988452765 -0.085530899378976
      vertex -0.335426674692100 0.494840890328336 -0.104503650805119
      vertex -0.280826585230431 0.492541100217228 -0.083898731269510
   endloop
endfacet
facet normal 0.039424895938921 0.992655844451483 -0.114368055227490
   outer loop
      vertex -0.112260057253235 0.498117698379524 -0.035938125931199
      vertex -0.166494600315978 0.497775219029533 -0.057606373589928
      vertex -0.167421683722233 0.498122601375550 -0.054910857358569
   endloop
endfacet
facet normal 0.045476050470174 -0.990142725370824 -0.132473817144635
   outer loop
      vertex -0.167354610300490 0.476123682455202 -0.055111666551634
      vertex -0.222516336749732 0.476128583463582 -0.074084397978836
      vertex -0.166429826152861 0.476525871221319 -0.057800263876765
   endloop
endfacet
facet normal 0.039437540602910 0.992651671380623 -0.114399911260669
   outer loop
      vertex -0.167421683722233 0.498122601375550 -0.054910857358569
      vertex -0.221656326765219 0.497780120037913 -0.076579105017131
      vertex -0.222583412159007 0.498127602358594 -0.073883587729218
   endloop
endfacet
facet normal 0.045473073828183 -0.990143320261451 -0.132470392534504
   outer loop
      vertex 0.219701965056034 0.476491256163047 0.075009052933337
      vertex 0.163615452492796 0.476094067323632 0.058725019882235
      vertex 0.164540236619259 0.476496257146091 0.056036322562687
   endloop
endfacet
facet normal -0.200410291730961 0.787457588786705 0.582877569332137
   outer loop
      vertex 0.216190242921558 0.494791568867519 0.085224080274402
      vertex 0.216925804157752 0.496561528889333 0.083085802058408
      vertex 0.161764077687344 0.496566430954054 0.064112970636786
   endloop
endfacet
facet normal -0.121646325109638 -0.927516960280099 0.353432398034032
   outer loop
      vertex -0.279471277873616 0.477554214154894 -0.087843051049746
      vertex -0.334632967318096 0.477559215913119 -0.106815781420461
      vertex -0.278605086638250 0.476480869066908 -0.090361713169199
   endloop
endfacet
facet normal -0.045474393077235 0.990143446166531 0.132468998591076
   outer loop
      vertex 0.107461866486650 0.497695798460906 0.042641696029781
      vertex 0.108386750593357 0.498097990271011 0.039952998710066
      vertex 0.053225024144114 0.498102891279391 0.020980267282862
   endloop
endfacet
facet normal 0.039425009896628 0.992655844441330 -0.114368016032112
   outer loop
      vertex -0.222583412159007 0.498127602358594 -0.073883587729218
      vertex -0.276818005228806 0.497785122859853 -0.095551915383399
      vertex -0.277745088635061 0.498132505205870 -0.092856399152040
   endloop
endfacet
facet normal -0.195568550826910 -0.799178765619427 0.568389164666666
   outer loop
      vertex -0.279471277873616 0.477554214154894 -0.087843051049746
      vertex -0.335379235417710 0.479285291977499 -0.104645619066205
      vertex -0.334632967318096 0.477559215913119 -0.106815781420461
   endloop
endfacet
facet normal 0.121644618232594 0.927518965635897 -0.353427722795994
   outer loop
      vertex -0.001009618920040 0.497760410998096 -0.000688080370119
      vertex -0.000143317706405 0.496687068096520 -0.003206742489756
      vertex -0.055305046143179 0.496692069079564 -0.022179472860406
   endloop
endfacet
facet normal 0.299307351437059 0.391566035913068 -0.870109848751903
   outer loop
      vertex -0.163941201006369 0.490072275937438 -0.065032297958358
      vertex -0.219102827475367 0.490077178933464 -0.084005029385727
      vertex -0.164306690412323 0.492714546320228 -0.063968949836449
   endloop
endfacet
facet normal 0.322054039698586 0.140046961477533 -0.936305529244985
   outer loop
      vertex -0.218972287458414 0.487233872034785 -0.084385413289038
      vertex -0.274133985918050 0.487238874459195 -0.103358223655273
      vertex -0.219102827475367 0.490077178933464 -0.084005029385727
   endloop
endfacet
facet normal 0.256168794747338 0.616364110214457 -0.744629325394344
   outer loop
      vertex -0.274630055333054 0.492724450945606 -0.101914491629986
      vertex -0.329791744798073 0.492729353111952 -0.120887263055019
      vertex -0.275205541892500 0.494985701681359 -0.100240729857674
   endloop
endfacet
facet normal -0.322849774285750 0.120980598413211 0.938686165899563
   outer loop
      vertex -0.226014196327602 0.489872757221772 -0.063911004298352
      vertex -0.281175892803938 0.489877659882788 -0.082883835720023
      vertex -0.226127459462792 0.487022213812727 -0.063582573475572
   endloop
endfacet
facet normal 0.121645184967111 0.927517142675821 -0.353432311789399
   outer loop
      vertex 0.219637188926551 0.497740702889583 0.075203044271146
      vertex 0.165341663689533 0.496672260065084 0.053711550730052
      vertex 0.164475462456142 0.497745604954304 0.056230212849523
   endloop
endfacet
facet normal 0.322847910560681 -0.120985343988269 -0.938686195267962
   outer loop
      vertex -0.163810561009172 0.487228971026405 -0.065412681861835
      vertex -0.219085552581137 0.484383428600403 -0.084056981409704
      vertex -0.218972287458414 0.487233872034785 -0.084385413289038
   endloop
endfacet
facet normal 0.200408012067323 -0.787461553562762 -0.582872996766658
   outer loop
      vertex -0.164834747701753 0.479420198823282 -0.062437186323531
      vertex -0.220732035387189 0.477655139809849 -0.079271639534740
      vertex -0.219996374170750 0.479425101819307 -0.081409917750900
   endloop
endfacet
facet normal 0.045476092272621 -0.990142725374520 -0.132473802766923
   outer loop
      vertex 0.164540236619259 0.476496257146091 0.056036322562687
      vertex 0.108453826002632 0.476098971375999 0.039752188460448
      vertex 0.109378610150261 0.476501160142117 0.037063591135316
   endloop
endfacet
facet normal -0.200400954150152 0.787474704340559 0.582857656378861
   outer loop
      vertex 0.105866887994620 0.494801473902931 0.047278518481963
      vertex 0.106602451218346 0.496571333950080 0.045140239209416
      vertex 0.051440722781570 0.496576334933124 0.026167508838766
   endloop
endfacet
facet normal -0.322053989850141 -0.140051227467605 0.936304908299867
   outer loop
      vertex 0.325620051153115 0.484129586717951 0.125764753701667
      vertex 0.270327784665754 0.486977795681353 0.107172306183355
      vertex 0.270458322695174 0.484134588757337 0.106791923336599
   endloop
endfacet
facet normal -0.256166612043125 -0.616370140650884 0.744625084581735
   outer loop
      vertex 0.216237642189035 0.479235970461064 0.085082042017290
      vertex 0.160500459182887 0.481502122378953 0.067783112360116
      vertex 0.161075915739793 0.479240871469443 0.066109310590086
   endloop
endfacet
facet normal 0.322848350455173 -0.120974268790892 -0.938687471365674
   outer loop
      vertex 0.001674420386765 0.487214162994968 -0.008494388642026
      vertex 0.001561255244287 0.484363721548231 -0.008165956762858
      vertex -0.053600471204955 0.484368622556612 -0.027138688190062
   endloop
endfacet
facet normal 0.301645193347238 -0.373768457845731 -0.877101657306684
   outer loop
      vertex -0.053600471204955 0.484368622556612 -0.027138688190062
      vertex -0.109111425264678 0.481710085877010 -0.045096624062330
      vertex -0.108762197675365 0.484373524621333 -0.046111519611684
   endloop
endfacet
facet normal 0.259877177662964 -0.601116028037798 -0.755727049513244
   outer loop
      vertex -0.109111425264678 0.481710085877010 -0.045096624062330
      vertex -0.109673019243812 0.479415196783896 -0.043464355958463
      vertex -0.164834747701753 0.479420198823282 -0.062437186323531
   endloop
endfacet
facet normal -0.299309348814388 -0.391557632693302 0.870112943238936
   outer loop
      vertex -0.280793038500369 0.481541639899476 -0.083999035871641
      vertex -0.336320214386750 0.484188813247680 -0.101908529170862
      vertex -0.335954724974446 0.481546542547988 -0.102971847294446
   endloop
endfacet
facet normal -0.322052469823434 -0.140051227624398 0.936305431107566
   outer loop
      vertex 0.270458322695174 0.484134588757337 0.106791923336599
      vertex 0.270327784665754 0.486977795681353 0.107172306183355
      vertex 0.215166056228978 0.486982796664397 0.088199575812706
   endloop
endfacet
facet normal -0.322847048995283 0.121008567948805 0.938683498010920
   outer loop
      vertex -0.281175892803938 0.489877659882788 -0.082883835720023
      vertex -0.336337578259164 0.489882561600468 -0.101856557147854
      vertex -0.281289115925864 0.487027116212458 -0.082555304902891
   endloop
endfacet
facet normal 0.322848429923609 -0.120985344042791 -0.938686016633202
   outer loop
      vertex 0.001674420386765 0.487214162994968 -0.008494388642026
      vertex -0.053600471204955 0.484368622556612 -0.027138688190062
      vertex -0.053487206082232 0.487219065990994 -0.027467120069396
   endloop
endfacet
facet normal -0.121644596217264 -0.927517142727487 0.353432514290604
   outer loop
      vertex 0.272145622739169 0.477504892567446 0.101884660030920
      vertex 0.216983896289925 0.477509793575825 0.082911928603716
      vertex 0.273011823972560 0.476431547678225 0.099365997911449
   endloop
endfacet
facet normal -0.256170415695929 -0.616356904368281 0.744634732308214
   outer loop
      vertex 0.050752560812853 0.479250776504855 0.028163748797647
      vertex -0.004984622214462 0.481516929479086 0.010864719146055
      vertex -0.004409065656145 0.479255679500881 0.009191017370279
   endloop
endfacet
facet normal -0.195572767669811 -0.799168461826376 0.568402201058400
   outer loop
      vertex -0.224309621389378 0.477549310698820 -0.068870219628008
      vertex -0.280217551949389 0.479280389586260 -0.085672837641720
      vertex -0.279471277873616 0.477554214154894 -0.087843051049746
   endloop
endfacet
facet normal 0.322050666460875 0.140090490810912 -0.936300177622788
   outer loop
      vertex 0.332644583139130 0.487184550907385 0.105342197797258
      vertex 0.277482854702354 0.487189551890429 0.086369467426609
      vertex 0.332513943163100 0.490027854762077 0.105722681695153
   endloop
endfacet
facet normal 0.322054712245294 0.140046961408003 -0.936305297924233
   outer loop
      vertex 0.056705508847510 0.490052465866616 0.010858825626518
      vertex 0.001674420386765 0.487214162994968 -0.008494388642026
      vertex 0.001543880369813 0.490057469893647 -0.008114004738716
   endloop
endfacet
facet normal 0.195570989043388 0.799172020901555 -0.568397808979517
   outer loop
      vertex 0.220503390159941 0.496667358000361 0.072684382151675
      vertex 0.166087915802890 0.494946183154510 0.051541438373032
      vertex 0.165341663689533 0.496672260065084 0.053711550730052
   endloop
endfacet
facet normal 0.121644596217294 0.927517142727470 -0.353432514290639
   outer loop
      vertex 0.274798915375793 0.497735801881203 0.094175775698349
      vertex 0.220503390159941 0.496667358000361 0.072684382151675
      vertex 0.219637188926551 0.497740702889583 0.075203044271146
   endloop
endfacet
facet normal -0.045476248237235 0.990142725388494 0.132473749122270
   outer loop
      vertex 0.052300239996484 0.497700702513274 0.023668864607993
      vertex 0.053225024144114 0.498102891279391 0.020980267282862
      vertex -0.001936702326295 0.498107793344113 0.002007435861240
   endloop
endfacet
facet normal -0.045473115625857 0.990143320265197 0.132470378158627
   outer loop
      vertex 0.328108676299607 0.497675991434072 0.118532719620074
      vertex 0.273871831969540 0.498083184227220 0.096871291929709
      vertex 0.272947047843077 0.497680994404761 0.099559989249257
   endloop
endfacet
facet normal 0.256165956565136 0.616377499778560 -0.744619218435705
   outer loop
      vertex -0.164882146969229 0.494975797229738 -0.062295148066419
      vertex -0.219468316902487 0.492719450372595 -0.082941781258236
      vertex -0.220043873439638 0.494980699294460 -0.081267979488040
   endloop
endfacet
facet normal 0.322052452444965 0.140065406706404 -0.936303316088517
   outer loop
      vertex -0.274133985918050 0.487238874459195 -0.103358223655273
      vertex -0.329295669384254 0.487243776744800 -0.122330995080316
      vertex -0.274264563933218 0.490082080271250 -0.102977810810124
   endloop
endfacet
facet normal -0.256168264590468 -0.616370140483962 0.744624516206987
   outer loop
      vertex 0.161075915739793 0.479240871469443 0.066109310590086
      vertex 0.160500459182887 0.481502122378953 0.067783112360116
      vertex 0.105338832692723 0.481507026431321 0.048810280938327
   endloop
endfacet
facet normal 0.322848316393125 -0.120969523390583 -0.938688094636754
   outer loop
      vertex 0.277482854702354 0.487189551890429 0.086369467426609
      vertex 0.277369691547408 0.484339010469029 0.086697898249223
      vertex 0.222207963110633 0.484344011452073 0.067725167878573
   endloop
endfacet
facet normal 0.301645441180104 -0.373765396582080 -0.877102876596070
   outer loop
      vertex 0.222207963110633 0.484344011452073 0.067725167878573
      vertex 0.221858637528609 0.481680470745440 0.068740062371538
      vertex 0.166697009050912 0.481685474772472 0.049767232006304
   endloop
endfacet
facet normal -0.127274233183472 0.920159023925963 0.370281838948630
   outer loop
      vertex 0.327249159084693 0.496551623853922 0.121031363850846
      vertex 0.328108676299607 0.497675991434072 0.118532719620074
      vertex 0.272947047843077 0.497680994404761 0.099559989249257
   endloop
endfacet
facet normal -0.301643994951408 0.373777959154115 0.877098020497333
   outer loop
      vertex -0.225664868758045 0.492536197953741 -0.064925899847872
      vertex -0.280826585230431 0.492541100217228 -0.083898731269510
      vertex -0.226014196327602 0.489872757221772 -0.063911004298352
   endloop
endfacet
facet normal 0.039425002429741 0.992655844441994 -0.114368018600333
   outer loop
      vertex 0.218710105520296 0.498088085235600 0.077898560502505
      vertex 0.219637188926551 0.497740702889583 0.075203044271146
      vertex 0.164475462456142 0.497745604954304 0.056230212849523
   endloop
endfacet
facet normal 0.195577495965744 0.799159928730458 -0.568412571450789
   outer loop
      vertex 0.330826745086882 0.496657452964950 0.110629943944113
      vertex 0.276411370710075 0.494936280106744 0.089487000165305
      vertex 0.275665016628940 0.496662455004336 0.091657113579046
   endloop
endfacet
facet normal -0.259876364850167 0.601116027971171 0.755727329073407
   outer loop
      vertex 0.161028516451150 0.494796470932242 0.066251248852780
      vertex 0.105866887994620 0.494801473902931 0.047278518481963
      vertex 0.160466922472016 0.492501581839128 0.067883516956648
   endloop
endfacet
facet normal 0.121646089439415 0.927517142595588 -0.353432000695204
   outer loop
      vertex 0.164475462456142 0.497745604954304 0.056230212849523
      vertex 0.165341663689533 0.496672260065084 0.053711550730052
      vertex 0.110179935252758 0.496677261048128 0.034738820359402
   endloop
endfacet
facet normal 0.195577495965739 0.799159928730461 -0.568412571450787
   outer loop
      vertex 0.110179935252758 0.496677261048128 0.034738820359402
      vertex 0.110926289333893 0.494951086150536 0.032568706945662
      vertex 0.055764560875950 0.494956088189921 0.013595876580594
   endloop
endfacet
facet normal -0.127275558262778 0.920159024047390 0.370281383184536
   outer loop
      vertex 0.051440722781570 0.496576334933124 0.026167508838766
      vertex 0.052300239996484 0.497700702513274 0.023668864607993
      vertex -0.002861486452758 0.497705603521654 0.004696133180790
   endloop
endfacet
facet normal 0.256164739084828 0.616377499867979 -0.744619637201506
   outer loop
      vertex -0.109144963963081 0.492709645311848 -0.044996218409244
      vertex -0.164306690412323 0.492714546320228 -0.063968949836449
      vertex -0.109720520500232 0.494970894233712 -0.043322416639049
   endloop
endfacet
facet normal 0.256164739084768 0.616377499868132 -0.744619637201400
   outer loop
      vertex 0.056340117413101 0.492694839268057 0.011922074810398
      vertex 0.001178390963859 0.492699740276436 -0.007050656616805
      vertex 0.055764560875950 0.494956088189921 0.013595876580594
   endloop
endfacet
facet normal 0.259882061606232 -0.601095175196407 -0.755741956233009
   outer loop
      vertex 0.166697009050912 0.481685474772472 0.049767232006304
      vertex 0.166135415050611 0.479390586735699 0.051399400115754
      vertex 0.110973688601370 0.479395487744079 0.032426668688549
   endloop
endfacet
facet normal 0.299306853712997 0.391566035959602 -0.870110019941910
   outer loop
      vertex 0.001543880369813 0.490057469893647 -0.008114004738716
      vertex -0.053617846079429 0.490062370902027 -0.027086736165919
      vertex 0.001178390963859 0.492699740276436 -0.007050656616805
   endloop
endfacet
facet normal 0.045474921821040 -0.990143320425058 -0.132469756937240
   outer loop
      vertex 0.163615452492796 0.476094067323632 0.058725019882235
      vertex 0.108453826002632 0.476098971375999 0.039752188460448
      vertex 0.164540236619259 0.476496257146091 0.056036322562687
   endloop
endfacet
facet normal 0.322053671479912 0.140058159878333 -0.936303980840520
   outer loop
      vertex -0.053487206082232 0.487219065990994 -0.027467120069396
      vertex -0.108648934540175 0.487224068030380 -0.046439950434465
      vertex -0.053617846079429 0.490062370902027 -0.027086736165919
   endloop
endfacet
facet normal 0.322848395876094 -0.120980598268837 -0.938686640004399
   outer loop
      vertex -0.108648934540175 0.487224068030380 -0.046439950434465
      vertex -0.108762197675365 0.484373524621333 -0.046111519611684
      vertex -0.163923826131896 0.484378527592023 -0.065084249982501
   endloop
endfacet
facet normal -0.322052500262601 -0.140079292424868 0.936301222314890
   outer loop
      vertex 0.215296696226175 0.484139491753363 0.087819191909229
      vertex 0.160004429759980 0.486987699660422 0.069226844385336
      vertex 0.160134969755766 0.484144393818085 0.068846360487607
   endloop
endfacet
facet normal 0.195577495965762 0.799159928730458 -0.568412571450783
   outer loop
      vertex 0.275665016628940 0.496662455004336 0.091657113579046
      vertex 0.276411370710075 0.494936280106744 0.089487000165305
      vertex 0.221249642252132 0.494941282146129 0.070514169800236
   endloop
endfacet
facet normal -0.322848647280930 0.120974268811658 0.938687369273902
   outer loop
      vertex -0.005367486494890 0.489852948207292 0.011980019292108
      vertex -0.060529114951420 0.489857951177981 -0.006992711078709
      vertex -0.005480651637368 0.487002506760555 0.012308451171275
   endloop
endfacet
facet normal 0.259882668938416 -0.601095175252330 -0.755741747340860
   outer loop
      vertex -0.219434780170449 0.481719989856079 -0.083042085860350
      vertex -0.219996374170750 0.479425101819307 -0.081409917750900
      vertex -0.275158100630577 0.479430003355858 -0.100382699175314
   endloop
endfacet
facet normal 0.200408999078724 -0.787457588686572 -0.582878013917315
   outer loop
      vertex 0.110238127365176 0.477625527722267 0.034564946904543
      vertex 0.055076398907233 0.477630529761652 0.015592116539475
      vertex 0.110973688601370 0.479395487744079 0.032426668688549
   endloop
endfacet
facet normal -0.200407712627218 0.787461553533187 0.582873099762399
   outer loop
      vertex -0.169941646301214 0.494826083019825 -0.047585337586505
      vertex -0.169205985084776 0.496596045029283 -0.049723615802664
      vertex -0.224367711534018 0.496600946037663 -0.068696347229869
   endloop
endfacet
facet normal -0.127285266626920 0.920146392727450 0.370309433920304
   outer loop
      vertex -0.224367711534018 0.496600946037663 -0.068696347229869
      vertex -0.223508196306636 0.497725413592477 -0.071194990404087
      vertex -0.278669892761806 0.497730315197150 -0.090167721831341
   endloop
endfacet
facet normal 0.200409177503185 -0.787455871776906 -0.582880272077011
   outer loop
      vertex -0.275893711863243 0.477660042657125 -0.098244450957562
      vertex -0.331055401314073 0.477665044732254 -0.117217211326603
      vertex -0.275158100630577 0.479430003355858 -0.100382699175314
   endloop
endfacet
facet normal -0.200406419979426 0.787461553403883 0.582873544383148
   outer loop
      vertex 0.326513597827332 0.494781664888451 0.123169542072422
      vertex 0.272087530606996 0.496556627880953 0.102058533485612
      vertex 0.271351869390558 0.494786665871494 0.104196811701771
   endloop
endfacet
facet normal 0.045476050470277 -0.990142725370774 -0.132473817144976
   outer loop
      vertex -0.001869528924308 0.476108876411410 0.001806626668009
      vertex -0.057031255373550 0.476113777419791 -0.017166104759195
      vertex -0.000944744776679 0.476511065177528 -0.000881970657121
   endloop
endfacet
facet normal 0.127276486272577 -0.920156164921556 -0.370288169131774
   outer loop
      vertex -0.275893711863243 0.477660042657125 -0.098244450957562
      vertex -0.331914891544904 0.476540678216939 -0.114718617093084
      vertex -0.331055401314073 0.477665044732254 -0.117217211326603
   endloop
endfacet
facet normal -0.200413768771109 0.787449222527877 0.582887676338420
   outer loop
      vertex -0.114779919851973 0.494821182011445 -0.028612606159301
      vertex -0.114044258614368 0.496591142964560 -0.030750784381042
      vertex -0.169205985084776 0.496596045029283 -0.049723615802664
   endloop
endfacet
facet normal 0.127276101800716 -0.920156760514246 -0.370286821248531
   outer loop
      vertex -0.276753209090575 0.476535675897041 -0.095745846724590
      vertex -0.331914891544904 0.476540678216939 -0.114718617093084
      vertex -0.275893711863243 0.477660042657125 -0.098244450957562
   endloop
endfacet
facet normal -0.256167589969537 -0.616370140552527 0.744624748235282
   outer loop
      vertex -0.059570792126553 0.479260581565602 -0.009781814051345
      vertex -0.060146248683459 0.481521832475112 -0.008108012281315
      vertex -0.115307977120236 0.481526833458156 -0.027080742651965
   endloop
endfacet
facet normal -0.045476229585127 0.990142725386828 0.132473755537711
   outer loop
      vertex -0.223508196306636 0.497725413592477 -0.071194990404087
      vertex -0.222583412159007 0.498127602358594 -0.073883587729218
      vertex -0.277745088635061 0.498132505205870 -0.092856399152040
   endloop
endfacet
facet normal 0.322849835812391 -0.120969523497507 -0.938687572039120
   outer loop
      vertex 0.056836146857174 0.487209260930246 0.010478442779595
      vertex 0.056722983702228 0.484358719508845 0.010806873602209
      vertex 0.001561255244287 0.484363721548231 -0.008165956762858
   endloop
endfacet
facet normal -0.259882280779157 0.601095175216851 0.755741880848247
   outer loop
      vertex 0.325952003848198 0.492486775795336 0.124801810176290
      vertex 0.271351869390558 0.494786665871494 0.104196811701771
      vertex 0.270790275390257 0.492491777834722 0.105828979811221
   endloop
endfacet
facet normal 0.195573254579028 0.799167576709925 -0.568403277989275
   outer loop
      vertex -0.055305046143179 0.496692069079564 -0.022179472860406
      vertex -0.054558792063456 0.494965893250669 -0.024349686268399
      vertex -0.109720520500232 0.494970894233712 -0.043322416639049
   endloop
endfacet
facet normal -0.299308270752621 -0.391566035827700 0.870109532556250
   outer loop
      vertex -0.115307977120236 0.481526833458156 -0.027080742651965
      vertex -0.170835192996598 0.484174005905667 -0.044990225951678
      vertex -0.170469703590644 0.481531735522878 -0.046053574073587
   endloop
endfacet
facet normal 0.299308753455587 0.391557731130755 -0.870113103738013
   outer loop
      vertex -0.274630055333054 0.492724450945606 -0.101914491629986
      vertex -0.329426254385966 0.490087082432136 -0.121950581178605
      vertex -0.329791744798073 0.492729353111952 -0.120887263055019
   endloop
endfacet
facet normal 0.039424895938928 0.992655844451481 -0.114368055227508
   outer loop
      vertex -0.112260057253235 0.498117698379524 -0.035938125931199
      vertex -0.111332973846980 0.497770316033507 -0.038633642162558
      vertex -0.166494600315978 0.497775219029533 -0.057606373589928
   endloop
endfacet
facet normal -0.322053997391394 -0.140058159856046 0.936303868742388
   outer loop
      vertex 0.325620051153115 0.484129586717951 0.125764753701667
      vertex 0.325489411155918 0.486972891628985 0.126145137605144
      vertex 0.270327784665754 0.486977795681353 0.107172306183355
   endloop
endfacet
facet normal -0.045474992209337 0.990143226563684 0.132470434337696
   outer loop
      vertex -0.278669892761806 0.497730315197150 -0.090167721831341
      vertex -0.277745088635061 0.498132505205870 -0.092856399152040
      vertex -0.332906779099882 0.498137407352339 -0.111829170577071
   endloop
endfacet
facet normal 0.039424895938923 0.992655844451483 -0.114368055227493
   outer loop
      vertex -0.001936702326295 0.498107793344113 0.002007435861240
      vertex -0.001009618920040 0.497760410998096 -0.000688080370119
      vertex -0.056171245389037 0.497765313994122 -0.019660811797489
   endloop
endfacet
facet normal 0.301642532007210 -0.373777959015000 -0.877098523678418
   outer loop
      vertex 0.001561255244287 0.484363721548231 -0.008165956762858
      vertex 0.001211927674730 0.481700280816263 -0.007151061213338
      vertex -0.053949798774512 0.481705181824643 -0.026123792640542
   endloop
endfacet
facet normal 0.195570396783868 0.799172020954422 -0.568398012686028
   outer loop
      vertex -0.110466772613590 0.496696971144287 -0.041152304282028
      vertex -0.109720520500232 0.494970894233712 -0.043322416639049
      vertex -0.164882146969229 0.494975797229738 -0.062295148066419
   endloop
endfacet
facet normal -0.322849058289209 0.120969523442784 0.938687839465174
   outer loop
      vertex 0.270440947820700 0.489828337102753 0.106843875360741
      vertex 0.215279321351701 0.489833240098779 0.087871143933372
      vertex 0.270327784665754 0.486977795681353 0.107172306183355
   endloop
endfacet
facet normal -0.195565769220086 -0.799184094028979 0.568382629713854
   outer loop
      vertex -0.169894147032327 0.479270485544672 -0.047727275849365
      vertex -0.225055873502735 0.479275387609394 -0.066700107270987
      vertex -0.169147894940136 0.477544409690440 -0.049897488200804
   endloop
endfacet
facet normal 0.200411844299126 -0.787449222322473 -0.582888338301904
   outer loop
      vertex -0.110408680481417 0.477645235830780 -0.041326177736721
      vertex -0.165570308937947 0.477650238801469 -0.060298908107537
      vertex -0.109673019243812 0.479415196783896 -0.043464355958463
   endloop
endfacet
facet normal 0.039437743028357 0.992651671362251 -0.114399841636952
   outer loop
      vertex -0.057098330782825 0.498112796314803 -0.016965294509576
      vertex -0.056171245389037 0.497765313994122 -0.019660811797489
      vertex -0.111332973846980 0.497770316033507 -0.038633642162558
   endloop
endfacet
facet normal 0.195570989043397 0.799172020901476 -0.568397808979625
   outer loop
      vertex -0.165628399082587 0.496701874140312 -0.060125035709399
      vertex -0.164882146969229 0.494975797229738 -0.062295148066419
      vertex -0.220043873439638 0.494980699294460 -0.081267979488040
   endloop
endfacet
facet normal 0.259882463446361 -0.601095175233402 -0.755741818020001
   outer loop
      vertex -0.053949798774512 0.481705181824643 -0.026123792640542
      vertex -0.054511392774813 0.479410293787870 -0.024491624531092
      vertex -0.109673019243812 0.479415196783896 -0.043464355958463
   endloop
endfacet
facet normal -0.039435935075008 -0.992651671524693 0.114400463478054
   outer loop
      vertex 0.273938907378813 0.476084165332208 0.096670481680089
      vertex 0.217850095535783 0.476436548661269 0.080393267540799
      vertex 0.218777180929571 0.476089066340588 0.077697750252886
   endloop
endfacet
facet normal 0.127276142682439 -0.920159024100295 -0.370281182171971
   outer loop
      vertex -0.166429826152861 0.476525871221319 -0.057800263876765
      vertex -0.221591552623269 0.476530773286041 -0.076773095298386
      vertex -0.165570308937947 0.477650238801469 -0.060298908107537
   endloop
endfacet
facet normal -0.259880582009720 0.601101431179010 0.755737489164614
   outer loop
      vertex -0.280826585230431 0.492541100217228 -0.083898731269510
      vertex -0.335426674692100 0.494840890328336 -0.104503650805119
      vertex -0.335988268686051 0.492546001974661 -0.102871452697344
   endloop
endfacet
facet normal -0.322052294230193 -0.140058579069390 0.936304391856693
   outer loop
      vertex -0.281158527927489 0.484183911338608 -0.082935787744149
      vertex -0.336450800390382 0.487032119020774 -0.101528125268591
      vertex -0.336320214386750 0.484188813247680 -0.101908529170862
   endloop
endfacet
facet normal -0.259883276270241 0.601095175307630 0.755741538448784
   outer loop
      vertex 0.216190242921558 0.494791568867519 0.085224080274402
      vertex 0.161028516451150 0.494796470932242 0.066251248852780
      vertex 0.215628648921257 0.492496680830748 0.086856248383853
   endloop
endfacet
facet normal -0.945628892796438 0.000084640770920 -0.325247582534478
   outer loop
      vertex -0.332906779099882 0.498137407352339 -0.111829170577071
      vertex -0.331914891544904 0.476540678216939 -0.114718617093084
      vertex -0.332839690474793 0.476138488417211 -0.112029949771836
   endloop
endfacet
facet normal -0.127277814314767 0.920154108080516 0.370292823810839
   outer loop
      vertex 0.161764077687344 0.496566430954054 0.064112970636786
      vertex 0.162623594923425 0.497690797477863 0.061614426400432
      vertex 0.107461866486650 0.497695798460906 0.042641696029781
   endloop
endfacet
facet normal -0.945629444367887 0.000084511784061 -0.325245978917865
   outer loop
      vertex -0.335426674692100 0.494840890328336 -0.104503650805119
      vertex -0.335379235417710 0.479285291977499 -0.104645619066205
      vertex -0.335988268686051 0.492546001974661 -0.102871452697344
   endloop
endfacet
facet normal 0.039425002429760 0.992655844441993 -0.114368018600340
   outer loop
      vertex 0.053225024144114 0.498102891279391 0.020980267282862
      vertex 0.054152107550368 0.497755508933374 0.018284751051502
      vertex -0.001009618920040 0.497760410998096 -0.000688080370119
   endloop
endfacet
facet normal -0.945628802627191 0.000085007371856 -0.325247844597951
   outer loop
      vertex -0.336337578259164 0.489882561600468 -0.101856557147854
      vertex -0.335954724974446 0.481546542547988 -0.102971847294446
      vertex -0.336320214386750 0.484188813247680 -0.101908529170862
   endloop
endfacet
facet normal 0.322848775645877 -0.120979408350609 -0.938686662746997
   outer loop
      vertex -0.274133985918050 0.487238874459195 -0.103358223655273
      vertex -0.274247209059026 0.484388331739574 -0.103029782833117
      vertex -0.329408890513553 0.484393334079348 -0.122002553201613
   endloop
endfacet
facet normal -0.945629104194758 0.000084521847813 -0.325246967942634
   outer loop
      vertex -0.335426674692100 0.494840890328336 -0.104503650805119
      vertex -0.334632967318096 0.477559215913119 -0.106815781420461
      vertex -0.335379235417710 0.479285291977499 -0.104645619066205
   endloop
endfacet
facet normal -0.299308270752656 -0.391566035827307 0.870109532556415
   outer loop
      vertex 0.050177104255946 0.481512027414365 0.029837550567676
      vertex -0.005350111620416 0.484159199861876 0.011928067267963
      vertex -0.004984622214462 0.481516929479086 0.010864719146055
   endloop
endfacet
facet normal 0.200408607365370 -0.787461553621566 -0.582872792006784
   outer loop
      vertex -0.220732035387189 0.477655139809849 -0.079271639534740
      vertex -0.275893711863243 0.477660042657125 -0.098244450957562
      vertex -0.219996374170750 0.479425101819307 -0.081409917750900
   endloop
endfacet
facet normal -0.299309019424095 -0.391553977502540 0.870114701400527
   outer loop
      vertex -0.004984622214462 0.481516929479086 0.010864719146055
      vertex -0.060511740076946 0.484164202832565 -0.007044663102851
      vertex -0.060146248683459 0.481521832475112 -0.008108012281315
   endloop
endfacet
facet normal 0.945613377409978 -0.000071605751486 0.325292691796037
   outer loop
      vertex 0.332513943163100 0.490027854762077 0.105722681695153
      vertex 0.332182090427095 0.481670668728680 0.106685525225946
      vertex 0.332531417996651 0.484334109460649 0.105670629676426
   endloop
endfacet
facet normal 0.299316281546377 0.391516128410709 -0.870129234536767
   outer loop
      vertex 0.111501745890800 0.492689835241026 0.030894905175633
      vertex 0.056705508847510 0.490052465866616 0.010858825626518
      vertex 0.056340117413101 0.492694839268057 0.011922074810398
   endloop
endfacet
facet normal 0.945618553149808 -0.000086637398039 0.325277642073391
   outer loop
      vertex 0.331573097159317 0.494931379098364 0.108459731592509
      vertex 0.330884835210355 0.477605818682450 0.110455971551556
      vertex 0.331620496447960 0.479375779635566 0.108317793329814
   endloop
endfacet
facet normal 0.256167047091336 0.616370140607178 -0.744624934952082
   outer loop
      vertex 0.166087915802890 0.494946183154510 0.051541438373032
      vertex 0.111501745890800 0.492689835241026 0.030894905175633
      vertex 0.110926289333893 0.494951086150536 0.032568706945662
   endloop
endfacet
facet normal 0.945619545970602 -0.000087009402039 0.325274755718481
   outer loop
      vertex 0.330826745086882 0.496657452964950 0.110629943944113
      vertex 0.330884835210355 0.477605818682450 0.110455971551556
      vertex 0.331573097159317 0.494931379098364 0.108459731592509
   endloop
endfacet
facet normal 0.127277844347929 -0.920156760671760 -0.370286221898949
   outer loop
      vertex -0.220732035387189 0.477655139809849 -0.079271639534740
      vertex -0.276753209090575 0.476535675897041 -0.095745846724590
      vertex -0.275893711863243 0.477660042657125 -0.098244450957562
   endloop
endfacet
facet normal 0.259881066114233 -0.601095175104985 -0.755742298631510
   outer loop
      vertex -0.109111425264678 0.481710085877010 -0.045096624062330
      vertex -0.164834747701753 0.479420198823282 -0.062437186323531
      vertex -0.164273153701452 0.481715086860054 -0.064069354432980
   endloop
endfacet
facet normal 0.039426405591631 0.992655844315831 -0.114367535987045
   outer loop
      vertex 0.329033560406314 0.498078183244176 0.115844022300359
      vertex 0.274798915375793 0.497735801881203 0.094175775698349
      vertex 0.273871831969540 0.498083184227220 0.096871291929709
   endloop
endfacet
facet normal 0.945627814198391 -0.000086764687004 0.325250717887390
   outer loop
      vertex 0.330826745086882 0.496657452964950 0.110629943944113
      vertex 0.330025317995441 0.476481451102300 0.112954615782328
      vertex 0.330884835210355 0.477605818682450 0.110455971551556
   endloop
endfacet
facet normal -0.045472784664218 0.990143446016075 0.132469551846053
   outer loop
      vertex 0.328108676299607 0.497675991434072 0.118532719620074
      vertex 0.329033560406314 0.498078183244176 0.115844022300359
      vertex 0.273871831969540 0.498083184227220 0.096871291929709
   endloop
endfacet
facet normal 0.945623974297910 -0.000085325821661 0.325261882108139
   outer loop
      vertex 0.329960543832325 0.497730798910513 0.113148506069165
      vertex 0.330025317995441 0.476481451102300 0.112954615782328
      vertex 0.330826745086882 0.496657452964950 0.110629943944113
   endloop
endfacet
facet normal -0.256172288668648 -0.616349544709010 0.744640179721228
   outer loop
      vertex 0.161075915739793 0.479240871469443 0.066109310590086
      vertex 0.105338832692723 0.481507026431321 0.048810280938327
      vertex 0.105914289270796 0.479245774465469 0.047136579162716
   endloop
endfacet
facet normal -0.121649882644746 -0.927510591873132 0.353447885855428
   outer loop
      vertex 0.217850095535783 0.476436548661269 0.080393267540799
      vertex 0.161822267812228 0.477514797602857 0.063939098238481
      vertex 0.162688369086541 0.476441449669649 0.061420536113595
   endloop
endfacet
facet normal -0.121645412011356 -0.927517142655584 0.353432233697790
   outer loop
      vertex 0.162688369086541 0.476441449669649 0.061420536113595
      vertex 0.106660541362987 0.477519698611237 0.044966366811277
      vertex 0.107526742596377 0.476446353722016 0.042447704691807
   endloop
endfacet
facet normal -0.121645412011360 -0.927517142655598 0.353432233697750
   outer loop
      vertex 0.052365014159601 0.476451354705060 0.023474974321157
      vertex -0.003662813563954 0.477529603646649 0.007020805018839
      vertex -0.002796612330563 0.476456258757427 0.004502142899369
   endloop
endfacet
facet normal -0.121644596217209 -0.927517142727582 0.353432514290372
   outer loop
      vertex -0.002796612330563 0.476456258757427 0.004502142899369
      vertex -0.058824540013195 0.477534504655028 -0.011951926408365
      vertex -0.057958338779805 0.476461159765808 -0.014470588527835
   endloop
endfacet
facet normal 0.256164739084828 0.616377499867979 -0.744619637201506
   outer loop
      vertex 0.221249642252132 0.494941282146129 0.070514169800236
      vertex 0.166663472340041 0.492684934232645 0.049867636602836
      vertex 0.166087915802890 0.494946183154510 0.051541438373032
   endloop
endfacet
facet normal -0.195577195196118 -0.799155503084548 0.568418897125089
   outer loop
      vertex 0.272145622739169 0.477504892567446 0.101884660030920
      vertex 0.216237642189035 0.479235970461064 0.085082042017290
      vertex 0.216983896289925 0.477509793575825 0.082911928603716
   endloop
endfacet
facet normal 0.301643008855734 -0.373777959060504 -0.877098359666135
   outer loop
      vertex -0.163923826131896 0.484378527592023 -0.065084249982501
      vertex -0.164273153701452 0.481715086860054 -0.064069354432980
      vertex -0.219434780170449 0.481719989856079 -0.083042085860350
   endloop
endfacet
facet normal -0.299307351437031 -0.391566035913473 0.870109848751730
   outer loop
      vertex -0.170469703590644 0.481531735522878 -0.046053574073587
      vertex -0.225996819465596 0.484178908901693 -0.063962957379048
      vertex -0.225631330059642 0.481536638518904 -0.065026305500958
   endloop
endfacet
facet normal -0.945629225977542 0.000084468884611 -0.325246613882640
   outer loop
      vertex -0.331113502456540 0.496716679852455 -0.117043338928446
      vertex -0.330319795082536 0.479435005437238 -0.119355469543788
      vertex -0.331055401314073 0.477665044732254 -0.117217211326603
   endloop
endfacet
facet normal -0.945628588039331 0.000084746322612 -0.325248468560271
   outer loop
      vertex -0.331113502456540 0.496716679852455 -0.117043338928446
      vertex -0.330367234354810 0.494990603682442 -0.119213491283260
      vertex -0.330319795082536 0.479435005437238 -0.119355469543788
   endloop
endfacet
facet normal -0.945628855698818 0.000084656904597 -0.325247690388346
   outer loop
      vertex -0.332906779099882 0.498137407352339 -0.111829170577071
      vertex -0.331979694691708 0.497790024920563 -0.114524676808990
      vertex -0.331914891544904 0.476540678216939 -0.114718617093084
   endloop
endfacet
facet normal -0.322847688004455 0.120985343964862 0.938686271816032
   outer loop
      vertex 0.104842703289572 0.486992601725144 0.050254012963714
      vertex 0.049794239975519 0.489848046142570 0.030952850713729
      vertex 0.049680974852795 0.486997602708188 0.031281282593063
   endloop
endfacet
facet normal 0.299306853712997 0.391566035959602 -0.870110019941909
   outer loop
      vertex 0.056340117413101 0.492694839268057 0.011922074810398
      vertex 0.001543880369813 0.490057469893647 -0.008114004738716
      vertex 0.001178390963859 0.492699740276436 -0.007050656616805
   endloop
endfacet
facet normal 0.945627964052819 -0.000085207819810 0.325250282614709
   outer loop
      vertex 0.328108676299607 0.497675991434072 0.118532719620074
      vertex 0.327307249229333 0.477499988515079 0.120857491452707
      vertex 0.328173450462723 0.476426643625857 0.118338829333237
   endloop
endfacet
facet normal -0.945630677564008 0.000084951895487 -0.325242393351497
   outer loop
      vertex -0.329426254385966 0.490087082432136 -0.121950581178605
      vertex -0.329295669384254 0.487243776744800 -0.122330995080316
      vertex -0.329408890513553 0.484393334079348 -0.122002553201613
   endloop
endfacet
facet normal -0.301642378344305 0.373777959000343 0.877098576530785
   outer loop
      vertex -0.005367486494890 0.489852948207292 0.011980019292108
      vertex -0.060179787381863 0.492521391909950 -0.008007606628229
      vertex -0.060529114951420 0.489857951177981 -0.006992711078709
   endloop
endfacet
facet normal -0.945628522811923 0.000085015651057 -0.325248658132327
   outer loop
      vertex -0.329791744798073 0.492729353111952 -0.120887263055019
      vertex -0.329426254385966 0.490087082432136 -0.121950581178605
      vertex -0.329408890513553 0.484393334079348 -0.122002553201613
   endloop
endfacet
facet normal -0.945628674174183 0.000084846740823 -0.325248218105200
   outer loop
      vertex -0.330367234354810 0.494990603682442 -0.119213491283260
      vertex -0.329791744798073 0.492729353111952 -0.120887263055019
      vertex -0.329758201086468 0.481729893685278 -0.120987657652121
   endloop
endfacet
facet normal 0.322052991659007 0.140046961584627 -0.936305889714680
   outer loop
      vertex 0.001674420386765 0.487214162994968 -0.008494388642026
      vertex -0.053487206082232 0.487219065990994 -0.027467120069396
      vertex 0.001543880369813 0.490057469893647 -0.008114004738716
   endloop
endfacet
facet normal -0.945629099551814 0.000084472624766 -0.325246981454404
   outer loop
      vertex -0.331979694691708 0.497790024920563 -0.114524676808990
      vertex -0.331113502456540 0.496716679852455 -0.117043338928446
      vertex -0.331055401314073 0.477665044732254 -0.117217211326603
   endloop
endfacet
facet normal 0.322053671479901 0.140058159878340 -0.936303980840522
   outer loop
      vertex -0.108779472548428 0.490067273898052 -0.046059467593290
      vertex -0.163810561009172 0.487228971026405 -0.065412681861835
      vertex -0.163941201006369 0.490072275937438 -0.065032297958358
   endloop
endfacet
facet normal -0.301641901496691 0.373777958954779 0.877098740542398
   outer loop
      vertex -0.170852467890827 0.489867756238728 -0.044938273927701
      vertex -0.225664868758045 0.492536197953741 -0.064925899847872
      vertex -0.226014196327602 0.489872757221772 -0.063911004298352
   endloop
endfacet
facet normal -0.945629264556148 0.000084629772441 -0.325246501676498
   outer loop
      vertex -0.332906779099882 0.498137407352339 -0.111829170577071
      vertex -0.332839690474793 0.476138488417211 -0.112029949771836
      vertex -0.333831578027655 0.497735217446977 -0.109140493256381
   endloop
endfacet
facet normal -0.945629208315914 0.000084830937628 -0.325246665138214
   outer loop
      vertex -0.335988268686051 0.492546001974661 -0.102871452697344
      vertex -0.335954724974446 0.481546542547988 -0.102971847294446
      vertex -0.336337578259164 0.489882561600468 -0.101856557147854
   endloop
endfacet
facet normal -0.195570054059827 -0.799172020984824 0.568398130565247
   outer loop
      vertex -0.169147894940136 0.477544409690440 -0.049897488200804
      vertex -0.225055873502735 0.479275387609394 -0.066700107270987
      vertex -0.224309621389378 0.477549310698820 -0.068870219628008
   endloop
endfacet
facet normal -0.945627033405214 0.000085059719434 -0.325252988392264
   outer loop
      vertex -0.336337578259164 0.489882561600468 -0.101856557147854
      vertex -0.336320214386750 0.484188813247680 -0.101908529170862
      vertex -0.336450800390382 0.487032119020774 -0.101528125268591
   endloop
endfacet
facet normal 0.322848429923604 -0.120985344042776 -0.938686016633206
   outer loop
      vertex 0.277482854702354 0.487189551890429 0.086369467426609
      vertex 0.222207963110633 0.484344011452073 0.067725167878573
      vertex 0.222321228233356 0.487194454886455 0.067396735999239
   endloop
endfacet
facet normal -0.195564834258018 -0.799184094118966 0.568382951282744
   outer loop
      vertex 0.161822267812228 0.477514797602857 0.063939098238481
      vertex 0.105914289270796 0.479245774465469 0.047136579162716
      vertex 0.106660541362987 0.477519698611237 0.044966366811277
   endloop
endfacet
facet normal -0.945629103541886 0.000084522131746 -0.325246969840732
   outer loop
      vertex -0.334691067460761 0.496610851053197 -0.106641909022305
      vertex -0.334632967318096 0.477559215913119 -0.106815781420461
      vertex -0.335426674692100 0.494840890328336 -0.104503650805119
   endloop
endfacet
facet normal 0.945639515820365 -0.000070830802994 0.325216698682620
   outer loop
      vertex 0.332513943163100 0.490027854762077 0.105722681695153
      vertex 0.332531417996651 0.484334109460649 0.105670629676426
      vertex 0.332644583139130 0.487184550907385 0.105342197797258
   endloop
endfacet
facet normal -0.045476248237364 0.990142725388446 0.132473749122588
   outer loop
      vertex 0.217785321372666 0.497685896469482 0.080587157827636
      vertex 0.218710105520296 0.498088085235600 0.077898560502505
      vertex 0.163548379049887 0.498092987300321 0.058925729080883
   endloop
endfacet
facet normal 0.195567853032020 0.799178942694162 -0.568389155785618
   outer loop
      vertex -0.220790127519362 0.496706875123356 -0.079097766080048
      vertex -0.275205541892500 0.494985701681359 -0.100240729857674
      vertex -0.275951813991324 0.496711777666233 -0.098070567503411
   endloop
endfacet
facet normal -0.945628928502939 0.000084839216225 -0.325247478669230
   outer loop
      vertex -0.329791744798073 0.492729353111952 -0.120887263055019
      vertex -0.329408890513553 0.484393334079348 -0.122002553201613
      vertex -0.329758201086468 0.481729893685278 -0.120987657652121
   endloop
endfacet
facet normal -0.299310728234039 -0.391538025097316 0.870121292043186
   outer loop
      vertex 0.215662185632128 0.481497221370574 0.086755843787320
      vertex 0.160134969755766 0.484144393818085 0.068846360487607
      vertex 0.160500459182887 0.481502122378953 0.067783112360116
   endloop
endfacet
facet normal 0.945630529687014 -0.000077094044322 0.325242825255787
   outer loop
      vertex 0.332148453735979 0.492670126201208 0.106785929822644
      vertex 0.331620496447960 0.479375779635566 0.108317793329814
      vertex 0.332182090427095 0.481670668728680 0.106685525225946
   endloop
endfacet
facet normal -0.256168807466130 -0.616370140428984 0.744624329490338
   outer loop
      vertex 0.271399370646978 0.479230968421678 0.104054872382358
      vertex 0.215662185632128 0.481497221370574 0.086755843787320
      vertex 0.216237642189035 0.479235970461064 0.085082042017290
   endloop
endfacet
facet normal 0.945631631234033 -0.000085099354765 0.325239620538090
   outer loop
      vertex 0.329960543832325 0.497730798910513 0.113148506069165
      vertex 0.329100533868978 0.476079261279840 0.115643313101878
      vertex 0.330025317995441 0.476481451102300 0.112954615782328
   endloop
endfacet
facet normal -0.121636413383936 -0.927529132172322 0.353403865161025
   outer loop
      vertex 0.273011823972560 0.476431547678225 0.099365997911449
      vertex 0.216983896289925 0.477509793575825 0.082911928603716
      vertex 0.217850095535783 0.476436548661269 0.080393267540799
   endloop
endfacet
facet normal -0.121636413384076 -0.927529132172158 0.353403865161406
   outer loop
      vertex 0.107526742596377 0.476446353722016 0.042447704691807
      vertex 0.051498814913743 0.477524599619618 0.025993635384073
      vertex 0.052365014159601 0.476451354705060 0.023474974321157
   endloop
endfacet
facet normal -0.045474682259052 0.990143320404065 0.132469839332020
   outer loop
      vertex 0.272947047843077 0.497680994404761 0.099559989249257
      vertex 0.273871831969540 0.498083184227220 0.096871291929709
      vertex 0.218710105520296 0.498088085235600 0.077898560502505
   endloop
endfacet
facet normal -0.195567391118480 -0.799184093871001 0.568382071880085
   outer loop
      vertex -0.113986266462439 0.477539405663408 -0.030924657835569
      vertex -0.169894147032327 0.479270485544672 -0.047727275849365
      vertex -0.169147894940136 0.477544409690440 -0.049897488200804
   endloop
endfacet
facet normal -0.121635169262876 -0.927530954952153 0.353399509343094
   outer loop
      vertex -0.057958338779805 0.476461159765808 -0.014470588527835
      vertex -0.113986266462439 0.477539405663408 -0.030924657835569
      vertex -0.113119967236337 0.476466162736497 -0.033443318898651
   endloop
endfacet
facet normal -0.121645184967209 -0.927517142675709 0.353432311789659
   outer loop
      vertex -0.113119967236337 0.476466162736497 -0.033443318898651
      vertex -0.169147894940136 0.477544409690440 -0.049897488200804
      vertex -0.168281693706745 0.476471064801218 -0.052416150320274
   endloop
endfacet
facet normal -0.121644596217325 -0.927517142727432 0.353432514290726
   outer loop
      vertex -0.168281693706745 0.476471064801218 -0.052416150320274
      vertex -0.224309621389378 0.477549310698820 -0.068870219628008
      vertex -0.223443420155987 0.476475965809599 -0.071388881747478
   endloop
endfacet
facet normal -0.121645468316145 -0.927516960357318 0.353432692726165
   outer loop
      vertex -0.223443420155987 0.476475965809599 -0.071388881747478
      vertex -0.279471277873616 0.477554214154894 -0.087843051049746
      vertex -0.278605086638250 0.476480869066908 -0.090361713169199
   endloop
endfacet
facet normal -0.195565477785949 -0.799188519174088 0.568376507887758
   outer loop
      vertex 0.216983896289925 0.477509793575825 0.082911928603716
      vertex 0.161075915739793 0.479240871469443 0.066109310590086
      vertex 0.161822267812228 0.477514797602857 0.063939098238481
   endloop
endfacet
facet normal -0.195567391118417 -0.799184093871128 0.568382071879928
   outer loop
      vertex 0.051498814913743 0.477524599619618 0.025993635384073
      vertex -0.004409065656145 0.479255679500881 0.009191017370279
      vertex -0.003662813563954 0.477529603646649 0.007020805018839
   endloop
endfacet
facet normal -0.195570054059842 -0.799172020984745 0.568398130565354
   outer loop
      vertex -0.003662813563954 0.477529603646649 0.007020805018839
      vertex -0.059570792126553 0.479260581565602 -0.009781814051345
      vertex -0.058824540013195 0.477534504655028 -0.011951926408365
   endloop
endfacet
facet normal -0.322052477366375 -0.140058159959660 0.936304391558052
   outer loop
      vertex 0.270458322695174 0.484134588757337 0.106791923336599
      vertex 0.215166056228978 0.486982796664397 0.088199575812706
      vertex 0.215296696226175 0.484139491753363 0.087819191909229
   endloop
endfacet
facet normal -0.256168807466180 -0.616370140428790 0.744624329490481
   outer loop
      vertex 0.105914289270796 0.479245774465469 0.047136579162716
      vertex 0.050177104255946 0.481512027414365 0.029837550567676
      vertex 0.050752560812853 0.479250776504855 0.028163748797647
   endloop
endfacet
facet normal -0.945628928216717 0.000084736258144 -0.325247479528235
   outer loop
      vertex -0.330367234354810 0.494990603682442 -0.119213491283260
      vertex -0.329758201086468 0.481729893685278 -0.120987657652121
      vertex -0.330319795082536 0.479435005437238 -0.119355469543788
   endloop
endfacet
end solid no_name
