TITLE  Elbow
EXPLICIT
NO
         1
    8.00000e-01
    2.00000e-01
    0.00000e+00
NO
restart
         0
NO
NO
NO
NO
NO
VOF
0
2
0.3
    1.80000e-05     1.00000e+00     1.00000e+00     0.00000e+00
COUPLING
1
2
3
        0.00000,        1.00000,        0.00100
        50
    2.00000e-02
    0.00000e+00
    0.00000e+00
    0.00000e+00
   -1.00000e+00
    0.00000e+00
         1
      2000      2916
CONNECTIVITY
         1         8         1        42        38        50        64        31        26        36        47
         2         8         1        55        42        64        78        41        31        47        63
         3         8         1        68        55        78        85        53        41        63        73
         4         8         1        84        68        85        90        72        53        73        80
         5         8         1        91        84        90        94        79        72        80        83
         6         8         1        29        28        38        42        17        15        26        31
         7         8         1        34        29        42        55        24        17        31        41
         8         8         1        44        34        55        68        35        24        41        53
         9         8         1        69        44        68        84        54        35        53        72
        10         8         1        86        69        84        91        74        54        72        79
        11         8         1        18        21        28        29         6         8        15        17
        12         8         1        22        18        29        34         9         6        17        24
        13         8         1        33        22        34        44        23         9        24        35
        14         8         1        56        33        44        69        40        23        35        54
        15         8         1        77        56        69        86        62        40        54        74
        16         8         1        11        12        21        18         2         4         8         6
        17         8         1        19        11        18        22         5         2         6         9
        18         8         1        30        19        22        33        16         5         9        23
        19         8         1        43        30        33        56        32        16        23        40
        20         8         1        65        43        56        77        48        32        40        62
        21         8         1        13        10        12        11         3         1         4         2
        22         8         1        20        13        11        19         7         3         2         5
        23         8         1        27        20        19        30        14         7         5        16
        24         8         1        39        27        30        43        25        14        16        32
        25         8         1        49        39        43        65        37        25        32        48
        26         8         1        87        81        93        97        42        38        50        64
        27         8         1        95        87        97       102        55        42        64        78
        28         8         1        99        95       102       112        68        55        78        85
        29         8         1       107        99       112       115        84        68        85        90
        30         8         1       116       107       115       117        91        84        90        94
        31         8         1        70        67        81        87        29        28        38        42
        32         8         1        76        70        87        95        34        29        42        55
        33         8         1        89        76        95        99        44        34        55        68
        34         8         1       100        89        99       107        69        44        68        84
        35         8         1       113       100       107       116        86        69        84        91
        36         8         1        57        60        67        70        18        21        28        29
        37         8         1        61        57        70        76        22        18        29        34
        38         8         1        75        61        76        89        33        22        34        44
        39         8         1        96        75        89       100        56        33        44        69
        40         8         1       101        96       100       113        77        56        69        86
        41         8         1        46        51        60        57        11        12        21        18
        42         8         1        58        46        57        61        19        11        18        22
        43         8         1        71        58        61        75        30        19        22        33
        44         8         1        88        71        75        96        43        30        33        56
        45         8         1        98        88        96       101        65        43        56        77
        46         8         1        52        45        51        46        13        10        12        11
        47         8         1        59        52        46        58        20        13        11        19
        48         8         1        66        59        58        71        27        20        19        30
        49         8         1        82        66        71        88        39        27        30        43
        50         8         1        92        82        88        98        49        39        43        65
        51         8         1       126       124       129       133        87        81        93        97
        52         8         1       131       126       133       138        95        87        97       102
        53         8         1       135       131       138       140        99        95       102       112
        54         8         1       139       135       140       142       107        99       112       115
        55         8         1       143       139       142       144       116       107       115       117
        56         8         1       120       119       124       126        70        67        81        87
        57         8         1       123       120       126       131        76        70        87        95
        58         8         1       128       123       131       135        89        76        95        99
        59         8         1       136       128       135       139       100        89        99       107
        60         8         1       141       136       139       143       113       100       107       116
        61         8         1       108       111       119       120        57        60        67        70
        62         8         1       114       108       120       123        61        57        70        76
        63         8         1       122       114       123       128        75        61        76        89
        64         8         1       132       122       128       136        96        75        89       100
        65         8         1       137       132       136       141       101        96       100       113
        66         8         1       104       105       111       108        46        51        60        57
        67         8         1       109       104       108       114        58        46        57        61
        68         8         1       121       109       114       122        71        58        61        75
        69         8         1       127       121       122       132        88        71        75        96
        70         8         1       134       127       132       137        98        88        96       101
        71         8         1       106       103       105       104        52        45        51        46
        72         8         1       110       106       104       109        59        52        46        58
        73         8         1       118       110       109       121        66        59        58        71
        74         8         1       125       118       121       127        82        66        71        88
        75         8         1       130       125       127       134        92        82        88        98
        76         8         1       162       160       166       169       126       124       129       133
        77         8         1       167       162       169       174       131       126       133       138
        78         8         1       171       167       174       176       135       131       138       140
        79         8         1       175       171       176       178       139       135       140       142
        80         8         1       179       175       178       180       143       139       142       144
        81         8         1       156       155       160       162       120       119       124       126
        82         8         1       159       156       162       167       123       120       126       131
        83         8         1       164       159       167       171       128       123       131       135
        84         8         1       172       164       171       175       136       128       135       139
        85         8         1       177       172       175       179       141       136       139       143
        86         8         1       149       152       155       156       108       111       119       120
        87         8         1       153       149       156       159       114       108       120       123
        88         8         1       158       153       159       164       122       114       123       128
        89         8         1       168       158       164       172       132       122       128       136
        90         8         1       173       168       172       177       137       132       136       141
        91         8         1       146       147       152       149       104       105       111       108
        92         8         1       150       146       149       153       109       104       108       114
        93         8         1       157       150       153       158       121       109       114       122
        94         8         1       163       157       158       168       127       121       122       132
        95         8         1       170       163       168       173       134       127       132       137
        96         8         1       148       145       147       146       106       103       105       104
        97         8         1       151       148       146       150       110       106       104       109
        98         8         1       154       151       150       157       118       110       109       121
        99         8         1       161       154       157       163       125       118       121       127
       100         8         1       165       161       163       170       130       125       127       134
       101         8         1       198       196       202       205       162       160       166       169
       102         8         1       203       198       205       210       167       162       169       174
       103         8         1       207       203       210       212       171       167       174       176
       104         8         1       211       207       212       214       175       171       176       178
       105         8         1       215       211       214       216       179       175       178       180
       106         8         1       192       191       196       198       156       155       160       162
       107         8         1       195       192       198       203       159       156       162       167
       108         8         1       200       195       203       207       164       159       167       171
       109         8         1       208       200       207       211       172       164       171       175
       110         8         1       213       208       211       215       177       172       175       179
       111         8         1       185       188       191       192       149       152       155       156
       112         8         1       189       185       192       195       153       149       156       159
       113         8         1       194       189       195       200       158       153       159       164
       114         8         1       204       194       200       208       168       158       164       172
       115         8         1       209       204       208       213       173       168       172       177
       116         8         1       182       183       188       185       146       147       152       149
       117         8         1       186       182       185       189       150       146       149       153
       118         8         1       193       186       189       194       157       150       153       158
       119         8         1       199       193       194       204       163       157       158       168
       120         8         1       206       199       204       209       170       163       168       173
       121         8         1       184       181       183       182       148       145       147       146
       122         8         1       187       184       182       186       151       148       146       150
       123         8         1       190       187       186       193       154       151       150       157
       124         8         1       197       190       193       199       161       154       157       163
       125         8         1       201       197       199       206       165       161       163       170
       126         8         1       234       232       238       241       198       196       202       205
       127         8         1       239       234       241       246       203       198       205       210
       128         8         1       243       239       246       248       207       203       210       212
       129         8         1       247       243       248       250       211       207       212       214
       130         8         1       251       247       250       252       215       211       214       216
       131         8         1       228       227       232       234       192       191       196       198
       132         8         1       231       228       234       239       195       192       198       203
       133         8         1       236       231       239       243       200       195       203       207
       134         8         1       244       236       243       247       208       200       207       211
       135         8         1       249       244       247       251       213       208       211       215
       136         8         1       221       224       227       228       185       188       191       192
       137         8         1       225       221       228       231       189       185       192       195
       138         8         1       230       225       231       236       194       189       195       200
       139         8         1       240       230       236       244       204       194       200       208
       140         8         1       245       240       244       249       209       204       208       213
       141         8         1       218       219       224       221       182       183       188       185
       142         8         1       222       218       221       225       186       182       185       189
       143         8         1       229       222       225       230       193       186       189       194
       144         8         1       235       229       230       240       199       193       194       204
       145         8         1       242       235       240       245       206       199       204       209
       146         8         1       220       217       219       218       184       181       183       182
       147         8         1       223       220       218       222       187       184       182       186
       148         8         1       226       223       222       229       190       187       186       193
       149         8         1       233       226       229       235       197       190       193       199
       150         8         1       237       233       235       242       201       197       199       206
       151         8         1       270       268       274       277       234       232       238       241
       152         8         1       275       270       277       282       239       234       241       246
       153         8         1       279       275       282       284       243       239       246       248
       154         8         1       283       279       284       286       247       243       248       250
       155         8         1       287       283       286       288       251       247       250       252
       156         8         1       264       263       268       270       228       227       232       234
       157         8         1       267       264       270       275       231       228       234       239
       158         8         1       272       267       275       279       236       231       239       243
       159         8         1       280       272       279       283       244       236       243       247
       160         8         1       285       280       283       287       249       244       247       251
       161         8         1       257       260       263       264       221       224       227       228
       162         8         1       261       257       264       267       225       221       228       231
       163         8         1       266       261       267       272       230       225       231       236
       164         8         1       276       266       272       280       240       230       236       244
       165         8         1       281       276       280       285       245       240       244       249
       166         8         1       254       255       260       257       218       219       224       221
       167         8         1       258       254       257       261       222       218       221       225
       168         8         1       265       258       261       266       229       222       225       230
       169         8         1       271       265       266       276       235       229       230       240
       170         8         1       278       271       276       281       242       235       240       245
       171         8         1       256       253       255       254       220       217       219       218
       172         8         1       259       256       254       258       223       220       218       222
       173         8         1       262       259       258       265       226       223       222       229
       174         8         1       269       262       265       271       233       226       229       235
       175         8         1       273       269       271       278       237       233       235       242
       176         8         1       306       304       310       313       270       268       274       277
       177         8         1       311       306       313       318       275       270       277       282
       178         8         1       315       311       318       320       279       275       282       284
       179         8         1       319       315       320       322       283       279       284       286
       180         8         1       323       319       322       324       287       283       286       288
       181         8         1       300       299       304       306       264       263       268       270
       182         8         1       303       300       306       311       267       264       270       275
       183         8         1       308       303       311       315       272       267       275       279
       184         8         1       316       308       315       319       280       272       279       283
       185         8         1       321       316       319       323       285       280       283       287
       186         8         1       293       296       299       300       257       260       263       264
       187         8         1       297       293       300       303       261       257       264       267
       188         8         1       302       297       303       308       266       261       267       272
       189         8         1       312       302       308       316       276       266       272       280
       190         8         1       317       312       316       321       281       276       280       285
       191         8         1       290       291       296       293       254       255       260       257
       192         8         1       294       290       293       297       258       254       257       261
       193         8         1       301       294       297       302       265       258       261       266
       194         8         1       307       301       302       312       271       265       266       276
       195         8         1       314       307       312       317       278       271       276       281
       196         8         1       292       289       291       290       256       253       255       254
       197         8         1       295       292       290       294       259       256       254       258
       198         8         1       298       295       294       301       262       259       258       265
       199         8         1       305       298       301       307       269       262       265       271
       200         8         1       309       305       307       314       273       269       271       278
       201         8         1       342       340       346       349       306       304       310       313
       202         8         1       347       342       349       354       311       306       313       318
       203         8         1       351       347       354       356       315       311       318       320
       204         8         1       355       351       356       358       319       315       320       322
       205         8         1       359       355       358       360       323       319       322       324
       206         8         1       336       335       340       342       300       299       304       306
       207         8         1       339       336       342       347       303       300       306       311
       208         8         1       344       339       347       351       308       303       311       315
       209         8         1       352       344       351       355       316       308       315       319
       210         8         1       357       352       355       359       321       316       319       323
       211         8         1       329       332       335       336       293       296       299       300
       212         8         1       333       329       336       339       297       293       300       303
       213         8         1       338       333       339       344       302       297       303       308
       214         8         1       348       338       344       352       312       302       308       316
       215         8         1       353       348       352       357       317       312       316       321
       216         8         1       326       327       332       329       290       291       296       293
       217         8         1       330       326       329       333       294       290       293       297
       218         8         1       337       330       333       338       301       294       297       302
       219         8         1       343       337       338       348       307       301       302       312
       220         8         1       350       343       348       353       314       307       312       317
       221         8         1       328       325       327       326       292       289       291       290
       222         8         1       331       328       326       330       295       292       290       294
       223         8         1       334       331       330       337       298       295       294       301
       224         8         1       341       334       337       343       305       298       301       307
       225         8         1       345       341       343       350       309       305       307       314
       226         8         1       378       376       382       385       342       340       346       349
       227         8         1       383       378       385       390       347       342       349       354
       228         8         1       387       383       390       392       351       347       354       356
       229         8         1       391       387       392       394       355       351       356       358
       230         8         1       395       391       394       396       359       355       358       360
       231         8         1       372       371       376       378       336       335       340       342
       232         8         1       375       372       378       383       339       336       342       347
       233         8         1       380       375       383       387       344       339       347       351
       234         8         1       388       380       387       391       352       344       351       355
       235         8         1       393       388       391       395       357       352       355       359
       236         8         1       365       368       371       372       329       332       335       336
       237         8         1       369       365       372       375       333       329       336       339
       238         8         1       374       369       375       380       338       333       339       344
       239         8         1       384       374       380       388       348       338       344       352
       240         8         1       389       384       388       393       353       348       352       357
       241         8         1       362       363       368       365       326       327       332       329
       242         8         1       366       362       365       369       330       326       329       333
       243         8         1       373       366       369       374       337       330       333       338
       244         8         1       379       373       374       384       343       337       338       348
       245         8         1       386       379       384       389       350       343       348       353
       246         8         1       364       361       363       362       328       325       327       326
       247         8         1       367       364       362       366       331       328       326       330
       248         8         1       370       367       366       373       334       331       330       337
       249         8         1       377       370       373       379       341       334       337       343
       250         8         1       381       377       379       386       345       341       343       350
       251         8         1       414       412       418       421       378       376       382       385
       252         8         1       419       414       421       426       383       378       385       390
       253         8         1       423       419       426       428       387       383       390       392
       254         8         1       427       423       428       430       391       387       392       394
       255         8         1       431       427       430       432       395       391       394       396
       256         8         1       408       407       412       414       372       371       376       378
       257         8         1       411       408       414       419       375       372       378       383
       258         8         1       416       411       419       423       380       375       383       387
       259         8         1       424       416       423       427       388       380       387       391
       260         8         1       429       424       427       431       393       388       391       395
       261         8         1       401       404       407       408       365       368       371       372
       262         8         1       405       401       408       411       369       365       372       375
       263         8         1       410       405       411       416       374       369       375       380
       264         8         1       420       410       416       424       384       374       380       388
       265         8         1       425       420       424       429       389       384       388       393
       266         8         1       398       399       404       401       362       363       368       365
       267         8         1       402       398       401       405       366       362       365       369
       268         8         1       409       402       405       410       373       366       369       374
       269         8         1       415       409       410       420       379       373       374       384
       270         8         1       422       415       420       425       386       379       384       389
       271         8         1       400       397       399       398       364       361       363       362
       272         8         1       403       400       398       402       367       364       362       366
       273         8         1       406       403       402       409       370       367       366       373
       274         8         1       413       406       409       415       377       370       373       379
       275         8         1       417       413       415       422       381       377       379       386
       276         8         1       450       448       454       457       414       412       418       421
       277         8         1       455       450       457       462       419       414       421       426
       278         8         1       459       455       462       464       423       419       426       428
       279         8         1       463       459       464       466       427       423       428       430
       280         8         1       467       463       466       468       431       427       430       432
       281         8         1       444       443       448       450       408       407       412       414
       282         8         1       447       444       450       455       411       408       414       419
       283         8         1       452       447       455       459       416       411       419       423
       284         8         1       460       452       459       463       424       416       423       427
       285         8         1       465       460       463       467       429       424       427       431
       286         8         1       437       440       443       444       401       404       407       408
       287         8         1       441       437       444       447       405       401       408       411
       288         8         1       446       441       447       452       410       405       411       416
       289         8         1       456       446       452       460       420       410       416       424
       290         8         1       461       456       460       465       425       420       424       429
       291         8         1       434       435       440       437       398       399       404       401
       292         8         1       438       434       437       441       402       398       401       405
       293         8         1       445       438       441       446       409       402       405       410
       294         8         1       451       445       446       456       415       409       410       420
       295         8         1       458       451       456       461       422       415       420       425
       296         8         1       436       433       435       434       400       397       399       398
       297         8         1       439       436       434       438       403       400       398       402
       298         8         1       442       439       438       445       406       403       402       409
       299         8         1       449       442       445       451       413       406       409       415
       300         8         1       453       449       451       458       417       413       415       422
       301         8         1       486       484       489       493       450       448       454       457
       302         8         1       491       486       493       498       455       450       457       462
       303         8         1       495       491       498       500       459       455       462       464
       304         8         1       499       495       500       502       463       459       464       466
       305         8         1       503       499       502       504       467       463       466       468
       306         8         1       480       479       484       486       444       443       448       450
       307         8         1       483       480       486       491       447       444       450       455
       308         8         1       488       483       491       495       452       447       455       459
       309         8         1       496       488       495       499       460       452       459       463
       310         8         1       501       496       499       503       465       460       463       467
       311         8         1       473       476       479       480       437       440       443       444
       312         8         1       477       473       480       483       441       437       444       447
       313         8         1       482       477       483       488       446       441       447       452
       314         8         1       492       482       488       496       456       446       452       460
       315         8         1       497       492       496       501       461       456       460       465
       316         8         1       470       471       476       473       434       435       440       437
       317         8         1       474       470       473       477       438       434       437       441
       318         8         1       481       474       477       482       445       438       441       446
       319         8         1       487       481       482       492       451       445       446       456
       320         8         1       494       487       492       497       458       451       456       461
       321         8         1       472       469       471       470       436       433       435       434
       322         8         1       475       472       470       474       439       436       434       438
       323         8         1       478       475       474       481       442       439       438       445
       324         8         1       485       478       481       487       449       442       445       451
       325         8         1       490       485       487       494       453       449       451       458
       326         8         1       522       520       525       529       486       484       489       493
       327         8         1       527       522       529       534       491       486       493       498
       328         8         1       531       527       534       536       495       491       498       500
       329         8         1       535       531       536       538       499       495       500       502
       330         8         1       539       535       538       540       503       499       502       504
       331         8         1       516       515       520       522       480       479       484       486
       332         8         1       519       516       522       527       483       480       486       491
       333         8         1       524       519       527       531       488       483       491       495
       334         8         1       532       524       531       535       496       488       495       499
       335         8         1       537       532       535       539       501       496       499       503
       336         8         1       509       512       515       516       473       476       479       480
       337         8         1       513       509       516       519       477       473       480       483
       338         8         1       518       513       519       524       482       477       483       488
       339         8         1       528       518       524       532       492       482       488       496
       340         8         1       533       528       532       537       497       492       496       501
       341         8         1       506       507       512       509       470       471       476       473
       342         8         1       510       506       509       513       474       470       473       477
       343         8         1       517       510       513       518       481       474       477       482
       344         8         1       523       517       518       528       487       481       482       492
       345         8         1       530       523       528       533       494       487       492       497
       346         8         1       508       505       507       506       472       469       471       470
       347         8         1       511       508       506       510       475       472       470       474
       348         8         1       514       511       510       517       478       475       474       481
       349         8         1       521       514       517       523       485       478       481       487
       350         8         1       526       521       523       530       490       485       487       494
       351         8         1       558       556       561       565       522       520       525       529
       352         8         1       563       558       565       570       527       522       529       534
       353         8         1       567       563       570       572       531       527       534       536
       354         8         1       571       567       572       574       535       531       536       538
       355         8         1       575       571       574       576       539       535       538       540
       356         8         1       552       551       556       558       516       515       520       522
       357         8         1       555       552       558       563       519       516       522       527
       358         8         1       560       555       563       567       524       519       527       531
       359         8         1       568       560       567       571       532       524       531       535
       360         8         1       573       568       571       575       537       532       535       539
       361         8         1       545       548       551       552       509       512       515       516
       362         8         1       549       545       552       555       513       509       516       519
       363         8         1       554       549       555       560       518       513       519       524
       364         8         1       564       554       560       568       528       518       524       532
       365         8         1       569       564       568       573       533       528       532       537
       366         8         1       542       543       548       545       506       507       512       509
       367         8         1       546       542       545       549       510       506       509       513
       368         8         1       553       546       549       554       517       510       513       518
       369         8         1       559       553       554       564       523       517       518       528
       370         8         1       566       559       564       569       530       523       528       533
       371         8         1       544       541       543       542       508       505       507       506
       372         8         1       547       544       542       546       511       508       506       510
       373         8         1       550       547       546       553       514       511       510       517
       374         8         1       557       550       553       559       521       514       517       523
       375         8         1       562       557       559       566       526       521       523       530
       376         8         1       594       592       598       601       558       556       561       565
       377         8         1       599       594       601       606       563       558       565       570
       378         8         1       603       599       606       608       567       563       570       572
       379         8         1       607       603       608       610       571       567       572       574
       380         8         1       611       607       610       612       575       571       574       576
       381         8         1       588       587       592       594       552       551       556       558
       382         8         1       591       588       594       599       555       552       558       563
       383         8         1       596       591       599       603       560       555       563       567
       384         8         1       604       596       603       607       568       560       567       571
       385         8         1       609       604       607       611       573       568       571       575
       386         8         1       581       584       587       588       545       548       551       552
       387         8         1       585       581       588       591       549       545       552       555
       388         8         1       590       585       591       596       554       549       555       560
       389         8         1       600       590       596       604       564       554       560       568
       390         8         1       605       600       604       609       569       564       568       573
       391         8         1       578       579       584       581       542       543       548       545
       392         8         1       582       578       581       585       546       542       545       549
       393         8         1       589       582       585       590       553       546       549       554
       394         8         1       595       589       590       600       559       553       554       564
       395         8         1       602       595       600       605       566       559       564       569
       396         8         1       580       577       579       578       544       541       543       542
       397         8         1       583       580       578       582       547       544       542       546
       398         8         1       586       583       582       589       550       547       546       553
       399         8         1       593       586       589       595       557       550       553       559
       400         8         1       597       593       595       602       562       557       559       566
       401         8         1       630       628       633       637       594       592       598       601
       402         8         1       635       630       637       642       599       594       601       606
       403         8         1       639       635       642       644       603       599       606       608
       404         8         1       643       639       644       646       607       603       608       610
       405         8         1       647       643       646       648       611       607       610       612
       406         8         1       624       623       628       630       588       587       592       594
       407         8         1       627       624       630       635       591       588       594       599
       408         8         1       632       627       635       639       596       591       599       603
       409         8         1       640       632       639       643       604       596       603       607
       410         8         1       645       640       643       647       609       604       607       611
       411         8         1       617       619       623       624       581       584       587       588
       412         8         1       621       617       624       627       585       581       588       591
       413         8         1       626       621       627       632       590       585       591       596
       414         8         1       636       626       632       640       600       590       596       604
       415         8         1       641       636       640       645       605       600       604       609
       416         8         1       614       615       619       617       578       579       584       581
       417         8         1       618       614       617       621       582       578       581       585
       418         8         1       625       618       621       626       589       582       585       590
       419         8         1       631       625       626       636       595       589       590       600
       420         8         1       638       631       636       641       602       595       600       605
       421         8         1       616       613       615       614       580       577       579       578
       422         8         1       620       616       614       618       583       580       578       582
       423         8         1       622       620       618       625       586       583       582       589
       424         8         1       629       622       625       631       593       586       589       595
       425         8         1       634       629       631       638       597       593       595       602
       426         8         1       666       664       670       673       630       628       633       637
       427         8         1       671       666       673       678       635       630       637       642
       428         8         1       675       671       678       680       639       635       642       644
       429         8         1       679       675       680       682       643       639       644       646
       430         8         1       683       679       682       684       647       643       646       648
       431         8         1       660       659       664       666       624       623       628       630
       432         8         1       663       660       666       671       627       624       630       635
       433         8         1       668       663       671       675       632       627       635       639
       434         8         1       676       668       675       679       640       632       639       643
       435         8         1       681       676       679       683       645       640       643       647
       436         8         1       653       655       659       660       617       619       623       624
       437         8         1       657       653       660       663       621       617       624       627
       438         8         1       662       657       663       668       626       621       627       632
       439         8         1       672       662       668       676       636       626       632       640
       440         8         1       677       672       676       681       641       636       640       645
       441         8         1       650       651       655       653       614       615       619       617
       442         8         1       654       650       653       657       618       614       617       621
       443         8         1       661       654       657       662       625       618       621       626
       444         8         1       667       661       662       672       631       625       626       636
       445         8         1       674       667       672       677       638       631       636       641
       446         8         1       652       649       651       650       616       613       615       614
       447         8         1       656       652       650       654       620       616       614       618
       448         8         1       658       656       654       661       622       620       618       625
       449         8         1       665       658       661       667       629       622       625       631
       450         8         1       669       665       667       674       634       629       631       638
       451         8         1       702       700       706       709       666       664       670       673
       452         8         1       707       702       709       714       671       666       673       678
       453         8         1       711       707       714       716       675       671       678       680
       454         8         1       715       711       716       718       679       675       680       682
       455         8         1       719       715       718       720       683       679       682       684
       456         8         1       697       695       700       702       660       659       664       666
       457         8         1       699       697       702       707       663       660       666       671
       458         8         1       704       699       707       711       668       663       671       675
       459         8         1       712       704       711       715       676       668       675       679
       460         8         1       717       712       715       719       681       676       679       683
       461         8         1       689       691       695       697       653       655       659       660
       462         8         1       693       689       697       699       657       653       660       663
       463         8         1       698       693       699       704       662       657       663       668
       464         8         1       708       698       704       712       672       662       668       676
       465         8         1       713       708       712       717       677       672       676       681
       466         8         1       686       687       691       689       650       651       655       653
       467         8         1       690       686       689       693       654       650       653       657
       468         8         1       696       690       693       698       661       654       657       662
       469         8         1       703       696       698       708       667       661       662       672
       470         8         1       710       703       708       713       674       667       672       677
       471         8         1       688       685       687       686       652       649       651       650
       472         8         1       692       688       686       690       656       652       650       654
       473         8         1       694       692       690       696       658       656       654       661
       474         8         1       701       694       696       703       665       658       661       667
       475         8         1       705       701       703       710       669       665       667       674
       476         8         1       738       736       741       745       702       700       706       709
       477         8         1       743       738       745       750       707       702       709       714
       478         8         1       747       743       750       752       711       707       714       716
       479         8         1       751       747       752       754       715       711       716       718
       480         8         1       755       751       754       756       719       715       718       720
       481         8         1       733       731       736       738       697       695       700       702
       482         8         1       735       733       738       743       699       697       702       707
       483         8         1       740       735       743       747       704       699       707       711
       484         8         1       748       740       747       751       712       704       711       715
       485         8         1       753       748       751       755       717       712       715       719
       486         8         1       725       727       731       733       689       691       695       697
       487         8         1       729       725       733       735       693       689       697       699
       488         8         1       734       729       735       740       698       693       699       704
       489         8         1       744       734       740       748       708       698       704       712
       490         8         1       749       744       748       753       713       708       712       717
       491         8         1       722       723       727       725       686       687       691       689
       492         8         1       726       722       725       729       690       686       689       693
       493         8         1       732       726       729       734       696       690       693       698
       494         8         1       739       732       734       744       703       696       698       708
       495         8         1       746       739       744       749       710       703       708       713
       496         8         1       724       721       723       722       688       685       687       686
       497         8         1       728       724       722       726       692       688       686       690
       498         8         1       730       728       726       732       694       692       690       696
       499         8         1       737       730       732       739       701       694       696       703
       500         8         1       742       737       739       746       705       701       703       710
       501         8         1       775       773       777       782       738       736       741       745
       502         8         1       780       775       782       786       743       738       745       750
       503         8         1       783       780       786       788       747       743       750       752
       504         8         1       787       783       788       790       751       747       752       754
       505         8         1       791       787       790       792       755       751       754       756
       506         8         1       769       767       773       775       733       731       736       738
       507         8         1       771       769       775       780       735       733       738       743
       508         8         1       776       771       780       783       740       735       743       747
       509         8         1       784       776       783       787       748       740       747       751
       510         8         1       789       784       787       791       753       748       751       755
       511         8         1       762       763       767       769       725       727       731       733
       512         8         1       765       762       769       771       729       725       733       735
       513         8         1       770       765       771       776       734       729       735       740
       514         8         1       779       770       776       784       744       734       740       748
       515         8         1       785       779       784       789       749       744       748       753
       516         8         1       758       760       763       762       722       723       727       725
       517         8         1       761       758       762       765       726       722       725       729
       518         8         1       768       761       765       770       732       726       729       734
       519         8         1       774       768       770       779       739       732       734       744
       520         8         1       781       774       779       785       746       739       744       749
       521         8         1       759       757       760       758       724       721       723       722
       522         8         1       764       759       758       761       728       724       722       726
       523         8         1       766       764       761       768       730       728       726       732
       524         8         1       772       766       768       774       737       730       732       739
       525         8         1       778       772       774       781       742       737       739       746
       526         8         1       811       809       814       818       775       773       777       782
       527         8         1       816       811       818       821       780       775       782       786
       528         8         1       819       816       821       824       783       780       786       788
       529         8         1       823       819       824       826       787       783       788       790
       530         8         1       827       823       826       828       791       787       790       792
       531         8         1       805       803       809       811       769       767       773       775
       532         8         1       807       805       811       816       771       769       775       780
       533         8         1       812       807       816       819       776       771       780       783
       534         8         1       820       812       819       823       784       776       783       787
       535         8         1       825       820       823       827       789       784       787       791
       536         8         1       798       799       803       805       762       763       767       769
       537         8         1       801       798       805       807       765       762       769       771
       538         8         1       806       801       807       812       770       765       771       776
       539         8         1       815       806       812       820       779       770       776       784
       540         8         1       822       815       820       825       785       779       784       789
       541         8         1       794       796       799       798       758       760       763       762
       542         8         1       797       794       798       801       761       758       762       765
       543         8         1       804       797       801       806       768       761       765       770
       544         8         1       810       804       806       815       774       768       770       779
       545         8         1       817       810       815       822       781       774       779       785
       546         8         1       795       793       796       794       759       757       760       758
       547         8         1       800       795       794       797       764       759       758       761
       548         8         1       802       800       797       804       766       764       761       768
       549         8         1       808       802       804       810       772       766       768       774
       550         8         1       813       808       810       817       778       772       774       781
       551         8         1       847       845       849       854       811       809       814       818
       552         8         1       852       847       854       857       816       811       818       821
       553         8         1       855       852       857       860       819       816       821       824
       554         8         1       859       855       860       862       823       819       824       826
       555         8         1       863       859       862       864       827       823       826       828
       556         8         1       841       839       845       847       805       803       809       811
       557         8         1       843       841       847       852       807       805       811       816
       558         8         1       848       843       852       855       812       807       816       819
       559         8         1       856       848       855       859       820       812       819       823
       560         8         1       861       856       859       863       825       820       823       827
       561         8         1       834       835       839       841       798       799       803       805
       562         8         1       837       834       841       843       801       798       805       807
       563         8         1       842       837       843       848       806       801       807       812
       564         8         1       851       842       848       856       815       806       812       820
       565         8         1       858       851       856       861       822       815       820       825
       566         8         1       830       832       835       834       794       796       799       798
       567         8         1       833       830       834       837       797       794       798       801
       568         8         1       840       833       837       842       804       797       801       806
       569         8         1       846       840       842       851       810       804       806       815
       570         8         1       853       846       851       858       817       810       815       822
       571         8         1       831       829       832       830       795       793       796       794
       572         8         1       836       831       830       833       800       795       794       797
       573         8         1       838       836       833       840       802       800       797       804
       574         8         1       844       838       840       846       808       802       804       810
       575         8         1       850       844       846       853       813       808       810       817
       576         8         1       883       881       886       890       847       845       849       854
       577         8         1       888       883       890       893       852       847       854       857
       578         8         1       891       888       893       896       855       852       857       860
       579         8         1       895       891       896       898       859       855       860       862
       580         8         1       899       895       898       900       863       859       862       864
       581         8         1       877       875       881       883       841       839       845       847
       582         8         1       879       877       883       888       843       841       847       852
       583         8         1       884       879       888       891       848       843       852       855
       584         8         1       892       884       891       895       856       848       855       859
       585         8         1       897       892       895       899       861       856       859       863
       586         8         1       870       871       875       877       834       835       839       841
       587         8         1       873       870       877       879       837       834       841       843
       588         8         1       878       873       879       884       842       837       843       848
       589         8         1       887       878       884       892       851       842       848       856
       590         8         1       894       887       892       897       858       851       856       861
       591         8         1       866       868       871       870       830       832       835       834
       592         8         1       869       866       870       873       833       830       834       837
       593         8         1       876       869       873       878       840       833       837       842
       594         8         1       882       876       878       887       846       840       842       851
       595         8         1       889       882       887       894       853       846       851       858
       596         8         1       867       865       868       866       831       829       832       830
       597         8         1       872       867       866       869       836       831       830       833
       598         8         1       874       872       869       876       838       836       833       840
       599         8         1       880       874       876       882       844       838       840       846
       600         8         1       885       880       882       889       850       844       846       853
       601         8         1       919       917       921       926       883       881       886       890
       602         8         1       924       919       926       929       888       883       890       893
       603         8         1       927       924       929       932       891       888       893       896
       604         8         1       931       927       932       934       895       891       896       898
       605         8         1       935       931       934       936       899       895       898       900
       606         8         1       913       911       917       919       877       875       881       883
       607         8         1       915       913       919       924       879       877       883       888
       608         8         1       920       915       924       927       884       879       888       891
       609         8         1       928       920       927       931       892       884       891       895
       610         8         1       933       928       931       935       897       892       895       899
       611         8         1       906       907       911       913       870       871       875       877
       612         8         1       909       906       913       915       873       870       877       879
       613         8         1       914       909       915       920       878       873       879       884
       614         8         1       923       914       920       928       887       878       884       892
       615         8         1       930       923       928       933       894       887       892       897
       616         8         1       902       904       907       906       866       868       871       870
       617         8         1       905       902       906       909       869       866       870       873
       618         8         1       912       905       909       914       876       869       873       878
       619         8         1       918       912       914       923       882       876       878       887
       620         8         1       925       918       923       930       889       882       887       894
       621         8         1       903       901       904       902       867       865       868       866
       622         8         1       908       903       902       905       872       867       866       869
       623         8         1       910       908       905       912       874       872       869       876
       624         8         1       916       910       912       918       880       874       876       882
       625         8         1       922       916       918       925       885       880       882       889
       626         8         1       955       953       958       962       919       917       921       926
       627         8         1       960       955       962       965       924       919       926       929
       628         8         1       963       960       965       968       927       924       929       932
       629         8         1       967       963       968       971       931       927       932       934
       630         8         1       970       967       971       972       935       931       934       936
       631         8         1       949       947       953       955       913       911       917       919
       632         8         1       951       949       955       960       915       913       919       924
       633         8         1       956       951       960       963       920       915       924       927
       634         8         1       964       956       963       967       928       920       927       931
       635         8         1       969       964       967       970       933       928       931       935
       636         8         1       942       943       947       949       906       907       911       913
       637         8         1       945       942       949       951       909       906       913       915
       638         8         1       950       945       951       956       914       909       915       920
       639         8         1       959       950       956       964       923       914       920       928
       640         8         1       966       959       964       969       930       923       928       933
       641         8         1       938       940       943       942       902       904       907       906
       642         8         1       941       938       942       945       905       902       906       909
       643         8         1       948       941       945       950       912       905       909       914
       644         8         1       954       948       950       959       918       912       914       923
       645         8         1       961       954       959       966       925       918       923       930
       646         8         1       939       937       940       938       903       901       904       902
       647         8         1       944       939       938       941       908       903       902       905
       648         8         1       946       944       941       948       910       908       905       912
       649         8         1       952       946       948       954       916       910       912       918
       650         8         1       957       952       954       961       922       916       918       925
       651         8         1       991       989       993       998       955       953       958       962
       652         8         1       996       991       998      1001       960       955       962       965
       653         8         1       999       996      1001      1004       963       960       965       968
       654         8         1      1003       999      1004      1007       967       963       968       971
       655         8         1      1006      1003      1007      1008       970       967       971       972
       656         8         1       985       982       989       991       949       947       953       955
       657         8         1       987       985       991       996       951       949       955       960
       658         8         1       992       987       996       999       956       951       960       963
       659         8         1      1000       992       999      1003       964       956       963       967
       660         8         1      1005      1000      1003      1006       969       964       967       970
       661         8         1       978       979       982       985       942       943       947       949
       662         8         1       981       978       985       987       945       942       949       951
       663         8         1       986       981       987       992       950       945       951       956
       664         8         1       995       986       992      1000       959       950       956       964
       665         8         1      1002       995      1000      1005       966       959       964       969
       666         8         1       974       976       979       978       938       940       943       942
       667         8         1       977       974       978       981       941       938       942       945
       668         8         1       984       977       981       986       948       941       945       950
       669         8         1       990       984       986       995       954       948       950       959
       670         8         1       997       990       995      1002       961       954       959       966
       671         8         1       975       973       976       974       939       937       940       938
       672         8         1       980       975       974       977       944       939       938       941
       673         8         1       983       980       977       984       946       944       941       948
       674         8         1       988       983       984       990       952       946       948       954
       675         8         1       994       988       990       997       957       952       954       961
       676         8         1      1027      1025      1030      1034       991       989       993       998
       677         8         1      1032      1027      1034      1037       996       991       998      1001
       678         8         1      1035      1032      1037      1040       999       996      1001      1004
       679         8         1      1039      1035      1040      1043      1003       999      1004      1007
       680         8         1      1042      1039      1043      1044      1006      1003      1007      1008
       681         8         1      1021      1018      1025      1027       985       982       989       991
       682         8         1      1023      1021      1027      1032       987       985       991       996
       683         8         1      1028      1023      1032      1035       992       987       996       999
       684         8         1      1036      1028      1035      1039      1000       992       999      1003
       685         8         1      1041      1036      1039      1042      1005      1000      1003      1006
       686         8         1      1014      1015      1018      1021       978       979       982       985
       687         8         1      1017      1014      1021      1023       981       978       985       987
       688         8         1      1022      1017      1023      1028       986       981       987       992
       689         8         1      1031      1022      1028      1036       995       986       992      1000
       690         8         1      1038      1031      1036      1041      1002       995      1000      1005
       691         8         1      1010      1012      1015      1014       974       976       979       978
       692         8         1      1013      1010      1014      1017       977       974       978       981
       693         8         1      1020      1013      1017      1022       984       977       981       986
       694         8         1      1026      1020      1022      1031       990       984       986       995
       695         8         1      1033      1026      1031      1038       997       990       995      1002
       696         8         1      1011      1009      1012      1010       975       973       976       974
       697         8         1      1016      1011      1010      1013       980       975       974       977
       698         8         1      1019      1016      1013      1020       983       980       977       984
       699         8         1      1024      1019      1020      1026       988       983       984       990
       700         8         1      1029      1024      1026      1033       994       988       990       997
       701         8         1      1063      1061      1065      1070      1027      1025      1030      1034
       702         8         1      1068      1063      1070      1073      1032      1027      1034      1037
       703         8         1      1071      1068      1073      1076      1035      1032      1037      1040
       704         8         1      1075      1071      1076      1079      1039      1035      1040      1043
       705         8         1      1078      1075      1079      1080      1042      1039      1043      1044
       706         8         1      1057      1054      1061      1063      1021      1018      1025      1027
       707         8         1      1059      1057      1063      1068      1023      1021      1027      1032
       708         8         1      1064      1059      1068      1071      1028      1023      1032      1035
       709         8         1      1072      1064      1071      1075      1036      1028      1035      1039
       710         8         1      1077      1072      1075      1078      1041      1036      1039      1042
       711         8         1      1050      1051      1054      1057      1014      1015      1018      1021
       712         8         1      1053      1050      1057      1059      1017      1014      1021      1023
       713         8         1      1058      1053      1059      1064      1022      1017      1023      1028
       714         8         1      1067      1058      1064      1072      1031      1022      1028      1036
       715         8         1      1074      1067      1072      1077      1038      1031      1036      1041
       716         8         1      1046      1048      1051      1050      1010      1012      1015      1014
       717         8         1      1049      1046      1050      1053      1013      1010      1014      1017
       718         8         1      1056      1049      1053      1058      1020      1013      1017      1022
       719         8         1      1062      1056      1058      1067      1026      1020      1022      1031
       720         8         1      1069      1062      1067      1074      1033      1026      1031      1038
       721         8         1      1047      1045      1048      1046      1011      1009      1012      1010
       722         8         1      1052      1047      1046      1049      1016      1011      1010      1013
       723         8         1      1055      1052      1049      1056      1019      1016      1013      1020
       724         8         1      1060      1055      1056      1062      1024      1019      1020      1026
       725         8         1      1066      1060      1062      1069      1029      1024      1026      1033
       726         8         1      1099      1097      1102      1106      1063      1061      1065      1070
       727         8         1      1104      1099      1106      1109      1068      1063      1070      1073
       728         8         1      1107      1104      1109      1112      1071      1068      1073      1076
       729         8         1      1111      1107      1112      1115      1075      1071      1076      1079
       730         8         1      1114      1111      1115      1116      1078      1075      1079      1080
       731         8         1      1093      1090      1097      1099      1057      1054      1061      1063
       732         8         1      1095      1093      1099      1104      1059      1057      1063      1068
       733         8         1      1100      1095      1104      1107      1064      1059      1068      1071
       734         8         1      1108      1100      1107      1111      1072      1064      1071      1075
       735         8         1      1113      1108      1111      1114      1077      1072      1075      1078
       736         8         1      1086      1087      1090      1093      1050      1051      1054      1057
       737         8         1      1089      1086      1093      1095      1053      1050      1057      1059
       738         8         1      1094      1089      1095      1100      1058      1053      1059      1064
       739         8         1      1103      1094      1100      1108      1067      1058      1064      1072
       740         8         1      1110      1103      1108      1113      1074      1067      1072      1077
       741         8         1      1082      1084      1087      1086      1046      1048      1051      1050
       742         8         1      1085      1082      1086      1089      1049      1046      1050      1053
       743         8         1      1092      1085      1089      1094      1056      1049      1053      1058
       744         8         1      1098      1092      1094      1103      1062      1056      1058      1067
       745         8         1      1105      1098      1103      1110      1069      1062      1067      1074
       746         8         1      1083      1081      1084      1082      1047      1045      1048      1046
       747         8         1      1088      1083      1082      1085      1052      1047      1046      1049
       748         8         1      1091      1088      1085      1092      1055      1052      1049      1056
       749         8         1      1096      1091      1092      1098      1060      1055      1056      1062
       750         8         1      1101      1096      1098      1105      1066      1060      1062      1069
       751         8         1      1135      1133      1137      1142      1099      1097      1102      1106
       752         8         1      1140      1135      1142      1145      1104      1099      1106      1109
       753         8         1      1143      1140      1145      1148      1107      1104      1109      1112
       754         8         1      1147      1143      1148      1151      1111      1107      1112      1115
       755         8         1      1150      1147      1151      1152      1114      1111      1115      1116
       756         8         1      1129      1126      1133      1135      1093      1090      1097      1099
       757         8         1      1131      1129      1135      1140      1095      1093      1099      1104
       758         8         1      1136      1131      1140      1143      1100      1095      1104      1107
       759         8         1      1144      1136      1143      1147      1108      1100      1107      1111
       760         8         1      1149      1144      1147      1150      1113      1108      1111      1114
       761         8         1      1122      1123      1126      1129      1086      1087      1090      1093
       762         8         1      1125      1122      1129      1131      1089      1086      1093      1095
       763         8         1      1130      1125      1131      1136      1094      1089      1095      1100
       764         8         1      1139      1130      1136      1144      1103      1094      1100      1108
       765         8         1      1146      1139      1144      1149      1110      1103      1108      1113
       766         8         1      1118      1120      1123      1122      1082      1084      1087      1086
       767         8         1      1121      1118      1122      1125      1085      1082      1086      1089
       768         8         1      1128      1121      1125      1130      1092      1085      1089      1094
       769         8         1      1134      1128      1130      1139      1098      1092      1094      1103
       770         8         1      1141      1134      1139      1146      1105      1098      1103      1110
       771         8         1      1119      1117      1120      1118      1083      1081      1084      1082
       772         8         1      1124      1119      1118      1121      1088      1083      1082      1085
       773         8         1      1127      1124      1121      1128      1091      1088      1085      1092
       774         8         1      1132      1127      1128      1134      1096      1091      1092      1098
       775         8         1      1138      1132      1134      1141      1101      1096      1098      1105
       776         8         1      1171      1169      1174      1178      1135      1133      1137      1142
       777         8         1      1176      1171      1178      1181      1140      1135      1142      1145
       778         8         1      1179      1176      1181      1184      1143      1140      1145      1148
       779         8         1      1183      1179      1184      1187      1147      1143      1148      1151
       780         8         1      1186      1183      1187      1188      1150      1147      1151      1152
       781         8         1      1165      1162      1169      1171      1129      1126      1133      1135
       782         8         1      1167      1165      1171      1176      1131      1129      1135      1140
       783         8         1      1172      1167      1176      1179      1136      1131      1140      1143
       784         8         1      1180      1172      1179      1183      1144      1136      1143      1147
       785         8         1      1185      1180      1183      1186      1149      1144      1147      1150
       786         8         1      1158      1159      1162      1165      1122      1123      1126      1129
       787         8         1      1161      1158      1165      1167      1125      1122      1129      1131
       788         8         1      1166      1161      1167      1172      1130      1125      1131      1136
       789         8         1      1175      1166      1172      1180      1139      1130      1136      1144
       790         8         1      1182      1175      1180      1185      1146      1139      1144      1149
       791         8         1      1154      1156      1159      1158      1118      1120      1123      1122
       792         8         1      1157      1154      1158      1161      1121      1118      1122      1125
       793         8         1      1164      1157      1161      1166      1128      1121      1125      1130
       794         8         1      1170      1164      1166      1175      1134      1128      1130      1139
       795         8         1      1177      1170      1175      1182      1141      1134      1139      1146
       796         8         1      1155      1153      1156      1154      1119      1117      1120      1118
       797         8         1      1160      1155      1154      1157      1124      1119      1118      1121
       798         8         1      1163      1160      1157      1164      1127      1124      1121      1128
       799         8         1      1168      1163      1164      1170      1132      1127      1128      1134
       800         8         1      1173      1168      1170      1177      1138      1132      1134      1141
       801         8         1      1207      1205      1209      1214      1171      1169      1174      1178
       802         8         1      1212      1207      1214      1217      1176      1171      1178      1181
       803         8         1      1215      1212      1217      1220      1179      1176      1181      1184
       804         8         1      1219      1215      1220      1223      1183      1179      1184      1187
       805         8         1      1222      1219      1223      1224      1186      1183      1187      1188
       806         8         1      1201      1198      1205      1207      1165      1162      1169      1171
       807         8         1      1203      1201      1207      1212      1167      1165      1171      1176
       808         8         1      1208      1203      1212      1215      1172      1167      1176      1179
       809         8         1      1216      1208      1215      1219      1180      1172      1179      1183
       810         8         1      1221      1216      1219      1222      1185      1180      1183      1186
       811         8         1      1194      1195      1198      1201      1158      1159      1162      1165
       812         8         1      1197      1194      1201      1203      1161      1158      1165      1167
       813         8         1      1202      1197      1203      1208      1166      1161      1167      1172
       814         8         1      1211      1202      1208      1216      1175      1166      1172      1180
       815         8         1      1218      1211      1216      1221      1182      1175      1180      1185
       816         8         1      1190      1192      1195      1194      1154      1156      1159      1158
       817         8         1      1193      1190      1194      1197      1157      1154      1158      1161
       818         8         1      1200      1193      1197      1202      1164      1157      1161      1166
       819         8         1      1206      1200      1202      1211      1170      1164      1166      1175
       820         8         1      1213      1206      1211      1218      1177      1170      1175      1182
       821         8         1      1191      1189      1192      1190      1155      1153      1156      1154
       822         8         1      1196      1191      1190      1193      1160      1155      1154      1157
       823         8         1      1199      1196      1193      1200      1163      1160      1157      1164
       824         8         1      1204      1199      1200      1206      1168      1163      1164      1170
       825         8         1      1210      1204      1206      1213      1173      1168      1170      1177
       826         8         1      1243      1241      1246      1250      1207      1205      1209      1214
       827         8         1      1248      1243      1250      1253      1212      1207      1214      1217
       828         8         1      1251      1248      1253      1256      1215      1212      1217      1220
       829         8         1      1255      1251      1256      1259      1219      1215      1220      1223
       830         8         1      1258      1255      1259      1260      1222      1219      1223      1224
       831         8         1      1237      1234      1241      1243      1201      1198      1205      1207
       832         8         1      1239      1237      1243      1248      1203      1201      1207      1212
       833         8         1      1244      1239      1248      1251      1208      1203      1212      1215
       834         8         1      1252      1244      1251      1255      1216      1208      1215      1219
       835         8         1      1257      1252      1255      1258      1221      1216      1219      1222
       836         8         1      1230      1231      1234      1237      1194      1195      1198      1201
       837         8         1      1233      1230      1237      1239      1197      1194      1201      1203
       838         8         1      1238      1233      1239      1244      1202      1197      1203      1208
       839         8         1      1247      1238      1244      1252      1211      1202      1208      1216
       840         8         1      1254      1247      1252      1257      1218      1211      1216      1221
       841         8         1      1226      1228      1231      1230      1190      1192      1195      1194
       842         8         1      1229      1226      1230      1233      1193      1190      1194      1197
       843         8         1      1236      1229      1233      1238      1200      1193      1197      1202
       844         8         1      1242      1236      1238      1247      1206      1200      1202      1211
       845         8         1      1249      1242      1247      1254      1213      1206      1211      1218
       846         8         1      1227      1225      1228      1226      1191      1189      1192      1190
       847         8         1      1232      1227      1226      1229      1196      1191      1190      1193
       848         8         1      1235      1232      1229      1236      1199      1196      1193      1200
       849         8         1      1240      1235      1236      1242      1204      1199      1200      1206
       850         8         1      1245      1240      1242      1249      1210      1204      1206      1213
       851         8         1      1279      1277      1282      1286      1243      1241      1246      1250
       852         8         1      1284      1279      1286      1289      1248      1243      1250      1253
       853         8         1      1287      1284      1289      1292      1251      1248      1253      1256
       854         8         1      1291      1287      1292      1295      1255      1251      1256      1259
       855         8         1      1294      1291      1295      1296      1258      1255      1259      1260
       856         8         1      1273      1270      1277      1279      1237      1234      1241      1243
       857         8         1      1275      1273      1279      1284      1239      1237      1243      1248
       858         8         1      1280      1275      1284      1287      1244      1239      1248      1251
       859         8         1      1288      1280      1287      1291      1252      1244      1251      1255
       860         8         1      1293      1288      1291      1294      1257      1252      1255      1258
       861         8         1      1266      1267      1270      1273      1230      1231      1234      1237
       862         8         1      1269      1266      1273      1275      1233      1230      1237      1239
       863         8         1      1274      1269      1275      1280      1238      1233      1239      1244
       864         8         1      1283      1274      1280      1288      1247      1238      1244      1252
       865         8         1      1290      1283      1288      1293      1254      1247      1252      1257
       866         8         1      1262      1264      1267      1266      1226      1228      1231      1230
       867         8         1      1265      1262      1266      1269      1229      1226      1230      1233
       868         8         1      1272      1265      1269      1274      1236      1229      1233      1238
       869         8         1      1278      1272      1274      1283      1242      1236      1238      1247
       870         8         1      1285      1278      1283      1290      1249      1242      1247      1254
       871         8         1      1263      1261      1264      1262      1227      1225      1228      1226
       872         8         1      1268      1263      1262      1265      1232      1227      1226      1229
       873         8         1      1271      1268      1265      1272      1235      1232      1229      1236
       874         8         1      1276      1271      1272      1278      1240      1235      1236      1242
       875         8         1      1281      1276      1278      1285      1245      1240      1242      1249
       876         8         1      1315      1313      1318      1322      1279      1277      1282      1286
       877         8         1      1320      1315      1322      1325      1284      1279      1286      1289
       878         8         1      1323      1320      1325      1328      1287      1284      1289      1292
       879         8         1      1327      1323      1328      1331      1291      1287      1292      1295
       880         8         1      1330      1327      1331      1332      1294      1291      1295      1296
       881         8         1      1309      1306      1313      1315      1273      1270      1277      1279
       882         8         1      1311      1309      1315      1320      1275      1273      1279      1284
       883         8         1      1316      1311      1320      1323      1280      1275      1284      1287
       884         8         1      1324      1316      1323      1327      1288      1280      1287      1291
       885         8         1      1329      1324      1327      1330      1293      1288      1291      1294
       886         8         1      1302      1303      1306      1309      1266      1267      1270      1273
       887         8         1      1305      1302      1309      1311      1269      1266      1273      1275
       888         8         1      1310      1305      1311      1316      1274      1269      1275      1280
       889         8         1      1319      1310      1316      1324      1283      1274      1280      1288
       890         8         1      1326      1319      1324      1329      1290      1283      1288      1293
       891         8         1      1298      1300      1303      1302      1262      1264      1267      1266
       892         8         1      1301      1298      1302      1305      1265      1262      1266      1269
       893         8         1      1308      1301      1305      1310      1272      1265      1269      1274
       894         8         1      1314      1308      1310      1319      1278      1272      1274      1283
       895         8         1      1321      1314      1319      1326      1285      1278      1283      1290
       896         8         1      1299      1297      1300      1298      1263      1261      1264      1262
       897         8         1      1304      1299      1298      1301      1268      1263      1262      1265
       898         8         1      1307      1304      1301      1308      1271      1268      1265      1272
       899         8         1      1312      1307      1308      1314      1276      1271      1272      1278
       900         8         1      1317      1312      1314      1321      1281      1276      1278      1285
       901         8         1      1351      1349      1353      1358      1315      1313      1318      1322
       902         8         1      1356      1351      1358      1361      1320      1315      1322      1325
       903         8         1      1359      1356      1361      1364      1323      1320      1325      1328
       904         8         1      1363      1359      1364      1367      1327      1323      1328      1331
       905         8         1      1366      1363      1367      1368      1330      1327      1331      1332
       906         8         1      1345      1342      1349      1351      1309      1306      1313      1315
       907         8         1      1347      1345      1351      1356      1311      1309      1315      1320
       908         8         1      1352      1347      1356      1359      1316      1311      1320      1323
       909         8         1      1360      1352      1359      1363      1324      1316      1323      1327
       910         8         1      1365      1360      1363      1366      1329      1324      1327      1330
       911         8         1      1338      1339      1342      1345      1302      1303      1306      1309
       912         8         1      1341      1338      1345      1347      1305      1302      1309      1311
       913         8         1      1346      1341      1347      1352      1310      1305      1311      1316
       914         8         1      1355      1346      1352      1360      1319      1310      1316      1324
       915         8         1      1362      1355      1360      1365      1326      1319      1324      1329
       916         8         1      1334      1336      1339      1338      1298      1300      1303      1302
       917         8         1      1337      1334      1338      1341      1301      1298      1302      1305
       918         8         1      1344      1337      1341      1346      1308      1301      1305      1310
       919         8         1      1350      1344      1346      1355      1314      1308      1310      1319
       920         8         1      1357      1350      1355      1362      1321      1314      1319      1326
       921         8         1      1335      1333      1336      1334      1299      1297      1300      1298
       922         8         1      1340      1335      1334      1337      1304      1299      1298      1301
       923         8         1      1343      1340      1337      1344      1307      1304      1301      1308
       924         8         1      1348      1343      1344      1350      1312      1307      1308      1314
       925         8         1      1354      1348      1350      1357      1317      1312      1314      1321
       926         8         1      1387      1385      1389      1394      1351      1349      1353      1358
       927         8         1      1392      1387      1394      1397      1356      1351      1358      1361
       928         8         1      1395      1392      1397      1400      1359      1356      1361      1364
       929         8         1      1399      1395      1400      1403      1363      1359      1364      1367
       930         8         1      1402      1399      1403      1404      1366      1363      1367      1368
       931         8         1      1381      1378      1385      1387      1345      1342      1349      1351
       932         8         1      1383      1381      1387      1392      1347      1345      1351      1356
       933         8         1      1388      1383      1392      1395      1352      1347      1356      1359
       934         8         1      1396      1388      1395      1399      1360      1352      1359      1363
       935         8         1      1401      1396      1399      1402      1365      1360      1363      1366
       936         8         1      1374      1375      1378      1381      1338      1339      1342      1345
       937         8         1      1377      1374      1381      1383      1341      1338      1345      1347
       938         8         1      1382      1377      1383      1388      1346      1341      1347      1352
       939         8         1      1391      1382      1388      1396      1355      1346      1352      1360
       940         8         1      1398      1391      1396      1401      1362      1355      1360      1365
       941         8         1      1370      1372      1375      1374      1334      1336      1339      1338
       942         8         1      1373      1370      1374      1377      1337      1334      1338      1341
       943         8         1      1380      1373      1377      1382      1344      1337      1341      1346
       944         8         1      1386      1380      1382      1391      1350      1344      1346      1355
       945         8         1      1393      1386      1391      1398      1357      1350      1355      1362
       946         8         1      1371      1369      1372      1370      1335      1333      1336      1334
       947         8         1      1376      1371      1370      1373      1340      1335      1334      1337
       948         8         1      1379      1376      1373      1380      1343      1340      1337      1344
       949         8         1      1384      1379      1380      1386      1348      1343      1344      1350
       950         8         1      1390      1384      1386      1393      1354      1348      1350      1357
       951         8         1      1423      1421      1426      1430      1387      1385      1389      1394
       952         8         1      1428      1423      1430      1433      1392      1387      1394      1397
       953         8         1      1431      1428      1433      1436      1395      1392      1397      1400
       954         8         1      1435      1431      1436      1439      1399      1395      1400      1403
       955         8         1      1438      1435      1439      1440      1402      1399      1403      1404
       956         8         1      1417      1414      1421      1423      1381      1378      1385      1387
       957         8         1      1419      1417      1423      1428      1383      1381      1387      1392
       958         8         1      1424      1419      1428      1431      1388      1383      1392      1395
       959         8         1      1432      1424      1431      1435      1396      1388      1395      1399
       960         8         1      1437      1432      1435      1438      1401      1396      1399      1402
       961         8         1      1410      1412      1414      1417      1374      1375      1378      1381
       962         8         1      1413      1410      1417      1419      1377      1374      1381      1383
       963         8         1      1418      1413      1419      1424      1382      1377      1383      1388
       964         8         1      1427      1418      1424      1432      1391      1382      1388      1396
       965         8         1      1434      1427      1432      1437      1398      1391      1396      1401
       966         8         1      1406      1408      1412      1410      1370      1372      1375      1374
       967         8         1      1409      1406      1410      1413      1373      1370      1374      1377
       968         8         1      1416      1409      1413      1418      1380      1373      1377      1382
       969         8         1      1422      1416      1418      1427      1386      1380      1382      1391
       970         8         1      1429      1422      1427      1434      1393      1386      1391      1398
       971         8         1      1407      1405      1408      1406      1371      1369      1372      1370
       972         8         1      1411      1407      1406      1409      1376      1371      1370      1373
       973         8         1      1415      1411      1409      1416      1379      1376      1373      1380
       974         8         1      1420      1415      1416      1422      1384      1379      1380      1386
       975         8         1      1425      1420      1422      1429      1390      1384      1386      1393
       976         8         1      1458      1457      1462      1465      1423      1421      1426      1430
       977         8         1      1464      1458      1465      1470      1428      1423      1430      1433
       978         8         1      1467      1464      1470      1472      1431      1428      1433      1436
       979         8         1      1471      1467      1472      1475      1435      1431      1436      1439
       980         8         1      1474      1471      1475      1476      1438      1435      1439      1440
       981         8         1      1453      1451      1457      1458      1417      1414      1421      1423
       982         8         1      1455      1453      1458      1464      1419      1417      1423      1428
       983         8         1      1460      1455      1464      1467      1424      1419      1428      1431
       984         8         1      1468      1460      1467      1471      1432      1424      1431      1435
       985         8         1      1473      1468      1471      1474      1437      1432      1435      1438
       986         8         1      1446      1448      1451      1453      1410      1412      1414      1417
       987         8         1      1449      1446      1453      1455      1413      1410      1417      1419
       988         8         1      1454      1449      1455      1460      1418      1413      1419      1424
       989         8         1      1463      1454      1460      1468      1427      1418      1424      1432
       990         8         1      1469      1463      1468      1473      1434      1427      1432      1437
       991         8         1      1442      1444      1448      1446      1406      1408      1412      1410
       992         8         1      1445      1442      1446      1449      1409      1406      1410      1413
       993         8         1      1452      1445      1449      1454      1416      1409      1413      1418
       994         8         1      1459      1452      1454      1463      1422      1416      1418      1427
       995         8         1      1466      1459      1463      1469      1429      1422      1427      1434
       996         8         1      1443      1441      1444      1442      1407      1405      1408      1406
       997         8         1      1447      1443      1442      1445      1411      1407      1406      1409
       998         8         1      1450      1447      1445      1452      1415      1411      1409      1416
       999         8         1      1456      1450      1452      1459      1420      1415      1416      1422
      1000         8         1      1461      1456      1459      1466      1425      1420      1422      1429
      1001         8         1      1495      1502      1496      1491      1458      1457      1462      1465
      1002         8         1      1489      1495      1491      1486      1464      1458      1465      1470
      1003         8         1      1484      1489      1486      1482      1467      1464      1470      1472
      1004         8         1      1480      1484      1482      1479      1471      1467      1472      1475
      1005         8         1      1478      1480      1479      1477      1474      1471      1475      1476
      1006         8         1      1500      1505      1502      1495      1453      1451      1457      1458
      1007         8         1      1492      1500      1495      1489      1455      1453      1458      1464
      1008         8         1      1485      1492      1489      1484      1460      1455      1464      1467
      1009         8         1      1483      1485      1484      1480      1468      1460      1467      1471
      1010         8         1      1481      1483      1480      1478      1473      1468      1471      1474
      1011         8         1      1503      1508      1505      1500      1446      1448      1451      1453
      1012         8         1      1498      1503      1500      1492      1449      1446      1453      1455
      1013         8         1      1493      1498      1492      1485      1454      1449      1455      1460
      1014         8         1      1488      1493      1485      1483      1463      1454      1460      1468
      1015         8         1      1487      1488      1483      1481      1469      1463      1468      1473
      1016         8         1      1507      1511      1508      1503      1442      1444      1448      1446
      1017         8         1      1504      1507      1503      1498      1445      1442      1446      1449
      1018         8         1      1499      1504      1498      1493      1452      1445      1449      1454
      1019         8         1      1494      1499      1493      1488      1459      1452      1454      1463
      1020         8         1      1490      1494      1488      1487      1466      1459      1463      1469
      1021         8         1      1510      1512      1511      1507      1443      1441      1444      1442
      1022         8         1      1509      1510      1507      1504      1447      1443      1442      1445
      1023         8         1      1506      1509      1504      1499      1450      1447      1445      1452
      1024         8         1      1501      1506      1499      1494      1456      1450      1452      1459
      1025         8         1      1497      1501      1494      1490      1461      1456      1459      1466
      1026         8         1      1531      1538      1533      1527      1495      1502      1496      1491
      1027         8         1      1525      1531      1527      1521      1489      1495      1491      1486
      1028         8         1      1520      1525      1521      1518      1484      1489      1486      1482
      1029         8         1      1516      1520      1518      1515      1480      1484      1482      1479
      1030         8         1      1514      1516      1515      1513      1478      1480      1479      1477
      1031         8         1      1536      1541      1538      1531      1500      1505      1502      1495
      1032         8         1      1528      1536      1531      1525      1492      1500      1495      1489
      1033         8         1      1523      1528      1525      1520      1485      1492      1489      1484
      1034         8         1      1519      1523      1520      1516      1483      1485      1484      1480
      1035         8         1      1517      1519      1516      1514      1481      1483      1480      1478
      1036         8         1      1539      1543      1541      1536      1503      1508      1505      1500
      1037         8         1      1534      1539      1536      1528      1498      1503      1500      1492
      1038         8         1      1529      1534      1528      1523      1493      1498      1492      1485
      1039         8         1      1524      1529      1523      1519      1488      1493      1485      1483
      1040         8         1      1522      1524      1519      1517      1487      1488      1483      1481
      1041         8         1      1545      1547      1543      1539      1507      1511      1508      1503
      1042         8         1      1540      1545      1539      1534      1504      1507      1503      1498
      1043         8         1      1535      1540      1534      1529      1499      1504      1498      1493
      1044         8         1      1530      1535      1529      1524      1494      1499      1493      1488
      1045         8         1      1526      1530      1524      1522      1490      1494      1488      1487
      1046         8         1      1546      1548      1547      1545      1510      1512      1511      1507
      1047         8         1      1544      1546      1545      1540      1509      1510      1507      1504
      1048         8         1      1542      1544      1540      1535      1506      1509      1504      1499
      1049         8         1      1537      1542      1535      1530      1501      1506      1499      1494
      1050         8         1      1532      1537      1530      1526      1497      1501      1494      1490
      1051         8         1      1567      1574      1569      1563      1531      1538      1533      1527
      1052         8         1      1561      1567      1563      1557      1525      1531      1527      1521
      1053         8         1      1556      1561      1557      1554      1520      1525      1521      1518
      1054         8         1      1552      1556      1554      1551      1516      1520      1518      1515
      1055         8         1      1550      1552      1551      1549      1514      1516      1515      1513
      1056         8         1      1572      1575      1574      1567      1536      1541      1538      1531
      1057         8         1      1564      1572      1567      1561      1528      1536      1531      1525
      1058         8         1      1559      1564      1561      1556      1523      1528      1525      1520
      1059         8         1      1555      1559      1556      1552      1519      1523      1520      1516
      1060         8         1      1553      1555      1552      1550      1517      1519      1516      1514
      1061         8         1      1577      1579      1575      1572      1539      1543      1541      1536
      1062         8         1      1570      1577      1572      1564      1534      1539      1536      1528
      1063         8         1      1565      1570      1564      1559      1529      1534      1528      1523
      1064         8         1      1560      1565      1559      1555      1524      1529      1523      1519
      1065         8         1      1558      1560      1555      1553      1522      1524      1519      1517
      1066         8         1      1581      1583      1579      1577      1545      1547      1543      1539
      1067         8         1      1578      1581      1577      1570      1540      1545      1539      1534
      1068         8         1      1571      1578      1570      1565      1535      1540      1534      1529
      1069         8         1      1566      1571      1565      1560      1530      1535      1529      1524
      1070         8         1      1562      1566      1560      1558      1526      1530      1524      1522
      1071         8         1      1582      1584      1583      1581      1546      1548      1547      1545
      1072         8         1      1580      1582      1581      1578      1544      1546      1545      1540
      1073         8         1      1576      1580      1578      1571      1542      1544      1540      1535
      1074         8         1      1573      1576      1571      1566      1537      1542      1535      1530
      1075         8         1      1568      1573      1566      1562      1532      1537      1530      1526
      1076         8         1      1603      1610      1604      1599      1567      1574      1569      1563
      1077         8         1      1597      1603      1599      1593      1561      1567      1563      1557
      1078         8         1      1592      1597      1593      1590      1556      1561      1557      1554
      1079         8         1      1588      1592      1590      1587      1552      1556      1554      1551
      1080         8         1      1586      1588      1587      1585      1550      1552      1551      1549
      1081         8         1      1608      1611      1610      1603      1572      1575      1574      1567
      1082         8         1      1600      1608      1603      1597      1564      1572      1567      1561
      1083         8         1      1595      1600      1597      1592      1559      1564      1561      1556
      1084         8         1      1591      1595      1592      1588      1555      1559      1556      1552
      1085         8         1      1589      1591      1588      1586      1553      1555      1552      1550
      1086         8         1      1613      1615      1611      1608      1577      1579      1575      1572
      1087         8         1      1606      1613      1608      1600      1570      1577      1572      1564
      1088         8         1      1601      1606      1600      1595      1565      1570      1564      1559
      1089         8         1      1596      1601      1595      1591      1560      1565      1559      1555
      1090         8         1      1594      1596      1591      1589      1558      1560      1555      1553
      1091         8         1      1617      1619      1615      1613      1581      1583      1579      1577
      1092         8         1      1614      1617      1613      1606      1578      1581      1577      1570
      1093         8         1      1607      1614      1606      1601      1571      1578      1570      1565
      1094         8         1      1602      1607      1601      1596      1566      1571      1565      1560
      1095         8         1      1598      1602      1596      1594      1562      1566      1560      1558
      1096         8         1      1618      1621      1619      1617      1582      1584      1583      1581
      1097         8         1      1616      1618      1617      1614      1580      1582      1581      1578
      1098         8         1      1612      1616      1614      1607      1576      1580      1578      1571
      1099         8         1      1609      1612      1607      1602      1573      1576      1571      1566
      1100         8         1      1605      1609      1602      1598      1568      1573      1566      1562
      1101         8         1      1639      1646      1640      1635      1603      1610      1604      1599
      1102         8         1      1633      1639      1635      1629      1597      1603      1599      1593
      1103         8         1      1628      1633      1629      1626      1592      1597      1593      1590
      1104         8         1      1624      1628      1626      1623      1588      1592      1590      1587
      1105         8         1      1622      1624      1623      1620      1586      1588      1587      1585
      1106         8         1      1644      1650      1646      1639      1608      1611      1610      1603
      1107         8         1      1636      1644      1639      1633      1600      1608      1603      1597
      1108         8         1      1631      1636      1633      1628      1595      1600      1597      1592
      1109         8         1      1627      1631      1628      1624      1591      1595      1592      1588
      1110         8         1      1625      1627      1624      1622      1589      1591      1588      1586
      1111         8         1      1652      1658      1650      1644      1613      1615      1611      1608
      1112         8         1      1642      1652      1644      1636      1606      1613      1608      1600
      1113         8         1      1637      1642      1636      1631      1601      1606      1600      1595
      1114         8         1      1632      1637      1631      1627      1596      1601      1595      1591
      1115         8         1      1630      1632      1627      1625      1594      1596      1591      1589
      1116         8         1      1659      1663      1658      1652      1617      1619      1615      1613
      1117         8         1      1653      1659      1652      1642      1614      1617      1613      1606
      1118         8         1      1643      1653      1642      1637      1607      1614      1606      1601
      1119         8         1      1638      1643      1637      1632      1602      1607      1601      1596
      1120         8         1      1634      1638      1632      1630      1598      1602      1596      1594
      1121         8         1      1662      1664      1663      1659      1618      1621      1619      1617
      1122         8         1      1657      1662      1659      1653      1616      1618      1617      1614
      1123         8         1      1651      1657      1653      1643      1612      1616      1614      1607
      1124         8         1      1645      1651      1643      1638      1609      1612      1607      1602
      1125         8         1      1641      1645      1638      1634      1605      1609      1602      1598
      1126         8         1      1675      1683      1677      1671      1639      1646      1640      1635
      1127         8         1      1669      1675      1671      1665      1633      1639      1635      1629
      1128         8         1      1661      1669      1665      1655      1628      1633      1629      1626
      1129         8         1      1654      1661      1655      1648      1624      1628      1626      1623
      1130         8         1      1649      1654      1648      1647      1622      1624      1623      1620
      1131         8         1      1685      1690      1683      1675      1644      1650      1646      1639
      1132         8         1      1673      1685      1675      1669      1636      1644      1639      1633
      1133         8         1      1667      1673      1669      1661      1631      1636      1633      1628
      1134         8         1      1660      1667      1661      1654      1627      1631      1628      1624
      1135         8         1      1656      1660      1654      1649      1625      1627      1624      1622
      1136         8         1      1692      1698      1690      1685      1652      1658      1650      1644
      1137         8         1      1681      1692      1685      1673      1642      1652      1644      1636
      1138         8         1      1672      1681      1673      1667      1637      1642      1636      1631
      1139         8         1      1668      1672      1667      1660      1632      1637      1631      1627
      1140         8         1      1666      1668      1660      1656      1630      1632      1627      1625
      1141         8         1      1699      1701      1698      1692      1659      1663      1658      1652
      1142         8         1      1691      1699      1692      1681      1653      1659      1652      1642
      1143         8         1      1684      1691      1681      1672      1643      1653      1642      1637
      1144         8         1      1674      1684      1672      1668      1638      1643      1637      1632
      1145         8         1      1670      1674      1668      1666      1634      1638      1632      1630
      1146         8         1      1700      1705      1701      1699      1662      1664      1663      1659
      1147         8         1      1697      1700      1699      1691      1657      1662      1659      1653
      1148         8         1      1689      1697      1691      1684      1651      1657      1653      1643
      1149         8         1      1682      1689      1684      1674      1645      1651      1643      1638
      1150         8         1      1676      1682      1674      1670      1641      1645      1638      1634
      1151         8         1      1711      1721      1712      1707      1675      1683      1677      1671
      1152         8         1      1704      1711      1707      1695      1669      1675      1671      1665
      1153         8         1      1694      1704      1695      1687      1661      1669      1665      1655
      1154         8         1      1686      1694      1687      1679      1654      1661      1655      1648
      1155         8         1      1680      1686      1679      1678      1649      1654      1648      1647
      1156         8         1      1724      1730      1721      1711      1685      1690      1683      1675
      1157         8         1      1708      1724      1711      1704      1673      1685      1675      1669
      1158         8         1      1702      1708      1704      1694      1667      1673      1669      1661
      1159         8         1      1693      1702      1694      1686      1660      1667      1661      1654
      1160         8         1      1688      1693      1686      1680      1656      1660      1654      1649
      1161         8         1      1732      1737      1730      1724      1692      1698      1690      1685
      1162         8         1      1722      1732      1724      1708      1681      1692      1685      1673
      1163         8         1      1709      1722      1708      1702      1672      1681      1673      1667
      1164         8         1      1703      1709      1702      1693      1668      1672      1667      1660
      1165         8         1      1696      1703      1693      1688      1666      1668      1660      1656
      1166         8         1      1740      1742      1737      1732      1699      1701      1698      1692
      1167         8         1      1731      1740      1732      1722      1691      1699      1692      1681
      1168         8         1      1723      1731      1722      1709      1684      1691      1681      1672
      1169         8         1      1710      1723      1709      1703      1674      1684      1672      1668
      1170         8         1      1706      1710      1703      1696      1670      1674      1668      1666
      1171         8         1      1741      1743      1742      1740      1700      1705      1701      1699
      1172         8         1      1736      1741      1740      1731      1697      1700      1699      1691
      1173         8         1      1729      1736      1731      1723      1689      1697      1691      1684
      1174         8         1      1720      1729      1723      1710      1682      1689      1684      1674
      1175         8         1      1713      1720      1710      1706      1676      1682      1674      1670
      1176         8         1      1749      1759      1752      1738      1711      1721      1712      1707
      1177         8         1      1734      1749      1738      1727      1704      1711      1707      1695
      1178         8         1      1725      1734      1727      1719      1694      1704      1695      1687
      1179         8         1      1717      1725      1719      1716      1686      1694      1687      1679
      1180         8         1      1715      1717      1716      1714      1680      1686      1679      1678
      1181         8         1      1761      1766      1759      1749      1724      1730      1721      1711
      1182         8         1      1747      1761      1749      1734      1708      1724      1711      1704
      1183         8         1      1733      1747      1734      1725      1702      1708      1704      1694
      1184         8         1      1726      1733      1725      1717      1693      1702      1694      1686
      1185         8         1      1718      1726      1717      1715      1688      1693      1686      1680
      1186         8         1      1770      1777      1766      1761      1732      1737      1730      1724
      1187         8         1      1760      1770      1761      1747      1722      1732      1724      1708
      1188         8         1      1748      1760      1747      1733      1709      1722      1708      1702
      1189         8         1      1735      1748      1733      1726      1703      1709      1702      1693
      1190         8         1      1728      1735      1726      1718      1696      1703      1693      1688
      1191         8         1      1779      1783      1777      1770      1740      1742      1737      1732
      1192         8         1      1771      1779      1770      1760      1731      1740      1732      1722
      1193         8         1      1762      1771      1760      1748      1723      1731      1722      1709
      1194         8         1      1750      1762      1748      1735      1710      1723      1709      1703
      1195         8         1      1739      1750      1735      1728      1706      1710      1703      1696
      1196         8         1      1784      1791      1783      1779      1741      1743      1742      1740
      1197         8         1      1778      1784      1779      1771      1736      1741      1740      1731
      1198         8         1      1767      1778      1771      1762      1729      1736      1731      1723
      1199         8         1      1758      1767      1762      1750      1720      1729      1723      1710
      1200         8         1      1751      1758      1750      1739      1713      1720      1710      1706
      1201         8         1      1788      1797      1789      1772      1749      1759      1752      1738
      1202         8         1      1768      1788      1772      1763      1734      1749      1738      1727
      1203         8         1      1757      1768      1763      1755      1725      1734      1727      1719
      1204         8         1      1753      1757      1755      1746      1717      1725      1719      1716
      1205         8         1      1745      1753      1746      1744      1715      1717      1716      1714
      1206         8         1      1798      1809      1797      1788      1761      1766      1759      1749
      1207         8         1      1785      1798      1788      1768      1747      1761      1749      1734
      1208         8         1      1765      1785      1768      1757      1733      1747      1734      1725
      1209         8         1      1756      1765      1757      1753      1726      1733      1725      1717
      1210         8         1      1754      1756      1753      1745      1718      1726      1717      1715
      1211         8         1      1811      1816      1809      1798      1770      1777      1766      1761
      1212         8         1      1800      1811      1798      1785      1760      1770      1761      1747
      1213         8         1      1786      1800      1785      1765      1748      1760      1747      1733
      1214         8         1      1769      1786      1765      1756      1735      1748      1733      1726
      1215         8         1      1764      1769      1756      1754      1728      1735      1726      1718
      1216         8         1      1822      1829      1816      1811      1779      1783      1777      1770
      1217         8         1      1812      1822      1811      1800      1771      1779      1770      1760
      1218         8         1      1799      1812      1800      1786      1762      1771      1760      1748
      1219         8         1      1787      1799      1786      1769      1750      1762      1748      1735
      1220         8         1      1773      1787      1769      1764      1739      1750      1735      1728
      1221         8         1      1830      1831      1829      1822      1784      1791      1783      1779
      1222         8         1      1817      1830      1822      1812      1778      1784      1779      1771
      1223         8         1      1810      1817      1812      1799      1767      1778      1771      1762
      1224         8         1      1796      1810      1799      1787      1758      1767      1762      1750
      1225         8         1      1790      1796      1787      1773      1751      1758      1750      1739
      1226         8         1      1821      1836      1824      1805      1788      1797      1789      1772
      1227         8         1      1803      1821      1805      1794      1768      1788      1772      1763
      1228         8         1      1793      1803      1794      1782      1757      1768      1763      1755
      1229         8         1      1780      1793      1782      1776      1753      1757      1755      1746
      1230         8         1      1775      1780      1776      1774      1745      1753      1746      1744
      1231         8         1      1837      1849      1836      1821      1798      1809      1797      1788
      1232         8         1      1818      1837      1821      1803      1785      1798      1788      1768
      1233         8         1      1802      1818      1803      1793      1765      1785      1768      1757
      1234         8         1      1792      1802      1793      1780      1756      1765      1757      1753
      1235         8         1      1781      1792      1780      1775      1754      1756      1753      1745
      1236         8         1      1850      1863      1849      1837      1811      1816      1809      1798
      1237         8         1      1839      1850      1837      1818      1800      1811      1798      1785
      1238         8         1      1819      1839      1818      1802      1786      1800      1785      1765
      1239         8         1      1804      1819      1802      1792      1769      1786      1765      1756
      1240         8         1      1795      1804      1792      1781      1764      1769      1756      1754
      1241         8         1      1865      1869      1863      1850      1822      1829      1816      1811
      1242         8         1      1851      1865      1850      1839      1812      1822      1811      1800
      1243         8         1      1838      1851      1839      1819      1799      1812      1800      1786
      1244         8         1      1820      1838      1819      1804      1787      1799      1786      1769
      1245         8         1      1806      1820      1804      1795      1773      1787      1769      1764
      1246         8         1      1868      1870      1869      1865      1830      1831      1829      1822
      1247         8         1      1862      1868      1865      1851      1817      1830      1822      1812
      1248         8         1      1848      1862      1851      1838      1810      1817      1812      1799
      1249         8         1      1835      1848      1838      1820      1796      1810      1799      1787
      1250         8         1      1823      1835      1820      1806      1790      1796      1787      1773
      1251         8         1      1856      1879      1859      1843      1821      1836      1824      1805
      1252         8         1      1841      1856      1843      1827      1803      1821      1805      1794
      1253         8         1      1826      1841      1827      1815      1793      1803      1794      1782
      1254         8         1      1813      1826      1815      1808      1780      1793      1782      1776
      1255         8         1      1807      1813      1808      1801      1775      1780      1776      1774
      1256         8         1      1881      1889      1879      1856      1837      1849      1836      1821
      1257         8         1      1854      1881      1856      1841      1818      1837      1821      1803
      1258         8         1      1840      1854      1841      1826      1802      1818      1803      1793
      1259         8         1      1825      1840      1826      1813      1792      1802      1793      1780
      1260         8         1      1814      1825      1813      1807      1781      1792      1780      1775
      1261         8         1      1891      1904      1889      1881      1850      1863      1849      1837
      1262         8         1      1883      1891      1881      1854      1839      1850      1837      1818
      1263         8         1      1855      1883      1854      1840      1819      1839      1818      1802
      1264         8         1      1842      1855      1840      1825      1804      1819      1802      1792
      1265         8         1      1828      1842      1825      1814      1795      1804      1792      1781
      1266         8         1      1907      1912      1904      1891      1865      1869      1863      1850
      1267         8         1      1892      1907      1891      1883      1851      1865      1850      1839
      1268         8         1      1882      1892      1883      1855      1838      1851      1839      1819
      1269         8         1      1857      1882      1855      1842      1820      1838      1819      1804
      1270         8         1      1844      1857      1842      1828      1806      1820      1804      1795
      1271         8         1      1913      1919      1912      1907      1868      1870      1869      1865
      1272         8         1      1905      1913      1907      1892      1862      1868      1865      1851
      1273         8         1      1890      1905      1892      1882      1848      1862      1851      1838
      1274         8         1      1880      1890      1882      1857      1835      1848      1838      1820
      1275         8         1      1858      1880      1857      1844      1823      1835      1820      1806
      1276         8         1      1897      1914      1900      1877      1856      1879      1859      1843
      1277         8         1      1873      1897      1877      1860      1841      1856      1843      1827
      1278         8         1      1852      1873      1860      1847      1826      1841      1827      1815
      1279         8         1      1845      1852      1847      1834      1813      1826      1815      1808
      1280         8         1      1833      1845      1834      1832      1807      1813      1808      1801
      1281         8         1      1916      1936      1914      1897      1881      1889      1879      1856
      1282         8         1      1893      1916      1897      1873      1854      1881      1856      1841
      1283         8         1      1872      1893      1873      1852      1840      1854      1841      1826
      1284         8         1      1853      1872      1852      1845      1825      1840      1826      1813
      1285         8         1      1846      1853      1845      1833      1814      1825      1813      1807
      1286         8         1      1938      1950      1936      1916      1891      1904      1889      1881
      1287         8         1      1918      1938      1916      1893      1883      1891      1881      1854
      1288         8         1      1894      1918      1893      1872      1855      1883      1854      1840
      1289         8         1      1874      1894      1872      1853      1842      1855      1840      1825
      1290         8         1      1861      1874      1853      1846      1828      1842      1825      1814
      1291         8         1      1952      1961      1950      1938      1907      1912      1904      1891
      1292         8         1      1939      1952      1938      1918      1892      1907      1891      1883
      1293         8         1      1917      1939      1918      1894      1882      1892      1883      1855
      1294         8         1      1898      1917      1894      1874      1857      1882      1855      1842
      1295         8         1      1878      1898      1874      1861      1844      1857      1842      1828
      1296         8         1      1962      1965      1961      1952      1913      1919      1912      1907
      1297         8         1      1951      1962      1952      1939      1905      1913      1907      1892
      1298         8         1      1937      1951      1939      1917      1890      1905      1892      1882
      1299         8         1      1915      1937      1917      1898      1880      1890      1882      1857
      1300         8         1      1899      1915      1898      1878      1858      1880      1857      1844
      1301         8         1      1930      1955      1932      1910      1897      1914      1900      1877
      1302         8         1      1908      1930      1910      1886      1873      1897      1877      1860
      1303         8         1      1885      1908      1886      1875      1852      1873      1860      1847
      1304         8         1      1871      1885      1875      1866      1845      1852      1847      1834
      1305         8         1      1867      1871      1866      1864      1833      1845      1834      1832
      1306         8         1      1957      1983      1955      1930      1916      1936      1914      1897
      1307         8         1      1928      1957      1930      1908      1893      1916      1897      1873
      1308         8         1      1906      1928      1908      1885      1872      1893      1873      1852
      1309         8         1      1884      1906      1885      1871      1853      1872      1852      1845
      1310         8         1      1876      1884      1871      1867      1846      1853      1845      1833
      1311         8         1      1984      1995      1983      1957      1938      1950      1936      1916
      1312         8         1      1959      1984      1957      1928      1918      1938      1916      1893
      1313         8         1      1929      1959      1928      1906      1894      1918      1893      1872
      1314         8         1      1909      1929      1906      1884      1874      1894      1872      1853
      1315         8         1      1887      1909      1884      1876      1861      1874      1853      1846
      1316         8         1      2001      2014      1995      1984      1952      1961      1950      1938
      1317         8         1      1985      2001      1984      1959      1939      1952      1938      1918
      1318         8         1      1958      1985      1959      1929      1917      1939      1918      1894
      1319         8         1      1931      1958      1929      1909      1898      1917      1894      1874
      1320         8         1      1911      1931      1909      1887      1878      1898      1874      1861
      1321         8         1      2015      2023      2014      2001      1962      1965      1961      1952
      1322         8         1      1994      2015      2001      1985      1951      1962      1952      1939
      1323         8         1      1982      1994      1985      1958      1937      1951      1939      1917
      1324         8         1      1956      1982      1958      1931      1915      1937      1917      1898
      1325         8         1      1933      1956      1931      1911      1899      1915      1898      1878
      1326         8         1      1969      1996      1971      1943      1930      1955      1932      1910
      1327         8         1      1941      1969      1943      1923      1908      1930      1910      1886
      1328         8         1      1921      1941      1923      1902      1885      1908      1886      1875
      1329         8         1      1901      1921      1902      1895      1871      1885      1875      1866
      1330         8         1      1896      1901      1895      1888      1867      1871      1866      1864
      1331         8         1      1998      2027      1996      1969      1957      1983      1955      1930
      1332         8         1      1967      1998      1969      1941      1928      1957      1930      1908
      1333         8         1      1940      1967      1941      1921      1906      1928      1908      1885
      1334         8         1      1920      1940      1921      1901      1884      1906      1885      1871
      1335         8         1      1903      1920      1901      1896      1876      1884      1871      1867
      1336         8         1      2028      2058      2027      1998      1984      1995      1983      1957
      1337         8         1      2000      2028      1998      1967      1959      1984      1957      1928
      1338         8         1      1966      2000      1967      1940      1929      1959      1928      1906
      1339         8         1      1942      1966      1940      1920      1909      1929      1906      1884
      1340         8         1      1924      1942      1920      1903      1887      1909      1884      1876
      1341         8         1      2060      2068      2058      2028      2001      2014      1995      1984
      1342         8         1      2029      2060      2028      2000      1985      2001      1984      1959
      1343         8         1      1999      2029      2000      1966      1958      1985      1959      1929
      1344         8         1      1970      1999      1966      1942      1931      1958      1929      1909
      1345         8         1      1944      1970      1942      1924      1911      1931      1909      1887
      1346         8         1      2067      2073      2068      2060      2015      2023      2014      2001
      1347         8         1      2057      2067      2060      2029      1994      2015      2001      1985
      1348         8         1      2026      2057      2029      1999      1982      1994      1985      1958
      1349         8         1      1997      2026      1999      1970      1956      1982      1958      1931
      1350         8         1      1972      1997      1970      1944      1933      1956      1931      1911
      1351         8         1      2007      2041      2009      1978      1969      1996      1971      1943
      1352         8         1      1976      2007      1978      1953      1941      1969      1943      1923
      1353         8         1      1947      1976      1953      1935      1921      1941      1923      1902
      1354         8         1      1927      1947      1935      1925      1901      1921      1902      1895
      1355         8         1      1926      1927      1925      1922      1896      1901      1895      1888
      1356         8         1      2045      2078      2041      2007      1998      2027      1996      1969
      1357         8         1      2002      2045      2007      1976      1967      1998      1969      1941
      1358         8         1      1975      2002      1976      1947      1940      1967      1941      1921
      1359         8         1      1946      1975      1947      1927      1920      1940      1921      1901
      1360         8         1      1934      1946      1927      1926      1903      1920      1901      1896
      1361         8         1      2085      2114      2078      2045      2028      2058      2027      1998
      1362         8         1      2047      2085      2045      2002      2000      2028      1998      1967
      1363         8         1      2003      2047      2002      1975      1966      2000      1967      1940
      1364         8         1      1977      2003      1975      1946      1942      1966      1940      1920
      1365         8         1      1954      1977      1946      1934      1924      1942      1920      1903
      1366         8         1      2117      2124      2114      2085      2060      2068      2058      2028
      1367         8         1      2086      2117      2085      2047      2029      2060      2028      2000
      1368         8         1      2046      2086      2047      2003      1999      2029      2000      1966
      1369         8         1      2008      2046      2003      1977      1970      1999      1966      1942
      1370         8         1      1979      2008      1977      1954      1944      1970      1942      1924
      1371         8         1      2125      2141      2124      2117      2067      2073      2068      2060
      1372         8         1      2113      2125      2117      2086      2057      2067      2060      2029
      1373         8         1      2077      2113      2086      2046      2026      2057      2029      1999
      1374         8         1      2042      2077      2046      2008      1997      2026      1999      1970
      1375         8         1      2010      2042      2008      1979      1972      1997      1970      1944
      1376         8         1      2052      2095      2054      2016      2007      2041      2009      1978
      1377         8         1      2012      2052      2016      1986      1976      2007      1978      1953
      1378         8         1      1981      2012      1986      1964      1947      1976      1953      1935
      1379         8         1      1960      1981      1964      1948      1927      1947      1935      1925
      1380         8         1      1949      1960      1948      1945      1926      1927      1925      1922
      1381         8         1      2099      2134      2095      2052      2045      2078      2041      2007
      1382         8         1      2051      2099      2052      2012      2002      2045      2007      1976
      1383         8         1      2006      2051      2012      1981      1975      2002      1976      1947
      1384         8         1      1980      2006      1981      1960      1946      1975      1947      1927
      1385         8         1      1963      1980      1960      1949      1934      1946      1927      1926
      1386         8         1      2142      2173      2134      2099      2085      2114      2078      2045
      1387         8         1      2101      2142      2099      2051      2047      2085      2045      2002
      1388         8         1      2050      2101      2051      2006      2003      2047      2002      1975
      1389         8         1      2013      2050      2006      1980      1977      2003      1975      1946
      1390         8         1      1987      2013      1980      1963      1954      1977      1946      1934
      1391         8         1      2176      2191      2173      2142      2117      2124      2114      2085
      1392         8         1      2143      2176      2142      2101      2086      2117      2085      2047
      1393         8         1      2100      2143      2101      2050      2046      2086      2047      2003
      1394         8         1      2053      2100      2050      2013      2008      2046      2003      1977
      1395         8         1      2017      2053      2013      1987      1979      2008      1977      1954
      1396         8         1      2192      2207      2191      2176      2125      2141      2124      2117
      1397         8         1      2172      2192      2176      2143      2113      2125      2117      2086
      1398         8         1      2133      2172      2143      2100      2077      2113      2086      2046
      1399         8         1      2096      2133      2100      2053      2042      2077      2046      2008
      1400         8         1      2055      2096      2053      2017      2010      2042      2008      1979
      1401         8         1      2091      2144      2093      2048      2052      2095      2054      2016
      1402         8         1      2043      2091      2048      2018      2012      2052      2016      1986
      1403         8         1      2004      2043      2018      1990      1981      2012      1986      1964
      1404         8         1      1988      2004      1990      1973      1960      1981      1964      1948
      1405         8         1      1974      1988      1973      1968      1949      1960      1948      1945
      1406         8         1      2150      2182      2144      2091      2099      2134      2095      2052
      1407         8         1      2090      2150      2091      2043      2051      2099      2052      2012
      1408         8         1      2040      2090      2043      2004      2006      2051      2012      1981
      1409         8         1      2005      2040      2004      1988      1980      2006      1981      1960
      1410         8         1      1989      2005      1988      1974      1963      1980      1960      1949
      1411         8         1      2189      2225      2182      2150      2142      2173      2134      2099
      1412         8         1      2152      2189      2150      2090      2101      2142      2099      2051
      1413         8         1      2089      2152      2090      2040      2050      2101      2051      2006
      1414         8         1      2044      2089      2040      2005      2013      2050      2006      1980
      1415         8         1      2019      2044      2005      1989      1987      2013      1980      1963
      1416         8         1      2234      2248      2225      2189      2176      2191      2173      2142
      1417         8         1      2190      2234      2189      2152      2143      2176      2142      2101
      1418         8         1      2151      2190      2152      2089      2100      2143      2101      2050
      1419         8         1      2092      2151      2089      2044      2053      2100      2050      2013
      1420         8         1      2049      2092      2044      2019      2017      2053      2013      1987
      1421         8         1      2249      2262      2248      2234      2192      2207      2191      2176
      1422         8         1      2224      2249      2234      2190      2172      2192      2176      2143
      1423         8         1      2181      2224      2190      2151      2133      2172      2143      2100
      1424         8         1      2145      2181      2151      2092      2096      2133      2100      2053
      1425         8         1      2094      2145      2092      2049      2055      2096      2053      2017
      1426         8         1      2126      2177      2131      2083      2091      2144      2093      2048
      1427         8         1      2075      2126      2083      2038      2043      2091      2048      2018
      1428         8         1      2032      2075      2038      2022      2004      2043      2018      1990
      1429         8         1      2011      2032      2022      1992      1988      2004      1990      1973
      1430         8         1      1993      2011      1992      1991      1974      1988      1973      1968
      1431         8         1      2183      2238      2177      2126      2150      2182      2144      2091
      1432         8         1      2123      2183      2126      2075      2090      2150      2091      2043
      1433         8         1      2074      2123      2075      2032      2040      2090      2043      2004
      1434         8         1      2033      2074      2032      2011      2005      2040      2004      1988
      1435         8         1      2021      2033      2011      1993      1989      2005      1988      1974
      1436         8         1      2241      2271      2238      2183      2189      2225      2182      2150
      1437         8         1      2185      2241      2183      2123      2152      2189      2150      2090
      1438         8         1      2122      2185      2123      2074      2089      2152      2090      2040
      1439         8         1      2076      2122      2074      2033      2044      2089      2040      2005
      1440         8         1      2039      2076      2033      2021      2019      2044      2005      1989
      1441         8         1      2283      2298      2271      2241      2234      2248      2225      2189
      1442         8         1      2242      2283      2241      2185      2190      2234      2189      2152
      1443         8         1      2184      2242      2185      2122      2151      2190      2152      2089
      1444         8         1      2127      2184      2122      2076      2092      2151      2089      2044
      1445         8         1      2084      2127      2076      2039      2049      2092      2044      2019
      1446         8         1      2299      2307      2298      2283      2249      2262      2248      2234
      1447         8         1      2270      2299      2283      2242      2224      2249      2234      2190
      1448         8         1      2237      2270      2242      2184      2181      2224      2190      2151
      1449         8         1      2178      2237      2184      2127      2145      2181      2151      2092
      1450         8         1      2130      2178      2127      2084      2094      2145      2092      2049
      1451         8         1      2166      2222      2171      2115      2126      2177      2131      2083
      1452         8         1      2111      2166      2115      2069      2075      2126      2083      2038
      1453         8         1      2066      2111      2069      2035      2032      2075      2038      2022
      1454         8         1      2031      2066      2035      2024      2011      2032      2022      1992
      1455         8         1      2025      2031      2024      2020      1993      2011      1992      1991
      1456         8         1      2228      2273      2222      2166      2183      2238      2177      2126
      1457         8         1      2163      2228      2166      2111      2123      2183      2126      2075
      1458         8         1      2108      2163      2111      2066      2074      2123      2075      2032
      1459         8         1      2065      2108      2066      2031      2033      2074      2032      2011
      1460         8         1      2034      2065      2031      2025      2021      2033      2011      1993
      1461         8         1      2284      2325      2273      2228      2241      2271      2238      2183
      1462         8         1      2230      2284      2228      2163      2185      2241      2183      2123
      1463         8         1      2162      2230      2163      2108      2122      2185      2123      2074
      1464         8         1      2112      2162      2108      2065      2076      2122      2074      2033
      1465         8         1      2070      2112      2065      2034      2039      2076      2033      2021
      1466         8         1      2330      2344      2325      2284      2283      2298      2271      2241
      1467         8         1      2285      2330      2284      2230      2242      2283      2241      2185
      1468         8         1      2229      2285      2230      2162      2184      2242      2185      2122
      1469         8         1      2167      2229      2162      2112      2127      2184      2122      2076
      1470         8         1      2116      2167      2112      2070      2084      2127      2076      2039
      1471         8         1      2345      2359      2344      2330      2299      2307      2298      2283
      1472         8         1      2324      2345      2330      2285      2270      2299      2283      2242
      1473         8         1      2272      2324      2285      2229      2237      2270      2242      2184
      1474         8         1      2223      2272      2229      2167      2178      2237      2184      2127
      1475         8         1      2170      2223      2167      2116      2130      2178      2127      2084
      1476         8         1      2201      2257      2203      2146      2166      2222      2171      2115
      1477         8         1      2139      2201      2146      2097      2111      2166      2115      2069
      1478         8         1      2087      2139      2097      2063      2066      2111      2069      2035
      1479         8         1      2059      2087      2063      2036      2031      2066      2035      2024
      1480         8         1      2037      2059      2036      2030      2025      2031      2024      2020
      1481         8         1      2260      2306      2257      2201      2228      2273      2222      2166
      1482         8         1      2200      2260      2201      2139      2163      2228      2166      2111
      1483         8         1      2132      2200      2139      2087      2108      2163      2111      2066
      1484         8         1      2088      2132      2087      2059      2065      2108      2066      2031
      1485         8         1      2064      2088      2059      2037      2034      2065      2031      2025
      1486         8         1      2319      2356      2306      2260      2284      2325      2273      2228
      1487         8         1      2261      2319      2260      2200      2230      2284      2228      2163
      1488         8         1      2199      2261      2200      2132      2162      2230      2163      2108
      1489         8         1      2140      2199      2132      2088      2112      2162      2108      2065
      1490         8         1      2098      2140      2088      2064      2070      2112      2065      2034
      1491         8         1      2362      2381      2356      2319      2330      2344      2325      2284
      1492         8         1      2320      2362      2319      2261      2285      2330      2284      2230
      1493         8         1      2259      2320      2261      2199      2229      2285      2230      2162
      1494         8         1      2202      2259      2199      2140      2167      2229      2162      2112
      1495         8         1      2147      2202      2140      2098      2116      2167      2112      2070
      1496         8         1      2382      2394      2381      2362      2345      2359      2344      2330
      1497         8         1      2357      2382      2362      2320      2324      2345      2330      2285
      1498         8         1      2305      2357      2320      2259      2272      2324      2285      2229
      1499         8         1      2256      2305      2259      2202      2223      2272      2229      2167
      1500         8         1      2204      2256      2202      2147      2170      2223      2167      2116
      1501         8         1      2217      2287      2220      2165      2201      2257      2203      2146
      1502         8         1      2159      2217      2165      2118      2139      2201      2146      2097
      1503         8         1      2110      2159      2118      2079      2087      2139      2097      2063
      1504         8         1      2071      2110      2079      2062      2059      2087      2063      2036
      1505         8         1      2061      2071      2062      2056      2037      2059      2036      2030
      1506         8         1      2291      2331      2287      2217      2260      2306      2257      2201
      1507         8         1      2215      2291      2217      2159      2200      2260      2201      2139
      1508         8         1      2155      2215      2159      2110      2132      2200      2139      2087
      1509         8         1      2109      2155      2110      2071      2088      2132      2087      2059
      1510         8         1      2080      2109      2071      2061      2064      2088      2059      2037
      1511         8         1      2339      2379      2331      2291      2319      2356      2306      2260
      1512         8         1      2292      2339      2291      2215      2261      2319      2260      2200
      1513         8         1      2214      2292      2215      2155      2199      2261      2200      2132
      1514         8         1      2158      2214      2155      2109      2140      2199      2132      2088
      1515         8         1      2119      2158      2109      2080      2098      2140      2088      2064
      1516         8         1      2389      2408      2379      2339      2362      2381      2356      2319
      1517         8         1      2338      2389      2339      2292      2320      2362      2319      2261
      1518         8         1      2290      2338      2292      2214      2259      2320      2261      2199
      1519         8         1      2216      2290      2214      2158      2202      2259      2199      2140
      1520         8         1      2164      2216      2158      2119      2147      2202      2140      2098
      1521         8         1      2407      2417      2408      2389      2382      2394      2381      2362
      1522         8         1      2380      2407      2389      2338      2357      2382      2362      2320
      1523         8         1      2332      2380      2338      2290      2305      2357      2320      2259
      1524         8         1      2286      2332      2290      2216      2256      2305      2259      2202
      1525         8         1      2221      2286      2216      2164      2204      2256      2202      2147
      1526         8         1      2251      2309      2253      2198      2217      2287      2220      2165
      1527         8         1      2187      2251      2198      2148      2159      2217      2165      2118
      1528         8         1      2136      2187      2148      2104      2110      2159      2118      2079
      1529         8         1      2102      2136      2104      2082      2071      2110      2079      2062
      1530         8         1      2081      2102      2082      2072      2061      2071      2062      2056
      1531         8         1      2315      2367      2309      2251      2291      2331      2287      2217
      1532         8         1      2247      2315      2251      2187      2215      2291      2217      2159
      1533         8         1      2180      2247      2187      2136      2155      2215      2159      2110
      1534         8         1      2135      2180      2136      2102      2109      2155      2110      2071
      1535         8         1      2105      2135      2102      2081      2080      2109      2071      2061
      1536         8         1      2370      2411      2367      2315      2339      2379      2331      2291
      1537         8         1      2318      2370      2315      2247      2292      2339      2291      2215
      1538         8         1      2246      2318      2247      2180      2214      2292      2215      2155
      1539         8         1      2186      2246      2180      2135      2158      2214      2155      2109
      1540         8         1      2149      2186      2135      2105      2119      2158      2109      2080
      1541         8         1      2416      2437      2411      2370      2389      2408      2379      2339
      1542         8         1      2369      2416      2370      2318      2338      2389      2339      2292
      1543         8         1      2314      2369      2318      2246      2290      2338      2292      2214
      1544         8         1      2250      2314      2246      2186      2216      2290      2214      2158
      1545         8         1      2197      2250      2186      2149      2164      2216      2158      2119
      1546         8         1      2436      2447      2437      2416      2407      2417      2408      2389
      1547         8         1      2412      2436      2416      2369      2380      2407      2389      2338
      1548         8         1      2368      2412      2369      2314      2332      2380      2338      2290
      1549         8         1      2308      2368      2314      2250      2286      2332      2290      2216
      1550         8         1      2252      2308      2250      2197      2221      2286      2216      2164
      1551         8         1      2280      2337      2281      2219      2251      2309      2253      2198
      1552         8         1      2212      2280      2219      2174      2187      2251      2198      2148
      1553         8         1      2161      2212      2174      2128      2136      2187      2148      2104
      1554         8         1      2120      2161      2128      2107      2102      2136      2104      2082
      1555         8         1      2106      2120      2107      2103      2081      2102      2082      2072
      1556         8         1      2341      2399      2337      2280      2315      2367      2309      2251
      1557         8         1      2277      2341      2280      2212      2247      2315      2251      2187
      1558         8         1      2210      2277      2212      2161      2180      2247      2187      2136
      1559         8         1      2160      2210      2161      2120      2135      2180      2136      2102
      1560         8         1      2129      2160      2120      2106      2105      2135      2102      2081
      1561         8         1      2404      2440      2399      2341      2370      2411      2367      2315
      1562         8         1      2346      2404      2341      2277      2318      2370      2315      2247
      1563         8         1      2276      2346      2277      2210      2246      2318      2247      2180
      1564         8         1      2211      2276      2210      2160      2186      2246      2180      2135
      1565         8         1      2175      2211      2160      2129      2149      2186      2135      2105
      1566         8         1      2448      2465      2440      2404      2416      2437      2411      2370
      1567         8         1      2403      2448      2404      2346      2369      2416      2370      2318
      1568         8         1      2340      2403      2346      2276      2314      2369      2318      2246
      1569         8         1      2279      2340      2276      2211      2250      2314      2246      2186
      1570         8         1      2218      2279      2211      2175      2197      2250      2186      2149
      1571         8         1      2464      2473      2465      2448      2436      2447      2437      2416
      1572         8         1      2441      2464      2448      2403      2412      2436      2416      2369
      1573         8         1      2400      2441      2403      2340      2368      2412      2369      2314
      1574         8         1      2336      2400      2340      2279      2308      2368      2314      2250
      1575         8         1      2282      2336      2279      2218      2252      2308      2250      2197
      1576         8         1      2313      2372      2317      2255      2280      2337      2281      2219
      1577         8         1      2245      2313      2255      2208      2212      2280      2219      2174
      1578         8         1      2196      2245      2208      2156      2161      2212      2174      2128
      1579         8         1      2153      2196      2156      2138      2120      2161      2128      2107
      1580         8         1      2137      2153      2138      2121      2106      2120      2107      2103
      1581         8         1      2374      2427      2372      2313      2341      2399      2337      2280
      1582         8         1      2311      2374      2313      2245      2277      2341      2280      2212
      1583         8         1      2243      2311      2245      2196      2210      2277      2212      2161
      1584         8         1      2195      2243      2196      2153      2160      2210      2161      2120
      1585         8         1      2157      2195      2153      2137      2129      2160      2120      2106
      1586         8         1      2435      2469      2427      2374      2404      2440      2399      2341
      1587         8         1      2375      2435      2374      2311      2346      2404      2341      2277
      1588         8         1      2310      2375      2311      2243      2276      2346      2277      2210
      1589         8         1      2244      2310      2243      2195      2211      2276      2210      2160
      1590         8         1      2209      2244      2195      2157      2175      2211      2160      2129
      1591         8         1      2475      2491      2469      2435      2448      2465      2440      2404
      1592         8         1      2434      2475      2435      2375      2403      2448      2404      2346
      1593         8         1      2373      2434      2375      2310      2340      2403      2346      2276
      1594         8         1      2312      2373      2310      2244      2279      2340      2276      2211
      1595         8         1      2254      2312      2244      2209      2218      2279      2211      2175
      1596         8         1      2490      2504      2491      2475      2464      2473      2465      2448
      1597         8         1      2470      2490      2475      2434      2441      2464      2448      2403
      1598         8         1      2428      2470      2434      2373      2400      2441      2403      2340
      1599         8         1      2371      2428      2373      2312      2336      2400      2340      2279
      1600         8         1      2316      2371      2312      2254      2282      2336      2279      2218
      1601         8         1      2352      2410      2354      2294      2313      2372      2317      2255
      1602         8         1      2289      2352      2294      2235      2245      2313      2255      2208
      1603         8         1      2227      2289      2235      2193      2196      2245      2208      2156
      1604         8         1      2179      2227      2193      2169      2153      2196      2156      2138
      1605         8         1      2168      2179      2169      2154      2137      2153      2138      2121
      1606         8         1      2414      2460      2410      2352      2374      2427      2372      2313
      1607         8         1      2348      2414      2352      2289      2311      2374      2313      2245
      1608         8         1      2278      2348      2289      2227      2243      2311      2245      2196
      1609         8         1      2226      2278      2227      2179      2195      2243      2196      2153
      1610         8         1      2194      2226      2179      2168      2157      2195      2153      2137
      1611         8         1      2467      2502      2460      2414      2435      2469      2427      2374
      1612         8         1      2415      2467      2414      2348      2375      2435      2374      2311
      1613         8         1      2347      2415      2348      2278      2310      2375      2311      2243
      1614         8         1      2288      2347      2278      2226      2244      2310      2243      2195
      1615         8         1      2236      2288      2226      2194      2209      2244      2195      2157
      1616         8         1      2505      2524      2502      2467      2475      2491      2469      2435
      1617         8         1      2466      2505      2467      2415      2434      2475      2435      2375
      1618         8         1      2413      2466      2415      2347      2373      2434      2375      2310
      1619         8         1      2351      2413      2347      2288      2312      2373      2310      2244
      1620         8         1      2293      2351      2288      2236      2254      2312      2244      2209
      1621         8         1      2523      2532      2524      2505      2490      2504      2491      2475
      1622         8         1      2503      2523      2505      2466      2470      2490      2475      2434
      1623         8         1      2461      2503      2466      2413      2428      2470      2434      2373
      1624         8         1      2409      2461      2413      2351      2371      2428      2373      2312
      1625         8         1      2353      2409      2351      2293      2316      2371      2312      2254
      1626         8         1      2386      2446      2387      2329      2352      2410      2354      2294
      1627         8         1      2327      2386      2329      2268      2289      2352      2294      2235
      1628         8         1      2264      2327      2268      2231      2227      2289      2235      2193
      1629         8         1      2213      2264      2231      2206      2179      2227      2193      2169
      1630         8         1      2205      2213      2206      2188      2168      2179      2169      2154
      1631         8         1      2450      2488      2446      2386      2414      2460      2410      2352
      1632         8         1      2384      2450      2386      2327      2348      2414      2352      2289
      1633         8         1      2321      2384      2327      2264      2278      2348      2289      2227
      1634         8         1      2263      2321      2264      2213      2226      2278      2227      2179
      1635         8         1      2232      2263      2213      2205      2194      2226      2179      2168
      1636         8         1      2501      2528      2488      2450      2467      2502      2460      2414
      1637         8         1      2451      2501      2450      2384      2415      2467      2414      2348
      1638         8         1      2383      2451      2384      2321      2347      2415      2348      2278
      1639         8         1      2326      2383      2321      2263      2288      2347      2278      2226
      1640         8         1      2269      2326      2263      2232      2236      2288      2226      2194
      1641         8         1      2539      2552      2528      2501      2505      2524      2502      2467
      1642         8         1      2500      2539      2501      2451      2466      2505      2467      2415
      1643         8         1      2449      2500      2451      2383      2413      2466      2415      2347
      1644         8         1      2385      2449      2383      2326      2351      2413      2347      2288
      1645         8         1      2328      2385      2326      2269      2293      2351      2288      2236
      1646         8         1      2551      2563      2552      2539      2523      2532      2524      2505
      1647         8         1      2529      2551      2539      2500      2503      2523      2505      2466
      1648         8         1      2489      2529      2500      2449      2461      2503      2466      2413
      1649         8         1      2445      2489      2449      2385      2409      2461      2413      2351
      1650         8         1      2388      2445      2385      2328      2353      2409      2351      2293
      1651         8         1      2421      2481      2422      2366      2386      2446      2387      2329
      1652         8         1      2361      2421      2366      2302      2327      2386      2329      2268
      1653         8         1      2297      2361      2302      2265      2264      2327      2268      2231
      1654         8         1      2258      2297      2265      2240      2213      2264      2231      2206
      1655         8         1      2239      2258      2240      2233      2205      2213      2206      2188
      1656         8         1      2483      2525      2481      2421      2450      2488      2446      2386
      1657         8         1      2419      2483      2421      2361      2384      2450      2386      2327
      1658         8         1      2358      2419      2361      2297      2321      2384      2327      2264
      1659         8         1      2296      2358      2297      2258      2263      2321      2264      2213
      1660         8         1      2266      2296      2258      2239      2232      2263      2213      2205
      1661         8         1      2531      2564      2525      2483      2501      2528      2488      2450
      1662         8         1      2486      2531      2483      2419      2451      2501      2450      2384
      1663         8         1      2418      2486      2419      2358      2383      2451      2384      2321
      1664         8         1      2360      2418      2358      2296      2326      2383      2321      2263
      1665         8         1      2303      2360      2296      2266      2269      2326      2263      2232
      1666         8         1      2568      2580      2564      2531      2539      2552      2528      2501
      1667         8         1      2530      2568      2531      2486      2500      2539      2501      2451
      1668         8         1      2482      2530      2486      2418      2449      2500      2451      2383
      1669         8         1      2420      2482      2418      2360      2385      2449      2383      2326
      1670         8         1      2365      2420      2360      2303      2328      2385      2326      2269
      1671         8         1      2581      2587      2580      2568      2551      2563      2552      2539
      1672         8         1      2565      2581      2568      2530      2529      2551      2539      2500
      1673         8         1      2526      2565      2530      2482      2489      2529      2500      2449
      1674         8         1      2480      2526      2482      2420      2445      2489      2449      2385
      1675         8         1      2423      2480      2420      2365      2388      2445      2385      2328
      1676         8         1      2457      2510      2458      2402      2421      2481      2422      2366
      1677         8         1      2398      2457      2402      2349      2361      2421      2366      2302
      1678         8         1      2335      2398      2349      2300      2297      2361      2302      2265
      1679         8         1      2295      2335      2300      2275      2258      2297      2265      2240
      1680         8         1      2274      2295      2275      2267      2239      2258      2240      2233
      1681         8         1      2515      2557      2510      2457      2483      2525      2481      2421
      1682         8         1      2455      2515      2457      2398      2419      2483      2421      2361
      1683         8         1      2395      2455      2398      2335      2358      2419      2361      2297
      1684         8         1      2334      2395      2335      2295      2296      2358      2297      2258
      1685         8         1      2301      2334      2295      2274      2266      2296      2258      2239
      1686         8         1      2566      2591      2557      2515      2531      2564      2525      2483
      1687         8         1      2518      2566      2515      2455      2486      2531      2483      2419
      1688         8         1      2454      2518      2455      2395      2418      2486      2419      2358
      1689         8         1      2397      2454      2395      2334      2360      2418      2358      2296
      1690         8         1      2350      2397      2334      2301      2303      2360      2296      2266
      1691         8         1      2602      2612      2591      2566      2568      2580      2564      2531
      1692         8         1      2567      2602      2566      2518      2530      2568      2531      2486
      1693         8         1      2514      2567      2518      2454      2482      2530      2486      2418
      1694         8         1      2456      2514      2454      2397      2420      2482      2418      2360
      1695         8         1      2401      2456      2397      2350      2365      2420      2360      2303
      1696         8         1      2613      2621      2612      2602      2581      2587      2580      2568
      1697         8         1      2592      2613      2602      2567      2565      2581      2568      2530
      1698         8         1      2558      2592      2567      2514      2526      2565      2530      2482
      1699         8         1      2509      2558      2514      2456      2480      2526      2482      2420
      1700         8         1      2459      2509      2456      2401      2423      2480      2420      2365
      1701         8         1      2497      2545      2499      2444      2457      2510      2458      2402
      1702         8         1      2439      2497      2444      2392      2398      2457      2402      2349
      1703         8         1      2377      2439      2392      2342      2335      2398      2349      2300
      1704         8         1      2333      2377      2342      2323      2295      2335      2300      2275
      1705         8         1      2322      2333      2323      2304      2274      2295      2275      2267
      1706         8         1      2547      2589      2545      2497      2515      2557      2510      2457
      1707         8         1      2495      2547      2497      2439      2455      2515      2457      2398
      1708         8         1      2433      2495      2439      2377      2395      2455      2398      2335
      1709         8         1      2376      2433      2377      2333      2334      2395      2335      2295
      1710         8         1      2343      2376      2333      2322      2301      2334      2295      2274
      1711         8         1      2598      2624      2589      2547      2566      2591      2557      2515
      1712         8         1      2548      2598      2547      2495      2518      2566      2515      2455
      1713         8         1      2494      2548      2495      2433      2454      2518      2455      2395
      1714         8         1      2438      2494      2433      2376      2397      2454      2395      2334
      1715         8         1      2393      2438      2376      2343      2350      2397      2334      2301
      1716         8         1      2631      2647      2624      2598      2602      2612      2591      2566
      1717         8         1      2599      2631      2598      2548      2567      2602      2566      2518
      1718         8         1      2546      2599      2548      2494      2514      2567      2518      2454
      1719         8         1      2496      2546      2494      2438      2456      2514      2454      2397
      1720         8         1      2443      2496      2438      2393      2401      2456      2397      2350
      1721         8         1      2648      2651      2647      2631      2613      2621      2612      2602
      1722         8         1      2625      2648      2631      2599      2592      2613      2602      2567
      1723         8         1      2590      2625      2599      2546      2558      2592      2567      2514
      1724         8         1      2544      2590      2546      2496      2509      2558      2514      2456
      1725         8         1      2498      2544      2496      2443      2459      2509      2456      2401
      1726         8         1      2535      2579      2537      2484      2497      2545      2499      2444
      1727         8         1      2479      2535      2484      2429      2439      2497      2444      2392
      1728         8         1      2424      2479      2429      2390      2377      2439      2392      2342
      1729         8         1      2378      2424      2390      2363      2333      2377      2342      2323
      1730         8         1      2364      2378      2363      2355      2322      2333      2323      2304
      1731         8         1      2582      2622      2579      2535      2547      2589      2545      2497
      1732         8         1      2534      2582      2535      2479      2495      2547      2497      2439
      1733         8         1      2474      2534      2479      2424      2433      2495      2439      2377
      1734         8         1      2425      2474      2424      2378      2376      2433      2377      2333
      1735         8         1      2391      2425      2378      2364      2343      2376      2333      2322
      1736         8         1      2628      2656      2622      2582      2598      2624      2589      2547
      1737         8         1      2584      2628      2582      2534      2548      2598      2547      2495
      1738         8         1      2533      2584      2534      2474      2494      2548      2495      2433
      1739         8         1      2478      2533      2474      2425      2438      2494      2433      2376
      1740         8         1      2430      2478      2425      2391      2393      2438      2376      2343
      1741         8         1      2662      2675      2656      2628      2631      2647      2624      2598
      1742         8         1      2629      2662      2628      2584      2599      2631      2598      2548
      1743         8         1      2583      2629      2584      2533      2546      2599      2548      2494
      1744         8         1      2536      2583      2533      2478      2496      2546      2494      2438
      1745         8         1      2485      2536      2478      2430      2443      2496      2438      2393
      1746         8         1      2676      2685      2675      2662      2648      2651      2647      2631
      1747         8         1      2657      2676      2662      2629      2625      2648      2631      2599
      1748         8         1      2623      2657      2629      2583      2590      2625      2599      2546
      1749         8         1      2578      2623      2583      2536      2544      2590      2546      2496
      1750         8         1      2538      2578      2536      2485      2498      2544      2496      2443
      1751         8         1      2571      2614      2574      2521      2535      2579      2537      2484
      1752         8         1      2516      2571      2521      2471      2479      2535      2484      2429
      1753         8         1      2462      2516      2471      2431      2424      2479      2429      2390
      1754         8         1      2426      2462      2431      2405      2378      2424      2390      2363
      1755         8         1      2406      2426      2405      2396      2364      2378      2363      2355
      1756         8         1      2616      2658      2614      2571      2582      2622      2579      2535
      1757         8         1      2570      2616      2571      2516      2534      2582      2535      2479
      1758         8         1      2511      2570      2516      2462      2474      2534      2479      2424
      1759         8         1      2463      2511      2462      2426      2425      2474      2424      2378
      1760         8         1      2432      2463      2426      2406      2391      2425      2378      2364
      1761         8         1      2663      2690      2658      2616      2628      2656      2622      2582
      1762         8         1      2618      2663      2616      2570      2584      2628      2582      2534
      1763         8         1      2569      2618      2570      2511      2533      2584      2534      2474
      1764         8         1      2517      2569      2511      2463      2478      2533      2474      2425
      1765         8         1      2472      2517      2463      2432      2430      2478      2425      2391
      1766         8         1      2695      2706      2690      2663      2662      2675      2656      2628
      1767         8         1      2664      2695      2663      2618      2629      2662      2628      2584
      1768         8         1      2617      2664      2618      2569      2583      2629      2584      2533
      1769         8         1      2572      2617      2569      2517      2536      2583      2533      2478
      1770         8         1      2522      2572      2517      2472      2485      2536      2478      2430
      1771         8         1      2707      2714      2706      2695      2676      2685      2675      2662
      1772         8         1      2691      2707      2695      2664      2657      2676      2662      2629
      1773         8         1      2659      2691      2664      2617      2623      2657      2629      2583
      1774         8         1      2615      2659      2617      2572      2578      2623      2583      2536
      1775         8         1      2573      2615      2572      2522      2538      2578      2536      2485
      1776         8         1      2607      2649      2609      2559      2571      2614      2574      2521
      1777         8         1      2555      2607      2559      2512      2516      2571      2521      2471
      1778         8         1      2506      2555      2512      2476      2462      2516      2471      2431
      1779         8         1      2468      2506      2476      2452      2426      2462      2431      2405
      1780         8         1      2453      2468      2452      2442      2406      2426      2405      2396
      1781         8         1      2652      2693      2649      2607      2616      2658      2614      2571
      1782         8         1      2606      2652      2607      2555      2570      2616      2571      2516
      1783         8         1      2549      2606      2555      2506      2511      2570      2516      2462
      1784         8         1      2507      2549      2506      2468      2463      2511      2462      2426
      1785         8         1      2477      2507      2468      2453      2432      2463      2426      2406
      1786         8         1      2697      2720      2693      2652      2663      2690      2658      2616
      1787         8         1      2655      2697      2652      2606      2618      2663      2616      2570
      1788         8         1      2605      2655      2606      2549      2569      2618      2570      2511
      1789         8         1      2556      2605      2549      2507      2517      2569      2511      2463
      1790         8         1      2513      2556      2507      2477      2472      2517      2463      2432
      1791         8         1      2731      2735      2720      2697      2695      2706      2690      2663
      1792         8         1      2698      2731      2697      2655      2664      2695      2663      2618
      1793         8         1      2653      2698      2655      2605      2617      2664      2618      2569
      1794         8         1      2608      2653      2605      2556      2572      2617      2569      2517
      1795         8         1      2560      2608      2556      2513      2522      2572      2517      2472
      1796         8         1      2736      2744      2735      2731      2707      2714      2706      2695
      1797         8         1      2721      2736      2731      2698      2691      2707      2695      2664
      1798         8         1      2694      2721      2698      2653      2659      2691      2664      2617
      1799         8         1      2650      2694      2653      2608      2615      2659      2617      2572
      1800         8         1      2610      2650      2608      2560      2573      2615      2572      2522
      1801         8         1      2643      2686      2646      2600      2607      2649      2609      2559
      1802         8         1      2593      2643      2600      2553      2555      2607      2559      2512
      1803         8         1      2542      2593      2553      2519      2506      2555      2512      2476
      1804         8         1      2508      2542      2519      2492      2468      2506      2476      2452
      1805         8         1      2493      2508      2492      2487      2453      2468      2452      2442
      1806         8         1      2688      2729      2686      2643      2652      2693      2649      2607
      1807         8         1      2642      2688      2643      2593      2606      2652      2607      2555
      1808         8         1      2588      2642      2593      2542      2549      2606      2555      2506
      1809         8         1      2543      2588      2542      2508      2507      2549      2506      2468
      1810         8         1      2520      2543      2508      2493      2477      2507      2468      2453
      1811         8         1      2732      2755      2729      2688      2697      2720      2693      2652
      1812         8         1      2692      2732      2688      2642      2655      2697      2652      2606
      1813         8         1      2641      2692      2642      2588      2605      2655      2606      2549
      1814         8         1      2594      2641      2588      2543      2556      2605      2549      2507
      1815         8         1      2554      2594      2543      2520      2513      2556      2507      2477
      1816         8         1      2762      2770      2755      2732      2731      2735      2720      2697
      1817         8         1      2733      2762      2732      2692      2698      2731      2697      2655
      1818         8         1      2689      2733      2692      2641      2653      2698      2655      2605
      1819         8         1      2644      2689      2641      2594      2608      2653      2605      2556
      1820         8         1      2601      2644      2594      2554      2560      2608      2556      2513
      1821         8         1      2771      2773      2770      2762      2736      2744      2735      2731
      1822         8         1      2756      2771      2762      2733      2721      2736      2731      2698
      1823         8         1      2730      2756      2733      2689      2694      2721      2698      2653
      1824         8         1      2687      2730      2689      2644      2650      2694      2653      2608
      1825         8         1      2645      2687      2644      2601      2610      2650      2608      2560
      1826         8         1      2679      2724      2681      2637      2643      2686      2646      2600
      1827         8         1      2632      2679      2637      2595      2593      2643      2600      2553
      1828         8         1      2585      2632      2595      2561      2542      2593      2553      2519
      1829         8         1      2550      2585      2561      2540      2508      2542      2519      2492
      1830         8         1      2541      2550      2540      2527      2493      2508      2492      2487
      1831         8         1      2726      2760      2724      2679      2688      2729      2686      2643
      1832         8         1      2678      2726      2679      2632      2642      2688      2643      2593
      1833         8         1      2630      2678      2632      2585      2588      2642      2593      2542
      1834         8         1      2586      2630      2585      2550      2543      2588      2542      2508
      1835         8         1      2562      2586      2550      2541      2520      2543      2508      2493
      1836         8         1      2768      2783      2760      2726      2732      2755      2729      2688
      1837         8         1      2728      2768      2726      2678      2692      2732      2688      2642
      1838         8         1      2677      2728      2678      2630      2641      2692      2642      2588
      1839         8         1      2633      2677      2630      2586      2594      2641      2588      2543
      1840         8         1      2596      2633      2586      2562      2554      2594      2543      2520
      1841         8         1      2793      2806      2783      2768      2762      2770      2755      2732
      1842         8         1      2769      2793      2768      2728      2733      2762      2732      2692
      1843         8         1      2727      2769      2728      2677      2689      2733      2692      2641
      1844         8         1      2680      2727      2677      2633      2644      2689      2641      2594
      1845         8         1      2638      2680      2633      2596      2601      2644      2594      2554
      1846         8         1      2807      2808      2806      2793      2771      2773      2770      2762
      1847         8         1      2784      2807      2793      2769      2756      2771      2762      2733
      1848         8         1      2761      2784      2769      2727      2730      2756      2733      2689
      1849         8         1      2725      2761      2727      2680      2687      2730      2689      2644
      1850         8         1      2682      2725      2680      2638      2645      2687      2644      2601
      1851         8         1      2715      2758      2719      2672      2679      2724      2681      2637
      1852         8         1      2668      2715      2672      2634      2632      2679      2637      2595
      1853         8         1      2626      2668      2634      2603      2585      2632      2595      2561
      1854         8         1      2597      2626      2603      2576      2550      2585      2561      2540
      1855         8         1      2577      2597      2576      2575      2541      2550      2540      2527
      1856         8         1      2763      2796      2758      2715      2726      2760      2724      2679
      1857         8         1      2713      2763      2715      2668      2678      2726      2679      2632
      1858         8         1      2667      2713      2668      2626      2630      2678      2632      2585
      1859         8         1      2627      2667      2626      2597      2586      2630      2585      2550
      1860         8         1      2604      2627      2597      2577      2562      2586      2550      2541
      1861         8         1      2802      2810      2796      2763      2768      2783      2760      2726
      1862         8         1      2765      2802      2763      2713      2728      2768      2726      2678
      1863         8         1      2712      2765      2713      2667      2677      2728      2678      2630
      1864         8         1      2669      2712      2667      2627      2633      2677      2630      2586
      1865         8         1      2635      2669      2627      2604      2596      2633      2586      2562
      1866         8         1      2820      2836      2810      2802      2793      2806      2783      2768
      1867         8         1      2803      2820      2802      2765      2769      2793      2768      2728
      1868         8         1      2764      2803      2765      2712      2727      2769      2728      2677
      1869         8         1      2716      2764      2712      2669      2680      2727      2677      2633
      1870         8         1      2673      2716      2669      2635      2638      2680      2633      2596
      1871         8         1      2837      2838      2836      2820      2807      2808      2806      2793
      1872         8         1      2811      2837      2820      2803      2784      2807      2793      2769
      1873         8         1      2797      2811      2803      2764      2761      2784      2769      2727
      1874         8         1      2759      2797      2764      2716      2725      2761      2727      2680
      1875         8         1      2718      2759      2716      2673      2682      2725      2680      2638
      1876         8         1      2751      2794      2754      2708      2715      2758      2719      2672
      1877         8         1      2704      2751      2708      2670      2668      2715      2672      2634
      1878         8         1      2665      2704      2670      2639      2626      2668      2634      2603
      1879         8         1      2636      2665      2639      2619      2597      2626      2603      2576
      1880         8         1      2620      2636      2619      2611      2577      2597      2576      2575
      1881         8         1      2798      2825      2794      2751      2763      2796      2758      2715
      1882         8         1      2750      2798      2751      2704      2713      2763      2715      2668
      1883         8         1      2703      2750      2704      2665      2667      2713      2668      2626
      1884         8         1      2666      2703      2665      2636      2627      2667      2626      2597
      1885         8         1      2640      2666      2636      2620      2604      2627      2597      2577
      1886         8         1      2834      2839      2825      2798      2802      2810      2796      2763
      1887         8         1      2800      2834      2798      2750      2765      2802      2763      2713
      1888         8         1      2749      2800      2750      2703      2712      2765      2713      2667
      1889         8         1      2705      2749      2703      2666      2669      2712      2667      2627
      1890         8         1      2671      2705      2666      2640      2635      2669      2627      2604
      1891         8         1      2842      2862      2839      2834      2820      2836      2810      2802
      1892         8         1      2835      2842      2834      2800      2803      2820      2802      2765
      1893         8         1      2799      2835      2800      2749      2764      2803      2765      2712
      1894         8         1      2752      2799      2749      2705      2716      2764      2712      2669
      1895         8         1      2709      2752      2705      2671      2673      2716      2669      2635
      1896         8         1      2863      2864      2862      2842      2837      2838      2836      2820
      1897         8         1      2840      2863      2842      2835      2811      2837      2820      2803
      1898         8         1      2826      2840      2835      2799      2797      2811      2803      2764
      1899         8         1      2795      2826      2799      2752      2759      2797      2764      2716
      1900         8         1      2753      2795      2752      2709      2718      2759      2716      2673
      1901         8         1      2787      2827      2789      2745      2751      2794      2754      2708
      1902         8         1      2742      2787      2745      2710      2704      2751      2708      2670
      1903         8         1      2701      2742      2710      2683      2665      2704      2670      2639
      1904         8         1      2674      2701      2683      2660      2636      2665      2639      2619
      1905         8         1      2661      2674      2660      2654      2620      2636      2619      2611
      1906         8         1      2831      2847      2827      2787      2798      2825      2794      2751
      1907         8         1      2786      2831      2787      2742      2750      2798      2751      2704
      1908         8         1      2739      2786      2742      2701      2703      2750      2704      2665
      1909         8         1      2702      2739      2701      2674      2666      2703      2665      2636
      1910         8         1      2684      2702      2674      2661      2640      2666      2636      2620
      1911         8         1      2860      2865      2847      2831      2834      2839      2825      2798
      1912         8         1      2833      2860      2831      2786      2800      2834      2798      2750
      1913         8         1      2785      2833      2786      2739      2749      2800      2750      2703
      1914         8         1      2743      2785      2739      2702      2705      2749      2703      2666
      1915         8         1      2711      2743      2702      2684      2671      2705      2666      2640
      1916         8         1      2867      2883      2865      2860      2842      2862      2839      2834
      1917         8         1      2861      2867      2860      2833      2835      2842      2834      2800
      1918         8         1      2832      2861      2833      2785      2799      2835      2800      2749
      1919         8         1      2788      2832      2785      2743      2752      2799      2749      2705
      1920         8         1      2746      2788      2743      2711      2709      2752      2705      2671
      1921         8         1      2884      2885      2883      2867      2863      2864      2862      2842
      1922         8         1      2866      2884      2867      2861      2840      2863      2842      2835
      1923         8         1      2848      2866      2861      2832      2826      2840      2835      2799
      1924         8         1      2828      2848      2832      2788      2795      2826      2799      2752
      1925         8         1      2790      2828      2788      2746      2753      2795      2752      2709
      1926         8         1      2821      2855      2824      2781      2787      2827      2789      2745
      1927         8         1      2777      2821      2781      2747      2742      2787      2745      2710
      1928         8         1      2740      2777      2747      2722      2701      2742      2710      2683
      1929         8         1      2717      2740      2722      2699      2674      2701      2683      2660
      1930         8         1      2700      2717      2699      2696      2661      2674      2660      2654
      1931         8         1      2857      2868      2855      2821      2831      2847      2827      2787
      1932         8         1      2817      2857      2821      2777      2786      2831      2787      2742
      1933         8         1      2774      2817      2777      2740      2739      2786      2742      2701
      1934         8         1      2741      2774      2740      2717      2702      2739      2701      2674
      1935         8         1      2723      2741      2717      2700      2684      2702      2674      2661
      1936         8         1      2878      2886      2868      2857      2860      2865      2847      2831
      1937         8         1      2859      2878      2857      2817      2833      2860      2831      2786
      1938         8         1      2816      2859      2817      2774      2785      2833      2786      2739
      1939         8         1      2778      2816      2774      2741      2743      2785      2739      2702
      1940         8         1      2748      2778      2741      2723      2711      2743      2702      2684
      1941         8         1      2888      2898      2886      2878      2867      2883      2865      2860
      1942         8         1      2879      2888      2878      2859      2861      2867      2860      2833
      1943         8         1      2858      2879      2859      2816      2832      2861      2833      2785
      1944         8         1      2822      2858      2816      2778      2788      2832      2785      2743
      1945         8         1      2782      2822      2778      2748      2746      2788      2743      2711
      1946         8         1      2899      2900      2898      2888      2884      2885      2883      2867
      1947         8         1      2887      2899      2888      2879      2866      2884      2867      2861
      1948         8         1      2869      2887      2879      2858      2848      2866      2861      2832
      1949         8         1      2856      2869      2858      2822      2828      2848      2832      2788
      1950         8         1      2823      2856      2822      2782      2790      2828      2788      2746
      1951         8         1      2849      2874      2851      2818      2821      2855      2824      2781
      1952         8         1      2812      2849      2818      2791      2777      2821      2781      2747
      1953         8         1      2779      2812      2791      2766      2740      2777      2747      2722
      1954         8         1      2757      2779      2766      2737      2717      2740      2722      2699
      1955         8         1      2738      2757      2737      2734      2700      2717      2699      2696
      1956         8         1      2880      2890      2874      2849      2857      2868      2855      2821
      1957         8         1      2846      2880      2849      2812      2817      2857      2821      2777
      1958         8         1      2809      2846      2812      2779      2774      2817      2777      2740
      1959         8         1      2780      2809      2779      2757      2741      2774      2740      2717
      1960         8         1      2767      2780      2757      2738      2723      2741      2717      2700
      1961         8         1      2893      2901      2890      2880      2878      2886      2868      2857
      1962         8         1      2882      2893      2880      2846      2859      2878      2857      2817
      1963         8         1      2845      2882      2846      2809      2816      2859      2817      2774
      1964         8         1      2813      2845      2809      2780      2778      2816      2774      2741
      1965         8         1      2792      2813      2780      2767      2748      2778      2741      2723
      1966         8         1      2903      2908      2901      2893      2888      2898      2886      2878
      1967         8         1      2894      2903      2893      2882      2879      2888      2878      2859
      1968         8         1      2881      2894      2882      2845      2858      2879      2859      2816
      1969         8         1      2850      2881      2845      2813      2822      2858      2816      2778
      1970         8         1      2819      2850      2813      2792      2782      2822      2778      2748
      1971         8         1      2909      2910      2908      2903      2899      2900      2898      2888
      1972         8         1      2902      2909      2903      2894      2887      2899      2888      2879
      1973         8         1      2889      2902      2894      2881      2869      2887      2879      2858
      1974         8         1      2875      2889      2881      2850      2856      2869      2858      2822
      1975         8         1      2852      2875      2850      2819      2823      2856      2822      2782
      1976         8         1      2872      2892      2877      2853      2849      2874      2851      2818
      1977         8         1      2843      2872      2853      2829      2812      2849      2818      2791
      1978         8         1      2814      2843      2829      2804      2779      2812      2791      2766
      1979         8         1      2801      2814      2804      2775      2757      2779      2766      2737
      1980         8         1      2776      2801      2775      2772      2738      2757      2737      2734
      1981         8         1      2896      2905      2892      2872      2880      2890      2874      2849
      1982         8         1      2871      2896      2872      2843      2846      2880      2849      2812
      1983         8         1      2841      2871      2843      2814      2809      2846      2812      2779
      1984         8         1      2815      2841      2814      2801      2780      2809      2779      2757
      1985         8         1      2805      2815      2801      2776      2767      2780      2757      2738
      1986         8         1      2906      2911      2905      2896      2893      2901      2890      2880
      1987         8         1      2897      2906      2896      2871      2882      2893      2880      2846
      1988         8         1      2870      2897      2871      2841      2845      2882      2846      2809
      1989         8         1      2844      2870      2841      2815      2813      2845      2809      2780
      1990         8         1      2830      2844      2815      2805      2792      2813      2780      2767
      1991         8         1      2913      2914      2911      2906      2903      2908      2901      2893
      1992         8         1      2907      2913      2906      2897      2894      2903      2893      2882
      1993         8         1      2895      2907      2897      2870      2881      2894      2882      2845
      1994         8         1      2873      2895      2870      2844      2850      2881      2845      2813
      1995         8         1      2854      2873      2844      2830      2819      2850      2813      2792
      1996         8         1      2915      2916      2914      2913      2909      2910      2908      2903
      1997         8         1      2912      2915      2913      2907      2902      2909      2903      2894
      1998         8         1      2904      2912      2907      2895      2889      2902      2894      2881
      1999         8         1      2891      2904      2895      2873      2875      2889      2881      2850
      2000         8         1      2876      2891      2873      2854      2852      2875      2850      2819
COORDINATES
         1   -2.00000e+00    0.00000e+00   -5.00000e-02
         2   -2.00000e+00   -8.61428e-09   -4.24009e-02
         3   -2.00000e+00    1.54508e-02   -4.75528e-02
         4   -2.00000e+00   -1.54508e-02   -4.75528e-02
         5   -2.00000e+00    1.64523e-02   -3.13630e-02
         6   -2.00000e+00   -1.64523e-02   -3.13630e-02
         7   -2.00000e+00    2.93893e-02   -4.04509e-02
         8   -2.00000e+00   -2.93893e-02   -4.04508e-02
         9   -2.00000e+00    3.66607e-10   -1.69343e-02
        10   -1.96000e+00    0.00000e+00   -5.00000e-02
        11   -1.96000e+00    1.95646e-07   -4.24007e-02
        12   -1.96000e+00   -1.54509e-02   -4.75528e-02
        13   -1.96000e+00    1.54511e-02   -4.75527e-02
        14   -2.00000e+00    4.04508e-02   -2.93893e-02
        15   -2.00000e+00   -4.04509e-02   -2.93893e-02
        16   -2.00000e+00    3.13630e-02   -1.64523e-02
        17   -2.00000e+00   -3.13630e-02   -1.64523e-02
        18   -1.96000e+00   -1.64522e-02   -3.13629e-02
        19   -1.96000e+00    1.64523e-02   -3.13629e-02
        20   -1.96000e+00    2.93893e-02   -4.04508e-02
        21   -1.96000e+00   -2.93893e-02   -4.04508e-02
        22   -1.96000e+00    1.00042e-09   -1.69343e-02
        23   -2.00000e+00    1.69343e-02   -7.62586e-09
        24   -2.00000e+00   -1.69343e-02    1.78428e-08
        25   -2.00000e+00    4.75528e-02   -1.54509e-02
        26   -2.00000e+00   -4.75528e-02   -1.54509e-02
        27   -1.96000e+00    4.04508e-02   -2.93893e-02
        28   -1.96000e+00   -4.04509e-02   -2.93893e-02
        29   -1.96000e+00   -3.13629e-02   -1.64523e-02
        30   -1.96000e+00    3.13629e-02   -1.64521e-02
        31   -2.00000e+00   -4.24009e-02   -1.79820e-09
        32   -2.00000e+00    4.24009e-02    4.68920e-09
        33   -1.96000e+00    1.69343e-02   -6.66225e-09
        34   -1.96000e+00   -1.69343e-02    2.04168e-08
        35   -2.00000e+00   -1.25553e-08    1.69343e-02
        36   -2.00000e+00   -5.00000e-02    3.06152e-18
        37   -2.00000e+00    5.00000e-02   -3.06152e-18
        38   -1.96000e+00   -4.75528e-02   -1.54511e-02
        39   -1.96000e+00    4.75528e-02   -1.54509e-02
        40   -2.00000e+00    3.13630e-02    1.64523e-02
        41   -2.00000e+00   -3.13630e-02    1.64523e-02
        42   -1.96000e+00   -4.24008e-02   -2.01567e-07
        43   -1.96000e+00    4.24008e-02    2.09296e-07
        44   -1.96000e+00   -1.03116e-08    1.69343e-02
        45   -1.92000e+00    0.00000e+00   -5.00000e-02
        46   -1.92000e+00    1.97419e-07   -4.24007e-02
        47   -2.00000e+00   -4.75528e-02    1.54509e-02
        48   -2.00000e+00    4.75528e-02    1.54509e-02
        49   -1.96000e+00    5.00000e-02   -3.06152e-18
        50   -1.96000e+00   -5.00000e-02    3.06152e-18
        51   -1.92000e+00   -1.54509e-02   -4.75528e-02
        52   -1.92000e+00    1.54511e-02   -4.75527e-02
        53   -2.00000e+00   -1.64523e-02    3.13630e-02
        54   -2.00000e+00    1.64523e-02    3.13630e-02
        55   -1.96000e+00   -3.13629e-02    1.64522e-02
        56   -1.96000e+00    3.13629e-02    1.64523e-02
        57   -1.92000e+00   -1.64522e-02   -3.13629e-02
        58   -1.92000e+00    1.64523e-02   -3.13629e-02
        59   -1.92000e+00    2.93893e-02   -4.04508e-02
        60   -1.92000e+00   -2.93893e-02   -4.04508e-02
        61   -1.92000e+00    3.47304e-09   -1.69343e-02
        62   -2.00000e+00    4.04509e-02    2.93893e-02
        63   -2.00000e+00   -4.04508e-02    2.93893e-02
        64   -1.96000e+00   -4.75528e-02    1.54509e-02
        65   -1.96000e+00    4.75528e-02    1.54511e-02
        66   -1.92000e+00    4.04508e-02   -2.93893e-02
        67   -1.92000e+00   -4.04509e-02   -2.93893e-02
        68   -1.96000e+00   -1.64523e-02    3.13629e-02
        69   -1.96000e+00    1.64521e-02    3.13629e-02
        70   -1.92000e+00   -3.13629e-02   -1.64523e-02
        71   -1.92000e+00    3.13629e-02   -1.64521e-02
        72   -2.00000e+00    1.62909e-08    4.24009e-02
        73   -2.00000e+00   -2.93893e-02    4.04508e-02
        74   -2.00000e+00    2.93893e-02    4.04509e-02
        75   -1.92000e+00    1.69343e-02   -8.95401e-09
        76   -1.92000e+00   -1.69343e-02    1.57615e-08
        77   -1.96000e+00    4.04509e-02    2.93893e-02
        78   -1.96000e+00   -4.04508e-02    2.93893e-02
        79   -2.00000e+00    1.54509e-02    4.75528e-02
        80   -2.00000e+00   -1.54508e-02    4.75528e-02
        81   -1.92000e+00   -4.75528e-02   -1.54511e-02
        82   -1.92000e+00    4.75528e-02   -1.54509e-02
        83   -2.00000e+00    0.00000e+00    5.00000e-02
        84   -1.96000e+00   -1.85573e-07    4.24007e-02
        85   -1.96000e+00   -2.93893e-02    4.04508e-02
        86   -1.96000e+00    2.93893e-02    4.04509e-02
        87   -1.92000e+00   -4.24007e-02   -2.05674e-07
        88   -1.92000e+00    4.24008e-02    2.06539e-07
        89   -1.92000e+00   -1.21764e-08    1.69343e-02
        90   -1.96000e+00   -1.54511e-02    4.75527e-02
        91   -1.96000e+00    1.54509e-02    4.75528e-02
        92   -1.92000e+00    5.00000e-02   -3.06152e-18
        93   -1.92000e+00   -5.00000e-02    3.06152e-18
        94   -1.96000e+00    0.00000e+00    5.00000e-02
        95   -1.92000e+00   -3.13629e-02    1.64521e-02
        96   -1.92000e+00    3.13629e-02    1.64523e-02
        97   -1.92000e+00   -4.75528e-02    1.54509e-02
        98   -1.92000e+00    4.75528e-02    1.54511e-02
        99   -1.92000e+00   -1.64523e-02    3.13629e-02
       100   -1.92000e+00    1.64521e-02    3.13629e-02
       101   -1.92000e+00    4.04509e-02    2.93893e-02
       102   -1.92000e+00   -4.04508e-02    2.93893e-02
       103   -1.88000e+00    0.00000e+00   -5.00000e-02
       104   -1.88000e+00    1.93823e-07   -4.24007e-02
       105   -1.88000e+00   -1.54509e-02   -4.75528e-02
       106   -1.88000e+00    1.54511e-02   -4.75527e-02
       107   -1.92000e+00   -1.90064e-07    4.24007e-02
       108   -1.88000e+00   -1.64522e-02   -3.13629e-02
       109   -1.88000e+00    1.64523e-02   -3.13629e-02
       110   -1.88000e+00    2.93893e-02   -4.04508e-02
       111   -1.88000e+00   -2.93893e-02   -4.04508e-02
       112   -1.92000e+00   -2.93893e-02    4.04508e-02
       113   -1.92000e+00    2.93893e-02    4.04509e-02
       114   -1.88000e+00    3.47393e-09   -1.69343e-02
       115   -1.92000e+00   -1.54511e-02    4.75527e-02
       116   -1.92000e+00    1.54509e-02    4.75528e-02
       117   -1.92000e+00    0.00000e+00    5.00000e-02
       118   -1.88000e+00    4.04508e-02   -2.93893e-02
       119   -1.88000e+00   -4.04509e-02   -2.93893e-02
       120   -1.88000e+00   -3.13629e-02   -1.64523e-02
       121   -1.88000e+00    3.13629e-02   -1.64521e-02
       122   -1.88000e+00    1.69343e-02   -8.95318e-09
       123   -1.88000e+00   -1.69343e-02    1.57607e-08
       124   -1.88000e+00   -4.75528e-02   -1.54511e-02
       125   -1.88000e+00    4.75528e-02   -1.54509e-02
       126   -1.88000e+00   -4.24007e-02   -2.02078e-07
       127   -1.88000e+00    4.24008e-02    2.02944e-07
       128   -1.88000e+00   -1.21771e-08    1.69343e-02
       129   -1.88000e+00   -5.00000e-02    3.06152e-18
       130   -1.88000e+00    5.00000e-02   -3.06152e-18
       131   -1.88000e+00   -3.13629e-02    1.64522e-02
       132   -1.88000e+00    3.13629e-02    1.64523e-02
       133   -1.88000e+00   -4.75528e-02    1.54509e-02
       134   -1.88000e+00    4.75528e-02    1.54511e-02
       135   -1.88000e+00   -1.64523e-02    3.13629e-02
       136   -1.88000e+00    1.64521e-02    3.13629e-02
       137   -1.88000e+00    4.04509e-02    2.93893e-02
       138   -1.88000e+00   -4.04508e-02    2.93893e-02
       139   -1.88000e+00   -1.86468e-07    4.24007e-02
       140   -1.88000e+00   -2.93893e-02    4.04508e-02
       141   -1.88000e+00    2.93893e-02    4.04509e-02
       142   -1.88000e+00   -1.54511e-02    4.75527e-02
       143   -1.88000e+00    1.54509e-02    4.75528e-02
       144   -1.88000e+00    0.00000e+00    5.00000e-02
       145   -1.84000e+00    0.00000e+00   -5.00000e-02
       146   -1.84000e+00    1.88923e-07   -4.24007e-02
       147   -1.84000e+00   -1.54509e-02   -4.75528e-02
       148   -1.84000e+00    1.54511e-02   -4.75527e-02
       149   -1.84000e+00   -1.64522e-02   -3.13629e-02
       150   -1.84000e+00    1.64523e-02   -3.13629e-02
       151   -1.84000e+00    2.93893e-02   -4.04508e-02
       152   -1.84000e+00   -2.93893e-02   -4.04508e-02
       153   -1.84000e+00    3.47492e-09   -1.69343e-02
       154   -1.84000e+00    4.04508e-02   -2.93893e-02
       155   -1.84000e+00   -4.04509e-02   -2.93893e-02
       156   -1.84000e+00   -3.13629e-02   -1.64523e-02
       157   -1.84000e+00    3.13629e-02   -1.64522e-02
       158   -1.84000e+00    1.69343e-02   -8.95227e-09
       159   -1.84000e+00   -1.69343e-02    1.57593e-08
       160   -1.84000e+00   -4.75528e-02   -1.54511e-02
       161   -1.84000e+00    4.75528e-02   -1.54509e-02
       162   -1.84000e+00   -4.24007e-02   -1.97178e-07
       163   -1.84000e+00    4.24008e-02    1.98044e-07
       164   -1.84000e+00   -1.21784e-08    1.69343e-02
       165   -1.84000e+00    5.00000e-02   -3.06152e-18
       166   -1.84000e+00   -5.00000e-02    3.06152e-18
       167   -1.84000e+00   -3.13629e-02    1.64522e-02
       168   -1.84000e+00    3.13629e-02    1.64523e-02
       169   -1.84000e+00   -4.75528e-02    1.54509e-02
       170   -1.84000e+00    4.75528e-02    1.54511e-02
       171   -1.84000e+00   -1.64523e-02    3.13629e-02
       172   -1.84000e+00    1.64521e-02    3.13629e-02
       173   -1.84000e+00    4.04509e-02    2.93893e-02
       174   -1.84000e+00   -4.04508e-02    2.93893e-02
       175   -1.84000e+00   -1.81568e-07    4.24007e-02
       176   -1.84000e+00   -2.93893e-02    4.04508e-02
       177   -1.84000e+00    2.93893e-02    4.04509e-02
       178   -1.84000e+00   -1.54511e-02    4.75527e-02
       179   -1.84000e+00    1.54509e-02    4.75528e-02
       180   -1.84000e+00    0.00000e+00    5.00000e-02
       181   -1.80000e+00    0.00000e+00   -5.00000e-02
       182   -1.80000e+00    1.82794e-07   -4.24007e-02
       183   -1.80000e+00   -1.54509e-02   -4.75528e-02
       184   -1.80000e+00    1.54511e-02   -4.75527e-02
       185   -1.80000e+00   -1.64522e-02   -3.13629e-02
       186   -1.80000e+00    1.64523e-02   -3.13629e-02
       187   -1.80000e+00    2.93893e-02   -4.04508e-02
       188   -1.80000e+00   -2.93893e-02   -4.04508e-02
       189   -1.80000e+00    3.47651e-09   -1.69343e-02
       190   -1.80000e+00    4.04508e-02   -2.93893e-02
       191   -1.80000e+00   -4.04509e-02   -2.93893e-02
       192   -1.80000e+00   -3.13629e-02   -1.64523e-02
       193   -1.80000e+00    3.13629e-02   -1.64522e-02
       194   -1.80000e+00    1.69343e-02   -8.95085e-09
       195   -1.80000e+00   -1.69343e-02    1.57579e-08
       196   -1.80000e+00   -4.75528e-02   -1.54511e-02
       197   -1.80000e+00    4.75528e-02   -1.54509e-02
       198   -1.80000e+00   -4.24007e-02   -1.91050e-07
       199   -1.80000e+00    4.24008e-02    1.91915e-07
       200   -1.80000e+00   -1.21796e-08    1.69343e-02
       201   -1.80000e+00    5.00000e-02   -3.06152e-18
       202   -1.80000e+00   -5.00000e-02    3.06152e-18
       203   -1.80000e+00   -3.13629e-02    1.64522e-02
       204   -1.80000e+00    3.13629e-02    1.64523e-02
       205   -1.80000e+00   -4.75528e-02    1.54509e-02
       206   -1.80000e+00    4.75528e-02    1.54511e-02
       207   -1.80000e+00   -1.64523e-02    3.13629e-02
       208   -1.80000e+00    1.64521e-02    3.13629e-02
       209   -1.80000e+00    4.04509e-02    2.93893e-02
       210   -1.80000e+00   -4.04508e-02    2.93893e-02
       211   -1.80000e+00   -1.75439e-07    4.24007e-02
       212   -1.80000e+00   -2.93893e-02    4.04508e-02
       213   -1.80000e+00    2.93893e-02    4.04509e-02
       214   -1.80000e+00   -1.54511e-02    4.75527e-02
       215   -1.80000e+00    1.54509e-02    4.75528e-02
       216   -1.80000e+00    0.00000e+00    5.00000e-02
       217   -1.76000e+00    0.00000e+00   -5.00000e-02
       218   -1.76000e+00    1.75513e-07   -4.24007e-02
       219   -1.76000e+00   -1.54509e-02   -4.75528e-02
       220   -1.76000e+00    1.54511e-02   -4.75528e-02
       221   -1.76000e+00   -1.64522e-02   -3.13629e-02
       222   -1.76000e+00    1.64523e-02   -3.13629e-02
       223   -1.76000e+00    2.93893e-02   -4.04508e-02
       224   -1.76000e+00   -2.93893e-02   -4.04508e-02
       225   -1.76000e+00    3.47803e-09   -1.69343e-02
       226   -1.76000e+00    4.04508e-02   -2.93893e-02
       227   -1.76000e+00   -4.04509e-02   -2.93893e-02
       228   -1.76000e+00   -3.13629e-02   -1.64523e-02
       229   -1.76000e+00    3.13629e-02   -1.64522e-02
       230   -1.76000e+00    1.69343e-02   -8.94922e-09
       231   -1.76000e+00   -1.69343e-02    1.57562e-08
       232   -1.76000e+00   -4.75528e-02   -1.54511e-02
       233   -1.76000e+00    4.75528e-02   -1.54509e-02
       234   -1.76000e+00   -4.24007e-02   -1.83769e-07
       235   -1.76000e+00    4.24008e-02    1.84634e-07
       236   -1.76000e+00   -1.21813e-08    1.69343e-02
       237   -1.76000e+00    5.00000e-02   -3.06152e-18
       238   -1.76000e+00   -5.00000e-02    3.06152e-18
       239   -1.76000e+00   -3.13629e-02    1.64522e-02
       240   -1.76000e+00    3.13629e-02    1.64523e-02
       241   -1.76000e+00   -4.75528e-02    1.54509e-02
       242   -1.76000e+00    4.75528e-02    1.54511e-02
       243   -1.76000e+00   -1.64523e-02    3.13629e-02
       244   -1.76000e+00    1.64522e-02    3.13629e-02
       245   -1.76000e+00    4.04509e-02    2.93893e-02
       246   -1.76000e+00   -4.04508e-02    2.93893e-02
       247   -1.76000e+00   -1.68159e-07    4.24007e-02
       248   -1.76000e+00   -2.93893e-02    4.04508e-02
       249   -1.76000e+00    2.93893e-02    4.04509e-02
       250   -1.76000e+00   -1.54511e-02    4.75527e-02
       251   -1.76000e+00    1.54509e-02    4.75528e-02
       252   -1.76000e+00    0.00000e+00    5.00000e-02
       253   -1.72000e+00    0.00000e+00   -5.00000e-02
       254   -1.72000e+00    1.67159e-07   -4.24007e-02
       255   -1.72000e+00   -1.54509e-02   -4.75528e-02
       256   -1.72000e+00    1.54511e-02   -4.75528e-02
       257   -1.72000e+00   -1.64522e-02   -3.13629e-02
       258   -1.72000e+00    1.64523e-02   -3.13629e-02
       259   -1.72000e+00    2.93893e-02   -4.04508e-02
       260   -1.72000e+00   -2.93893e-02   -4.04508e-02
       261   -1.72000e+00    3.48012e-09   -1.69343e-02
       262   -1.72000e+00    4.04508e-02   -2.93893e-02
       263   -1.72000e+00   -4.04509e-02   -2.93893e-02
       264   -1.72000e+00   -3.13629e-02   -1.64523e-02
       265   -1.72000e+00    3.13629e-02   -1.64522e-02
       266   -1.72000e+00    1.69343e-02   -8.94716e-09
       267   -1.72000e+00   -1.69343e-02    1.57546e-08
       268   -1.72000e+00   -4.75528e-02   -1.54511e-02
       269   -1.72000e+00    4.75528e-02   -1.54509e-02
       270   -1.72000e+00   -4.24007e-02   -1.75414e-07
       271   -1.72000e+00    4.24008e-02    1.76279e-07
       272   -1.72000e+00   -1.21832e-08    1.69343e-02
       273   -1.72000e+00    5.00000e-02   -3.06152e-18
       274   -1.72000e+00   -5.00000e-02    3.06152e-18
       275   -1.72000e+00   -3.13629e-02    1.64522e-02
       276   -1.72000e+00    3.13629e-02    1.64523e-02
       277   -1.72000e+00   -4.75528e-02    1.54509e-02
       278   -1.72000e+00    4.75528e-02    1.54511e-02
       279   -1.72000e+00   -1.64523e-02    3.13629e-02
       280   -1.72000e+00    1.64522e-02    3.13629e-02
       281   -1.72000e+00    4.04509e-02    2.93893e-02
       282   -1.72000e+00   -4.04508e-02    2.93893e-02
       283   -1.72000e+00   -1.59804e-07    4.24007e-02
       284   -1.72000e+00   -2.93893e-02    4.04508e-02
       285   -1.72000e+00    2.93893e-02    4.04509e-02
       286   -1.72000e+00   -1.54511e-02    4.75527e-02
       287   -1.72000e+00    1.54509e-02    4.75528e-02
       288   -1.72000e+00    0.00000e+00    5.00000e-02
       289   -1.68000e+00    0.00000e+00   -5.00000e-02
       290   -1.68000e+00    1.57805e-07   -4.24007e-02
       291   -1.68000e+00   -1.54509e-02   -4.75528e-02
       292   -1.68000e+00    1.54511e-02   -4.75528e-02
       293   -1.68000e+00   -1.64522e-02   -3.13629e-02
       294   -1.68000e+00    1.64523e-02   -3.13629e-02
       295   -1.68000e+00    2.93893e-02   -4.04508e-02
       296   -1.68000e+00   -2.93893e-02   -4.04508e-02
       297   -1.68000e+00    3.48216e-09   -1.69343e-02
       298   -1.68000e+00    4.04508e-02   -2.93893e-02
       299   -1.68000e+00   -4.04509e-02   -2.93893e-02
       300   -1.68000e+00   -3.13629e-02   -1.64523e-02
       301   -1.68000e+00    3.13629e-02   -1.64522e-02
       302   -1.68000e+00    1.69343e-02   -8.94519e-09
       303   -1.68000e+00   -1.69343e-02    1.57522e-08
       304   -1.68000e+00   -4.75528e-02   -1.54511e-02
       305   -1.68000e+00    4.75528e-02   -1.54509e-02
       306   -1.68000e+00   -4.24007e-02   -1.66061e-07
       307   -1.68000e+00    4.24008e-02    1.66926e-07
       308   -1.68000e+00   -1.21853e-08    1.69343e-02
       309   -1.68000e+00    5.00000e-02   -3.06152e-18
       310   -1.68000e+00   -5.00000e-02    3.06152e-18
       311   -1.68000e+00   -3.13629e-02    1.64522e-02
       312   -1.68000e+00    3.13629e-02    1.64523e-02
       313   -1.68000e+00   -4.75528e-02    1.54509e-02
       314   -1.68000e+00    4.75528e-02    1.54511e-02
       315   -1.68000e+00   -1.64523e-02    3.13629e-02
       316   -1.68000e+00    1.64522e-02    3.13629e-02
       317   -1.68000e+00    4.04509e-02    2.93893e-02
       318   -1.68000e+00   -4.04508e-02    2.93893e-02
       319   -1.68000e+00   -1.50451e-07    4.24007e-02
       320   -1.68000e+00   -2.93893e-02    4.04508e-02
       321   -1.68000e+00    2.93893e-02    4.04509e-02
       322   -1.68000e+00   -1.54511e-02    4.75528e-02
       323   -1.68000e+00    1.54509e-02    4.75528e-02
       324   -1.68000e+00    0.00000e+00    5.00000e-02
       325   -1.64000e+00    0.00000e+00   -5.00000e-02
       326   -1.64000e+00    1.47531e-07   -4.24007e-02
       327   -1.64000e+00   -1.54509e-02   -4.75528e-02
       328   -1.64000e+00    1.54511e-02   -4.75528e-02
       329   -1.64000e+00   -1.64522e-02   -3.13629e-02
       330   -1.64000e+00    1.64523e-02   -3.13629e-02
       331   -1.64000e+00    2.93893e-02   -4.04508e-02
       332   -1.64000e+00   -2.93893e-02   -4.04508e-02
       333   -1.64000e+00    3.48441e-09   -1.69343e-02
       334   -1.64000e+00    4.04508e-02   -2.93893e-02
       335   -1.64000e+00   -4.04509e-02   -2.93893e-02
       336   -1.64000e+00   -3.13629e-02   -1.64522e-02
       337   -1.64000e+00    3.13629e-02   -1.64522e-02
       338   -1.64000e+00    1.69343e-02   -8.94291e-09
       339   -1.64000e+00   -1.69343e-02    1.57498e-08
       340   -1.64000e+00   -4.75528e-02   -1.54511e-02
       341   -1.64000e+00    4.75528e-02   -1.54509e-02
       342   -1.64000e+00   -4.24007e-02   -1.55787e-07
       343   -1.64000e+00    4.24008e-02    1.56652e-07
       344   -1.64000e+00   -1.21876e-08    1.69343e-02
       345   -1.64000e+00    5.00000e-02   -3.06152e-18
       346   -1.64000e+00   -5.00000e-02    3.06152e-18
       347   -1.64000e+00   -3.13629e-02    1.64522e-02
       348   -1.64000e+00    3.13629e-02    1.64523e-02
       349   -1.64000e+00   -4.75528e-02    1.54509e-02
       350   -1.64000e+00    4.75528e-02    1.54511e-02
       351   -1.64000e+00   -1.64523e-02    3.13629e-02
       352   -1.64000e+00    1.64522e-02    3.13629e-02
       353   -1.64000e+00    4.04509e-02    2.93893e-02
       354   -1.64000e+00   -4.04508e-02    2.93893e-02
       355   -1.64000e+00   -1.40176e-07    4.24007e-02
       356   -1.64000e+00   -2.93893e-02    4.04508e-02
       357   -1.64000e+00    2.93893e-02    4.04509e-02
       358   -1.64000e+00   -1.54511e-02    4.75528e-02
       359   -1.64000e+00    1.54509e-02    4.75528e-02
       360   -1.64000e+00    0.00000e+00    5.00000e-02
       361   -1.60000e+00    0.00000e+00   -5.00000e-02
       362   -1.60000e+00    1.36412e-07   -4.24007e-02
       363   -1.60000e+00   -1.54509e-02   -4.75528e-02
       364   -1.60000e+00    1.54510e-02   -4.75528e-02
       365   -1.60000e+00   -1.64522e-02   -3.13629e-02
       366   -1.60000e+00    1.64523e-02   -3.13629e-02
       367   -1.60000e+00    2.93893e-02   -4.04508e-02
       368   -1.60000e+00   -2.93893e-02   -4.04508e-02
       369   -1.60000e+00    3.48717e-09   -1.69343e-02
       370   -1.60000e+00    4.04508e-02   -2.93893e-02
       371   -1.60000e+00   -4.04509e-02   -2.93893e-02
       372   -1.60000e+00   -3.13629e-02   -1.64522e-02
       373   -1.60000e+00    3.13629e-02   -1.64522e-02
       374   -1.60000e+00    1.69343e-02   -8.94026e-09
       375   -1.60000e+00   -1.69343e-02    1.57475e-08
       376   -1.60000e+00   -4.75528e-02   -1.54511e-02
       377   -1.60000e+00    4.75528e-02   -1.54509e-02
       378   -1.60000e+00   -4.24007e-02   -1.44668e-07
       379   -1.60000e+00    4.24008e-02    1.45533e-07
       380   -1.60000e+00   -1.21901e-08    1.69343e-02
       381   -1.60000e+00    5.00000e-02   -3.06152e-18
       382   -1.60000e+00   -5.00000e-02    3.06152e-18
       383   -1.60000e+00   -3.13629e-02    1.64522e-02
       384   -1.60000e+00    3.13629e-02    1.64522e-02
       385   -1.60000e+00   -4.75528e-02    1.54509e-02
       386   -1.60000e+00    4.75528e-02    1.54511e-02
       387   -1.60000e+00   -1.64522e-02    3.13629e-02
       388   -1.60000e+00    1.64522e-02    3.13629e-02
       389   -1.60000e+00    4.04509e-02    2.93893e-02
       390   -1.60000e+00   -4.04508e-02    2.93893e-02
       391   -1.60000e+00   -1.29057e-07    4.24007e-02
       392   -1.60000e+00   -2.93893e-02    4.04508e-02
       393   -1.60000e+00    2.93893e-02    4.04509e-02
       394   -1.60000e+00   -1.54511e-02    4.75528e-02
       395   -1.60000e+00    1.54509e-02    4.75528e-02
       396   -1.60000e+00    0.00000e+00    5.00000e-02
       397   -1.56000e+00    0.00000e+00   -5.00000e-02
       398   -1.56000e+00    1.24525e-07   -4.24007e-02
       399   -1.56000e+00   -1.54509e-02   -4.75528e-02
       400   -1.56000e+00    1.54510e-02   -4.75528e-02
       401   -1.56000e+00   -1.64522e-02   -3.13629e-02
       402   -1.56000e+00    1.64523e-02   -3.13629e-02
       403   -1.56000e+00    2.93893e-02   -4.04508e-02
       404   -1.56000e+00   -2.93893e-02   -4.04508e-02
       405   -1.56000e+00    3.48970e-09   -1.69343e-02
       406   -1.56000e+00    4.04508e-02   -2.93893e-02
       407   -1.56000e+00   -4.04509e-02   -2.93893e-02
       408   -1.56000e+00   -3.13629e-02   -1.64522e-02
       409   -1.56000e+00    3.13629e-02   -1.64522e-02
       410   -1.56000e+00    1.69343e-02   -8.93766e-09
       411   -1.56000e+00   -1.69343e-02    1.57447e-08
       412   -1.56000e+00   -4.75528e-02   -1.54511e-02
       413   -1.56000e+00    4.75528e-02   -1.54509e-02
       414   -1.56000e+00   -4.24007e-02   -1.32781e-07
       415   -1.56000e+00    4.24008e-02    1.33646e-07
       416   -1.56000e+00   -1.21928e-08    1.69343e-02
       417   -1.56000e+00    5.00000e-02   -3.06152e-18
       418   -1.56000e+00   -5.00000e-02    3.06152e-18
       419   -1.56000e+00   -3.13629e-02    1.64522e-02
       420   -1.56000e+00    3.13629e-02    1.64522e-02
       421   -1.56000e+00   -4.75528e-02    1.54509e-02
       422   -1.56000e+00    4.75528e-02    1.54511e-02
       423   -1.56000e+00   -1.64522e-02    3.13629e-02
       424   -1.56000e+00    1.64522e-02    3.13629e-02
       425   -1.56000e+00    4.04509e-02    2.93893e-02
       426   -1.56000e+00   -4.04508e-02    2.93893e-02
       427   -1.56000e+00   -1.17171e-07    4.24007e-02
       428   -1.56000e+00   -2.93893e-02    4.04508e-02
       429   -1.56000e+00    2.93893e-02    4.04509e-02
       430   -1.56000e+00   -1.54510e-02    4.75528e-02
       431   -1.56000e+00    1.54509e-02    4.75528e-02
       432   -1.56000e+00    0.00000e+00    5.00000e-02
       433   -1.52000e+00    0.00000e+00   -5.00000e-02
       434   -1.52000e+00    1.11948e-07   -4.24007e-02
       435   -1.52000e+00   -1.54509e-02   -4.75528e-02
       436   -1.52000e+00    1.54510e-02   -4.75528e-02
       437   -1.52000e+00   -1.64522e-02   -3.13629e-02
       438   -1.52000e+00    1.64522e-02   -3.13629e-02
       439   -1.52000e+00    2.93893e-02   -4.04508e-02
       440   -1.52000e+00   -2.93893e-02   -4.04508e-02
       441   -1.52000e+00    3.49262e-09   -1.69343e-02
       442   -1.52000e+00    4.04508e-02   -2.93893e-02
       443   -1.52000e+00   -4.04509e-02   -2.93893e-02
       444   -1.52000e+00   -3.13629e-02   -1.64522e-02
       445   -1.52000e+00    3.13629e-02   -1.64522e-02
       446   -1.52000e+00    1.69343e-02   -8.93477e-09
       447   -1.52000e+00   -1.69343e-02    1.57419e-08
       448   -1.52000e+00   -4.75528e-02   -1.54510e-02
       449   -1.52000e+00    4.75528e-02   -1.54509e-02
       450   -1.52000e+00   -4.24007e-02   -1.20204e-07
       451   -1.52000e+00    4.24008e-02    1.21069e-07
       452   -1.52000e+00   -1.21956e-08    1.69343e-02
       453   -1.52000e+00    5.00000e-02   -3.06152e-18
       454   -1.52000e+00   -5.00000e-02    3.06152e-18
       455   -1.52000e+00   -3.13629e-02    1.64522e-02
       456   -1.52000e+00    3.13629e-02    1.64522e-02
       457   -1.52000e+00   -4.75528e-02    1.54509e-02
       458   -1.52000e+00    4.75528e-02    1.54510e-02
       459   -1.52000e+00   -1.64522e-02    3.13629e-02
       460   -1.52000e+00    1.64522e-02    3.13629e-02
       461   -1.52000e+00    4.04509e-02    2.93893e-02
       462   -1.52000e+00   -4.04508e-02    2.93893e-02
       463   -1.52000e+00   -1.04593e-07    4.24007e-02
       464   -1.52000e+00   -2.93893e-02    4.04508e-02
       465   -1.52000e+00    2.93893e-02    4.04509e-02
       466   -1.52000e+00   -1.54510e-02    4.75528e-02
       467   -1.52000e+00    1.54509e-02    4.75528e-02
       468   -1.52000e+00    0.00000e+00    5.00000e-02
       469   -1.48000e+00    0.00000e+00   -5.00000e-02
       470   -1.48000e+00    9.87557e-08   -4.24007e-02
       471   -1.48000e+00   -1.54509e-02   -4.75528e-02
       472   -1.48000e+00    1.54510e-02   -4.75528e-02
       473   -1.48000e+00   -1.64522e-02   -3.13629e-02
       474   -1.48000e+00    1.64522e-02   -3.13629e-02
       475   -1.48000e+00    2.93893e-02   -4.04508e-02
       476   -1.48000e+00   -2.93893e-02   -4.04508e-02
       477   -1.48000e+00    3.49534e-09   -1.69343e-02
       478   -1.48000e+00    4.04508e-02   -2.93893e-02
       479   -1.48000e+00   -4.04509e-02   -2.93893e-02
       480   -1.48000e+00   -3.13629e-02   -1.64522e-02
       481   -1.48000e+00    3.13629e-02   -1.64522e-02
       482   -1.48000e+00    1.69343e-02   -8.93196e-09
       483   -1.48000e+00   -1.69343e-02    1.57387e-08
       484   -1.48000e+00   -4.75528e-02   -1.54510e-02
       485   -1.48000e+00    4.75528e-02   -1.54509e-02
       486   -1.48000e+00   -4.24007e-02   -1.07012e-07
       487   -1.48000e+00    4.24008e-02    1.07877e-07
       488   -1.48000e+00   -1.21988e-08    1.69343e-02
       489   -1.48000e+00   -5.00000e-02    3.06152e-18
       490   -1.48000e+00    5.00000e-02   -3.06152e-18
       491   -1.48000e+00   -3.13629e-02    1.64522e-02
       492   -1.48000e+00    3.13629e-02    1.64522e-02
       493   -1.48000e+00   -4.75528e-02    1.54509e-02
       494   -1.48000e+00    4.75528e-02    1.54510e-02
       495   -1.48000e+00   -1.64522e-02    3.13629e-02
       496   -1.48000e+00    1.64522e-02    3.13629e-02
       497   -1.48000e+00    4.04509e-02    2.93893e-02
       498   -1.48000e+00   -4.04508e-02    2.93893e-02
       499   -1.48000e+00   -9.14016e-08    4.24007e-02
       500   -1.48000e+00   -2.93893e-02    4.04508e-02
       501   -1.48000e+00    2.93893e-02    4.04509e-02
       502   -1.48000e+00   -1.54510e-02    4.75528e-02
       503   -1.48000e+00    1.54509e-02    4.75528e-02
       504   -1.48000e+00    0.00000e+00    5.00000e-02
       505   -1.44000e+00    0.00000e+00   -5.00000e-02
       506   -1.44000e+00    8.50272e-08   -4.24007e-02
       507   -1.44000e+00   -1.54509e-02   -4.75528e-02
       508   -1.44000e+00    1.54510e-02   -4.75528e-02
       509   -1.44000e+00   -1.64522e-02   -3.13629e-02
       510   -1.44000e+00    1.64522e-02   -3.13629e-02
       511   -1.44000e+00    2.93893e-02   -4.04508e-02
       512   -1.44000e+00   -2.93893e-02   -4.04508e-02
       513   -1.44000e+00    3.49880e-09   -1.69343e-02
       514   -1.44000e+00    4.04508e-02   -2.93893e-02
       515   -1.44000e+00   -4.04509e-02   -2.93893e-02
       516   -1.44000e+00   -3.13629e-02   -1.64522e-02
       517   -1.44000e+00    3.13629e-02   -1.64522e-02
       518   -1.44000e+00    1.69343e-02   -8.92863e-09
       519   -1.44000e+00   -1.69343e-02    1.57358e-08
       520   -1.44000e+00   -4.75528e-02   -1.54510e-02
       521   -1.44000e+00    4.75528e-02   -1.54509e-02
       522   -1.44000e+00   -4.24007e-02   -9.32830e-08
       523   -1.44000e+00    4.24008e-02    9.41481e-08
       524   -1.44000e+00   -1.22017e-08    1.69343e-02
       525   -1.44000e+00   -5.00000e-02    3.06152e-18
       526   -1.44000e+00    5.00000e-02   -3.06152e-18
       527   -1.44000e+00   -3.13629e-02    1.64522e-02
       528   -1.44000e+00    3.13629e-02    1.64522e-02
       529   -1.44000e+00   -4.75528e-02    1.54509e-02
       530   -1.44000e+00    4.75528e-02    1.54510e-02
       531   -1.44000e+00   -1.64522e-02    3.13629e-02
       532   -1.44000e+00    1.64522e-02    3.13629e-02
       533   -1.44000e+00    4.04509e-02    2.93893e-02
       534   -1.44000e+00   -4.04508e-02    2.93893e-02
       535   -1.44000e+00   -7.76723e-08    4.24007e-02
       536   -1.44000e+00   -2.93893e-02    4.04508e-02
       537   -1.44000e+00    2.93893e-02    4.04509e-02
       538   -1.44000e+00   -1.54510e-02    4.75528e-02
       539   -1.44000e+00    1.54509e-02    4.75528e-02
       540   -1.44000e+00    0.00000e+00    5.00000e-02
       541   -1.40000e+00    0.00000e+00   -5.00000e-02
       542   -1.40000e+00    7.08369e-08   -4.24007e-02
       543   -1.40000e+00   -1.54509e-02   -4.75528e-02
       544   -1.40000e+00    1.54510e-02   -4.75528e-02
       545   -1.40000e+00   -1.64522e-02   -3.13629e-02
       546   -1.40000e+00    1.64522e-02   -3.13629e-02
       547   -1.40000e+00    2.93893e-02   -4.04508e-02
       548   -1.40000e+00   -2.93893e-02   -4.04508e-02
       549   -1.40000e+00    3.50168e-09   -1.69343e-02
       550   -1.40000e+00    4.04508e-02   -2.93893e-02
       551   -1.40000e+00   -4.04509e-02   -2.93893e-02
       552   -1.40000e+00   -3.13629e-02   -1.64522e-02
       553   -1.40000e+00    3.13629e-02   -1.64522e-02
       554   -1.40000e+00    1.69343e-02   -8.92560e-09
       555   -1.40000e+00   -1.69343e-02    1.57324e-08
       556   -1.40000e+00   -4.75528e-02   -1.54510e-02
       557   -1.40000e+00    4.75528e-02   -1.54509e-02
       558   -1.40000e+00   -4.24007e-02   -7.90935e-08
       559   -1.40000e+00    4.24008e-02    7.99584e-08
       560   -1.40000e+00   -1.22050e-08    1.69343e-02
       561   -1.40000e+00   -5.00000e-02    3.06152e-18
       562   -1.40000e+00    5.00000e-02   -3.06152e-18
       563   -1.40000e+00   -3.13629e-02    1.64522e-02
       564   -1.40000e+00    3.13629e-02    1.64522e-02
       565   -1.40000e+00   -4.75528e-02    1.54509e-02
       566   -1.40000e+00    4.75528e-02    1.54510e-02
       567   -1.40000e+00   -1.64522e-02    3.13629e-02
       568   -1.40000e+00    1.64522e-02    3.13629e-02
       569   -1.40000e+00    4.04509e-02    2.93893e-02
       570   -1.40000e+00   -4.04508e-02    2.93893e-02
       571   -1.40000e+00   -6.34826e-08    4.24007e-02
       572   -1.40000e+00   -2.93893e-02    4.04508e-02
       573   -1.40000e+00    2.93893e-02    4.04509e-02
       574   -1.40000e+00   -1.54510e-02    4.75528e-02
       575   -1.40000e+00    1.54509e-02    4.75528e-02
       576   -1.40000e+00    0.00000e+00    5.00000e-02
       577   -1.36000e+00    0.00000e+00   -5.00000e-02
       578   -1.36000e+00    5.62639e-08   -4.24007e-02
       579   -1.36000e+00   -1.54509e-02   -4.75528e-02
       580   -1.36000e+00    1.54510e-02   -4.75528e-02
       581   -1.36000e+00   -1.64522e-02   -3.13629e-02
       582   -1.36000e+00    1.64522e-02   -3.13629e-02
       583   -1.36000e+00    2.93893e-02   -4.04508e-02
       584   -1.36000e+00   -2.93893e-02   -4.04508e-02
       585   -1.36000e+00    3.50531e-09   -1.69343e-02
       586   -1.36000e+00    4.04508e-02   -2.93893e-02
       587   -1.36000e+00   -4.04509e-02   -2.93893e-02
       588   -1.36000e+00   -3.13629e-02   -1.64522e-02
       589   -1.36000e+00    3.13629e-02   -1.64522e-02
       590   -1.36000e+00    1.69343e-02   -8.92212e-09
       591   -1.36000e+00   -1.69343e-02    1.57293e-08
       592   -1.36000e+00   -4.75528e-02   -1.54510e-02
       593   -1.36000e+00    4.75528e-02   -1.54509e-02
       594   -1.36000e+00   -4.24007e-02   -6.45199e-08
       595   -1.36000e+00    4.24008e-02    6.53849e-08
       596   -1.36000e+00   -1.22082e-08    1.69343e-02
       597   -1.36000e+00    5.00000e-02   -3.06152e-18
       598   -1.36000e+00   -5.00000e-02    3.06152e-18
       599   -1.36000e+00   -3.13629e-02    1.64522e-02
       600   -1.36000e+00    3.13629e-02    1.64522e-02
       601   -1.36000e+00   -4.75528e-02    1.54509e-02
       602   -1.36000e+00    4.75528e-02    1.54510e-02
       603   -1.36000e+00   -1.64522e-02    3.13629e-02
       604   -1.36000e+00    1.64522e-02    3.13629e-02
       605   -1.36000e+00    4.04509e-02    2.93893e-02
       606   -1.36000e+00   -4.04508e-02    2.93893e-02
       607   -1.36000e+00   -4.89090e-08    4.24007e-02
       608   -1.36000e+00   -2.93893e-02    4.04508e-02
       609   -1.36000e+00    2.93893e-02    4.04509e-02
       610   -1.36000e+00   -1.54510e-02    4.75528e-02
       611   -1.36000e+00    1.54509e-02    4.75528e-02
       612   -1.36000e+00    0.00000e+00    5.00000e-02
       613   -1.32000e+00    0.00000e+00   -5.00000e-02
       614   -1.32000e+00    4.13827e-08   -4.24007e-02
       615   -1.32000e+00   -1.54509e-02   -4.75528e-02
       616   -1.32000e+00    1.54510e-02   -4.75528e-02
       617   -1.32000e+00   -1.64522e-02   -3.13629e-02
       618   -1.32000e+00    1.64522e-02   -3.13629e-02
       619   -1.32000e+00   -2.93893e-02   -4.04508e-02
       620   -1.32000e+00    2.93893e-02   -4.04508e-02
       621   -1.32000e+00    3.50835e-09   -1.69343e-02
       622   -1.32000e+00    4.04508e-02   -2.93893e-02
       623   -1.32000e+00   -4.04509e-02   -2.93893e-02
       624   -1.32000e+00   -3.13629e-02   -1.64522e-02
       625   -1.32000e+00    3.13629e-02   -1.64522e-02
       626   -1.32000e+00    1.69343e-02   -8.91893e-09
       627   -1.32000e+00   -1.69343e-02    1.57258e-08
       628   -1.32000e+00   -4.75528e-02   -1.54510e-02
       629   -1.32000e+00    4.75528e-02   -1.54509e-02
       630   -1.32000e+00   -4.24007e-02   -4.96394e-08
       631   -1.32000e+00    4.24008e-02    5.05043e-08
       632   -1.32000e+00   -1.22117e-08    1.69343e-02
       633   -1.32000e+00   -5.00000e-02    3.06152e-18
       634   -1.32000e+00    5.00000e-02   -3.06152e-18
       635   -1.32000e+00   -3.13629e-02    1.64522e-02
       636   -1.32000e+00    3.13629e-02    1.64522e-02
       637   -1.32000e+00   -4.75528e-02    1.54510e-02
       638   -1.32000e+00    4.75528e-02    1.54510e-02
       639   -1.32000e+00   -1.64522e-02    3.13629e-02
       640   -1.32000e+00    1.64522e-02    3.13629e-02
       641   -1.32000e+00    4.04509e-02    2.93893e-02
       642   -1.32000e+00   -4.04508e-02    2.93893e-02
       643   -1.32000e+00   -3.40284e-08    4.24007e-02
       644   -1.32000e+00   -2.93893e-02    4.04508e-02
       645   -1.32000e+00    2.93893e-02    4.04509e-02
       646   -1.32000e+00   -1.54510e-02    4.75528e-02
       647   -1.32000e+00    1.54510e-02    4.75528e-02
       648   -1.32000e+00    0.00000e+00    5.00000e-02
       649   -1.28000e+00    0.00000e+00   -5.00000e-02
       650   -1.28000e+00    2.62723e-08   -4.24007e-02
       651   -1.28000e+00   -1.54510e-02   -4.75528e-02
       652   -1.28000e+00    1.54510e-02   -4.75528e-02
       653   -1.28000e+00   -1.64522e-02   -3.13629e-02
       654   -1.28000e+00    1.64522e-02   -3.13629e-02
       655   -1.28000e+00   -2.93893e-02   -4.04508e-02
       656   -1.28000e+00    2.93893e-02   -4.04508e-02
       657   -1.28000e+00    3.51207e-09   -1.69343e-02
       658   -1.28000e+00    4.04508e-02   -2.93893e-02
       659   -1.28000e+00   -4.04509e-02   -2.93893e-02
       660   -1.28000e+00   -3.13629e-02   -1.64522e-02
       661   -1.28000e+00    3.13629e-02   -1.64522e-02
       662   -1.28000e+00    1.69343e-02   -8.91538e-09
       663   -1.28000e+00   -1.69343e-02    1.57225e-08
       664   -1.28000e+00   -4.75528e-02   -1.54510e-02
       665   -1.28000e+00    4.75528e-02   -1.54510e-02
       666   -1.28000e+00   -4.24007e-02   -3.45285e-08
       667   -1.28000e+00    4.24008e-02    3.53934e-08
       668   -1.28000e+00   -1.22151e-08    1.69343e-02
       669   -1.28000e+00    5.00000e-02   -3.06152e-18
       670   -1.28000e+00   -5.00000e-02    3.06152e-18
       671   -1.28000e+00   -3.13629e-02    1.64522e-02
       672   -1.28000e+00    3.13629e-02    1.64522e-02
       673   -1.28000e+00   -4.75528e-02    1.54510e-02
       674   -1.28000e+00    4.75528e-02    1.54510e-02
       675   -1.28000e+00   -1.64522e-02    3.13629e-02
       676   -1.28000e+00    1.64522e-02    3.13629e-02
       677   -1.28000e+00    4.04509e-02    2.93893e-02
       678   -1.28000e+00   -4.04508e-02    2.93893e-02
       679   -1.28000e+00   -1.89176e-08    4.24007e-02
       680   -1.28000e+00   -2.93893e-02    4.04508e-02
       681   -1.28000e+00    2.93893e-02    4.04509e-02
       682   -1.28000e+00   -1.54510e-02    4.75528e-02
       683   -1.28000e+00    1.54510e-02    4.75528e-02
       684   -1.28000e+00    0.00000e+00    5.00000e-02
       685   -1.24000e+00    0.00000e+00   -5.00000e-02
       686   -1.24000e+00    1.10072e-08   -4.24007e-02
       687   -1.24000e+00   -1.54510e-02   -4.75528e-02
       688   -1.24000e+00    1.54510e-02   -4.75528e-02
       689   -1.24000e+00   -1.64522e-02   -3.13629e-02
       690   -1.24000e+00    1.64522e-02   -3.13629e-02
       691   -1.24000e+00   -2.93893e-02   -4.04508e-02
       692   -1.24000e+00    2.93893e-02   -4.04508e-02
       693   -1.24000e+00    3.51522e-09   -1.69343e-02
       694   -1.24000e+00    4.04508e-02   -2.93893e-02
       695   -1.24000e+00   -4.04509e-02   -2.93893e-02
       696   -1.24000e+00    3.13629e-02   -1.64522e-02
       697   -1.24000e+00   -3.13629e-02   -1.64522e-02
       698   -1.24000e+00    1.69343e-02   -8.91206e-09
       699   -1.24000e+00   -1.69343e-02    1.57189e-08
       700   -1.24000e+00   -4.75528e-02   -1.54510e-02
       701   -1.24000e+00    4.75528e-02   -1.54510e-02
       702   -1.24000e+00   -4.24007e-02   -1.92641e-08
       703   -1.24000e+00    4.24008e-02    2.01289e-08
       704   -1.24000e+00   -1.22186e-08    1.69343e-02
       705   -1.24000e+00    5.00000e-02   -3.06152e-18
       706   -1.24000e+00   -5.00000e-02    3.06152e-18
       707   -1.24000e+00   -3.13629e-02    1.64522e-02
       708   -1.24000e+00    3.13629e-02    1.64522e-02
       709   -1.24000e+00   -4.75528e-02    1.54510e-02
       710   -1.24000e+00    4.75528e-02    1.54510e-02
       711   -1.24000e+00   -1.64522e-02    3.13629e-02
       712   -1.24000e+00    1.64522e-02    3.13629e-02
       713   -1.24000e+00    4.04509e-02    2.93893e-02
       714   -1.24000e+00   -4.04508e-02    2.93893e-02
       715   -1.24000e+00   -3.65294e-09    4.24007e-02
       716   -1.24000e+00   -2.93893e-02    4.04508e-02
       717   -1.24000e+00    2.93893e-02    4.04509e-02
       718   -1.24000e+00   -1.54510e-02    4.75528e-02
       719   -1.24000e+00    1.54510e-02    4.75528e-02
       720   -1.24000e+00    0.00000e+00    5.00000e-02
       721   -1.20000e+00    0.00000e+00   -5.00000e-02
       722   -1.20000e+00   -4.33348e-09   -4.24007e-02
       723   -1.20000e+00   -1.54510e-02   -4.75528e-02
       724   -1.20000e+00    1.54510e-02   -4.75528e-02
       725   -1.20000e+00   -1.64522e-02   -3.13629e-02
       726   -1.20000e+00    1.64522e-02   -3.13629e-02
       727   -1.20000e+00   -2.93893e-02   -4.04508e-02
       728   -1.20000e+00    2.93893e-02   -4.04508e-02
       729   -1.20000e+00    3.51902e-09   -1.69343e-02
       730   -1.20000e+00    4.04508e-02   -2.93893e-02
       731   -1.20000e+00   -4.04509e-02   -2.93893e-02
       732   -1.20000e+00    3.13629e-02   -1.64522e-02
       733   -1.20000e+00   -3.13629e-02   -1.64522e-02
       734   -1.20000e+00    1.69343e-02   -8.90840e-09
       735   -1.20000e+00   -1.69343e-02    1.57156e-08
       736   -1.20000e+00   -4.75528e-02   -1.54510e-02
       737   -1.20000e+00    4.75528e-02   -1.54510e-02
       738   -1.20000e+00   -4.24007e-02   -3.92285e-09
       739   -1.20000e+00    4.24008e-02    4.78775e-09
       740   -1.20000e+00   -1.22219e-08    1.69343e-02
       741   -1.20000e+00   -5.00000e-02    3.06152e-18
       742   -1.20000e+00    5.00000e-02   -3.06152e-18
       743   -1.20000e+00   -3.13629e-02    1.64522e-02
       744   -1.20000e+00    3.13629e-02    1.64522e-02
       745   -1.20000e+00   -4.75528e-02    1.54510e-02
       746   -1.20000e+00    4.75528e-02    1.54510e-02
       747   -1.20000e+00   -1.64522e-02    3.13629e-02
       748   -1.20000e+00    1.64522e-02    3.13629e-02
       749   -1.20000e+00    4.04509e-02    2.93893e-02
       750   -1.20000e+00   -4.04508e-02    2.93893e-02
       751   -1.20000e+00    1.16883e-08    4.24007e-02
       752   -1.20000e+00   -2.93893e-02    4.04508e-02
       753   -1.20000e+00    2.93893e-02    4.04509e-02
       754   -1.20000e+00   -1.54510e-02    4.75528e-02
       755   -1.20000e+00    1.54510e-02    4.75528e-02
       756   -1.20000e+00    0.00000e+00    5.00000e-02
       757   -1.16000e+00    0.00000e+00   -5.00000e-02
       758   -1.16000e+00   -1.96753e-08   -4.24007e-02
       759   -1.16000e+00    1.54510e-02   -4.75528e-02
       760   -1.16000e+00   -1.54510e-02   -4.75528e-02
       761   -1.16000e+00    1.64522e-02   -3.13629e-02
       762   -1.16000e+00   -1.64522e-02   -3.13629e-02
       763   -1.16000e+00   -2.93893e-02   -4.04508e-02
       764   -1.16000e+00    2.93893e-02   -4.04508e-02
       765   -1.16000e+00    3.52216e-09   -1.69343e-02
       766   -1.16000e+00    4.04508e-02   -2.93893e-02
       767   -1.16000e+00   -4.04509e-02   -2.93893e-02
       768   -1.16000e+00    3.13629e-02   -1.64522e-02
       769   -1.16000e+00   -3.13629e-02   -1.64522e-02
       770   -1.16000e+00    1.69343e-02   -8.90512e-09
       771   -1.16000e+00   -1.69343e-02    1.57119e-08
       772   -1.16000e+00    4.75528e-02   -1.54510e-02
       773   -1.16000e+00   -4.75528e-02   -1.54510e-02
       774   -1.16000e+00    4.24008e-02   -1.05535e-08
       775   -1.16000e+00   -4.24007e-02    1.14183e-08
       776   -1.16000e+00   -1.22255e-08    1.69343e-02
       777   -1.16000e+00   -5.00000e-02    3.06152e-18
       778   -1.16000e+00    5.00000e-02   -3.06152e-18
       779   -1.16000e+00    3.13629e-02    1.64522e-02
       780   -1.16000e+00   -3.13629e-02    1.64522e-02
       781   -1.16000e+00    4.75528e-02    1.54510e-02
       782   -1.16000e+00   -4.75528e-02    1.54510e-02
       783   -1.16000e+00   -1.64522e-02    3.13629e-02
       784   -1.16000e+00    1.64522e-02    3.13629e-02
       785   -1.16000e+00    4.04509e-02    2.93893e-02
       786   -1.16000e+00   -4.04508e-02    2.93893e-02
       787   -1.16000e+00    2.70296e-08    4.24007e-02
       788   -1.16000e+00   -2.93893e-02    4.04508e-02
       789   -1.16000e+00    2.93893e-02    4.04509e-02
       790   -1.16000e+00   -1.54510e-02    4.75528e-02
       791   -1.16000e+00    1.54510e-02    4.75528e-02
       792   -1.16000e+00    0.00000e+00    5.00000e-02
       793   -1.12000e+00    0.00000e+00   -5.00000e-02
       794   -1.12000e+00   -3.49392e-08   -4.24007e-02
       795   -1.12000e+00    1.54509e-02   -4.75528e-02
       796   -1.12000e+00   -1.54510e-02   -4.75528e-02
       797   -1.12000e+00    1.64522e-02   -3.13629e-02
       798   -1.12000e+00   -1.64522e-02   -3.13629e-02
       799   -1.12000e+00   -2.93893e-02   -4.04508e-02
       800   -1.12000e+00    2.93893e-02   -4.04508e-02
       801   -1.12000e+00    3.52595e-09   -1.69343e-02
       802   -1.12000e+00    4.04508e-02   -2.93893e-02
       803   -1.12000e+00   -4.04509e-02   -2.93893e-02
       804   -1.12000e+00    3.13629e-02   -1.64522e-02
       805   -1.12000e+00   -3.13629e-02   -1.64522e-02
       806   -1.12000e+00    1.69343e-02   -8.90148e-09
       807   -1.12000e+00   -1.69343e-02    1.57087e-08
       808   -1.12000e+00    4.75528e-02   -1.54510e-02
       809   -1.12000e+00   -4.75528e-02   -1.54510e-02
       810   -1.12000e+00    4.24008e-02   -2.58179e-08
       811   -1.12000e+00   -4.24007e-02    2.66828e-08
       812   -1.12000e+00   -1.22289e-08    1.69343e-02
       813   -1.12000e+00    5.00000e-02   -3.06152e-18
       814   -1.12000e+00   -5.00000e-02    3.06152e-18
       815   -1.12000e+00    3.13629e-02    1.64522e-02
       816   -1.12000e+00   -3.13629e-02    1.64522e-02
       817   -1.12000e+00    4.75528e-02    1.54510e-02
       818   -1.12000e+00   -4.75528e-02    1.54510e-02
       819   -1.12000e+00   -1.64522e-02    3.13629e-02
       820   -1.12000e+00    1.64522e-02    3.13629e-02
       821   -1.12000e+00   -4.04508e-02    2.93893e-02
       822   -1.12000e+00    4.04509e-02    2.93893e-02
       823   -1.12000e+00    4.22941e-08    4.24007e-02
       824   -1.12000e+00   -2.93893e-02    4.04508e-02
       825   -1.12000e+00    2.93893e-02    4.04509e-02
       826   -1.12000e+00   -1.54510e-02    4.75528e-02
       827   -1.12000e+00    1.54510e-02    4.75528e-02
       828   -1.12000e+00    0.00000e+00    5.00000e-02
       829   -1.08000e+00    0.00000e+00   -5.00000e-02
       830   -1.08000e+00   -5.00508e-08   -4.24007e-02
       831   -1.08000e+00    1.54509e-02   -4.75528e-02
       832   -1.08000e+00   -1.54510e-02   -4.75528e-02
       833   -1.08000e+00    1.64522e-02   -3.13629e-02
       834   -1.08000e+00   -1.64522e-02   -3.13629e-02
       835   -1.08000e+00   -2.93893e-02   -4.04508e-02
       836   -1.08000e+00    2.93893e-02   -4.04508e-02
       837   -1.08000e+00    3.52904e-09   -1.69343e-02
       838   -1.08000e+00    4.04508e-02   -2.93893e-02
       839   -1.08000e+00   -4.04509e-02   -2.93893e-02
       840   -1.08000e+00    3.13629e-02   -1.64522e-02
       841   -1.08000e+00   -3.13629e-02   -1.64522e-02
       842   -1.08000e+00    1.69343e-02   -8.89824e-09
       843   -1.08000e+00   -1.69343e-02    1.57051e-08
       844   -1.08000e+00    4.75528e-02   -1.54510e-02
       845   -1.08000e+00   -4.75528e-02   -1.54510e-02
       846   -1.08000e+00    4.24008e-02   -4.09289e-08
       847   -1.08000e+00   -4.24007e-02    4.17936e-08
       848   -1.08000e+00   -1.22324e-08    1.69343e-02
       849   -1.08000e+00   -5.00000e-02    3.06152e-18
       850   -1.08000e+00    5.00000e-02   -3.06152e-18
       851   -1.08000e+00    3.13629e-02    1.64522e-02
       852   -1.08000e+00   -3.13629e-02    1.64522e-02
       853   -1.08000e+00    4.75528e-02    1.54510e-02
       854   -1.08000e+00   -4.75528e-02    1.54510e-02
       855   -1.08000e+00   -1.64522e-02    3.13629e-02
       856   -1.08000e+00    1.64522e-02    3.13629e-02
       857   -1.08000e+00   -4.04508e-02    2.93893e-02
       858   -1.08000e+00    4.04509e-02    2.93893e-02
       859   -1.08000e+00    5.74051e-08    4.24007e-02
       860   -1.08000e+00   -2.93893e-02    4.04508e-02
       861   -1.08000e+00    2.93893e-02    4.04509e-02
       862   -1.08000e+00   -1.54509e-02    4.75528e-02
       863   -1.08000e+00    1.54510e-02    4.75528e-02
       864   -1.08000e+00    0.00000e+00    5.00000e-02
       865   -1.04000e+00    0.00000e+00   -5.00000e-02
       866   -1.04000e+00   -6.49308e-08   -4.24007e-02
       867   -1.04000e+00    1.54509e-02   -4.75528e-02
       868   -1.04000e+00   -1.54510e-02   -4.75528e-02
       869   -1.04000e+00    1.64522e-02   -3.13629e-02
       870   -1.04000e+00   -1.64522e-02   -3.13629e-02
       871   -1.04000e+00   -2.93893e-02   -4.04508e-02
       872   -1.04000e+00    2.93893e-02   -4.04508e-02
       873   -1.04000e+00    3.53273e-09   -1.69343e-02
       874   -1.04000e+00    4.04508e-02   -2.93893e-02
       875   -1.04000e+00   -4.04509e-02   -2.93893e-02
       876   -1.04000e+00    3.13629e-02   -1.64522e-02
       877   -1.04000e+00   -3.13629e-02   -1.64522e-02
       878   -1.04000e+00    1.69343e-02   -8.89469e-09
       879   -1.04000e+00   -1.69343e-02    1.57019e-08
       880   -1.04000e+00    4.75528e-02   -1.54510e-02
       881   -1.04000e+00   -4.75528e-02   -1.54509e-02
       882   -1.04000e+00    4.24008e-02   -5.58094e-08
       883   -1.04000e+00   -4.24007e-02    5.66742e-08
       884   -1.04000e+00   -1.22356e-08    1.69343e-02
       885   -1.04000e+00    5.00000e-02   -3.06152e-18
       886   -1.04000e+00   -5.00000e-02    3.06152e-18
       887   -1.04000e+00    3.13629e-02    1.64522e-02
       888   -1.04000e+00   -3.13629e-02    1.64522e-02
       889   -1.04000e+00    4.75528e-02    1.54509e-02
       890   -1.04000e+00   -4.75528e-02    1.54510e-02
       891   -1.04000e+00   -1.64522e-02    3.13629e-02
       892   -1.04000e+00    1.64522e-02    3.13629e-02
       893   -1.04000e+00   -4.04508e-02    2.93893e-02
       894   -1.04000e+00    4.04509e-02    2.93893e-02
       895   -1.04000e+00    7.22857e-08    4.24007e-02
       896   -1.04000e+00   -2.93893e-02    4.04508e-02
       897   -1.04000e+00    2.93893e-02    4.04509e-02
       898   -1.04000e+00   -1.54509e-02    4.75528e-02
       899   -1.04000e+00    1.54510e-02    4.75528e-02
       900   -1.04000e+00    0.00000e+00    5.00000e-02
       901   -1.00000e+00    0.00000e+00   -5.00000e-02
       902   -1.00000e+00   -7.95050e-08   -4.24007e-02
       903   -1.00000e+00    1.54509e-02   -4.75528e-02
       904   -1.00000e+00   -1.54510e-02   -4.75528e-02
       905   -1.00000e+00    1.64522e-02   -3.13629e-02
       906   -1.00000e+00   -1.64522e-02   -3.13629e-02
       907   -1.00000e+00   -2.93893e-02   -4.04508e-02
       908   -1.00000e+00    2.93893e-02   -4.04508e-02
       909   -1.00000e+00    3.53570e-09   -1.69343e-02
       910   -1.00000e+00    4.04508e-02   -2.93893e-02
       911   -1.00000e+00   -4.04509e-02   -2.93893e-02
       912   -1.00000e+00    3.13629e-02   -1.64522e-02
       913   -1.00000e+00   -3.13629e-02   -1.64522e-02
       914   -1.00000e+00    1.69343e-02   -8.89158e-09
       915   -1.00000e+00   -1.69343e-02    1.56984e-08
       916   -1.00000e+00    4.75528e-02   -1.54510e-02
       917   -1.00000e+00   -4.75528e-02   -1.54509e-02
       918   -1.00000e+00    4.24008e-02   -7.03830e-08
       919   -1.00000e+00   -4.24007e-02    7.12476e-08
       920   -1.00000e+00   -1.22390e-08    1.69343e-02
       921   -1.00000e+00   -5.00000e-02    3.06152e-18
       922   -1.00000e+00    5.00000e-02   -3.06152e-18
       923   -1.00000e+00    3.13629e-02    1.64522e-02
       924   -1.00000e+00   -3.13629e-02    1.64522e-02
       925   -1.00000e+00    4.75528e-02    1.54509e-02
       926   -1.00000e+00   -4.75528e-02    1.54510e-02
       927   -1.00000e+00   -1.64522e-02    3.13629e-02
       928   -1.00000e+00    1.64522e-02    3.13629e-02
       929   -1.00000e+00   -4.04508e-02    2.93893e-02
       930   -1.00000e+00    4.04509e-02    2.93893e-02
       931   -1.00000e+00    8.68593e-08    4.24007e-02
       932   -1.00000e+00   -2.93893e-02    4.04508e-02
       933   -1.00000e+00    2.93893e-02    4.04509e-02
       934   -1.00000e+00   -1.54509e-02    4.75528e-02
       935   -1.00000e+00    1.54510e-02    4.75528e-02
       936   -1.00000e+00    0.00000e+00    5.00000e-02
       937   -9.60000e-01    0.00000e+00   -5.00000e-02
       938   -9.60000e-01   -9.36941e-08   -4.24007e-02
       939   -9.60000e-01    1.54509e-02   -4.75528e-02
       940   -9.60000e-01   -1.54510e-02   -4.75528e-02
       941   -9.60000e-01    1.64522e-02   -3.13629e-02
       942   -9.60000e-01   -1.64522e-02   -3.13629e-02
       943   -9.60000e-01   -2.93893e-02   -4.04508e-02
       944   -9.60000e-01    2.93893e-02   -4.04508e-02
       945   -9.60000e-01    3.53924e-09   -1.69343e-02
       946   -9.60000e-01    4.04508e-02   -2.93893e-02
       947   -9.60000e-01   -4.04509e-02   -2.93893e-02
       948   -9.60000e-01    3.13629e-02   -1.64522e-02
       949   -9.60000e-01   -3.13629e-02   -1.64522e-02
       950   -9.60000e-01    1.69343e-02   -8.88818e-09
       951   -9.60000e-01   -1.69343e-02    1.56954e-08
       952   -9.60000e-01    4.75528e-02   -1.54510e-02
       953   -9.60000e-01   -4.75528e-02   -1.54509e-02
       954   -9.60000e-01    4.24008e-02   -8.45726e-08
       955   -9.60000e-01   -4.24007e-02    8.54374e-08
       956   -9.60000e-01   -1.22421e-08    1.69343e-02
       957   -9.60000e-01    5.00000e-02   -3.06152e-18
       958   -9.60000e-01   -5.00000e-02    3.06152e-18
       959   -9.60000e-01    3.13629e-02    1.64522e-02
       960   -9.60000e-01   -3.13629e-02    1.64522e-02
       961   -9.60000e-01    4.75528e-02    1.54509e-02
       962   -9.60000e-01   -4.75528e-02    1.54510e-02
       963   -9.60000e-01   -1.64522e-02    3.13629e-02
       964   -9.60000e-01    1.64522e-02    3.13629e-02
       965   -9.60000e-01   -4.04508e-02    2.93893e-02
       966   -9.60000e-01    4.04509e-02    2.93893e-02
       967   -9.60000e-01    1.01049e-07    4.24007e-02
       968   -9.60000e-01   -2.93893e-02    4.04508e-02
       969   -9.60000e-01    2.93893e-02    4.04509e-02
       970   -9.60000e-01    1.54510e-02    4.75528e-02
       971   -9.60000e-01   -1.54509e-02    4.75528e-02
       972   -9.60000e-01    0.00000e+00    5.00000e-02
       973   -9.20000e-01    0.00000e+00   -5.00000e-02
       974   -9.20000e-01   -1.07424e-07   -4.24007e-02
       975   -9.20000e-01    1.54509e-02   -4.75528e-02
       976   -9.20000e-01   -1.54510e-02   -4.75528e-02
       977   -9.20000e-01    1.64522e-02   -3.13629e-02
       978   -9.20000e-01   -1.64523e-02   -3.13629e-02
       979   -9.20000e-01   -2.93893e-02   -4.04508e-02
       980   -9.20000e-01    2.93893e-02   -4.04508e-02
       981   -9.20000e-01    3.54202e-09   -1.69343e-02
       982   -9.20000e-01   -4.04509e-02   -2.93893e-02
       983   -9.20000e-01    4.04508e-02   -2.93893e-02
       984   -9.20000e-01    3.13629e-02   -1.64522e-02
       985   -9.20000e-01   -3.13629e-02   -1.64522e-02
       986   -9.20000e-01    1.69343e-02   -8.88526e-09
       987   -9.20000e-01   -1.69343e-02    1.56921e-08
       988   -9.20000e-01    4.75528e-02   -1.54510e-02
       989   -9.20000e-01   -4.75528e-02   -1.54509e-02
       990   -9.20000e-01    4.24008e-02   -9.83017e-08
       991   -9.20000e-01   -4.24007e-02    9.91663e-08
       992   -9.20000e-01   -1.22454e-08    1.69343e-02
       993   -9.20000e-01   -5.00000e-02    3.06152e-18
       994   -9.20000e-01    5.00000e-02   -3.06152e-18
       995   -9.20000e-01    3.13629e-02    1.64522e-02
       996   -9.20000e-01   -3.13629e-02    1.64522e-02
       997   -9.20000e-01    4.75528e-02    1.54509e-02
       998   -9.20000e-01   -4.75528e-02    1.54510e-02
       999   -9.20000e-01   -1.64522e-02    3.13629e-02
      1000   -9.20000e-01    1.64522e-02    3.13629e-02
      1001   -9.20000e-01   -4.04508e-02    2.93893e-02
      1002   -9.20000e-01    4.04509e-02    2.93893e-02
      1003   -9.20000e-01    1.14778e-07    4.24007e-02
      1004   -9.20000e-01   -2.93893e-02    4.04508e-02
      1005   -9.20000e-01    2.93893e-02    4.04509e-02
      1006   -9.20000e-01    1.54510e-02    4.75528e-02
      1007   -9.20000e-01   -1.54509e-02    4.75528e-02
      1008   -9.20000e-01    0.00000e+00    5.00000e-02
      1009   -8.80000e-01    0.00000e+00   -5.00000e-02
      1010   -8.80000e-01   -1.20615e-07   -4.24007e-02
      1011   -8.80000e-01    1.54509e-02   -4.75528e-02
      1012   -8.80000e-01   -1.54510e-02   -4.75528e-02
      1013   -8.80000e-01    1.64522e-02   -3.13629e-02
      1014   -8.80000e-01   -1.64523e-02   -3.13629e-02
      1015   -8.80000e-01   -2.93893e-02   -4.04508e-02
      1016   -8.80000e-01    2.93893e-02   -4.04508e-02
      1017   -8.80000e-01    3.54534e-09   -1.69343e-02
      1018   -8.80000e-01   -4.04509e-02   -2.93893e-02
      1019   -8.80000e-01    4.04508e-02   -2.93893e-02
      1020   -8.80000e-01    3.13629e-02   -1.64522e-02
      1021   -8.80000e-01   -3.13629e-02   -1.64522e-02
      1022   -8.80000e-01    1.69343e-02   -8.88209e-09
      1023   -8.80000e-01   -1.69343e-02    1.56893e-08
      1024   -8.80000e-01    4.75528e-02   -1.54510e-02
      1025   -8.80000e-01   -4.75528e-02   -1.54509e-02
      1026   -8.80000e-01    4.24008e-02   -1.11493e-07
      1027   -8.80000e-01   -4.24007e-02    1.12358e-07
      1028   -8.80000e-01   -1.22482e-08    1.69343e-02
      1029   -8.80000e-01    5.00000e-02   -3.06152e-18
      1030   -8.80000e-01   -5.00000e-02    3.06152e-18
      1031   -8.80000e-01    3.13629e-02    1.64522e-02
      1032   -8.80000e-01   -3.13629e-02    1.64522e-02
      1033   -8.80000e-01    4.75528e-02    1.54509e-02
      1034   -8.80000e-01   -4.75528e-02    1.54510e-02
      1035   -8.80000e-01   -1.64522e-02    3.13629e-02
      1036   -8.80000e-01    1.64522e-02    3.13629e-02
      1037   -8.80000e-01   -4.04508e-02    2.93893e-02
      1038   -8.80000e-01    4.04509e-02    2.93893e-02
      1039   -8.80000e-01    1.27970e-07    4.24007e-02
      1040   -8.80000e-01   -2.93893e-02    4.04508e-02
      1041   -8.80000e-01    2.93893e-02    4.04509e-02
      1042   -8.80000e-01    1.54511e-02    4.75528e-02
      1043   -8.80000e-01   -1.54509e-02    4.75528e-02
      1044   -8.80000e-01    0.00000e+00    5.00000e-02
      1045   -8.40000e-01    0.00000e+00   -5.00000e-02
      1046   -8.40000e-01   -1.33193e-07   -4.24007e-02
      1047   -8.40000e-01    1.54509e-02   -4.75528e-02
      1048   -8.40000e-01   -1.54510e-02   -4.75528e-02
      1049   -8.40000e-01    1.64522e-02   -3.13629e-02
      1050   -8.40000e-01   -1.64523e-02   -3.13629e-02
      1051   -8.40000e-01   -2.93893e-02   -4.04508e-02
      1052   -8.40000e-01    2.93893e-02   -4.04508e-02
      1053   -8.40000e-01    3.54785e-09   -1.69343e-02
      1054   -8.40000e-01   -4.04509e-02   -2.93893e-02
      1055   -8.40000e-01    4.04508e-02   -2.93893e-02
      1056   -8.40000e-01    3.13629e-02   -1.64523e-02
      1057   -8.40000e-01   -3.13629e-02   -1.64522e-02
      1058   -8.40000e-01    1.69343e-02   -8.87943e-09
      1059   -8.40000e-01   -1.69343e-02    1.56863e-08
      1060   -8.40000e-01    4.75528e-02   -1.54510e-02
      1061   -8.40000e-01   -4.75528e-02   -1.54509e-02
      1062   -8.40000e-01    4.24008e-02   -1.24071e-07
      1063   -8.40000e-01   -4.24007e-02    1.24935e-07
      1064   -8.40000e-01   -1.22512e-08    1.69343e-02
      1065   -8.40000e-01   -5.00000e-02    3.06152e-18
      1066   -8.40000e-01    5.00000e-02   -3.06152e-18
      1067   -8.40000e-01    3.13629e-02    1.64522e-02
      1068   -8.40000e-01   -3.13629e-02    1.64523e-02
      1069   -8.40000e-01    4.75528e-02    1.54509e-02
      1070   -8.40000e-01   -4.75528e-02    1.54511e-02
      1071   -8.40000e-01   -1.64522e-02    3.13629e-02
      1072   -8.40000e-01    1.64522e-02    3.13629e-02
      1073   -8.40000e-01   -4.04508e-02    2.93893e-02
      1074   -8.40000e-01    4.04509e-02    2.93893e-02
      1075   -8.40000e-01    1.40547e-07    4.24007e-02
      1076   -8.40000e-01   -2.93893e-02    4.04508e-02
      1077   -8.40000e-01    2.93893e-02    4.04509e-02
      1078   -8.40000e-01    1.54511e-02    4.75528e-02
      1079   -8.40000e-01   -1.54509e-02    4.75528e-02
      1080   -8.40000e-01    0.00000e+00    5.00000e-02
      1081   -8.00000e-01    0.00000e+00   -5.00000e-02
      1082   -8.00000e-01   -1.45079e-07   -4.24007e-02
      1083   -8.00000e-01    1.54509e-02   -4.75528e-02
      1084   -8.00000e-01   -1.54511e-02   -4.75528e-02
      1085   -8.00000e-01    1.64522e-02   -3.13629e-02
      1086   -8.00000e-01   -1.64523e-02   -3.13629e-02
      1087   -8.00000e-01   -2.93893e-02   -4.04508e-02
      1088   -8.00000e-01    2.93893e-02   -4.04508e-02
      1089   -8.00000e-01    3.55087e-09   -1.69343e-02
      1090   -8.00000e-01   -4.04509e-02   -2.93893e-02
      1091   -8.00000e-01    4.04508e-02   -2.93893e-02
      1092   -8.00000e-01    3.13629e-02   -1.64523e-02
      1093   -8.00000e-01   -3.13629e-02   -1.64522e-02
      1094   -8.00000e-01    1.69343e-02   -8.87655e-09
      1095   -8.00000e-01   -1.69343e-02    1.56837e-08
      1096   -8.00000e-01    4.75528e-02   -1.54511e-02
      1097   -8.00000e-01   -4.75528e-02   -1.54509e-02
      1098   -8.00000e-01    4.24008e-02   -1.35957e-07
      1099   -8.00000e-01   -4.24007e-02    1.36822e-07
      1100   -8.00000e-01   -1.22538e-08    1.69343e-02
      1101   -8.00000e-01    5.00000e-02   -3.06152e-18
      1102   -8.00000e-01   -5.00000e-02    3.06152e-18
      1103   -8.00000e-01    3.13629e-02    1.64522e-02
      1104   -8.00000e-01   -3.13629e-02    1.64523e-02
      1105   -8.00000e-01    4.75528e-02    1.54509e-02
      1106   -8.00000e-01   -4.75528e-02    1.54511e-02
      1107   -8.00000e-01   -1.64522e-02    3.13629e-02
      1108   -8.00000e-01    1.64522e-02    3.13629e-02
      1109   -8.00000e-01   -4.04508e-02    2.93893e-02
      1110   -8.00000e-01    4.04509e-02    2.93893e-02
      1111   -8.00000e-01    1.52434e-07    4.24007e-02
      1112   -8.00000e-01   -2.93893e-02    4.04508e-02
      1113   -8.00000e-01    2.93893e-02    4.04509e-02
      1114   -8.00000e-01    1.54511e-02    4.75528e-02
      1115   -8.00000e-01   -1.54509e-02    4.75528e-02
      1116   -8.00000e-01    0.00000e+00    5.00000e-02
      1117   -7.60000e-01    0.00000e+00   -5.00000e-02
      1118   -7.60000e-01   -1.56199e-07   -4.24007e-02
      1119   -7.60000e-01    1.54509e-02   -4.75528e-02
      1120   -7.60000e-01   -1.54511e-02   -4.75528e-02
      1121   -7.60000e-01    1.64522e-02   -3.13629e-02
      1122   -7.60000e-01   -1.64523e-02   -3.13629e-02
      1123   -7.60000e-01   -2.93893e-02   -4.04508e-02
      1124   -7.60000e-01    2.93893e-02   -4.04508e-02
      1125   -7.60000e-01    3.55306e-09   -1.69343e-02
      1126   -7.60000e-01   -4.04509e-02   -2.93893e-02
      1127   -7.60000e-01    4.04508e-02   -2.93893e-02
      1128   -7.60000e-01    3.13629e-02   -1.64523e-02
      1129   -7.60000e-01   -3.13629e-02   -1.64522e-02
      1130   -7.60000e-01    1.69343e-02   -8.87422e-09
      1131   -7.60000e-01   -1.69343e-02    1.56810e-08
      1132   -7.60000e-01    4.75528e-02   -1.54511e-02
      1133   -7.60000e-01   -4.75528e-02   -1.54509e-02
      1134   -7.60000e-01    4.24008e-02   -1.47076e-07
      1135   -7.60000e-01   -4.24007e-02    1.47941e-07
      1136   -7.60000e-01   -1.22564e-08    1.69343e-02
      1137   -7.60000e-01   -5.00000e-02    3.06152e-18
      1138   -7.60000e-01    5.00000e-02   -3.06152e-18
      1139   -7.60000e-01    3.13629e-02    1.64522e-02
      1140   -7.60000e-01   -3.13629e-02    1.64523e-02
      1141   -7.60000e-01    4.75528e-02    1.54509e-02
      1142   -7.60000e-01   -4.75528e-02    1.54511e-02
      1143   -7.60000e-01   -1.64522e-02    3.13629e-02
      1144   -7.60000e-01    1.64523e-02    3.13629e-02
      1145   -7.60000e-01   -4.04508e-02    2.93893e-02
      1146   -7.60000e-01    4.04509e-02    2.93893e-02
      1147   -7.60000e-01    1.63553e-07    4.24007e-02
      1148   -7.60000e-01   -2.93893e-02    4.04508e-02
      1149   -7.60000e-01    2.93893e-02    4.04509e-02
      1150   -7.60000e-01    1.54511e-02    4.75528e-02
      1151   -7.60000e-01   -1.54509e-02    4.75528e-02
      1152   -7.60000e-01    0.00000e+00    5.00000e-02
      1153   -7.20000e-01    0.00000e+00   -5.00000e-02
      1154   -7.20000e-01   -1.66472e-07   -4.24007e-02
      1155   -7.20000e-01    1.54509e-02   -4.75528e-02
      1156   -7.20000e-01   -1.54511e-02   -4.75528e-02
      1157   -7.20000e-01    1.64522e-02   -3.13629e-02
      1158   -7.20000e-01   -1.64523e-02   -3.13629e-02
      1159   -7.20000e-01   -2.93893e-02   -4.04508e-02
      1160   -7.20000e-01    2.93893e-02   -4.04508e-02
      1161   -7.20000e-01    3.55571e-09   -1.69343e-02
      1162   -7.20000e-01   -4.04509e-02   -2.93893e-02
      1163   -7.20000e-01    4.04508e-02   -2.93893e-02
      1164   -7.20000e-01    3.13629e-02   -1.64523e-02
      1165   -7.20000e-01   -3.13629e-02   -1.64522e-02
      1166   -7.20000e-01    1.69343e-02   -8.87171e-09
      1167   -7.20000e-01   -1.69343e-02    1.56789e-08
      1168   -7.20000e-01    4.75528e-02   -1.54511e-02
      1169   -7.20000e-01   -4.75528e-02   -1.54509e-02
      1170   -7.20000e-01    4.24008e-02   -1.57351e-07
      1171   -7.20000e-01   -4.24007e-02    1.58215e-07
      1172   -7.20000e-01   -1.22586e-08    1.69343e-02
      1173   -7.20000e-01    5.00000e-02   -3.06152e-18
      1174   -7.20000e-01   -5.00000e-02    3.06152e-18
      1175   -7.20000e-01    3.13629e-02    1.64522e-02
      1176   -7.20000e-01   -3.13629e-02    1.64523e-02
      1177   -7.20000e-01    4.75528e-02    1.54509e-02
      1178   -7.20000e-01   -4.75528e-02    1.54511e-02
      1179   -7.20000e-01   -1.64522e-02    3.13629e-02
      1180   -7.20000e-01    1.64523e-02    3.13629e-02
      1181   -7.20000e-01   -4.04508e-02    2.93893e-02
      1182   -7.20000e-01    4.04509e-02    2.93893e-02
      1183   -7.20000e-01    1.73827e-07    4.24007e-02
      1184   -7.20000e-01   -2.93893e-02    4.04508e-02
      1185   -7.20000e-01    2.93893e-02    4.04509e-02
      1186   -7.20000e-01    1.54511e-02    4.75528e-02
      1187   -7.20000e-01   -1.54509e-02    4.75528e-02
      1188   -7.20000e-01    0.00000e+00    5.00000e-02
      1189   -6.80000e-01    0.00000e+00   -5.00000e-02
      1190   -6.80000e-01   -1.75826e-07   -4.24007e-02
      1191   -6.80000e-01    1.54509e-02   -4.75528e-02
      1192   -6.80000e-01   -1.54511e-02   -4.75528e-02
      1193   -6.80000e-01    1.64522e-02   -3.13629e-02
      1194   -6.80000e-01   -1.64523e-02   -3.13629e-02
      1195   -6.80000e-01   -2.93893e-02   -4.04508e-02
      1196   -6.80000e-01    2.93893e-02   -4.04508e-02
      1197   -6.80000e-01    3.55750e-09   -1.69343e-02
      1198   -6.80000e-01   -4.04509e-02   -2.93893e-02
      1199   -6.80000e-01    4.04508e-02   -2.93893e-02
      1200   -6.80000e-01    3.13629e-02   -1.64523e-02
      1201   -6.80000e-01   -3.13629e-02   -1.64521e-02
      1202   -6.80000e-01    1.69343e-02   -8.86978e-09
      1203   -6.80000e-01   -1.69343e-02    1.56766e-08
      1204   -6.80000e-01    4.75528e-02   -1.54511e-02
      1205   -6.80000e-01   -4.75528e-02   -1.54509e-02
      1206   -6.80000e-01    4.24008e-02   -1.66704e-07
      1207   -6.80000e-01   -4.24007e-02    1.67568e-07
      1208   -6.80000e-01   -1.22608e-08    1.69343e-02
      1209   -6.80000e-01   -5.00000e-02    3.06152e-18
      1210   -6.80000e-01    5.00000e-02   -3.06152e-18
      1211   -6.80000e-01    3.13629e-02    1.64522e-02
      1212   -6.80000e-01   -3.13629e-02    1.64523e-02
      1213   -6.80000e-01    4.75528e-02    1.54509e-02
      1214   -6.80000e-01   -4.75528e-02    1.54511e-02
      1215   -6.80000e-01   -1.64522e-02    3.13629e-02
      1216   -6.80000e-01    1.64523e-02    3.13629e-02
      1217   -6.80000e-01   -4.04508e-02    2.93893e-02
      1218   -6.80000e-01    4.04509e-02    2.93893e-02
      1219   -6.80000e-01    1.83180e-07    4.24007e-02
      1220   -6.80000e-01   -2.93893e-02    4.04508e-02
      1221   -6.80000e-01    2.93893e-02    4.04509e-02
      1222   -6.80000e-01    1.54511e-02    4.75528e-02
      1223   -6.80000e-01   -1.54509e-02    4.75528e-02
      1224   -6.80000e-01    0.00000e+00    5.00000e-02
      1225   -6.40000e-01    0.00000e+00   -5.00000e-02
      1226   -6.40000e-01   -1.84181e-07   -4.24007e-02
      1227   -6.40000e-01    1.54509e-02   -4.75528e-02
      1228   -6.40000e-01   -1.54511e-02   -4.75528e-02
      1229   -6.40000e-01    1.64522e-02   -3.13629e-02
      1230   -6.40000e-01   -1.64523e-02   -3.13629e-02
      1231   -6.40000e-01   -2.93893e-02   -4.04508e-02
      1232   -6.40000e-01    2.93893e-02   -4.04508e-02
      1233   -6.40000e-01    3.55972e-09   -1.69343e-02
      1234   -6.40000e-01   -4.04509e-02   -2.93893e-02
      1235   -6.40000e-01    4.04508e-02   -2.93893e-02
      1236   -6.40000e-01    3.13629e-02   -1.64523e-02
      1237   -6.40000e-01   -3.13629e-02   -1.64521e-02
      1238   -6.40000e-01    1.69343e-02   -8.86770e-09
      1239   -6.40000e-01   -1.69343e-02    1.56749e-08
      1240   -6.40000e-01    4.75528e-02   -1.54511e-02
      1241   -6.40000e-01   -4.75528e-02   -1.54509e-02
      1242   -6.40000e-01    4.24008e-02   -1.75059e-07
      1243   -6.40000e-01   -4.24007e-02    1.75924e-07
      1244   -6.40000e-01   -1.22626e-08    1.69343e-02
      1245   -6.40000e-01    5.00000e-02   -3.06152e-18
      1246   -6.40000e-01   -5.00000e-02    3.06152e-18
      1247   -6.40000e-01    3.13629e-02    1.64521e-02
      1248   -6.40000e-01   -3.13629e-02    1.64523e-02
      1249   -6.40000e-01    4.75528e-02    1.54509e-02
      1250   -6.40000e-01   -4.75527e-02    1.54511e-02
      1251   -6.40000e-01   -1.64522e-02    3.13629e-02
      1252   -6.40000e-01    1.64523e-02    3.13629e-02
      1253   -6.40000e-01   -4.04508e-02    2.93893e-02
      1254   -6.40000e-01    4.04509e-02    2.93893e-02
      1255   -6.40000e-01    1.91536e-07    4.24007e-02
      1256   -6.40000e-01   -2.93893e-02    4.04508e-02
      1257   -6.40000e-01    2.93893e-02    4.04509e-02
      1258   -6.40000e-01    1.54511e-02    4.75527e-02
      1259   -6.40000e-01   -1.54509e-02    4.75528e-02
      1260   -6.40000e-01    0.00000e+00    5.00000e-02
      1261   -6.00000e-01    0.00000e+00   -5.00000e-02
      1262   -6.00000e-01   -1.91462e-07   -4.24007e-02
      1263   -6.00000e-01    1.54509e-02   -4.75528e-02
      1264   -6.00000e-01   -1.54511e-02   -4.75528e-02
      1265   -6.00000e-01    1.64522e-02   -3.13629e-02
      1266   -6.00000e-01   -1.64523e-02   -3.13629e-02
      1267   -6.00000e-01   -2.93893e-02   -4.04508e-02
      1268   -6.00000e-01    2.93893e-02   -4.04508e-02
      1269   -6.00000e-01    3.56104e-09   -1.69343e-02
      1270   -6.00000e-01   -4.04509e-02   -2.93893e-02
      1271   -6.00000e-01    4.04508e-02   -2.93893e-02
      1272   -6.00000e-01    3.13629e-02   -1.64523e-02
      1273   -6.00000e-01   -3.13629e-02   -1.64521e-02
      1274   -6.00000e-01    1.69343e-02   -8.86624e-09
      1275   -6.00000e-01   -1.69343e-02    1.56731e-08
      1276   -6.00000e-01    4.75527e-02   -1.54511e-02
      1277   -6.00000e-01   -4.75528e-02   -1.54509e-02
      1278   -6.00000e-01    4.24008e-02   -1.82339e-07
      1279   -6.00000e-01   -4.24007e-02    1.83204e-07
      1280   -6.00000e-01   -1.22644e-08    1.69343e-02
      1281   -6.00000e-01    5.00000e-02   -3.06152e-18
      1282   -6.00000e-01   -5.00000e-02    3.06152e-18
      1283   -6.00000e-01    3.13629e-02    1.64521e-02
      1284   -6.00000e-01   -3.13629e-02    1.64523e-02
      1285   -6.00000e-01    4.75528e-02    1.54509e-02
      1286   -6.00000e-01   -4.75527e-02    1.54511e-02
      1287   -6.00000e-01   -1.64521e-02    3.13629e-02
      1288   -6.00000e-01    1.64523e-02    3.13629e-02
      1289   -6.00000e-01   -4.04508e-02    2.93893e-02
      1290   -6.00000e-01    4.04509e-02    2.93893e-02
      1291   -6.00000e-01    1.98816e-07    4.24007e-02
      1292   -6.00000e-01   -2.93893e-02    4.04508e-02
      1293   -6.00000e-01    2.93893e-02    4.04509e-02
      1294   -6.00000e-01    1.54511e-02    4.75527e-02
      1295   -6.00000e-01   -1.54509e-02    4.75528e-02
      1296   -6.00000e-01    0.00000e+00    5.00000e-02
      1297   -5.60000e-01    0.00000e+00   -5.00000e-02
      1298   -5.60000e-01   -1.97590e-07   -4.24007e-02
      1299   -5.60000e-01    1.54509e-02   -4.75528e-02
      1300   -5.60000e-01   -1.54511e-02   -4.75528e-02
      1301   -5.60000e-01    1.64522e-02   -3.13629e-02
      1302   -5.60000e-01   -1.64523e-02   -3.13629e-02
      1303   -5.60000e-01   -2.93893e-02   -4.04508e-02
      1304   -5.60000e-01    2.93893e-02   -4.04508e-02
      1305   -5.60000e-01    3.56276e-09   -1.69343e-02
      1306   -5.60000e-01   -4.04509e-02   -2.93893e-02
      1307   -5.60000e-01    4.04508e-02   -2.93893e-02
      1308   -5.60000e-01    3.13629e-02   -1.64523e-02
      1309   -5.60000e-01   -3.13629e-02   -1.64521e-02
      1310   -5.60000e-01    1.69343e-02   -8.86467e-09
      1311   -5.60000e-01   -1.69343e-02    1.56719e-08
      1312   -5.60000e-01    4.75527e-02   -1.54511e-02
      1313   -5.60000e-01   -4.75528e-02   -1.54509e-02
      1314   -5.60000e-01    4.24008e-02   -1.88468e-07
      1315   -5.60000e-01   -4.24007e-02    1.89333e-07
      1316   -5.60000e-01   -1.22657e-08    1.69343e-02
      1317   -5.60000e-01    5.00000e-02   -3.06152e-18
      1318   -5.60000e-01   -5.00000e-02    3.06152e-18
      1319   -5.60000e-01    3.13629e-02    1.64521e-02
      1320   -5.60000e-01   -3.13629e-02    1.64523e-02
      1321   -5.60000e-01    4.75528e-02    1.54509e-02
      1322   -5.60000e-01   -4.75527e-02    1.54511e-02
      1323   -5.60000e-01   -1.64521e-02    3.13629e-02
      1324   -5.60000e-01    1.64523e-02    3.13629e-02
      1325   -5.60000e-01   -4.04508e-02    2.93893e-02
      1326   -5.60000e-01    4.04509e-02    2.93893e-02
      1327   -5.60000e-01    2.04945e-07    4.24007e-02
      1328   -5.60000e-01   -2.93893e-02    4.04508e-02
      1329   -5.60000e-01    2.93893e-02    4.04509e-02
      1330   -5.60000e-01    1.54511e-02    4.75527e-02
      1331   -5.60000e-01   -1.54509e-02    4.75528e-02
      1332   -5.60000e-01    0.00000e+00    5.00000e-02
      1333   -5.20000e-01    0.00000e+00   -5.00000e-02
      1334   -5.20000e-01   -2.02491e-07   -4.24007e-02
      1335   -5.20000e-01    1.54508e-02   -4.75528e-02
      1336   -5.20000e-01   -1.54511e-02   -4.75528e-02
      1337   -5.20000e-01    1.64522e-02   -3.13629e-02
      1338   -5.20000e-01   -1.64523e-02   -3.13629e-02
      1339   -5.20000e-01   -2.93893e-02   -4.04508e-02
      1340   -5.20000e-01    2.93893e-02   -4.04508e-02
      1341   -5.20000e-01    3.56354e-09   -1.69343e-02
      1342   -5.20000e-01   -4.04509e-02   -2.93893e-02
      1343   -5.20000e-01    4.04508e-02   -2.93893e-02
      1344   -5.20000e-01    3.13629e-02   -1.64523e-02
      1345   -5.20000e-01   -3.13629e-02   -1.64521e-02
      1346   -5.20000e-01    1.69343e-02   -8.86374e-09
      1347   -5.20000e-01   -1.69343e-02    1.56706e-08
      1348   -5.20000e-01    4.75527e-02   -1.54511e-02
      1349   -5.20000e-01   -4.75528e-02   -1.54509e-02
      1350   -5.20000e-01    4.24008e-02   -1.93369e-07
      1351   -5.20000e-01   -4.24007e-02    1.94233e-07
      1352   -5.20000e-01   -1.22669e-08    1.69343e-02
      1353   -5.20000e-01   -5.00000e-02    3.06152e-18
      1354   -5.20000e-01    5.00000e-02   -3.06152e-18
      1355   -5.20000e-01    3.13629e-02    1.64521e-02
      1356   -5.20000e-01   -3.13629e-02    1.64523e-02
      1357   -5.20000e-01    4.75528e-02    1.54509e-02
      1358   -5.20000e-01   -4.75527e-02    1.54511e-02
      1359   -5.20000e-01   -1.64521e-02    3.13629e-02
      1360   -5.20000e-01    1.64523e-02    3.13629e-02
      1361   -5.20000e-01   -4.04508e-02    2.93893e-02
      1362   -5.20000e-01    4.04509e-02    2.93893e-02
      1363   -5.20000e-01    2.09845e-07    4.24007e-02
      1364   -5.20000e-01   -2.93893e-02    4.04508e-02
      1365   -5.20000e-01    2.93893e-02    4.04509e-02
      1366   -5.20000e-01    1.54511e-02    4.75527e-02
      1367   -5.20000e-01   -1.54509e-02    4.75528e-02
      1368   -5.20000e-01    0.00000e+00    5.00000e-02
      1369   -4.80000e-01    0.00000e+00   -5.00000e-02
      1370   -4.80000e-01   -2.06086e-07   -4.24007e-02
      1371   -4.80000e-01    1.54508e-02   -4.75528e-02
      1372   -4.80000e-01   -1.54511e-02   -4.75528e-02
      1373   -4.80000e-01    1.64522e-02   -3.13629e-02
      1374   -4.80000e-01   -1.64523e-02   -3.13629e-02
      1375   -4.80000e-01   -2.93893e-02   -4.04508e-02
      1376   -4.80000e-01    2.93893e-02   -4.04508e-02
      1377   -4.80000e-01    3.56468e-09   -1.69343e-02
      1378   -4.80000e-01   -4.04509e-02   -2.93893e-02
      1379   -4.80000e-01    4.04508e-02   -2.93893e-02
      1380   -4.80000e-01    3.13629e-02   -1.64523e-02
      1381   -4.80000e-01   -3.13629e-02   -1.64521e-02
      1382   -4.80000e-01    1.69343e-02   -8.86275e-09
      1383   -4.80000e-01   -1.69343e-02    1.56699e-08
      1384   -4.80000e-01    4.75527e-02   -1.54511e-02
      1385   -4.80000e-01   -4.75528e-02   -1.54509e-02
      1386   -4.80000e-01    4.24008e-02   -1.96964e-07
      1387   -4.80000e-01   -4.24007e-02    1.97829e-07
      1388   -4.80000e-01   -1.22676e-08    1.69343e-02
      1389   -4.80000e-01   -5.00000e-02    3.06152e-18
      1390   -4.80000e-01    5.00000e-02   -3.06152e-18
      1391   -4.80000e-01    3.13629e-02    1.64521e-02
      1392   -4.80000e-01   -3.13629e-02    1.64523e-02
      1393   -4.80000e-01    4.75528e-02    1.54509e-02
      1394   -4.80000e-01   -4.75527e-02    1.54511e-02
      1395   -4.80000e-01   -1.64521e-02    3.13629e-02
      1396   -4.80000e-01    1.64523e-02    3.13629e-02
      1397   -4.80000e-01   -4.04508e-02    2.93893e-02
      1398   -4.80000e-01    4.04509e-02    2.93893e-02
      1399   -4.80000e-01    2.13441e-07    4.24007e-02
      1400   -4.80000e-01   -2.93893e-02    4.04508e-02
      1401   -4.80000e-01    2.93893e-02    4.04509e-02
      1402   -4.80000e-01    1.54511e-02    4.75527e-02
      1403   -4.80000e-01   -1.54509e-02    4.75528e-02
      1404   -4.80000e-01    0.00000e+00    5.00000e-02
      1405   -4.40000e-01    0.00000e+00   -5.00000e-02
      1406   -4.40000e-01   -2.08922e-07   -4.24007e-02
      1407   -4.40000e-01    1.54508e-02   -4.75528e-02
      1408   -4.40000e-01   -1.54511e-02   -4.75527e-02
      1409   -4.40000e-01    1.64521e-02   -3.13629e-02
      1410   -4.40000e-01   -1.64523e-02   -3.13629e-02
      1411   -4.40000e-01    2.93893e-02   -4.04508e-02
      1412   -4.40000e-01   -2.93893e-02   -4.04508e-02
      1413   -4.40000e-01    1.91431e-09   -1.69343e-02
      1414   -4.40000e-01   -4.04509e-02   -2.93893e-02
      1415   -4.40000e-01    4.04508e-02   -2.93893e-02
      1416   -4.40000e-01    3.13629e-02   -1.64523e-02
      1417   -4.40000e-01   -3.13629e-02   -1.64521e-02
      1418   -4.40000e-01    1.69343e-02   -9.78769e-09
      1419   -4.40000e-01   -1.69343e-02    1.26663e-08
      1420   -4.40000e-01    4.75527e-02   -1.54511e-02
      1421   -4.40000e-01   -4.75528e-02   -1.54509e-02
      1422   -4.40000e-01    4.24008e-02   -1.99258e-07
      1423   -4.40000e-01   -4.24007e-02    1.94823e-07
      1424   -4.40000e-01   -1.39516e-08    1.69343e-02
      1425   -4.40000e-01    5.00000e-02   -3.06152e-18
      1426   -4.40000e-01   -5.00000e-02    3.06152e-18
      1427   -4.40000e-01    3.13629e-02    1.64521e-02
      1428   -4.40000e-01   -3.13629e-02    1.64523e-02
      1429   -4.40000e-01    4.75528e-02    1.54509e-02
      1430   -4.40000e-01   -4.75527e-02    1.54511e-02
      1431   -4.40000e-01   -1.64521e-02    3.13629e-02
      1432   -4.40000e-01    1.64523e-02    3.13629e-02
      1433   -4.40000e-01   -4.04508e-02    2.93893e-02
      1434   -4.40000e-01    4.04509e-02    2.93893e-02
      1435   -4.40000e-01    2.14983e-07    4.24007e-02
      1436   -4.40000e-01   -2.93893e-02    4.04508e-02
      1437   -4.40000e-01    2.93893e-02    4.04509e-02
      1438   -4.40000e-01    1.54511e-02    4.75527e-02
      1439   -4.40000e-01   -1.54509e-02    4.75528e-02
      1440   -4.40000e-01    0.00000e+00    5.00000e-02
      1441   -4.00000e-01    0.00000e+00   -5.00000e-02
      1442   -4.00000e-01   -8.61435e-09   -4.24009e-02
      1443   -4.00000e-01    1.54508e-02   -4.75528e-02
      1444   -4.00000e-01   -1.54508e-02   -4.75528e-02
      1445   -4.00000e-01    1.64523e-02   -3.13630e-02
      1446   -4.00000e-01   -1.64523e-02   -3.13630e-02
      1447   -4.00000e-01    2.93893e-02   -4.04509e-02
      1448   -4.00000e-01   -2.93893e-02   -4.04508e-02
      1449   -4.00000e-01    3.66482e-10   -1.69343e-02
      1450   -4.00000e-01    4.04508e-02   -2.93893e-02
      1451   -4.00000e-01   -4.04509e-02   -2.93893e-02
      1452   -4.00000e-01    3.13630e-02   -1.64523e-02
      1453   -4.00000e-01   -3.13630e-02   -1.64523e-02
      1454   -4.00000e-01    1.69343e-02   -7.62586e-09
      1455   -4.00000e-01   -1.69343e-02    1.78428e-08
      1456   -4.00000e-01    4.75528e-02   -1.54509e-02
      1457   -4.00000e-01   -4.75528e-02   -1.54509e-02
      1458   -4.00000e-01   -4.24009e-02   -1.79819e-09
      1459   -4.00000e-01    4.24009e-02    4.68921e-09
      1460   -4.00000e-01   -1.25554e-08    1.69343e-02
      1461   -4.00000e-01    5.00000e-02   -3.06152e-18
      1462   -4.00000e-01   -5.00000e-02    3.06152e-18
      1463   -4.00000e-01    3.13630e-02    1.64523e-02
      1464   -4.00000e-01   -3.13630e-02    1.64523e-02
      1465   -4.00000e-01   -4.75528e-02    1.54509e-02
      1466   -4.00000e-01    4.75528e-02    1.54509e-02
      1467   -4.00000e-01   -1.64523e-02    3.13630e-02
      1468   -4.00000e-01    1.64523e-02    3.13630e-02
      1469   -4.00000e-01    4.04509e-02    2.93893e-02
      1470   -4.00000e-01   -4.04508e-02    2.93893e-02
      1471   -4.00000e-01    1.62909e-08    4.24009e-02
      1472   -4.00000e-01   -2.93893e-02    4.04508e-02
      1473   -4.00000e-01    2.93893e-02    4.04509e-02
      1474   -4.00000e-01    1.54509e-02    4.75528e-02
      1475   -4.00000e-01   -1.54508e-02    4.75528e-02
      1476   -4.00000e-01    0.00000e+00    5.00000e-02
      1477   -3.72539e-01    0.00000e+00    5.10789e-02
      1478   -3.72347e-01    1.54509e-02    4.86393e-02
      1479   -3.72347e-01   -1.54511e-02    4.86392e-02
      1480   -3.71943e-01   -1.92285e-07    4.35031e-02
      1481   -3.71790e-01    2.93893e-02    4.15592e-02
      1482   -3.71790e-01   -2.93893e-02    4.15592e-02
      1483   -3.71077e-01    1.64521e-02    3.24993e-02
      1484   -3.71077e-01   -1.64523e-02    3.24993e-02
      1485   -3.69945e-01   -9.33208e-09    1.81151e-02
      1486   -3.70922e-01   -4.04508e-02    3.05317e-02
      1487   -3.70922e-01    4.04509e-02    3.05317e-02
      1488   -3.69907e-01    3.13629e-02    1.76346e-02
      1489   -3.69907e-01   -3.13629e-02    1.76345e-02
      1490   -3.69829e-01    4.75528e-02    1.66365e-02
      1491   -3.69829e-01   -4.75528e-02    1.66364e-02
      1492   -3.68616e-01   -1.69343e-02    1.23308e-03
      1493   -3.68616e-01    1.69343e-02    1.23306e-03
      1494   -3.68616e-01    4.24007e-02    1.23321e-03
      1495   -3.68616e-01   -4.24007e-02    1.23293e-03
      1496   -3.68616e-01   -5.00000e-02    1.23307e-03
      1497   -3.68616e-01    5.00000e-02    1.23307e-03
      1498   -3.67288e-01    2.09827e-09   -1.56490e-02
      1499   -3.67326e-01    3.13629e-02   -1.51684e-02
      1500   -3.67326e-01   -3.13629e-02   -1.51684e-02
      1501   -3.67404e-01    4.75528e-02   -1.41702e-02
      1502   -3.67404e-01   -4.75528e-02   -1.41704e-02
      1503   -3.66156e-01   -1.64521e-02   -3.00331e-02
      1504   -3.66156e-01    1.64523e-02   -3.00331e-02
      1505   -3.66311e-01   -4.04509e-02   -2.80656e-02
      1506   -3.66311e-01    4.04508e-02   -2.80656e-02
      1507   -3.65290e-01    2.02645e-07   -4.10370e-02
      1508   -3.65443e-01   -2.93893e-02   -3.90931e-02
      1509   -3.65443e-01    2.93893e-02   -3.90931e-02
      1510   -3.64885e-01    1.54511e-02   -4.61731e-02
      1511   -3.64885e-01   -1.54509e-02   -4.61732e-02
      1512   -3.64693e-01    0.00000e+00   -4.86128e-02
      1513   -3.45248e-01    0.00000e+00    5.43091e-02
      1514   -3.44865e-01    1.54509e-02    5.18920e-02
      1515   -3.44865e-01   -1.54511e-02    5.18920e-02
      1516   -3.44059e-01   -1.81512e-07    4.68034e-02
      1517   -3.43754e-01    2.93893e-02    4.48775e-02
      1518   -3.43754e-01   -2.93893e-02    4.48775e-02
      1519   -3.42332e-01    1.64521e-02    3.59014e-02
      1520   -3.42332e-01   -1.64523e-02    3.59014e-02
      1521   -3.42024e-01   -4.04508e-02    3.39521e-02
      1522   -3.42024e-01    4.04509e-02    3.39521e-02
      1523   -3.40075e-01   -6.78784e-09    2.16504e-02
      1524   -3.40000e-01    3.13629e-02    2.11743e-02
      1525   -3.40000e-01   -3.13629e-02    2.11743e-02
      1526   -3.39843e-01    4.75528e-02    2.01855e-02
      1527   -3.39843e-01   -4.75528e-02    2.01854e-02
      1528   -3.37426e-01   -1.69343e-02    4.92468e-03
      1529   -3.37426e-01    1.69343e-02    4.92465e-03
      1530   -3.37426e-01    4.24007e-02    4.92479e-03
      1531   -3.37426e-01   -4.24007e-02    4.92453e-03
      1532   -3.37426e-01    5.00000e-02    4.92466e-03
      1533   -3.37426e-01   -5.00000e-02    4.92466e-03
      1534   -3.34777e-01    4.57917e-09   -1.18011e-02
      1535   -3.34853e-01    3.13629e-02   -1.13249e-02
      1536   -3.34853e-01   -3.13629e-02   -1.13250e-02
      1537   -3.35009e-01    4.75528e-02   -1.03360e-02
      1538   -3.35009e-01   -4.75527e-02   -1.03362e-02
      1539   -3.32520e-01   -1.64521e-02   -2.60521e-02
      1540   -3.32520e-01    1.64523e-02   -2.60521e-02
      1541   -3.32829e-01   -4.04509e-02   -2.41028e-02
      1542   -3.32829e-01    4.04508e-02   -2.41028e-02
      1543   -3.31098e-01   -2.93893e-02   -3.50282e-02
      1544   -3.31098e-01    2.93893e-02   -3.50282e-02
      1545   -3.30793e-01    1.94621e-07   -3.69541e-02
      1546   -3.29987e-01    1.54511e-02   -4.20426e-02
      1547   -3.29987e-01   -1.54509e-02   -4.20427e-02
      1548   -3.29604e-01    0.00000e+00   -4.44598e-02
      1549   -3.18294e-01    0.00000e+00    5.96705e-02
      1550   -3.17723e-01    1.54509e-02    5.72910e-02
      1551   -3.17723e-01   -1.54511e-02    5.72909e-02
      1552   -3.16520e-01   -1.66393e-07    5.22812e-02
      1553   -3.16065e-01    2.93893e-02    5.03852e-02
      1554   -3.16065e-01   -2.93893e-02    5.03852e-02
      1555   -3.13943e-01    1.64521e-02    4.15484e-02
      1556   -3.13943e-01   -1.64523e-02    4.15484e-02
      1557   -3.13483e-01   -4.04508e-02    3.96293e-02
      1558   -3.13483e-01    4.04509e-02    3.96293e-02
      1559   -3.10575e-01   -6.24292e-09    2.75184e-02
      1560   -3.10463e-01    3.13629e-02    2.70497e-02
      1561   -3.10463e-01   -3.13629e-02    2.70496e-02
      1562   -3.10229e-01    4.75528e-02    2.60762e-02
      1563   -3.10229e-01   -4.75528e-02    2.60761e-02
      1564   -3.06622e-01   -1.69343e-02    1.10520e-02
      1565   -3.06622e-01    1.69343e-02    1.10520e-02
      1566   -3.06622e-01    4.24007e-02    1.10522e-02
      1567   -3.06622e-01   -4.24007e-02    1.10519e-02
      1568   -3.06622e-01    5.00000e-02    1.10520e-02
      1569   -3.06622e-01   -5.00000e-02    1.10520e-02
      1570   -3.02669e-01    4.56560e-09   -5.41433e-03
      1571   -3.02781e-01    3.13629e-02   -4.94555e-03
      1572   -3.02781e-01   -3.13629e-02   -4.94560e-03
      1573   -3.03015e-01    4.75528e-02   -3.97199e-03
      1574   -3.03015e-01   -4.75528e-02   -3.97215e-03
      1575   -2.99761e-01   -4.04509e-02   -1.75252e-02
      1576   -2.99761e-01    4.04508e-02   -1.75252e-02
      1577   -2.99300e-01   -1.64521e-02   -1.94443e-02
      1578   -2.99300e-01    1.64523e-02   -1.94443e-02
      1579   -2.97179e-01   -2.93893e-02   -2.82812e-02
      1580   -2.97179e-01    2.93893e-02   -2.82812e-02
      1581   -2.96724e-01    1.80192e-07   -3.01772e-02
      1582   -2.95521e-01    1.54511e-02   -3.51868e-02
      1583   -2.95521e-01   -1.54509e-02   -3.51869e-02
      1584   -2.94950e-01    0.00000e+00   -3.75665e-02
      1585   -2.91844e-01    0.00000e+00    6.71302e-02
      1586   -2.91088e-01    1.54509e-02    6.48028e-02
      1587   -2.91088e-01   -1.54511e-02    6.48027e-02
      1588   -2.89496e-01   -1.47117e-07    5.99029e-02
      1589   -2.88893e-01    2.93893e-02    5.80484e-02
      1590   -2.88893e-01   -2.93893e-02    5.80484e-02
      1591   -2.86085e-01    1.64521e-02    4.94053e-02
      1592   -2.86085e-01   -1.64522e-02    4.94053e-02
      1593   -2.85475e-01   -4.04508e-02    4.75283e-02
      1594   -2.85475e-01    4.04509e-02    4.75282e-02
      1595   -2.81626e-01   -5.49079e-09    3.56828e-02
      1596   -2.81477e-01    3.13629e-02    3.52244e-02
      1597   -2.81477e-01   -3.13629e-02    3.52243e-02
      1598   -2.81168e-01    4.75528e-02    3.42722e-02
      1599   -2.81168e-01   -4.75528e-02    3.42721e-02
      1600   -2.76393e-01   -1.69343e-02    1.95774e-02
      1601   -2.76393e-01    1.69343e-02    1.95774e-02
      1602   -2.76393e-01    4.24007e-02    1.95775e-02
      1603   -2.76393e-01   -4.24007e-02    1.95773e-02
      1604   -2.76393e-01   -5.00000e-02    1.95774e-02
      1605   -2.76393e-01    5.00000e-02    1.95774e-02
      1606   -2.71160e-01    4.60769e-09    3.47196e-03
      1607   -2.71309e-01    3.13629e-02    3.93046e-03
      1608   -2.71309e-01   -3.13629e-02    3.93041e-03
      1609   -2.71619e-01    4.75528e-02    4.88267e-03
      1610   -2.71619e-01   -4.75528e-02    4.88254e-03
      1611   -2.67311e-01   -4.04509e-02   -8.37346e-03
      1612   -2.67311e-01    4.04508e-02   -8.37346e-03
      1613   -2.66702e-01   -1.64522e-02   -1.02505e-02
      1614   -2.66702e-01    1.64523e-02   -1.02505e-02
      1615   -2.63893e-01   -2.93893e-02   -1.88937e-02
      1616   -2.63893e-01    2.93893e-02   -1.88937e-02
      1617   -2.63291e-01    1.61841e-07   -2.07481e-02
      1618   -2.61699e-01    1.54511e-02   -2.56480e-02
      1619   -2.61699e-01   -1.54509e-02   -2.56480e-02
      1620   -2.66061e-01    0.00000e+00    7.66422e-02
      1621   -2.60942e-01    0.00000e+00   -2.79754e-02
      1622   -2.65124e-01    1.54509e-02    7.43813e-02
      1623   -2.65124e-01   -1.54510e-02    7.43812e-02
      1624   -2.63153e-01   -1.24530e-07    6.96214e-02
      1625   -2.62407e-01    2.93893e-02    6.78199e-02
      1626   -2.62406e-01   -2.93893e-02    6.78199e-02
      1627   -2.58929e-01    1.64522e-02    5.94237e-02
      1628   -2.58929e-01   -1.64522e-02    5.94237e-02
      1629   -2.58173e-01   -4.04508e-02    5.76003e-02
      1630   -2.58173e-01    4.04509e-02    5.76003e-02
      1631   -2.53407e-01   -4.57396e-09    4.60934e-02
      1632   -2.53223e-01    3.13629e-02    4.56480e-02
      1633   -2.53223e-01   -3.13629e-02    4.56480e-02
      1634   -2.52839e-01    4.75528e-02    4.47231e-02
      1635   -2.52839e-01   -4.75528e-02    4.47230e-02
      1636   -2.46927e-01   -1.69343e-02    3.04482e-02
      1637   -2.46927e-01    1.69343e-02    3.04482e-02
      1638   -2.46927e-01    4.24007e-02    3.04483e-02
      1639   -2.46927e-01   -4.24007e-02    3.04481e-02
      1640   -2.46927e-01   -5.00000e-02    3.04482e-02
      1641   -2.46927e-01    5.00000e-02    3.04482e-02
      1642   -2.40446e-01    4.69372e-09    1.48030e-02
      1643   -2.40631e-01    3.13629e-02    1.52484e-02
      1644   -2.40631e-01   -3.13629e-02    1.52483e-02
      1645   -2.41014e-01    4.75528e-02    1.61734e-02
      1646   -2.41014e-01   -4.75528e-02    1.61733e-02
      1647   -2.41103e-01    0.00000e+00    8.81477e-02
      1648   -2.39992e-01   -1.54510e-02    8.59672e-02
      1649   -2.39992e-01    1.54509e-02    8.59673e-02
      1650   -2.35680e-01   -4.04509e-02    3.29605e-03
      1651   -2.35680e-01    4.04508e-02    3.29604e-03
      1652   -2.34925e-01   -1.64522e-02    1.47265e-03
      1653   -2.34925e-01    1.64523e-02    1.47265e-03
      1654   -2.37653e-01   -1.00020e-07    8.13767e-02
      1655   -2.36768e-01   -2.93893e-02    7.96394e-02
      1656   -2.36768e-01    2.93893e-02    7.96394e-02
      1657   -2.31447e-01    2.93893e-02   -6.92353e-03
      1658   -2.31447e-01   -2.93893e-02   -6.92353e-03
      1659   -2.30701e-01    1.40364e-07   -8.72499e-03
      1660   -2.32642e-01    1.64522e-02    7.15420e-02
      1661   -2.32642e-01   -1.64522e-02    7.15419e-02
      1662   -2.28729e-01    1.54510e-02   -1.34848e-02
      1663   -2.28729e-01   -1.54509e-02   -1.34849e-02
      1664   -2.27792e-01    0.00000e+00   -1.57458e-02
      1665   -2.31746e-01   -4.04508e-02    6.97834e-02
      1666   -2.31746e-01    4.04509e-02    6.97834e-02
      1667   -2.26092e-01   -5.21181e-09    5.86859e-02
      1668   -2.25873e-01    3.13629e-02    5.82564e-02
      1669   -2.25873e-01   -3.13629e-02    5.82564e-02
      1670   -2.25418e-01    4.75528e-02    5.73644e-02
      1671   -2.25418e-01   -4.75528e-02    5.73643e-02
      1672   -2.18404e-01    1.69343e-02    4.35974e-02
      1673   -2.18404e-01   -1.69343e-02    4.35974e-02
      1674   -2.18404e-01    4.24007e-02    4.35975e-02
      1675   -2.18404e-01   -4.24007e-02    4.35973e-02
      1676   -2.18404e-01    5.00000e-02    4.35974e-02
      1677   -2.18404e-01   -5.00000e-02    4.35974e-02
      1678   -2.17126e-01    0.00000e+00    1.01576e-01
      1679   -2.15847e-01   -1.54510e-02    9.94893e-02
      1680   -2.15847e-01    1.54509e-02    9.94894e-02
      1681   -2.10716e-01    3.16333e-09    2.85089e-02
      1682   -2.11389e-01    4.75528e-02    2.98305e-02
      1683   -2.11389e-01   -4.75528e-02    2.98304e-02
      1684   -2.10935e-01    3.13629e-02    2.89384e-02
      1685   -2.10935e-01   -3.13629e-02    2.89384e-02
      1686   -2.13155e-01   -7.28676e-08    9.50965e-02
      1687   -2.12136e-01   -2.93893e-02    9.34340e-02
      1688   -2.12136e-01    2.93893e-02    9.34340e-02
      1689   -2.05061e-01    4.04508e-02    1.74114e-02
      1690   -2.05061e-01   -4.04509e-02    1.74114e-02
      1691   -2.04165e-01    1.64522e-02    1.56529e-02
      1692   -2.04165e-01   -1.64522e-02    1.56529e-02
      1693   -2.07388e-01    1.64522e-02    8.56852e-02
      1694   -2.07388e-01   -1.64522e-02    8.56852e-02
      1695   -2.06356e-01   -4.04508e-02    8.40024e-02
      1696   -2.06356e-01    4.04509e-02    8.40024e-02
      1697   -2.00040e-01    2.93893e-02    7.55542e-03
      1698   -2.00039e-01   -2.93893e-02    7.55544e-03
      1699   -1.99154e-01    1.15817e-07    5.81809e-03
      1700   -1.96815e-01    1.54510e-02    1.22757e-03
      1701   -1.96815e-01   -1.54509e-02    1.22756e-03
      1702   -1.99849e-01   -4.06855e-09    7.33828e-02
      1703   -1.99597e-01    3.13629e-02    7.29717e-02
      1704   -1.99597e-01   -3.13629e-02    7.29717e-02
      1705   -1.95704e-01    0.00000e+00   -9.52936e-04
      1706   -1.99074e-01    4.75528e-02    7.21181e-02
      1707   -1.99074e-01   -4.75528e-02    7.21181e-02
      1708   -1.91001e-01   -1.69343e-02    5.89439e-02
      1709   -1.91001e-01    1.69343e-02    5.89439e-02
      1710   -1.91001e-01    4.24007e-02    5.89440e-02
      1711   -1.91001e-01   -4.24007e-02    5.89439e-02
      1712   -1.91001e-01   -5.00000e-02    5.89439e-02
      1713   -1.91001e-01    5.00000e-02    5.89439e-02
      1714   -1.94275e-01    0.00000e+00    1.16844e-01
      1715   -1.92837e-01    1.54509e-02    1.14864e-01
      1716   -1.92837e-01   -1.54510e-02    1.14864e-01
      1717   -1.89808e-01   -4.36254e-08    1.10696e-01
      1718   -1.88662e-01    2.93893e-02    1.09119e-01
      1719   -1.88662e-01   -2.93893e-02    1.09119e-01
      1720   -1.82927e-01    4.75528e-02    4.57698e-02
      1721   -1.82927e-01   -4.75528e-02    4.57697e-02
      1722   -1.82152e-01    3.30929e-09    4.45051e-02
      1723   -1.82404e-01    3.13629e-02    4.49162e-02
      1724   -1.82404e-01   -3.13629e-02    4.49161e-02
      1725   -1.83321e-01   -1.64522e-02    1.01766e-01
      1726   -1.83320e-01    1.64522e-02    1.01766e-01
      1727   -1.82160e-01   -4.04508e-02    1.00170e-01
      1728   -1.82160e-01    4.04509e-02    1.00170e-01
      1729   -1.75645e-01    4.04508e-02    3.38855e-02
      1730   -1.75645e-01   -4.04508e-02    3.38855e-02
      1731   -1.74613e-01    1.64522e-02    3.22027e-02
      1732   -1.74613e-01   -1.64522e-02    3.22027e-02
      1733   -1.74840e-01   -1.17333e-09    9.00933e-02
      1734   -1.74556e-01   -3.13629e-02    8.97033e-02
      1735   -1.74556e-01    3.13629e-02    8.97033e-02
      1736   -1.69865e-01    2.93893e-02    2.44539e-02
      1737   -1.69865e-01   -2.93893e-02    2.44539e-02
      1738   -1.73968e-01   -4.75528e-02    8.88933e-02
      1739   -1.73968e-01    4.75528e-02    8.88934e-02
      1740   -1.68846e-01    9.00315e-08    2.27914e-02
      1741   -1.66154e-01    1.54510e-02    1.83985e-02
      1742   -1.66154e-01   -1.54509e-02    1.83985e-02
      1743   -1.64876e-01    0.00000e+00    1.63119e-02
      1744   -1.72693e-01    0.00000e+00    1.33858e-01
      1745   -1.71104e-01    1.54510e-02    1.31997e-01
      1746   -1.71104e-01   -1.54510e-02    1.31997e-01
      1747   -1.64886e-01   -1.69343e-02    7.63932e-02
      1748   -1.64886e-01    1.69343e-02    7.63932e-02
      1749   -1.64886e-01   -4.24007e-02    7.63932e-02
      1750   -1.64886e-01    4.24007e-02    7.63933e-02
      1751   -1.64886e-01    5.00000e-02    7.63932e-02
      1752   -1.64886e-01   -5.00000e-02    7.63932e-02
      1753   -1.67758e-01   -1.48031e-08    1.28079e-01
      1754   -1.66492e-01    2.93893e-02    1.26597e-01
      1755   -1.66491e-01   -2.93893e-02    1.26597e-01
      1756   -1.60589e-01    1.64522e-02    1.19686e-01
      1757   -1.60589e-01   -1.64522e-02    1.19686e-01
      1758   -1.55804e-01    4.75528e-02    6.38931e-02
      1759   -1.55804e-01   -4.75528e-02    6.38930e-02
      1760   -1.54932e-01    5.12234e-09    6.26931e-02
      1761   -1.55216e-01   -3.13629e-02    6.30831e-02
      1762   -1.55215e-01    3.13629e-02    6.30832e-02
      1763   -1.59308e-01   -4.04508e-02    1.18185e-01
      1764   -1.59308e-01    4.04509e-02    1.18185e-01
      1765   -1.51219e-01   -1.59658e-09    1.08715e-01
      1766   -1.47611e-01   -4.04508e-02    5.26168e-02
      1767   -1.47611e-01    4.04508e-02    5.26168e-02
      1768   -1.50906e-01   -3.13629e-02    1.08348e-01
      1769   -1.50906e-01    3.13629e-02    1.08348e-01
      1770   -1.46451e-01   -1.64522e-02    5.10201e-02
      1771   -1.46451e-01    1.64522e-02    5.10201e-02
      1772   -1.50255e-01   -4.75528e-02    1.07587e-01
      1773   -1.50255e-01    4.75528e-02    1.07587e-01
      1774   -1.52513e-01    0.00000e+00    1.52513e-01
      1775   -1.50782e-01    1.54510e-02    1.50782e-01
      1776   -1.50782e-01   -1.54510e-02    1.50782e-01
      1777   -1.41109e-01   -2.93893e-02    4.36678e-02
      1778   -1.41109e-01    2.93893e-02    4.36678e-02
      1779   -1.39963e-01    6.35252e-08    4.20903e-02
      1780   -1.47139e-01    1.51422e-08    1.47139e-01
      1781   -1.45760e-01    2.93893e-02    1.45760e-01
      1782   -1.45760e-01   -2.93893e-02    1.45760e-01
      1783   -1.36935e-01   -1.54509e-02    3.79222e-02
      1784   -1.36935e-01    1.54510e-02    3.79222e-02
      1785   -1.40221e-01   -1.69343e-02    9.58376e-02
      1786   -1.40221e-01    1.69343e-02    9.58376e-02
      1787   -1.40221e-01    4.24007e-02    9.58376e-02
      1788   -1.40221e-01   -4.24007e-02    9.58376e-02
      1789   -1.40221e-01   -5.00000e-02    9.58376e-02
      1790   -1.40221e-01    5.00000e-02    9.58376e-02
      1791   -1.35497e-01    0.00000e+00    3.59424e-02
      1792   -1.39334e-01    1.64522e-02    1.39334e-01
      1793   -1.39334e-01   -1.64522e-02    1.39334e-01
      1794   -1.37939e-01   -4.04508e-02    1.37939e-01
      1795   -1.37939e-01    4.04509e-02    1.37939e-01
      1796   -1.30186e-01    4.75528e-02    8.40886e-02
      1797   -1.30186e-01   -4.75528e-02    8.40886e-02
      1798   -1.29536e-01   -3.13629e-02    8.33273e-02
      1799   -1.29536e-01    3.13629e-02    8.33273e-02
      1800   -1.29223e-01    3.64939e-09    8.29607e-02
      1801   -1.33858e-01    0.00000e+00    1.72693e-01
      1802   -1.29132e-01   -3.14691e-10    1.29132e-01
      1803   -1.28791e-01   -3.13629e-02    1.28791e-01
      1804   -1.28791e-01    3.13629e-02    1.28791e-01
      1805   -1.28083e-01   -4.75528e-02    1.28083e-01
      1806   -1.28083e-01    4.75528e-02    1.28083e-01
      1807   -1.31997e-01    1.54510e-02    1.71104e-01
      1808   -1.31997e-01   -1.54509e-02    1.71104e-01
      1809   -1.21134e-01   -4.04508e-02    7.34898e-02
      1810   -1.21134e-01    4.04508e-02    7.34898e-02
      1811   -1.19852e-01   -1.64522e-02    7.19891e-02
      1812   -1.19852e-01    1.64522e-02    7.19891e-02
      1813   -1.28079e-01    4.50872e-08    1.67758e-01
      1814   -1.26597e-01    2.93893e-02    1.66491e-01
      1815   -1.26597e-01   -2.93893e-02    1.66491e-01
      1816   -1.13950e-01   -2.93893e-02    6.50785e-02
      1817   -1.13950e-01    2.93893e-02    6.50786e-02
      1818   -1.17157e-01   -1.69343e-02    1.17157e-01
      1819   -1.17157e-01    1.69343e-02    1.17157e-01
      1820   -1.17157e-01    4.24007e-02    1.17157e-01
      1821   -1.17157e-01   -4.24007e-02    1.17157e-01
      1822   -1.12684e-01    3.49100e-08    6.35958e-02
      1823   -1.17157e-01    5.00000e-02    1.17157e-01
      1824   -1.17157e-01   -5.00000e-02    1.17157e-01
      1825   -1.19686e-01    1.64522e-02    1.60589e-01
      1826   -1.19686e-01   -1.64522e-02    1.60589e-01
      1827   -1.18185e-01   -4.04508e-02    1.59308e-01
      1828   -1.18185e-01    4.04509e-02    1.59308e-01
      1829   -1.09338e-01   -1.54509e-02    5.96782e-02
      1830   -1.09338e-01    1.54510e-02    5.96782e-02
      1831   -1.07748e-01    0.00000e+00    5.78173e-02
      1832   -1.16844e-01    0.00000e+00    1.94275e-01
      1833   -1.14864e-01    1.54510e-02    1.92837e-01
      1834   -1.14864e-01   -1.54509e-02    1.92837e-01
      1835   -1.06232e-01    4.75528e-02    1.06232e-01
      1836   -1.06232e-01   -4.75528e-02    1.06232e-01
      1837   -1.05524e-01   -3.13629e-02    1.05524e-01
      1838   -1.05524e-01    3.13629e-02    1.05524e-01
      1839   -1.05183e-01    3.83216e-09    1.05183e-01
      1840   -1.08715e-01    9.66939e-10    1.51219e-01
      1841   -1.08348e-01   -3.13629e-02    1.50906e-01
      1842   -1.08348e-01    3.13629e-02    1.50906e-01
      1843   -1.07587e-01   -4.75528e-02    1.50255e-01
      1844   -1.07587e-01    4.75528e-02    1.50255e-01
      1845   -1.10696e-01    7.45798e-08    1.89808e-01
      1846   -1.09119e-01    2.93893e-02    1.88662e-01
      1847   -1.09119e-01   -2.93893e-02    1.88662e-01
      1848   -9.63759e-02    4.04508e-02    9.63759e-02
      1849   -9.63759e-02   -4.04508e-02    9.63759e-02
      1850   -9.49804e-02   -1.64522e-02    9.49804e-02
      1851   -9.49804e-02    1.64522e-02    9.49804e-02
      1852   -1.01766e-01   -1.64522e-02    1.83320e-01
      1853   -1.01766e-01    1.64522e-02    1.83321e-01
      1854   -9.58376e-02   -1.69343e-02    1.40221e-01
      1855   -9.58376e-02    1.69343e-02    1.40221e-01
      1856   -9.58376e-02   -4.24007e-02    1.40221e-01
      1857   -9.58376e-02    4.24007e-02    1.40221e-01
      1858   -9.58376e-02    5.00000e-02    1.40221e-01
      1859   -9.58376e-02   -5.00000e-02    1.40221e-01
      1860   -1.00170e-01   -4.04508e-02    1.82160e-01
      1861   -1.00170e-01    4.04509e-02    1.82160e-01
      1862   -8.85542e-02    2.93893e-02    8.85542e-02
      1863   -8.85542e-02   -2.93893e-02    8.85542e-02
      1864   -1.01576e-01    0.00000e+00    2.17126e-01
      1865   -8.71754e-02    6.48949e-09    8.71754e-02
      1866   -9.94894e-02   -1.54509e-02    2.15847e-01
      1867   -9.94893e-02    1.54510e-02    2.15847e-01
      1868   -8.35324e-02    1.54510e-02    8.35324e-02
      1869   -8.35324e-02   -1.54510e-02    8.35324e-02
      1870   -8.18019e-02    0.00000e+00    8.18019e-02
      1871   -9.50965e-02    1.03824e-07    2.13155e-01
      1872   -9.00933e-02    2.22599e-09    1.74840e-01
      1873   -8.97034e-02   -3.13629e-02    1.74556e-01
      1874   -8.97033e-02    3.13629e-02    1.74556e-01
      1875   -9.34340e-02   -2.93893e-02    2.12136e-01
      1876   -9.34340e-02    2.93893e-02    2.12136e-01
      1877   -8.88934e-02   -4.75528e-02    1.73968e-01
      1878   -8.88933e-02    4.75528e-02    1.73968e-01
      1879   -8.40886e-02   -4.75528e-02    1.30186e-01
      1880   -8.40886e-02    4.75528e-02    1.30186e-01
      1881   -8.33273e-02   -3.13629e-02    1.29536e-01
      1882   -8.33273e-02    3.13629e-02    1.29536e-01
      1883   -8.29607e-02    4.01464e-09    1.29223e-01
      1884   -8.56852e-02    1.64522e-02    2.07388e-01
      1885   -8.56852e-02   -1.64522e-02    2.07388e-01
      1886   -8.40024e-02   -4.04508e-02    2.06356e-01
      1887   -8.40024e-02    4.04509e-02    2.06356e-01
      1888   -8.81477e-02    0.00000e+00    2.41103e-01
      1889   -7.34898e-02   -4.04508e-02    1.21134e-01
      1890   -7.34898e-02    4.04508e-02    1.21134e-01
      1891   -7.19891e-02   -1.64522e-02    1.19852e-01
      1892   -7.19891e-02    1.64522e-02    1.19852e-01
      1893   -7.63932e-02   -1.69342e-02    1.64886e-01
      1894   -7.63932e-02    1.69343e-02    1.64886e-01
      1895   -8.59673e-02   -1.54509e-02    2.39992e-01
      1896   -8.59672e-02    1.54510e-02    2.39992e-01
      1897   -7.63933e-02   -4.24007e-02    1.64886e-01
      1898   -7.63932e-02    4.24007e-02    1.64886e-01
      1899   -7.63932e-02    5.00000e-02    1.64886e-01
      1900   -7.63932e-02   -5.00000e-02    1.64886e-01
      1901   -8.13768e-02    1.30975e-07    2.37653e-01
      1902   -7.96394e-02   -2.93893e-02    2.36768e-01
      1903   -7.96394e-02    2.93893e-02    2.36768e-01
      1904   -6.50786e-02   -2.93893e-02    1.13950e-01
      1905   -6.50785e-02    2.93893e-02    1.13950e-01
      1906   -7.33828e-02    5.12267e-09    1.99849e-01
      1907   -6.35959e-02   -2.19314e-08    1.12684e-01
      1908   -7.29717e-02   -3.13629e-02    1.99597e-01
      1909   -7.29717e-02    3.13629e-02    1.99597e-01
      1910   -7.21181e-02   -4.75528e-02    1.99074e-01
      1911   -7.21181e-02    4.75528e-02    1.99074e-01
      1912   -5.96782e-02   -1.54510e-02    1.09338e-01
      1913   -5.96782e-02    1.54509e-02    1.09338e-01
      1914   -6.38931e-02   -4.75528e-02    1.55804e-01
      1915   -6.38930e-02    4.75528e-02    1.55804e-01
      1916   -6.30832e-02   -3.13629e-02    1.55215e-01
      1917   -6.30831e-02    3.13629e-02    1.55216e-01
      1918   -6.26931e-02    4.19101e-09    1.54932e-01
      1919   -5.78173e-02    0.00000e+00    1.07748e-01
      1920   -7.15420e-02    1.64523e-02    2.32642e-01
      1921   -7.15419e-02   -1.64522e-02    2.32642e-01
      1922   -7.66422e-02    0.00000e+00    2.66061e-01
      1923   -6.97834e-02   -4.04508e-02    2.31746e-01
      1924   -6.97834e-02    4.04509e-02    2.31746e-01
      1925   -7.43813e-02   -1.54509e-02    2.65124e-01
      1926   -7.43812e-02    1.54511e-02    2.65124e-01
      1927   -6.96214e-02    1.56157e-07    2.63153e-01
      1928   -5.89439e-02   -1.69342e-02    1.91001e-01
      1929   -5.89439e-02    1.69343e-02    1.91001e-01
      1930   -5.89440e-02   -4.24007e-02    1.91001e-01
      1931   -5.89439e-02    4.24007e-02    1.91001e-01
      1932   -5.89439e-02   -5.00000e-02    1.91001e-01
      1933   -5.89439e-02    5.00000e-02    1.91001e-01
      1934   -6.78199e-02    2.93893e-02    2.62406e-01
      1935   -6.78199e-02   -2.93893e-02    2.62406e-01
      1936   -5.26168e-02   -4.04508e-02    1.47611e-01
      1937   -5.26168e-02    4.04508e-02    1.47611e-01
      1938   -5.10201e-02   -1.64522e-02    1.46451e-01
      1939   -5.10201e-02    1.64522e-02    1.46451e-01
      1940   -5.86859e-02    6.26535e-09    2.26092e-01
      1941   -5.82564e-02   -3.13629e-02    2.25873e-01
      1942   -5.82564e-02    3.13629e-02    2.25873e-01
      1943   -5.73644e-02   -4.75528e-02    2.25418e-01
      1944   -5.73643e-02    4.75528e-02    2.25418e-01
      1945   -6.71302e-02    0.00000e+00    2.91844e-01
      1946   -5.94237e-02    1.64523e-02    2.58929e-01
      1947   -5.94237e-02   -1.64521e-02    2.58929e-01
      1948   -6.48028e-02   -1.54509e-02    2.91088e-01
      1949   -6.48028e-02    1.54511e-02    2.91088e-01
      1950   -4.36678e-02   -2.93893e-02    1.41109e-01
      1951   -4.36678e-02    2.93893e-02    1.41109e-01
      1952   -4.20903e-02   -4.99259e-08    1.39963e-01
      1953   -5.76003e-02   -4.04508e-02    2.58173e-01
      1954   -5.76003e-02    4.04509e-02    2.58173e-01
      1955   -4.57698e-02   -4.75528e-02    1.82927e-01
      1956   -4.57697e-02    4.75528e-02    1.82927e-01
      1957   -4.49162e-02   -3.13629e-02    1.82404e-01
      1958   -4.49161e-02    3.13629e-02    1.82404e-01
      1959   -4.45051e-02    6.00566e-09    1.82152e-01
      1960   -5.99029e-02    1.78745e-07    2.89496e-01
      1961   -3.79222e-02   -1.54510e-02    1.36935e-01
      1962   -3.79222e-02    1.54509e-02    1.36935e-01
      1963   -5.80484e-02    2.93893e-02    2.88893e-01
      1964   -5.80484e-02   -2.93893e-02    2.88893e-01
      1965   -3.59424e-02    0.00000e+00    1.35497e-01
      1966   -4.35974e-02    1.69343e-02    2.18404e-01
      1967   -4.35974e-02   -1.69342e-02    2.18404e-01
      1968   -5.96705e-02    0.00000e+00    3.18294e-01
      1969   -4.35975e-02   -4.24007e-02    2.18404e-01
      1970   -4.35973e-02    4.24007e-02    2.18404e-01
      1971   -4.35974e-02   -5.00000e-02    2.18404e-01
      1972   -4.35974e-02    5.00000e-02    2.18404e-01
      1973   -5.72910e-02   -1.54509e-02    3.17723e-01
      1974   -5.72909e-02    1.54511e-02    3.17723e-01
      1975   -4.60934e-02    7.31159e-09    2.53407e-01
      1976   -4.56480e-02   -3.13629e-02    2.53223e-01
      1977   -4.56480e-02    3.13629e-02    2.53223e-01
      1978   -4.47231e-02   -4.75527e-02    2.52840e-01
      1979   -4.47230e-02    4.75528e-02    2.52839e-01
      1980   -4.94053e-02    1.64523e-02    2.86085e-01
      1981   -4.94053e-02   -1.64521e-02    2.86085e-01
      1982   -3.38855e-02    4.04508e-02    1.75645e-01
      1983   -3.38855e-02   -4.04508e-02    1.75645e-01
      1984   -3.22027e-02   -1.64522e-02    1.74613e-01
      1985   -3.22027e-02    1.64522e-02    1.74613e-01
      1986   -4.75283e-02   -4.04508e-02    2.85475e-01
      1987   -4.75282e-02    4.04509e-02    2.85475e-01
      1988   -5.22812e-02    1.98020e-07    3.16520e-01
      1989   -5.03852e-02    2.93893e-02    3.16065e-01
      1990   -5.03852e-02   -2.93893e-02    3.16065e-01
      1991   -5.43091e-02    0.00000e+00    3.45248e-01
      1992   -5.18920e-02   -1.54508e-02    3.44865e-01
      1993   -5.18920e-02    1.54511e-02    3.44865e-01
      1994   -2.44539e-02    2.93893e-02    1.69865e-01
      1995   -2.44539e-02   -2.93893e-02    1.69865e-01
      1996   -2.98305e-02   -4.75528e-02    2.11389e-01
      1997   -2.98304e-02    4.75528e-02    2.11389e-01
      1998   -2.89384e-02   -3.13629e-02    2.10935e-01
      1999   -2.89384e-02    3.13629e-02    2.10935e-01
      2000   -2.85089e-02    6.15098e-09    2.10716e-01
      2001   -2.27914e-02   -7.64303e-08    1.68846e-01
      2002   -3.04482e-02   -1.69342e-02    2.46927e-01
      2003   -3.04482e-02    1.69343e-02    2.46927e-01
      2004   -4.15484e-02   -1.64521e-02    3.13943e-01
      2005   -4.15484e-02    1.64523e-02    3.13943e-01
      2006   -3.56828e-02    8.22798e-09    2.81626e-01
      2007   -3.04483e-02   -4.24007e-02    2.46927e-01
      2008   -3.04481e-02    4.24007e-02    2.46927e-01
      2009   -3.04482e-02   -5.00000e-02    2.46927e-01
      2010   -3.04482e-02    5.00000e-02    2.46927e-01
      2011   -4.68034e-02    2.13138e-07    3.44059e-01
      2012   -3.52244e-02   -3.13629e-02    2.81477e-01
      2013   -3.52243e-02    3.13629e-02    2.81477e-01
      2014   -1.83985e-02   -1.54510e-02    1.66154e-01
      2015   -1.83985e-02    1.54509e-02    1.66154e-01
      2016   -3.42723e-02   -4.75527e-02    2.81168e-01
      2017   -3.42721e-02    4.75528e-02    2.81168e-01
      2018   -3.96293e-02   -4.04508e-02    3.13483e-01
      2019   -3.96293e-02    4.04508e-02    3.13483e-01
      2020   -5.10789e-02    0.00000e+00    3.72539e-01
      2021   -4.48775e-02    2.93893e-02    3.43754e-01
      2022   -4.48775e-02   -2.93893e-02    3.43754e-01
      2023   -1.63119e-02    0.00000e+00    1.64876e-01
      2024   -4.86393e-02   -1.54508e-02    3.72347e-01
      2025   -4.86392e-02    1.54511e-02    3.72347e-01
      2026   -1.74114e-02    4.04508e-02    2.05061e-01
      2027   -1.74114e-02   -4.04508e-02    2.05061e-01
      2028   -1.56529e-02   -1.64522e-02    2.04165e-01
      2029   -1.56529e-02    1.64522e-02    2.04165e-01
      2030   -5.00000e-02    0.00000e+00    4.00000e-01
      2031   -4.35031e-02    2.23710e-07    3.71943e-01
      2032   -3.59014e-02   -1.64521e-02    3.42332e-01
      2033   -3.59014e-02    1.64523e-02    3.42332e-01
      2034   -4.15592e-02    2.93893e-02    3.71790e-01
      2035   -4.15592e-02   -2.93893e-02    3.71790e-01
      2036   -4.75528e-02   -1.54508e-02    4.00000e-01
      2037   -4.75528e-02    1.54508e-02    4.00000e-01
      2038   -3.39521e-02   -4.04508e-02    3.42024e-01
      2039   -3.39521e-02    4.04508e-02    3.42024e-01
      2040   -2.75184e-02    8.97912e-09    3.10575e-01
      2041   -1.61734e-02   -4.75528e-02    2.41014e-01
      2042   -1.61733e-02    4.75528e-02    2.41014e-01
      2043   -2.70497e-02   -3.13629e-02    3.10463e-01
      2044   -2.70496e-02    3.13629e-02    3.10463e-01
      2045   -1.52484e-02   -3.13629e-02    2.40631e-01
      2046   -1.52483e-02    3.13629e-02    2.40631e-01
      2047   -1.48030e-02    6.27190e-09    2.40446e-01
      2048   -2.60762e-02   -4.75527e-02    3.10229e-01
      2049   -2.60761e-02    4.75528e-02    3.10229e-01
      2050   -1.95774e-02    1.69343e-02    2.76393e-01
      2051   -1.95774e-02   -1.69342e-02    2.76393e-01
      2052   -1.95775e-02   -4.24007e-02    2.76393e-01
      2053   -1.95773e-02    4.24007e-02    2.76393e-01
      2054   -1.95774e-02   -5.00000e-02    2.76393e-01
      2055   -1.95774e-02    5.00000e-02    2.76393e-01
      2056   -5.00000e-02    0.00000e+00    4.30000e-01
      2057   -7.55545e-03    2.93893e-02    2.00039e-01
      2058   -7.55542e-03   -2.93893e-02    2.00039e-01
      2059   -4.24009e-02    9.56035e-09    4.00000e-01
      2060   -5.81810e-03   -1.02217e-07    1.99154e-01
      2061   -4.75528e-02    1.54509e-02    4.30000e-01
      2062   -4.75527e-02   -1.54511e-02    4.30000e-01
      2063   -4.04509e-02   -2.93893e-02    4.00000e-01
      2064   -4.04508e-02    2.93893e-02    4.00000e-01
      2065   -3.24993e-02    1.64523e-02    3.71077e-01
      2066   -3.24993e-02   -1.64521e-02    3.71077e-01
      2067   -1.22757e-03    1.54509e-02    1.96815e-01
      2068   -1.22756e-03   -1.54510e-02    1.96815e-01
      2069   -3.05317e-02   -4.04508e-02    3.70922e-01
      2070   -3.05317e-02    4.04508e-02    3.70922e-01
      2071   -4.24007e-02   -1.84772e-07    4.30000e-01
      2072   -5.00000e-02    0.00000e+00    4.60000e-01
      2073    9.52936e-04    0.00000e+00    1.95704e-01
      2074   -2.16504e-02    9.52204e-09    3.40075e-01
      2075   -2.11743e-02   -3.13629e-02    3.40000e-01
      2076   -2.11743e-02    3.13629e-02    3.40000e-01
      2077   -3.29604e-03    4.04508e-02    2.35680e-01
      2078   -3.29603e-03   -4.04508e-02    2.35680e-01
      2079   -4.04508e-02   -2.93893e-02    4.30000e-01
      2080   -4.04508e-02    2.93893e-02    4.30000e-01
      2081   -4.75528e-02    1.54509e-02    4.60000e-01
      2082   -4.75527e-02   -1.54511e-02    4.60000e-01
      2083   -2.01855e-02   -4.75527e-02    3.39843e-01
      2084   -2.01854e-02    4.75528e-02    3.39843e-01
      2085   -1.47266e-03   -1.64522e-02    2.34925e-01
      2086   -1.47265e-03    1.64522e-02    2.34925e-01
      2087   -3.13630e-02   -1.64523e-02    4.00000e-01
      2088   -3.13630e-02    1.64523e-02    4.00000e-01
      2089   -1.10520e-02    1.69343e-02    3.06622e-01
      2090   -1.10520e-02   -1.69342e-02    3.06622e-01
      2091   -1.10521e-02   -4.24007e-02    3.06622e-01
      2092   -1.10519e-02    4.24007e-02    3.06622e-01
      2093   -1.10520e-02   -5.00000e-02    3.06622e-01
      2094   -1.10520e-02    5.00000e-02    3.06622e-01
      2095   -4.88266e-03   -4.75528e-02    2.71619e-01
      2096   -4.88254e-03    4.75527e-02    2.71619e-01
      2097   -2.93893e-02   -4.04508e-02    4.00000e-01
      2098   -2.93893e-02    4.04508e-02    4.00000e-01
      2099   -3.93046e-03   -3.13629e-02    2.71309e-01
      2100   -3.93040e-03    3.13629e-02    2.71309e-01
      2101   -3.47196e-03    6.35749e-09    2.71160e-01
      2102   -4.24007e-02   -1.76553e-07    4.60000e-01
      2103   -5.00000e-02    0.00000e+00    4.90000e-01
      2104   -4.04508e-02   -2.93893e-02    4.60000e-01
      2105   -4.04508e-02    2.93893e-02    4.60000e-01
      2106   -4.75528e-02    1.54509e-02    4.90000e-01
      2107   -4.75527e-02   -1.54511e-02    4.90000e-01
      2108   -1.81151e-02    1.14431e-08    3.69945e-01
      2109   -3.13629e-02    1.64522e-02    4.30000e-01
      2110   -3.13629e-02   -1.64523e-02    4.30000e-01
      2111   -1.76346e-02   -3.13629e-02    3.69907e-01
      2112   -1.76345e-02    3.13629e-02    3.69907e-01
      2113    6.92352e-03    2.93893e-02    2.31447e-01
      2114    6.92353e-03   -2.93893e-02    2.31447e-01
      2115   -1.66365e-02   -4.75527e-02    3.69829e-01
      2116   -1.66364e-02    4.75528e-02    3.69829e-01
      2117    8.72499e-03   -1.26140e-07    2.30701e-01
      2118   -2.93893e-02   -4.04508e-02    4.30000e-01
      2119   -2.93893e-02    4.04509e-02    4.30000e-01
      2120   -4.24007e-02   -1.63144e-07    4.90000e-01
      2121   -5.00000e-02    0.00000e+00    5.20000e-01
      2122   -4.92466e-03    1.69343e-02    3.37426e-01
      2123   -4.92466e-03   -1.69342e-02    3.37426e-01
      2124    1.34848e-02   -1.54510e-02    2.28729e-01
      2125    1.34849e-02    1.54509e-02    2.28729e-01
      2126   -4.92479e-03   -4.24007e-02    3.37426e-01
      2127   -4.92452e-03    4.24007e-02    3.37426e-01
      2128   -4.04508e-02   -2.93893e-02    4.90000e-01
      2129   -4.04508e-02    2.93893e-02    4.90000e-01
      2130   -4.92466e-03    5.00000e-02    3.37426e-01
      2131   -4.92466e-03   -5.00000e-02    3.37426e-01
      2132   -1.69342e-02    5.81603e-09    4.00000e-01
      2133    8.37346e-03    4.04508e-02    2.67311e-01
      2134    8.37347e-03   -4.04508e-02    2.67311e-01
      2135   -3.13629e-02    1.64522e-02    4.60000e-01
      2136   -3.13629e-02   -1.64523e-02    4.60000e-01
      2137   -4.75528e-02    1.54509e-02    5.20000e-01
      2138   -4.75527e-02   -1.54510e-02    5.20000e-01
      2139   -1.64523e-02   -3.13630e-02    4.00000e-01
      2140   -1.64523e-02    3.13630e-02    4.00000e-01
      2141    1.57458e-02    0.00000e+00    2.27792e-01
      2142    1.02505e-02   -1.64523e-02    2.66702e-01
      2143    1.02505e-02    1.64522e-02    2.66702e-01
      2144    3.97201e-03   -4.75528e-02    3.03015e-01
      2145    3.97215e-03    4.75527e-02    3.03015e-01
      2146   -1.54509e-02   -4.75528e-02    4.00000e-01
      2147   -1.54509e-02    4.75528e-02    4.00000e-01
      2148   -2.93893e-02   -4.04508e-02    4.60000e-01
      2149   -2.93893e-02    4.04509e-02    4.60000e-01
      2150    4.94555e-03   -3.13629e-02    3.02781e-01
      2151    4.94562e-03    3.13629e-02    3.02781e-01
      2152    5.41433e-03    6.39861e-09    3.02669e-01
      2153   -4.24007e-02   -1.45436e-07    5.20000e-01
      2154   -5.00000e-02    0.00000e+00    5.50000e-01
      2155   -1.69342e-02    7.15884e-09    4.30000e-01
      2156   -4.04508e-02   -2.93893e-02    5.20000e-01
      2157   -4.04508e-02    2.93893e-02    5.20000e-01
      2158   -1.64523e-02    3.13629e-02    4.30000e-01
      2159   -1.64521e-02   -3.13629e-02    4.30000e-01
      2160   -3.13629e-02    1.64522e-02    4.90000e-01
      2161   -3.13629e-02   -1.64523e-02    4.90000e-01
      2162   -1.23307e-03    1.69343e-02    3.68616e-01
      2163   -1.23306e-03   -1.69342e-02    3.68616e-01
      2164   -1.54511e-02    4.75528e-02    4.30000e-01
      2165   -1.54509e-02   -4.75528e-02    4.30000e-01
      2166   -1.23320e-03   -4.24007e-02    3.68616e-01
      2167   -1.23292e-03    4.24007e-02    3.68616e-01
      2168   -4.75528e-02    1.54509e-02    5.50000e-01
      2169   -4.75527e-02   -1.54510e-02    5.50000e-01
      2170   -1.23307e-03    5.00000e-02    3.68616e-01
      2171   -1.23307e-03   -5.00000e-02    3.68616e-01
      2172    1.88936e-02    2.93893e-02    2.63893e-01
      2173    1.88937e-02   -2.93893e-02    2.63893e-01
      2174   -2.93893e-02   -4.04508e-02    4.90000e-01
      2175   -2.93893e-02    4.04509e-02    4.90000e-01
      2176    2.07481e-02   -1.47617e-07    2.63291e-01
      2177    1.03361e-02   -4.75528e-02    3.35009e-01
      2178    1.03362e-02    4.75527e-02    3.35009e-01
      2179   -4.24007e-02   -1.24042e-07    5.50000e-01
      2180   -1.69342e-02    6.99745e-09    4.60000e-01
      2181    1.75252e-02    4.04508e-02    2.99761e-01
      2182    1.75252e-02   -4.04508e-02    2.99761e-01
      2183    1.13249e-02   -3.13629e-02    3.34853e-01
      2184    1.13250e-02    3.13629e-02    3.34853e-01
      2185    1.18011e-02    6.38307e-09    3.34777e-01
      2186   -1.64523e-02    3.13629e-02    4.60000e-01
      2187   -1.64521e-02   -3.13629e-02    4.60000e-01
      2188   -5.00000e-02    0.00000e+00    5.80000e-01
      2189    1.94443e-02   -1.64523e-02    2.99300e-01
      2190    1.94443e-02    1.64522e-02    2.99300e-01
      2191    2.56480e-02   -1.54510e-02    2.61699e-01
      2192    2.56480e-02    1.54509e-02    2.61699e-01
      2193   -4.04508e-02   -2.93893e-02    5.50000e-01
      2194   -4.04508e-02    2.93893e-02    5.50000e-01
      2195   -3.13629e-02    1.64522e-02    5.20000e-01
      2196   -3.13629e-02   -1.64523e-02    5.20000e-01
      2197   -1.54511e-02    4.75528e-02    4.60000e-01
      2198   -1.54509e-02   -4.75528e-02    4.60000e-01
      2199   -5.45140e-10    1.69343e-02    4.00000e-01
      2200    7.23315e-09   -1.69343e-02    4.00000e-01
      2201   -2.28029e-09   -4.24009e-02    4.00000e-01
      2202    9.97072e-09    4.24009e-02    4.00000e-01
      2203   -2.75536e-17   -5.00000e-02    4.00000e-01
      2204   -2.14306e-17    5.00000e-02    4.00000e-01
      2205   -4.75528e-02    1.54509e-02    5.80000e-01
      2206   -4.75528e-02   -1.54510e-02    5.80000e-01
      2207    2.79754e-02    0.00000e+00    2.60942e-01
      2208   -2.93893e-02   -4.04508e-02    5.20000e-01
      2209   -2.93893e-02    4.04509e-02    5.20000e-01
      2210   -1.69342e-02    6.99435e-09    4.90000e-01
      2211   -1.64523e-02    3.13629e-02    4.90000e-01
      2212   -1.64522e-02   -3.13629e-02    4.90000e-01
      2213   -4.24007e-02   -9.95786e-08    5.80000e-01
      2214   -7.12353e-09    1.69343e-02    4.30000e-01
      2215    2.16855e-10   -1.69343e-02    4.30000e-01
      2216   -1.94578e-07    4.24008e-02    4.30000e-01
      2217    1.96175e-07   -4.24008e-02    4.30000e-01
      2218   -1.54511e-02    4.75528e-02    4.90000e-01
      2219   -1.54509e-02   -4.75528e-02    4.90000e-01
      2220   -2.75536e-17   -5.00000e-02    4.30000e-01
      2221   -2.14306e-17    5.00000e-02    4.30000e-01
      2222    1.41702e-02   -4.75528e-02    3.67404e-01
      2223    1.41704e-02    4.75527e-02    3.67404e-01
      2224    2.82812e-02    2.93893e-02    2.97179e-01
      2225    2.82812e-02   -2.93893e-02    2.97179e-01
      2226   -3.13629e-02    1.64522e-02    5.50000e-01
      2227   -3.13629e-02   -1.64523e-02    5.50000e-01
      2228    1.51684e-02   -3.13629e-02    3.67326e-01
      2229    1.51684e-02    3.13629e-02    3.67326e-01
      2230    1.56490e-02    7.96660e-09    3.67288e-01
      2231   -4.04508e-02   -2.93893e-02    5.80000e-01
      2232   -4.04508e-02    2.93893e-02    5.80000e-01
      2233   -5.00000e-02    0.00000e+00    6.10000e-01
      2234    3.01772e-02   -1.65969e-07    2.96724e-01
      2235   -2.93893e-02   -4.04508e-02    5.50000e-01
      2236   -2.93893e-02    4.04509e-02    5.50000e-01
      2237    2.41028e-02    4.04508e-02    3.32829e-01
      2238    2.41028e-02   -4.04508e-02    3.32829e-01
      2239   -4.75528e-02    1.54509e-02    6.10000e-01
      2240   -4.75528e-02   -1.54510e-02    6.10000e-01
      2241    2.60521e-02   -1.64523e-02    3.32520e-01
      2242    2.60521e-02    1.64521e-02    3.32520e-01
      2243   -1.69342e-02    6.99028e-09    5.20000e-01
      2244   -1.64523e-02    3.13629e-02    5.20000e-01
      2245   -1.64522e-02   -3.13629e-02    5.20000e-01
      2246   -7.03767e-09    1.69343e-02    4.60000e-01
      2247    3.08311e-10   -1.69343e-02    4.60000e-01
      2248    3.51868e-02   -1.54511e-02    2.95521e-01
      2249    3.51869e-02    1.54509e-02    2.95521e-01
      2250   -1.86049e-07    4.24008e-02    4.60000e-01
      2251    1.87715e-07   -4.24008e-02    4.60000e-01
      2252   -2.14306e-17    5.00000e-02    4.60000e-01
      2253   -2.75536e-17   -5.00000e-02    4.60000e-01
      2254   -1.54511e-02    4.75528e-02    5.20000e-01
      2255   -1.54509e-02   -4.75528e-02    5.20000e-01
      2256    1.54509e-02    4.75528e-02    4.00000e-01
      2257    1.54509e-02   -4.75528e-02    4.00000e-01
      2258   -4.24007e-02   -7.26580e-08    6.10000e-01
      2259    1.64523e-02    3.13630e-02    4.00000e-01
      2260    1.64523e-02   -3.13630e-02    4.00000e-01
      2261    1.69343e-02    9.31792e-09    4.00000e-01
      2262    3.75665e-02    0.00000e+00    2.94950e-01
      2263   -3.13629e-02    1.64522e-02    5.80000e-01
      2264   -3.13629e-02   -1.64522e-02    5.80000e-01
      2265   -4.04508e-02   -2.93893e-02    6.10000e-01
      2266   -4.04508e-02    2.93893e-02    6.10000e-01
      2267   -5.00000e-02    0.00000e+00    6.40000e-01
      2268   -2.93893e-02   -4.04508e-02    5.80000e-01
      2269   -2.93893e-02    4.04509e-02    5.80000e-01
      2270    3.50282e-02    2.93893e-02    3.31098e-01
      2271    3.50282e-02   -2.93893e-02    3.31098e-01
      2272    2.80656e-02    4.04508e-02    3.66311e-01
      2273    2.80656e-02   -4.04508e-02    3.66311e-01
      2274   -4.75528e-02    1.54509e-02    6.40000e-01
      2275   -4.75528e-02   -1.54510e-02    6.40000e-01
      2276   -7.04074e-09    1.69343e-02    4.90000e-01
      2277    3.11313e-10   -1.69343e-02    4.90000e-01
      2278   -1.69342e-02    6.98563e-09    5.50000e-01
      2279   -1.72640e-07    4.24008e-02    4.90000e-01
      2280    1.74306e-07   -4.24008e-02    4.90000e-01
      2281   -2.75536e-17   -5.00000e-02    4.90000e-01
      2282   -2.14306e-17    5.00000e-02    4.90000e-01
      2283    3.69540e-02   -1.80399e-07    3.30793e-01
      2284    3.00331e-02   -1.64523e-02    3.66156e-01
      2285    3.00331e-02    1.64521e-02    3.66156e-01
      2286    1.54509e-02    4.75528e-02    4.30000e-01
      2287    1.54511e-02   -4.75528e-02    4.30000e-01
      2288   -1.64523e-02    3.13629e-02    5.50000e-01
      2289   -1.64522e-02   -3.13629e-02    5.50000e-01
      2290    1.64521e-02    3.13629e-02    4.30000e-01
      2291    1.64523e-02   -3.13629e-02    4.30000e-01
      2292    1.69342e-02   -5.03394e-09    4.30000e-01
      2293   -1.54511e-02    4.75528e-02    5.50000e-01
      2294   -1.54509e-02   -4.75528e-02    5.50000e-01
      2295   -4.24007e-02   -4.38942e-08    6.40000e-01
      2296   -3.13629e-02    1.64522e-02    6.10000e-01
      2297   -3.13629e-02   -1.64522e-02    6.10000e-01
      2298    4.20426e-02   -1.54511e-02    3.29987e-01
      2299    4.20427e-02    1.54509e-02    3.29987e-01
      2300   -4.04508e-02   -2.93893e-02    6.40000e-01
      2301   -4.04508e-02    2.93893e-02    6.40000e-01
      2302   -2.93893e-02   -4.04508e-02    6.10000e-01
      2303   -2.93893e-02    4.04509e-02    6.10000e-01
      2304   -5.00000e-02    0.00000e+00    6.70000e-01
      2305    2.93893e-02    4.04508e-02    4.00000e-01
      2306    2.93893e-02   -4.04508e-02    4.00000e-01
      2307    4.44598e-02    0.00000e+00    3.29604e-01
      2308    1.54509e-02    4.75528e-02    4.60000e-01
      2309    1.54511e-02   -4.75528e-02    4.60000e-01
      2310   -7.04471e-09    1.69343e-02    5.20000e-01
      2311    3.15355e-10   -1.69343e-02    5.20000e-01
      2312   -1.54931e-07    4.24008e-02    5.20000e-01
      2313    1.56598e-07   -4.24008e-02    5.20000e-01
      2314    1.64521e-02    3.13629e-02    4.60000e-01
      2315    1.64523e-02   -3.13629e-02    4.60000e-01
      2316   -2.14306e-17    5.00000e-02    5.20000e-01
      2317   -2.75536e-17   -5.00000e-02    5.20000e-01
      2318    1.69342e-02   -5.08116e-09    4.60000e-01
      2319    3.13630e-02   -1.64523e-02    4.00000e-01
      2320    3.13630e-02    1.64524e-02    4.00000e-01
      2321   -1.69342e-02    6.97997e-09    5.80000e-01
      2322   -4.75528e-02    1.54510e-02    6.70000e-01
      2323   -4.75528e-02   -1.54510e-02    6.70000e-01
      2324    3.90931e-02    2.93893e-02    3.65443e-01
      2325    3.90931e-02   -2.93893e-02    3.65443e-01
      2326   -1.64522e-02    3.13629e-02    5.80000e-01
      2327   -1.64522e-02   -3.13629e-02    5.80000e-01
      2328   -1.54510e-02    4.75528e-02    5.80000e-01
      2329   -1.54509e-02   -4.75528e-02    5.80000e-01
      2330    4.10370e-02   -1.89292e-07    3.65290e-01
      2331    2.93893e-02   -4.04509e-02    4.30000e-01
      2332    2.93893e-02    4.04509e-02    4.30000e-01
      2333   -4.24007e-02   -1.39029e-08    6.70000e-01
      2334   -3.13629e-02    1.64522e-02    6.40000e-01
      2335   -3.13629e-02   -1.64522e-02    6.40000e-01
      2336    1.54509e-02    4.75528e-02    4.90000e-01
      2337    1.54511e-02   -4.75528e-02    4.90000e-01
      2338    3.13629e-02    1.64523e-02    4.30000e-01
      2339    3.13629e-02   -1.64522e-02    4.30000e-01
      2340    1.64522e-02    3.13629e-02    4.90000e-01
      2341    1.64523e-02   -3.13629e-02    4.90000e-01
      2342   -4.04508e-02   -2.93893e-02    6.70000e-01
      2343   -4.04508e-02    2.93893e-02    6.70000e-01
      2344    4.61731e-02   -1.54511e-02    3.64885e-01
      2345    4.61732e-02    1.54509e-02    3.64885e-01
      2346    1.69342e-02   -5.07814e-09    4.90000e-01
      2347   -7.04966e-09    1.69343e-02    5.50000e-01
      2348    3.20093e-10   -1.69343e-02    5.50000e-01
      2349   -2.93893e-02   -4.04508e-02    6.40000e-01
      2350   -2.93893e-02    4.04509e-02    6.40000e-01
      2351   -1.33538e-07    4.24008e-02    5.50000e-01
      2352    1.35204e-07   -4.24008e-02    5.50000e-01
      2353   -2.14306e-17    5.00000e-02    5.50000e-01
      2354   -2.75536e-17   -5.00000e-02    5.50000e-01
      2355   -5.00000e-02    0.00000e+00    7.00000e-01
      2356    4.04508e-02   -2.93893e-02    4.00000e-01
      2357    4.04509e-02    2.93893e-02    4.00000e-01
      2358   -1.69342e-02    6.97375e-09    6.10000e-01
      2359    4.86128e-02    0.00000e+00    3.64693e-01
      2360   -1.64522e-02    3.13629e-02    6.10000e-01
      2361   -1.64522e-02   -3.13629e-02    6.10000e-01
      2362    4.24009e-02    2.89043e-08    4.00000e-01
      2363   -4.75528e-02   -1.54510e-02    7.00000e-01
      2364   -4.75528e-02    1.54510e-02    7.00000e-01
      2365   -1.54510e-02    4.75528e-02    6.10000e-01
      2366   -1.54509e-02   -4.75528e-02    6.10000e-01
      2367    2.93893e-02   -4.04509e-02    4.60000e-01
      2368    2.93893e-02    4.04509e-02    4.60000e-01
      2369    3.13629e-02    1.64523e-02    4.60000e-01
      2370    3.13629e-02   -1.64522e-02    4.60000e-01
      2371    1.54509e-02    4.75528e-02    5.20000e-01
      2372    1.54511e-02   -4.75528e-02    5.20000e-01
      2373    1.64522e-02    3.13629e-02    5.20000e-01
      2374    1.64523e-02   -3.13629e-02    5.20000e-01
      2375    1.69342e-02   -5.07415e-09    5.20000e-01
      2376   -3.13629e-02    1.64522e-02    6.70000e-01
      2377   -3.13629e-02   -1.64522e-02    6.70000e-01
      2378   -4.24007e-02    1.67029e-08    7.00000e-01
      2379    4.04508e-02   -2.93893e-02    4.30000e-01
      2380    4.04509e-02    2.93893e-02    4.30000e-01
      2381    4.75528e-02   -1.54508e-02    4.00000e-01
      2382    4.75528e-02    1.54509e-02    4.00000e-01
      2383   -7.05512e-09    1.69343e-02    5.80000e-01
      2384    3.25699e-10   -1.69343e-02    5.80000e-01
      2385   -1.09074e-07    4.24008e-02    5.80000e-01
      2386    1.10741e-07   -4.24008e-02    5.80000e-01
      2387   -2.75536e-17   -5.00000e-02    5.80000e-01
      2388   -2.14306e-17    5.00000e-02    5.80000e-01
      2389    4.24007e-02    1.99897e-07    4.30000e-01
      2390   -4.04508e-02   -2.93893e-02    7.00000e-01
      2391   -4.04508e-02    2.93893e-02    7.00000e-01
      2392   -2.93893e-02   -4.04508e-02    6.70000e-01
      2393   -2.93893e-02    4.04509e-02    6.70000e-01
      2394    5.00000e-02    0.00000e+00    4.00000e-01
      2395   -1.69342e-02    6.96755e-09    6.40000e-01
      2396   -5.00000e-02    0.00000e+00    7.30000e-01
      2397   -1.64522e-02    3.13629e-02    6.40000e-01
      2398   -1.64522e-02   -3.13629e-02    6.40000e-01
      2399    2.93893e-02   -4.04509e-02    4.90000e-01
      2400    2.93893e-02    4.04509e-02    4.90000e-01
      2401   -1.54510e-02    4.75528e-02    6.40000e-01
      2402   -1.54510e-02   -4.75528e-02    6.40000e-01
      2403    3.13629e-02    1.64523e-02    4.90000e-01
      2404    3.13629e-02   -1.64522e-02    4.90000e-01
      2405   -4.75528e-02   -1.54509e-02    7.30000e-01
      2406   -4.75528e-02    1.54510e-02    7.30000e-01
      2407    4.75528e-02    1.54511e-02    4.30000e-01
      2408    4.75528e-02   -1.54509e-02    4.30000e-01
      2409    1.54509e-02    4.75528e-02    5.50000e-01
      2410    1.54511e-02   -4.75528e-02    5.50000e-01
      2411    4.04508e-02   -2.93893e-02    4.60000e-01
      2412    4.04509e-02    2.93893e-02    4.60000e-01
      2413    1.64522e-02    3.13629e-02    5.50000e-01
      2414    1.64522e-02   -3.13629e-02    5.50000e-01
      2415    1.69342e-02   -5.06925e-09    5.50000e-01
      2416    4.24007e-02    1.91397e-07    4.60000e-01
      2417    5.00000e-02    0.00000e+00    4.30000e-01
      2418   -7.06122e-09    1.69343e-02    6.10000e-01
      2419    3.31793e-10   -1.69343e-02    6.10000e-01
      2420   -8.21535e-08    4.24008e-02    6.10000e-01
      2421    8.38199e-08   -4.24008e-02    6.10000e-01
      2422   -2.75536e-17   -5.00000e-02    6.10000e-01
      2423   -2.14306e-17    5.00000e-02    6.10000e-01
      2424   -3.13629e-02   -1.64522e-02    7.00000e-01
      2425   -3.13629e-02    1.64522e-02    7.00000e-01
      2426   -4.24007e-02    4.73085e-08    7.30000e-01
      2427    2.93893e-02   -4.04509e-02    5.20000e-01
      2428    2.93893e-02    4.04509e-02    5.20000e-01
      2429   -2.93893e-02   -4.04508e-02    7.00000e-01
      2430   -2.93893e-02    4.04509e-02    7.00000e-01
      2431   -4.04508e-02   -2.93893e-02    7.30000e-01
      2432   -4.04508e-02    2.93893e-02    7.30000e-01
      2433   -1.69342e-02    6.96058e-09    6.70000e-01
      2434    3.13629e-02    1.64523e-02    5.20000e-01
      2435    3.13629e-02   -1.64522e-02    5.20000e-01
      2436    4.75528e-02    1.54511e-02    4.60000e-01
      2437    4.75528e-02   -1.54509e-02    4.60000e-01
      2438   -1.64522e-02    3.13629e-02    6.70000e-01
      2439   -1.64522e-02   -3.13629e-02    6.70000e-01
      2440    4.04508e-02   -2.93893e-02    4.90000e-01
      2441    4.04509e-02    2.93893e-02    4.90000e-01
      2442   -5.00000e-02    0.00000e+00    7.60000e-01
      2443   -1.54510e-02    4.75528e-02    6.70000e-01
      2444   -1.54510e-02   -4.75528e-02    6.70000e-01
      2445    1.54509e-02    4.75528e-02    5.80000e-01
      2446    1.54511e-02   -4.75528e-02    5.80000e-01
      2447    5.00000e-02    0.00000e+00    4.60000e-01
      2448    4.24007e-02    1.77988e-07    4.90000e-01
      2449    1.64522e-02    3.13629e-02    5.80000e-01
      2450    1.64522e-02   -3.13629e-02    5.80000e-01
      2451    1.69342e-02   -5.06376e-09    5.80000e-01
      2452   -4.75528e-02   -1.54509e-02    7.60000e-01
      2453   -4.75528e-02    1.54510e-02    7.60000e-01
      2454   -7.06776e-09    1.69343e-02    6.40000e-01
      2455    3.38266e-10   -1.69343e-02    6.40000e-01
      2456   -5.33903e-08    4.24008e-02    6.40000e-01
      2457    5.50568e-08   -4.24008e-02    6.40000e-01
      2458   -2.75536e-17   -5.00000e-02    6.40000e-01
      2459   -2.14306e-17    5.00000e-02    6.40000e-01
      2460    2.93893e-02   -4.04509e-02    5.50000e-01
      2461    2.93893e-02    4.04509e-02    5.50000e-01
      2462   -3.13629e-02   -1.64522e-02    7.30000e-01
      2463   -3.13629e-02    1.64522e-02    7.30000e-01
      2464    4.75528e-02    1.54511e-02    4.90000e-01
      2465    4.75528e-02   -1.54509e-02    4.90000e-01
      2466    3.13629e-02    1.64523e-02    5.50000e-01
      2467    3.13629e-02   -1.64522e-02    5.50000e-01
      2468   -4.24007e-02    7.73004e-08    7.60000e-01
      2469    4.04508e-02   -2.93893e-02    5.20000e-01
      2470    4.04509e-02    2.93893e-02    5.20000e-01
      2471   -2.93893e-02   -4.04508e-02    7.30000e-01
      2472   -2.93893e-02    4.04509e-02    7.30000e-01
      2473    5.00000e-02    0.00000e+00    4.90000e-01
      2474   -1.69342e-02    6.95365e-09    7.00000e-01
      2475    4.24007e-02    1.60280e-07    5.20000e-01
      2476   -4.04508e-02   -2.93893e-02    7.60000e-01
      2477   -4.04508e-02    2.93893e-02    7.60000e-01
      2478   -1.64522e-02    3.13629e-02    7.00000e-01
      2479   -1.64522e-02   -3.13629e-02    7.00000e-01
      2480    1.54509e-02    4.75528e-02    6.10000e-01
      2481    1.54510e-02   -4.75528e-02    6.10000e-01
      2482    1.64522e-02    3.13629e-02    6.10000e-01
      2483    1.64522e-02   -3.13629e-02    6.10000e-01
      2484   -1.54510e-02   -4.75528e-02    7.00000e-01
      2485   -1.54510e-02    4.75528e-02    7.00000e-01
      2486    1.69342e-02   -5.05770e-09    6.10000e-01
      2487   -5.00000e-02    0.00000e+00    7.90000e-01
      2488    2.93893e-02   -4.04509e-02    5.80000e-01
      2489    2.93893e-02    4.04509e-02    5.80000e-01
      2490    4.75528e-02    1.54511e-02    5.20000e-01
      2491    4.75528e-02   -1.54509e-02    5.20000e-01
      2492   -4.75528e-02   -1.54509e-02    7.90000e-01
      2493   -4.75528e-02    1.54510e-02    7.90000e-01
      2494   -7.07452e-09    1.69343e-02    6.70000e-01
      2495    3.45089e-10   -1.69343e-02    6.70000e-01
      2496   -2.33988e-08    4.24008e-02    6.70000e-01
      2497    2.50654e-08   -4.24008e-02    6.70000e-01
      2498   -2.14306e-17    5.00000e-02    6.70000e-01
      2499   -2.75536e-17   -5.00000e-02    6.70000e-01
      2500    3.13629e-02    1.64523e-02    5.80000e-01
      2501    3.13629e-02   -1.64522e-02    5.80000e-01
      2502    4.04508e-02   -2.93893e-02    5.50000e-01
      2503    4.04509e-02    2.93893e-02    5.50000e-01
      2504    5.00000e-02    0.00000e+00    5.20000e-01
      2505    4.24007e-02    1.38887e-07    5.50000e-01
      2506   -3.13629e-02   -1.64522e-02    7.60000e-01
      2507   -3.13629e-02    1.64522e-02    7.60000e-01
      2508   -4.24007e-02    1.06063e-07    7.90000e-01
      2509    1.54510e-02    4.75528e-02    6.40000e-01
      2510    1.54510e-02   -4.75528e-02    6.40000e-01
      2511   -1.69342e-02    6.94667e-09    7.30000e-01
      2512   -2.93893e-02   -4.04508e-02    7.60000e-01
      2513   -2.93893e-02    4.04509e-02    7.60000e-01
      2514    1.64522e-02    3.13629e-02    6.40000e-01
      2515    1.64522e-02   -3.13629e-02    6.40000e-01
      2516   -1.64522e-02   -3.13629e-02    7.30000e-01
      2517   -1.64522e-02    3.13629e-02    7.30000e-01
      2518    1.69342e-02   -5.05110e-09    6.40000e-01
      2519   -4.04508e-02   -2.93893e-02    7.90000e-01
      2520   -4.04508e-02    2.93893e-02    7.90000e-01
      2521   -1.54510e-02   -4.75528e-02    7.30000e-01
      2522   -1.54510e-02    4.75528e-02    7.30000e-01
      2523    4.75528e-02    1.54511e-02    5.50000e-01
      2524    4.75528e-02   -1.54509e-02    5.50000e-01
      2525    2.93893e-02   -4.04509e-02    6.10000e-01
      2526    2.93893e-02    4.04509e-02    6.10000e-01
      2527   -5.00000e-02    0.00000e+00    8.20000e-01
      2528    4.04508e-02   -2.93893e-02    5.80000e-01
      2529    4.04509e-02    2.93893e-02    5.80000e-01
      2530    3.13629e-02    1.64522e-02    6.10000e-01
      2531    3.13629e-02   -1.64522e-02    6.10000e-01
      2532    5.00000e-02    0.00000e+00    5.50000e-01
      2533   -7.08144e-09    1.69343e-02    7.00000e-01
      2534    3.52016e-10   -1.69343e-02    7.00000e-01
      2535   -5.54013e-09   -4.24008e-02    7.00000e-01
      2536    7.20683e-09    4.24008e-02    7.00000e-01
      2537   -2.75536e-17   -5.00000e-02    7.00000e-01
      2538   -2.14306e-17    5.00000e-02    7.00000e-01
      2539    4.24007e-02    1.14423e-07    5.80000e-01
      2540   -4.75528e-02   -1.54509e-02    8.20000e-01
      2541   -4.75527e-02    1.54510e-02    8.20000e-01
      2542   -3.13629e-02   -1.64522e-02    7.90000e-01
      2543   -3.13629e-02    1.64523e-02    7.90000e-01
      2544    1.54510e-02    4.75528e-02    6.70000e-01
      2545    1.54510e-02   -4.75528e-02    6.70000e-01
      2546    1.64522e-02    3.13629e-02    6.70000e-01
      2547    1.64522e-02   -3.13629e-02    6.70000e-01
      2548    1.69342e-02   -5.04437e-09    6.70000e-01
      2549   -1.69342e-02    6.94007e-09    7.60000e-01
      2550   -4.24007e-02    1.32984e-07    8.20000e-01
      2551    4.75528e-02    1.54510e-02    5.80000e-01
      2552    4.75528e-02   -1.54509e-02    5.80000e-01
      2553   -2.93893e-02   -4.04508e-02    7.90000e-01
      2554   -2.93893e-02    4.04509e-02    7.90000e-01
      2555   -1.64522e-02   -3.13629e-02    7.60000e-01
      2556   -1.64522e-02    3.13629e-02    7.60000e-01
      2557    2.93893e-02   -4.04509e-02    6.40000e-01
      2558    2.93893e-02    4.04509e-02    6.40000e-01
      2559   -1.54510e-02   -4.75528e-02    7.60000e-01
      2560   -1.54509e-02    4.75528e-02    7.60000e-01
      2561   -4.04508e-02   -2.93893e-02    8.20000e-01
      2562   -4.04508e-02    2.93893e-02    8.20000e-01
      2563    5.00000e-02    0.00000e+00    5.80000e-01
      2564    4.04508e-02   -2.93893e-02    6.10000e-01
      2565    4.04509e-02    2.93893e-02    6.10000e-01
      2566    3.13629e-02   -1.64522e-02    6.40000e-01
      2567    3.13629e-02    1.64522e-02    6.40000e-01
      2568    4.24007e-02    8.75019e-08    6.10000e-01
      2569   -7.08834e-09    1.69343e-02    7.30000e-01
      2570    3.58978e-10   -1.69343e-02    7.30000e-01
      2571   -3.61457e-08   -4.24008e-02    7.30000e-01
      2572    3.78125e-08    4.24008e-02    7.30000e-01
      2573   -2.14306e-17    5.00000e-02    7.30000e-01
      2574   -2.75536e-17   -5.00000e-02    7.30000e-01
      2575   -5.00000e-02    0.00000e+00    8.50000e-01
      2576   -4.75528e-02   -1.54509e-02    8.50000e-01
      2577   -4.75527e-02    1.54511e-02    8.50000e-01
      2578    1.54510e-02    4.75528e-02    7.00000e-01
      2579    1.54510e-02   -4.75528e-02    7.00000e-01
      2580    4.75528e-02   -1.54509e-02    6.10000e-01
      2581    4.75528e-02    1.54510e-02    6.10000e-01
      2582    1.64522e-02   -3.13629e-02    7.00000e-01
      2583    1.64522e-02    3.13629e-02    7.00000e-01
      2584    1.69342e-02   -5.03744e-09    7.00000e-01
      2585   -3.13629e-02   -1.64522e-02    8.20000e-01
      2586   -3.13629e-02    1.64523e-02    8.20000e-01
      2587    5.00000e-02    0.00000e+00    6.10000e-01
      2588   -1.69342e-02    6.93343e-09    7.90000e-01
      2589    2.93893e-02   -4.04509e-02    6.70000e-01
      2590    2.93893e-02    4.04509e-02    6.70000e-01
      2591    4.04508e-02   -2.93893e-02    6.40000e-01
      2592    4.04509e-02    2.93893e-02    6.40000e-01
      2593   -1.64522e-02   -3.13629e-02    7.90000e-01
      2594   -1.64522e-02    3.13629e-02    7.90000e-01
      2595   -2.93893e-02   -4.04508e-02    8.20000e-01
      2596   -2.93893e-02    4.04509e-02    8.20000e-01
      2597   -4.24007e-02    1.57449e-07    8.50000e-01
      2598    3.13629e-02   -1.64522e-02    6.70000e-01
      2599    3.13629e-02    1.64522e-02    6.70000e-01
      2600   -1.54510e-02   -4.75528e-02    7.90000e-01
      2601   -1.54509e-02    4.75528e-02    7.90000e-01
      2602    4.24007e-02    5.87388e-08    6.40000e-01
      2603   -4.04508e-02   -2.93893e-02    8.50000e-01
      2604   -4.04508e-02    2.93893e-02    8.50000e-01
      2605   -7.09523e-09    1.69343e-02    7.60000e-01
      2606    3.65661e-10   -1.69343e-02    7.60000e-01
      2607   -6.61371e-08   -4.24008e-02    7.60000e-01
      2608    6.78039e-08    4.24008e-02    7.60000e-01
      2609   -2.75536e-17   -5.00000e-02    7.60000e-01
      2610   -2.14306e-17    5.00000e-02    7.60000e-01
      2611   -5.00000e-02    0.00000e+00    8.80000e-01
      2612    4.75528e-02   -1.54509e-02    6.40000e-01
      2613    4.75528e-02    1.54510e-02    6.40000e-01
      2614    1.54510e-02   -4.75528e-02    7.30000e-01
      2615    1.54510e-02    4.75528e-02    7.30000e-01
      2616    1.64522e-02   -3.13629e-02    7.30000e-01
      2617    1.64522e-02    3.13629e-02    7.30000e-01
      2618    1.69342e-02   -5.03053e-09    7.30000e-01
      2619   -4.75528e-02   -1.54509e-02    8.80000e-01
      2620   -4.75527e-02    1.54511e-02    8.80000e-01
      2621    5.00000e-02    0.00000e+00    6.40000e-01
      2622    2.93893e-02   -4.04509e-02    7.00000e-01
      2623    2.93893e-02    4.04509e-02    7.00000e-01
      2624    4.04508e-02   -2.93893e-02    6.70000e-01
      2625    4.04509e-02    2.93893e-02    6.70000e-01
      2626   -3.13629e-02   -1.64522e-02    8.50000e-01
      2627   -3.13629e-02    1.64523e-02    8.50000e-01
      2628    3.13629e-02   -1.64522e-02    7.00000e-01
      2629    3.13629e-02    1.64522e-02    7.00000e-01
      2630   -1.69342e-02    6.92728e-09    8.20000e-01
      2631    4.24007e-02    2.87473e-08    6.70000e-01
      2632   -1.64522e-02   -3.13629e-02    8.20000e-01
      2633   -1.64522e-02    3.13629e-02    8.20000e-01
      2634   -2.93893e-02   -4.04508e-02    8.50000e-01
      2635   -2.93893e-02    4.04509e-02    8.50000e-01
      2636   -4.24007e-02    1.78842e-07    8.80000e-01
      2637   -1.54511e-02   -4.75528e-02    8.20000e-01
      2638   -1.54509e-02    4.75528e-02    8.20000e-01
      2639   -4.04508e-02   -2.93893e-02    8.80000e-01
      2640   -4.04508e-02    2.93893e-02    8.80000e-01
      2641   -7.10167e-09    1.69343e-02    7.90000e-01
      2642    3.72240e-10   -1.69343e-02    7.90000e-01
      2643   -9.49002e-08   -4.24008e-02    7.90000e-01
      2644    9.65671e-08    4.24008e-02    7.90000e-01
      2645   -2.14306e-17    5.00000e-02    7.90000e-01
      2646   -2.75536e-17   -5.00000e-02    7.90000e-01
      2647    4.75528e-02   -1.54510e-02    6.70000e-01
      2648    4.75528e-02    1.54510e-02    6.70000e-01
      2649    1.54510e-02   -4.75528e-02    7.60000e-01
      2650    1.54510e-02    4.75528e-02    7.60000e-01
      2651    5.00000e-02    0.00000e+00    6.70000e-01
      2652    1.64522e-02   -3.13629e-02    7.60000e-01
      2653    1.64522e-02    3.13629e-02    7.60000e-01
      2654   -5.00000e-02    0.00000e+00    9.10000e-01
      2655    1.69342e-02   -5.02369e-09    7.60000e-01
      2656    4.04508e-02   -2.93893e-02    7.00000e-01
      2657    4.04509e-02    2.93893e-02    7.00000e-01
      2658    2.93893e-02   -4.04509e-02    7.30000e-01
      2659    2.93893e-02    4.04509e-02    7.30000e-01
      2660   -4.75528e-02   -1.54508e-02    9.10000e-01
      2661   -4.75527e-02    1.54511e-02    9.10000e-01
      2662    4.24007e-02   -1.85831e-09    7.00000e-01
      2663    3.13629e-02   -1.64522e-02    7.30000e-01
      2664    3.13629e-02    1.64522e-02    7.30000e-01
      2665   -3.13629e-02   -1.64522e-02    8.80000e-01
      2666   -3.13629e-02    1.64523e-02    8.80000e-01
      2667   -1.69342e-02    6.92193e-09    8.50000e-01
      2668   -1.64522e-02   -3.13629e-02    8.50000e-01
      2669   -1.64522e-02    3.13629e-02    8.50000e-01
      2670   -2.93893e-02   -4.04508e-02    8.80000e-01
      2671   -2.93893e-02    4.04509e-02    8.80000e-01
      2672   -1.54511e-02   -4.75528e-02    8.50000e-01
      2673   -1.54509e-02    4.75528e-02    8.50000e-01
      2674   -4.24007e-02    1.96550e-07    9.10000e-01
      2675    4.75528e-02   -1.54510e-02    7.00000e-01
      2676    4.75528e-02    1.54510e-02    7.00000e-01
      2677   -7.10773e-09    1.69343e-02    8.20000e-01
      2678    3.78368e-10   -1.69343e-02    8.20000e-01
      2679   -1.21821e-07   -4.24008e-02    8.20000e-01
      2680    1.23488e-07    4.24008e-02    8.20000e-01
      2681   -2.75536e-17   -5.00000e-02    8.20000e-01
      2682   -2.14306e-17    5.00000e-02    8.20000e-01
      2683   -4.04508e-02   -2.93893e-02    9.10000e-01
      2684   -4.04508e-02    2.93893e-02    9.10000e-01
      2685    5.00000e-02    0.00000e+00    7.00000e-01
      2686    1.54509e-02   -4.75528e-02    7.90000e-01
      2687    1.54510e-02    4.75528e-02    7.90000e-01
      2688    1.64522e-02   -3.13629e-02    7.90000e-01
      2689    1.64522e-02    3.13629e-02    7.90000e-01
      2690    4.04508e-02   -2.93893e-02    7.30000e-01
      2691    4.04509e-02    2.93893e-02    7.30000e-01
      2692    1.69342e-02   -5.01722e-09    7.90000e-01
      2693    2.93893e-02   -4.04509e-02    7.60000e-01
      2694    2.93893e-02    4.04509e-02    7.60000e-01
      2695    4.24007e-02   -3.24639e-08    7.30000e-01
      2696   -5.00000e-02    0.00000e+00    9.40000e-01
      2697    3.13629e-02   -1.64522e-02    7.60000e-01
      2698    3.13629e-02    1.64522e-02    7.60000e-01
      2699   -4.75528e-02   -1.54508e-02    9.40000e-01
      2700   -4.75527e-02    1.54511e-02    9.40000e-01
      2701   -3.13629e-02   -1.64522e-02    9.10000e-01
      2702   -3.13629e-02    1.64523e-02    9.10000e-01
      2703   -1.69342e-02    6.91696e-09    8.80000e-01
      2704   -1.64523e-02   -3.13629e-02    8.80000e-01
      2705   -1.64522e-02    3.13629e-02    8.80000e-01
      2706    4.75527e-02   -1.54510e-02    7.30000e-01
      2707    4.75528e-02    1.54510e-02    7.30000e-01
      2708   -1.54511e-02   -4.75528e-02    8.80000e-01
      2709   -1.54509e-02    4.75528e-02    8.80000e-01
      2710   -2.93893e-02   -4.04508e-02    9.10000e-01
      2711   -2.93893e-02    4.04509e-02    9.10000e-01
      2712   -7.11337e-09    1.69343e-02    8.50000e-01
      2713    3.83801e-10   -1.69343e-02    8.50000e-01
      2714    5.00000e-02    0.00000e+00    7.30000e-01
      2715   -1.46285e-07   -4.24008e-02    8.50000e-01
      2716    1.47952e-07    4.24008e-02    8.50000e-01
      2717   -4.24007e-02    2.09959e-07    9.40000e-01
      2718   -2.14306e-17    5.00000e-02    8.50000e-01
      2719   -2.75536e-17   -5.00000e-02    8.50000e-01
      2720    4.04508e-02   -2.93893e-02    7.60000e-01
      2721    4.04509e-02    2.93893e-02    7.60000e-01
      2722   -4.04508e-02   -2.93893e-02    9.40000e-01
      2723   -4.04508e-02    2.93893e-02    9.40000e-01
      2724    1.54509e-02   -4.75528e-02    8.20000e-01
      2725    1.54511e-02    4.75528e-02    8.20000e-01
      2726    1.64522e-02   -3.13629e-02    8.20000e-01
      2727    1.64522e-02    3.13629e-02    8.20000e-01
      2728    1.69342e-02   -5.01115e-09    8.20000e-01
      2729    2.93893e-02   -4.04509e-02    7.90000e-01
      2730    2.93893e-02    4.04509e-02    7.90000e-01
      2731    4.24007e-02   -6.24554e-08    7.60000e-01
      2732    3.13629e-02   -1.64522e-02    7.90000e-01
      2733    3.13629e-02    1.64522e-02    7.90000e-01
      2734   -5.00000e-02    0.00000e+00    9.70000e-01
      2735    4.75527e-02   -1.54510e-02    7.60000e-01
      2736    4.75528e-02    1.54509e-02    7.60000e-01
      2737   -4.75528e-02   -1.54508e-02    9.70000e-01
      2738   -4.75527e-02    1.54511e-02    9.70000e-01
      2739   -1.69342e-02    6.91291e-09    9.10000e-01
      2740   -3.13629e-02   -1.64521e-02    9.40000e-01
      2741   -3.13629e-02    1.64523e-02    9.40000e-01
      2742   -1.64523e-02   -3.13629e-02    9.10000e-01
      2743   -1.64522e-02    3.13629e-02    9.10000e-01
      2744    5.00000e-02    0.00000e+00    7.60000e-01
      2745   -1.54511e-02   -4.75528e-02    9.10000e-01
      2746   -1.54509e-02    4.75528e-02    9.10000e-01
      2747   -2.93893e-02   -4.04508e-02    9.40000e-01
      2748   -2.93893e-02    4.04509e-02    9.40000e-01
      2749   -7.11814e-09    1.69343e-02    8.80000e-01
      2750    3.88712e-10   -1.69343e-02    8.80000e-01
      2751   -1.67678e-07   -4.24008e-02    8.80000e-01
      2752    1.69345e-07    4.24008e-02    8.80000e-01
      2753   -2.14306e-17    5.00000e-02    8.80000e-01
      2754   -2.75536e-17   -5.00000e-02    8.80000e-01
      2755    4.04508e-02   -2.93893e-02    7.90000e-01
      2756    4.04509e-02    2.93893e-02    7.90000e-01
      2757   -4.24007e-02    2.11324e-07    9.70000e-01
      2758    1.54509e-02   -4.75528e-02    8.50000e-01
      2759    1.54511e-02    4.75528e-02    8.50000e-01
      2760    2.93893e-02   -4.04509e-02    8.20000e-01
      2761    2.93893e-02    4.04509e-02    8.20000e-01
      2762    4.24007e-02   -9.12186e-08    7.90000e-01
      2763    1.64522e-02   -3.13629e-02    8.50000e-01
      2764    1.64523e-02    3.13629e-02    8.50000e-01
      2765    1.69342e-02   -5.00555e-09    8.50000e-01
      2766   -4.04508e-02   -2.93893e-02    9.70000e-01
      2767   -4.04508e-02    2.93893e-02    9.70000e-01
      2768    3.13629e-02   -1.64523e-02    8.20000e-01
      2769    3.13629e-02    1.64522e-02    8.20000e-01
      2770    4.75527e-02   -1.54510e-02    7.90000e-01
      2771    4.75528e-02    1.54509e-02    7.90000e-01
      2772   -5.00000e-02    0.00000e+00    1.00000e+00
      2773    5.00000e-02    0.00000e+00    7.90000e-01
      2774   -1.69342e-02    6.91000e-09    9.40000e-01
      2775   -4.75528e-02   -1.54508e-02    1.00000e+00
      2776   -4.75528e-02    1.54508e-02    1.00000e+00
      2777   -1.64523e-02   -3.13629e-02    9.40000e-01
      2778   -1.64521e-02    3.13629e-02    9.40000e-01
      2779   -3.13629e-02   -1.64522e-02    9.70000e-01
      2780   -3.13629e-02    1.64523e-02    9.70000e-01
      2781   -1.54511e-02   -4.75528e-02    9.40000e-01
      2782   -1.54509e-02    4.75528e-02    9.40000e-01
      2783    4.04508e-02   -2.93893e-02    8.20000e-01
      2784    4.04509e-02    2.93893e-02    8.20000e-01
      2785   -7.12208e-09    1.69343e-02    9.10000e-01
      2786    3.92787e-10   -1.69343e-02    9.10000e-01
      2787   -1.85386e-07   -4.24008e-02    9.10000e-01
      2788    1.87053e-07    4.24008e-02    9.10000e-01
      2789   -2.75536e-17   -5.00000e-02    9.10000e-01
      2790   -2.14306e-17    5.00000e-02    9.10000e-01
      2791   -2.93893e-02   -4.04508e-02    9.70000e-01
      2792   -2.93893e-02    4.04508e-02    9.70000e-01
      2793    4.24007e-02   -1.18139e-07    8.20000e-01
      2794    1.54509e-02   -4.75528e-02    8.80000e-01
      2795    1.54511e-02    4.75528e-02    8.80000e-01
      2796    2.93893e-02   -4.04509e-02    8.50000e-01
      2797    2.93893e-02    4.04509e-02    8.50000e-01
      2798    1.64522e-02   -3.13629e-02    8.80000e-01
      2799    1.64523e-02    3.13629e-02    8.80000e-01
      2800    1.69342e-02   -5.00075e-09    8.80000e-01
      2801   -4.24009e-02    9.56035e-09    1.00000e+00
      2802    3.13629e-02   -1.64523e-02    8.50000e-01
      2803    3.13629e-02    1.64522e-02    8.50000e-01
      2804   -4.04509e-02   -2.93893e-02    1.00000e+00
      2805   -4.04508e-02    2.93893e-02    1.00000e+00
      2806    4.75527e-02   -1.54510e-02    8.20000e-01
      2807    4.75528e-02    1.54509e-02    8.20000e-01
      2808    5.00000e-02    0.00000e+00    8.20000e-01
      2809   -1.69342e-02    8.02741e-09    9.70000e-01
      2810    4.04508e-02   -2.93893e-02    8.50000e-01
      2811    4.04509e-02    2.93893e-02    8.50000e-01
      2812   -1.64523e-02   -3.13629e-02    9.70000e-01
      2813   -1.64521e-02    3.13629e-02    9.70000e-01
      2814   -3.13630e-02   -1.64523e-02    1.00000e+00
      2815   -3.13630e-02    1.64523e-02    1.00000e+00
      2816   -7.12526e-09    1.69343e-02    9.40000e-01
      2817    3.95677e-10   -1.69343e-02    9.40000e-01
      2818   -1.54511e-02   -4.75528e-02    9.70000e-01
      2819   -1.54509e-02    4.75528e-02    9.70000e-01
      2820    4.24007e-02   -1.42603e-07    8.50000e-01
      2821   -1.98795e-07   -4.24008e-02    9.40000e-01
      2822    2.00462e-07    4.24008e-02    9.40000e-01
      2823   -2.14306e-17    5.00000e-02    9.40000e-01
      2824   -2.75536e-17   -5.00000e-02    9.40000e-01
      2825    2.93893e-02   -4.04509e-02    8.80000e-01
      2826    2.93893e-02    4.04509e-02    8.80000e-01
      2827    1.54509e-02   -4.75528e-02    9.10000e-01
      2828    1.54511e-02    4.75528e-02    9.10000e-01
      2829   -2.93893e-02   -4.04508e-02    1.00000e+00
      2830   -2.93893e-02    4.04508e-02    1.00000e+00
      2831    1.64521e-02   -3.13629e-02    9.10000e-01
      2832    1.64523e-02    3.13629e-02    9.10000e-01
      2833    1.69342e-02   -4.99670e-09    9.10000e-01
      2834    3.13629e-02   -1.64523e-02    8.80000e-01
      2835    3.13629e-02    1.64522e-02    8.80000e-01
      2836    4.75527e-02   -1.54511e-02    8.50000e-01
      2837    4.75528e-02    1.54509e-02    8.50000e-01
      2838    5.00000e-02    0.00000e+00    8.50000e-01
      2839    4.04508e-02   -2.93893e-02    8.80000e-01
      2840    4.04509e-02    2.93893e-02    8.80000e-01
      2841   -1.69342e-02    5.81603e-09    1.00000e+00
      2842    4.24007e-02   -1.63997e-07    8.80000e-01
      2843   -1.64523e-02   -3.13630e-02    1.00000e+00
      2844   -1.64523e-02    3.13630e-02    1.00000e+00
      2845    2.23608e-10    1.69343e-02    9.70000e-01
      2846    7.99167e-09   -1.69343e-02    9.70000e-01
      2847    2.93893e-02   -4.04509e-02    9.10000e-01
      2848    2.93893e-02    4.04509e-02    9.10000e-01
      2849   -2.04210e-07   -4.24008e-02    9.70000e-01
      2850    2.11675e-07    4.24008e-02    9.70000e-01
      2851   -2.75536e-17   -5.00000e-02    9.70000e-01
      2852   -2.14306e-17    5.00000e-02    9.70000e-01
      2853   -1.54509e-02   -4.75528e-02    1.00000e+00
      2854   -1.54509e-02    4.75528e-02    1.00000e+00
      2855    1.54509e-02   -4.75528e-02    9.40000e-01
      2856    1.54511e-02    4.75528e-02    9.40000e-01
      2857    1.64521e-02   -3.13629e-02    9.40000e-01
      2858    1.64523e-02    3.13629e-02    9.40000e-01
      2859    1.69342e-02   -4.99364e-09    9.40000e-01
      2860    3.13629e-02   -1.64523e-02    9.10000e-01
      2861    3.13629e-02    1.64522e-02    9.10000e-01
      2862    4.75527e-02   -1.54511e-02    8.80000e-01
      2863    4.75528e-02    1.54509e-02    8.80000e-01
      2864    5.00000e-02    0.00000e+00    8.80000e-01
      2865    4.04508e-02   -2.93893e-02    9.10000e-01
      2866    4.04509e-02    2.93893e-02    9.10000e-01
      2867    4.24007e-02   -1.81705e-07    9.10000e-01
      2868    2.93893e-02   -4.04509e-02    9.40000e-01
      2869    2.93893e-02    4.04509e-02    9.40000e-01
      2870   -5.45140e-10    1.69343e-02    1.00000e+00
      2871    7.23315e-09   -1.69343e-02    1.00000e+00
      2872   -2.28029e-09   -4.24009e-02    1.00000e+00
      2873    9.97072e-09    4.24009e-02    1.00000e+00
      2874    1.54509e-02   -4.75528e-02    9.70000e-01
      2875    1.54511e-02    4.75528e-02    9.70000e-01
      2876   -2.14306e-17    5.00000e-02    1.00000e+00
      2877   -2.75536e-17   -5.00000e-02    1.00000e+00
      2878    3.13629e-02   -1.64523e-02    9.40000e-01
      2879    3.13629e-02    1.64522e-02    9.40000e-01
      2880    1.64522e-02   -3.13629e-02    9.70000e-01
      2881    1.64523e-02    3.13629e-02    9.70000e-01
      2882    1.69343e-02    1.14975e-08    9.70000e-01
      2883    4.75527e-02   -1.54511e-02    9.10000e-01
      2884    4.75528e-02    1.54509e-02    9.10000e-01
      2885    5.00000e-02    0.00000e+00    9.10000e-01
      2886    4.04508e-02   -2.93893e-02    9.40000e-01
      2887    4.04509e-02    2.93893e-02    9.40000e-01
      2888    4.24007e-02   -1.95114e-07    9.40000e-01
      2889    2.93893e-02    4.04509e-02    9.70000e-01
      2890    2.93893e-02   -4.04508e-02    9.70000e-01
      2891    1.54509e-02    4.75528e-02    1.00000e+00
      2892    1.54509e-02   -4.75528e-02    1.00000e+00
      2893    3.13629e-02   -1.64523e-02    9.70000e-01
      2894    3.13629e-02    1.64522e-02    9.70000e-01
      2895    1.64523e-02    3.13630e-02    1.00000e+00
      2896    1.64523e-02   -3.13630e-02    1.00000e+00
      2897    1.69343e-02    9.31792e-09    1.00000e+00
      2898    4.75527e-02   -1.54511e-02    9.40000e-01
      2899    4.75528e-02    1.54509e-02    9.40000e-01
      2900    5.00000e-02    0.00000e+00    9.40000e-01
      2901    4.04508e-02   -2.93893e-02    9.70000e-01
      2902    4.04509e-02    2.93893e-02    9.70000e-01
      2903    4.24007e-02   -1.72724e-07    9.70000e-01
      2904    2.93893e-02    4.04508e-02    1.00000e+00
      2905    2.93893e-02   -4.04508e-02    1.00000e+00
      2906    3.13630e-02   -1.64523e-02    1.00000e+00
      2907    3.13630e-02    1.64524e-02    1.00000e+00
      2908    4.75527e-02   -1.54511e-02    9.70000e-01
      2909    4.75528e-02    1.54509e-02    9.70000e-01
      2910    5.00000e-02    0.00000e+00    9.70000e-01
      2911    4.04508e-02   -2.93893e-02    1.00000e+00
      2912    4.04509e-02    2.93893e-02    1.00000e+00
      2913    4.24009e-02    2.89043e-08    1.00000e+00
      2914    4.75528e-02   -1.54508e-02    1.00000e+00
      2915    4.75528e-02    1.54509e-02    1.00000e+00
      2916    5.00000e-02    0.00000e+00    1.00000e+00
PROPERTY
         1
1 1.189 1.836E-5 2.567E-5 3.41E-3
BOUNDARY CONDITIONS
      3300
         5 VELOCITY 2 18 0.0 0.0
         4 VELOCITY 2 18 0.0 0.0
         3 VELOCITY 2 18 0.0 0.0
         2 VELOCITY 2 18 0.0 0.0
         1 VELOCITY 2 18 0.0 0.0
        10 VELOCITY 2 18 0.0 0.0
         9 VELOCITY 2 18 0.0 0.0
         8 VELOCITY 2 18 0.0 0.0
         7 VELOCITY 2 18 0.0 0.0
         6 VELOCITY 2 18 0.0 0.0
        15 VELOCITY 2 18 0.0 0.0
        14 VELOCITY 2 18 0.0 0.0
        13 VELOCITY 2 18 0.0 0.0
        12 VELOCITY 2 18 0.0 0.0
        11 VELOCITY 2 18 0.0 0.0
        20 VELOCITY 2 18 0.0 0.0
        19 VELOCITY 2 18 0.0 0.0
        18 VELOCITY 2 18 0.0 0.0
        17 VELOCITY 2 18 0.0 0.0
        16 VELOCITY 2 18 0.0 0.0
        25 VELOCITY 2 18 0.0 0.0
        24 VELOCITY 2 18 0.0 0.0
        23 VELOCITY 2 18 0.0 0.0
        22 VELOCITY 2 18 0.0 0.0
        21 VELOCITY 2 18 0.0 0.0
         1 VELOCITY 5 0 0.0 0.0
         2 VELOCITY 5 0 0.0 0.0
         3 VELOCITY 5 0 0.0 0.0
         4 VELOCITY 5 0 0.0 0.0
         5 VELOCITY 5 0 0.0 0.0
        26 VELOCITY 5 0 0.0 0.0
        27 VELOCITY 5 0 0.0 0.0
        28 VELOCITY 5 0 0.0 0.0
        29 VELOCITY 5 0 0.0 0.0
        30 VELOCITY 5 0 0.0 0.0
        51 VELOCITY 5 0 0.0 0.0
        52 VELOCITY 5 0 0.0 0.0
        53 VELOCITY 5 0 0.0 0.0
        54 VELOCITY 5 0 0.0 0.0
        55 VELOCITY 5 0 0.0 0.0
        76 VELOCITY 5 0 0.0 0.0
        77 VELOCITY 5 0 0.0 0.0
        78 VELOCITY 5 0 0.0 0.0
        79 VELOCITY 5 0 0.0 0.0
        80 VELOCITY 5 0 0.0 0.0
       101 VELOCITY 5 0 0.0 0.0
       102 VELOCITY 5 0 0.0 0.0
       103 VELOCITY 5 0 0.0 0.0
       104 VELOCITY 5 0 0.0 0.0
       105 VELOCITY 5 0 0.0 0.0
       126 VELOCITY 5 0 0.0 0.0
       127 VELOCITY 5 0 0.0 0.0
       128 VELOCITY 5 0 0.0 0.0
       129 VELOCITY 5 0 0.0 0.0
       130 VELOCITY 5 0 0.0 0.0
       151 VELOCITY 5 0 0.0 0.0
       152 VELOCITY 5 0 0.0 0.0
       153 VELOCITY 5 0 0.0 0.0
       154 VELOCITY 5 0 0.0 0.0
       155 VELOCITY 5 0 0.0 0.0
       176 VELOCITY 5 0 0.0 0.0
       177 VELOCITY 5 0 0.0 0.0
       178 VELOCITY 5 0 0.0 0.0
       179 VELOCITY 5 0 0.0 0.0
       180 VELOCITY 5 0 0.0 0.0
       201 VELOCITY 5 0 0.0 0.0
       202 VELOCITY 5 0 0.0 0.0
       203 VELOCITY 5 0 0.0 0.0
       204 VELOCITY 5 0 0.0 0.0
       205 VELOCITY 5 0 0.0 0.0
       226 VELOCITY 5 0 0.0 0.0
       227 VELOCITY 5 0 0.0 0.0
       228 VELOCITY 5 0 0.0 0.0
       229 VELOCITY 5 0 0.0 0.0
       230 VELOCITY 5 0 0.0 0.0
       251 VELOCITY 5 0 0.0 0.0
       252 VELOCITY 5 0 0.0 0.0
       253 VELOCITY 5 0 0.0 0.0
       254 VELOCITY 5 0 0.0 0.0
       255 VELOCITY 5 0 0.0 0.0
       276 VELOCITY 5 0 0.0 0.0
       277 VELOCITY 5 0 0.0 0.0
       278 VELOCITY 5 0 0.0 0.0
       279 VELOCITY 5 0 0.0 0.0
       280 VELOCITY 5 0 0.0 0.0
       301 VELOCITY 5 0 0.0 0.0
       302 VELOCITY 5 0 0.0 0.0
       303 VELOCITY 5 0 0.0 0.0
       304 VELOCITY 5 0 0.0 0.0
       305 VELOCITY 5 0 0.0 0.0
       326 VELOCITY 5 0 0.0 0.0
       327 VELOCITY 5 0 0.0 0.0
       328 VELOCITY 5 0 0.0 0.0
       329 VELOCITY 5 0 0.0 0.0
       330 VELOCITY 5 0 0.0 0.0
       351 VELOCITY 5 0 0.0 0.0
       352 VELOCITY 5 0 0.0 0.0
       353 VELOCITY 5 0 0.0 0.0
       354 VELOCITY 5 0 0.0 0.0
       355 VELOCITY 5 0 0.0 0.0
       376 VELOCITY 5 0 0.0 0.0
       377 VELOCITY 5 0 0.0 0.0
       378 VELOCITY 5 0 0.0 0.0
       379 VELOCITY 5 0 0.0 0.0
       380 VELOCITY 5 0 0.0 0.0
       401 VELOCITY 5 0 0.0 0.0
       402 VELOCITY 5 0 0.0 0.0
       403 VELOCITY 5 0 0.0 0.0
       404 VELOCITY 5 0 0.0 0.0
       405 VELOCITY 5 0 0.0 0.0
       426 VELOCITY 5 0 0.0 0.0
       427 VELOCITY 5 0 0.0 0.0
       428 VELOCITY 5 0 0.0 0.0
       429 VELOCITY 5 0 0.0 0.0
       430 VELOCITY 5 0 0.0 0.0
       451 VELOCITY 5 0 0.0 0.0
       452 VELOCITY 5 0 0.0 0.0
       453 VELOCITY 5 0 0.0 0.0
       454 VELOCITY 5 0 0.0 0.0
       455 VELOCITY 5 0 0.0 0.0
       476 VELOCITY 5 0 0.0 0.0
       477 VELOCITY 5 0 0.0 0.0
       478 VELOCITY 5 0 0.0 0.0
       479 VELOCITY 5 0 0.0 0.0
       480 VELOCITY 5 0 0.0 0.0
       501 VELOCITY 5 0 0.0 0.0
       502 VELOCITY 5 0 0.0 0.0
       503 VELOCITY 5 0 0.0 0.0
       504 VELOCITY 5 0 0.0 0.0
       505 VELOCITY 5 0 0.0 0.0
       526 VELOCITY 5 0 0.0 0.0
       527 VELOCITY 5 0 0.0 0.0
       528 VELOCITY 5 0 0.0 0.0
       529 VELOCITY 5 0 0.0 0.0
       530 VELOCITY 5 0 0.0 0.0
       551 VELOCITY 5 0 0.0 0.0
       552 VELOCITY 5 0 0.0 0.0
       553 VELOCITY 5 0 0.0 0.0
       554 VELOCITY 5 0 0.0 0.0
       555 VELOCITY 5 0 0.0 0.0
       576 VELOCITY 5 0 0.0 0.0
       577 VELOCITY 5 0 0.0 0.0
       578 VELOCITY 5 0 0.0 0.0
       579 VELOCITY 5 0 0.0 0.0
       580 VELOCITY 5 0 0.0 0.0
       601 VELOCITY 5 0 0.0 0.0
       602 VELOCITY 5 0 0.0 0.0
       603 VELOCITY 5 0 0.0 0.0
       604 VELOCITY 5 0 0.0 0.0
       605 VELOCITY 5 0 0.0 0.0
       626 VELOCITY 5 0 0.0 0.0
       627 VELOCITY 5 0 0.0 0.0
       628 VELOCITY 5 0 0.0 0.0
       629 VELOCITY 5 0 0.0 0.0
       630 VELOCITY 5 0 0.0 0.0
       651 VELOCITY 5 0 0.0 0.0
       652 VELOCITY 5 0 0.0 0.0
       653 VELOCITY 5 0 0.0 0.0
       654 VELOCITY 5 0 0.0 0.0
       655 VELOCITY 5 0 0.0 0.0
       676 VELOCITY 5 0 0.0 0.0
       677 VELOCITY 5 0 0.0 0.0
       678 VELOCITY 5 0 0.0 0.0
       679 VELOCITY 5 0 0.0 0.0
       680 VELOCITY 5 0 0.0 0.0
       701 VELOCITY 5 0 0.0 0.0
       702 VELOCITY 5 0 0.0 0.0
       703 VELOCITY 5 0 0.0 0.0
       704 VELOCITY 5 0 0.0 0.0
       705 VELOCITY 5 0 0.0 0.0
       726 VELOCITY 5 0 0.0 0.0
       727 VELOCITY 5 0 0.0 0.0
       728 VELOCITY 5 0 0.0 0.0
       729 VELOCITY 5 0 0.0 0.0
       730 VELOCITY 5 0 0.0 0.0
       751 VELOCITY 5 0 0.0 0.0
       752 VELOCITY 5 0 0.0 0.0
       753 VELOCITY 5 0 0.0 0.0
       754 VELOCITY 5 0 0.0 0.0
       755 VELOCITY 5 0 0.0 0.0
       776 VELOCITY 5 0 0.0 0.0
       777 VELOCITY 5 0 0.0 0.0
       778 VELOCITY 5 0 0.0 0.0
       779 VELOCITY 5 0 0.0 0.0
       780 VELOCITY 5 0 0.0 0.0
       801 VELOCITY 5 0 0.0 0.0
       802 VELOCITY 5 0 0.0 0.0
       803 VELOCITY 5 0 0.0 0.0
       804 VELOCITY 5 0 0.0 0.0
       805 VELOCITY 5 0 0.0 0.0
       826 VELOCITY 5 0 0.0 0.0
       827 VELOCITY 5 0 0.0 0.0
       828 VELOCITY 5 0 0.0 0.0
       829 VELOCITY 5 0 0.0 0.0
       830 VELOCITY 5 0 0.0 0.0
       851 VELOCITY 5 0 0.0 0.0
       852 VELOCITY 5 0 0.0 0.0
       853 VELOCITY 5 0 0.0 0.0
       854 VELOCITY 5 0 0.0 0.0
       855 VELOCITY 5 0 0.0 0.0
       876 VELOCITY 5 0 0.0 0.0
       877 VELOCITY 5 0 0.0 0.0
       878 VELOCITY 5 0 0.0 0.0
       879 VELOCITY 5 0 0.0 0.0
       880 VELOCITY 5 0 0.0 0.0
       901 VELOCITY 5 0 0.0 0.0
       902 VELOCITY 5 0 0.0 0.0
       903 VELOCITY 5 0 0.0 0.0
       904 VELOCITY 5 0 0.0 0.0
       905 VELOCITY 5 0 0.0 0.0
       926 VELOCITY 5 0 0.0 0.0
       927 VELOCITY 5 0 0.0 0.0
       928 VELOCITY 5 0 0.0 0.0
       929 VELOCITY 5 0 0.0 0.0
       930 VELOCITY 5 0 0.0 0.0
       951 VELOCITY 5 0 0.0 0.0
       952 VELOCITY 5 0 0.0 0.0
       953 VELOCITY 5 0 0.0 0.0
       954 VELOCITY 5 0 0.0 0.0
       955 VELOCITY 5 0 0.0 0.0
       976 VELOCITY 5 0 0.0 0.0
       977 VELOCITY 5 0 0.0 0.0
       978 VELOCITY 5 0 0.0 0.0
       979 VELOCITY 5 0 0.0 0.0
       980 VELOCITY 5 0 0.0 0.0
         5 VELOCITY 6 0 0.0 0.0
        10 VELOCITY 6 0 0.0 0.0
        15 VELOCITY 6 0 0.0 0.0
        20 VELOCITY 6 0 0.0 0.0
        25 VELOCITY 6 0 0.0 0.0
        30 VELOCITY 6 0 0.0 0.0
        35 VELOCITY 6 0 0.0 0.0
        40 VELOCITY 6 0 0.0 0.0
        45 VELOCITY 6 0 0.0 0.0
        50 VELOCITY 6 0 0.0 0.0
        55 VELOCITY 6 0 0.0 0.0
        60 VELOCITY 6 0 0.0 0.0
        65 VELOCITY 6 0 0.0 0.0
        70 VELOCITY 6 0 0.0 0.0
        75 VELOCITY 6 0 0.0 0.0
        80 VELOCITY 6 0 0.0 0.0
        85 VELOCITY 6 0 0.0 0.0
        90 VELOCITY 6 0 0.0 0.0
        95 VELOCITY 6 0 0.0 0.0
       100 VELOCITY 6 0 0.0 0.0
       105 VELOCITY 6 0 0.0 0.0
       110 VELOCITY 6 0 0.0 0.0
       115 VELOCITY 6 0 0.0 0.0
       120 VELOCITY 6 0 0.0 0.0
       125 VELOCITY 6 0 0.0 0.0
       130 VELOCITY 6 0 0.0 0.0
       135 VELOCITY 6 0 0.0 0.0
       140 VELOCITY 6 0 0.0 0.0
       145 VELOCITY 6 0 0.0 0.0
       150 VELOCITY 6 0 0.0 0.0
       155 VELOCITY 6 0 0.0 0.0
       160 VELOCITY 6 0 0.0 0.0
       165 VELOCITY 6 0 0.0 0.0
       170 VELOCITY 6 0 0.0 0.0
       175 VELOCITY 6 0 0.0 0.0
       180 VELOCITY 6 0 0.0 0.0
       185 VELOCITY 6 0 0.0 0.0
       190 VELOCITY 6 0 0.0 0.0
       195 VELOCITY 6 0 0.0 0.0
       200 VELOCITY 6 0 0.0 0.0
       205 VELOCITY 6 0 0.0 0.0
       210 VELOCITY 6 0 0.0 0.0
       215 VELOCITY 6 0 0.0 0.0
       220 VELOCITY 6 0 0.0 0.0
       225 VELOCITY 6 0 0.0 0.0
       230 VELOCITY 6 0 0.0 0.0
       235 VELOCITY 6 0 0.0 0.0
       240 VELOCITY 6 0 0.0 0.0
       245 VELOCITY 6 0 0.0 0.0
       250 VELOCITY 6 0 0.0 0.0
       255 VELOCITY 6 0 0.0 0.0
       260 VELOCITY 6 0 0.0 0.0
       265 VELOCITY 6 0 0.0 0.0
       270 VELOCITY 6 0 0.0 0.0
       275 VELOCITY 6 0 0.0 0.0
       280 VELOCITY 6 0 0.0 0.0
       285 VELOCITY 6 0 0.0 0.0
       290 VELOCITY 6 0 0.0 0.0
       295 VELOCITY 6 0 0.0 0.0
       300 VELOCITY 6 0 0.0 0.0
       305 VELOCITY 6 0 0.0 0.0
       310 VELOCITY 6 0 0.0 0.0
       315 VELOCITY 6 0 0.0 0.0
       320 VELOCITY 6 0 0.0 0.0
       325 VELOCITY 6 0 0.0 0.0
       330 VELOCITY 6 0 0.0 0.0
       335 VELOCITY 6 0 0.0 0.0
       340 VELOCITY 6 0 0.0 0.0
       345 VELOCITY 6 0 0.0 0.0
       350 VELOCITY 6 0 0.0 0.0
       355 VELOCITY 6 0 0.0 0.0
       360 VELOCITY 6 0 0.0 0.0
       365 VELOCITY 6 0 0.0 0.0
       370 VELOCITY 6 0 0.0 0.0
       375 VELOCITY 6 0 0.0 0.0
       380 VELOCITY 6 0 0.0 0.0
       385 VELOCITY 6 0 0.0 0.0
       390 VELOCITY 6 0 0.0 0.0
       395 VELOCITY 6 0 0.0 0.0
       400 VELOCITY 6 0 0.0 0.0
       405 VELOCITY 6 0 0.0 0.0
       410 VELOCITY 6 0 0.0 0.0
       415 VELOCITY 6 0 0.0 0.0
       420 VELOCITY 6 0 0.0 0.0
       425 VELOCITY 6 0 0.0 0.0
       430 VELOCITY 6 0 0.0 0.0
       435 VELOCITY 6 0 0.0 0.0
       440 VELOCITY 6 0 0.0 0.0
       445 VELOCITY 6 0 0.0 0.0
       450 VELOCITY 6 0 0.0 0.0
       455 VELOCITY 6 0 0.0 0.0
       460 VELOCITY 6 0 0.0 0.0
       465 VELOCITY 6 0 0.0 0.0
       470 VELOCITY 6 0 0.0 0.0
       475 VELOCITY 6 0 0.0 0.0
       480 VELOCITY 6 0 0.0 0.0
       485 VELOCITY 6 0 0.0 0.0
       490 VELOCITY 6 0 0.0 0.0
       495 VELOCITY 6 0 0.0 0.0
       500 VELOCITY 6 0 0.0 0.0
       505 VELOCITY 6 0 0.0 0.0
       510 VELOCITY 6 0 0.0 0.0
       515 VELOCITY 6 0 0.0 0.0
       520 VELOCITY 6 0 0.0 0.0
       525 VELOCITY 6 0 0.0 0.0
       530 VELOCITY 6 0 0.0 0.0
       535 VELOCITY 6 0 0.0 0.0
       540 VELOCITY 6 0 0.0 0.0
       545 VELOCITY 6 0 0.0 0.0
       550 VELOCITY 6 0 0.0 0.0
       555 VELOCITY 6 0 0.0 0.0
       560 VELOCITY 6 0 0.0 0.0
       565 VELOCITY 6 0 0.0 0.0
       570 VELOCITY 6 0 0.0 0.0
       575 VELOCITY 6 0 0.0 0.0
       580 VELOCITY 6 0 0.0 0.0
       585 VELOCITY 6 0 0.0 0.0
       590 VELOCITY 6 0 0.0 0.0
       595 VELOCITY 6 0 0.0 0.0
       600 VELOCITY 6 0 0.0 0.0
       605 VELOCITY 6 0 0.0 0.0
       610 VELOCITY 6 0 0.0 0.0
       615 VELOCITY 6 0 0.0 0.0
       620 VELOCITY 6 0 0.0 0.0
       625 VELOCITY 6 0 0.0 0.0
       630 VELOCITY 6 0 0.0 0.0
       635 VELOCITY 6 0 0.0 0.0
       640 VELOCITY 6 0 0.0 0.0
       645 VELOCITY 6 0 0.0 0.0
       650 VELOCITY 6 0 0.0 0.0
       655 VELOCITY 6 0 0.0 0.0
       660 VELOCITY 6 0 0.0 0.0
       665 VELOCITY 6 0 0.0 0.0
       670 VELOCITY 6 0 0.0 0.0
       675 VELOCITY 6 0 0.0 0.0
       680 VELOCITY 6 0 0.0 0.0
       685 VELOCITY 6 0 0.0 0.0
       690 VELOCITY 6 0 0.0 0.0
       695 VELOCITY 6 0 0.0 0.0
       700 VELOCITY 6 0 0.0 0.0
       705 VELOCITY 6 0 0.0 0.0
       710 VELOCITY 6 0 0.0 0.0
       715 VELOCITY 6 0 0.0 0.0
       720 VELOCITY 6 0 0.0 0.0
       725 VELOCITY 6 0 0.0 0.0
       730 VELOCITY 6 0 0.0 0.0
       735 VELOCITY 6 0 0.0 0.0
       740 VELOCITY 6 0 0.0 0.0
       745 VELOCITY 6 0 0.0 0.0
       750 VELOCITY 6 0 0.0 0.0
       755 VELOCITY 6 0 0.0 0.0
       760 VELOCITY 6 0 0.0 0.0
       765 VELOCITY 6 0 0.0 0.0
       770 VELOCITY 6 0 0.0 0.0
       775 VELOCITY 6 0 0.0 0.0
       780 VELOCITY 6 0 0.0 0.0
       785 VELOCITY 6 0 0.0 0.0
       790 VELOCITY 6 0 0.0 0.0
       795 VELOCITY 6 0 0.0 0.0
       800 VELOCITY 6 0 0.0 0.0
       805 VELOCITY 6 0 0.0 0.0
       810 VELOCITY 6 0 0.0 0.0
       815 VELOCITY 6 0 0.0 0.0
       820 VELOCITY 6 0 0.0 0.0
       825 VELOCITY 6 0 0.0 0.0
       830 VELOCITY 6 0 0.0 0.0
       835 VELOCITY 6 0 0.0 0.0
       840 VELOCITY 6 0 0.0 0.0
       845 VELOCITY 6 0 0.0 0.0
       850 VELOCITY 6 0 0.0 0.0
       855 VELOCITY 6 0 0.0 0.0
       860 VELOCITY 6 0 0.0 0.0
       865 VELOCITY 6 0 0.0 0.0
       870 VELOCITY 6 0 0.0 0.0
       875 VELOCITY 6 0 0.0 0.0
       880 VELOCITY 6 0 0.0 0.0
       885 VELOCITY 6 0 0.0 0.0
       890 VELOCITY 6 0 0.0 0.0
       895 VELOCITY 6 0 0.0 0.0
       900 VELOCITY 6 0 0.0 0.0
       905 VELOCITY 6 0 0.0 0.0
       910 VELOCITY 6 0 0.0 0.0
       915 VELOCITY 6 0 0.0 0.0
       920 VELOCITY 6 0 0.0 0.0
       925 VELOCITY 6 0 0.0 0.0
       930 VELOCITY 6 0 0.0 0.0
       935 VELOCITY 6 0 0.0 0.0
       940 VELOCITY 6 0 0.0 0.0
       945 VELOCITY 6 0 0.0 0.0
       950 VELOCITY 6 0 0.0 0.0
       955 VELOCITY 6 0 0.0 0.0
       960 VELOCITY 6 0 0.0 0.0
       965 VELOCITY 6 0 0.0 0.0
       970 VELOCITY 6 0 0.0 0.0
       975 VELOCITY 6 0 0.0 0.0
       980 VELOCITY 6 0 0.0 0.0
       985 VELOCITY 6 0 0.0 0.0
       990 VELOCITY 6 0 0.0 0.0
       995 VELOCITY 6 0 0.0 0.0
      1000 VELOCITY 6 0 0.0 0.0
        25 VELOCITY 3 0 0.0 0.0
        24 VELOCITY 3 0 0.0 0.0
        23 VELOCITY 3 0 0.0 0.0
        22 VELOCITY 3 0 0.0 0.0
        21 VELOCITY 3 0 0.0 0.0
        50 VELOCITY 3 0 0.0 0.0
        49 VELOCITY 3 0 0.0 0.0
        48 VELOCITY 3 0 0.0 0.0
        47 VELOCITY 3 0 0.0 0.0
        46 VELOCITY 3 0 0.0 0.0
        75 VELOCITY 3 0 0.0 0.0
        74 VELOCITY 3 0 0.0 0.0
        73 VELOCITY 3 0 0.0 0.0
        72 VELOCITY 3 0 0.0 0.0
        71 VELOCITY 3 0 0.0 0.0
       100 VELOCITY 3 0 0.0 0.0
        99 VELOCITY 3 0 0.0 0.0
        98 VELOCITY 3 0 0.0 0.0
        97 VELOCITY 3 0 0.0 0.0
        96 VELOCITY 3 0 0.0 0.0
       125 VELOCITY 3 0 0.0 0.0
       124 VELOCITY 3 0 0.0 0.0
       123 VELOCITY 3 0 0.0 0.0
       122 VELOCITY 3 0 0.0 0.0
       121 VELOCITY 3 0 0.0 0.0
       150 VELOCITY 3 0 0.0 0.0
       149 VELOCITY 3 0 0.0 0.0
       148 VELOCITY 3 0 0.0 0.0
       147 VELOCITY 3 0 0.0 0.0
       146 VELOCITY 3 0 0.0 0.0
       175 VELOCITY 3 0 0.0 0.0
       174 VELOCITY 3 0 0.0 0.0
       173 VELOCITY 3 0 0.0 0.0
       172 VELOCITY 3 0 0.0 0.0
       171 VELOCITY 3 0 0.0 0.0
       200 VELOCITY 3 0 0.0 0.0
       199 VELOCITY 3 0 0.0 0.0
       198 VELOCITY 3 0 0.0 0.0
       197 VELOCITY 3 0 0.0 0.0
       196 VELOCITY 3 0 0.0 0.0
       225 VELOCITY 3 0 0.0 0.0
       224 VELOCITY 3 0 0.0 0.0
       223 VELOCITY 3 0 0.0 0.0
       222 VELOCITY 3 0 0.0 0.0
       221 VELOCITY 3 0 0.0 0.0
       250 VELOCITY 3 0 0.0 0.0
       249 VELOCITY 3 0 0.0 0.0
       248 VELOCITY 3 0 0.0 0.0
       247 VELOCITY 3 0 0.0 0.0
       246 VELOCITY 3 0 0.0 0.0
       275 VELOCITY 3 0 0.0 0.0
       274 VELOCITY 3 0 0.0 0.0
       273 VELOCITY 3 0 0.0 0.0
       272 VELOCITY 3 0 0.0 0.0
       271 VELOCITY 3 0 0.0 0.0
       300 VELOCITY 3 0 0.0 0.0
       299 VELOCITY 3 0 0.0 0.0
       298 VELOCITY 3 0 0.0 0.0
       297 VELOCITY 3 0 0.0 0.0
       296 VELOCITY 3 0 0.0 0.0
       325 VELOCITY 3 0 0.0 0.0
       324 VELOCITY 3 0 0.0 0.0
       323 VELOCITY 3 0 0.0 0.0
       322 VELOCITY 3 0 0.0 0.0
       321 VELOCITY 3 0 0.0 0.0
       350 VELOCITY 3 0 0.0 0.0
       349 VELOCITY 3 0 0.0 0.0
       348 VELOCITY 3 0 0.0 0.0
       347 VELOCITY 3 0 0.0 0.0
       346 VELOCITY 3 0 0.0 0.0
       375 VELOCITY 3 0 0.0 0.0
       374 VELOCITY 3 0 0.0 0.0
       373 VELOCITY 3 0 0.0 0.0
       372 VELOCITY 3 0 0.0 0.0
       371 VELOCITY 3 0 0.0 0.0
       400 VELOCITY 3 0 0.0 0.0
       399 VELOCITY 3 0 0.0 0.0
       398 VELOCITY 3 0 0.0 0.0
       397 VELOCITY 3 0 0.0 0.0
       396 VELOCITY 3 0 0.0 0.0
       425 VELOCITY 3 0 0.0 0.0
       424 VELOCITY 3 0 0.0 0.0
       423 VELOCITY 3 0 0.0 0.0
       422 VELOCITY 3 0 0.0 0.0
       421 VELOCITY 3 0 0.0 0.0
       450 VELOCITY 3 0 0.0 0.0
       449 VELOCITY 3 0 0.0 0.0
       448 VELOCITY 3 0 0.0 0.0
       447 VELOCITY 3 0 0.0 0.0
       446 VELOCITY 3 0 0.0 0.0
       475 VELOCITY 3 0 0.0 0.0
       474 VELOCITY 3 0 0.0 0.0
       473 VELOCITY 3 0 0.0 0.0
       472 VELOCITY 3 0 0.0 0.0
       471 VELOCITY 3 0 0.0 0.0
       500 VELOCITY 3 0 0.0 0.0
       499 VELOCITY 3 0 0.0 0.0
       498 VELOCITY 3 0 0.0 0.0
       497 VELOCITY 3 0 0.0 0.0
       496 VELOCITY 3 0 0.0 0.0
       525 VELOCITY 3 0 0.0 0.0
       524 VELOCITY 3 0 0.0 0.0
       523 VELOCITY 3 0 0.0 0.0
       522 VELOCITY 3 0 0.0 0.0
       521 VELOCITY 3 0 0.0 0.0
       550 VELOCITY 3 0 0.0 0.0
       549 VELOCITY 3 0 0.0 0.0
       548 VELOCITY 3 0 0.0 0.0
       547 VELOCITY 3 0 0.0 0.0
       546 VELOCITY 3 0 0.0 0.0
       575 VELOCITY 3 0 0.0 0.0
       574 VELOCITY 3 0 0.0 0.0
       573 VELOCITY 3 0 0.0 0.0
       572 VELOCITY 3 0 0.0 0.0
       571 VELOCITY 3 0 0.0 0.0
       600 VELOCITY 3 0 0.0 0.0
       599 VELOCITY 3 0 0.0 0.0
       598 VELOCITY 3 0 0.0 0.0
       597 VELOCITY 3 0 0.0 0.0
       596 VELOCITY 3 0 0.0 0.0
       625 VELOCITY 3 0 0.0 0.0
       624 VELOCITY 3 0 0.0 0.0
       623 VELOCITY 3 0 0.0 0.0
       622 VELOCITY 3 0 0.0 0.0
       621 VELOCITY 3 0 0.0 0.0
       650 VELOCITY 3 0 0.0 0.0
       649 VELOCITY 3 0 0.0 0.0
       648 VELOCITY 3 0 0.0 0.0
       647 VELOCITY 3 0 0.0 0.0
       646 VELOCITY 3 0 0.0 0.0
       675 VELOCITY 3 0 0.0 0.0
       674 VELOCITY 3 0 0.0 0.0
       673 VELOCITY 3 0 0.0 0.0
       672 VELOCITY 3 0 0.0 0.0
       671 VELOCITY 3 0 0.0 0.0
       700 VELOCITY 3 0 0.0 0.0
       699 VELOCITY 3 0 0.0 0.0
       698 VELOCITY 3 0 0.0 0.0
       697 VELOCITY 3 0 0.0 0.0
       696 VELOCITY 3 0 0.0 0.0
       725 VELOCITY 3 0 0.0 0.0
       724 VELOCITY 3 0 0.0 0.0
       723 VELOCITY 3 0 0.0 0.0
       722 VELOCITY 3 0 0.0 0.0
       721 VELOCITY 3 0 0.0 0.0
       750 VELOCITY 3 0 0.0 0.0
       749 VELOCITY 3 0 0.0 0.0
       748 VELOCITY 3 0 0.0 0.0
       747 VELOCITY 3 0 0.0 0.0
       746 VELOCITY 3 0 0.0 0.0
       775 VELOCITY 3 0 0.0 0.0
       774 VELOCITY 3 0 0.0 0.0
       773 VELOCITY 3 0 0.0 0.0
       772 VELOCITY 3 0 0.0 0.0
       771 VELOCITY 3 0 0.0 0.0
       800 VELOCITY 3 0 0.0 0.0
       799 VELOCITY 3 0 0.0 0.0
       798 VELOCITY 3 0 0.0 0.0
       797 VELOCITY 3 0 0.0 0.0
       796 VELOCITY 3 0 0.0 0.0
       825 VELOCITY 3 0 0.0 0.0
       824 VELOCITY 3 0 0.0 0.0
       823 VELOCITY 3 0 0.0 0.0
       822 VELOCITY 3 0 0.0 0.0
       821 VELOCITY 3 0 0.0 0.0
       850 VELOCITY 3 0 0.0 0.0
       849 VELOCITY 3 0 0.0 0.0
       848 VELOCITY 3 0 0.0 0.0
       847 VELOCITY 3 0 0.0 0.0
       846 VELOCITY 3 0 0.0 0.0
       875 VELOCITY 3 0 0.0 0.0
       874 VELOCITY 3 0 0.0 0.0
       873 VELOCITY 3 0 0.0 0.0
       872 VELOCITY 3 0 0.0 0.0
       871 VELOCITY 3 0 0.0 0.0
       900 VELOCITY 3 0 0.0 0.0
       899 VELOCITY 3 0 0.0 0.0
       898 VELOCITY 3 0 0.0 0.0
       897 VELOCITY 3 0 0.0 0.0
       896 VELOCITY 3 0 0.0 0.0
       925 VELOCITY 3 0 0.0 0.0
       924 VELOCITY 3 0 0.0 0.0
       923 VELOCITY 3 0 0.0 0.0
       922 VELOCITY 3 0 0.0 0.0
       921 VELOCITY 3 0 0.0 0.0
       950 VELOCITY 3 0 0.0 0.0
       949 VELOCITY 3 0 0.0 0.0
       948 VELOCITY 3 0 0.0 0.0
       947 VELOCITY 3 0 0.0 0.0
       946 VELOCITY 3 0 0.0 0.0
       975 VELOCITY 3 0 0.0 0.0
       974 VELOCITY 3 0 0.0 0.0
       973 VELOCITY 3 0 0.0 0.0
       972 VELOCITY 3 0 0.0 0.0
       971 VELOCITY 3 0 0.0 0.0
      1000 VELOCITY 3 0 0.0 0.0
       999 VELOCITY 3 0 0.0 0.0
       998 VELOCITY 3 0 0.0 0.0
       997 VELOCITY 3 0 0.0 0.0
       996 VELOCITY 3 0 0.0 0.0
        21 VELOCITY 4 0 0.0 0.0
        16 VELOCITY 4 0 0.0 0.0
        11 VELOCITY 4 0 0.0 0.0
         6 VELOCITY 4 0 0.0 0.0
         1 VELOCITY 4 0 0.0 0.0
        46 VELOCITY 4 0 0.0 0.0
        41 VELOCITY 4 0 0.0 0.0
        36 VELOCITY 4 0 0.0 0.0
        31 VELOCITY 4 0 0.0 0.0
        26 VELOCITY 4 0 0.0 0.0
        71 VELOCITY 4 0 0.0 0.0
        66 VELOCITY 4 0 0.0 0.0
        61 VELOCITY 4 0 0.0 0.0
        56 VELOCITY 4 0 0.0 0.0
        51 VELOCITY 4 0 0.0 0.0
        96 VELOCITY 4 0 0.0 0.0
        91 VELOCITY 4 0 0.0 0.0
        86 VELOCITY 4 0 0.0 0.0
        81 VELOCITY 4 0 0.0 0.0
        76 VELOCITY 4 0 0.0 0.0
       121 VELOCITY 4 0 0.0 0.0
       116 VELOCITY 4 0 0.0 0.0
       111 VELOCITY 4 0 0.0 0.0
       106 VELOCITY 4 0 0.0 0.0
       101 VELOCITY 4 0 0.0 0.0
       146 VELOCITY 4 0 0.0 0.0
       141 VELOCITY 4 0 0.0 0.0
       136 VELOCITY 4 0 0.0 0.0
       131 VELOCITY 4 0 0.0 0.0
       126 VELOCITY 4 0 0.0 0.0
       171 VELOCITY 4 0 0.0 0.0
       166 VELOCITY 4 0 0.0 0.0
       161 VELOCITY 4 0 0.0 0.0
       156 VELOCITY 4 0 0.0 0.0
       151 VELOCITY 4 0 0.0 0.0
       196 VELOCITY 4 0 0.0 0.0
       191 VELOCITY 4 0 0.0 0.0
       186 VELOCITY 4 0 0.0 0.0
       181 VELOCITY 4 0 0.0 0.0
       176 VELOCITY 4 0 0.0 0.0
       221 VELOCITY 4 0 0.0 0.0
       216 VELOCITY 4 0 0.0 0.0
       211 VELOCITY 4 0 0.0 0.0
       206 VELOCITY 4 0 0.0 0.0
       201 VELOCITY 4 0 0.0 0.0
       246 VELOCITY 4 0 0.0 0.0
       241 VELOCITY 4 0 0.0 0.0
       236 VELOCITY 4 0 0.0 0.0
       231 VELOCITY 4 0 0.0 0.0
       226 VELOCITY 4 0 0.0 0.0
       271 VELOCITY 4 0 0.0 0.0
       266 VELOCITY 4 0 0.0 0.0
       261 VELOCITY 4 0 0.0 0.0
       256 VELOCITY 4 0 0.0 0.0
       251 VELOCITY 4 0 0.0 0.0
       296 VELOCITY 4 0 0.0 0.0
       291 VELOCITY 4 0 0.0 0.0
       286 VELOCITY 4 0 0.0 0.0
       281 VELOCITY 4 0 0.0 0.0
       276 VELOCITY 4 0 0.0 0.0
       321 VELOCITY 4 0 0.0 0.0
       316 VELOCITY 4 0 0.0 0.0
       311 VELOCITY 4 0 0.0 0.0
       306 VELOCITY 4 0 0.0 0.0
       301 VELOCITY 4 0 0.0 0.0
       346 VELOCITY 4 0 0.0 0.0
       341 VELOCITY 4 0 0.0 0.0
       336 VELOCITY 4 0 0.0 0.0
       331 VELOCITY 4 0 0.0 0.0
       326 VELOCITY 4 0 0.0 0.0
       371 VELOCITY 4 0 0.0 0.0
       366 VELOCITY 4 0 0.0 0.0
       361 VELOCITY 4 0 0.0 0.0
       356 VELOCITY 4 0 0.0 0.0
       351 VELOCITY 4 0 0.0 0.0
       396 VELOCITY 4 0 0.0 0.0
       391 VELOCITY 4 0 0.0 0.0
       386 VELOCITY 4 0 0.0 0.0
       381 VELOCITY 4 0 0.0 0.0
       376 VELOCITY 4 0 0.0 0.0
       421 VELOCITY 4 0 0.0 0.0
       416 VELOCITY 4 0 0.0 0.0
       411 VELOCITY 4 0 0.0 0.0
       406 VELOCITY 4 0 0.0 0.0
       401 VELOCITY 4 0 0.0 0.0
       446 VELOCITY 4 0 0.0 0.0
       441 VELOCITY 4 0 0.0 0.0
       436 VELOCITY 4 0 0.0 0.0
       431 VELOCITY 4 0 0.0 0.0
       426 VELOCITY 4 0 0.0 0.0
       471 VELOCITY 4 0 0.0 0.0
       466 VELOCITY 4 0 0.0 0.0
       461 VELOCITY 4 0 0.0 0.0
       456 VELOCITY 4 0 0.0 0.0
       451 VELOCITY 4 0 0.0 0.0
       496 VELOCITY 4 0 0.0 0.0
       491 VELOCITY 4 0 0.0 0.0
       486 VELOCITY 4 0 0.0 0.0
       481 VELOCITY 4 0 0.0 0.0
       476 VELOCITY 4 0 0.0 0.0
       521 VELOCITY 4 0 0.0 0.0
       516 VELOCITY 4 0 0.0 0.0
       511 VELOCITY 4 0 0.0 0.0
       506 VELOCITY 4 0 0.0 0.0
       501 VELOCITY 4 0 0.0 0.0
       546 VELOCITY 4 0 0.0 0.0
       541 VELOCITY 4 0 0.0 0.0
       536 VELOCITY 4 0 0.0 0.0
       531 VELOCITY 4 0 0.0 0.0
       526 VELOCITY 4 0 0.0 0.0
       571 VELOCITY 4 0 0.0 0.0
       566 VELOCITY 4 0 0.0 0.0
       561 VELOCITY 4 0 0.0 0.0
       556 VELOCITY 4 0 0.0 0.0
       551 VELOCITY 4 0 0.0 0.0
       596 VELOCITY 4 0 0.0 0.0
       591 VELOCITY 4 0 0.0 0.0
       586 VELOCITY 4 0 0.0 0.0
       581 VELOCITY 4 0 0.0 0.0
       576 VELOCITY 4 0 0.0 0.0
       621 VELOCITY 4 0 0.0 0.0
       616 VELOCITY 4 0 0.0 0.0
       611 VELOCITY 4 0 0.0 0.0
       606 VELOCITY 4 0 0.0 0.0
       601 VELOCITY 4 0 0.0 0.0
       646 VELOCITY 4 0 0.0 0.0
       641 VELOCITY 4 0 0.0 0.0
       636 VELOCITY 4 0 0.0 0.0
       631 VELOCITY 4 0 0.0 0.0
       626 VELOCITY 4 0 0.0 0.0
       671 VELOCITY 4 0 0.0 0.0
       666 VELOCITY 4 0 0.0 0.0
       661 VELOCITY 4 0 0.0 0.0
       656 VELOCITY 4 0 0.0 0.0
       651 VELOCITY 4 0 0.0 0.0
       696 VELOCITY 4 0 0.0 0.0
       691 VELOCITY 4 0 0.0 0.0
       686 VELOCITY 4 0 0.0 0.0
       681 VELOCITY 4 0 0.0 0.0
       676 VELOCITY 4 0 0.0 0.0
       721 VELOCITY 4 0 0.0 0.0
       716 VELOCITY 4 0 0.0 0.0
       711 VELOCITY 4 0 0.0 0.0
       706 VELOCITY 4 0 0.0 0.0
       701 VELOCITY 4 0 0.0 0.0
       746 VELOCITY 4 0 0.0 0.0
       741 VELOCITY 4 0 0.0 0.0
       736 VELOCITY 4 0 0.0 0.0
       731 VELOCITY 4 0 0.0 0.0
       726 VELOCITY 4 0 0.0 0.0
       771 VELOCITY 4 0 0.0 0.0
       766 VELOCITY 4 0 0.0 0.0
       761 VELOCITY 4 0 0.0 0.0
       756 VELOCITY 4 0 0.0 0.0
       751 VELOCITY 4 0 0.0 0.0
       796 VELOCITY 4 0 0.0 0.0
       791 VELOCITY 4 0 0.0 0.0
       786 VELOCITY 4 0 0.0 0.0
       781 VELOCITY 4 0 0.0 0.0
       776 VELOCITY 4 0 0.0 0.0
       821 VELOCITY 4 0 0.0 0.0
       816 VELOCITY 4 0 0.0 0.0
       811 VELOCITY 4 0 0.0 0.0
       806 VELOCITY 4 0 0.0 0.0
       801 VELOCITY 4 0 0.0 0.0
       846 VELOCITY 4 0 0.0 0.0
       841 VELOCITY 4 0 0.0 0.0
       836 VELOCITY 4 0 0.0 0.0
       831 VELOCITY 4 0 0.0 0.0
       826 VELOCITY 4 0 0.0 0.0
       871 VELOCITY 4 0 0.0 0.0
       866 VELOCITY 4 0 0.0 0.0
       861 VELOCITY 4 0 0.0 0.0
       856 VELOCITY 4 0 0.0 0.0
       851 VELOCITY 4 0 0.0 0.0
       896 VELOCITY 4 0 0.0 0.0
       891 VELOCITY 4 0 0.0 0.0
       886 VELOCITY 4 0 0.0 0.0
       881 VELOCITY 4 0 0.0 0.0
       876 VELOCITY 4 0 0.0 0.0
       921 VELOCITY 4 0 0.0 0.0
       916 VELOCITY 4 0 0.0 0.0
       911 VELOCITY 4 0 0.0 0.0
       906 VELOCITY 4 0 0.0 0.0
       901 VELOCITY 4 0 0.0 0.0
       946 VELOCITY 4 0 0.0 0.0
       941 VELOCITY 4 0 0.0 0.0
       936 VELOCITY 4 0 0.0 0.0
       931 VELOCITY 4 0 0.0 0.0
       926 VELOCITY 4 0 0.0 0.0
       971 VELOCITY 4 0 0.0 0.0
       966 VELOCITY 4 0 0.0 0.0
       961 VELOCITY 4 0 0.0 0.0
       956 VELOCITY 4 0 0.0 0.0
       951 VELOCITY 4 0 0.0 0.0
       996 VELOCITY 4 0 0.0 0.0
       991 VELOCITY 4 0 0.0 0.0
       986 VELOCITY 4 0 0.0 0.0
       981 VELOCITY 4 0 0.0 0.0
       976 VELOCITY 4 0 0.0 0.0
       976 VELOCITY 1 0 0.0 0.0
       977 VELOCITY 1 0 0.0 0.0
       978 VELOCITY 1 0 0.0 0.0
       979 VELOCITY 1 0 0.0 0.0
       980 VELOCITY 1 0 0.0 0.0
       981 VELOCITY 1 0 0.0 0.0
       982 VELOCITY 1 0 0.0 0.0
       983 VELOCITY 1 0 0.0 0.0
       984 VELOCITY 1 0 0.0 0.0
       985 VELOCITY 1 0 0.0 0.0
       986 VELOCITY 1 0 0.0 0.0
       987 VELOCITY 1 0 0.0 0.0
       988 VELOCITY 1 0 0.0 0.0
       989 VELOCITY 1 0 0.0 0.0
       990 VELOCITY 1 0 0.0 0.0
       991 VELOCITY 1 0 0.0 0.0
       992 VELOCITY 1 0 0.0 0.0
       993 VELOCITY 1 0 0.0 0.0
       994 VELOCITY 1 0 0.0 0.0
       995 VELOCITY 1 0 0.0 0.0
       996 VELOCITY 1 0 0.0 0.0
       997 VELOCITY 1 0 0.0 0.0
       998 VELOCITY 1 0 0.0 0.0
       999 VELOCITY 1 0 0.0 0.0
      1000 VELOCITY 1 0 0.0 0.0
      1001 VELOCITY 5 0 0.0 0.0
      1002 VELOCITY 5 0 0.0 0.0
      1003 VELOCITY 5 0 0.0 0.0
      1004 VELOCITY 5 0 0.0 0.0
      1005 VELOCITY 5 0 0.0 0.0
      1026 VELOCITY 5 0 0.0 0.0
      1027 VELOCITY 5 0 0.0 0.0
      1028 VELOCITY 5 0 0.0 0.0
      1029 VELOCITY 5 0 0.0 0.0
      1030 VELOCITY 5 0 0.0 0.0
      1051 VELOCITY 5 0 0.0 0.0
      1052 VELOCITY 5 0 0.0 0.0
      1053 VELOCITY 5 0 0.0 0.0
      1054 VELOCITY 5 0 0.0 0.0
      1055 VELOCITY 5 0 0.0 0.0
      1076 VELOCITY 5 0 0.0 0.0
      1077 VELOCITY 5 0 0.0 0.0
      1078 VELOCITY 5 0 0.0 0.0
      1079 VELOCITY 5 0 0.0 0.0
      1080 VELOCITY 5 0 0.0 0.0
      1101 VELOCITY 5 0 0.0 0.0
      1102 VELOCITY 5 0 0.0 0.0
      1103 VELOCITY 5 0 0.0 0.0
      1104 VELOCITY 5 0 0.0 0.0
      1105 VELOCITY 5 0 0.0 0.0
      1126 VELOCITY 5 0 0.0 0.0
      1127 VELOCITY 5 0 0.0 0.0
      1128 VELOCITY 5 0 0.0 0.0
      1129 VELOCITY 5 0 0.0 0.0
      1130 VELOCITY 5 0 0.0 0.0
      1151 VELOCITY 5 0 0.0 0.0
      1152 VELOCITY 5 0 0.0 0.0
      1153 VELOCITY 5 0 0.0 0.0
      1154 VELOCITY 5 0 0.0 0.0
      1155 VELOCITY 5 0 0.0 0.0
      1176 VELOCITY 5 0 0.0 0.0
      1177 VELOCITY 5 0 0.0 0.0
      1178 VELOCITY 5 0 0.0 0.0
      1179 VELOCITY 5 0 0.0 0.0
      1180 VELOCITY 5 0 0.0 0.0
      1201 VELOCITY 5 0 0.0 0.0
      1202 VELOCITY 5 0 0.0 0.0
      1203 VELOCITY 5 0 0.0 0.0
      1204 VELOCITY 5 0 0.0 0.0
      1205 VELOCITY 5 0 0.0 0.0
      1226 VELOCITY 5 0 0.0 0.0
      1227 VELOCITY 5 0 0.0 0.0
      1228 VELOCITY 5 0 0.0 0.0
      1229 VELOCITY 5 0 0.0 0.0
      1230 VELOCITY 5 0 0.0 0.0
      1251 VELOCITY 5 0 0.0 0.0
      1252 VELOCITY 5 0 0.0 0.0
      1253 VELOCITY 5 0 0.0 0.0
      1254 VELOCITY 5 0 0.0 0.0
      1255 VELOCITY 5 0 0.0 0.0
      1276 VELOCITY 5 0 0.0 0.0
      1277 VELOCITY 5 0 0.0 0.0
      1278 VELOCITY 5 0 0.0 0.0
      1279 VELOCITY 5 0 0.0 0.0
      1280 VELOCITY 5 0 0.0 0.0
      1301 VELOCITY 5 0 0.0 0.0
      1302 VELOCITY 5 0 0.0 0.0
      1303 VELOCITY 5 0 0.0 0.0
      1304 VELOCITY 5 0 0.0 0.0
      1305 VELOCITY 5 0 0.0 0.0
      1326 VELOCITY 5 0 0.0 0.0
      1327 VELOCITY 5 0 0.0 0.0
      1328 VELOCITY 5 0 0.0 0.0
      1329 VELOCITY 5 0 0.0 0.0
      1330 VELOCITY 5 0 0.0 0.0
      1351 VELOCITY 5 0 0.0 0.0
      1352 VELOCITY 5 0 0.0 0.0
      1353 VELOCITY 5 0 0.0 0.0
      1354 VELOCITY 5 0 0.0 0.0
      1355 VELOCITY 5 0 0.0 0.0
      1376 VELOCITY 5 0 0.0 0.0
      1377 VELOCITY 5 0 0.0 0.0
      1378 VELOCITY 5 0 0.0 0.0
      1379 VELOCITY 5 0 0.0 0.0
      1380 VELOCITY 5 0 0.0 0.0
      1401 VELOCITY 5 0 0.0 0.0
      1402 VELOCITY 5 0 0.0 0.0
      1403 VELOCITY 5 0 0.0 0.0
      1404 VELOCITY 5 0 0.0 0.0
      1405 VELOCITY 5 0 0.0 0.0
      1426 VELOCITY 5 0 0.0 0.0
      1427 VELOCITY 5 0 0.0 0.0
      1428 VELOCITY 5 0 0.0 0.0
      1429 VELOCITY 5 0 0.0 0.0
      1430 VELOCITY 5 0 0.0 0.0
      1451 VELOCITY 5 0 0.0 0.0
      1452 VELOCITY 5 0 0.0 0.0
      1453 VELOCITY 5 0 0.0 0.0
      1454 VELOCITY 5 0 0.0 0.0
      1455 VELOCITY 5 0 0.0 0.0
      1476 VELOCITY 5 0 0.0 0.0
      1477 VELOCITY 5 0 0.0 0.0
      1478 VELOCITY 5 0 0.0 0.0
      1479 VELOCITY 5 0 0.0 0.0
      1480 VELOCITY 5 0 0.0 0.0
      1005 VELOCITY 6 0 0.0 0.0
      1010 VELOCITY 6 0 0.0 0.0
      1015 VELOCITY 6 0 0.0 0.0
      1020 VELOCITY 6 0 0.0 0.0
      1025 VELOCITY 6 0 0.0 0.0
      1030 VELOCITY 6 0 0.0 0.0
      1035 VELOCITY 6 0 0.0 0.0
      1040 VELOCITY 6 0 0.0 0.0
      1045 VELOCITY 6 0 0.0 0.0
      1050 VELOCITY 6 0 0.0 0.0
      1055 VELOCITY 6 0 0.0 0.0
      1060 VELOCITY 6 0 0.0 0.0
      1065 VELOCITY 6 0 0.0 0.0
      1070 VELOCITY 6 0 0.0 0.0
      1075 VELOCITY 6 0 0.0 0.0
      1080 VELOCITY 6 0 0.0 0.0
      1085 VELOCITY 6 0 0.0 0.0
      1090 VELOCITY 6 0 0.0 0.0
      1095 VELOCITY 6 0 0.0 0.0
      1100 VELOCITY 6 0 0.0 0.0
      1105 VELOCITY 6 0 0.0 0.0
      1110 VELOCITY 6 0 0.0 0.0
      1115 VELOCITY 6 0 0.0 0.0
      1120 VELOCITY 6 0 0.0 0.0
      1125 VELOCITY 6 0 0.0 0.0
      1130 VELOCITY 6 0 0.0 0.0
      1135 VELOCITY 6 0 0.0 0.0
      1140 VELOCITY 6 0 0.0 0.0
      1145 VELOCITY 6 0 0.0 0.0
      1150 VELOCITY 6 0 0.0 0.0
      1155 VELOCITY 6 0 0.0 0.0
      1160 VELOCITY 6 0 0.0 0.0
      1165 VELOCITY 6 0 0.0 0.0
      1170 VELOCITY 6 0 0.0 0.0
      1175 VELOCITY 6 0 0.0 0.0
      1180 VELOCITY 6 0 0.0 0.0
      1185 VELOCITY 6 0 0.0 0.0
      1190 VELOCITY 6 0 0.0 0.0
      1195 VELOCITY 6 0 0.0 0.0
      1200 VELOCITY 6 0 0.0 0.0
      1205 VELOCITY 6 0 0.0 0.0
      1210 VELOCITY 6 0 0.0 0.0
      1215 VELOCITY 6 0 0.0 0.0
      1220 VELOCITY 6 0 0.0 0.0
      1225 VELOCITY 6 0 0.0 0.0
      1230 VELOCITY 6 0 0.0 0.0
      1235 VELOCITY 6 0 0.0 0.0
      1240 VELOCITY 6 0 0.0 0.0
      1245 VELOCITY 6 0 0.0 0.0
      1250 VELOCITY 6 0 0.0 0.0
      1255 VELOCITY 6 0 0.0 0.0
      1260 VELOCITY 6 0 0.0 0.0
      1265 VELOCITY 6 0 0.0 0.0
      1270 VELOCITY 6 0 0.0 0.0
      1275 VELOCITY 6 0 0.0 0.0
      1280 VELOCITY 6 0 0.0 0.0
      1285 VELOCITY 6 0 0.0 0.0
      1290 VELOCITY 6 0 0.0 0.0
      1295 VELOCITY 6 0 0.0 0.0
      1300 VELOCITY 6 0 0.0 0.0
      1305 VELOCITY 6 0 0.0 0.0
      1310 VELOCITY 6 0 0.0 0.0
      1315 VELOCITY 6 0 0.0 0.0
      1320 VELOCITY 6 0 0.0 0.0
      1325 VELOCITY 6 0 0.0 0.0
      1330 VELOCITY 6 0 0.0 0.0
      1335 VELOCITY 6 0 0.0 0.0
      1340 VELOCITY 6 0 0.0 0.0
      1345 VELOCITY 6 0 0.0 0.0
      1350 VELOCITY 6 0 0.0 0.0
      1355 VELOCITY 6 0 0.0 0.0
      1360 VELOCITY 6 0 0.0 0.0
      1365 VELOCITY 6 0 0.0 0.0
      1370 VELOCITY 6 0 0.0 0.0
      1375 VELOCITY 6 0 0.0 0.0
      1380 VELOCITY 6 0 0.0 0.0
      1385 VELOCITY 6 0 0.0 0.0
      1390 VELOCITY 6 0 0.0 0.0
      1395 VELOCITY 6 0 0.0 0.0
      1400 VELOCITY 6 0 0.0 0.0
      1405 VELOCITY 6 0 0.0 0.0
      1410 VELOCITY 6 0 0.0 0.0
      1415 VELOCITY 6 0 0.0 0.0
      1420 VELOCITY 6 0 0.0 0.0
      1425 VELOCITY 6 0 0.0 0.0
      1430 VELOCITY 6 0 0.0 0.0
      1435 VELOCITY 6 0 0.0 0.0
      1440 VELOCITY 6 0 0.0 0.0
      1445 VELOCITY 6 0 0.0 0.0
      1450 VELOCITY 6 0 0.0 0.0
      1455 VELOCITY 6 0 0.0 0.0
      1460 VELOCITY 6 0 0.0 0.0
      1465 VELOCITY 6 0 0.0 0.0
      1470 VELOCITY 6 0 0.0 0.0
      1475 VELOCITY 6 0 0.0 0.0
      1480 VELOCITY 6 0 0.0 0.0
      1485 VELOCITY 6 0 0.0 0.0
      1490 VELOCITY 6 0 0.0 0.0
      1495 VELOCITY 6 0 0.0 0.0
      1500 VELOCITY 6 0 0.0 0.0
      1025 VELOCITY 3 0 0.0 0.0
      1024 VELOCITY 3 0 0.0 0.0
      1023 VELOCITY 3 0 0.0 0.0
      1022 VELOCITY 3 0 0.0 0.0
      1021 VELOCITY 3 0 0.0 0.0
      1050 VELOCITY 3 0 0.0 0.0
      1049 VELOCITY 3 0 0.0 0.0
      1048 VELOCITY 3 0 0.0 0.0
      1047 VELOCITY 3 0 0.0 0.0
      1046 VELOCITY 3 0 0.0 0.0
      1075 VELOCITY 3 0 0.0 0.0
      1074 VELOCITY 3 0 0.0 0.0
      1073 VELOCITY 3 0 0.0 0.0
      1072 VELOCITY 3 0 0.0 0.0
      1071 VELOCITY 3 0 0.0 0.0
      1100 VELOCITY 3 0 0.0 0.0
      1099 VELOCITY 3 0 0.0 0.0
      1098 VELOCITY 3 0 0.0 0.0
      1097 VELOCITY 3 0 0.0 0.0
      1096 VELOCITY 3 0 0.0 0.0
      1125 VELOCITY 3 0 0.0 0.0
      1124 VELOCITY 3 0 0.0 0.0
      1123 VELOCITY 3 0 0.0 0.0
      1122 VELOCITY 3 0 0.0 0.0
      1121 VELOCITY 3 0 0.0 0.0
      1150 VELOCITY 3 0 0.0 0.0
      1149 VELOCITY 3 0 0.0 0.0
      1148 VELOCITY 3 0 0.0 0.0
      1147 VELOCITY 3 0 0.0 0.0
      1146 VELOCITY 3 0 0.0 0.0
      1175 VELOCITY 3 0 0.0 0.0
      1174 VELOCITY 3 0 0.0 0.0
      1173 VELOCITY 3 0 0.0 0.0
      1172 VELOCITY 3 0 0.0 0.0
      1171 VELOCITY 3 0 0.0 0.0
      1200 VELOCITY 3 0 0.0 0.0
      1199 VELOCITY 3 0 0.0 0.0
      1198 VELOCITY 3 0 0.0 0.0
      1197 VELOCITY 3 0 0.0 0.0
      1196 VELOCITY 3 0 0.0 0.0
      1225 VELOCITY 3 0 0.0 0.0
      1224 VELOCITY 3 0 0.0 0.0
      1223 VELOCITY 3 0 0.0 0.0
      1222 VELOCITY 3 0 0.0 0.0
      1221 VELOCITY 3 0 0.0 0.0
      1250 VELOCITY 3 0 0.0 0.0
      1249 VELOCITY 3 0 0.0 0.0
      1248 VELOCITY 3 0 0.0 0.0
      1247 VELOCITY 3 0 0.0 0.0
      1246 VELOCITY 3 0 0.0 0.0
      1275 VELOCITY 3 0 0.0 0.0
      1274 VELOCITY 3 0 0.0 0.0
      1273 VELOCITY 3 0 0.0 0.0
      1272 VELOCITY 3 0 0.0 0.0
      1271 VELOCITY 3 0 0.0 0.0
      1300 VELOCITY 3 0 0.0 0.0
      1299 VELOCITY 3 0 0.0 0.0
      1298 VELOCITY 3 0 0.0 0.0
      1297 VELOCITY 3 0 0.0 0.0
      1296 VELOCITY 3 0 0.0 0.0
      1325 VELOCITY 3 0 0.0 0.0
      1324 VELOCITY 3 0 0.0 0.0
      1323 VELOCITY 3 0 0.0 0.0
      1322 VELOCITY 3 0 0.0 0.0
      1321 VELOCITY 3 0 0.0 0.0
      1350 VELOCITY 3 0 0.0 0.0
      1349 VELOCITY 3 0 0.0 0.0
      1348 VELOCITY 3 0 0.0 0.0
      1347 VELOCITY 3 0 0.0 0.0
      1346 VELOCITY 3 0 0.0 0.0
      1375 VELOCITY 3 0 0.0 0.0
      1374 VELOCITY 3 0 0.0 0.0
      1373 VELOCITY 3 0 0.0 0.0
      1372 VELOCITY 3 0 0.0 0.0
      1371 VELOCITY 3 0 0.0 0.0
      1400 VELOCITY 3 0 0.0 0.0
      1399 VELOCITY 3 0 0.0 0.0
      1398 VELOCITY 3 0 0.0 0.0
      1397 VELOCITY 3 0 0.0 0.0
      1396 VELOCITY 3 0 0.0 0.0
      1425 VELOCITY 3 0 0.0 0.0
      1424 VELOCITY 3 0 0.0 0.0
      1423 VELOCITY 3 0 0.0 0.0
      1422 VELOCITY 3 0 0.0 0.0
      1421 VELOCITY 3 0 0.0 0.0
      1450 VELOCITY 3 0 0.0 0.0
      1449 VELOCITY 3 0 0.0 0.0
      1448 VELOCITY 3 0 0.0 0.0
      1447 VELOCITY 3 0 0.0 0.0
      1446 VELOCITY 3 0 0.0 0.0
      1475 VELOCITY 3 0 0.0 0.0
      1474 VELOCITY 3 0 0.0 0.0
      1473 VELOCITY 3 0 0.0 0.0
      1472 VELOCITY 3 0 0.0 0.0
      1471 VELOCITY 3 0 0.0 0.0
      1500 VELOCITY 3 0 0.0 0.0
      1499 VELOCITY 3 0 0.0 0.0
      1498 VELOCITY 3 0 0.0 0.0
      1497 VELOCITY 3 0 0.0 0.0
      1496 VELOCITY 3 0 0.0 0.0
      1021 VELOCITY 4 0 0.0 0.0
      1016 VELOCITY 4 0 0.0 0.0
      1011 VELOCITY 4 0 0.0 0.0
      1006 VELOCITY 4 0 0.0 0.0
      1001 VELOCITY 4 0 0.0 0.0
      1046 VELOCITY 4 0 0.0 0.0
      1041 VELOCITY 4 0 0.0 0.0
      1036 VELOCITY 4 0 0.0 0.0
      1031 VELOCITY 4 0 0.0 0.0
      1026 VELOCITY 4 0 0.0 0.0
      1071 VELOCITY 4 0 0.0 0.0
      1066 VELOCITY 4 0 0.0 0.0
      1061 VELOCITY 4 0 0.0 0.0
      1056 VELOCITY 4 0 0.0 0.0
      1051 VELOCITY 4 0 0.0 0.0
      1096 VELOCITY 4 0 0.0 0.0
      1091 VELOCITY 4 0 0.0 0.0
      1086 VELOCITY 4 0 0.0 0.0
      1081 VELOCITY 4 0 0.0 0.0
      1076 VELOCITY 4 0 0.0 0.0
      1121 VELOCITY 4 0 0.0 0.0
      1116 VELOCITY 4 0 0.0 0.0
      1111 VELOCITY 4 0 0.0 0.0
      1106 VELOCITY 4 0 0.0 0.0
      1101 VELOCITY 4 0 0.0 0.0
      1146 VELOCITY 4 0 0.0 0.0
      1141 VELOCITY 4 0 0.0 0.0
      1136 VELOCITY 4 0 0.0 0.0
      1131 VELOCITY 4 0 0.0 0.0
      1126 VELOCITY 4 0 0.0 0.0
      1171 VELOCITY 4 0 0.0 0.0
      1166 VELOCITY 4 0 0.0 0.0
      1161 VELOCITY 4 0 0.0 0.0
      1156 VELOCITY 4 0 0.0 0.0
      1151 VELOCITY 4 0 0.0 0.0
      1196 VELOCITY 4 0 0.0 0.0
      1191 VELOCITY 4 0 0.0 0.0
      1186 VELOCITY 4 0 0.0 0.0
      1181 VELOCITY 4 0 0.0 0.0
      1176 VELOCITY 4 0 0.0 0.0
      1221 VELOCITY 4 0 0.0 0.0
      1216 VELOCITY 4 0 0.0 0.0
      1211 VELOCITY 4 0 0.0 0.0
      1206 VELOCITY 4 0 0.0 0.0
      1201 VELOCITY 4 0 0.0 0.0
      1246 VELOCITY 4 0 0.0 0.0
      1241 VELOCITY 4 0 0.0 0.0
      1236 VELOCITY 4 0 0.0 0.0
      1231 VELOCITY 4 0 0.0 0.0
      1226 VELOCITY 4 0 0.0 0.0
      1271 VELOCITY 4 0 0.0 0.0
      1266 VELOCITY 4 0 0.0 0.0
      1261 VELOCITY 4 0 0.0 0.0
      1256 VELOCITY 4 0 0.0 0.0
      1251 VELOCITY 4 0 0.0 0.0
      1296 VELOCITY 4 0 0.0 0.0
      1291 VELOCITY 4 0 0.0 0.0
      1286 VELOCITY 4 0 0.0 0.0
      1281 VELOCITY 4 0 0.0 0.0
      1276 VELOCITY 4 0 0.0 0.0
      1321 VELOCITY 4 0 0.0 0.0
      1316 VELOCITY 4 0 0.0 0.0
      1311 VELOCITY 4 0 0.0 0.0
      1306 VELOCITY 4 0 0.0 0.0
      1301 VELOCITY 4 0 0.0 0.0
      1346 VELOCITY 4 0 0.0 0.0
      1341 VELOCITY 4 0 0.0 0.0
      1336 VELOCITY 4 0 0.0 0.0
      1331 VELOCITY 4 0 0.0 0.0
      1326 VELOCITY 4 0 0.0 0.0
      1371 VELOCITY 4 0 0.0 0.0
      1366 VELOCITY 4 0 0.0 0.0
      1361 VELOCITY 4 0 0.0 0.0
      1356 VELOCITY 4 0 0.0 0.0
      1351 VELOCITY 4 0 0.0 0.0
      1396 VELOCITY 4 0 0.0 0.0
      1391 VELOCITY 4 0 0.0 0.0
      1386 VELOCITY 4 0 0.0 0.0
      1381 VELOCITY 4 0 0.0 0.0
      1376 VELOCITY 4 0 0.0 0.0
      1421 VELOCITY 4 0 0.0 0.0
      1416 VELOCITY 4 0 0.0 0.0
      1411 VELOCITY 4 0 0.0 0.0
      1406 VELOCITY 4 0 0.0 0.0
      1401 VELOCITY 4 0 0.0 0.0
      1446 VELOCITY 4 0 0.0 0.0
      1441 VELOCITY 4 0 0.0 0.0
      1436 VELOCITY 4 0 0.0 0.0
      1431 VELOCITY 4 0 0.0 0.0
      1426 VELOCITY 4 0 0.0 0.0
      1471 VELOCITY 4 0 0.0 0.0
      1466 VELOCITY 4 0 0.0 0.0
      1461 VELOCITY 4 0 0.0 0.0
      1456 VELOCITY 4 0 0.0 0.0
      1451 VELOCITY 4 0 0.0 0.0
      1496 VELOCITY 4 0 0.0 0.0
      1491 VELOCITY 4 0 0.0 0.0
      1486 VELOCITY 4 0 0.0 0.0
      1481 VELOCITY 4 0 0.0 0.0
      1476 VELOCITY 4 0 0.0 0.0
      1476 VELOCITY 1 0 0.0 0.0
      1477 VELOCITY 1 0 0.0 0.0
      1478 VELOCITY 1 0 0.0 0.0
      1479 VELOCITY 1 0 0.0 0.0
      1480 VELOCITY 1 0 0.0 0.0
      1481 VELOCITY 1 0 0.0 0.0
      1482 VELOCITY 1 0 0.0 0.0
      1483 VELOCITY 1 0 0.0 0.0
      1484 VELOCITY 1 0 0.0 0.0
      1485 VELOCITY 1 0 0.0 0.0
      1486 VELOCITY 1 0 0.0 0.0
      1487 VELOCITY 1 0 0.0 0.0
      1488 VELOCITY 1 0 0.0 0.0
      1489 VELOCITY 1 0 0.0 0.0
      1490 VELOCITY 1 0 0.0 0.0
      1491 VELOCITY 1 0 0.0 0.0
      1492 VELOCITY 1 0 0.0 0.0
      1493 VELOCITY 1 0 0.0 0.0
      1494 VELOCITY 1 0 0.0 0.0
      1495 VELOCITY 1 0 0.0 0.0
      1496 VELOCITY 1 0 0.0 0.0
      1497 VELOCITY 1 0 0.0 0.0
      1498 VELOCITY 1 0 0.0 0.0
      1499 VELOCITY 1 0 0.0 0.0
      1500 VELOCITY 1 0 0.0 0.0
      1501 VELOCITY 5 0 0.0 0.0
      1502 VELOCITY 5 0 0.0 0.0
      1503 VELOCITY 5 0 0.0 0.0
      1504 VELOCITY 5 0 0.0 0.0
      1505 VELOCITY 5 0 0.0 0.0
      1526 VELOCITY 5 0 0.0 0.0
      1527 VELOCITY 5 0 0.0 0.0
      1528 VELOCITY 5 0 0.0 0.0
      1529 VELOCITY 5 0 0.0 0.0
      1530 VELOCITY 5 0 0.0 0.0
      1551 VELOCITY 5 0 0.0 0.0
      1552 VELOCITY 5 0 0.0 0.0
      1553 VELOCITY 5 0 0.0 0.0
      1554 VELOCITY 5 0 0.0 0.0
      1555 VELOCITY 5 0 0.0 0.0
      1576 VELOCITY 5 0 0.0 0.0
      1577 VELOCITY 5 0 0.0 0.0
      1578 VELOCITY 5 0 0.0 0.0
      1579 VELOCITY 5 0 0.0 0.0
      1580 VELOCITY 5 0 0.0 0.0
      1601 VELOCITY 5 0 0.0 0.0
      1602 VELOCITY 5 0 0.0 0.0
      1603 VELOCITY 5 0 0.0 0.0
      1604 VELOCITY 5 0 0.0 0.0
      1605 VELOCITY 5 0 0.0 0.0
      1626 VELOCITY 5 0 0.0 0.0
      1627 VELOCITY 5 0 0.0 0.0
      1628 VELOCITY 5 0 0.0 0.0
      1629 VELOCITY 5 0 0.0 0.0
      1630 VELOCITY 5 0 0.0 0.0
      1651 VELOCITY 5 0 0.0 0.0
      1652 VELOCITY 5 0 0.0 0.0
      1653 VELOCITY 5 0 0.0 0.0
      1654 VELOCITY 5 0 0.0 0.0
      1655 VELOCITY 5 0 0.0 0.0
      1676 VELOCITY 5 0 0.0 0.0
      1677 VELOCITY 5 0 0.0 0.0
      1678 VELOCITY 5 0 0.0 0.0
      1679 VELOCITY 5 0 0.0 0.0
      1680 VELOCITY 5 0 0.0 0.0
      1701 VELOCITY 5 0 0.0 0.0
      1702 VELOCITY 5 0 0.0 0.0
      1703 VELOCITY 5 0 0.0 0.0
      1704 VELOCITY 5 0 0.0 0.0
      1705 VELOCITY 5 0 0.0 0.0
      1726 VELOCITY 5 0 0.0 0.0
      1727 VELOCITY 5 0 0.0 0.0
      1728 VELOCITY 5 0 0.0 0.0
      1729 VELOCITY 5 0 0.0 0.0
      1730 VELOCITY 5 0 0.0 0.0
      1751 VELOCITY 5 0 0.0 0.0
      1752 VELOCITY 5 0 0.0 0.0
      1753 VELOCITY 5 0 0.0 0.0
      1754 VELOCITY 5 0 0.0 0.0
      1755 VELOCITY 5 0 0.0 0.0
      1776 VELOCITY 5 0 0.0 0.0
      1777 VELOCITY 5 0 0.0 0.0
      1778 VELOCITY 5 0 0.0 0.0
      1779 VELOCITY 5 0 0.0 0.0
      1780 VELOCITY 5 0 0.0 0.0
      1801 VELOCITY 5 0 0.0 0.0
      1802 VELOCITY 5 0 0.0 0.0
      1803 VELOCITY 5 0 0.0 0.0
      1804 VELOCITY 5 0 0.0 0.0
      1805 VELOCITY 5 0 0.0 0.0
      1826 VELOCITY 5 0 0.0 0.0
      1827 VELOCITY 5 0 0.0 0.0
      1828 VELOCITY 5 0 0.0 0.0
      1829 VELOCITY 5 0 0.0 0.0
      1830 VELOCITY 5 0 0.0 0.0
      1851 VELOCITY 5 0 0.0 0.0
      1852 VELOCITY 5 0 0.0 0.0
      1853 VELOCITY 5 0 0.0 0.0
      1854 VELOCITY 5 0 0.0 0.0
      1855 VELOCITY 5 0 0.0 0.0
      1876 VELOCITY 5 0 0.0 0.0
      1877 VELOCITY 5 0 0.0 0.0
      1878 VELOCITY 5 0 0.0 0.0
      1879 VELOCITY 5 0 0.0 0.0
      1880 VELOCITY 5 0 0.0 0.0
      1901 VELOCITY 5 0 0.0 0.0
      1902 VELOCITY 5 0 0.0 0.0
      1903 VELOCITY 5 0 0.0 0.0
      1904 VELOCITY 5 0 0.0 0.0
      1905 VELOCITY 5 0 0.0 0.0
      1926 VELOCITY 5 0 0.0 0.0
      1927 VELOCITY 5 0 0.0 0.0
      1928 VELOCITY 5 0 0.0 0.0
      1929 VELOCITY 5 0 0.0 0.0
      1930 VELOCITY 5 0 0.0 0.0
      1951 VELOCITY 5 0 0.0 0.0
      1952 VELOCITY 5 0 0.0 0.0
      1953 VELOCITY 5 0 0.0 0.0
      1954 VELOCITY 5 0 0.0 0.0
      1955 VELOCITY 5 0 0.0 0.0
      1976 VELOCITY 5 0 0.0 0.0
      1977 VELOCITY 5 0 0.0 0.0
      1978 VELOCITY 5 0 0.0 0.0
      1979 VELOCITY 5 0 0.0 0.0
      1980 VELOCITY 5 0 0.0 0.0
      1505 VELOCITY 6 0 0.0 0.0
      1510 VELOCITY 6 0 0.0 0.0
      1515 VELOCITY 6 0 0.0 0.0
      1520 VELOCITY 6 0 0.0 0.0
      1525 VELOCITY 6 0 0.0 0.0
      1530 VELOCITY 6 0 0.0 0.0
      1535 VELOCITY 6 0 0.0 0.0
      1540 VELOCITY 6 0 0.0 0.0
      1545 VELOCITY 6 0 0.0 0.0
      1550 VELOCITY 6 0 0.0 0.0
      1555 VELOCITY 6 0 0.0 0.0
      1560 VELOCITY 6 0 0.0 0.0
      1565 VELOCITY 6 0 0.0 0.0
      1570 VELOCITY 6 0 0.0 0.0
      1575 VELOCITY 6 0 0.0 0.0
      1580 VELOCITY 6 0 0.0 0.0
      1585 VELOCITY 6 0 0.0 0.0
      1590 VELOCITY 6 0 0.0 0.0
      1595 VELOCITY 6 0 0.0 0.0
      1600 VELOCITY 6 0 0.0 0.0
      1605 VELOCITY 6 0 0.0 0.0
      1610 VELOCITY 6 0 0.0 0.0
      1615 VELOCITY 6 0 0.0 0.0
      1620 VELOCITY 6 0 0.0 0.0
      1625 VELOCITY 6 0 0.0 0.0
      1630 VELOCITY 6 0 0.0 0.0
      1635 VELOCITY 6 0 0.0 0.0
      1640 VELOCITY 6 0 0.0 0.0
      1645 VELOCITY 6 0 0.0 0.0
      1650 VELOCITY 6 0 0.0 0.0
      1655 VELOCITY 6 0 0.0 0.0
      1660 VELOCITY 6 0 0.0 0.0
      1665 VELOCITY 6 0 0.0 0.0
      1670 VELOCITY 6 0 0.0 0.0
      1675 VELOCITY 6 0 0.0 0.0
      1680 VELOCITY 6 0 0.0 0.0
      1685 VELOCITY 6 0 0.0 0.0
      1690 VELOCITY 6 0 0.0 0.0
      1695 VELOCITY 6 0 0.0 0.0
      1700 VELOCITY 6 0 0.0 0.0
      1705 VELOCITY 6 0 0.0 0.0
      1710 VELOCITY 6 0 0.0 0.0
      1715 VELOCITY 6 0 0.0 0.0
      1720 VELOCITY 6 0 0.0 0.0
      1725 VELOCITY 6 0 0.0 0.0
      1730 VELOCITY 6 0 0.0 0.0
      1735 VELOCITY 6 0 0.0 0.0
      1740 VELOCITY 6 0 0.0 0.0
      1745 VELOCITY 6 0 0.0 0.0
      1750 VELOCITY 6 0 0.0 0.0
      1755 VELOCITY 6 0 0.0 0.0
      1760 VELOCITY 6 0 0.0 0.0
      1765 VELOCITY 6 0 0.0 0.0
      1770 VELOCITY 6 0 0.0 0.0
      1775 VELOCITY 6 0 0.0 0.0
      1780 VELOCITY 6 0 0.0 0.0
      1785 VELOCITY 6 0 0.0 0.0
      1790 VELOCITY 6 0 0.0 0.0
      1795 VELOCITY 6 0 0.0 0.0
      1800 VELOCITY 6 0 0.0 0.0
      1805 VELOCITY 6 0 0.0 0.0
      1810 VELOCITY 6 0 0.0 0.0
      1815 VELOCITY 6 0 0.0 0.0
      1820 VELOCITY 6 0 0.0 0.0
      1825 VELOCITY 6 0 0.0 0.0
      1830 VELOCITY 6 0 0.0 0.0
      1835 VELOCITY 6 0 0.0 0.0
      1840 VELOCITY 6 0 0.0 0.0
      1845 VELOCITY 6 0 0.0 0.0
      1850 VELOCITY 6 0 0.0 0.0
      1855 VELOCITY 6 0 0.0 0.0
      1860 VELOCITY 6 0 0.0 0.0
      1865 VELOCITY 6 0 0.0 0.0
      1870 VELOCITY 6 0 0.0 0.0
      1875 VELOCITY 6 0 0.0 0.0
      1880 VELOCITY 6 0 0.0 0.0
      1885 VELOCITY 6 0 0.0 0.0
      1890 VELOCITY 6 0 0.0 0.0
      1895 VELOCITY 6 0 0.0 0.0
      1900 VELOCITY 6 0 0.0 0.0
      1905 VELOCITY 6 0 0.0 0.0
      1910 VELOCITY 6 0 0.0 0.0
      1915 VELOCITY 6 0 0.0 0.0
      1920 VELOCITY 6 0 0.0 0.0
      1925 VELOCITY 6 0 0.0 0.0
      1930 VELOCITY 6 0 0.0 0.0
      1935 VELOCITY 6 0 0.0 0.0
      1940 VELOCITY 6 0 0.0 0.0
      1945 VELOCITY 6 0 0.0 0.0
      1950 VELOCITY 6 0 0.0 0.0
      1955 VELOCITY 6 0 0.0 0.0
      1960 VELOCITY 6 0 0.0 0.0
      1965 VELOCITY 6 0 0.0 0.0
      1970 VELOCITY 6 0 0.0 0.0
      1975 VELOCITY 6 0 0.0 0.0
      1980 VELOCITY 6 0 0.0 0.0
      1985 VELOCITY 6 0 0.0 0.0
      1990 VELOCITY 6 0 0.0 0.0
      1995 VELOCITY 6 0 0.0 0.0
      2000 VELOCITY 6 0 0.0 0.0
      1525 VELOCITY 3 0 0.0 0.0
      1524 VELOCITY 3 0 0.0 0.0
      1523 VELOCITY 3 0 0.0 0.0
      1522 VELOCITY 3 0 0.0 0.0
      1521 VELOCITY 3 0 0.0 0.0
      1550 VELOCITY 3 0 0.0 0.0
      1549 VELOCITY 3 0 0.0 0.0
      1548 VELOCITY 3 0 0.0 0.0
      1547 VELOCITY 3 0 0.0 0.0
      1546 VELOCITY 3 0 0.0 0.0
      1575 VELOCITY 3 0 0.0 0.0
      1574 VELOCITY 3 0 0.0 0.0
      1573 VELOCITY 3 0 0.0 0.0
      1572 VELOCITY 3 0 0.0 0.0
      1571 VELOCITY 3 0 0.0 0.0
      1600 VELOCITY 3 0 0.0 0.0
      1599 VELOCITY 3 0 0.0 0.0
      1598 VELOCITY 3 0 0.0 0.0
      1597 VELOCITY 3 0 0.0 0.0
      1596 VELOCITY 3 0 0.0 0.0
      1625 VELOCITY 3 0 0.0 0.0
      1624 VELOCITY 3 0 0.0 0.0
      1623 VELOCITY 3 0 0.0 0.0
      1622 VELOCITY 3 0 0.0 0.0
      1621 VELOCITY 3 0 0.0 0.0
      1650 VELOCITY 3 0 0.0 0.0
      1649 VELOCITY 3 0 0.0 0.0
      1648 VELOCITY 3 0 0.0 0.0
      1647 VELOCITY 3 0 0.0 0.0
      1646 VELOCITY 3 0 0.0 0.0
      1675 VELOCITY 3 0 0.0 0.0
      1674 VELOCITY 3 0 0.0 0.0
      1673 VELOCITY 3 0 0.0 0.0
      1672 VELOCITY 3 0 0.0 0.0
      1671 VELOCITY 3 0 0.0 0.0
      1700 VELOCITY 3 0 0.0 0.0
      1699 VELOCITY 3 0 0.0 0.0
      1698 VELOCITY 3 0 0.0 0.0
      1697 VELOCITY 3 0 0.0 0.0
      1696 VELOCITY 3 0 0.0 0.0
      1725 VELOCITY 3 0 0.0 0.0
      1724 VELOCITY 3 0 0.0 0.0
      1723 VELOCITY 3 0 0.0 0.0
      1722 VELOCITY 3 0 0.0 0.0
      1721 VELOCITY 3 0 0.0 0.0
      1750 VELOCITY 3 0 0.0 0.0
      1749 VELOCITY 3 0 0.0 0.0
      1748 VELOCITY 3 0 0.0 0.0
      1747 VELOCITY 3 0 0.0 0.0
      1746 VELOCITY 3 0 0.0 0.0
      1775 VELOCITY 3 0 0.0 0.0
      1774 VELOCITY 3 0 0.0 0.0
      1773 VELOCITY 3 0 0.0 0.0
      1772 VELOCITY 3 0 0.0 0.0
      1771 VELOCITY 3 0 0.0 0.0
      1800 VELOCITY 3 0 0.0 0.0
      1799 VELOCITY 3 0 0.0 0.0
      1798 VELOCITY 3 0 0.0 0.0
      1797 VELOCITY 3 0 0.0 0.0
      1796 VELOCITY 3 0 0.0 0.0
      1825 VELOCITY 3 0 0.0 0.0
      1824 VELOCITY 3 0 0.0 0.0
      1823 VELOCITY 3 0 0.0 0.0
      1822 VELOCITY 3 0 0.0 0.0
      1821 VELOCITY 3 0 0.0 0.0
      1850 VELOCITY 3 0 0.0 0.0
      1849 VELOCITY 3 0 0.0 0.0
      1848 VELOCITY 3 0 0.0 0.0
      1847 VELOCITY 3 0 0.0 0.0
      1846 VELOCITY 3 0 0.0 0.0
      1875 VELOCITY 3 0 0.0 0.0
      1874 VELOCITY 3 0 0.0 0.0
      1873 VELOCITY 3 0 0.0 0.0
      1872 VELOCITY 3 0 0.0 0.0
      1871 VELOCITY 3 0 0.0 0.0
      1900 VELOCITY 3 0 0.0 0.0
      1899 VELOCITY 3 0 0.0 0.0
      1898 VELOCITY 3 0 0.0 0.0
      1897 VELOCITY 3 0 0.0 0.0
      1896 VELOCITY 3 0 0.0 0.0
      1925 VELOCITY 3 0 0.0 0.0
      1924 VELOCITY 3 0 0.0 0.0
      1923 VELOCITY 3 0 0.0 0.0
      1922 VELOCITY 3 0 0.0 0.0
      1921 VELOCITY 3 0 0.0 0.0
      1950 VELOCITY 3 0 0.0 0.0
      1949 VELOCITY 3 0 0.0 0.0
      1948 VELOCITY 3 0 0.0 0.0
      1947 VELOCITY 3 0 0.0 0.0
      1946 VELOCITY 3 0 0.0 0.0
      1975 VELOCITY 3 0 0.0 0.0
      1974 VELOCITY 3 0 0.0 0.0
      1973 VELOCITY 3 0 0.0 0.0
      1972 VELOCITY 3 0 0.0 0.0
      1971 VELOCITY 3 0 0.0 0.0
      2000 VELOCITY 3 0 0.0 0.0
      1999 VELOCITY 3 0 0.0 0.0
      1998 VELOCITY 3 0 0.0 0.0
      1997 VELOCITY 3 0 0.0 0.0
      1996 VELOCITY 3 0 0.0 0.0
      1521 VELOCITY 4 0 0.0 0.0
      1516 VELOCITY 4 0 0.0 0.0
      1511 VELOCITY 4 0 0.0 0.0
      1506 VELOCITY 4 0 0.0 0.0
      1501 VELOCITY 4 0 0.0 0.0
      1546 VELOCITY 4 0 0.0 0.0
      1541 VELOCITY 4 0 0.0 0.0
      1536 VELOCITY 4 0 0.0 0.0
      1531 VELOCITY 4 0 0.0 0.0
      1526 VELOCITY 4 0 0.0 0.0
      1571 VELOCITY 4 0 0.0 0.0
      1566 VELOCITY 4 0 0.0 0.0
      1561 VELOCITY 4 0 0.0 0.0
      1556 VELOCITY 4 0 0.0 0.0
      1551 VELOCITY 4 0 0.0 0.0
      1596 VELOCITY 4 0 0.0 0.0
      1591 VELOCITY 4 0 0.0 0.0
      1586 VELOCITY 4 0 0.0 0.0
      1581 VELOCITY 4 0 0.0 0.0
      1576 VELOCITY 4 0 0.0 0.0
      1621 VELOCITY 4 0 0.0 0.0
      1616 VELOCITY 4 0 0.0 0.0
      1611 VELOCITY 4 0 0.0 0.0
      1606 VELOCITY 4 0 0.0 0.0
      1601 VELOCITY 4 0 0.0 0.0
      1646 VELOCITY 4 0 0.0 0.0
      1641 VELOCITY 4 0 0.0 0.0
      1636 VELOCITY 4 0 0.0 0.0
      1631 VELOCITY 4 0 0.0 0.0
      1626 VELOCITY 4 0 0.0 0.0
      1671 VELOCITY 4 0 0.0 0.0
      1666 VELOCITY 4 0 0.0 0.0
      1661 VELOCITY 4 0 0.0 0.0
      1656 VELOCITY 4 0 0.0 0.0
      1651 VELOCITY 4 0 0.0 0.0
      1696 VELOCITY 4 0 0.0 0.0
      1691 VELOCITY 4 0 0.0 0.0
      1686 VELOCITY 4 0 0.0 0.0
      1681 VELOCITY 4 0 0.0 0.0
      1676 VELOCITY 4 0 0.0 0.0
      1721 VELOCITY 4 0 0.0 0.0
      1716 VELOCITY 4 0 0.0 0.0
      1711 VELOCITY 4 0 0.0 0.0
      1706 VELOCITY 4 0 0.0 0.0
      1701 VELOCITY 4 0 0.0 0.0
      1746 VELOCITY 4 0 0.0 0.0
      1741 VELOCITY 4 0 0.0 0.0
      1736 VELOCITY 4 0 0.0 0.0
      1731 VELOCITY 4 0 0.0 0.0
      1726 VELOCITY 4 0 0.0 0.0
      1771 VELOCITY 4 0 0.0 0.0
      1766 VELOCITY 4 0 0.0 0.0
      1761 VELOCITY 4 0 0.0 0.0
      1756 VELOCITY 4 0 0.0 0.0
      1751 VELOCITY 4 0 0.0 0.0
      1796 VELOCITY 4 0 0.0 0.0
      1791 VELOCITY 4 0 0.0 0.0
      1786 VELOCITY 4 0 0.0 0.0
      1781 VELOCITY 4 0 0.0 0.0
      1776 VELOCITY 4 0 0.0 0.0
      1821 VELOCITY 4 0 0.0 0.0
      1816 VELOCITY 4 0 0.0 0.0
      1811 VELOCITY 4 0 0.0 0.0
      1806 VELOCITY 4 0 0.0 0.0
      1801 VELOCITY 4 0 0.0 0.0
      1846 VELOCITY 4 0 0.0 0.0
      1841 VELOCITY 4 0 0.0 0.0
      1836 VELOCITY 4 0 0.0 0.0
      1831 VELOCITY 4 0 0.0 0.0
      1826 VELOCITY 4 0 0.0 0.0
      1871 VELOCITY 4 0 0.0 0.0
      1866 VELOCITY 4 0 0.0 0.0
      1861 VELOCITY 4 0 0.0 0.0
      1856 VELOCITY 4 0 0.0 0.0
      1851 VELOCITY 4 0 0.0 0.0
      1896 VELOCITY 4 0 0.0 0.0
      1891 VELOCITY 4 0 0.0 0.0
      1886 VELOCITY 4 0 0.0 0.0
      1881 VELOCITY 4 0 0.0 0.0
      1876 VELOCITY 4 0 0.0 0.0
      1921 VELOCITY 4 0 0.0 0.0
      1916 VELOCITY 4 0 0.0 0.0
      1911 VELOCITY 4 0 0.0 0.0
      1906 VELOCITY 4 0 0.0 0.0
      1901 VELOCITY 4 0 0.0 0.0
      1946 VELOCITY 4 0 0.0 0.0
      1941 VELOCITY 4 0 0.0 0.0
      1936 VELOCITY 4 0 0.0 0.0
      1931 VELOCITY 4 0 0.0 0.0
      1926 VELOCITY 4 0 0.0 0.0
      1971 VELOCITY 4 0 0.0 0.0
      1966 VELOCITY 4 0 0.0 0.0
      1961 VELOCITY 4 0 0.0 0.0
      1956 VELOCITY 4 0 0.0 0.0
      1951 VELOCITY 4 0 0.0 0.0
      1996 VELOCITY 4 0 0.0 0.0
      1991 VELOCITY 4 0 0.0 0.0
      1986 VELOCITY 4 0 0.0 0.0
      1981 VELOCITY 4 0 0.0 0.0
      1976 VELOCITY 4 0 0.0 0.0
         1 VELOCITY 5 0.0 0.0 0.0
         2 VELOCITY 5 0.0 0.0 0.0
         3 VELOCITY 5 0.0 0.0 0.0
         4 VELOCITY 5 0.0 0.0 0.0
         5 VELOCITY 5 0.0 0.0 0.0
        26 VELOCITY 5 0.0 0.0 0.0
        27 VELOCITY 5 0.0 0.0 0.0
        28 VELOCITY 5 0.0 0.0 0.0
        29 VELOCITY 5 0.0 0.0 0.0
        30 VELOCITY 5 0.0 0.0 0.0
        51 VELOCITY 5 0.0 0.0 0.0
        52 VELOCITY 5 0.0 0.0 0.0
        53 VELOCITY 5 0.0 0.0 0.0
        54 VELOCITY 5 0.0 0.0 0.0
        55 VELOCITY 5 0.0 0.0 0.0
        76 VELOCITY 5 0.0 0.0 0.0
        77 VELOCITY 5 0.0 0.0 0.0
        78 VELOCITY 5 0.0 0.0 0.0
        79 VELOCITY 5 0.0 0.0 0.0
        80 VELOCITY 5 0.0 0.0 0.0
       101 VELOCITY 5 0.0 0.0 0.0
       102 VELOCITY 5 0.0 0.0 0.0
       103 VELOCITY 5 0.0 0.0 0.0
       104 VELOCITY 5 0.0 0.0 0.0
       105 VELOCITY 5 0.0 0.0 0.0
       126 VELOCITY 5 0.0 0.0 0.0
       127 VELOCITY 5 0.0 0.0 0.0
       128 VELOCITY 5 0.0 0.0 0.0
       129 VELOCITY 5 0.0 0.0 0.0
       130 VELOCITY 5 0.0 0.0 0.0
       151 VELOCITY 5 0.0 0.0 0.0
       152 VELOCITY 5 0.0 0.0 0.0
       153 VELOCITY 5 0.0 0.0 0.0
       154 VELOCITY 5 0.0 0.0 0.0
       155 VELOCITY 5 0.0 0.0 0.0
       176 VELOCITY 5 0.0 0.0 0.0
       177 VELOCITY 5 0.0 0.0 0.0
       178 VELOCITY 5 0.0 0.0 0.0
       179 VELOCITY 5 0.0 0.0 0.0
       180 VELOCITY 5 0.0 0.0 0.0
       201 VELOCITY 5 0.0 0.0 0.0
       202 VELOCITY 5 0.0 0.0 0.0
       203 VELOCITY 5 0.0 0.0 0.0
       204 VELOCITY 5 0.0 0.0 0.0
       205 VELOCITY 5 0.0 0.0 0.0
       226 VELOCITY 5 0.0 0.0 0.0
       227 VELOCITY 5 0.0 0.0 0.0
       228 VELOCITY 5 0.0 0.0 0.0
       229 VELOCITY 5 0.0 0.0 0.0
       230 VELOCITY 5 0.0 0.0 0.0
       251 VELOCITY 5 0.0 0.0 0.0
       252 VELOCITY 5 0.0 0.0 0.0
       253 VELOCITY 5 0.0 0.0 0.0
       254 VELOCITY 5 0.0 0.0 0.0
       255 VELOCITY 5 0.0 0.0 0.0
       276 VELOCITY 5 0.0 0.0 0.0
       277 VELOCITY 5 0.0 0.0 0.0
       278 VELOCITY 5 0.0 0.0 0.0
       279 VELOCITY 5 0.0 0.0 0.0
       280 VELOCITY 5 0.0 0.0 0.0
       301 VELOCITY 5 0.0 0.0 0.0
       302 VELOCITY 5 0.0 0.0 0.0
       303 VELOCITY 5 0.0 0.0 0.0
       304 VELOCITY 5 0.0 0.0 0.0
       305 VELOCITY 5 0.0 0.0 0.0
       326 VELOCITY 5 0.0 0.0 0.0
       327 VELOCITY 5 0.0 0.0 0.0
       328 VELOCITY 5 0.0 0.0 0.0
       329 VELOCITY 5 0.0 0.0 0.0
       330 VELOCITY 5 0.0 0.0 0.0
       351 VELOCITY 5 0.0 0.0 0.0
       352 VELOCITY 5 0.0 0.0 0.0
       353 VELOCITY 5 0.0 0.0 0.0
       354 VELOCITY 5 0.0 0.0 0.0
       355 VELOCITY 5 0.0 0.0 0.0
       376 VELOCITY 5 0.0 0.0 0.0
       377 VELOCITY 5 0.0 0.0 0.0
       378 VELOCITY 5 0.0 0.0 0.0
       379 VELOCITY 5 0.0 0.0 0.0
       380 VELOCITY 5 0.0 0.0 0.0
       401 VELOCITY 5 0.0 0.0 0.0
       402 VELOCITY 5 0.0 0.0 0.0
       403 VELOCITY 5 0.0 0.0 0.0
       404 VELOCITY 5 0.0 0.0 0.0
       405 VELOCITY 5 0.0 0.0 0.0
       426 VELOCITY 5 0.0 0.0 0.0
       427 VELOCITY 5 0.0 0.0 0.0
       428 VELOCITY 5 0.0 0.0 0.0
       429 VELOCITY 5 0.0 0.0 0.0
       430 VELOCITY 5 0.0 0.0 0.0
       451 VELOCITY 5 0.0 0.0 0.0
       452 VELOCITY 5 0.0 0.0 0.0
       453 VELOCITY 5 0.0 0.0 0.0
       454 VELOCITY 5 0.0 0.0 0.0
       455 VELOCITY 5 0.0 0.0 0.0
       476 VELOCITY 5 0.0 0.0 0.0
       477 VELOCITY 5 0.0 0.0 0.0
       478 VELOCITY 5 0.0 0.0 0.0
       479 VELOCITY 5 0.0 0.0 0.0
       480 VELOCITY 5 0.0 0.0 0.0
       501 VELOCITY 5 0.0 0.0 0.0
       502 VELOCITY 5 0.0 0.0 0.0
       503 VELOCITY 5 0.0 0.0 0.0
       504 VELOCITY 5 0.0 0.0 0.0
       505 VELOCITY 5 0.0 0.0 0.0
       526 VELOCITY 5 0.0 0.0 0.0
       527 VELOCITY 5 0.0 0.0 0.0
       528 VELOCITY 5 0.0 0.0 0.0
       529 VELOCITY 5 0.0 0.0 0.0
       530 VELOCITY 5 0.0 0.0 0.0
       551 VELOCITY 5 0.0 0.0 0.0
       552 VELOCITY 5 0.0 0.0 0.0
       553 VELOCITY 5 0.0 0.0 0.0
       554 VELOCITY 5 0.0 0.0 0.0
       555 VELOCITY 5 0.0 0.0 0.0
       576 VELOCITY 5 0.0 0.0 0.0
       577 VELOCITY 5 0.0 0.0 0.0
       578 VELOCITY 5 0.0 0.0 0.0
       579 VELOCITY 5 0.0 0.0 0.0
       580 VELOCITY 5 0.0 0.0 0.0
       601 VELOCITY 5 0.0 0.0 0.0
       602 VELOCITY 5 0.0 0.0 0.0
       603 VELOCITY 5 0.0 0.0 0.0
       604 VELOCITY 5 0.0 0.0 0.0
       605 VELOCITY 5 0.0 0.0 0.0
       626 VELOCITY 5 0.0 0.0 0.0
       627 VELOCITY 5 0.0 0.0 0.0
       628 VELOCITY 5 0.0 0.0 0.0
       629 VELOCITY 5 0.0 0.0 0.0
       630 VELOCITY 5 0.0 0.0 0.0
       651 VELOCITY 5 0.0 0.0 0.0
       652 VELOCITY 5 0.0 0.0 0.0
       653 VELOCITY 5 0.0 0.0 0.0
       654 VELOCITY 5 0.0 0.0 0.0
       655 VELOCITY 5 0.0 0.0 0.0
       676 VELOCITY 5 0.0 0.0 0.0
       677 VELOCITY 5 0.0 0.0 0.0
       678 VELOCITY 5 0.0 0.0 0.0
       679 VELOCITY 5 0.0 0.0 0.0
       680 VELOCITY 5 0.0 0.0 0.0
       701 VELOCITY 5 0.0 0.0 0.0
       702 VELOCITY 5 0.0 0.0 0.0
       703 VELOCITY 5 0.0 0.0 0.0
       704 VELOCITY 5 0.0 0.0 0.0
       705 VELOCITY 5 0.0 0.0 0.0
       726 VELOCITY 5 0.0 0.0 0.0
       727 VELOCITY 5 0.0 0.0 0.0
       728 VELOCITY 5 0.0 0.0 0.0
       729 VELOCITY 5 0.0 0.0 0.0
       730 VELOCITY 5 0.0 0.0 0.0
       751 VELOCITY 5 0.0 0.0 0.0
       752 VELOCITY 5 0.0 0.0 0.0
       753 VELOCITY 5 0.0 0.0 0.0
       754 VELOCITY 5 0.0 0.0 0.0
       755 VELOCITY 5 0.0 0.0 0.0
       776 VELOCITY 5 0.0 0.0 0.0
       777 VELOCITY 5 0.0 0.0 0.0
       778 VELOCITY 5 0.0 0.0 0.0
       779 VELOCITY 5 0.0 0.0 0.0
       780 VELOCITY 5 0.0 0.0 0.0
       801 VELOCITY 5 0.0 0.0 0.0
       802 VELOCITY 5 0.0 0.0 0.0
       803 VELOCITY 5 0.0 0.0 0.0
       804 VELOCITY 5 0.0 0.0 0.0
       805 VELOCITY 5 0.0 0.0 0.0
       826 VELOCITY 5 0.0 0.0 0.0
       827 VELOCITY 5 0.0 0.0 0.0
       828 VELOCITY 5 0.0 0.0 0.0
       829 VELOCITY 5 0.0 0.0 0.0
       830 VELOCITY 5 0.0 0.0 0.0
       851 VELOCITY 5 0.0 0.0 0.0
       852 VELOCITY 5 0.0 0.0 0.0
       853 VELOCITY 5 0.0 0.0 0.0
       854 VELOCITY 5 0.0 0.0 0.0
       855 VELOCITY 5 0.0 0.0 0.0
       876 VELOCITY 5 0.0 0.0 0.0
       877 VELOCITY 5 0.0 0.0 0.0
       878 VELOCITY 5 0.0 0.0 0.0
       879 VELOCITY 5 0.0 0.0 0.0
       880 VELOCITY 5 0.0 0.0 0.0
       901 VELOCITY 5 0.0 0.0 0.0
       902 VELOCITY 5 0.0 0.0 0.0
       903 VELOCITY 5 0.0 0.0 0.0
       904 VELOCITY 5 0.0 0.0 0.0
       905 VELOCITY 5 0.0 0.0 0.0
       926 VELOCITY 5 0.0 0.0 0.0
       927 VELOCITY 5 0.0 0.0 0.0
       928 VELOCITY 5 0.0 0.0 0.0
       929 VELOCITY 5 0.0 0.0 0.0
       930 VELOCITY 5 0.0 0.0 0.0
       951 VELOCITY 5 0.0 0.0 0.0
       952 VELOCITY 5 0.0 0.0 0.0
       953 VELOCITY 5 0.0 0.0 0.0
       954 VELOCITY 5 0.0 0.0 0.0
       955 VELOCITY 5 0.0 0.0 0.0
       976 VELOCITY 5 0.0 0.0 0.0
       977 VELOCITY 5 0.0 0.0 0.0
       978 VELOCITY 5 0.0 0.0 0.0
       979 VELOCITY 5 0.0 0.0 0.0
       980 VELOCITY 5 0.0 0.0 0.0
         5 VELOCITY 6 0.0 0.0 0.0
        10 VELOCITY 6 0.0 0.0 0.0
        15 VELOCITY 6 0.0 0.0 0.0
        20 VELOCITY 6 0.0 0.0 0.0
        25 VELOCITY 6 0.0 0.0 0.0
        30 VELOCITY 6 0.0 0.0 0.0
        35 VELOCITY 6 0.0 0.0 0.0
        40 VELOCITY 6 0.0 0.0 0.0
        45 VELOCITY 6 0.0 0.0 0.0
        50 VELOCITY 6 0.0 0.0 0.0
        55 VELOCITY 6 0.0 0.0 0.0
        60 VELOCITY 6 0.0 0.0 0.0
        65 VELOCITY 6 0.0 0.0 0.0
        70 VELOCITY 6 0.0 0.0 0.0
        75 VELOCITY 6 0.0 0.0 0.0
        80 VELOCITY 6 0.0 0.0 0.0
        85 VELOCITY 6 0.0 0.0 0.0
        90 VELOCITY 6 0.0 0.0 0.0
        95 VELOCITY 6 0.0 0.0 0.0
       100 VELOCITY 6 0.0 0.0 0.0
       105 VELOCITY 6 0.0 0.0 0.0
       110 VELOCITY 6 0.0 0.0 0.0
       115 VELOCITY 6 0.0 0.0 0.0
       120 VELOCITY 6 0.0 0.0 0.0
       125 VELOCITY 6 0.0 0.0 0.0
       130 VELOCITY 6 0.0 0.0 0.0
       135 VELOCITY 6 0.0 0.0 0.0
       140 VELOCITY 6 0.0 0.0 0.0
       145 VELOCITY 6 0.0 0.0 0.0
       150 VELOCITY 6 0.0 0.0 0.0
       155 VELOCITY 6 0.0 0.0 0.0
       160 VELOCITY 6 0.0 0.0 0.0
       165 VELOCITY 6 0.0 0.0 0.0
       170 VELOCITY 6 0.0 0.0 0.0
       175 VELOCITY 6 0.0 0.0 0.0
       180 VELOCITY 6 0.0 0.0 0.0
       185 VELOCITY 6 0.0 0.0 0.0
       190 VELOCITY 6 0.0 0.0 0.0
       195 VELOCITY 6 0.0 0.0 0.0
       200 VELOCITY 6 0.0 0.0 0.0
       205 VELOCITY 6 0.0 0.0 0.0
       210 VELOCITY 6 0.0 0.0 0.0
       215 VELOCITY 6 0.0 0.0 0.0
       220 VELOCITY 6 0.0 0.0 0.0
       225 VELOCITY 6 0.0 0.0 0.0
       230 VELOCITY 6 0.0 0.0 0.0
       235 VELOCITY 6 0.0 0.0 0.0
       240 VELOCITY 6 0.0 0.0 0.0
       245 VELOCITY 6 0.0 0.0 0.0
       250 VELOCITY 6 0.0 0.0 0.0
       255 VELOCITY 6 0.0 0.0 0.0
       260 VELOCITY 6 0.0 0.0 0.0
       265 VELOCITY 6 0.0 0.0 0.0
       270 VELOCITY 6 0.0 0.0 0.0
       275 VELOCITY 6 0.0 0.0 0.0
       280 VELOCITY 6 0.0 0.0 0.0
       285 VELOCITY 6 0.0 0.0 0.0
       290 VELOCITY 6 0.0 0.0 0.0
       295 VELOCITY 6 0.0 0.0 0.0
       300 VELOCITY 6 0.0 0.0 0.0
       305 VELOCITY 6 0.0 0.0 0.0
       310 VELOCITY 6 0.0 0.0 0.0
       315 VELOCITY 6 0.0 0.0 0.0
       320 VELOCITY 6 0.0 0.0 0.0
       325 VELOCITY 6 0.0 0.0 0.0
       330 VELOCITY 6 0.0 0.0 0.0
       335 VELOCITY 6 0.0 0.0 0.0
       340 VELOCITY 6 0.0 0.0 0.0
       345 VELOCITY 6 0.0 0.0 0.0
       350 VELOCITY 6 0.0 0.0 0.0
       355 VELOCITY 6 0.0 0.0 0.0
       360 VELOCITY 6 0.0 0.0 0.0
       365 VELOCITY 6 0.0 0.0 0.0
       370 VELOCITY 6 0.0 0.0 0.0
       375 VELOCITY 6 0.0 0.0 0.0
       380 VELOCITY 6 0.0 0.0 0.0
       385 VELOCITY 6 0.0 0.0 0.0
       390 VELOCITY 6 0.0 0.0 0.0
       395 VELOCITY 6 0.0 0.0 0.0
       400 VELOCITY 6 0.0 0.0 0.0
       405 VELOCITY 6 0.0 0.0 0.0
       410 VELOCITY 6 0.0 0.0 0.0
       415 VELOCITY 6 0.0 0.0 0.0
       420 VELOCITY 6 0.0 0.0 0.0
       425 VELOCITY 6 0.0 0.0 0.0
       430 VELOCITY 6 0.0 0.0 0.0
       435 VELOCITY 6 0.0 0.0 0.0
       440 VELOCITY 6 0.0 0.0 0.0
       445 VELOCITY 6 0.0 0.0 0.0
       450 VELOCITY 6 0.0 0.0 0.0
       455 VELOCITY 6 0.0 0.0 0.0
       460 VELOCITY 6 0.0 0.0 0.0
       465 VELOCITY 6 0.0 0.0 0.0
       470 VELOCITY 6 0.0 0.0 0.0
       475 VELOCITY 6 0.0 0.0 0.0
       480 VELOCITY 6 0.0 0.0 0.0
       485 VELOCITY 6 0.0 0.0 0.0
       490 VELOCITY 6 0.0 0.0 0.0
       495 VELOCITY 6 0.0 0.0 0.0
       500 VELOCITY 6 0.0 0.0 0.0
       505 VELOCITY 6 0.0 0.0 0.0
       510 VELOCITY 6 0.0 0.0 0.0
       515 VELOCITY 6 0.0 0.0 0.0
       520 VELOCITY 6 0.0 0.0 0.0
       525 VELOCITY 6 0.0 0.0 0.0
       530 VELOCITY 6 0.0 0.0 0.0
       535 VELOCITY 6 0.0 0.0 0.0
       540 VELOCITY 6 0.0 0.0 0.0
       545 VELOCITY 6 0.0 0.0 0.0
       550 VELOCITY 6 0.0 0.0 0.0
       555 VELOCITY 6 0.0 0.0 0.0
       560 VELOCITY 6 0.0 0.0 0.0
       565 VELOCITY 6 0.0 0.0 0.0
       570 VELOCITY 6 0.0 0.0 0.0
       575 VELOCITY 6 0.0 0.0 0.0
       580 VELOCITY 6 0.0 0.0 0.0
       585 VELOCITY 6 0.0 0.0 0.0
       590 VELOCITY 6 0.0 0.0 0.0
       595 VELOCITY 6 0.0 0.0 0.0
       600 VELOCITY 6 0.0 0.0 0.0
       605 VELOCITY 6 0.0 0.0 0.0
       610 VELOCITY 6 0.0 0.0 0.0
       615 VELOCITY 6 0.0 0.0 0.0
       620 VELOCITY 6 0.0 0.0 0.0
       625 VELOCITY 6 0.0 0.0 0.0
       630 VELOCITY 6 0.0 0.0 0.0
       635 VELOCITY 6 0.0 0.0 0.0
       640 VELOCITY 6 0.0 0.0 0.0
       645 VELOCITY 6 0.0 0.0 0.0
       650 VELOCITY 6 0.0 0.0 0.0
       655 VELOCITY 6 0.0 0.0 0.0
       660 VELOCITY 6 0.0 0.0 0.0
       665 VELOCITY 6 0.0 0.0 0.0
       670 VELOCITY 6 0.0 0.0 0.0
       675 VELOCITY 6 0.0 0.0 0.0
       680 VELOCITY 6 0.0 0.0 0.0
       685 VELOCITY 6 0.0 0.0 0.0
       690 VELOCITY 6 0.0 0.0 0.0
       695 VELOCITY 6 0.0 0.0 0.0
       700 VELOCITY 6 0.0 0.0 0.0
       705 VELOCITY 6 0.0 0.0 0.0
       710 VELOCITY 6 0.0 0.0 0.0
       715 VELOCITY 6 0.0 0.0 0.0
       720 VELOCITY 6 0.0 0.0 0.0
       725 VELOCITY 6 0.0 0.0 0.0
       730 VELOCITY 6 0.0 0.0 0.0
       735 VELOCITY 6 0.0 0.0 0.0
       740 VELOCITY 6 0.0 0.0 0.0
       745 VELOCITY 6 0.0 0.0 0.0
       750 VELOCITY 6 0.0 0.0 0.0
       755 VELOCITY 6 0.0 0.0 0.0
       760 VELOCITY 6 0.0 0.0 0.0
       765 VELOCITY 6 0.0 0.0 0.0
       770 VELOCITY 6 0.0 0.0 0.0
       775 VELOCITY 6 0.0 0.0 0.0
       780 VELOCITY 6 0.0 0.0 0.0
       785 VELOCITY 6 0.0 0.0 0.0
       790 VELOCITY 6 0.0 0.0 0.0
       795 VELOCITY 6 0.0 0.0 0.0
       800 VELOCITY 6 0.0 0.0 0.0
       805 VELOCITY 6 0.0 0.0 0.0
       810 VELOCITY 6 0.0 0.0 0.0
       815 VELOCITY 6 0.0 0.0 0.0
       820 VELOCITY 6 0.0 0.0 0.0
       825 VELOCITY 6 0.0 0.0 0.0
       830 VELOCITY 6 0.0 0.0 0.0
       835 VELOCITY 6 0.0 0.0 0.0
       840 VELOCITY 6 0.0 0.0 0.0
       845 VELOCITY 6 0.0 0.0 0.0
       850 VELOCITY 6 0.0 0.0 0.0
       855 VELOCITY 6 0.0 0.0 0.0
       860 VELOCITY 6 0.0 0.0 0.0
       865 VELOCITY 6 0.0 0.0 0.0
       870 VELOCITY 6 0.0 0.0 0.0
       875 VELOCITY 6 0.0 0.0 0.0
       880 VELOCITY 6 0.0 0.0 0.0
       885 VELOCITY 6 0.0 0.0 0.0
       890 VELOCITY 6 0.0 0.0 0.0
       895 VELOCITY 6 0.0 0.0 0.0
       900 VELOCITY 6 0.0 0.0 0.0
       905 VELOCITY 6 0.0 0.0 0.0
       910 VELOCITY 6 0.0 0.0 0.0
       915 VELOCITY 6 0.0 0.0 0.0
       920 VELOCITY 6 0.0 0.0 0.0
       925 VELOCITY 6 0.0 0.0 0.0
       930 VELOCITY 6 0.0 0.0 0.0
       935 VELOCITY 6 0.0 0.0 0.0
       940 VELOCITY 6 0.0 0.0 0.0
       945 VELOCITY 6 0.0 0.0 0.0
       950 VELOCITY 6 0.0 0.0 0.0
       955 VELOCITY 6 0.0 0.0 0.0
       960 VELOCITY 6 0.0 0.0 0.0
       965 VELOCITY 6 0.0 0.0 0.0
       970 VELOCITY 6 0.0 0.0 0.0
       975 VELOCITY 6 0.0 0.0 0.0
       980 VELOCITY 6 0.0 0.0 0.0
       985 VELOCITY 6 0.0 0.0 0.0
       990 VELOCITY 6 0.0 0.0 0.0
       995 VELOCITY 6 0.0 0.0 0.0
      1000 VELOCITY 6 0.0 0.0 0.0
        25 VELOCITY 3 0.0 0.0 0.0
        24 VELOCITY 3 0.0 0.0 0.0
        23 VELOCITY 3 0.0 0.0 0.0
        22 VELOCITY 3 0.0 0.0 0.0
        21 VELOCITY 3 0.0 0.0 0.0
        50 VELOCITY 3 0.0 0.0 0.0
        49 VELOCITY 3 0.0 0.0 0.0
        48 VELOCITY 3 0.0 0.0 0.0
        47 VELOCITY 3 0.0 0.0 0.0
        46 VELOCITY 3 0.0 0.0 0.0
        75 VELOCITY 3 0.0 0.0 0.0
        74 VELOCITY 3 0.0 0.0 0.0
        73 VELOCITY 3 0.0 0.0 0.0
        72 VELOCITY 3 0.0 0.0 0.0
        71 VELOCITY 3 0.0 0.0 0.0
       100 VELOCITY 3 0.0 0.0 0.0
        99 VELOCITY 3 0.0 0.0 0.0
        98 VELOCITY 3 0.0 0.0 0.0
        97 VELOCITY 3 0.0 0.0 0.0
        96 VELOCITY 3 0.0 0.0 0.0
       125 VELOCITY 3 0.0 0.0 0.0
       124 VELOCITY 3 0.0 0.0 0.0
       123 VELOCITY 3 0.0 0.0 0.0
       122 VELOCITY 3 0.0 0.0 0.0
       121 VELOCITY 3 0.0 0.0 0.0
       150 VELOCITY 3 0.0 0.0 0.0
       149 VELOCITY 3 0.0 0.0 0.0
       148 VELOCITY 3 0.0 0.0 0.0
       147 VELOCITY 3 0.0 0.0 0.0
       146 VELOCITY 3 0.0 0.0 0.0
       175 VELOCITY 3 0.0 0.0 0.0
       174 VELOCITY 3 0.0 0.0 0.0
       173 VELOCITY 3 0.0 0.0 0.0
       172 VELOCITY 3 0.0 0.0 0.0
       171 VELOCITY 3 0.0 0.0 0.0
       200 VELOCITY 3 0.0 0.0 0.0
       199 VELOCITY 3 0.0 0.0 0.0
       198 VELOCITY 3 0.0 0.0 0.0
       197 VELOCITY 3 0.0 0.0 0.0
       196 VELOCITY 3 0.0 0.0 0.0
       225 VELOCITY 3 0.0 0.0 0.0
       224 VELOCITY 3 0.0 0.0 0.0
       223 VELOCITY 3 0.0 0.0 0.0
       222 VELOCITY 3 0.0 0.0 0.0
       221 VELOCITY 3 0.0 0.0 0.0
       250 VELOCITY 3 0.0 0.0 0.0
       249 VELOCITY 3 0.0 0.0 0.0
       248 VELOCITY 3 0.0 0.0 0.0
       247 VELOCITY 3 0.0 0.0 0.0
       246 VELOCITY 3 0.0 0.0 0.0
       275 VELOCITY 3 0.0 0.0 0.0
       274 VELOCITY 3 0.0 0.0 0.0
       273 VELOCITY 3 0.0 0.0 0.0
       272 VELOCITY 3 0.0 0.0 0.0
       271 VELOCITY 3 0.0 0.0 0.0
       300 VELOCITY 3 0.0 0.0 0.0
       299 VELOCITY 3 0.0 0.0 0.0
       298 VELOCITY 3 0.0 0.0 0.0
       297 VELOCITY 3 0.0 0.0 0.0
       296 VELOCITY 3 0.0 0.0 0.0
       325 VELOCITY 3 0.0 0.0 0.0
       324 VELOCITY 3 0.0 0.0 0.0
       323 VELOCITY 3 0.0 0.0 0.0
       322 VELOCITY 3 0.0 0.0 0.0
       321 VELOCITY 3 0.0 0.0 0.0
       350 VELOCITY 3 0.0 0.0 0.0
       349 VELOCITY 3 0.0 0.0 0.0
       348 VELOCITY 3 0.0 0.0 0.0
       347 VELOCITY 3 0.0 0.0 0.0
       346 VELOCITY 3 0.0 0.0 0.0
       375 VELOCITY 3 0.0 0.0 0.0
       374 VELOCITY 3 0.0 0.0 0.0
       373 VELOCITY 3 0.0 0.0 0.0
       372 VELOCITY 3 0.0 0.0 0.0
       371 VELOCITY 3 0.0 0.0 0.0
       400 VELOCITY 3 0.0 0.0 0.0
       399 VELOCITY 3 0.0 0.0 0.0
       398 VELOCITY 3 0.0 0.0 0.0
       397 VELOCITY 3 0.0 0.0 0.0
       396 VELOCITY 3 0.0 0.0 0.0
       425 VELOCITY 3 0.0 0.0 0.0
       424 VELOCITY 3 0.0 0.0 0.0
       423 VELOCITY 3 0.0 0.0 0.0
       422 VELOCITY 3 0.0 0.0 0.0
       421 VELOCITY 3 0.0 0.0 0.0
       450 VELOCITY 3 0.0 0.0 0.0
       449 VELOCITY 3 0.0 0.0 0.0
       448 VELOCITY 3 0.0 0.0 0.0
       447 VELOCITY 3 0.0 0.0 0.0
       446 VELOCITY 3 0.0 0.0 0.0
       475 VELOCITY 3 0.0 0.0 0.0
       474 VELOCITY 3 0.0 0.0 0.0
       473 VELOCITY 3 0.0 0.0 0.0
       472 VELOCITY 3 0.0 0.0 0.0
       471 VELOCITY 3 0.0 0.0 0.0
       500 VELOCITY 3 0.0 0.0 0.0
       499 VELOCITY 3 0.0 0.0 0.0
       498 VELOCITY 3 0.0 0.0 0.0
       497 VELOCITY 3 0.0 0.0 0.0
       496 VELOCITY 3 0.0 0.0 0.0
       525 VELOCITY 3 0.0 0.0 0.0
       524 VELOCITY 3 0.0 0.0 0.0
       523 VELOCITY 3 0.0 0.0 0.0
       522 VELOCITY 3 0.0 0.0 0.0
       521 VELOCITY 3 0.0 0.0 0.0
       550 VELOCITY 3 0.0 0.0 0.0
       549 VELOCITY 3 0.0 0.0 0.0
       548 VELOCITY 3 0.0 0.0 0.0
       547 VELOCITY 3 0.0 0.0 0.0
       546 VELOCITY 3 0.0 0.0 0.0
       575 VELOCITY 3 0.0 0.0 0.0
       574 VELOCITY 3 0.0 0.0 0.0
       573 VELOCITY 3 0.0 0.0 0.0
       572 VELOCITY 3 0.0 0.0 0.0
       571 VELOCITY 3 0.0 0.0 0.0
       600 VELOCITY 3 0.0 0.0 0.0
       599 VELOCITY 3 0.0 0.0 0.0
       598 VELOCITY 3 0.0 0.0 0.0
       597 VELOCITY 3 0.0 0.0 0.0
       596 VELOCITY 3 0.0 0.0 0.0
       625 VELOCITY 3 0.0 0.0 0.0
       624 VELOCITY 3 0.0 0.0 0.0
       623 VELOCITY 3 0.0 0.0 0.0
       622 VELOCITY 3 0.0 0.0 0.0
       621 VELOCITY 3 0.0 0.0 0.0
       650 VELOCITY 3 0.0 0.0 0.0
       649 VELOCITY 3 0.0 0.0 0.0
       648 VELOCITY 3 0.0 0.0 0.0
       647 VELOCITY 3 0.0 0.0 0.0
       646 VELOCITY 3 0.0 0.0 0.0
       675 VELOCITY 3 0.0 0.0 0.0
       674 VELOCITY 3 0.0 0.0 0.0
       673 VELOCITY 3 0.0 0.0 0.0
       672 VELOCITY 3 0.0 0.0 0.0
       671 VELOCITY 3 0.0 0.0 0.0
       700 VELOCITY 3 0.0 0.0 0.0
       699 VELOCITY 3 0.0 0.0 0.0
       698 VELOCITY 3 0.0 0.0 0.0
       697 VELOCITY 3 0.0 0.0 0.0
       696 VELOCITY 3 0.0 0.0 0.0
       725 VELOCITY 3 0.0 0.0 0.0
       724 VELOCITY 3 0.0 0.0 0.0
       723 VELOCITY 3 0.0 0.0 0.0
       722 VELOCITY 3 0.0 0.0 0.0
       721 VELOCITY 3 0.0 0.0 0.0
       750 VELOCITY 3 0.0 0.0 0.0
       749 VELOCITY 3 0.0 0.0 0.0
       748 VELOCITY 3 0.0 0.0 0.0
       747 VELOCITY 3 0.0 0.0 0.0
       746 VELOCITY 3 0.0 0.0 0.0
       775 VELOCITY 3 0.0 0.0 0.0
       774 VELOCITY 3 0.0 0.0 0.0
       773 VELOCITY 3 0.0 0.0 0.0
       772 VELOCITY 3 0.0 0.0 0.0
       771 VELOCITY 3 0.0 0.0 0.0
       800 VELOCITY 3 0.0 0.0 0.0
       799 VELOCITY 3 0.0 0.0 0.0
       798 VELOCITY 3 0.0 0.0 0.0
       797 VELOCITY 3 0.0 0.0 0.0
       796 VELOCITY 3 0.0 0.0 0.0
       825 VELOCITY 3 0.0 0.0 0.0
       824 VELOCITY 3 0.0 0.0 0.0
       823 VELOCITY 3 0.0 0.0 0.0
       822 VELOCITY 3 0.0 0.0 0.0
       821 VELOCITY 3 0.0 0.0 0.0
       850 VELOCITY 3 0.0 0.0 0.0
       849 VELOCITY 3 0.0 0.0 0.0
       848 VELOCITY 3 0.0 0.0 0.0
       847 VELOCITY 3 0.0 0.0 0.0
       846 VELOCITY 3 0.0 0.0 0.0
       875 VELOCITY 3 0.0 0.0 0.0
       874 VELOCITY 3 0.0 0.0 0.0
       873 VELOCITY 3 0.0 0.0 0.0
       872 VELOCITY 3 0.0 0.0 0.0
       871 VELOCITY 3 0.0 0.0 0.0
       900 VELOCITY 3 0.0 0.0 0.0
       899 VELOCITY 3 0.0 0.0 0.0
       898 VELOCITY 3 0.0 0.0 0.0
       897 VELOCITY 3 0.0 0.0 0.0
       896 VELOCITY 3 0.0 0.0 0.0
       925 VELOCITY 3 0.0 0.0 0.0
       924 VELOCITY 3 0.0 0.0 0.0
       923 VELOCITY 3 0.0 0.0 0.0
       922 VELOCITY 3 0.0 0.0 0.0
       921 VELOCITY 3 0.0 0.0 0.0
       950 VELOCITY 3 0.0 0.0 0.0
       949 VELOCITY 3 0.0 0.0 0.0
       948 VELOCITY 3 0.0 0.0 0.0
       947 VELOCITY 3 0.0 0.0 0.0
       946 VELOCITY 3 0.0 0.0 0.0
       975 VELOCITY 3 0.0 0.0 0.0
       974 VELOCITY 3 0.0 0.0 0.0
       973 VELOCITY 3 0.0 0.0 0.0
       972 VELOCITY 3 0.0 0.0 0.0
       971 VELOCITY 3 0.0 0.0 0.0
      1000 VELOCITY 3 0.0 0.0 0.0
       999 VELOCITY 3 0.0 0.0 0.0
       998 VELOCITY 3 0.0 0.0 0.0
       997 VELOCITY 3 0.0 0.0 0.0
       996 VELOCITY 3 0.0 0.0 0.0
        21 VELOCITY 4 0.0 0.0 0.0
        16 VELOCITY 4 0.0 0.0 0.0
        11 VELOCITY 4 0.0 0.0 0.0
         6 VELOCITY 4 0.0 0.0 0.0
         1 VELOCITY 4 0.0 0.0 0.0
        46 VELOCITY 4 0.0 0.0 0.0
        41 VELOCITY 4 0.0 0.0 0.0
        36 VELOCITY 4 0.0 0.0 0.0
        31 VELOCITY 4 0.0 0.0 0.0
        26 VELOCITY 4 0.0 0.0 0.0
        71 VELOCITY 4 0.0 0.0 0.0
        66 VELOCITY 4 0.0 0.0 0.0
        61 VELOCITY 4 0.0 0.0 0.0
        56 VELOCITY 4 0.0 0.0 0.0
        51 VELOCITY 4 0.0 0.0 0.0
        96 VELOCITY 4 0.0 0.0 0.0
        91 VELOCITY 4 0.0 0.0 0.0
        86 VELOCITY 4 0.0 0.0 0.0
        81 VELOCITY 4 0.0 0.0 0.0
        76 VELOCITY 4 0.0 0.0 0.0
       121 VELOCITY 4 0.0 0.0 0.0
       116 VELOCITY 4 0.0 0.0 0.0
       111 VELOCITY 4 0.0 0.0 0.0
       106 VELOCITY 4 0.0 0.0 0.0
       101 VELOCITY 4 0.0 0.0 0.0
       146 VELOCITY 4 0.0 0.0 0.0
       141 VELOCITY 4 0.0 0.0 0.0
       136 VELOCITY 4 0.0 0.0 0.0
       131 VELOCITY 4 0.0 0.0 0.0
       126 VELOCITY 4 0.0 0.0 0.0
       171 VELOCITY 4 0.0 0.0 0.0
       166 VELOCITY 4 0.0 0.0 0.0
       161 VELOCITY 4 0.0 0.0 0.0
       156 VELOCITY 4 0.0 0.0 0.0
       151 VELOCITY 4 0.0 0.0 0.0
       196 VELOCITY 4 0.0 0.0 0.0
       191 VELOCITY 4 0.0 0.0 0.0
       186 VELOCITY 4 0.0 0.0 0.0
       181 VELOCITY 4 0.0 0.0 0.0
       176 VELOCITY 4 0.0 0.0 0.0
       221 VELOCITY 4 0.0 0.0 0.0
       216 VELOCITY 4 0.0 0.0 0.0
       211 VELOCITY 4 0.0 0.0 0.0
       206 VELOCITY 4 0.0 0.0 0.0
       201 VELOCITY 4 0.0 0.0 0.0
       246 VELOCITY 4 0.0 0.0 0.0
       241 VELOCITY 4 0.0 0.0 0.0
       236 VELOCITY 4 0.0 0.0 0.0
       231 VELOCITY 4 0.0 0.0 0.0
       226 VELOCITY 4 0.0 0.0 0.0
       271 VELOCITY 4 0.0 0.0 0.0
       266 VELOCITY 4 0.0 0.0 0.0
       261 VELOCITY 4 0.0 0.0 0.0
       256 VELOCITY 4 0.0 0.0 0.0
       251 VELOCITY 4 0.0 0.0 0.0
       296 VELOCITY 4 0.0 0.0 0.0
       291 VELOCITY 4 0.0 0.0 0.0
       286 VELOCITY 4 0.0 0.0 0.0
       281 VELOCITY 4 0.0 0.0 0.0
       276 VELOCITY 4 0.0 0.0 0.0
       321 VELOCITY 4 0.0 0.0 0.0
       316 VELOCITY 4 0.0 0.0 0.0
       311 VELOCITY 4 0.0 0.0 0.0
       306 VELOCITY 4 0.0 0.0 0.0
       301 VELOCITY 4 0.0 0.0 0.0
       346 VELOCITY 4 0.0 0.0 0.0
       341 VELOCITY 4 0.0 0.0 0.0
       336 VELOCITY 4 0.0 0.0 0.0
       331 VELOCITY 4 0.0 0.0 0.0
       326 VELOCITY 4 0.0 0.0 0.0
       371 VELOCITY 4 0.0 0.0 0.0
       366 VELOCITY 4 0.0 0.0 0.0
       361 VELOCITY 4 0.0 0.0 0.0
       356 VELOCITY 4 0.0 0.0 0.0
       351 VELOCITY 4 0.0 0.0 0.0
       396 VELOCITY 4 0.0 0.0 0.0
       391 VELOCITY 4 0.0 0.0 0.0
       386 VELOCITY 4 0.0 0.0 0.0
       381 VELOCITY 4 0.0 0.0 0.0
       376 VELOCITY 4 0.0 0.0 0.0
       421 VELOCITY 4 0.0 0.0 0.0
       416 VELOCITY 4 0.0 0.0 0.0
       411 VELOCITY 4 0.0 0.0 0.0
       406 VELOCITY 4 0.0 0.0 0.0
       401 VELOCITY 4 0.0 0.0 0.0
       446 VELOCITY 4 0.0 0.0 0.0
       441 VELOCITY 4 0.0 0.0 0.0
       436 VELOCITY 4 0.0 0.0 0.0
       431 VELOCITY 4 0.0 0.0 0.0
       426 VELOCITY 4 0.0 0.0 0.0
       471 VELOCITY 4 0.0 0.0 0.0
       466 VELOCITY 4 0.0 0.0 0.0
       461 VELOCITY 4 0.0 0.0 0.0
       456 VELOCITY 4 0.0 0.0 0.0
       451 VELOCITY 4 0.0 0.0 0.0
       496 VELOCITY 4 0.0 0.0 0.0
       491 VELOCITY 4 0.0 0.0 0.0
       486 VELOCITY 4 0.0 0.0 0.0
       481 VELOCITY 4 0.0 0.0 0.0
       476 VELOCITY 4 0.0 0.0 0.0
       521 VELOCITY 4 0.0 0.0 0.0
       516 VELOCITY 4 0.0 0.0 0.0
       511 VELOCITY 4 0.0 0.0 0.0
       506 VELOCITY 4 0.0 0.0 0.0
       501 VELOCITY 4 0.0 0.0 0.0
       546 VELOCITY 4 0.0 0.0 0.0
       541 VELOCITY 4 0.0 0.0 0.0
       536 VELOCITY 4 0.0 0.0 0.0
       531 VELOCITY 4 0.0 0.0 0.0
       526 VELOCITY 4 0.0 0.0 0.0
       571 VELOCITY 4 0.0 0.0 0.0
       566 VELOCITY 4 0.0 0.0 0.0
       561 VELOCITY 4 0.0 0.0 0.0
       556 VELOCITY 4 0.0 0.0 0.0
       551 VELOCITY 4 0.0 0.0 0.0
       596 VELOCITY 4 0.0 0.0 0.0
       591 VELOCITY 4 0.0 0.0 0.0
       586 VELOCITY 4 0.0 0.0 0.0
       581 VELOCITY 4 0.0 0.0 0.0
       576 VELOCITY 4 0.0 0.0 0.0
       621 VELOCITY 4 0.0 0.0 0.0
       616 VELOCITY 4 0.0 0.0 0.0
       611 VELOCITY 4 0.0 0.0 0.0
       606 VELOCITY 4 0.0 0.0 0.0
       601 VELOCITY 4 0.0 0.0 0.0
       646 VELOCITY 4 0.0 0.0 0.0
       641 VELOCITY 4 0.0 0.0 0.0
       636 VELOCITY 4 0.0 0.0 0.0
       631 VELOCITY 4 0.0 0.0 0.0
       626 VELOCITY 4 0.0 0.0 0.0
       671 VELOCITY 4 0.0 0.0 0.0
       666 VELOCITY 4 0.0 0.0 0.0
       661 VELOCITY 4 0.0 0.0 0.0
       656 VELOCITY 4 0.0 0.0 0.0
       651 VELOCITY 4 0.0 0.0 0.0
       696 VELOCITY 4 0.0 0.0 0.0
       691 VELOCITY 4 0.0 0.0 0.0
       686 VELOCITY 4 0.0 0.0 0.0
       681 VELOCITY 4 0.0 0.0 0.0
       676 VELOCITY 4 0.0 0.0 0.0
       721 VELOCITY 4 0.0 0.0 0.0
       716 VELOCITY 4 0.0 0.0 0.0
       711 VELOCITY 4 0.0 0.0 0.0
       706 VELOCITY 4 0.0 0.0 0.0
       701 VELOCITY 4 0.0 0.0 0.0
       746 VELOCITY 4 0.0 0.0 0.0
       741 VELOCITY 4 0.0 0.0 0.0
       736 VELOCITY 4 0.0 0.0 0.0
       731 VELOCITY 4 0.0 0.0 0.0
       726 VELOCITY 4 0.0 0.0 0.0
       771 VELOCITY 4 0.0 0.0 0.0
       766 VELOCITY 4 0.0 0.0 0.0
       761 VELOCITY 4 0.0 0.0 0.0
       756 VELOCITY 4 0.0 0.0 0.0
       751 VELOCITY 4 0.0 0.0 0.0
       796 VELOCITY 4 0.0 0.0 0.0
       791 VELOCITY 4 0.0 0.0 0.0
       786 VELOCITY 4 0.0 0.0 0.0
       781 VELOCITY 4 0.0 0.0 0.0
       776 VELOCITY 4 0.0 0.0 0.0
       821 VELOCITY 4 0.0 0.0 0.0
       816 VELOCITY 4 0.0 0.0 0.0
       811 VELOCITY 4 0.0 0.0 0.0
       806 VELOCITY 4 0.0 0.0 0.0
       801 VELOCITY 4 0.0 0.0 0.0
       846 VELOCITY 4 0.0 0.0 0.0
       841 VELOCITY 4 0.0 0.0 0.0
       836 VELOCITY 4 0.0 0.0 0.0
       831 VELOCITY 4 0.0 0.0 0.0
       826 VELOCITY 4 0.0 0.0 0.0
       871 VELOCITY 4 0.0 0.0 0.0
       866 VELOCITY 4 0.0 0.0 0.0
       861 VELOCITY 4 0.0 0.0 0.0
       856 VELOCITY 4 0.0 0.0 0.0
       851 VELOCITY 4 0.0 0.0 0.0
       896 VELOCITY 4 0.0 0.0 0.0
       891 VELOCITY 4 0.0 0.0 0.0
       886 VELOCITY 4 0.0 0.0 0.0
       881 VELOCITY 4 0.0 0.0 0.0
       876 VELOCITY 4 0.0 0.0 0.0
       921 VELOCITY 4 0.0 0.0 0.0
       916 VELOCITY 4 0.0 0.0 0.0
       911 VELOCITY 4 0.0 0.0 0.0
       906 VELOCITY 4 0.0 0.0 0.0
       901 VELOCITY 4 0.0 0.0 0.0
       946 VELOCITY 4 0.0 0.0 0.0
       941 VELOCITY 4 0.0 0.0 0.0
       936 VELOCITY 4 0.0 0.0 0.0
       931 VELOCITY 4 0.0 0.0 0.0
       926 VELOCITY 4 0.0 0.0 0.0
       971 VELOCITY 4 0.0 0.0 0.0
       966 VELOCITY 4 0.0 0.0 0.0
       961 VELOCITY 4 0.0 0.0 0.0
       956 VELOCITY 4 0.0 0.0 0.0
       951 VELOCITY 4 0.0 0.0 0.0
       996 VELOCITY 4 0.0 0.0 0.0
       991 VELOCITY 4 0.0 0.0 0.0
       986 VELOCITY 4 0.0 0.0 0.0
       981 VELOCITY 4 0.0 0.0 0.0
       976 VELOCITY 4 0.0 0.0 0.0
      1001 VELOCITY 5 0.0 0.0 0.0
      1002 VELOCITY 5 0.0 0.0 0.0
      1003 VELOCITY 5 0.0 0.0 0.0
      1004 VELOCITY 5 0.0 0.0 0.0
      1005 VELOCITY 5 0.0 0.0 0.0
      1026 VELOCITY 5 0.0 0.0 0.0
      1027 VELOCITY 5 0.0 0.0 0.0
      1028 VELOCITY 5 0.0 0.0 0.0
      1029 VELOCITY 5 0.0 0.0 0.0
      1030 VELOCITY 5 0.0 0.0 0.0
      1051 VELOCITY 5 0.0 0.0 0.0
      1052 VELOCITY 5 0.0 0.0 0.0
      1053 VELOCITY 5 0.0 0.0 0.0
      1054 VELOCITY 5 0.0 0.0 0.0
      1055 VELOCITY 5 0.0 0.0 0.0
      1076 VELOCITY 5 0.0 0.0 0.0
      1077 VELOCITY 5 0.0 0.0 0.0
      1078 VELOCITY 5 0.0 0.0 0.0
      1079 VELOCITY 5 0.0 0.0 0.0
      1080 VELOCITY 5 0.0 0.0 0.0
      1101 VELOCITY 5 0.0 0.0 0.0
      1102 VELOCITY 5 0.0 0.0 0.0
      1103 VELOCITY 5 0.0 0.0 0.0
      1104 VELOCITY 5 0.0 0.0 0.0
      1105 VELOCITY 5 0.0 0.0 0.0
      1126 VELOCITY 5 0.0 0.0 0.0
      1127 VELOCITY 5 0.0 0.0 0.0
      1128 VELOCITY 5 0.0 0.0 0.0
      1129 VELOCITY 5 0.0 0.0 0.0
      1130 VELOCITY 5 0.0 0.0 0.0
      1151 VELOCITY 5 0.0 0.0 0.0
      1152 VELOCITY 5 0.0 0.0 0.0
      1153 VELOCITY 5 0.0 0.0 0.0
      1154 VELOCITY 5 0.0 0.0 0.0
      1155 VELOCITY 5 0.0 0.0 0.0
      1176 VELOCITY 5 0.0 0.0 0.0
      1177 VELOCITY 5 0.0 0.0 0.0
      1178 VELOCITY 5 0.0 0.0 0.0
      1179 VELOCITY 5 0.0 0.0 0.0
      1180 VELOCITY 5 0.0 0.0 0.0
      1201 VELOCITY 5 0.0 0.0 0.0
      1202 VELOCITY 5 0.0 0.0 0.0
      1203 VELOCITY 5 0.0 0.0 0.0
      1204 VELOCITY 5 0.0 0.0 0.0
      1205 VELOCITY 5 0.0 0.0 0.0
      1226 VELOCITY 5 0.0 0.0 0.0
      1227 VELOCITY 5 0.0 0.0 0.0
      1228 VELOCITY 5 0.0 0.0 0.0
      1229 VELOCITY 5 0.0 0.0 0.0
      1230 VELOCITY 5 0.0 0.0 0.0
      1251 VELOCITY 5 0.0 0.0 0.0
      1252 VELOCITY 5 0.0 0.0 0.0
      1253 VELOCITY 5 0.0 0.0 0.0
      1254 VELOCITY 5 0.0 0.0 0.0
      1255 VELOCITY 5 0.0 0.0 0.0
      1276 VELOCITY 5 0.0 0.0 0.0
      1277 VELOCITY 5 0.0 0.0 0.0
      1278 VELOCITY 5 0.0 0.0 0.0
      1279 VELOCITY 5 0.0 0.0 0.0
      1280 VELOCITY 5 0.0 0.0 0.0
      1301 VELOCITY 5 0.0 0.0 0.0
      1302 VELOCITY 5 0.0 0.0 0.0
      1303 VELOCITY 5 0.0 0.0 0.0
      1304 VELOCITY 5 0.0 0.0 0.0
      1305 VELOCITY 5 0.0 0.0 0.0
      1326 VELOCITY 5 0.0 0.0 0.0
      1327 VELOCITY 5 0.0 0.0 0.0
      1328 VELOCITY 5 0.0 0.0 0.0
      1329 VELOCITY 5 0.0 0.0 0.0
      1330 VELOCITY 5 0.0 0.0 0.0
      1351 VELOCITY 5 0.0 0.0 0.0
      1352 VELOCITY 5 0.0 0.0 0.0
      1353 VELOCITY 5 0.0 0.0 0.0
      1354 VELOCITY 5 0.0 0.0 0.0
      1355 VELOCITY 5 0.0 0.0 0.0
      1376 VELOCITY 5 0.0 0.0 0.0
      1377 VELOCITY 5 0.0 0.0 0.0
      1378 VELOCITY 5 0.0 0.0 0.0
      1379 VELOCITY 5 0.0 0.0 0.0
      1380 VELOCITY 5 0.0 0.0 0.0
      1401 VELOCITY 5 0.0 0.0 0.0
      1402 VELOCITY 5 0.0 0.0 0.0
      1403 VELOCITY 5 0.0 0.0 0.0
      1404 VELOCITY 5 0.0 0.0 0.0
      1405 VELOCITY 5 0.0 0.0 0.0
      1426 VELOCITY 5 0.0 0.0 0.0
      1427 VELOCITY 5 0.0 0.0 0.0
      1428 VELOCITY 5 0.0 0.0 0.0
      1429 VELOCITY 5 0.0 0.0 0.0
      1430 VELOCITY 5 0.0 0.0 0.0
      1451 VELOCITY 5 0.0 0.0 0.0
      1452 VELOCITY 5 0.0 0.0 0.0
      1453 VELOCITY 5 0.0 0.0 0.0
      1454 VELOCITY 5 0.0 0.0 0.0
      1455 VELOCITY 5 0.0 0.0 0.0
      1476 VELOCITY 5 0.0 0.0 0.0
      1477 VELOCITY 5 0.0 0.0 0.0
      1478 VELOCITY 5 0.0 0.0 0.0
      1479 VELOCITY 5 0.0 0.0 0.0
      1480 VELOCITY 5 0.0 0.0 0.0
      1005 VELOCITY 6 0.0 0.0 0.0
      1010 VELOCITY 6 0.0 0.0 0.0
      1015 VELOCITY 6 0.0 0.0 0.0
      1020 VELOCITY 6 0.0 0.0 0.0
      1025 VELOCITY 6 0.0 0.0 0.0
      1030 VELOCITY 6 0.0 0.0 0.0
      1035 VELOCITY 6 0.0 0.0 0.0
      1040 VELOCITY 6 0.0 0.0 0.0
      1045 VELOCITY 6 0.0 0.0 0.0
      1050 VELOCITY 6 0.0 0.0 0.0
      1055 VELOCITY 6 0.0 0.0 0.0
      1060 VELOCITY 6 0.0 0.0 0.0
      1065 VELOCITY 6 0.0 0.0 0.0
      1070 VELOCITY 6 0.0 0.0 0.0
      1075 VELOCITY 6 0.0 0.0 0.0
      1080 VELOCITY 6 0.0 0.0 0.0
      1085 VELOCITY 6 0.0 0.0 0.0
      1090 VELOCITY 6 0.0 0.0 0.0
      1095 VELOCITY 6 0.0 0.0 0.0
      1100 VELOCITY 6 0.0 0.0 0.0
      1105 VELOCITY 6 0.0 0.0 0.0
      1110 VELOCITY 6 0.0 0.0 0.0
      1115 VELOCITY 6 0.0 0.0 0.0
      1120 VELOCITY 6 0.0 0.0 0.0
      1125 VELOCITY 6 0.0 0.0 0.0
      1130 VELOCITY 6 0.0 0.0 0.0
      1135 VELOCITY 6 0.0 0.0 0.0
      1140 VELOCITY 6 0.0 0.0 0.0
      1145 VELOCITY 6 0.0 0.0 0.0
      1150 VELOCITY 6 0.0 0.0 0.0
      1155 VELOCITY 6 0.0 0.0 0.0
      1160 VELOCITY 6 0.0 0.0 0.0
      1165 VELOCITY 6 0.0 0.0 0.0
      1170 VELOCITY 6 0.0 0.0 0.0
      1175 VELOCITY 6 0.0 0.0 0.0
      1180 VELOCITY 6 0.0 0.0 0.0
      1185 VELOCITY 6 0.0 0.0 0.0
      1190 VELOCITY 6 0.0 0.0 0.0
      1195 VELOCITY 6 0.0 0.0 0.0
      1200 VELOCITY 6 0.0 0.0 0.0
      1205 VELOCITY 6 0.0 0.0 0.0
      1210 VELOCITY 6 0.0 0.0 0.0
      1215 VELOCITY 6 0.0 0.0 0.0
      1220 VELOCITY 6 0.0 0.0 0.0
      1225 VELOCITY 6 0.0 0.0 0.0
      1230 VELOCITY 6 0.0 0.0 0.0
      1235 VELOCITY 6 0.0 0.0 0.0
      1240 VELOCITY 6 0.0 0.0 0.0
      1245 VELOCITY 6 0.0 0.0 0.0
      1250 VELOCITY 6 0.0 0.0 0.0
      1255 VELOCITY 6 0.0 0.0 0.0
      1260 VELOCITY 6 0.0 0.0 0.0
      1265 VELOCITY 6 0.0 0.0 0.0
      1270 VELOCITY 6 0.0 0.0 0.0
      1275 VELOCITY 6 0.0 0.0 0.0
      1280 VELOCITY 6 0.0 0.0 0.0
      1285 VELOCITY 6 0.0 0.0 0.0
      1290 VELOCITY 6 0.0 0.0 0.0
      1295 VELOCITY 6 0.0 0.0 0.0
      1300 VELOCITY 6 0.0 0.0 0.0
      1305 VELOCITY 6 0.0 0.0 0.0
      1310 VELOCITY 6 0.0 0.0 0.0
      1315 VELOCITY 6 0.0 0.0 0.0
      1320 VELOCITY 6 0.0 0.0 0.0
      1325 VELOCITY 6 0.0 0.0 0.0
      1330 VELOCITY 6 0.0 0.0 0.0
      1335 VELOCITY 6 0.0 0.0 0.0
      1340 VELOCITY 6 0.0 0.0 0.0
      1345 VELOCITY 6 0.0 0.0 0.0
      1350 VELOCITY 6 0.0 0.0 0.0
      1355 VELOCITY 6 0.0 0.0 0.0
      1360 VELOCITY 6 0.0 0.0 0.0
      1365 VELOCITY 6 0.0 0.0 0.0
      1370 VELOCITY 6 0.0 0.0 0.0
      1375 VELOCITY 6 0.0 0.0 0.0
      1380 VELOCITY 6 0.0 0.0 0.0
      1385 VELOCITY 6 0.0 0.0 0.0
      1390 VELOCITY 6 0.0 0.0 0.0
      1395 VELOCITY 6 0.0 0.0 0.0
      1400 VELOCITY 6 0.0 0.0 0.0
      1405 VELOCITY 6 0.0 0.0 0.0
      1410 VELOCITY 6 0.0 0.0 0.0
      1415 VELOCITY 6 0.0 0.0 0.0
      1420 VELOCITY 6 0.0 0.0 0.0
      1425 VELOCITY 6 0.0 0.0 0.0
      1430 VELOCITY 6 0.0 0.0 0.0
      1435 VELOCITY 6 0.0 0.0 0.0
      1440 VELOCITY 6 0.0 0.0 0.0
      1445 VELOCITY 6 0.0 0.0 0.0
      1450 VELOCITY 6 0.0 0.0 0.0
      1455 VELOCITY 6 0.0 0.0 0.0
      1460 VELOCITY 6 0.0 0.0 0.0
      1465 VELOCITY 6 0.0 0.0 0.0
      1470 VELOCITY 6 0.0 0.0 0.0
      1475 VELOCITY 6 0.0 0.0 0.0
      1480 VELOCITY 6 0.0 0.0 0.0
      1485 VELOCITY 6 0.0 0.0 0.0
      1490 VELOCITY 6 0.0 0.0 0.0
      1495 VELOCITY 6 0.0 0.0 0.0
      1500 VELOCITY 6 0.0 0.0 0.0
      1025 VELOCITY 3 0.0 0.0 0.0
      1024 VELOCITY 3 0.0 0.0 0.0
      1023 VELOCITY 3 0.0 0.0 0.0
      1022 VELOCITY 3 0.0 0.0 0.0
      1021 VELOCITY 3 0.0 0.0 0.0
      1050 VELOCITY 3 0.0 0.0 0.0
      1049 VELOCITY 3 0.0 0.0 0.0
      1048 VELOCITY 3 0.0 0.0 0.0
      1047 VELOCITY 3 0.0 0.0 0.0
      1046 VELOCITY 3 0.0 0.0 0.0
      1075 VELOCITY 3 0.0 0.0 0.0
      1074 VELOCITY 3 0.0 0.0 0.0
      1073 VELOCITY 3 0.0 0.0 0.0
      1072 VELOCITY 3 0.0 0.0 0.0
      1071 VELOCITY 3 0.0 0.0 0.0
      1100 VELOCITY 3 0.0 0.0 0.0
      1099 VELOCITY 3 0.0 0.0 0.0
      1098 VELOCITY 3 0.0 0.0 0.0
      1097 VELOCITY 3 0.0 0.0 0.0
      1096 VELOCITY 3 0.0 0.0 0.0
      1125 VELOCITY 3 0.0 0.0 0.0
      1124 VELOCITY 3 0.0 0.0 0.0
      1123 VELOCITY 3 0.0 0.0 0.0
      1122 VELOCITY 3 0.0 0.0 0.0
      1121 VELOCITY 3 0.0 0.0 0.0
      1150 VELOCITY 3 0.0 0.0 0.0
      1149 VELOCITY 3 0.0 0.0 0.0
      1148 VELOCITY 3 0.0 0.0 0.0
      1147 VELOCITY 3 0.0 0.0 0.0
      1146 VELOCITY 3 0.0 0.0 0.0
      1175 VELOCITY 3 0.0 0.0 0.0
      1174 VELOCITY 3 0.0 0.0 0.0
      1173 VELOCITY 3 0.0 0.0 0.0
      1172 VELOCITY 3 0.0 0.0 0.0
      1171 VELOCITY 3 0.0 0.0 0.0
      1200 VELOCITY 3 0.0 0.0 0.0
      1199 VELOCITY 3 0.0 0.0 0.0
      1198 VELOCITY 3 0.0 0.0 0.0
      1197 VELOCITY 3 0.0 0.0 0.0
      1196 VELOCITY 3 0.0 0.0 0.0
      1225 VELOCITY 3 0.0 0.0 0.0
      1224 VELOCITY 3 0.0 0.0 0.0
      1223 VELOCITY 3 0.0 0.0 0.0
      1222 VELOCITY 3 0.0 0.0 0.0
      1221 VELOCITY 3 0.0 0.0 0.0
      1250 VELOCITY 3 0.0 0.0 0.0
      1249 VELOCITY 3 0.0 0.0 0.0
      1248 VELOCITY 3 0.0 0.0 0.0
      1247 VELOCITY 3 0.0 0.0 0.0
      1246 VELOCITY 3 0.0 0.0 0.0
      1275 VELOCITY 3 0.0 0.0 0.0
      1274 VELOCITY 3 0.0 0.0 0.0
      1273 VELOCITY 3 0.0 0.0 0.0
      1272 VELOCITY 3 0.0 0.0 0.0
      1271 VELOCITY 3 0.0 0.0 0.0
      1300 VELOCITY 3 0.0 0.0 0.0
      1299 VELOCITY 3 0.0 0.0 0.0
      1298 VELOCITY 3 0.0 0.0 0.0
      1297 VELOCITY 3 0.0 0.0 0.0
      1296 VELOCITY 3 0.0 0.0 0.0
      1325 VELOCITY 3 0.0 0.0 0.0
      1324 VELOCITY 3 0.0 0.0 0.0
      1323 VELOCITY 3 0.0 0.0 0.0
      1322 VELOCITY 3 0.0 0.0 0.0
      1321 VELOCITY 3 0.0 0.0 0.0
      1350 VELOCITY 3 0.0 0.0 0.0
      1349 VELOCITY 3 0.0 0.0 0.0
      1348 VELOCITY 3 0.0 0.0 0.0
      1347 VELOCITY 3 0.0 0.0 0.0
      1346 VELOCITY 3 0.0 0.0 0.0
      1375 VELOCITY 3 0.0 0.0 0.0
      1374 VELOCITY 3 0.0 0.0 0.0
      1373 VELOCITY 3 0.0 0.0 0.0
      1372 VELOCITY 3 0.0 0.0 0.0
      1371 VELOCITY 3 0.0 0.0 0.0
      1400 VELOCITY 3 0.0 0.0 0.0
      1399 VELOCITY 3 0.0 0.0 0.0
      1398 VELOCITY 3 0.0 0.0 0.0
      1397 VELOCITY 3 0.0 0.0 0.0
      1396 VELOCITY 3 0.0 0.0 0.0
      1425 VELOCITY 3 0.0 0.0 0.0
      1424 VELOCITY 3 0.0 0.0 0.0
      1423 VELOCITY 3 0.0 0.0 0.0
      1422 VELOCITY 3 0.0 0.0 0.0
      1421 VELOCITY 3 0.0 0.0 0.0
      1450 VELOCITY 3 0.0 0.0 0.0
      1449 VELOCITY 3 0.0 0.0 0.0
      1448 VELOCITY 3 0.0 0.0 0.0
      1447 VELOCITY 3 0.0 0.0 0.0
      1446 VELOCITY 3 0.0 0.0 0.0
      1475 VELOCITY 3 0.0 0.0 0.0
      1474 VELOCITY 3 0.0 0.0 0.0
      1473 VELOCITY 3 0.0 0.0 0.0
      1472 VELOCITY 3 0.0 0.0 0.0
      1471 VELOCITY 3 0.0 0.0 0.0
      1500 VELOCITY 3 0.0 0.0 0.0
      1499 VELOCITY 3 0.0 0.0 0.0
      1498 VELOCITY 3 0.0 0.0 0.0
      1497 VELOCITY 3 0.0 0.0 0.0
      1496 VELOCITY 3 0.0 0.0 0.0
      1021 VELOCITY 4 0.0 0.0 0.0
      1016 VELOCITY 4 0.0 0.0 0.0
      1011 VELOCITY 4 0.0 0.0 0.0
      1006 VELOCITY 4 0.0 0.0 0.0
      1001 VELOCITY 4 0.0 0.0 0.0
      1046 VELOCITY 4 0.0 0.0 0.0
      1041 VELOCITY 4 0.0 0.0 0.0
      1036 VELOCITY 4 0.0 0.0 0.0
      1031 VELOCITY 4 0.0 0.0 0.0
      1026 VELOCITY 4 0.0 0.0 0.0
      1071 VELOCITY 4 0.0 0.0 0.0
      1066 VELOCITY 4 0.0 0.0 0.0
      1061 VELOCITY 4 0.0 0.0 0.0
      1056 VELOCITY 4 0.0 0.0 0.0
      1051 VELOCITY 4 0.0 0.0 0.0
      1096 VELOCITY 4 0.0 0.0 0.0
      1091 VELOCITY 4 0.0 0.0 0.0
      1086 VELOCITY 4 0.0 0.0 0.0
      1081 VELOCITY 4 0.0 0.0 0.0
      1076 VELOCITY 4 0.0 0.0 0.0
      1121 VELOCITY 4 0.0 0.0 0.0
      1116 VELOCITY 4 0.0 0.0 0.0
      1111 VELOCITY 4 0.0 0.0 0.0
      1106 VELOCITY 4 0.0 0.0 0.0
      1101 VELOCITY 4 0.0 0.0 0.0
      1146 VELOCITY 4 0.0 0.0 0.0
      1141 VELOCITY 4 0.0 0.0 0.0
      1136 VELOCITY 4 0.0 0.0 0.0
      1131 VELOCITY 4 0.0 0.0 0.0
      1126 VELOCITY 4 0.0 0.0 0.0
      1171 VELOCITY 4 0.0 0.0 0.0
      1166 VELOCITY 4 0.0 0.0 0.0
      1161 VELOCITY 4 0.0 0.0 0.0
      1156 VELOCITY 4 0.0 0.0 0.0
      1151 VELOCITY 4 0.0 0.0 0.0
      1196 VELOCITY 4 0.0 0.0 0.0
      1191 VELOCITY 4 0.0 0.0 0.0
      1186 VELOCITY 4 0.0 0.0 0.0
      1181 VELOCITY 4 0.0 0.0 0.0
      1176 VELOCITY 4 0.0 0.0 0.0
      1221 VELOCITY 4 0.0 0.0 0.0
      1216 VELOCITY 4 0.0 0.0 0.0
      1211 VELOCITY 4 0.0 0.0 0.0
      1206 VELOCITY 4 0.0 0.0 0.0
      1201 VELOCITY 4 0.0 0.0 0.0
      1246 VELOCITY 4 0.0 0.0 0.0
      1241 VELOCITY 4 0.0 0.0 0.0
      1236 VELOCITY 4 0.0 0.0 0.0
      1231 VELOCITY 4 0.0 0.0 0.0
      1226 VELOCITY 4 0.0 0.0 0.0
      1271 VELOCITY 4 0.0 0.0 0.0
      1266 VELOCITY 4 0.0 0.0 0.0
      1261 VELOCITY 4 0.0 0.0 0.0
      1256 VELOCITY 4 0.0 0.0 0.0
      1251 VELOCITY 4 0.0 0.0 0.0
      1296 VELOCITY 4 0.0 0.0 0.0
      1291 VELOCITY 4 0.0 0.0 0.0
      1286 VELOCITY 4 0.0 0.0 0.0
      1281 VELOCITY 4 0.0 0.0 0.0
      1276 VELOCITY 4 0.0 0.0 0.0
      1321 VELOCITY 4 0.0 0.0 0.0
      1316 VELOCITY 4 0.0 0.0 0.0
      1311 VELOCITY 4 0.0 0.0 0.0
      1306 VELOCITY 4 0.0 0.0 0.0
      1301 VELOCITY 4 0.0 0.0 0.0
      1346 VELOCITY 4 0.0 0.0 0.0
      1341 VELOCITY 4 0.0 0.0 0.0
      1336 VELOCITY 4 0.0 0.0 0.0
      1331 VELOCITY 4 0.0 0.0 0.0
      1326 VELOCITY 4 0.0 0.0 0.0
      1371 VELOCITY 4 0.0 0.0 0.0
      1366 VELOCITY 4 0.0 0.0 0.0
      1361 VELOCITY 4 0.0 0.0 0.0
      1356 VELOCITY 4 0.0 0.0 0.0
      1351 VELOCITY 4 0.0 0.0 0.0
      1396 VELOCITY 4 0.0 0.0 0.0
      1391 VELOCITY 4 0.0 0.0 0.0
      1386 VELOCITY 4 0.0 0.0 0.0
      1381 VELOCITY 4 0.0 0.0 0.0
      1376 VELOCITY 4 0.0 0.0 0.0
      1421 VELOCITY 4 0.0 0.0 0.0
      1416 VELOCITY 4 0.0 0.0 0.0
      1411 VELOCITY 4 0.0 0.0 0.0
      1406 VELOCITY 4 0.0 0.0 0.0
      1401 VELOCITY 4 0.0 0.0 0.0
      1446 VELOCITY 4 0.0 0.0 0.0
      1441 VELOCITY 4 0.0 0.0 0.0
      1436 VELOCITY 4 0.0 0.0 0.0
      1431 VELOCITY 4 0.0 0.0 0.0
      1426 VELOCITY 4 0.0 0.0 0.0
      1471 VELOCITY 4 0.0 0.0 0.0
      1466 VELOCITY 4 0.0 0.0 0.0
      1461 VELOCITY 4 0.0 0.0 0.0
      1456 VELOCITY 4 0.0 0.0 0.0
      1451 VELOCITY 4 0.0 0.0 0.0
      1496 VELOCITY 4 0.0 0.0 0.0
      1491 VELOCITY 4 0.0 0.0 0.0
      1486 VELOCITY 4 0.0 0.0 0.0
      1481 VELOCITY 4 0.0 0.0 0.0
      1476 VELOCITY 4 0.0 0.0 0.0
      1501 VELOCITY 5 0.0 0.0 0.0
      1502 VELOCITY 5 0.0 0.0 0.0
      1503 VELOCITY 5 0.0 0.0 0.0
      1504 VELOCITY 5 0.0 0.0 0.0
      1505 VELOCITY 5 0.0 0.0 0.0
      1526 VELOCITY 5 0.0 0.0 0.0
      1527 VELOCITY 5 0.0 0.0 0.0
      1528 VELOCITY 5 0.0 0.0 0.0
      1529 VELOCITY 5 0.0 0.0 0.0
      1530 VELOCITY 5 0.0 0.0 0.0
      1551 VELOCITY 5 0.0 0.0 0.0
      1552 VELOCITY 5 0.0 0.0 0.0
      1553 VELOCITY 5 0.0 0.0 0.0
      1554 VELOCITY 5 0.0 0.0 0.0
      1555 VELOCITY 5 0.0 0.0 0.0
      1576 VELOCITY 5 0.0 0.0 0.0
      1577 VELOCITY 5 0.0 0.0 0.0
      1578 VELOCITY 5 0.0 0.0 0.0
      1579 VELOCITY 5 0.0 0.0 0.0
      1580 VELOCITY 5 0.0 0.0 0.0
      1601 VELOCITY 5 0.0 0.0 0.0
      1602 VELOCITY 5 0.0 0.0 0.0
      1603 VELOCITY 5 0.0 0.0 0.0
      1604 VELOCITY 5 0.0 0.0 0.0
      1605 VELOCITY 5 0.0 0.0 0.0
      1626 VELOCITY 5 0.0 0.0 0.0
      1627 VELOCITY 5 0.0 0.0 0.0
      1628 VELOCITY 5 0.0 0.0 0.0
      1629 VELOCITY 5 0.0 0.0 0.0
      1630 VELOCITY 5 0.0 0.0 0.0
      1651 VELOCITY 5 0.0 0.0 0.0
      1652 VELOCITY 5 0.0 0.0 0.0
      1653 VELOCITY 5 0.0 0.0 0.0
      1654 VELOCITY 5 0.0 0.0 0.0
      1655 VELOCITY 5 0.0 0.0 0.0
      1676 VELOCITY 5 0.0 0.0 0.0
      1677 VELOCITY 5 0.0 0.0 0.0
      1678 VELOCITY 5 0.0 0.0 0.0
      1679 VELOCITY 5 0.0 0.0 0.0
      1680 VELOCITY 5 0.0 0.0 0.0
      1701 VELOCITY 5 0.0 0.0 0.0
      1702 VELOCITY 5 0.0 0.0 0.0
      1703 VELOCITY 5 0.0 0.0 0.0
      1704 VELOCITY 5 0.0 0.0 0.0
      1705 VELOCITY 5 0.0 0.0 0.0
      1726 VELOCITY 5 0.0 0.0 0.0
      1727 VELOCITY 5 0.0 0.0 0.0
      1728 VELOCITY 5 0.0 0.0 0.0
      1729 VELOCITY 5 0.0 0.0 0.0
      1730 VELOCITY 5 0.0 0.0 0.0
      1751 VELOCITY 5 0.0 0.0 0.0
      1752 VELOCITY 5 0.0 0.0 0.0
      1753 VELOCITY 5 0.0 0.0 0.0
      1754 VELOCITY 5 0.0 0.0 0.0
      1755 VELOCITY 5 0.0 0.0 0.0
      1776 VELOCITY 5 0.0 0.0 0.0
      1777 VELOCITY 5 0.0 0.0 0.0
      1778 VELOCITY 5 0.0 0.0 0.0
      1779 VELOCITY 5 0.0 0.0 0.0
      1780 VELOCITY 5 0.0 0.0 0.0
      1801 VELOCITY 5 0.0 0.0 0.0
      1802 VELOCITY 5 0.0 0.0 0.0
      1803 VELOCITY 5 0.0 0.0 0.0
      1804 VELOCITY 5 0.0 0.0 0.0
      1805 VELOCITY 5 0.0 0.0 0.0
      1826 VELOCITY 5 0.0 0.0 0.0
      1827 VELOCITY 5 0.0 0.0 0.0
      1828 VELOCITY 5 0.0 0.0 0.0
      1829 VELOCITY 5 0.0 0.0 0.0
      1830 VELOCITY 5 0.0 0.0 0.0
      1851 VELOCITY 5 0.0 0.0 0.0
      1852 VELOCITY 5 0.0 0.0 0.0
      1853 VELOCITY 5 0.0 0.0 0.0
      1854 VELOCITY 5 0.0 0.0 0.0
      1855 VELOCITY 5 0.0 0.0 0.0
      1876 VELOCITY 5 0.0 0.0 0.0
      1877 VELOCITY 5 0.0 0.0 0.0
      1878 VELOCITY 5 0.0 0.0 0.0
      1879 VELOCITY 5 0.0 0.0 0.0
      1880 VELOCITY 5 0.0 0.0 0.0
      1901 VELOCITY 5 0.0 0.0 0.0
      1902 VELOCITY 5 0.0 0.0 0.0
      1903 VELOCITY 5 0.0 0.0 0.0
      1904 VELOCITY 5 0.0 0.0 0.0
      1905 VELOCITY 5 0.0 0.0 0.0
      1926 VELOCITY 5 0.0 0.0 0.0
      1927 VELOCITY 5 0.0 0.0 0.0
      1928 VELOCITY 5 0.0 0.0 0.0
      1929 VELOCITY 5 0.0 0.0 0.0
      1930 VELOCITY 5 0.0 0.0 0.0
      1951 VELOCITY 5 0.0 0.0 0.0
      1952 VELOCITY 5 0.0 0.0 0.0
      1953 VELOCITY 5 0.0 0.0 0.0
      1954 VELOCITY 5 0.0 0.0 0.0
      1955 VELOCITY 5 0.0 0.0 0.0
      1976 VELOCITY 5 0.0 0.0 0.0
      1977 VELOCITY 5 0.0 0.0 0.0
      1978 VELOCITY 5 0.0 0.0 0.0
      1979 VELOCITY 5 0.0 0.0 0.0
      1980 VELOCITY 5 0.0 0.0 0.0
      1505 VELOCITY 6 0.0 0.0 0.0
      1510 VELOCITY 6 0.0 0.0 0.0
      1515 VELOCITY 6 0.0 0.0 0.0
      1520 VELOCITY 6 0.0 0.0 0.0
      1525 VELOCITY 6 0.0 0.0 0.0
      1530 VELOCITY 6 0.0 0.0 0.0
      1535 VELOCITY 6 0.0 0.0 0.0
      1540 VELOCITY 6 0.0 0.0 0.0
      1545 VELOCITY 6 0.0 0.0 0.0
      1550 VELOCITY 6 0.0 0.0 0.0
      1555 VELOCITY 6 0.0 0.0 0.0
      1560 VELOCITY 6 0.0 0.0 0.0
      1565 VELOCITY 6 0.0 0.0 0.0
      1570 VELOCITY 6 0.0 0.0 0.0
      1575 VELOCITY 6 0.0 0.0 0.0
      1580 VELOCITY 6 0.0 0.0 0.0
      1585 VELOCITY 6 0.0 0.0 0.0
      1590 VELOCITY 6 0.0 0.0 0.0
      1595 VELOCITY 6 0.0 0.0 0.0
      1600 VELOCITY 6 0.0 0.0 0.0
      1605 VELOCITY 6 0.0 0.0 0.0
      1610 VELOCITY 6 0.0 0.0 0.0
      1615 VELOCITY 6 0.0 0.0 0.0
      1620 VELOCITY 6 0.0 0.0 0.0
      1625 VELOCITY 6 0.0 0.0 0.0
      1630 VELOCITY 6 0.0 0.0 0.0
      1635 VELOCITY 6 0.0 0.0 0.0
      1640 VELOCITY 6 0.0 0.0 0.0
      1645 VELOCITY 6 0.0 0.0 0.0
      1650 VELOCITY 6 0.0 0.0 0.0
      1655 VELOCITY 6 0.0 0.0 0.0
      1660 VELOCITY 6 0.0 0.0 0.0
      1665 VELOCITY 6 0.0 0.0 0.0
      1670 VELOCITY 6 0.0 0.0 0.0
      1675 VELOCITY 6 0.0 0.0 0.0
      1680 VELOCITY 6 0.0 0.0 0.0
      1685 VELOCITY 6 0.0 0.0 0.0
      1690 VELOCITY 6 0.0 0.0 0.0
      1695 VELOCITY 6 0.0 0.0 0.0
      1700 VELOCITY 6 0.0 0.0 0.0
      1705 VELOCITY 6 0.0 0.0 0.0
      1710 VELOCITY 6 0.0 0.0 0.0
      1715 VELOCITY 6 0.0 0.0 0.0
      1720 VELOCITY 6 0.0 0.0 0.0
      1725 VELOCITY 6 0.0 0.0 0.0
      1730 VELOCITY 6 0.0 0.0 0.0
      1735 VELOCITY 6 0.0 0.0 0.0
      1740 VELOCITY 6 0.0 0.0 0.0
      1745 VELOCITY 6 0.0 0.0 0.0
      1750 VELOCITY 6 0.0 0.0 0.0
      1755 VELOCITY 6 0.0 0.0 0.0
      1760 VELOCITY 6 0.0 0.0 0.0
      1765 VELOCITY 6 0.0 0.0 0.0
      1770 VELOCITY 6 0.0 0.0 0.0
      1775 VELOCITY 6 0.0 0.0 0.0
      1780 VELOCITY 6 0.0 0.0 0.0
      1785 VELOCITY 6 0.0 0.0 0.0
      1790 VELOCITY 6 0.0 0.0 0.0
      1795 VELOCITY 6 0.0 0.0 0.0
      1800 VELOCITY 6 0.0 0.0 0.0
      1805 VELOCITY 6 0.0 0.0 0.0
      1810 VELOCITY 6 0.0 0.0 0.0
      1815 VELOCITY 6 0.0 0.0 0.0
      1820 VELOCITY 6 0.0 0.0 0.0
      1825 VELOCITY 6 0.0 0.0 0.0
      1830 VELOCITY 6 0.0 0.0 0.0
      1835 VELOCITY 6 0.0 0.0 0.0
      1840 VELOCITY 6 0.0 0.0 0.0
      1845 VELOCITY 6 0.0 0.0 0.0
      1850 VELOCITY 6 0.0 0.0 0.0
      1855 VELOCITY 6 0.0 0.0 0.0
      1860 VELOCITY 6 0.0 0.0 0.0
      1865 VELOCITY 6 0.0 0.0 0.0
      1870 VELOCITY 6 0.0 0.0 0.0
      1875 VELOCITY 6 0.0 0.0 0.0
      1880 VELOCITY 6 0.0 0.0 0.0
      1885 VELOCITY 6 0.0 0.0 0.0
      1890 VELOCITY 6 0.0 0.0 0.0
      1895 VELOCITY 6 0.0 0.0 0.0
      1900 VELOCITY 6 0.0 0.0 0.0
      1905 VELOCITY 6 0.0 0.0 0.0
      1910 VELOCITY 6 0.0 0.0 0.0
      1915 VELOCITY 6 0.0 0.0 0.0
      1920 VELOCITY 6 0.0 0.0 0.0
      1925 VELOCITY 6 0.0 0.0 0.0
      1930 VELOCITY 6 0.0 0.0 0.0
      1935 VELOCITY 6 0.0 0.0 0.0
      1940 VELOCITY 6 0.0 0.0 0.0
      1945 VELOCITY 6 0.0 0.0 0.0
      1950 VELOCITY 6 0.0 0.0 0.0
      1955 VELOCITY 6 0.0 0.0 0.0
      1960 VELOCITY 6 0.0 0.0 0.0
      1965 VELOCITY 6 0.0 0.0 0.0
      1970 VELOCITY 6 0.0 0.0 0.0
      1975 VELOCITY 6 0.0 0.0 0.0
      1980 VELOCITY 6 0.0 0.0 0.0
      1985 VELOCITY 6 0.0 0.0 0.0
      1990 VELOCITY 6 0.0 0.0 0.0
      1995 VELOCITY 6 0.0 0.0 0.0
      2000 VELOCITY 6 0.0 0.0 0.0
      1525 VELOCITY 3 0.0 0.0 0.0
      1524 VELOCITY 3 0.0 0.0 0.0
      1523 VELOCITY 3 0.0 0.0 0.0
      1522 VELOCITY 3 0.0 0.0 0.0
      1521 VELOCITY 3 0.0 0.0 0.0
      1550 VELOCITY 3 0.0 0.0 0.0
      1549 VELOCITY 3 0.0 0.0 0.0
      1548 VELOCITY 3 0.0 0.0 0.0
      1547 VELOCITY 3 0.0 0.0 0.0
      1546 VELOCITY 3 0.0 0.0 0.0
      1575 VELOCITY 3 0.0 0.0 0.0
      1574 VELOCITY 3 0.0 0.0 0.0
      1573 VELOCITY 3 0.0 0.0 0.0
      1572 VELOCITY 3 0.0 0.0 0.0
      1571 VELOCITY 3 0.0 0.0 0.0
      1600 VELOCITY 3 0.0 0.0 0.0
      1599 VELOCITY 3 0.0 0.0 0.0
      1598 VELOCITY 3 0.0 0.0 0.0
      1597 VELOCITY 3 0.0 0.0 0.0
      1596 VELOCITY 3 0.0 0.0 0.0
      1625 VELOCITY 3 0.0 0.0 0.0
      1624 VELOCITY 3 0.0 0.0 0.0
      1623 VELOCITY 3 0.0 0.0 0.0
      1622 VELOCITY 3 0.0 0.0 0.0
      1621 VELOCITY 3 0.0 0.0 0.0
      1650 VELOCITY 3 0.0 0.0 0.0
      1649 VELOCITY 3 0.0 0.0 0.0
      1648 VELOCITY 3 0.0 0.0 0.0
      1647 VELOCITY 3 0.0 0.0 0.0
      1646 VELOCITY 3 0.0 0.0 0.0
      1675 VELOCITY 3 0.0 0.0 0.0
      1674 VELOCITY 3 0.0 0.0 0.0
      1673 VELOCITY 3 0.0 0.0 0.0
      1672 VELOCITY 3 0.0 0.0 0.0
      1671 VELOCITY 3 0.0 0.0 0.0
      1700 VELOCITY 3 0.0 0.0 0.0
      1699 VELOCITY 3 0.0 0.0 0.0
      1698 VELOCITY 3 0.0 0.0 0.0
      1697 VELOCITY 3 0.0 0.0 0.0
      1696 VELOCITY 3 0.0 0.0 0.0
      1725 VELOCITY 3 0.0 0.0 0.0
      1724 VELOCITY 3 0.0 0.0 0.0
      1723 VELOCITY 3 0.0 0.0 0.0
      1722 VELOCITY 3 0.0 0.0 0.0
      1721 VELOCITY 3 0.0 0.0 0.0
      1750 VELOCITY 3 0.0 0.0 0.0
      1749 VELOCITY 3 0.0 0.0 0.0
      1748 VELOCITY 3 0.0 0.0 0.0
      1747 VELOCITY 3 0.0 0.0 0.0
      1746 VELOCITY 3 0.0 0.0 0.0
      1775 VELOCITY 3 0.0 0.0 0.0
      1774 VELOCITY 3 0.0 0.0 0.0
      1773 VELOCITY 3 0.0 0.0 0.0
      1772 VELOCITY 3 0.0 0.0 0.0
      1771 VELOCITY 3 0.0 0.0 0.0
      1800 VELOCITY 3 0.0 0.0 0.0
      1799 VELOCITY 3 0.0 0.0 0.0
      1798 VELOCITY 3 0.0 0.0 0.0
      1797 VELOCITY 3 0.0 0.0 0.0
      1796 VELOCITY 3 0.0 0.0 0.0
      1825 VELOCITY 3 0.0 0.0 0.0
      1824 VELOCITY 3 0.0 0.0 0.0
      1823 VELOCITY 3 0.0 0.0 0.0
      1822 VELOCITY 3 0.0 0.0 0.0
      1821 VELOCITY 3 0.0 0.0 0.0
      1850 VELOCITY 3 0.0 0.0 0.0
      1849 VELOCITY 3 0.0 0.0 0.0
      1848 VELOCITY 3 0.0 0.0 0.0
      1847 VELOCITY 3 0.0 0.0 0.0
      1846 VELOCITY 3 0.0 0.0 0.0
      1875 VELOCITY 3 0.0 0.0 0.0
      1874 VELOCITY 3 0.0 0.0 0.0
      1873 VELOCITY 3 0.0 0.0 0.0
      1872 VELOCITY 3 0.0 0.0 0.0
      1871 VELOCITY 3 0.0 0.0 0.0
      1900 VELOCITY 3 0.0 0.0 0.0
      1899 VELOCITY 3 0.0 0.0 0.0
      1898 VELOCITY 3 0.0 0.0 0.0
      1897 VELOCITY 3 0.0 0.0 0.0
      1896 VELOCITY 3 0.0 0.0 0.0
      1925 VELOCITY 3 0.0 0.0 0.0
      1924 VELOCITY 3 0.0 0.0 0.0
      1923 VELOCITY 3 0.0 0.0 0.0
      1922 VELOCITY 3 0.0 0.0 0.0
      1921 VELOCITY 3 0.0 0.0 0.0
      1950 VELOCITY 3 0.0 0.0 0.0
      1949 VELOCITY 3 0.0 0.0 0.0
      1948 VELOCITY 3 0.0 0.0 0.0
      1947 VELOCITY 3 0.0 0.0 0.0
      1946 VELOCITY 3 0.0 0.0 0.0
      1975 VELOCITY 3 0.0 0.0 0.0
      1974 VELOCITY 3 0.0 0.0 0.0
      1973 VELOCITY 3 0.0 0.0 0.0
      1972 VELOCITY 3 0.0 0.0 0.0
      1971 VELOCITY 3 0.0 0.0 0.0
      2000 VELOCITY 3 0.0 0.0 0.0
      1999 VELOCITY 3 0.0 0.0 0.0
      1998 VELOCITY 3 0.0 0.0 0.0
      1997 VELOCITY 3 0.0 0.0 0.0
      1996 VELOCITY 3 0.0 0.0 0.0
      1521 VELOCITY 4 0.0 0.0 0.0
      1516 VELOCITY 4 0.0 0.0 0.0
      1511 VELOCITY 4 0.0 0.0 0.0
      1506 VELOCITY 4 0.0 0.0 0.0
      1501 VELOCITY 4 0.0 0.0 0.0
      1546 VELOCITY 4 0.0 0.0 0.0
      1541 VELOCITY 4 0.0 0.0 0.0
      1536 VELOCITY 4 0.0 0.0 0.0
      1531 VELOCITY 4 0.0 0.0 0.0
      1526 VELOCITY 4 0.0 0.0 0.0
      1571 VELOCITY 4 0.0 0.0 0.0
      1566 VELOCITY 4 0.0 0.0 0.0
      1561 VELOCITY 4 0.0 0.0 0.0
      1556 VELOCITY 4 0.0 0.0 0.0
      1551 VELOCITY 4 0.0 0.0 0.0
      1596 VELOCITY 4 0.0 0.0 0.0
      1591 VELOCITY 4 0.0 0.0 0.0
      1586 VELOCITY 4 0.0 0.0 0.0
      1581 VELOCITY 4 0.0 0.0 0.0
      1576 VELOCITY 4 0.0 0.0 0.0
      1621 VELOCITY 4 0.0 0.0 0.0
      1616 VELOCITY 4 0.0 0.0 0.0
      1611 VELOCITY 4 0.0 0.0 0.0
      1606 VELOCITY 4 0.0 0.0 0.0
      1601 VELOCITY 4 0.0 0.0 0.0
      1646 VELOCITY 4 0.0 0.0 0.0
      1641 VELOCITY 4 0.0 0.0 0.0
      1636 VELOCITY 4 0.0 0.0 0.0
      1631 VELOCITY 4 0.0 0.0 0.0
      1626 VELOCITY 4 0.0 0.0 0.0
      1671 VELOCITY 4 0.0 0.0 0.0
      1666 VELOCITY 4 0.0 0.0 0.0
      1661 VELOCITY 4 0.0 0.0 0.0
      1656 VELOCITY 4 0.0 0.0 0.0
      1651 VELOCITY 4 0.0 0.0 0.0
      1696 VELOCITY 4 0.0 0.0 0.0
      1691 VELOCITY 4 0.0 0.0 0.0
      1686 VELOCITY 4 0.0 0.0 0.0
      1681 VELOCITY 4 0.0 0.0 0.0
      1676 VELOCITY 4 0.0 0.0 0.0
      1721 VELOCITY 4 0.0 0.0 0.0
      1716 VELOCITY 4 0.0 0.0 0.0
      1711 VELOCITY 4 0.0 0.0 0.0
      1706 VELOCITY 4 0.0 0.0 0.0
      1701 VELOCITY 4 0.0 0.0 0.0
      1746 VELOCITY 4 0.0 0.0 0.0
      1741 VELOCITY 4 0.0 0.0 0.0
      1736 VELOCITY 4 0.0 0.0 0.0
      1731 VELOCITY 4 0.0 0.0 0.0
      1726 VELOCITY 4 0.0 0.0 0.0
      1771 VELOCITY 4 0.0 0.0 0.0
      1766 VELOCITY 4 0.0 0.0 0.0
      1761 VELOCITY 4 0.0 0.0 0.0
      1756 VELOCITY 4 0.0 0.0 0.0
      1751 VELOCITY 4 0.0 0.0 0.0
      1796 VELOCITY 4 0.0 0.0 0.0
      1791 VELOCITY 4 0.0 0.0 0.0
      1786 VELOCITY 4 0.0 0.0 0.0
      1781 VELOCITY 4 0.0 0.0 0.0
      1776 VELOCITY 4 0.0 0.0 0.0
      1821 VELOCITY 4 0.0 0.0 0.0
      1816 VELOCITY 4 0.0 0.0 0.0
      1811 VELOCITY 4 0.0 0.0 0.0
      1806 VELOCITY 4 0.0 0.0 0.0
      1801 VELOCITY 4 0.0 0.0 0.0
      1846 VELOCITY 4 0.0 0.0 0.0
      1841 VELOCITY 4 0.0 0.0 0.0
      1836 VELOCITY 4 0.0 0.0 0.0
      1831 VELOCITY 4 0.0 0.0 0.0
      1826 VELOCITY 4 0.0 0.0 0.0
      1871 VELOCITY 4 0.0 0.0 0.0
      1866 VELOCITY 4 0.0 0.0 0.0
      1861 VELOCITY 4 0.0 0.0 0.0
      1856 VELOCITY 4 0.0 0.0 0.0
      1851 VELOCITY 4 0.0 0.0 0.0
      1896 VELOCITY 4 0.0 0.0 0.0
      1891 VELOCITY 4 0.0 0.0 0.0
      1886 VELOCITY 4 0.0 0.0 0.0
      1881 VELOCITY 4 0.0 0.0 0.0
      1876 VELOCITY 4 0.0 0.0 0.0
      1921 VELOCITY 4 0.0 0.0 0.0
      1916 VELOCITY 4 0.0 0.0 0.0
      1911 VELOCITY 4 0.0 0.0 0.0
      1906 VELOCITY 4 0.0 0.0 0.0
      1901 VELOCITY 4 0.0 0.0 0.0
      1946 VELOCITY 4 0.0 0.0 0.0
      1941 VELOCITY 4 0.0 0.0 0.0
      1936 VELOCITY 4 0.0 0.0 0.0
      1931 VELOCITY 4 0.0 0.0 0.0
      1926 VELOCITY 4 0.0 0.0 0.0
      1971 VELOCITY 4 0.0 0.0 0.0
      1966 VELOCITY 4 0.0 0.0 0.0
      1961 VELOCITY 4 0.0 0.0 0.0
      1956 VELOCITY 4 0.0 0.0 0.0
      1951 VELOCITY 4 0.0 0.0 0.0
      1996 VELOCITY 4 0.0 0.0 0.0
      1991 VELOCITY 4 0.0 0.0 0.0
      1986 VELOCITY 4 0.0 0.0 0.0
      1981 VELOCITY 4 0.0 0.0 0.0
      1976 VELOCITY 4 0.0 0.0 0.0
      1976 PRESSURE 1 0.0
      1977 PRESSURE 1 0.0
      1978 PRESSURE 1 0.0
      1979 PRESSURE 1 0.0
      1980 PRESSURE 1 0.0
      1981 PRESSURE 1 0.0
      1982 PRESSURE 1 0.0
      1983 PRESSURE 1 0.0
      1984 PRESSURE 1 0.0
      1985 PRESSURE 1 0.0
      1986 PRESSURE 1 0.0
      1987 PRESSURE 1 0.0
      1988 PRESSURE 1 0.0
      1989 PRESSURE 1 0.0
      1990 PRESSURE 1 0.0
      1991 PRESSURE 1 0.0
      1992 PRESSURE 1 0.0
      1993 PRESSURE 1 0.0
      1994 PRESSURE 1 0.0
      1995 PRESSURE 1 0.0
      1996 PRESSURE 1 0.0
      1997 PRESSURE 1 0.0
      1998 PRESSURE 1 0.0
      1999 PRESSURE 1 0.0
      2000 PRESSURE 1 0.0
         0
         0
         0
         0
         0
         0
END BOUNDARY
INITIAL CONDITIONS
      2000
         1    0.00000e+00    0.00000e+00    0.00000e+00    0.00000e+00    0.00000e+00    1.00000e-10    1.00000e-10    0.00000e+00    0.00000e+00    0.00000e+00    0.00000e+00
         2    0.00000e+00    0.00000e+00    0.00000e+00    0.00000e+00    0.00000e+00    1.00000e-10    1.00000e-10    0.00000e+00    0.00000e+00    0.00000e+00    0.00000e+00
         3    0.00000e+00    0.00000e+00    0.00000e+00    0.00000e+00    0.00000e+00    1.00000e-10    1.00000e-10    0.00000e+00    0.00000e+00    0.00000e+00    0.00000e+00
         4    0.00000e+00    0.00000e+00    0.00000e+00    0.00000e+00    0.00000e+00    1.00000e-10    1.00000e-10    0.00000e+00    0.00000e+00    0.00000e+00    0.00000e+00
         5    0.00000e+00    0.00000e+00    0.00000e+00    0.00000e+00    0.00000e+00    1.00000e-10    1.00000e-10    0.00000e+00    0.00000e+00    0.00000e+00    0.00000e+00
         6    0.00000e+00    0.00000e+00    0.00000e+00    0.00000e+00    0.00000e+00    1.00000e-10    1.00000e-10    0.00000e+00    0.00000e+00    0.00000e+00    0.00000e+00
         7    0.00000e+00    0.00000e+00    0.00000e+00    0.00000e+00    0.00000e+00    1.00000e-10    1.00000e-10    0.00000e+00    0.00000e+00    0.00000e+00    0.00000e+00
         8    0.00000e+00    0.00000e+00    0.00000e+00    0.00000e+00    0.00000e+00    1.00000e-10    1.00000e-10    0.00000e+00    0.00000e+00    0.00000e+00    0.00000e+00
         9    0.00000e+00    0.00000e+00    0.00000e+00    0.00000e+00    0.00000e+00    1.00000e-10    1.00000e-10    0.00000e+00    0.00000e+00    0.00000e+00    0.00000e+00
        10    0.00000e+00    0.00000e+00    0.00000e+00    0.00000e+00    0.00000e+00    1.00000e-10    1.00000e-10    0.00000e+00    0.00000e+00    0.00000e+00    0.00000e+00
        11    0.00000e+00    0.00000e+00    0.00000e+00    0.00000e+00    0.00000e+00    1.00000e-10    1.00000e-10    0.00000e+00    0.00000e+00    0.00000e+00    0.00000e+00
        12    0.00000e+00    0.00000e+00    0.00000e+00    0.00000e+00    0.00000e+00    1.00000e-10    1.00000e-10    0.00000e+00    0.00000e+00    0.00000e+00    0.00000e+00
        13    0.00000e+00    0.00000e+00    0.00000e+00    0.00000e+00    0.00000e+00    1.00000e-10    1.00000e-10    0.00000e+00    0.00000e+00    0.00000e+00    0.00000e+00
        14    0.00000e+00    0.00000e+00    0.00000e+00    0.00000e+00    0.00000e+00    1.00000e-10    1.00000e-10    0.00000e+00    0.00000e+00    0.00000e+00    0.00000e+00
        15    0.00000e+00    0.00000e+00    0.00000e+00    0.00000e+00    0.00000e+00    1.00000e-10    1.00000e-10    0.00000e+00    0.00000e+00    0.00000e+00    0.00000e+00
        16    0.00000e+00    0.00000e+00    0.00000e+00    0.00000e+00    0.00000e+00    1.00000e-10    1.00000e-10    0.00000e+00    0.00000e+00    0.00000e+00    0.00000e+00
        17    0.00000e+00    0.00000e+00    0.00000e+00    0.00000e+00    0.00000e+00    1.00000e-10    1.00000e-10    0.00000e+00    0.00000e+00    0.00000e+00    0.00000e+00
        18    0.00000e+00    0.00000e+00    0.00000e+00    0.00000e+00    0.00000e+00    1.00000e-10    1.00000e-10    0.00000e+00    0.00000e+00    0.00000e+00    0.00000e+00
        19    0.00000e+00    0.00000e+00    0.00000e+00    0.00000e+00    0.00000e+00    1.00000e-10    1.00000e-10    0.00000e+00    0.00000e+00    0.00000e+00    0.00000e+00
        20    0.00000e+00    0.00000e+00    0.00000e+00    0.00000e+00    0.00000e+00    1.00000e-10    1.00000e-10    0.00000e+00    0.00000e+00    0.00000e+00    0.00000e+00
        21    0.00000e+00    0.00000e+00    0.00000e+00    0.00000e+00    0.00000e+00    1.00000e-10    1.00000e-10    0.00000e+00    0.00000e+00    0.00000e+00    0.00000e+00
        22    0.00000e+00    0.00000e+00    0.00000e+00    0.00000e+00    0.00000e+00    1.00000e-10    1.00000e-10    0.00000e+00    0.00000e+00    0.00000e+00    0.00000e+00
        23    0.00000e+00    0.00000e+00    0.00000e+00    0.00000e+00    0.00000e+00    1.00000e-10    1.00000e-10    0.00000e+00    0.00000e+00    0.00000e+00    0.00000e+00
        24    0.00000e+00    0.00000e+00    0.00000e+00    0.00000e+00    0.00000e+00    1.00000e-10    1.00000e-10    0.00000e+00    0.00000e+00    0.00000e+00    0.00000e+00
        25    0.00000e+00    0.00000e+00    0.00000e+00    0.00000e+00    0.00000e+00    1.00000e-10    1.00000e-10    0.00000e+00    0.00000e+00    0.00000e+00    0.00000e+00
        26    0.00000e+00    0.00000e+00    0.00000e+00    0.00000e+00    0.00000e+00    1.00000e-10    1.00000e-10    0.00000e+00    0.00000e+00    0.00000e+00    0.00000e+00
        27    0.00000e+00    0.00000e+00    0.00000e+00    0.00000e+00    0.00000e+00    1.00000e-10    1.00000e-10    0.00000e+00    0.00000e+00    0.00000e+00    0.00000e+00
        28    0.00000e+00    0.00000e+00    0.00000e+00    0.00000e+00    0.00000e+00    1.00000e-10    1.00000e-10    0.00000e+00    0.00000e+00    0.00000e+00    0.00000e+00
        29    0.00000e+00    0.00000e+00    0.00000e+00    0.00000e+00    0.00000e+00    1.00000e-10    1.00000e-10    0.00000e+00    0.00000e+00    0.00000e+00    0.00000e+00
        30    0.00000e+00    0.00000e+00    0.00000e+00    0.00000e+00    0.00000e+00    1.00000e-10    1.00000e-10    0.00000e+00    0.00000e+00    0.00000e+00    0.00000e+00
        31    0.00000e+00    0.00000e+00    0.00000e+00    0.00000e+00    0.00000e+00    1.00000e-10    1.00000e-10    0.00000e+00    0.00000e+00    0.00000e+00    0.00000e+00
        32    0.00000e+00    0.00000e+00    0.00000e+00    0.00000e+00    0.00000e+00    1.00000e-10    1.00000e-10    0.00000e+00    0.00000e+00    0.00000e+00    0.00000e+00
        33    0.00000e+00    0.00000e+00    0.00000e+00    0.00000e+00    0.00000e+00    1.00000e-10    1.00000e-10    0.00000e+00    0.00000e+00    0.00000e+00    0.00000e+00
        34    0.00000e+00    0.00000e+00    0.00000e+00    0.00000e+00    0.00000e+00    1.00000e-10    1.00000e-10    0.00000e+00    0.00000e+00    0.00000e+00    0.00000e+00
        35    0.00000e+00    0.00000e+00    0.00000e+00    0.00000e+00    0.00000e+00    1.00000e-10    1.00000e-10    0.00000e+00    0.00000e+00    0.00000e+00    0.00000e+00
        36    0.00000e+00    0.00000e+00    0.00000e+00    0.00000e+00    0.00000e+00    1.00000e-10    1.00000e-10    0.00000e+00    0.00000e+00    0.00000e+00    0.00000e+00
        37    0.00000e+00    0.00000e+00    0.00000e+00    0.00000e+00    0.00000e+00    1.00000e-10    1.00000e-10    0.00000e+00    0.00000e+00    0.00000e+00    0.00000e+00
        38    0.00000e+00    0.00000e+00    0.00000e+00    0.00000e+00    0.00000e+00    1.00000e-10    1.00000e-10    0.00000e+00    0.00000e+00    0.00000e+00    0.00000e+00
        39    0.00000e+00    0.00000e+00    0.00000e+00    0.00000e+00    0.00000e+00    1.00000e-10    1.00000e-10    0.00000e+00    0.00000e+00    0.00000e+00    0.00000e+00
        40    0.00000e+00    0.00000e+00    0.00000e+00    0.00000e+00    0.00000e+00    1.00000e-10    1.00000e-10    0.00000e+00    0.00000e+00    0.00000e+00    0.00000e+00
        41    0.00000e+00    0.00000e+00    0.00000e+00    0.00000e+00    0.00000e+00    1.00000e-10    1.00000e-10    0.00000e+00    0.00000e+00    0.00000e+00    0.00000e+00
        42    0.00000e+00    0.00000e+00    0.00000e+00    0.00000e+00    0.00000e+00    1.00000e-10    1.00000e-10    0.00000e+00    0.00000e+00    0.00000e+00    0.00000e+00
        43    0.00000e+00    0.00000e+00    0.00000e+00    0.00000e+00    0.00000e+00    1.00000e-10    1.00000e-10    0.00000e+00    0.00000e+00    0.00000e+00    0.00000e+00
        44    0.00000e+00    0.00000e+00    0.00000e+00    0.00000e+00    0.00000e+00    1.00000e-10    1.00000e-10    0.00000e+00    0.00000e+00    0.00000e+00    0.00000e+00
        45    0.00000e+00    0.00000e+00    0.00000e+00    0.00000e+00    0.00000e+00    1.00000e-10    1.00000e-10    0.00000e+00    0.00000e+00    0.00000e+00    0.00000e+00
        46    0.00000e+00    0.00000e+00    0.00000e+00    0.00000e+00    0.00000e+00    1.00000e-10    1.00000e-10    0.00000e+00    0.00000e+00    0.00000e+00    0.00000e+00
        47    0.00000e+00    0.00000e+00    0.00000e+00    0.00000e+00    0.00000e+00    1.00000e-10    1.00000e-10    0.00000e+00    0.00000e+00    0.00000e+00    0.00000e+00
        48    0.00000e+00    0.00000e+00    0.00000e+00    0.00000e+00    0.00000e+00    1.00000e-10    1.00000e-10    0.00000e+00    0.00000e+00    0.00000e+00    0.00000e+00
        49    0.00000e+00    0.00000e+00    0.00000e+00    0.00000e+00    0.00000e+00    1.00000e-10    1.00000e-10    0.00000e+00    0.00000e+00    0.00000e+00    0.00000e+00
        50    0.00000e+00    0.00000e+00    0.00000e+00    0.00000e+00    0.00000e+00    1.00000e-10    1.00000e-10    0.00000e+00    0.00000e+00    0.00000e+00    0.00000e+00
        51    0.00000e+00    0.00000e+00    0.00000e+00    0.00000e+00    0.00000e+00    1.00000e-10    1.00000e-10    0.00000e+00    0.00000e+00    0.00000e+00    0.00000e+00
        52    0.00000e+00    0.00000e+00    0.00000e+00    0.00000e+00    0.00000e+00    1.00000e-10    1.00000e-10    0.00000e+00    0.00000e+00    0.00000e+00    0.00000e+00
        53    0.00000e+00    0.00000e+00    0.00000e+00    0.00000e+00    0.00000e+00    1.00000e-10    1.00000e-10    0.00000e+00    0.00000e+00    0.00000e+00    0.00000e+00
        54    0.00000e+00    0.00000e+00    0.00000e+00    0.00000e+00    0.00000e+00    1.00000e-10    1.00000e-10    0.00000e+00    0.00000e+00    0.00000e+00    0.00000e+00
        55    0.00000e+00    0.00000e+00    0.00000e+00    0.00000e+00    0.00000e+00    1.00000e-10    1.00000e-10    0.00000e+00    0.00000e+00    0.00000e+00    0.00000e+00
        56    0.00000e+00    0.00000e+00    0.00000e+00    0.00000e+00    0.00000e+00    1.00000e-10    1.00000e-10    0.00000e+00    0.00000e+00    0.00000e+00    0.00000e+00
        57    0.00000e+00    0.00000e+00    0.00000e+00    0.00000e+00    0.00000e+00    1.00000e-10    1.00000e-10    0.00000e+00    0.00000e+00    0.00000e+00    0.00000e+00
        58    0.00000e+00    0.00000e+00    0.00000e+00    0.00000e+00    0.00000e+00    1.00000e-10    1.00000e-10    0.00000e+00    0.00000e+00    0.00000e+00    0.00000e+00
        59    0.00000e+00    0.00000e+00    0.00000e+00    0.00000e+00    0.00000e+00    1.00000e-10    1.00000e-10    0.00000e+00    0.00000e+00    0.00000e+00    0.00000e+00
        60    0.00000e+00    0.00000e+00    0.00000e+00    0.00000e+00    0.00000e+00    1.00000e-10    1.00000e-10    0.00000e+00    0.00000e+00    0.00000e+00    0.00000e+00
        61    0.00000e+00    0.00000e+00    0.00000e+00    0.00000e+00    0.00000e+00    1.00000e-10    1.00000e-10    0.00000e+00    0.00000e+00    0.00000e+00    0.00000e+00
        62    0.00000e+00    0.00000e+00    0.00000e+00    0.00000e+00    0.00000e+00    1.00000e-10    1.00000e-10    0.00000e+00    0.00000e+00    0.00000e+00    0.00000e+00
        63    0.00000e+00    0.00000e+00    0.00000e+00    0.00000e+00    0.00000e+00    1.00000e-10    1.00000e-10    0.00000e+00    0.00000e+00    0.00000e+00    0.00000e+00
        64    0.00000e+00    0.00000e+00    0.00000e+00    0.00000e+00    0.00000e+00    1.00000e-10    1.00000e-10    0.00000e+00    0.00000e+00    0.00000e+00    0.00000e+00
        65    0.00000e+00    0.00000e+00    0.00000e+00    0.00000e+00    0.00000e+00    1.00000e-10    1.00000e-10    0.00000e+00    0.00000e+00    0.00000e+00    0.00000e+00
        66    0.00000e+00    0.00000e+00    0.00000e+00    0.00000e+00    0.00000e+00    1.00000e-10    1.00000e-10    0.00000e+00    0.00000e+00    0.00000e+00    0.00000e+00
        67    0.00000e+00    0.00000e+00    0.00000e+00    0.00000e+00    0.00000e+00    1.00000e-10    1.00000e-10    0.00000e+00    0.00000e+00    0.00000e+00    0.00000e+00
        68    0.00000e+00    0.00000e+00    0.00000e+00    0.00000e+00    0.00000e+00    1.00000e-10    1.00000e-10    0.00000e+00    0.00000e+00    0.00000e+00    0.00000e+00
        69    0.00000e+00    0.00000e+00    0.00000e+00    0.00000e+00    0.00000e+00    1.00000e-10    1.00000e-10    0.00000e+00    0.00000e+00    0.00000e+00    0.00000e+00
        70    0.00000e+00    0.00000e+00    0.00000e+00    0.00000e+00    0.00000e+00    1.00000e-10    1.00000e-10    0.00000e+00    0.00000e+00    0.00000e+00    0.00000e+00
        71    0.00000e+00    0.00000e+00    0.00000e+00    0.00000e+00    0.00000e+00    1.00000e-10    1.00000e-10    0.00000e+00    0.00000e+00    0.00000e+00    0.00000e+00
        72    0.00000e+00    0.00000e+00    0.00000e+00    0.00000e+00    0.00000e+00    1.00000e-10    1.00000e-10    0.00000e+00    0.00000e+00    0.00000e+00    0.00000e+00
        73    0.00000e+00    0.00000e+00    0.00000e+00    0.00000e+00    0.00000e+00    1.00000e-10    1.00000e-10    0.00000e+00    0.00000e+00    0.00000e+00    0.00000e+00
        74    0.00000e+00    0.00000e+00    0.00000e+00    0.00000e+00    0.00000e+00    1.00000e-10    1.00000e-10    0.00000e+00    0.00000e+00    0.00000e+00    0.00000e+00
        75    0.00000e+00    0.00000e+00    0.00000e+00    0.00000e+00    0.00000e+00    1.00000e-10    1.00000e-10    0.00000e+00    0.00000e+00    0.00000e+00    0.00000e+00
        76    0.00000e+00    0.00000e+00    0.00000e+00    0.00000e+00    0.00000e+00    1.00000e-10    1.00000e-10    0.00000e+00    0.00000e+00    0.00000e+00    0.00000e+00
        77    0.00000e+00    0.00000e+00    0.00000e+00    0.00000e+00    0.00000e+00    1.00000e-10    1.00000e-10    0.00000e+00    0.00000e+00    0.00000e+00    0.00000e+00
        78    0.00000e+00    0.00000e+00    0.00000e+00    0.00000e+00    0.00000e+00    1.00000e-10    1.00000e-10    0.00000e+00    0.00000e+00    0.00000e+00    0.00000e+00
        79    0.00000e+00    0.00000e+00    0.00000e+00    0.00000e+00    0.00000e+00    1.00000e-10    1.00000e-10    0.00000e+00    0.00000e+00    0.00000e+00    0.00000e+00
        80    0.00000e+00    0.00000e+00    0.00000e+00    0.00000e+00    0.00000e+00    1.00000e-10    1.00000e-10    0.00000e+00    0.00000e+00    0.00000e+00    0.00000e+00
        81    0.00000e+00    0.00000e+00    0.00000e+00    0.00000e+00    0.00000e+00    1.00000e-10    1.00000e-10    0.00000e+00    0.00000e+00    0.00000e+00    0.00000e+00
        82    0.00000e+00    0.00000e+00    0.00000e+00    0.00000e+00    0.00000e+00    1.00000e-10    1.00000e-10    0.00000e+00    0.00000e+00    0.00000e+00    0.00000e+00
        83    0.00000e+00    0.00000e+00    0.00000e+00    0.00000e+00    0.00000e+00    1.00000e-10    1.00000e-10    0.00000e+00    0.00000e+00    0.00000e+00    0.00000e+00
        84    0.00000e+00    0.00000e+00    0.00000e+00    0.00000e+00    0.00000e+00    1.00000e-10    1.00000e-10    0.00000e+00    0.00000e+00    0.00000e+00    0.00000e+00
        85    0.00000e+00    0.00000e+00    0.00000e+00    0.00000e+00    0.00000e+00    1.00000e-10    1.00000e-10    0.00000e+00    0.00000e+00    0.00000e+00    0.00000e+00
        86    0.00000e+00    0.00000e+00    0.00000e+00    0.00000e+00    0.00000e+00    1.00000e-10    1.00000e-10    0.00000e+00    0.00000e+00    0.00000e+00    0.00000e+00
        87    0.00000e+00    0.00000e+00    0.00000e+00    0.00000e+00    0.00000e+00    1.00000e-10    1.00000e-10    0.00000e+00    0.00000e+00    0.00000e+00    0.00000e+00
        88    0.00000e+00    0.00000e+00    0.00000e+00    0.00000e+00    0.00000e+00    1.00000e-10    1.00000e-10    0.00000e+00    0.00000e+00    0.00000e+00    0.00000e+00
        89    0.00000e+00    0.00000e+00    0.00000e+00    0.00000e+00    0.00000e+00    1.00000e-10    1.00000e-10    0.00000e+00    0.00000e+00    0.00000e+00    0.00000e+00
        90    0.00000e+00    0.00000e+00    0.00000e+00    0.00000e+00    0.00000e+00    1.00000e-10    1.00000e-10    0.00000e+00    0.00000e+00    0.00000e+00    0.00000e+00
        91    0.00000e+00    0.00000e+00    0.00000e+00    0.00000e+00    0.00000e+00    1.00000e-10    1.00000e-10    0.00000e+00    0.00000e+00    0.00000e+00    0.00000e+00
        92    0.00000e+00    0.00000e+00    0.00000e+00    0.00000e+00    0.00000e+00    1.00000e-10    1.00000e-10    0.00000e+00    0.00000e+00    0.00000e+00    0.00000e+00
        93    0.00000e+00    0.00000e+00    0.00000e+00    0.00000e+00    0.00000e+00    1.00000e-10    1.00000e-10    0.00000e+00    0.00000e+00    0.00000e+00    0.00000e+00
        94    0.00000e+00    0.00000e+00    0.00000e+00    0.00000e+00    0.00000e+00    1.00000e-10    1.00000e-10    0.00000e+00    0.00000e+00    0.00000e+00    0.00000e+00
        95    0.00000e+00    0.00000e+00    0.00000e+00    0.00000e+00    0.00000e+00    1.00000e-10    1.00000e-10    0.00000e+00    0.00000e+00    0.00000e+00    0.00000e+00
        96    0.00000e+00    0.00000e+00    0.00000e+00    0.00000e+00    0.00000e+00    1.00000e-10    1.00000e-10    0.00000e+00    0.00000e+00    0.00000e+00    0.00000e+00
        97    0.00000e+00    0.00000e+00    0.00000e+00    0.00000e+00    0.00000e+00    1.00000e-10    1.00000e-10    0.00000e+00    0.00000e+00    0.00000e+00    0.00000e+00
        98    0.00000e+00    0.00000e+00    0.00000e+00    0.00000e+00    0.00000e+00    1.00000e-10    1.00000e-10    0.00000e+00    0.00000e+00    0.00000e+00    0.00000e+00
        99    0.00000e+00    0.00000e+00    0.00000e+00    0.00000e+00    0.00000e+00    1.00000e-10    1.00000e-10    0.00000e+00    0.00000e+00    0.00000e+00    0.00000e+00
       100    0.00000e+00    0.00000e+00    0.00000e+00    0.00000e+00    0.00000e+00    1.00000e-10    1.00000e-10    0.00000e+00    0.00000e+00    0.00000e+00    0.00000e+00
       101    0.00000e+00    0.00000e+00    0.00000e+00    0.00000e+00    0.00000e+00    1.00000e-10    1.00000e-10    0.00000e+00    0.00000e+00    0.00000e+00    0.00000e+00
       102    0.00000e+00    0.00000e+00    0.00000e+00    0.00000e+00    0.00000e+00    1.00000e-10    1.00000e-10    0.00000e+00    0.00000e+00    0.00000e+00    0.00000e+00
       103    0.00000e+00    0.00000e+00    0.00000e+00    0.00000e+00    0.00000e+00    1.00000e-10    1.00000e-10    0.00000e+00    0.00000e+00    0.00000e+00    0.00000e+00
       104    0.00000e+00    0.00000e+00    0.00000e+00    0.00000e+00    0.00000e+00    1.00000e-10    1.00000e-10    0.00000e+00    0.00000e+00    0.00000e+00    0.00000e+00
       105    0.00000e+00    0.00000e+00    0.00000e+00    0.00000e+00    0.00000e+00    1.00000e-10    1.00000e-10    0.00000e+00    0.00000e+00    0.00000e+00    0.00000e+00
       106    0.00000e+00    0.00000e+00    0.00000e+00    0.00000e+00    0.00000e+00    1.00000e-10    1.00000e-10    0.00000e+00    0.00000e+00    0.00000e+00    0.00000e+00
       107    0.00000e+00    0.00000e+00    0.00000e+00    0.00000e+00    0.00000e+00    1.00000e-10    1.00000e-10    0.00000e+00    0.00000e+00    0.00000e+00    0.00000e+00
       108    0.00000e+00    0.00000e+00    0.00000e+00    0.00000e+00    0.00000e+00    1.00000e-10    1.00000e-10    0.00000e+00    0.00000e+00    0.00000e+00    0.00000e+00
       109    0.00000e+00    0.00000e+00    0.00000e+00    0.00000e+00    0.00000e+00    1.00000e-10    1.00000e-10    0.00000e+00    0.00000e+00    0.00000e+00    0.00000e+00
       110    0.00000e+00    0.00000e+00    0.00000e+00    0.00000e+00    0.00000e+00    1.00000e-10    1.00000e-10    0.00000e+00    0.00000e+00    0.00000e+00    0.00000e+00
       111    0.00000e+00    0.00000e+00    0.00000e+00    0.00000e+00    0.00000e+00    1.00000e-10    1.00000e-10    0.00000e+00    0.00000e+00    0.00000e+00    0.00000e+00
       112    0.00000e+00    0.00000e+00    0.00000e+00    0.00000e+00    0.00000e+00    1.00000e-10    1.00000e-10    0.00000e+00    0.00000e+00    0.00000e+00    0.00000e+00
       113    0.00000e+00    0.00000e+00    0.00000e+00    0.00000e+00    0.00000e+00    1.00000e-10    1.00000e-10    0.00000e+00    0.00000e+00    0.00000e+00    0.00000e+00
       114    0.00000e+00    0.00000e+00    0.00000e+00    0.00000e+00    0.00000e+00    1.00000e-10    1.00000e-10    0.00000e+00    0.00000e+00    0.00000e+00    0.00000e+00
       115    0.00000e+00    0.00000e+00    0.00000e+00    0.00000e+00    0.00000e+00    1.00000e-10    1.00000e-10    0.00000e+00    0.00000e+00    0.00000e+00    0.00000e+00
       116    0.00000e+00    0.00000e+00    0.00000e+00    0.00000e+00    0.00000e+00    1.00000e-10    1.00000e-10    0.00000e+00    0.00000e+00    0.00000e+00    0.00000e+00
       117    0.00000e+00    0.00000e+00    0.00000e+00    0.00000e+00    0.00000e+00    1.00000e-10    1.00000e-10    0.00000e+00    0.00000e+00    0.00000e+00    0.00000e+00
       118    0.00000e+00    0.00000e+00    0.00000e+00    0.00000e+00    0.00000e+00    1.00000e-10    1.00000e-10    0.00000e+00    0.00000e+00    0.00000e+00    0.00000e+00
       119    0.00000e+00    0.00000e+00    0.00000e+00    0.00000e+00    0.00000e+00    1.00000e-10    1.00000e-10    0.00000e+00    0.00000e+00    0.00000e+00    0.00000e+00
       120    0.00000e+00    0.00000e+00    0.00000e+00    0.00000e+00    0.00000e+00    1.00000e-10    1.00000e-10    0.00000e+00    0.00000e+00    0.00000e+00    0.00000e+00
       121    0.00000e+00    0.00000e+00    0.00000e+00    0.00000e+00    0.00000e+00    1.00000e-10    1.00000e-10    0.00000e+00    0.00000e+00    0.00000e+00    0.00000e+00
       122    0.00000e+00    0.00000e+00    0.00000e+00    0.00000e+00    0.00000e+00    1.00000e-10    1.00000e-10    0.00000e+00    0.00000e+00    0.00000e+00    0.00000e+00
       123    0.00000e+00    0.00000e+00    0.00000e+00    0.00000e+00    0.00000e+00    1.00000e-10    1.00000e-10    0.00000e+00    0.00000e+00    0.00000e+00    0.00000e+00
       124    0.00000e+00    0.00000e+00    0.00000e+00    0.00000e+00    0.00000e+00    1.00000e-10    1.00000e-10    0.00000e+00    0.00000e+00    0.00000e+00    0.00000e+00
       125    0.00000e+00    0.00000e+00    0.00000e+00    0.00000e+00    0.00000e+00    1.00000e-10    1.00000e-10    0.00000e+00    0.00000e+00    0.00000e+00    0.00000e+00
       126    0.00000e+00    0.00000e+00    0.00000e+00    0.00000e+00    0.00000e+00    1.00000e-10    1.00000e-10    0.00000e+00    0.00000e+00    0.00000e+00    0.00000e+00
       127    0.00000e+00    0.00000e+00    0.00000e+00    0.00000e+00    0.00000e+00    1.00000e-10    1.00000e-10    0.00000e+00    0.00000e+00    0.00000e+00    0.00000e+00
       128    0.00000e+00    0.00000e+00    0.00000e+00    0.00000e+00    0.00000e+00    1.00000e-10    1.00000e-10    0.00000e+00    0.00000e+00    0.00000e+00    0.00000e+00
       129    0.00000e+00    0.00000e+00    0.00000e+00    0.00000e+00    0.00000e+00    1.00000e-10    1.00000e-10    0.00000e+00    0.00000e+00    0.00000e+00    0.00000e+00
       130    0.00000e+00    0.00000e+00    0.00000e+00    0.00000e+00    0.00000e+00    1.00000e-10    1.00000e-10    0.00000e+00    0.00000e+00    0.00000e+00    0.00000e+00
       131    0.00000e+00    0.00000e+00    0.00000e+00    0.00000e+00    0.00000e+00    1.00000e-10    1.00000e-10    0.00000e+00    0.00000e+00    0.00000e+00    0.00000e+00
       132    0.00000e+00    0.00000e+00    0.00000e+00    0.00000e+00    0.00000e+00    1.00000e-10    1.00000e-10    0.00000e+00    0.00000e+00    0.00000e+00    0.00000e+00
       133    0.00000e+00    0.00000e+00    0.00000e+00    0.00000e+00    0.00000e+00    1.00000e-10    1.00000e-10    0.00000e+00    0.00000e+00    0.00000e+00    0.00000e+00
       134    0.00000e+00    0.00000e+00    0.00000e+00    0.00000e+00    0.00000e+00    1.00000e-10    1.00000e-10    0.00000e+00    0.00000e+00    0.00000e+00    0.00000e+00
       135    0.00000e+00    0.00000e+00    0.00000e+00    0.00000e+00    0.00000e+00    1.00000e-10    1.00000e-10    0.00000e+00    0.00000e+00    0.00000e+00    0.00000e+00
       136    0.00000e+00    0.00000e+00    0.00000e+00    0.00000e+00    0.00000e+00    1.00000e-10    1.00000e-10    0.00000e+00    0.00000e+00    0.00000e+00    0.00000e+00
       137    0.00000e+00    0.00000e+00    0.00000e+00    0.00000e+00    0.00000e+00    1.00000e-10    1.00000e-10    0.00000e+00    0.00000e+00    0.00000e+00    0.00000e+00
       138    0.00000e+00    0.00000e+00    0.00000e+00    0.00000e+00    0.00000e+00    1.00000e-10    1.00000e-10    0.00000e+00    0.00000e+00    0.00000e+00    0.00000e+00
       139    0.00000e+00    0.00000e+00    0.00000e+00    0.00000e+00    0.00000e+00    1.00000e-10    1.00000e-10    0.00000e+00    0.00000e+00    0.00000e+00    0.00000e+00
       140    0.00000e+00    0.00000e+00    0.00000e+00    0.00000e+00    0.00000e+00    1.00000e-10    1.00000e-10    0.00000e+00    0.00000e+00    0.00000e+00    0.00000e+00
       141    0.00000e+00    0.00000e+00    0.00000e+00    0.00000e+00    0.00000e+00    1.00000e-10    1.00000e-10    0.00000e+00    0.00000e+00    0.00000e+00    0.00000e+00
       142    0.00000e+00    0.00000e+00    0.00000e+00    0.00000e+00    0.00000e+00    1.00000e-10    1.00000e-10    0.00000e+00    0.00000e+00    0.00000e+00    0.00000e+00
       143    0.00000e+00    0.00000e+00    0.00000e+00    0.00000e+00    0.00000e+00    1.00000e-10    1.00000e-10    0.00000e+00    0.00000e+00    0.00000e+00    0.00000e+00
       144    0.00000e+00    0.00000e+00    0.00000e+00    0.00000e+00    0.00000e+00    1.00000e-10    1.00000e-10    0.00000e+00    0.00000e+00    0.00000e+00    0.00000e+00
       145    0.00000e+00    0.00000e+00    0.00000e+00    0.00000e+00    0.00000e+00    1.00000e-10    1.00000e-10    0.00000e+00    0.00000e+00    0.00000e+00    0.00000e+00
       146    0.00000e+00    0.00000e+00    0.00000e+00    0.00000e+00    0.00000e+00    1.00000e-10    1.00000e-10    0.00000e+00    0.00000e+00    0.00000e+00    0.00000e+00
       147    0.00000e+00    0.00000e+00    0.00000e+00    0.00000e+00    0.00000e+00    1.00000e-10    1.00000e-10    0.00000e+00    0.00000e+00    0.00000e+00    0.00000e+00
       148    0.00000e+00    0.00000e+00    0.00000e+00    0.00000e+00    0.00000e+00    1.00000e-10    1.00000e-10    0.00000e+00    0.00000e+00    0.00000e+00    0.00000e+00
       149    0.00000e+00    0.00000e+00    0.00000e+00    0.00000e+00    0.00000e+00    1.00000e-10    1.00000e-10    0.00000e+00    0.00000e+00    0.00000e+00    0.00000e+00
       150    0.00000e+00    0.00000e+00    0.00000e+00    0.00000e+00    0.00000e+00    1.00000e-10    1.00000e-10    0.00000e+00    0.00000e+00    0.00000e+00    0.00000e+00
       151    0.00000e+00    0.00000e+00    0.00000e+00    0.00000e+00    0.00000e+00    1.00000e-10    1.00000e-10    0.00000e+00    0.00000e+00    0.00000e+00    0.00000e+00
       152    0.00000e+00    0.00000e+00    0.00000e+00    0.00000e+00    0.00000e+00    1.00000e-10    1.00000e-10    0.00000e+00    0.00000e+00    0.00000e+00    0.00000e+00
       153    0.00000e+00    0.00000e+00    0.00000e+00    0.00000e+00    0.00000e+00    1.00000e-10    1.00000e-10    0.00000e+00    0.00000e+00    0.00000e+00    0.00000e+00
       154    0.00000e+00    0.00000e+00    0.00000e+00    0.00000e+00    0.00000e+00    1.00000e-10    1.00000e-10    0.00000e+00    0.00000e+00    0.00000e+00    0.00000e+00
       155    0.00000e+00    0.00000e+00    0.00000e+00    0.00000e+00    0.00000e+00    1.00000e-10    1.00000e-10    0.00000e+00    0.00000e+00    0.00000e+00    0.00000e+00
       156    0.00000e+00    0.00000e+00    0.00000e+00    0.00000e+00    0.00000e+00    1.00000e-10    1.00000e-10    0.00000e+00    0.00000e+00    0.00000e+00    0.00000e+00
       157    0.00000e+00    0.00000e+00    0.00000e+00    0.00000e+00    0.00000e+00    1.00000e-10    1.00000e-10    0.00000e+00    0.00000e+00    0.00000e+00    0.00000e+00
       158    0.00000e+00    0.00000e+00    0.00000e+00    0.00000e+00    0.00000e+00    1.00000e-10    1.00000e-10    0.00000e+00    0.00000e+00    0.00000e+00    0.00000e+00
       159    0.00000e+00    0.00000e+00    0.00000e+00    0.00000e+00    0.00000e+00    1.00000e-10    1.00000e-10    0.00000e+00    0.00000e+00    0.00000e+00    0.00000e+00
       160    0.00000e+00    0.00000e+00    0.00000e+00    0.00000e+00    0.00000e+00    1.00000e-10    1.00000e-10    0.00000e+00    0.00000e+00    0.00000e+00    0.00000e+00
       161    0.00000e+00    0.00000e+00    0.00000e+00    0.00000e+00    0.00000e+00    1.00000e-10    1.00000e-10    0.00000e+00    0.00000e+00    0.00000e+00    0.00000e+00
       162    0.00000e+00    0.00000e+00    0.00000e+00    0.00000e+00    0.00000e+00    1.00000e-10    1.00000e-10    0.00000e+00    0.00000e+00    0.00000e+00    0.00000e+00
       163    0.00000e+00    0.00000e+00    0.00000e+00    0.00000e+00    0.00000e+00    1.00000e-10    1.00000e-10    0.00000e+00    0.00000e+00    0.00000e+00    0.00000e+00
       164    0.00000e+00    0.00000e+00    0.00000e+00    0.00000e+00    0.00000e+00    1.00000e-10    1.00000e-10    0.00000e+00    0.00000e+00    0.00000e+00    0.00000e+00
       165    0.00000e+00    0.00000e+00    0.00000e+00    0.00000e+00    0.00000e+00    1.00000e-10    1.00000e-10    0.00000e+00    0.00000e+00    0.00000e+00    0.00000e+00
       166    0.00000e+00    0.00000e+00    0.00000e+00    0.00000e+00    0.00000e+00    1.00000e-10    1.00000e-10    0.00000e+00    0.00000e+00    0.00000e+00    0.00000e+00
       167    0.00000e+00    0.00000e+00    0.00000e+00    0.00000e+00    0.00000e+00    1.00000e-10    1.00000e-10    0.00000e+00    0.00000e+00    0.00000e+00    0.00000e+00
       168    0.00000e+00    0.00000e+00    0.00000e+00    0.00000e+00    0.00000e+00    1.00000e-10    1.00000e-10    0.00000e+00    0.00000e+00    0.00000e+00    0.00000e+00
       169    0.00000e+00    0.00000e+00    0.00000e+00    0.00000e+00    0.00000e+00    1.00000e-10    1.00000e-10    0.00000e+00    0.00000e+00    0.00000e+00    0.00000e+00
       170    0.00000e+00    0.00000e+00    0.00000e+00    0.00000e+00    0.00000e+00    1.00000e-10    1.00000e-10    0.00000e+00    0.00000e+00    0.00000e+00    0.00000e+00
       171    0.00000e+00    0.00000e+00    0.00000e+00    0.00000e+00    0.00000e+00    1.00000e-10    1.00000e-10    0.00000e+00    0.00000e+00    0.00000e+00    0.00000e+00
       172    0.00000e+00    0.00000e+00    0.00000e+00    0.00000e+00    0.00000e+00    1.00000e-10    1.00000e-10    0.00000e+00    0.00000e+00    0.00000e+00    0.00000e+00
       173    0.00000e+00    0.00000e+00    0.00000e+00    0.00000e+00    0.00000e+00    1.00000e-10    1.00000e-10    0.00000e+00    0.00000e+00    0.00000e+00    0.00000e+00
       174    0.00000e+00    0.00000e+00    0.00000e+00    0.00000e+00    0.00000e+00    1.00000e-10    1.00000e-10    0.00000e+00    0.00000e+00    0.00000e+00    0.00000e+00
       175    0.00000e+00    0.00000e+00    0.00000e+00    0.00000e+00    0.00000e+00    1.00000e-10    1.00000e-10    0.00000e+00    0.00000e+00    0.00000e+00    0.00000e+00
       176    0.00000e+00    0.00000e+00    0.00000e+00    0.00000e+00    0.00000e+00    1.00000e-10    1.00000e-10    0.00000e+00    0.00000e+00    0.00000e+00    0.00000e+00
       177    0.00000e+00    0.00000e+00    0.00000e+00    0.00000e+00    0.00000e+00    1.00000e-10    1.00000e-10    0.00000e+00    0.00000e+00    0.00000e+00    0.00000e+00
       178    0.00000e+00    0.00000e+00    0.00000e+00    0.00000e+00    0.00000e+00    1.00000e-10    1.00000e-10    0.00000e+00    0.00000e+00    0.00000e+00    0.00000e+00
       179    0.00000e+00    0.00000e+00    0.00000e+00    0.00000e+00    0.00000e+00    1.00000e-10    1.00000e-10    0.00000e+00    0.00000e+00    0.00000e+00    0.00000e+00
       180    0.00000e+00    0.00000e+00    0.00000e+00    0.00000e+00    0.00000e+00    1.00000e-10    1.00000e-10    0.00000e+00    0.00000e+00    0.00000e+00    0.00000e+00
       181    0.00000e+00    0.00000e+00    0.00000e+00    0.00000e+00    0.00000e+00    1.00000e-10    1.00000e-10    0.00000e+00    0.00000e+00    0.00000e+00    0.00000e+00
       182    0.00000e+00    0.00000e+00    0.00000e+00    0.00000e+00    0.00000e+00    1.00000e-10    1.00000e-10    0.00000e+00    0.00000e+00    0.00000e+00    0.00000e+00
       183    0.00000e+00    0.00000e+00    0.00000e+00    0.00000e+00    0.00000e+00    1.00000e-10    1.00000e-10    0.00000e+00    0.00000e+00    0.00000e+00    0.00000e+00
       184    0.00000e+00    0.00000e+00    0.00000e+00    0.00000e+00    0.00000e+00    1.00000e-10    1.00000e-10    0.00000e+00    0.00000e+00    0.00000e+00    0.00000e+00
       185    0.00000e+00    0.00000e+00    0.00000e+00    0.00000e+00    0.00000e+00    1.00000e-10    1.00000e-10    0.00000e+00    0.00000e+00    0.00000e+00    0.00000e+00
       186    0.00000e+00    0.00000e+00    0.00000e+00    0.00000e+00    0.00000e+00    1.00000e-10    1.00000e-10    0.00000e+00    0.00000e+00    0.00000e+00    0.00000e+00
       187    0.00000e+00    0.00000e+00    0.00000e+00    0.00000e+00    0.00000e+00    1.00000e-10    1.00000e-10    0.00000e+00    0.00000e+00    0.00000e+00    0.00000e+00
       188    0.00000e+00    0.00000e+00    0.00000e+00    0.00000e+00    0.00000e+00    1.00000e-10    1.00000e-10    0.00000e+00    0.00000e+00    0.00000e+00    0.00000e+00
       189    0.00000e+00    0.00000e+00    0.00000e+00    0.00000e+00    0.00000e+00    1.00000e-10    1.00000e-10    0.00000e+00    0.00000e+00    0.00000e+00    0.00000e+00
       190    0.00000e+00    0.00000e+00    0.00000e+00    0.00000e+00    0.00000e+00    1.00000e-10    1.00000e-10    0.00000e+00    0.00000e+00    0.00000e+00    0.00000e+00
       191    0.00000e+00    0.00000e+00    0.00000e+00    0.00000e+00    0.00000e+00    1.00000e-10    1.00000e-10    0.00000e+00    0.00000e+00    0.00000e+00    0.00000e+00
       192    0.00000e+00    0.00000e+00    0.00000e+00    0.00000e+00    0.00000e+00    1.00000e-10    1.00000e-10    0.00000e+00    0.00000e+00    0.00000e+00    0.00000e+00
       193    0.00000e+00    0.00000e+00    0.00000e+00    0.00000e+00    0.00000e+00    1.00000e-10    1.00000e-10    0.00000e+00    0.00000e+00    0.00000e+00    0.00000e+00
       194    0.00000e+00    0.00000e+00    0.00000e+00    0.00000e+00    0.00000e+00    1.00000e-10    1.00000e-10    0.00000e+00    0.00000e+00    0.00000e+00    0.00000e+00
       195    0.00000e+00    0.00000e+00    0.00000e+00    0.00000e+00    0.00000e+00    1.00000e-10    1.00000e-10    0.00000e+00    0.00000e+00    0.00000e+00    0.00000e+00
       196    0.00000e+00    0.00000e+00    0.00000e+00    0.00000e+00    0.00000e+00    1.00000e-10    1.00000e-10    0.00000e+00    0.00000e+00    0.00000e+00    0.00000e+00
       197    0.00000e+00    0.00000e+00    0.00000e+00    0.00000e+00    0.00000e+00    1.00000e-10    1.00000e-10    0.00000e+00    0.00000e+00    0.00000e+00    0.00000e+00
       198    0.00000e+00    0.00000e+00    0.00000e+00    0.00000e+00    0.00000e+00    1.00000e-10    1.00000e-10    0.00000e+00    0.00000e+00    0.00000e+00    0.00000e+00
       199    0.00000e+00    0.00000e+00    0.00000e+00    0.00000e+00    0.00000e+00    1.00000e-10    1.00000e-10    0.00000e+00    0.00000e+00    0.00000e+00    0.00000e+00
       200    0.00000e+00    0.00000e+00    0.00000e+00    0.00000e+00    0.00000e+00    1.00000e-10    1.00000e-10    0.00000e+00    0.00000e+00    0.00000e+00    0.00000e+00
       201    0.00000e+00    0.00000e+00    0.00000e+00    0.00000e+00    0.00000e+00    1.00000e-10    1.00000e-10    0.00000e+00    0.00000e+00    0.00000e+00    0.00000e+00
       202    0.00000e+00    0.00000e+00    0.00000e+00    0.00000e+00    0.00000e+00    1.00000e-10    1.00000e-10    0.00000e+00    0.00000e+00    0.00000e+00    0.00000e+00
       203    0.00000e+00    0.00000e+00    0.00000e+00    0.00000e+00    0.00000e+00    1.00000e-10    1.00000e-10    0.00000e+00    0.00000e+00    0.00000e+00    0.00000e+00
       204    0.00000e+00    0.00000e+00    0.00000e+00    0.00000e+00    0.00000e+00    1.00000e-10    1.00000e-10    0.00000e+00    0.00000e+00    0.00000e+00    0.00000e+00
       205    0.00000e+00    0.00000e+00    0.00000e+00    0.00000e+00    0.00000e+00    1.00000e-10    1.00000e-10    0.00000e+00    0.00000e+00    0.00000e+00    0.00000e+00
       206    0.00000e+00    0.00000e+00    0.00000e+00    0.00000e+00    0.00000e+00    1.00000e-10    1.00000e-10    0.00000e+00    0.00000e+00    0.00000e+00    0.00000e+00
       207    0.00000e+00    0.00000e+00    0.00000e+00    0.00000e+00    0.00000e+00    1.00000e-10    1.00000e-10    0.00000e+00    0.00000e+00    0.00000e+00    0.00000e+00
       208    0.00000e+00    0.00000e+00    0.00000e+00    0.00000e+00    0.00000e+00    1.00000e-10    1.00000e-10    0.00000e+00    0.00000e+00    0.00000e+00    0.00000e+00
       209    0.00000e+00    0.00000e+00    0.00000e+00    0.00000e+00    0.00000e+00    1.00000e-10    1.00000e-10    0.00000e+00    0.00000e+00    0.00000e+00    0.00000e+00
       210    0.00000e+00    0.00000e+00    0.00000e+00    0.00000e+00    0.00000e+00    1.00000e-10    1.00000e-10    0.00000e+00    0.00000e+00    0.00000e+00    0.00000e+00
       211    0.00000e+00    0.00000e+00    0.00000e+00    0.00000e+00    0.00000e+00    1.00000e-10    1.00000e-10    0.00000e+00    0.00000e+00    0.00000e+00    0.00000e+00
       212    0.00000e+00    0.00000e+00    0.00000e+00    0.00000e+00    0.00000e+00    1.00000e-10    1.00000e-10    0.00000e+00    0.00000e+00    0.00000e+00    0.00000e+00
       213    0.00000e+00    0.00000e+00    0.00000e+00    0.00000e+00    0.00000e+00    1.00000e-10    1.00000e-10    0.00000e+00    0.00000e+00    0.00000e+00    0.00000e+00
       214    0.00000e+00    0.00000e+00    0.00000e+00    0.00000e+00    0.00000e+00    1.00000e-10    1.00000e-10    0.00000e+00    0.00000e+00    0.00000e+00    0.00000e+00
       215    0.00000e+00    0.00000e+00    0.00000e+00    0.00000e+00    0.00000e+00    1.00000e-10    1.00000e-10    0.00000e+00    0.00000e+00    0.00000e+00    0.00000e+00
       216    0.00000e+00    0.00000e+00    0.00000e+00    0.00000e+00    0.00000e+00    1.00000e-10    1.00000e-10    0.00000e+00    0.00000e+00    0.00000e+00    0.00000e+00
       217    0.00000e+00    0.00000e+00    0.00000e+00    0.00000e+00    0.00000e+00    1.00000e-10    1.00000e-10    0.00000e+00    0.00000e+00    0.00000e+00    0.00000e+00
       218    0.00000e+00    0.00000e+00    0.00000e+00    0.00000e+00    0.00000e+00    1.00000e-10    1.00000e-10    0.00000e+00    0.00000e+00    0.00000e+00    0.00000e+00
       219    0.00000e+00    0.00000e+00    0.00000e+00    0.00000e+00    0.00000e+00    1.00000e-10    1.00000e-10    0.00000e+00    0.00000e+00    0.00000e+00    0.00000e+00
       220    0.00000e+00    0.00000e+00    0.00000e+00    0.00000e+00    0.00000e+00    1.00000e-10    1.00000e-10    0.00000e+00    0.00000e+00    0.00000e+00    0.00000e+00
       221    0.00000e+00    0.00000e+00    0.00000e+00    0.00000e+00    0.00000e+00    1.00000e-10    1.00000e-10    0.00000e+00    0.00000e+00    0.00000e+00    0.00000e+00
       222    0.00000e+00    0.00000e+00    0.00000e+00    0.00000e+00    0.00000e+00    1.00000e-10    1.00000e-10    0.00000e+00    0.00000e+00    0.00000e+00    0.00000e+00
       223    0.00000e+00    0.00000e+00    0.00000e+00    0.00000e+00    0.00000e+00    1.00000e-10    1.00000e-10    0.00000e+00    0.00000e+00    0.00000e+00    0.00000e+00
       224    0.00000e+00    0.00000e+00    0.00000e+00    0.00000e+00    0.00000e+00    1.00000e-10    1.00000e-10    0.00000e+00    0.00000e+00    0.00000e+00    0.00000e+00
       225    0.00000e+00    0.00000e+00    0.00000e+00    0.00000e+00    0.00000e+00    1.00000e-10    1.00000e-10    0.00000e+00    0.00000e+00    0.00000e+00    0.00000e+00
       226    0.00000e+00    0.00000e+00    0.00000e+00    0.00000e+00    0.00000e+00    1.00000e-10    1.00000e-10    0.00000e+00    0.00000e+00    0.00000e+00    0.00000e+00
       227    0.00000e+00    0.00000e+00    0.00000e+00    0.00000e+00    0.00000e+00    1.00000e-10    1.00000e-10    0.00000e+00    0.00000e+00    0.00000e+00    0.00000e+00
       228    0.00000e+00    0.00000e+00    0.00000e+00    0.00000e+00    0.00000e+00    1.00000e-10    1.00000e-10    0.00000e+00    0.00000e+00    0.00000e+00    0.00000e+00
       229    0.00000e+00    0.00000e+00    0.00000e+00    0.00000e+00    0.00000e+00    1.00000e-10    1.00000e-10    0.00000e+00    0.00000e+00    0.00000e+00    0.00000e+00
       230    0.00000e+00    0.00000e+00    0.00000e+00    0.00000e+00    0.00000e+00    1.00000e-10    1.00000e-10    0.00000e+00    0.00000e+00    0.00000e+00    0.00000e+00
       231    0.00000e+00    0.00000e+00    0.00000e+00    0.00000e+00    0.00000e+00    1.00000e-10    1.00000e-10    0.00000e+00    0.00000e+00    0.00000e+00    0.00000e+00
       232    0.00000e+00    0.00000e+00    0.00000e+00    0.00000e+00    0.00000e+00    1.00000e-10    1.00000e-10    0.00000e+00    0.00000e+00    0.00000e+00    0.00000e+00
       233    0.00000e+00    0.00000e+00    0.00000e+00    0.00000e+00    0.00000e+00    1.00000e-10    1.00000e-10    0.00000e+00    0.00000e+00    0.00000e+00    0.00000e+00
       234    0.00000e+00    0.00000e+00    0.00000e+00    0.00000e+00    0.00000e+00    1.00000e-10    1.00000e-10    0.00000e+00    0.00000e+00    0.00000e+00    0.00000e+00
       235    0.00000e+00    0.00000e+00    0.00000e+00    0.00000e+00    0.00000e+00    1.00000e-10    1.00000e-10    0.00000e+00    0.00000e+00    0.00000e+00    0.00000e+00
       236    0.00000e+00    0.00000e+00    0.00000e+00    0.00000e+00    0.00000e+00    1.00000e-10    1.00000e-10    0.00000e+00    0.00000e+00    0.00000e+00    0.00000e+00
       237    0.00000e+00    0.00000e+00    0.00000e+00    0.00000e+00    0.00000e+00    1.00000e-10    1.00000e-10    0.00000e+00    0.00000e+00    0.00000e+00    0.00000e+00
       238    0.00000e+00    0.00000e+00    0.00000e+00    0.00000e+00    0.00000e+00    1.00000e-10    1.00000e-10    0.00000e+00    0.00000e+00    0.00000e+00    0.00000e+00
       239    0.00000e+00    0.00000e+00    0.00000e+00    0.00000e+00    0.00000e+00    1.00000e-10    1.00000e-10    0.00000e+00    0.00000e+00    0.00000e+00    0.00000e+00
       240    0.00000e+00    0.00000e+00    0.00000e+00    0.00000e+00    0.00000e+00    1.00000e-10    1.00000e-10    0.00000e+00    0.00000e+00    0.00000e+00    0.00000e+00
       241    0.00000e+00    0.00000e+00    0.00000e+00    0.00000e+00    0.00000e+00    1.00000e-10    1.00000e-10    0.00000e+00    0.00000e+00    0.00000e+00    0.00000e+00
       242    0.00000e+00    0.00000e+00    0.00000e+00    0.00000e+00    0.00000e+00    1.00000e-10    1.00000e-10    0.00000e+00    0.00000e+00    0.00000e+00    0.00000e+00
       243    0.00000e+00    0.00000e+00    0.00000e+00    0.00000e+00    0.00000e+00    1.00000e-10    1.00000e-10    0.00000e+00    0.00000e+00    0.00000e+00    0.00000e+00
       244    0.00000e+00    0.00000e+00    0.00000e+00    0.00000e+00    0.00000e+00    1.00000e-10    1.00000e-10    0.00000e+00    0.00000e+00    0.00000e+00    0.00000e+00
       245    0.00000e+00    0.00000e+00    0.00000e+00    0.00000e+00    0.00000e+00    1.00000e-10    1.00000e-10    0.00000e+00    0.00000e+00    0.00000e+00    0.00000e+00
       246    0.00000e+00    0.00000e+00    0.00000e+00    0.00000e+00    0.00000e+00    1.00000e-10    1.00000e-10    0.00000e+00    0.00000e+00    0.00000e+00    0.00000e+00
       247    0.00000e+00    0.00000e+00    0.00000e+00    0.00000e+00    0.00000e+00    1.00000e-10    1.00000e-10    0.00000e+00    0.00000e+00    0.00000e+00    0.00000e+00
       248    0.00000e+00    0.00000e+00    0.00000e+00    0.00000e+00    0.00000e+00    1.00000e-10    1.00000e-10    0.00000e+00    0.00000e+00    0.00000e+00    0.00000e+00
       249    0.00000e+00    0.00000e+00    0.00000e+00    0.00000e+00    0.00000e+00    1.00000e-10    1.00000e-10    0.00000e+00    0.00000e+00    0.00000e+00    0.00000e+00
       250    0.00000e+00    0.00000e+00    0.00000e+00    0.00000e+00    0.00000e+00    1.00000e-10    1.00000e-10    0.00000e+00    0.00000e+00    0.00000e+00    0.00000e+00
       251    0.00000e+00    0.00000e+00    0.00000e+00    0.00000e+00    0.00000e+00    1.00000e-10    1.00000e-10    0.00000e+00    0.00000e+00    0.00000e+00    0.00000e+00
       252    0.00000e+00    0.00000e+00    0.00000e+00    0.00000e+00    0.00000e+00    1.00000e-10    1.00000e-10    0.00000e+00    0.00000e+00    0.00000e+00    0.00000e+00
       253    0.00000e+00    0.00000e+00    0.00000e+00    0.00000e+00    0.00000e+00    1.00000e-10    1.00000e-10    0.00000e+00    0.00000e+00    0.00000e+00    0.00000e+00
       254    0.00000e+00    0.00000e+00    0.00000e+00    0.00000e+00    0.00000e+00    1.00000e-10    1.00000e-10    0.00000e+00    0.00000e+00    0.00000e+00    0.00000e+00
       255    0.00000e+00    0.00000e+00    0.00000e+00    0.00000e+00    0.00000e+00    1.00000e-10    1.00000e-10    0.00000e+00    0.00000e+00    0.00000e+00    0.00000e+00
       256    0.00000e+00    0.00000e+00    0.00000e+00    0.00000e+00    0.00000e+00    1.00000e-10    1.00000e-10    0.00000e+00    0.00000e+00    0.00000e+00    0.00000e+00
       257    0.00000e+00    0.00000e+00    0.00000e+00    0.00000e+00    0.00000e+00    1.00000e-10    1.00000e-10    0.00000e+00    0.00000e+00    0.00000e+00    0.00000e+00
       258    0.00000e+00    0.00000e+00    0.00000e+00    0.00000e+00    0.00000e+00    1.00000e-10    1.00000e-10    0.00000e+00    0.00000e+00    0.00000e+00    0.00000e+00
       259    0.00000e+00    0.00000e+00    0.00000e+00    0.00000e+00    0.00000e+00    1.00000e-10    1.00000e-10    0.00000e+00    0.00000e+00    0.00000e+00    0.00000e+00
       260    0.00000e+00    0.00000e+00    0.00000e+00    0.00000e+00    0.00000e+00    1.00000e-10    1.00000e-10    0.00000e+00    0.00000e+00    0.00000e+00    0.00000e+00
       261    0.00000e+00    0.00000e+00    0.00000e+00    0.00000e+00    0.00000e+00    1.00000e-10    1.00000e-10    0.00000e+00    0.00000e+00    0.00000e+00    0.00000e+00
       262    0.00000e+00    0.00000e+00    0.00000e+00    0.00000e+00    0.00000e+00    1.00000e-10    1.00000e-10    0.00000e+00    0.00000e+00    0.00000e+00    0.00000e+00
       263    0.00000e+00    0.00000e+00    0.00000e+00    0.00000e+00    0.00000e+00    1.00000e-10    1.00000e-10    0.00000e+00    0.00000e+00    0.00000e+00    0.00000e+00
       264    0.00000e+00    0.00000e+00    0.00000e+00    0.00000e+00    0.00000e+00    1.00000e-10    1.00000e-10    0.00000e+00    0.00000e+00    0.00000e+00    0.00000e+00
       265    0.00000e+00    0.00000e+00    0.00000e+00    0.00000e+00    0.00000e+00    1.00000e-10    1.00000e-10    0.00000e+00    0.00000e+00    0.00000e+00    0.00000e+00
       266    0.00000e+00    0.00000e+00    0.00000e+00    0.00000e+00    0.00000e+00    1.00000e-10    1.00000e-10    0.00000e+00    0.00000e+00    0.00000e+00    0.00000e+00
       267    0.00000e+00    0.00000e+00    0.00000e+00    0.00000e+00    0.00000e+00    1.00000e-10    1.00000e-10    0.00000e+00    0.00000e+00    0.00000e+00    0.00000e+00
       268    0.00000e+00    0.00000e+00    0.00000e+00    0.00000e+00    0.00000e+00    1.00000e-10    1.00000e-10    0.00000e+00    0.00000e+00    0.00000e+00    0.00000e+00
       269    0.00000e+00    0.00000e+00    0.00000e+00    0.00000e+00    0.00000e+00    1.00000e-10    1.00000e-10    0.00000e+00    0.00000e+00    0.00000e+00    0.00000e+00
       270    0.00000e+00    0.00000e+00    0.00000e+00    0.00000e+00    0.00000e+00    1.00000e-10    1.00000e-10    0.00000e+00    0.00000e+00    0.00000e+00    0.00000e+00
       271    0.00000e+00    0.00000e+00    0.00000e+00    0.00000e+00    0.00000e+00    1.00000e-10    1.00000e-10    0.00000e+00    0.00000e+00    0.00000e+00    0.00000e+00
       272    0.00000e+00    0.00000e+00    0.00000e+00    0.00000e+00    0.00000e+00    1.00000e-10    1.00000e-10    0.00000e+00    0.00000e+00    0.00000e+00    0.00000e+00
       273    0.00000e+00    0.00000e+00    0.00000e+00    0.00000e+00    0.00000e+00    1.00000e-10    1.00000e-10    0.00000e+00    0.00000e+00    0.00000e+00    0.00000e+00
       274    0.00000e+00    0.00000e+00    0.00000e+00    0.00000e+00    0.00000e+00    1.00000e-10    1.00000e-10    0.00000e+00    0.00000e+00    0.00000e+00    0.00000e+00
       275    0.00000e+00    0.00000e+00    0.00000e+00    0.00000e+00    0.00000e+00    1.00000e-10    1.00000e-10    0.00000e+00    0.00000e+00    0.00000e+00    0.00000e+00
       276    0.00000e+00    0.00000e+00    0.00000e+00    0.00000e+00    0.00000e+00    1.00000e-10    1.00000e-10    0.00000e+00    0.00000e+00    0.00000e+00    0.00000e+00
       277    0.00000e+00    0.00000e+00    0.00000e+00    0.00000e+00    0.00000e+00    1.00000e-10    1.00000e-10    0.00000e+00    0.00000e+00    0.00000e+00    0.00000e+00
       278    0.00000e+00    0.00000e+00    0.00000e+00    0.00000e+00    0.00000e+00    1.00000e-10    1.00000e-10    0.00000e+00    0.00000e+00    0.00000e+00    0.00000e+00
       279    0.00000e+00    0.00000e+00    0.00000e+00    0.00000e+00    0.00000e+00    1.00000e-10    1.00000e-10    0.00000e+00    0.00000e+00    0.00000e+00    0.00000e+00
       280    0.00000e+00    0.00000e+00    0.00000e+00    0.00000e+00    0.00000e+00    1.00000e-10    1.00000e-10    0.00000e+00    0.00000e+00    0.00000e+00    0.00000e+00
       281    0.00000e+00    0.00000e+00    0.00000e+00    0.00000e+00    0.00000e+00    1.00000e-10    1.00000e-10    0.00000e+00    0.00000e+00    0.00000e+00    0.00000e+00
       282    0.00000e+00    0.00000e+00    0.00000e+00    0.00000e+00    0.00000e+00    1.00000e-10    1.00000e-10    0.00000e+00    0.00000e+00    0.00000e+00    0.00000e+00
       283    0.00000e+00    0.00000e+00    0.00000e+00    0.00000e+00    0.00000e+00    1.00000e-10    1.00000e-10    0.00000e+00    0.00000e+00    0.00000e+00    0.00000e+00
       284    0.00000e+00    0.00000e+00    0.00000e+00    0.00000e+00    0.00000e+00    1.00000e-10    1.00000e-10    0.00000e+00    0.00000e+00    0.00000e+00    0.00000e+00
       285    0.00000e+00    0.00000e+00    0.00000e+00    0.00000e+00    0.00000e+00    1.00000e-10    1.00000e-10    0.00000e+00    0.00000e+00    0.00000e+00    0.00000e+00
       286    0.00000e+00    0.00000e+00    0.00000e+00    0.00000e+00    0.00000e+00    1.00000e-10    1.00000e-10    0.00000e+00    0.00000e+00    0.00000e+00    0.00000e+00
       287    0.00000e+00    0.00000e+00    0.00000e+00    0.00000e+00    0.00000e+00    1.00000e-10    1.00000e-10    0.00000e+00    0.00000e+00    0.00000e+00    0.00000e+00
       288    0.00000e+00    0.00000e+00    0.00000e+00    0.00000e+00    0.00000e+00    1.00000e-10    1.00000e-10    0.00000e+00    0.00000e+00    0.00000e+00    0.00000e+00
       289    0.00000e+00    0.00000e+00    0.00000e+00    0.00000e+00    0.00000e+00    1.00000e-10    1.00000e-10    0.00000e+00    0.00000e+00    0.00000e+00    0.00000e+00
       290    0.00000e+00    0.00000e+00    0.00000e+00    0.00000e+00    0.00000e+00    1.00000e-10    1.00000e-10    0.00000e+00    0.00000e+00    0.00000e+00    0.00000e+00
       291    0.00000e+00    0.00000e+00    0.00000e+00    0.00000e+00    0.00000e+00    1.00000e-10    1.00000e-10    0.00000e+00    0.00000e+00    0.00000e+00    0.00000e+00
       292    0.00000e+00    0.00000e+00    0.00000e+00    0.00000e+00    0.00000e+00    1.00000e-10    1.00000e-10    0.00000e+00    0.00000e+00    0.00000e+00    0.00000e+00
       293    0.00000e+00    0.00000e+00    0.00000e+00    0.00000e+00    0.00000e+00    1.00000e-10    1.00000e-10    0.00000e+00    0.00000e+00    0.00000e+00    0.00000e+00
       294    0.00000e+00    0.00000e+00    0.00000e+00    0.00000e+00    0.00000e+00    1.00000e-10    1.00000e-10    0.00000e+00    0.00000e+00    0.00000e+00    0.00000e+00
       295    0.00000e+00    0.00000e+00    0.00000e+00    0.00000e+00    0.00000e+00    1.00000e-10    1.00000e-10    0.00000e+00    0.00000e+00    0.00000e+00    0.00000e+00
       296    0.00000e+00    0.00000e+00    0.00000e+00    0.00000e+00    0.00000e+00    1.00000e-10    1.00000e-10    0.00000e+00    0.00000e+00    0.00000e+00    0.00000e+00
       297    0.00000e+00    0.00000e+00    0.00000e+00    0.00000e+00    0.00000e+00    1.00000e-10    1.00000e-10    0.00000e+00    0.00000e+00    0.00000e+00    0.00000e+00
       298    0.00000e+00    0.00000e+00    0.00000e+00    0.00000e+00    0.00000e+00    1.00000e-10    1.00000e-10    0.00000e+00    0.00000e+00    0.00000e+00    0.00000e+00
       299    0.00000e+00    0.00000e+00    0.00000e+00    0.00000e+00    0.00000e+00    1.00000e-10    1.00000e-10    0.00000e+00    0.00000e+00    0.00000e+00    0.00000e+00
       300    0.00000e+00    0.00000e+00    0.00000e+00    0.00000e+00    0.00000e+00    1.00000e-10    1.00000e-10    0.00000e+00    0.00000e+00    0.00000e+00    0.00000e+00
       301    0.00000e+00    0.00000e+00    0.00000e+00    0.00000e+00    0.00000e+00    1.00000e-10    1.00000e-10    0.00000e+00    0.00000e+00    0.00000e+00    0.00000e+00
       302    0.00000e+00    0.00000e+00    0.00000e+00    0.00000e+00    0.00000e+00    1.00000e-10    1.00000e-10    0.00000e+00    0.00000e+00    0.00000e+00    0.00000e+00
       303    0.00000e+00    0.00000e+00    0.00000e+00    0.00000e+00    0.00000e+00    1.00000e-10    1.00000e-10    0.00000e+00    0.00000e+00    0.00000e+00    0.00000e+00
       304    0.00000e+00    0.00000e+00    0.00000e+00    0.00000e+00    0.00000e+00    1.00000e-10    1.00000e-10    0.00000e+00    0.00000e+00    0.00000e+00    0.00000e+00
       305    0.00000e+00    0.00000e+00    0.00000e+00    0.00000e+00    0.00000e+00    1.00000e-10    1.00000e-10    0.00000e+00    0.00000e+00    0.00000e+00    0.00000e+00
       306    0.00000e+00    0.00000e+00    0.00000e+00    0.00000e+00    0.00000e+00    1.00000e-10    1.00000e-10    0.00000e+00    0.00000e+00    0.00000e+00    0.00000e+00
       307    0.00000e+00    0.00000e+00    0.00000e+00    0.00000e+00    0.00000e+00    1.00000e-10    1.00000e-10    0.00000e+00    0.00000e+00    0.00000e+00    0.00000e+00
       308    0.00000e+00    0.00000e+00    0.00000e+00    0.00000e+00    0.00000e+00    1.00000e-10    1.00000e-10    0.00000e+00    0.00000e+00    0.00000e+00    0.00000e+00
       309    0.00000e+00    0.00000e+00    0.00000e+00    0.00000e+00    0.00000e+00    1.00000e-10    1.00000e-10    0.00000e+00    0.00000e+00    0.00000e+00    0.00000e+00
       310    0.00000e+00    0.00000e+00    0.00000e+00    0.00000e+00    0.00000e+00    1.00000e-10    1.00000e-10    0.00000e+00    0.00000e+00    0.00000e+00    0.00000e+00
       311    0.00000e+00    0.00000e+00    0.00000e+00    0.00000e+00    0.00000e+00    1.00000e-10    1.00000e-10    0.00000e+00    0.00000e+00    0.00000e+00    0.00000e+00
       312    0.00000e+00    0.00000e+00    0.00000e+00    0.00000e+00    0.00000e+00    1.00000e-10    1.00000e-10    0.00000e+00    0.00000e+00    0.00000e+00    0.00000e+00
       313    0.00000e+00    0.00000e+00    0.00000e+00    0.00000e+00    0.00000e+00    1.00000e-10    1.00000e-10    0.00000e+00    0.00000e+00    0.00000e+00    0.00000e+00
       314    0.00000e+00    0.00000e+00    0.00000e+00    0.00000e+00    0.00000e+00    1.00000e-10    1.00000e-10    0.00000e+00    0.00000e+00    0.00000e+00    0.00000e+00
       315    0.00000e+00    0.00000e+00    0.00000e+00    0.00000e+00    0.00000e+00    1.00000e-10    1.00000e-10    0.00000e+00    0.00000e+00    0.00000e+00    0.00000e+00
       316    0.00000e+00    0.00000e+00    0.00000e+00    0.00000e+00    0.00000e+00    1.00000e-10    1.00000e-10    0.00000e+00    0.00000e+00    0.00000e+00    0.00000e+00
       317    0.00000e+00    0.00000e+00    0.00000e+00    0.00000e+00    0.00000e+00    1.00000e-10    1.00000e-10    0.00000e+00    0.00000e+00    0.00000e+00    0.00000e+00
       318    0.00000e+00    0.00000e+00    0.00000e+00    0.00000e+00    0.00000e+00    1.00000e-10    1.00000e-10    0.00000e+00    0.00000e+00    0.00000e+00    0.00000e+00
       319    0.00000e+00    0.00000e+00    0.00000e+00    0.00000e+00    0.00000e+00    1.00000e-10    1.00000e-10    0.00000e+00    0.00000e+00    0.00000e+00    0.00000e+00
       320    0.00000e+00    0.00000e+00    0.00000e+00    0.00000e+00    0.00000e+00    1.00000e-10    1.00000e-10    0.00000e+00    0.00000e+00    0.00000e+00    0.00000e+00
       321    0.00000e+00    0.00000e+00    0.00000e+00    0.00000e+00    0.00000e+00    1.00000e-10    1.00000e-10    0.00000e+00    0.00000e+00    0.00000e+00    0.00000e+00
       322    0.00000e+00    0.00000e+00    0.00000e+00    0.00000e+00    0.00000e+00    1.00000e-10    1.00000e-10    0.00000e+00    0.00000e+00    0.00000e+00    0.00000e+00
       323    0.00000e+00    0.00000e+00    0.00000e+00    0.00000e+00    0.00000e+00    1.00000e-10    1.00000e-10    0.00000e+00    0.00000e+00    0.00000e+00    0.00000e+00
       324    0.00000e+00    0.00000e+00    0.00000e+00    0.00000e+00    0.00000e+00    1.00000e-10    1.00000e-10    0.00000e+00    0.00000e+00    0.00000e+00    0.00000e+00
       325    0.00000e+00    0.00000e+00    0.00000e+00    0.00000e+00    0.00000e+00    1.00000e-10    1.00000e-10    0.00000e+00    0.00000e+00    0.00000e+00    0.00000e+00
       326    0.00000e+00    0.00000e+00    0.00000e+00    0.00000e+00    0.00000e+00    1.00000e-10    1.00000e-10    0.00000e+00    0.00000e+00    0.00000e+00    0.00000e+00
       327    0.00000e+00    0.00000e+00    0.00000e+00    0.00000e+00    0.00000e+00    1.00000e-10    1.00000e-10    0.00000e+00    0.00000e+00    0.00000e+00    0.00000e+00
       328    0.00000e+00    0.00000e+00    0.00000e+00    0.00000e+00    0.00000e+00    1.00000e-10    1.00000e-10    0.00000e+00    0.00000e+00    0.00000e+00    0.00000e+00
       329    0.00000e+00    0.00000e+00    0.00000e+00    0.00000e+00    0.00000e+00    1.00000e-10    1.00000e-10    0.00000e+00    0.00000e+00    0.00000e+00    0.00000e+00
       330    0.00000e+00    0.00000e+00    0.00000e+00    0.00000e+00    0.00000e+00    1.00000e-10    1.00000e-10    0.00000e+00    0.00000e+00    0.00000e+00    0.00000e+00
       331    0.00000e+00    0.00000e+00    0.00000e+00    0.00000e+00    0.00000e+00    1.00000e-10    1.00000e-10    0.00000e+00    0.00000e+00    0.00000e+00    0.00000e+00
       332    0.00000e+00    0.00000e+00    0.00000e+00    0.00000e+00    0.00000e+00    1.00000e-10    1.00000e-10    0.00000e+00    0.00000e+00    0.00000e+00    0.00000e+00
       333    0.00000e+00    0.00000e+00    0.00000e+00    0.00000e+00    0.00000e+00    1.00000e-10    1.00000e-10    0.00000e+00    0.00000e+00    0.00000e+00    0.00000e+00
       334    0.00000e+00    0.00000e+00    0.00000e+00    0.00000e+00    0.00000e+00    1.00000e-10    1.00000e-10    0.00000e+00    0.00000e+00    0.00000e+00    0.00000e+00
       335    0.00000e+00    0.00000e+00    0.00000e+00    0.00000e+00    0.00000e+00    1.00000e-10    1.00000e-10    0.00000e+00    0.00000e+00    0.00000e+00    0.00000e+00
       336    0.00000e+00    0.00000e+00    0.00000e+00    0.00000e+00    0.00000e+00    1.00000e-10    1.00000e-10    0.00000e+00    0.00000e+00    0.00000e+00    0.00000e+00
       337    0.00000e+00    0.00000e+00    0.00000e+00    0.00000e+00    0.00000e+00    1.00000e-10    1.00000e-10    0.00000e+00    0.00000e+00    0.00000e+00    0.00000e+00
       338    0.00000e+00    0.00000e+00    0.00000e+00    0.00000e+00    0.00000e+00    1.00000e-10    1.00000e-10    0.00000e+00    0.00000e+00    0.00000e+00    0.00000e+00
       339    0.00000e+00    0.00000e+00    0.00000e+00    0.00000e+00    0.00000e+00    1.00000e-10    1.00000e-10    0.00000e+00    0.00000e+00    0.00000e+00    0.00000e+00
       340    0.00000e+00    0.00000e+00    0.00000e+00    0.00000e+00    0.00000e+00    1.00000e-10    1.00000e-10    0.00000e+00    0.00000e+00    0.00000e+00    0.00000e+00
       341    0.00000e+00    0.00000e+00    0.00000e+00    0.00000e+00    0.00000e+00    1.00000e-10    1.00000e-10    0.00000e+00    0.00000e+00    0.00000e+00    0.00000e+00
       342    0.00000e+00    0.00000e+00    0.00000e+00    0.00000e+00    0.00000e+00    1.00000e-10    1.00000e-10    0.00000e+00    0.00000e+00    0.00000e+00    0.00000e+00
       343    0.00000e+00    0.00000e+00    0.00000e+00    0.00000e+00    0.00000e+00    1.00000e-10    1.00000e-10    0.00000e+00    0.00000e+00    0.00000e+00    0.00000e+00
       344    0.00000e+00    0.00000e+00    0.00000e+00    0.00000e+00    0.00000e+00    1.00000e-10    1.00000e-10    0.00000e+00    0.00000e+00    0.00000e+00    0.00000e+00
       345    0.00000e+00    0.00000e+00    0.00000e+00    0.00000e+00    0.00000e+00    1.00000e-10    1.00000e-10    0.00000e+00    0.00000e+00    0.00000e+00    0.00000e+00
       346    0.00000e+00    0.00000e+00    0.00000e+00    0.00000e+00    0.00000e+00    1.00000e-10    1.00000e-10    0.00000e+00    0.00000e+00    0.00000e+00    0.00000e+00
       347    0.00000e+00    0.00000e+00    0.00000e+00    0.00000e+00    0.00000e+00    1.00000e-10    1.00000e-10    0.00000e+00    0.00000e+00    0.00000e+00    0.00000e+00
       348    0.00000e+00    0.00000e+00    0.00000e+00    0.00000e+00    0.00000e+00    1.00000e-10    1.00000e-10    0.00000e+00    0.00000e+00    0.00000e+00    0.00000e+00
       349    0.00000e+00    0.00000e+00    0.00000e+00    0.00000e+00    0.00000e+00    1.00000e-10    1.00000e-10    0.00000e+00    0.00000e+00    0.00000e+00    0.00000e+00
       350    0.00000e+00    0.00000e+00    0.00000e+00    0.00000e+00    0.00000e+00    1.00000e-10    1.00000e-10    0.00000e+00    0.00000e+00    0.00000e+00    0.00000e+00
       351    0.00000e+00    0.00000e+00    0.00000e+00    0.00000e+00    0.00000e+00    1.00000e-10    1.00000e-10    0.00000e+00    0.00000e+00    0.00000e+00    0.00000e+00
       352    0.00000e+00    0.00000e+00    0.00000e+00    0.00000e+00    0.00000e+00    1.00000e-10    1.00000e-10    0.00000e+00    0.00000e+00    0.00000e+00    0.00000e+00
       353    0.00000e+00    0.00000e+00    0.00000e+00    0.00000e+00    0.00000e+00    1.00000e-10    1.00000e-10    0.00000e+00    0.00000e+00    0.00000e+00    0.00000e+00
       354    0.00000e+00    0.00000e+00    0.00000e+00    0.00000e+00    0.00000e+00    1.00000e-10    1.00000e-10    0.00000e+00    0.00000e+00    0.00000e+00    0.00000e+00
       355    0.00000e+00    0.00000e+00    0.00000e+00    0.00000e+00    0.00000e+00    1.00000e-10    1.00000e-10    0.00000e+00    0.00000e+00    0.00000e+00    0.00000e+00
       356    0.00000e+00    0.00000e+00    0.00000e+00    0.00000e+00    0.00000e+00    1.00000e-10    1.00000e-10    0.00000e+00    0.00000e+00    0.00000e+00    0.00000e+00
       357    0.00000e+00    0.00000e+00    0.00000e+00    0.00000e+00    0.00000e+00    1.00000e-10    1.00000e-10    0.00000e+00    0.00000e+00    0.00000e+00    0.00000e+00
       358    0.00000e+00    0.00000e+00    0.00000e+00    0.00000e+00    0.00000e+00    1.00000e-10    1.00000e-10    0.00000e+00    0.00000e+00    0.00000e+00    0.00000e+00
       359    0.00000e+00    0.00000e+00    0.00000e+00    0.00000e+00    0.00000e+00    1.00000e-10    1.00000e-10    0.00000e+00    0.00000e+00    0.00000e+00    0.00000e+00
       360    0.00000e+00    0.00000e+00    0.00000e+00    0.00000e+00    0.00000e+00    1.00000e-10    1.00000e-10    0.00000e+00    0.00000e+00    0.00000e+00    0.00000e+00
       361    0.00000e+00    0.00000e+00    0.00000e+00    0.00000e+00    0.00000e+00    1.00000e-10    1.00000e-10    0.00000e+00    0.00000e+00    0.00000e+00    0.00000e+00
       362    0.00000e+00    0.00000e+00    0.00000e+00    0.00000e+00    0.00000e+00    1.00000e-10    1.00000e-10    0.00000e+00    0.00000e+00    0.00000e+00    0.00000e+00
       363    0.00000e+00    0.00000e+00    0.00000e+00    0.00000e+00    0.00000e+00    1.00000e-10    1.00000e-10    0.00000e+00    0.00000e+00    0.00000e+00    0.00000e+00
       364    0.00000e+00    0.00000e+00    0.00000e+00    0.00000e+00    0.00000e+00    1.00000e-10    1.00000e-10    0.00000e+00    0.00000e+00    0.00000e+00    0.00000e+00
       365    0.00000e+00    0.00000e+00    0.00000e+00    0.00000e+00    0.00000e+00    1.00000e-10    1.00000e-10    0.00000e+00    0.00000e+00    0.00000e+00    0.00000e+00
       366    0.00000e+00    0.00000e+00    0.00000e+00    0.00000e+00    0.00000e+00    1.00000e-10    1.00000e-10    0.00000e+00    0.00000e+00    0.00000e+00    0.00000e+00
       367    0.00000e+00    0.00000e+00    0.00000e+00    0.00000e+00    0.00000e+00    1.00000e-10    1.00000e-10    0.00000e+00    0.00000e+00    0.00000e+00    0.00000e+00
       368    0.00000e+00    0.00000e+00    0.00000e+00    0.00000e+00    0.00000e+00    1.00000e-10    1.00000e-10    0.00000e+00    0.00000e+00    0.00000e+00    0.00000e+00
       369    0.00000e+00    0.00000e+00    0.00000e+00    0.00000e+00    0.00000e+00    1.00000e-10    1.00000e-10    0.00000e+00    0.00000e+00    0.00000e+00    0.00000e+00
       370    0.00000e+00    0.00000e+00    0.00000e+00    0.00000e+00    0.00000e+00    1.00000e-10    1.00000e-10    0.00000e+00    0.00000e+00    0.00000e+00    0.00000e+00
       371    0.00000e+00    0.00000e+00    0.00000e+00    0.00000e+00    0.00000e+00    1.00000e-10    1.00000e-10    0.00000e+00    0.00000e+00    0.00000e+00    0.00000e+00
       372    0.00000e+00    0.00000e+00    0.00000e+00    0.00000e+00    0.00000e+00    1.00000e-10    1.00000e-10    0.00000e+00    0.00000e+00    0.00000e+00    0.00000e+00
       373    0.00000e+00    0.00000e+00    0.00000e+00    0.00000e+00    0.00000e+00    1.00000e-10    1.00000e-10    0.00000e+00    0.00000e+00    0.00000e+00    0.00000e+00
       374    0.00000e+00    0.00000e+00    0.00000e+00    0.00000e+00    0.00000e+00    1.00000e-10    1.00000e-10    0.00000e+00    0.00000e+00    0.00000e+00    0.00000e+00
       375    0.00000e+00    0.00000e+00    0.00000e+00    0.00000e+00    0.00000e+00    1.00000e-10    1.00000e-10    0.00000e+00    0.00000e+00    0.00000e+00    0.00000e+00
       376    0.00000e+00    0.00000e+00    0.00000e+00    0.00000e+00    0.00000e+00    1.00000e-10    1.00000e-10    0.00000e+00    0.00000e+00    0.00000e+00    0.00000e+00
       377    0.00000e+00    0.00000e+00    0.00000e+00    0.00000e+00    0.00000e+00    1.00000e-10    1.00000e-10    0.00000e+00    0.00000e+00    0.00000e+00    0.00000e+00
       378    0.00000e+00    0.00000e+00    0.00000e+00    0.00000e+00    0.00000e+00    1.00000e-10    1.00000e-10    0.00000e+00    0.00000e+00    0.00000e+00    0.00000e+00
       379    0.00000e+00    0.00000e+00    0.00000e+00    0.00000e+00    0.00000e+00    1.00000e-10    1.00000e-10    0.00000e+00    0.00000e+00    0.00000e+00    0.00000e+00
       380    0.00000e+00    0.00000e+00    0.00000e+00    0.00000e+00    0.00000e+00    1.00000e-10    1.00000e-10    0.00000e+00    0.00000e+00    0.00000e+00    0.00000e+00
       381    0.00000e+00    0.00000e+00    0.00000e+00    0.00000e+00    0.00000e+00    1.00000e-10    1.00000e-10    0.00000e+00    0.00000e+00    0.00000e+00    0.00000e+00
       382    0.00000e+00    0.00000e+00    0.00000e+00    0.00000e+00    0.00000e+00    1.00000e-10    1.00000e-10    0.00000e+00    0.00000e+00    0.00000e+00    0.00000e+00
       383    0.00000e+00    0.00000e+00    0.00000e+00    0.00000e+00    0.00000e+00    1.00000e-10    1.00000e-10    0.00000e+00    0.00000e+00    0.00000e+00    0.00000e+00
       384    0.00000e+00    0.00000e+00    0.00000e+00    0.00000e+00    0.00000e+00    1.00000e-10    1.00000e-10    0.00000e+00    0.00000e+00    0.00000e+00    0.00000e+00
       385    0.00000e+00    0.00000e+00    0.00000e+00    0.00000e+00    0.00000e+00    1.00000e-10    1.00000e-10    0.00000e+00    0.00000e+00    0.00000e+00    0.00000e+00
       386    0.00000e+00    0.00000e+00    0.00000e+00    0.00000e+00    0.00000e+00    1.00000e-10    1.00000e-10    0.00000e+00    0.00000e+00    0.00000e+00    0.00000e+00
       387    0.00000e+00    0.00000e+00    0.00000e+00    0.00000e+00    0.00000e+00    1.00000e-10    1.00000e-10    0.00000e+00    0.00000e+00    0.00000e+00    0.00000e+00
       388    0.00000e+00    0.00000e+00    0.00000e+00    0.00000e+00    0.00000e+00    1.00000e-10    1.00000e-10    0.00000e+00    0.00000e+00    0.00000e+00    0.00000e+00
       389    0.00000e+00    0.00000e+00    0.00000e+00    0.00000e+00    0.00000e+00    1.00000e-10    1.00000e-10    0.00000e+00    0.00000e+00    0.00000e+00    0.00000e+00
       390    0.00000e+00    0.00000e+00    0.00000e+00    0.00000e+00    0.00000e+00    1.00000e-10    1.00000e-10    0.00000e+00    0.00000e+00    0.00000e+00    0.00000e+00
       391    0.00000e+00    0.00000e+00    0.00000e+00    0.00000e+00    0.00000e+00    1.00000e-10    1.00000e-10    0.00000e+00    0.00000e+00    0.00000e+00    0.00000e+00
       392    0.00000e+00    0.00000e+00    0.00000e+00    0.00000e+00    0.00000e+00    1.00000e-10    1.00000e-10    0.00000e+00    0.00000e+00    0.00000e+00    0.00000e+00
       393    0.00000e+00    0.00000e+00    0.00000e+00    0.00000e+00    0.00000e+00    1.00000e-10    1.00000e-10    0.00000e+00    0.00000e+00    0.00000e+00    0.00000e+00
       394    0.00000e+00    0.00000e+00    0.00000e+00    0.00000e+00    0.00000e+00    1.00000e-10    1.00000e-10    0.00000e+00    0.00000e+00    0.00000e+00    0.00000e+00
       395    0.00000e+00    0.00000e+00    0.00000e+00    0.00000e+00    0.00000e+00    1.00000e-10    1.00000e-10    0.00000e+00    0.00000e+00    0.00000e+00    0.00000e+00
       396    0.00000e+00    0.00000e+00    0.00000e+00    0.00000e+00    0.00000e+00    1.00000e-10    1.00000e-10    0.00000e+00    0.00000e+00    0.00000e+00    0.00000e+00
       397    0.00000e+00    0.00000e+00    0.00000e+00    0.00000e+00    0.00000e+00    1.00000e-10    1.00000e-10    0.00000e+00    0.00000e+00    0.00000e+00    0.00000e+00
       398    0.00000e+00    0.00000e+00    0.00000e+00    0.00000e+00    0.00000e+00    1.00000e-10    1.00000e-10    0.00000e+00    0.00000e+00    0.00000e+00    0.00000e+00
       399    0.00000e+00    0.00000e+00    0.00000e+00    0.00000e+00    0.00000e+00    1.00000e-10    1.00000e-10    0.00000e+00    0.00000e+00    0.00000e+00    0.00000e+00
       400    0.00000e+00    0.00000e+00    0.00000e+00    0.00000e+00    0.00000e+00    1.00000e-10    1.00000e-10    0.00000e+00    0.00000e+00    0.00000e+00    0.00000e+00
       401    0.00000e+00    0.00000e+00    0.00000e+00    0.00000e+00    0.00000e+00    1.00000e-10    1.00000e-10    0.00000e+00    0.00000e+00    0.00000e+00    0.00000e+00
       402    0.00000e+00    0.00000e+00    0.00000e+00    0.00000e+00    0.00000e+00    1.00000e-10    1.00000e-10    0.00000e+00    0.00000e+00    0.00000e+00    0.00000e+00
       403    0.00000e+00    0.00000e+00    0.00000e+00    0.00000e+00    0.00000e+00    1.00000e-10    1.00000e-10    0.00000e+00    0.00000e+00    0.00000e+00    0.00000e+00
       404    0.00000e+00    0.00000e+00    0.00000e+00    0.00000e+00    0.00000e+00    1.00000e-10    1.00000e-10    0.00000e+00    0.00000e+00    0.00000e+00    0.00000e+00
       405    0.00000e+00    0.00000e+00    0.00000e+00    0.00000e+00    0.00000e+00    1.00000e-10    1.00000e-10    0.00000e+00    0.00000e+00    0.00000e+00    0.00000e+00
       406    0.00000e+00    0.00000e+00    0.00000e+00    0.00000e+00    0.00000e+00    1.00000e-10    1.00000e-10    0.00000e+00    0.00000e+00    0.00000e+00    0.00000e+00
       407    0.00000e+00    0.00000e+00    0.00000e+00    0.00000e+00    0.00000e+00    1.00000e-10    1.00000e-10    0.00000e+00    0.00000e+00    0.00000e+00    0.00000e+00
       408    0.00000e+00    0.00000e+00    0.00000e+00    0.00000e+00    0.00000e+00    1.00000e-10    1.00000e-10    0.00000e+00    0.00000e+00    0.00000e+00    0.00000e+00
       409    0.00000e+00    0.00000e+00    0.00000e+00    0.00000e+00    0.00000e+00    1.00000e-10    1.00000e-10    0.00000e+00    0.00000e+00    0.00000e+00    0.00000e+00
       410    0.00000e+00    0.00000e+00    0.00000e+00    0.00000e+00    0.00000e+00    1.00000e-10    1.00000e-10    0.00000e+00    0.00000e+00    0.00000e+00    0.00000e+00
       411    0.00000e+00    0.00000e+00    0.00000e+00    0.00000e+00    0.00000e+00    1.00000e-10    1.00000e-10    0.00000e+00    0.00000e+00    0.00000e+00    0.00000e+00
       412    0.00000e+00    0.00000e+00    0.00000e+00    0.00000e+00    0.00000e+00    1.00000e-10    1.00000e-10    0.00000e+00    0.00000e+00    0.00000e+00    0.00000e+00
       413    0.00000e+00    0.00000e+00    0.00000e+00    0.00000e+00    0.00000e+00    1.00000e-10    1.00000e-10    0.00000e+00    0.00000e+00    0.00000e+00    0.00000e+00
       414    0.00000e+00    0.00000e+00    0.00000e+00    0.00000e+00    0.00000e+00    1.00000e-10    1.00000e-10    0.00000e+00    0.00000e+00    0.00000e+00    0.00000e+00
       415    0.00000e+00    0.00000e+00    0.00000e+00    0.00000e+00    0.00000e+00    1.00000e-10    1.00000e-10    0.00000e+00    0.00000e+00    0.00000e+00    0.00000e+00
       416    0.00000e+00    0.00000e+00    0.00000e+00    0.00000e+00    0.00000e+00    1.00000e-10    1.00000e-10    0.00000e+00    0.00000e+00    0.00000e+00    0.00000e+00
       417    0.00000e+00    0.00000e+00    0.00000e+00    0.00000e+00    0.00000e+00    1.00000e-10    1.00000e-10    0.00000e+00    0.00000e+00    0.00000e+00    0.00000e+00
       418    0.00000e+00    0.00000e+00    0.00000e+00    0.00000e+00    0.00000e+00    1.00000e-10    1.00000e-10    0.00000e+00    0.00000e+00    0.00000e+00    0.00000e+00
       419    0.00000e+00    0.00000e+00    0.00000e+00    0.00000e+00    0.00000e+00    1.00000e-10    1.00000e-10    0.00000e+00    0.00000e+00    0.00000e+00    0.00000e+00
       420    0.00000e+00    0.00000e+00    0.00000e+00    0.00000e+00    0.00000e+00    1.00000e-10    1.00000e-10    0.00000e+00    0.00000e+00    0.00000e+00    0.00000e+00
       421    0.00000e+00    0.00000e+00    0.00000e+00    0.00000e+00    0.00000e+00    1.00000e-10    1.00000e-10    0.00000e+00    0.00000e+00    0.00000e+00    0.00000e+00
       422    0.00000e+00    0.00000e+00    0.00000e+00    0.00000e+00    0.00000e+00    1.00000e-10    1.00000e-10    0.00000e+00    0.00000e+00    0.00000e+00    0.00000e+00
       423    0.00000e+00    0.00000e+00    0.00000e+00    0.00000e+00    0.00000e+00    1.00000e-10    1.00000e-10    0.00000e+00    0.00000e+00    0.00000e+00    0.00000e+00
       424    0.00000e+00    0.00000e+00    0.00000e+00    0.00000e+00    0.00000e+00    1.00000e-10    1.00000e-10    0.00000e+00    0.00000e+00    0.00000e+00    0.00000e+00
       425    0.00000e+00    0.00000e+00    0.00000e+00    0.00000e+00    0.00000e+00    1.00000e-10    1.00000e-10    0.00000e+00    0.00000e+00    0.00000e+00    0.00000e+00
       426    0.00000e+00    0.00000e+00    0.00000e+00    0.00000e+00    0.00000e+00    1.00000e-10    1.00000e-10    0.00000e+00    0.00000e+00    0.00000e+00    0.00000e+00
       427    0.00000e+00    0.00000e+00    0.00000e+00    0.00000e+00    0.00000e+00    1.00000e-10    1.00000e-10    0.00000e+00    0.00000e+00    0.00000e+00    0.00000e+00
       428    0.00000e+00    0.00000e+00    0.00000e+00    0.00000e+00    0.00000e+00    1.00000e-10    1.00000e-10    0.00000e+00    0.00000e+00    0.00000e+00    0.00000e+00
       429    0.00000e+00    0.00000e+00    0.00000e+00    0.00000e+00    0.00000e+00    1.00000e-10    1.00000e-10    0.00000e+00    0.00000e+00    0.00000e+00    0.00000e+00
       430    0.00000e+00    0.00000e+00    0.00000e+00    0.00000e+00    0.00000e+00    1.00000e-10    1.00000e-10    0.00000e+00    0.00000e+00    0.00000e+00    0.00000e+00
       431    0.00000e+00    0.00000e+00    0.00000e+00    0.00000e+00    0.00000e+00    1.00000e-10    1.00000e-10    0.00000e+00    0.00000e+00    0.00000e+00    0.00000e+00
       432    0.00000e+00    0.00000e+00    0.00000e+00    0.00000e+00    0.00000e+00    1.00000e-10    1.00000e-10    0.00000e+00    0.00000e+00    0.00000e+00    0.00000e+00
       433    0.00000e+00    0.00000e+00    0.00000e+00    0.00000e+00    0.00000e+00    1.00000e-10    1.00000e-10    0.00000e+00    0.00000e+00    0.00000e+00    0.00000e+00
       434    0.00000e+00    0.00000e+00    0.00000e+00    0.00000e+00    0.00000e+00    1.00000e-10    1.00000e-10    0.00000e+00    0.00000e+00    0.00000e+00    0.00000e+00
       435    0.00000e+00    0.00000e+00    0.00000e+00    0.00000e+00    0.00000e+00    1.00000e-10    1.00000e-10    0.00000e+00    0.00000e+00    0.00000e+00    0.00000e+00
       436    0.00000e+00    0.00000e+00    0.00000e+00    0.00000e+00    0.00000e+00    1.00000e-10    1.00000e-10    0.00000e+00    0.00000e+00    0.00000e+00    0.00000e+00
       437    0.00000e+00    0.00000e+00    0.00000e+00    0.00000e+00    0.00000e+00    1.00000e-10    1.00000e-10    0.00000e+00    0.00000e+00    0.00000e+00    0.00000e+00
       438    0.00000e+00    0.00000e+00    0.00000e+00    0.00000e+00    0.00000e+00    1.00000e-10    1.00000e-10    0.00000e+00    0.00000e+00    0.00000e+00    0.00000e+00
       439    0.00000e+00    0.00000e+00    0.00000e+00    0.00000e+00    0.00000e+00    1.00000e-10    1.00000e-10    0.00000e+00    0.00000e+00    0.00000e+00    0.00000e+00
       440    0.00000e+00    0.00000e+00    0.00000e+00    0.00000e+00    0.00000e+00    1.00000e-10    1.00000e-10    0.00000e+00    0.00000e+00    0.00000e+00    0.00000e+00
       441    0.00000e+00    0.00000e+00    0.00000e+00    0.00000e+00    0.00000e+00    1.00000e-10    1.00000e-10    0.00000e+00    0.00000e+00    0.00000e+00    0.00000e+00
       442    0.00000e+00    0.00000e+00    0.00000e+00    0.00000e+00    0.00000e+00    1.00000e-10    1.00000e-10    0.00000e+00    0.00000e+00    0.00000e+00    0.00000e+00
       443    0.00000e+00    0.00000e+00    0.00000e+00    0.00000e+00    0.00000e+00    1.00000e-10    1.00000e-10    0.00000e+00    0.00000e+00    0.00000e+00    0.00000e+00
       444    0.00000e+00    0.00000e+00    0.00000e+00    0.00000e+00    0.00000e+00    1.00000e-10    1.00000e-10    0.00000e+00    0.00000e+00    0.00000e+00    0.00000e+00
       445    0.00000e+00    0.00000e+00    0.00000e+00    0.00000e+00    0.00000e+00    1.00000e-10    1.00000e-10    0.00000e+00    0.00000e+00    0.00000e+00    0.00000e+00
       446    0.00000e+00    0.00000e+00    0.00000e+00    0.00000e+00    0.00000e+00    1.00000e-10    1.00000e-10    0.00000e+00    0.00000e+00    0.00000e+00    0.00000e+00
       447    0.00000e+00    0.00000e+00    0.00000e+00    0.00000e+00    0.00000e+00    1.00000e-10    1.00000e-10    0.00000e+00    0.00000e+00    0.00000e+00    0.00000e+00
       448    0.00000e+00    0.00000e+00    0.00000e+00    0.00000e+00    0.00000e+00    1.00000e-10    1.00000e-10    0.00000e+00    0.00000e+00    0.00000e+00    0.00000e+00
       449    0.00000e+00    0.00000e+00    0.00000e+00    0.00000e+00    0.00000e+00    1.00000e-10    1.00000e-10    0.00000e+00    0.00000e+00    0.00000e+00    0.00000e+00
       450    0.00000e+00    0.00000e+00    0.00000e+00    0.00000e+00    0.00000e+00    1.00000e-10    1.00000e-10    0.00000e+00    0.00000e+00    0.00000e+00    0.00000e+00
       451    0.00000e+00    0.00000e+00    0.00000e+00    0.00000e+00    0.00000e+00    1.00000e-10    1.00000e-10    0.00000e+00    0.00000e+00    0.00000e+00    0.00000e+00
       452    0.00000e+00    0.00000e+00    0.00000e+00    0.00000e+00    0.00000e+00    1.00000e-10    1.00000e-10    0.00000e+00    0.00000e+00    0.00000e+00    0.00000e+00
       453    0.00000e+00    0.00000e+00    0.00000e+00    0.00000e+00    0.00000e+00    1.00000e-10    1.00000e-10    0.00000e+00    0.00000e+00    0.00000e+00    0.00000e+00
       454    0.00000e+00    0.00000e+00    0.00000e+00    0.00000e+00    0.00000e+00    1.00000e-10    1.00000e-10    0.00000e+00    0.00000e+00    0.00000e+00    0.00000e+00
       455    0.00000e+00    0.00000e+00    0.00000e+00    0.00000e+00    0.00000e+00    1.00000e-10    1.00000e-10    0.00000e+00    0.00000e+00    0.00000e+00    0.00000e+00
       456    0.00000e+00    0.00000e+00    0.00000e+00    0.00000e+00    0.00000e+00    1.00000e-10    1.00000e-10    0.00000e+00    0.00000e+00    0.00000e+00    0.00000e+00
       457    0.00000e+00    0.00000e+00    0.00000e+00    0.00000e+00    0.00000e+00    1.00000e-10    1.00000e-10    0.00000e+00    0.00000e+00    0.00000e+00    0.00000e+00
       458    0.00000e+00    0.00000e+00    0.00000e+00    0.00000e+00    0.00000e+00    1.00000e-10    1.00000e-10    0.00000e+00    0.00000e+00    0.00000e+00    0.00000e+00
       459    0.00000e+00    0.00000e+00    0.00000e+00    0.00000e+00    0.00000e+00    1.00000e-10    1.00000e-10    0.00000e+00    0.00000e+00    0.00000e+00    0.00000e+00
       460    0.00000e+00    0.00000e+00    0.00000e+00    0.00000e+00    0.00000e+00    1.00000e-10    1.00000e-10    0.00000e+00    0.00000e+00    0.00000e+00    0.00000e+00
       461    0.00000e+00    0.00000e+00    0.00000e+00    0.00000e+00    0.00000e+00    1.00000e-10    1.00000e-10    0.00000e+00    0.00000e+00    0.00000e+00    0.00000e+00
       462    0.00000e+00    0.00000e+00    0.00000e+00    0.00000e+00    0.00000e+00    1.00000e-10    1.00000e-10    0.00000e+00    0.00000e+00    0.00000e+00    0.00000e+00
       463    0.00000e+00    0.00000e+00    0.00000e+00    0.00000e+00    0.00000e+00    1.00000e-10    1.00000e-10    0.00000e+00    0.00000e+00    0.00000e+00    0.00000e+00
       464    0.00000e+00    0.00000e+00    0.00000e+00    0.00000e+00    0.00000e+00    1.00000e-10    1.00000e-10    0.00000e+00    0.00000e+00    0.00000e+00    0.00000e+00
       465    0.00000e+00    0.00000e+00    0.00000e+00    0.00000e+00    0.00000e+00    1.00000e-10    1.00000e-10    0.00000e+00    0.00000e+00    0.00000e+00    0.00000e+00
       466    0.00000e+00    0.00000e+00    0.00000e+00    0.00000e+00    0.00000e+00    1.00000e-10    1.00000e-10    0.00000e+00    0.00000e+00    0.00000e+00    0.00000e+00
       467    0.00000e+00    0.00000e+00    0.00000e+00    0.00000e+00    0.00000e+00    1.00000e-10    1.00000e-10    0.00000e+00    0.00000e+00    0.00000e+00    0.00000e+00
       468    0.00000e+00    0.00000e+00    0.00000e+00    0.00000e+00    0.00000e+00    1.00000e-10    1.00000e-10    0.00000e+00    0.00000e+00    0.00000e+00    0.00000e+00
       469    0.00000e+00    0.00000e+00    0.00000e+00    0.00000e+00    0.00000e+00    1.00000e-10    1.00000e-10    0.00000e+00    0.00000e+00    0.00000e+00    0.00000e+00
       470    0.00000e+00    0.00000e+00    0.00000e+00    0.00000e+00    0.00000e+00    1.00000e-10    1.00000e-10    0.00000e+00    0.00000e+00    0.00000e+00    0.00000e+00
       471    0.00000e+00    0.00000e+00    0.00000e+00    0.00000e+00    0.00000e+00    1.00000e-10    1.00000e-10    0.00000e+00    0.00000e+00    0.00000e+00    0.00000e+00
       472    0.00000e+00    0.00000e+00    0.00000e+00    0.00000e+00    0.00000e+00    1.00000e-10    1.00000e-10    0.00000e+00    0.00000e+00    0.00000e+00    0.00000e+00
       473    0.00000e+00    0.00000e+00    0.00000e+00    0.00000e+00    0.00000e+00    1.00000e-10    1.00000e-10    0.00000e+00    0.00000e+00    0.00000e+00    0.00000e+00
       474    0.00000e+00    0.00000e+00    0.00000e+00    0.00000e+00    0.00000e+00    1.00000e-10    1.00000e-10    0.00000e+00    0.00000e+00    0.00000e+00    0.00000e+00
       475    0.00000e+00    0.00000e+00    0.00000e+00    0.00000e+00    0.00000e+00    1.00000e-10    1.00000e-10    0.00000e+00    0.00000e+00    0.00000e+00    0.00000e+00
       476    0.00000e+00    0.00000e+00    0.00000e+00    0.00000e+00    0.00000e+00    1.00000e-10    1.00000e-10    0.00000e+00    0.00000e+00    0.00000e+00    0.00000e+00
       477    0.00000e+00    0.00000e+00    0.00000e+00    0.00000e+00    0.00000e+00    1.00000e-10    1.00000e-10    0.00000e+00    0.00000e+00    0.00000e+00    0.00000e+00
       478    0.00000e+00    0.00000e+00    0.00000e+00    0.00000e+00    0.00000e+00    1.00000e-10    1.00000e-10    0.00000e+00    0.00000e+00    0.00000e+00    0.00000e+00
       479    0.00000e+00    0.00000e+00    0.00000e+00    0.00000e+00    0.00000e+00    1.00000e-10    1.00000e-10    0.00000e+00    0.00000e+00    0.00000e+00    0.00000e+00
       480    0.00000e+00    0.00000e+00    0.00000e+00    0.00000e+00    0.00000e+00    1.00000e-10    1.00000e-10    0.00000e+00    0.00000e+00    0.00000e+00    0.00000e+00
       481    0.00000e+00    0.00000e+00    0.00000e+00    0.00000e+00    0.00000e+00    1.00000e-10    1.00000e-10    0.00000e+00    0.00000e+00    0.00000e+00    0.00000e+00
       482    0.00000e+00    0.00000e+00    0.00000e+00    0.00000e+00    0.00000e+00    1.00000e-10    1.00000e-10    0.00000e+00    0.00000e+00    0.00000e+00    0.00000e+00
       483    0.00000e+00    0.00000e+00    0.00000e+00    0.00000e+00    0.00000e+00    1.00000e-10    1.00000e-10    0.00000e+00    0.00000e+00    0.00000e+00    0.00000e+00
       484    0.00000e+00    0.00000e+00    0.00000e+00    0.00000e+00    0.00000e+00    1.00000e-10    1.00000e-10    0.00000e+00    0.00000e+00    0.00000e+00    0.00000e+00
       485    0.00000e+00    0.00000e+00    0.00000e+00    0.00000e+00    0.00000e+00    1.00000e-10    1.00000e-10    0.00000e+00    0.00000e+00    0.00000e+00    0.00000e+00
       486    0.00000e+00    0.00000e+00    0.00000e+00    0.00000e+00    0.00000e+00    1.00000e-10    1.00000e-10    0.00000e+00    0.00000e+00    0.00000e+00    0.00000e+00
       487    0.00000e+00    0.00000e+00    0.00000e+00    0.00000e+00    0.00000e+00    1.00000e-10    1.00000e-10    0.00000e+00    0.00000e+00    0.00000e+00    0.00000e+00
       488    0.00000e+00    0.00000e+00    0.00000e+00    0.00000e+00    0.00000e+00    1.00000e-10    1.00000e-10    0.00000e+00    0.00000e+00    0.00000e+00    0.00000e+00
       489    0.00000e+00    0.00000e+00    0.00000e+00    0.00000e+00    0.00000e+00    1.00000e-10    1.00000e-10    0.00000e+00    0.00000e+00    0.00000e+00    0.00000e+00
       490    0.00000e+00    0.00000e+00    0.00000e+00    0.00000e+00    0.00000e+00    1.00000e-10    1.00000e-10    0.00000e+00    0.00000e+00    0.00000e+00    0.00000e+00
       491    0.00000e+00    0.00000e+00    0.00000e+00    0.00000e+00    0.00000e+00    1.00000e-10    1.00000e-10    0.00000e+00    0.00000e+00    0.00000e+00    0.00000e+00
       492    0.00000e+00    0.00000e+00    0.00000e+00    0.00000e+00    0.00000e+00    1.00000e-10    1.00000e-10    0.00000e+00    0.00000e+00    0.00000e+00    0.00000e+00
       493    0.00000e+00    0.00000e+00    0.00000e+00    0.00000e+00    0.00000e+00    1.00000e-10    1.00000e-10    0.00000e+00    0.00000e+00    0.00000e+00    0.00000e+00
       494    0.00000e+00    0.00000e+00    0.00000e+00    0.00000e+00    0.00000e+00    1.00000e-10    1.00000e-10    0.00000e+00    0.00000e+00    0.00000e+00    0.00000e+00
       495    0.00000e+00    0.00000e+00    0.00000e+00    0.00000e+00    0.00000e+00    1.00000e-10    1.00000e-10    0.00000e+00    0.00000e+00    0.00000e+00    0.00000e+00
       496    0.00000e+00    0.00000e+00    0.00000e+00    0.00000e+00    0.00000e+00    1.00000e-10    1.00000e-10    0.00000e+00    0.00000e+00    0.00000e+00    0.00000e+00
       497    0.00000e+00    0.00000e+00    0.00000e+00    0.00000e+00    0.00000e+00    1.00000e-10    1.00000e-10    0.00000e+00    0.00000e+00    0.00000e+00    0.00000e+00
       498    0.00000e+00    0.00000e+00    0.00000e+00    0.00000e+00    0.00000e+00    1.00000e-10    1.00000e-10    0.00000e+00    0.00000e+00    0.00000e+00    0.00000e+00
       499    0.00000e+00    0.00000e+00    0.00000e+00    0.00000e+00    0.00000e+00    1.00000e-10    1.00000e-10    0.00000e+00    0.00000e+00    0.00000e+00    0.00000e+00
       500    0.00000e+00    0.00000e+00    0.00000e+00    0.00000e+00    0.00000e+00    1.00000e-10    1.00000e-10    0.00000e+00    0.00000e+00    0.00000e+00    0.00000e+00
       501    0.00000e+00    0.00000e+00    0.00000e+00    0.00000e+00    0.00000e+00    1.00000e-10    1.00000e-10    0.00000e+00    0.00000e+00    0.00000e+00    0.00000e+00
       502    0.00000e+00    0.00000e+00    0.00000e+00    0.00000e+00    0.00000e+00    1.00000e-10    1.00000e-10    0.00000e+00    0.00000e+00    0.00000e+00    0.00000e+00
       503    0.00000e+00    0.00000e+00    0.00000e+00    0.00000e+00    0.00000e+00    1.00000e-10    1.00000e-10    0.00000e+00    0.00000e+00    0.00000e+00    0.00000e+00
       504    0.00000e+00    0.00000e+00    0.00000e+00    0.00000e+00    0.00000e+00    1.00000e-10    1.00000e-10    0.00000e+00    0.00000e+00    0.00000e+00    0.00000e+00
       505    0.00000e+00    0.00000e+00    0.00000e+00    0.00000e+00    0.00000e+00    1.00000e-10    1.00000e-10    0.00000e+00    0.00000e+00    0.00000e+00    0.00000e+00
       506    0.00000e+00    0.00000e+00    0.00000e+00    0.00000e+00    0.00000e+00    1.00000e-10    1.00000e-10    0.00000e+00    0.00000e+00    0.00000e+00    0.00000e+00
       507    0.00000e+00    0.00000e+00    0.00000e+00    0.00000e+00    0.00000e+00    1.00000e-10    1.00000e-10    0.00000e+00    0.00000e+00    0.00000e+00    0.00000e+00
       508    0.00000e+00    0.00000e+00    0.00000e+00    0.00000e+00    0.00000e+00    1.00000e-10    1.00000e-10    0.00000e+00    0.00000e+00    0.00000e+00    0.00000e+00
       509    0.00000e+00    0.00000e+00    0.00000e+00    0.00000e+00    0.00000e+00    1.00000e-10    1.00000e-10    0.00000e+00    0.00000e+00    0.00000e+00    0.00000e+00
       510    0.00000e+00    0.00000e+00    0.00000e+00    0.00000e+00    0.00000e+00    1.00000e-10    1.00000e-10    0.00000e+00    0.00000e+00    0.00000e+00    0.00000e+00
       511    0.00000e+00    0.00000e+00    0.00000e+00    0.00000e+00    0.00000e+00    1.00000e-10    1.00000e-10    0.00000e+00    0.00000e+00    0.00000e+00    0.00000e+00
       512    0.00000e+00    0.00000e+00    0.00000e+00    0.00000e+00    0.00000e+00    1.00000e-10    1.00000e-10    0.00000e+00    0.00000e+00    0.00000e+00    0.00000e+00
       513    0.00000e+00    0.00000e+00    0.00000e+00    0.00000e+00    0.00000e+00    1.00000e-10    1.00000e-10    0.00000e+00    0.00000e+00    0.00000e+00    0.00000e+00
       514    0.00000e+00    0.00000e+00    0.00000e+00    0.00000e+00    0.00000e+00    1.00000e-10    1.00000e-10    0.00000e+00    0.00000e+00    0.00000e+00    0.00000e+00
       515    0.00000e+00    0.00000e+00    0.00000e+00    0.00000e+00    0.00000e+00    1.00000e-10    1.00000e-10    0.00000e+00    0.00000e+00    0.00000e+00    0.00000e+00
       516    0.00000e+00    0.00000e+00    0.00000e+00    0.00000e+00    0.00000e+00    1.00000e-10    1.00000e-10    0.00000e+00    0.00000e+00    0.00000e+00    0.00000e+00
       517    0.00000e+00    0.00000e+00    0.00000e+00    0.00000e+00    0.00000e+00    1.00000e-10    1.00000e-10    0.00000e+00    0.00000e+00    0.00000e+00    0.00000e+00
       518    0.00000e+00    0.00000e+00    0.00000e+00    0.00000e+00    0.00000e+00    1.00000e-10    1.00000e-10    0.00000e+00    0.00000e+00    0.00000e+00    0.00000e+00
       519    0.00000e+00    0.00000e+00    0.00000e+00    0.00000e+00    0.00000e+00    1.00000e-10    1.00000e-10    0.00000e+00    0.00000e+00    0.00000e+00    0.00000e+00
       520    0.00000e+00    0.00000e+00    0.00000e+00    0.00000e+00    0.00000e+00    1.00000e-10    1.00000e-10    0.00000e+00    0.00000e+00    0.00000e+00    0.00000e+00
       521    0.00000e+00    0.00000e+00    0.00000e+00    0.00000e+00    0.00000e+00    1.00000e-10    1.00000e-10    0.00000e+00    0.00000e+00    0.00000e+00    0.00000e+00
       522    0.00000e+00    0.00000e+00    0.00000e+00    0.00000e+00    0.00000e+00    1.00000e-10    1.00000e-10    0.00000e+00    0.00000e+00    0.00000e+00    0.00000e+00
       523    0.00000e+00    0.00000e+00    0.00000e+00    0.00000e+00    0.00000e+00    1.00000e-10    1.00000e-10    0.00000e+00    0.00000e+00    0.00000e+00    0.00000e+00
       524    0.00000e+00    0.00000e+00    0.00000e+00    0.00000e+00    0.00000e+00    1.00000e-10    1.00000e-10    0.00000e+00    0.00000e+00    0.00000e+00    0.00000e+00
       525    0.00000e+00    0.00000e+00    0.00000e+00    0.00000e+00    0.00000e+00    1.00000e-10    1.00000e-10    0.00000e+00    0.00000e+00    0.00000e+00    0.00000e+00
       526    0.00000e+00    0.00000e+00    0.00000e+00    0.00000e+00    0.00000e+00    1.00000e-10    1.00000e-10    0.00000e+00    0.00000e+00    0.00000e+00    0.00000e+00
       527    0.00000e+00    0.00000e+00    0.00000e+00    0.00000e+00    0.00000e+00    1.00000e-10    1.00000e-10    0.00000e+00    0.00000e+00    0.00000e+00    0.00000e+00
       528    0.00000e+00    0.00000e+00    0.00000e+00    0.00000e+00    0.00000e+00    1.00000e-10    1.00000e-10    0.00000e+00    0.00000e+00    0.00000e+00    0.00000e+00
       529    0.00000e+00    0.00000e+00    0.00000e+00    0.00000e+00    0.00000e+00    1.00000e-10    1.00000e-10    0.00000e+00    0.00000e+00    0.00000e+00    0.00000e+00
       530    0.00000e+00    0.00000e+00    0.00000e+00    0.00000e+00    0.00000e+00    1.00000e-10    1.00000e-10    0.00000e+00    0.00000e+00    0.00000e+00    0.00000e+00
       531    0.00000e+00    0.00000e+00    0.00000e+00    0.00000e+00    0.00000e+00    1.00000e-10    1.00000e-10    0.00000e+00    0.00000e+00    0.00000e+00    0.00000e+00
       532    0.00000e+00    0.00000e+00    0.00000e+00    0.00000e+00    0.00000e+00    1.00000e-10    1.00000e-10    0.00000e+00    0.00000e+00    0.00000e+00    0.00000e+00
       533    0.00000e+00    0.00000e+00    0.00000e+00    0.00000e+00    0.00000e+00    1.00000e-10    1.00000e-10    0.00000e+00    0.00000e+00    0.00000e+00    0.00000e+00
       534    0.00000e+00    0.00000e+00    0.00000e+00    0.00000e+00    0.00000e+00    1.00000e-10    1.00000e-10    0.00000e+00    0.00000e+00    0.00000e+00    0.00000e+00
       535    0.00000e+00    0.00000e+00    0.00000e+00    0.00000e+00    0.00000e+00    1.00000e-10    1.00000e-10    0.00000e+00    0.00000e+00    0.00000e+00    0.00000e+00
       536    0.00000e+00    0.00000e+00    0.00000e+00    0.00000e+00    0.00000e+00    1.00000e-10    1.00000e-10    0.00000e+00    0.00000e+00    0.00000e+00    0.00000e+00
       537    0.00000e+00    0.00000e+00    0.00000e+00    0.00000e+00    0.00000e+00    1.00000e-10    1.00000e-10    0.00000e+00    0.00000e+00    0.00000e+00    0.00000e+00
       538    0.00000e+00    0.00000e+00    0.00000e+00    0.00000e+00    0.00000e+00    1.00000e-10    1.00000e-10    0.00000e+00    0.00000e+00    0.00000e+00    0.00000e+00
       539    0.00000e+00    0.00000e+00    0.00000e+00    0.00000e+00    0.00000e+00    1.00000e-10    1.00000e-10    0.00000e+00    0.00000e+00    0.00000e+00    0.00000e+00
       540    0.00000e+00    0.00000e+00    0.00000e+00    0.00000e+00    0.00000e+00    1.00000e-10    1.00000e-10    0.00000e+00    0.00000e+00    0.00000e+00    0.00000e+00
       541    0.00000e+00    0.00000e+00    0.00000e+00    0.00000e+00    0.00000e+00    1.00000e-10    1.00000e-10    0.00000e+00    0.00000e+00    0.00000e+00    0.00000e+00
       542    0.00000e+00    0.00000e+00    0.00000e+00    0.00000e+00    0.00000e+00    1.00000e-10    1.00000e-10    0.00000e+00    0.00000e+00    0.00000e+00    0.00000e+00
       543    0.00000e+00    0.00000e+00    0.00000e+00    0.00000e+00    0.00000e+00    1.00000e-10    1.00000e-10    0.00000e+00    0.00000e+00    0.00000e+00    0.00000e+00
       544    0.00000e+00    0.00000e+00    0.00000e+00    0.00000e+00    0.00000e+00    1.00000e-10    1.00000e-10    0.00000e+00    0.00000e+00    0.00000e+00    0.00000e+00
       545    0.00000e+00    0.00000e+00    0.00000e+00    0.00000e+00    0.00000e+00    1.00000e-10    1.00000e-10    0.00000e+00    0.00000e+00    0.00000e+00    0.00000e+00
       546    0.00000e+00    0.00000e+00    0.00000e+00    0.00000e+00    0.00000e+00    1.00000e-10    1.00000e-10    0.00000e+00    0.00000e+00    0.00000e+00    0.00000e+00
       547    0.00000e+00    0.00000e+00    0.00000e+00    0.00000e+00    0.00000e+00    1.00000e-10    1.00000e-10    0.00000e+00    0.00000e+00    0.00000e+00    0.00000e+00
       548    0.00000e+00    0.00000e+00    0.00000e+00    0.00000e+00    0.00000e+00    1.00000e-10    1.00000e-10    0.00000e+00    0.00000e+00    0.00000e+00    0.00000e+00
       549    0.00000e+00    0.00000e+00    0.00000e+00    0.00000e+00    0.00000e+00    1.00000e-10    1.00000e-10    0.00000e+00    0.00000e+00    0.00000e+00    0.00000e+00
       550    0.00000e+00    0.00000e+00    0.00000e+00    0.00000e+00    0.00000e+00    1.00000e-10    1.00000e-10    0.00000e+00    0.00000e+00    0.00000e+00    0.00000e+00
       551    0.00000e+00    0.00000e+00    0.00000e+00    0.00000e+00    0.00000e+00    1.00000e-10    1.00000e-10    0.00000e+00    0.00000e+00    0.00000e+00    0.00000e+00
       552    0.00000e+00    0.00000e+00    0.00000e+00    0.00000e+00    0.00000e+00    1.00000e-10    1.00000e-10    0.00000e+00    0.00000e+00    0.00000e+00    0.00000e+00
       553    0.00000e+00    0.00000e+00    0.00000e+00    0.00000e+00    0.00000e+00    1.00000e-10    1.00000e-10    0.00000e+00    0.00000e+00    0.00000e+00    0.00000e+00
       554    0.00000e+00    0.00000e+00    0.00000e+00    0.00000e+00    0.00000e+00    1.00000e-10    1.00000e-10    0.00000e+00    0.00000e+00    0.00000e+00    0.00000e+00
       555    0.00000e+00    0.00000e+00    0.00000e+00    0.00000e+00    0.00000e+00    1.00000e-10    1.00000e-10    0.00000e+00    0.00000e+00    0.00000e+00    0.00000e+00
       556    0.00000e+00    0.00000e+00    0.00000e+00    0.00000e+00    0.00000e+00    1.00000e-10    1.00000e-10    0.00000e+00    0.00000e+00    0.00000e+00    0.00000e+00
       557    0.00000e+00    0.00000e+00    0.00000e+00    0.00000e+00    0.00000e+00    1.00000e-10    1.00000e-10    0.00000e+00    0.00000e+00    0.00000e+00    0.00000e+00
       558    0.00000e+00    0.00000e+00    0.00000e+00    0.00000e+00    0.00000e+00    1.00000e-10    1.00000e-10    0.00000e+00    0.00000e+00    0.00000e+00    0.00000e+00
       559    0.00000e+00    0.00000e+00    0.00000e+00    0.00000e+00    0.00000e+00    1.00000e-10    1.00000e-10    0.00000e+00    0.00000e+00    0.00000e+00    0.00000e+00
       560    0.00000e+00    0.00000e+00    0.00000e+00    0.00000e+00    0.00000e+00    1.00000e-10    1.00000e-10    0.00000e+00    0.00000e+00    0.00000e+00    0.00000e+00
       561    0.00000e+00    0.00000e+00    0.00000e+00    0.00000e+00    0.00000e+00    1.00000e-10    1.00000e-10    0.00000e+00    0.00000e+00    0.00000e+00    0.00000e+00
       562    0.00000e+00    0.00000e+00    0.00000e+00    0.00000e+00    0.00000e+00    1.00000e-10    1.00000e-10    0.00000e+00    0.00000e+00    0.00000e+00    0.00000e+00
       563    0.00000e+00    0.00000e+00    0.00000e+00    0.00000e+00    0.00000e+00    1.00000e-10    1.00000e-10    0.00000e+00    0.00000e+00    0.00000e+00    0.00000e+00
       564    0.00000e+00    0.00000e+00    0.00000e+00    0.00000e+00    0.00000e+00    1.00000e-10    1.00000e-10    0.00000e+00    0.00000e+00    0.00000e+00    0.00000e+00
       565    0.00000e+00    0.00000e+00    0.00000e+00    0.00000e+00    0.00000e+00    1.00000e-10    1.00000e-10    0.00000e+00    0.00000e+00    0.00000e+00    0.00000e+00
       566    0.00000e+00    0.00000e+00    0.00000e+00    0.00000e+00    0.00000e+00    1.00000e-10    1.00000e-10    0.00000e+00    0.00000e+00    0.00000e+00    0.00000e+00
       567    0.00000e+00    0.00000e+00    0.00000e+00    0.00000e+00    0.00000e+00    1.00000e-10    1.00000e-10    0.00000e+00    0.00000e+00    0.00000e+00    0.00000e+00
       568    0.00000e+00    0.00000e+00    0.00000e+00    0.00000e+00    0.00000e+00    1.00000e-10    1.00000e-10    0.00000e+00    0.00000e+00    0.00000e+00    0.00000e+00
       569    0.00000e+00    0.00000e+00    0.00000e+00    0.00000e+00    0.00000e+00    1.00000e-10    1.00000e-10    0.00000e+00    0.00000e+00    0.00000e+00    0.00000e+00
       570    0.00000e+00    0.00000e+00    0.00000e+00    0.00000e+00    0.00000e+00    1.00000e-10    1.00000e-10    0.00000e+00    0.00000e+00    0.00000e+00    0.00000e+00
       571    0.00000e+00    0.00000e+00    0.00000e+00    0.00000e+00    0.00000e+00    1.00000e-10    1.00000e-10    0.00000e+00    0.00000e+00    0.00000e+00    0.00000e+00
       572    0.00000e+00    0.00000e+00    0.00000e+00    0.00000e+00    0.00000e+00    1.00000e-10    1.00000e-10    0.00000e+00    0.00000e+00    0.00000e+00    0.00000e+00
       573    0.00000e+00    0.00000e+00    0.00000e+00    0.00000e+00    0.00000e+00    1.00000e-10    1.00000e-10    0.00000e+00    0.00000e+00    0.00000e+00    0.00000e+00
       574    0.00000e+00    0.00000e+00    0.00000e+00    0.00000e+00    0.00000e+00    1.00000e-10    1.00000e-10    0.00000e+00    0.00000e+00    0.00000e+00    0.00000e+00
       575    0.00000e+00    0.00000e+00    0.00000e+00    0.00000e+00    0.00000e+00    1.00000e-10    1.00000e-10    0.00000e+00    0.00000e+00    0.00000e+00    0.00000e+00
       576    0.00000e+00    0.00000e+00    0.00000e+00    0.00000e+00    0.00000e+00    1.00000e-10    1.00000e-10    0.00000e+00    0.00000e+00    0.00000e+00    0.00000e+00
       577    0.00000e+00    0.00000e+00    0.00000e+00    0.00000e+00    0.00000e+00    1.00000e-10    1.00000e-10    0.00000e+00    0.00000e+00    0.00000e+00    0.00000e+00
       578    0.00000e+00    0.00000e+00    0.00000e+00    0.00000e+00    0.00000e+00    1.00000e-10    1.00000e-10    0.00000e+00    0.00000e+00    0.00000e+00    0.00000e+00
       579    0.00000e+00    0.00000e+00    0.00000e+00    0.00000e+00    0.00000e+00    1.00000e-10    1.00000e-10    0.00000e+00    0.00000e+00    0.00000e+00    0.00000e+00
       580    0.00000e+00    0.00000e+00    0.00000e+00    0.00000e+00    0.00000e+00    1.00000e-10    1.00000e-10    0.00000e+00    0.00000e+00    0.00000e+00    0.00000e+00
       581    0.00000e+00    0.00000e+00    0.00000e+00    0.00000e+00    0.00000e+00    1.00000e-10    1.00000e-10    0.00000e+00    0.00000e+00    0.00000e+00    0.00000e+00
       582    0.00000e+00    0.00000e+00    0.00000e+00    0.00000e+00    0.00000e+00    1.00000e-10    1.00000e-10    0.00000e+00    0.00000e+00    0.00000e+00    0.00000e+00
       583    0.00000e+00    0.00000e+00    0.00000e+00    0.00000e+00    0.00000e+00    1.00000e-10    1.00000e-10    0.00000e+00    0.00000e+00    0.00000e+00    0.00000e+00
       584    0.00000e+00    0.00000e+00    0.00000e+00    0.00000e+00    0.00000e+00    1.00000e-10    1.00000e-10    0.00000e+00    0.00000e+00    0.00000e+00    0.00000e+00
       585    0.00000e+00    0.00000e+00    0.00000e+00    0.00000e+00    0.00000e+00    1.00000e-10    1.00000e-10    0.00000e+00    0.00000e+00    0.00000e+00    0.00000e+00
       586    0.00000e+00    0.00000e+00    0.00000e+00    0.00000e+00    0.00000e+00    1.00000e-10    1.00000e-10    0.00000e+00    0.00000e+00    0.00000e+00    0.00000e+00
       587    0.00000e+00    0.00000e+00    0.00000e+00    0.00000e+00    0.00000e+00    1.00000e-10    1.00000e-10    0.00000e+00    0.00000e+00    0.00000e+00    0.00000e+00
       588    0.00000e+00    0.00000e+00    0.00000e+00    0.00000e+00    0.00000e+00    1.00000e-10    1.00000e-10    0.00000e+00    0.00000e+00    0.00000e+00    0.00000e+00
       589    0.00000e+00    0.00000e+00    0.00000e+00    0.00000e+00    0.00000e+00    1.00000e-10    1.00000e-10    0.00000e+00    0.00000e+00    0.00000e+00    0.00000e+00
       590    0.00000e+00    0.00000e+00    0.00000e+00    0.00000e+00    0.00000e+00    1.00000e-10    1.00000e-10    0.00000e+00    0.00000e+00    0.00000e+00    0.00000e+00
       591    0.00000e+00    0.00000e+00    0.00000e+00    0.00000e+00    0.00000e+00    1.00000e-10    1.00000e-10    0.00000e+00    0.00000e+00    0.00000e+00    0.00000e+00
       592    0.00000e+00    0.00000e+00    0.00000e+00    0.00000e+00    0.00000e+00    1.00000e-10    1.00000e-10    0.00000e+00    0.00000e+00    0.00000e+00    0.00000e+00
       593    0.00000e+00    0.00000e+00    0.00000e+00    0.00000e+00    0.00000e+00    1.00000e-10    1.00000e-10    0.00000e+00    0.00000e+00    0.00000e+00    0.00000e+00
       594    0.00000e+00    0.00000e+00    0.00000e+00    0.00000e+00    0.00000e+00    1.00000e-10    1.00000e-10    0.00000e+00    0.00000e+00    0.00000e+00    0.00000e+00
       595    0.00000e+00    0.00000e+00    0.00000e+00    0.00000e+00    0.00000e+00    1.00000e-10    1.00000e-10    0.00000e+00    0.00000e+00    0.00000e+00    0.00000e+00
       596    0.00000e+00    0.00000e+00    0.00000e+00    0.00000e+00    0.00000e+00    1.00000e-10    1.00000e-10    0.00000e+00    0.00000e+00    0.00000e+00    0.00000e+00
       597    0.00000e+00    0.00000e+00    0.00000e+00    0.00000e+00    0.00000e+00    1.00000e-10    1.00000e-10    0.00000e+00    0.00000e+00    0.00000e+00    0.00000e+00
       598    0.00000e+00    0.00000e+00    0.00000e+00    0.00000e+00    0.00000e+00    1.00000e-10    1.00000e-10    0.00000e+00    0.00000e+00    0.00000e+00    0.00000e+00
       599    0.00000e+00    0.00000e+00    0.00000e+00    0.00000e+00    0.00000e+00    1.00000e-10    1.00000e-10    0.00000e+00    0.00000e+00    0.00000e+00    0.00000e+00
       600    0.00000e+00    0.00000e+00    0.00000e+00    0.00000e+00    0.00000e+00    1.00000e-10    1.00000e-10    0.00000e+00    0.00000e+00    0.00000e+00    0.00000e+00
       601    0.00000e+00    0.00000e+00    0.00000e+00    0.00000e+00    0.00000e+00    1.00000e-10    1.00000e-10    0.00000e+00    0.00000e+00    0.00000e+00    0.00000e+00
       602    0.00000e+00    0.00000e+00    0.00000e+00    0.00000e+00    0.00000e+00    1.00000e-10    1.00000e-10    0.00000e+00    0.00000e+00    0.00000e+00    0.00000e+00
       603    0.00000e+00    0.00000e+00    0.00000e+00    0.00000e+00    0.00000e+00    1.00000e-10    1.00000e-10    0.00000e+00    0.00000e+00    0.00000e+00    0.00000e+00
       604    0.00000e+00    0.00000e+00    0.00000e+00    0.00000e+00    0.00000e+00    1.00000e-10    1.00000e-10    0.00000e+00    0.00000e+00    0.00000e+00    0.00000e+00
       605    0.00000e+00    0.00000e+00    0.00000e+00    0.00000e+00    0.00000e+00    1.00000e-10    1.00000e-10    0.00000e+00    0.00000e+00    0.00000e+00    0.00000e+00
       606    0.00000e+00    0.00000e+00    0.00000e+00    0.00000e+00    0.00000e+00    1.00000e-10    1.00000e-10    0.00000e+00    0.00000e+00    0.00000e+00    0.00000e+00
       607    0.00000e+00    0.00000e+00    0.00000e+00    0.00000e+00    0.00000e+00    1.00000e-10    1.00000e-10    0.00000e+00    0.00000e+00    0.00000e+00    0.00000e+00
       608    0.00000e+00    0.00000e+00    0.00000e+00    0.00000e+00    0.00000e+00    1.00000e-10    1.00000e-10    0.00000e+00    0.00000e+00    0.00000e+00    0.00000e+00
       609    0.00000e+00    0.00000e+00    0.00000e+00    0.00000e+00    0.00000e+00    1.00000e-10    1.00000e-10    0.00000e+00    0.00000e+00    0.00000e+00    0.00000e+00
       610    0.00000e+00    0.00000e+00    0.00000e+00    0.00000e+00    0.00000e+00    1.00000e-10    1.00000e-10    0.00000e+00    0.00000e+00    0.00000e+00    0.00000e+00
       611    0.00000e+00    0.00000e+00    0.00000e+00    0.00000e+00    0.00000e+00    1.00000e-10    1.00000e-10    0.00000e+00    0.00000e+00    0.00000e+00    0.00000e+00
       612    0.00000e+00    0.00000e+00    0.00000e+00    0.00000e+00    0.00000e+00    1.00000e-10    1.00000e-10    0.00000e+00    0.00000e+00    0.00000e+00    0.00000e+00
       613    0.00000e+00    0.00000e+00    0.00000e+00    0.00000e+00    0.00000e+00    1.00000e-10    1.00000e-10    0.00000e+00    0.00000e+00    0.00000e+00    0.00000e+00
       614    0.00000e+00    0.00000e+00    0.00000e+00    0.00000e+00    0.00000e+00    1.00000e-10    1.00000e-10    0.00000e+00    0.00000e+00    0.00000e+00    0.00000e+00
       615    0.00000e+00    0.00000e+00    0.00000e+00    0.00000e+00    0.00000e+00    1.00000e-10    1.00000e-10    0.00000e+00    0.00000e+00    0.00000e+00    0.00000e+00
       616    0.00000e+00    0.00000e+00    0.00000e+00    0.00000e+00    0.00000e+00    1.00000e-10    1.00000e-10    0.00000e+00    0.00000e+00    0.00000e+00    0.00000e+00
       617    0.00000e+00    0.00000e+00    0.00000e+00    0.00000e+00    0.00000e+00    1.00000e-10    1.00000e-10    0.00000e+00    0.00000e+00    0.00000e+00    0.00000e+00
       618    0.00000e+00    0.00000e+00    0.00000e+00    0.00000e+00    0.00000e+00    1.00000e-10    1.00000e-10    0.00000e+00    0.00000e+00    0.00000e+00    0.00000e+00
       619    0.00000e+00    0.00000e+00    0.00000e+00    0.00000e+00    0.00000e+00    1.00000e-10    1.00000e-10    0.00000e+00    0.00000e+00    0.00000e+00    0.00000e+00
       620    0.00000e+00    0.00000e+00    0.00000e+00    0.00000e+00    0.00000e+00    1.00000e-10    1.00000e-10    0.00000e+00    0.00000e+00    0.00000e+00    0.00000e+00
       621    0.00000e+00    0.00000e+00    0.00000e+00    0.00000e+00    0.00000e+00    1.00000e-10    1.00000e-10    0.00000e+00    0.00000e+00    0.00000e+00    0.00000e+00
       622    0.00000e+00    0.00000e+00    0.00000e+00    0.00000e+00    0.00000e+00    1.00000e-10    1.00000e-10    0.00000e+00    0.00000e+00    0.00000e+00    0.00000e+00
       623    0.00000e+00    0.00000e+00    0.00000e+00    0.00000e+00    0.00000e+00    1.00000e-10    1.00000e-10    0.00000e+00    0.00000e+00    0.00000e+00    0.00000e+00
       624    0.00000e+00    0.00000e+00    0.00000e+00    0.00000e+00    0.00000e+00    1.00000e-10    1.00000e-10    0.00000e+00    0.00000e+00    0.00000e+00    0.00000e+00
       625    0.00000e+00    0.00000e+00    0.00000e+00    0.00000e+00    0.00000e+00    1.00000e-10    1.00000e-10    0.00000e+00    0.00000e+00    0.00000e+00    0.00000e+00
       626    0.00000e+00    0.00000e+00    0.00000e+00    0.00000e+00    0.00000e+00    1.00000e-10    1.00000e-10    0.00000e+00    0.00000e+00    0.00000e+00    0.00000e+00
       627    0.00000e+00    0.00000e+00    0.00000e+00    0.00000e+00    0.00000e+00    1.00000e-10    1.00000e-10    0.00000e+00    0.00000e+00    0.00000e+00    0.00000e+00
       628    0.00000e+00    0.00000e+00    0.00000e+00    0.00000e+00    0.00000e+00    1.00000e-10    1.00000e-10    0.00000e+00    0.00000e+00    0.00000e+00    0.00000e+00
       629    0.00000e+00    0.00000e+00    0.00000e+00    0.00000e+00    0.00000e+00    1.00000e-10    1.00000e-10    0.00000e+00    0.00000e+00    0.00000e+00    0.00000e+00
       630    0.00000e+00    0.00000e+00    0.00000e+00    0.00000e+00    0.00000e+00    1.00000e-10    1.00000e-10    0.00000e+00    0.00000e+00    0.00000e+00    0.00000e+00
       631    0.00000e+00    0.00000e+00    0.00000e+00    0.00000e+00    0.00000e+00    1.00000e-10    1.00000e-10    0.00000e+00    0.00000e+00    0.00000e+00    0.00000e+00
       632    0.00000e+00    0.00000e+00    0.00000e+00    0.00000e+00    0.00000e+00    1.00000e-10    1.00000e-10    0.00000e+00    0.00000e+00    0.00000e+00    0.00000e+00
       633    0.00000e+00    0.00000e+00    0.00000e+00    0.00000e+00    0.00000e+00    1.00000e-10    1.00000e-10    0.00000e+00    0.00000e+00    0.00000e+00    0.00000e+00
       634    0.00000e+00    0.00000e+00    0.00000e+00    0.00000e+00    0.00000e+00    1.00000e-10    1.00000e-10    0.00000e+00    0.00000e+00    0.00000e+00    0.00000e+00
       635    0.00000e+00    0.00000e+00    0.00000e+00    0.00000e+00    0.00000e+00    1.00000e-10    1.00000e-10    0.00000e+00    0.00000e+00    0.00000e+00    0.00000e+00
       636    0.00000e+00    0.00000e+00    0.00000e+00    0.00000e+00    0.00000e+00    1.00000e-10    1.00000e-10    0.00000e+00    0.00000e+00    0.00000e+00    0.00000e+00
       637    0.00000e+00    0.00000e+00    0.00000e+00    0.00000e+00    0.00000e+00    1.00000e-10    1.00000e-10    0.00000e+00    0.00000e+00    0.00000e+00    0.00000e+00
       638    0.00000e+00    0.00000e+00    0.00000e+00    0.00000e+00    0.00000e+00    1.00000e-10    1.00000e-10    0.00000e+00    0.00000e+00    0.00000e+00    0.00000e+00
       639    0.00000e+00    0.00000e+00    0.00000e+00    0.00000e+00    0.00000e+00    1.00000e-10    1.00000e-10    0.00000e+00    0.00000e+00    0.00000e+00    0.00000e+00
       640    0.00000e+00    0.00000e+00    0.00000e+00    0.00000e+00    0.00000e+00    1.00000e-10    1.00000e-10    0.00000e+00    0.00000e+00    0.00000e+00    0.00000e+00
       641    0.00000e+00    0.00000e+00    0.00000e+00    0.00000e+00    0.00000e+00    1.00000e-10    1.00000e-10    0.00000e+00    0.00000e+00    0.00000e+00    0.00000e+00
       642    0.00000e+00    0.00000e+00    0.00000e+00    0.00000e+00    0.00000e+00    1.00000e-10    1.00000e-10    0.00000e+00    0.00000e+00    0.00000e+00    0.00000e+00
       643    0.00000e+00    0.00000e+00    0.00000e+00    0.00000e+00    0.00000e+00    1.00000e-10    1.00000e-10    0.00000e+00    0.00000e+00    0.00000e+00    0.00000e+00
       644    0.00000e+00    0.00000e+00    0.00000e+00    0.00000e+00    0.00000e+00    1.00000e-10    1.00000e-10    0.00000e+00    0.00000e+00    0.00000e+00    0.00000e+00
       645    0.00000e+00    0.00000e+00    0.00000e+00    0.00000e+00    0.00000e+00    1.00000e-10    1.00000e-10    0.00000e+00    0.00000e+00    0.00000e+00    0.00000e+00
       646    0.00000e+00    0.00000e+00    0.00000e+00    0.00000e+00    0.00000e+00    1.00000e-10    1.00000e-10    0.00000e+00    0.00000e+00    0.00000e+00    0.00000e+00
       647    0.00000e+00    0.00000e+00    0.00000e+00    0.00000e+00    0.00000e+00    1.00000e-10    1.00000e-10    0.00000e+00    0.00000e+00    0.00000e+00    0.00000e+00
       648    0.00000e+00    0.00000e+00    0.00000e+00    0.00000e+00    0.00000e+00    1.00000e-10    1.00000e-10    0.00000e+00    0.00000e+00    0.00000e+00    0.00000e+00
       649    0.00000e+00    0.00000e+00    0.00000e+00    0.00000e+00    0.00000e+00    1.00000e-10    1.00000e-10    0.00000e+00    0.00000e+00    0.00000e+00    0.00000e+00
       650    0.00000e+00    0.00000e+00    0.00000e+00    0.00000e+00    0.00000e+00    1.00000e-10    1.00000e-10    0.00000e+00    0.00000e+00    0.00000e+00    0.00000e+00
       651    0.00000e+00    0.00000e+00    0.00000e+00    0.00000e+00    0.00000e+00    1.00000e-10    1.00000e-10    0.00000e+00    0.00000e+00    0.00000e+00    0.00000e+00
       652    0.00000e+00    0.00000e+00    0.00000e+00    0.00000e+00    0.00000e+00    1.00000e-10    1.00000e-10    0.00000e+00    0.00000e+00    0.00000e+00    0.00000e+00
       653    0.00000e+00    0.00000e+00    0.00000e+00    0.00000e+00    0.00000e+00    1.00000e-10    1.00000e-10    0.00000e+00    0.00000e+00    0.00000e+00    0.00000e+00
       654    0.00000e+00    0.00000e+00    0.00000e+00    0.00000e+00    0.00000e+00    1.00000e-10    1.00000e-10    0.00000e+00    0.00000e+00    0.00000e+00    0.00000e+00
       655    0.00000e+00    0.00000e+00    0.00000e+00    0.00000e+00    0.00000e+00    1.00000e-10    1.00000e-10    0.00000e+00    0.00000e+00    0.00000e+00    0.00000e+00
       656    0.00000e+00    0.00000e+00    0.00000e+00    0.00000e+00    0.00000e+00    1.00000e-10    1.00000e-10    0.00000e+00    0.00000e+00    0.00000e+00    0.00000e+00
       657    0.00000e+00    0.00000e+00    0.00000e+00    0.00000e+00    0.00000e+00    1.00000e-10    1.00000e-10    0.00000e+00    0.00000e+00    0.00000e+00    0.00000e+00
       658    0.00000e+00    0.00000e+00    0.00000e+00    0.00000e+00    0.00000e+00    1.00000e-10    1.00000e-10    0.00000e+00    0.00000e+00    0.00000e+00    0.00000e+00
       659    0.00000e+00    0.00000e+00    0.00000e+00    0.00000e+00    0.00000e+00    1.00000e-10    1.00000e-10    0.00000e+00    0.00000e+00    0.00000e+00    0.00000e+00
       660    0.00000e+00    0.00000e+00    0.00000e+00    0.00000e+00    0.00000e+00    1.00000e-10    1.00000e-10    0.00000e+00    0.00000e+00    0.00000e+00    0.00000e+00
       661    0.00000e+00    0.00000e+00    0.00000e+00    0.00000e+00    0.00000e+00    1.00000e-10    1.00000e-10    0.00000e+00    0.00000e+00    0.00000e+00    0.00000e+00
       662    0.00000e+00    0.00000e+00    0.00000e+00    0.00000e+00    0.00000e+00    1.00000e-10    1.00000e-10    0.00000e+00    0.00000e+00    0.00000e+00    0.00000e+00
       663    0.00000e+00    0.00000e+00    0.00000e+00    0.00000e+00    0.00000e+00    1.00000e-10    1.00000e-10    0.00000e+00    0.00000e+00    0.00000e+00    0.00000e+00
       664    0.00000e+00    0.00000e+00    0.00000e+00    0.00000e+00    0.00000e+00    1.00000e-10    1.00000e-10    0.00000e+00    0.00000e+00    0.00000e+00    0.00000e+00
       665    0.00000e+00    0.00000e+00    0.00000e+00    0.00000e+00    0.00000e+00    1.00000e-10    1.00000e-10    0.00000e+00    0.00000e+00    0.00000e+00    0.00000e+00
       666    0.00000e+00    0.00000e+00    0.00000e+00    0.00000e+00    0.00000e+00    1.00000e-10    1.00000e-10    0.00000e+00    0.00000e+00    0.00000e+00    0.00000e+00
       667    0.00000e+00    0.00000e+00    0.00000e+00    0.00000e+00    0.00000e+00    1.00000e-10    1.00000e-10    0.00000e+00    0.00000e+00    0.00000e+00    0.00000e+00
       668    0.00000e+00    0.00000e+00    0.00000e+00    0.00000e+00    0.00000e+00    1.00000e-10    1.00000e-10    0.00000e+00    0.00000e+00    0.00000e+00    0.00000e+00
       669    0.00000e+00    0.00000e+00    0.00000e+00    0.00000e+00    0.00000e+00    1.00000e-10    1.00000e-10    0.00000e+00    0.00000e+00    0.00000e+00    0.00000e+00
       670    0.00000e+00    0.00000e+00    0.00000e+00    0.00000e+00    0.00000e+00    1.00000e-10    1.00000e-10    0.00000e+00    0.00000e+00    0.00000e+00    0.00000e+00
       671    0.00000e+00    0.00000e+00    0.00000e+00    0.00000e+00    0.00000e+00    1.00000e-10    1.00000e-10    0.00000e+00    0.00000e+00    0.00000e+00    0.00000e+00
       672    0.00000e+00    0.00000e+00    0.00000e+00    0.00000e+00    0.00000e+00    1.00000e-10    1.00000e-10    0.00000e+00    0.00000e+00    0.00000e+00    0.00000e+00
       673    0.00000e+00    0.00000e+00    0.00000e+00    0.00000e+00    0.00000e+00    1.00000e-10    1.00000e-10    0.00000e+00    0.00000e+00    0.00000e+00    0.00000e+00
       674    0.00000e+00    0.00000e+00    0.00000e+00    0.00000e+00    0.00000e+00    1.00000e-10    1.00000e-10    0.00000e+00    0.00000e+00    0.00000e+00    0.00000e+00
       675    0.00000e+00    0.00000e+00    0.00000e+00    0.00000e+00    0.00000e+00    1.00000e-10    1.00000e-10    0.00000e+00    0.00000e+00    0.00000e+00    0.00000e+00
       676    0.00000e+00    0.00000e+00    0.00000e+00    0.00000e+00    0.00000e+00    1.00000e-10    1.00000e-10    0.00000e+00    0.00000e+00    0.00000e+00    0.00000e+00
       677    0.00000e+00    0.00000e+00    0.00000e+00    0.00000e+00    0.00000e+00    1.00000e-10    1.00000e-10    0.00000e+00    0.00000e+00    0.00000e+00    0.00000e+00
       678    0.00000e+00    0.00000e+00    0.00000e+00    0.00000e+00    0.00000e+00    1.00000e-10    1.00000e-10    0.00000e+00    0.00000e+00    0.00000e+00    0.00000e+00
       679    0.00000e+00    0.00000e+00    0.00000e+00    0.00000e+00    0.00000e+00    1.00000e-10    1.00000e-10    0.00000e+00    0.00000e+00    0.00000e+00    0.00000e+00
       680    0.00000e+00    0.00000e+00    0.00000e+00    0.00000e+00    0.00000e+00    1.00000e-10    1.00000e-10    0.00000e+00    0.00000e+00    0.00000e+00    0.00000e+00
       681    0.00000e+00    0.00000e+00    0.00000e+00    0.00000e+00    0.00000e+00    1.00000e-10    1.00000e-10    0.00000e+00    0.00000e+00    0.00000e+00    0.00000e+00
       682    0.00000e+00    0.00000e+00    0.00000e+00    0.00000e+00    0.00000e+00    1.00000e-10    1.00000e-10    0.00000e+00    0.00000e+00    0.00000e+00    0.00000e+00
       683    0.00000e+00    0.00000e+00    0.00000e+00    0.00000e+00    0.00000e+00    1.00000e-10    1.00000e-10    0.00000e+00    0.00000e+00    0.00000e+00    0.00000e+00
       684    0.00000e+00    0.00000e+00    0.00000e+00    0.00000e+00    0.00000e+00    1.00000e-10    1.00000e-10    0.00000e+00    0.00000e+00    0.00000e+00    0.00000e+00
       685    0.00000e+00    0.00000e+00    0.00000e+00    0.00000e+00    0.00000e+00    1.00000e-10    1.00000e-10    0.00000e+00    0.00000e+00    0.00000e+00    0.00000e+00
       686    0.00000e+00    0.00000e+00    0.00000e+00    0.00000e+00    0.00000e+00    1.00000e-10    1.00000e-10    0.00000e+00    0.00000e+00    0.00000e+00    0.00000e+00
       687    0.00000e+00    0.00000e+00    0.00000e+00    0.00000e+00    0.00000e+00    1.00000e-10    1.00000e-10    0.00000e+00    0.00000e+00    0.00000e+00    0.00000e+00
       688    0.00000e+00    0.00000e+00    0.00000e+00    0.00000e+00    0.00000e+00    1.00000e-10    1.00000e-10    0.00000e+00    0.00000e+00    0.00000e+00    0.00000e+00
       689    0.00000e+00    0.00000e+00    0.00000e+00    0.00000e+00    0.00000e+00    1.00000e-10    1.00000e-10    0.00000e+00    0.00000e+00    0.00000e+00    0.00000e+00
       690    0.00000e+00    0.00000e+00    0.00000e+00    0.00000e+00    0.00000e+00    1.00000e-10    1.00000e-10    0.00000e+00    0.00000e+00    0.00000e+00    0.00000e+00
       691    0.00000e+00    0.00000e+00    0.00000e+00    0.00000e+00    0.00000e+00    1.00000e-10    1.00000e-10    0.00000e+00    0.00000e+00    0.00000e+00    0.00000e+00
       692    0.00000e+00    0.00000e+00    0.00000e+00    0.00000e+00    0.00000e+00    1.00000e-10    1.00000e-10    0.00000e+00    0.00000e+00    0.00000e+00    0.00000e+00
       693    0.00000e+00    0.00000e+00    0.00000e+00    0.00000e+00    0.00000e+00    1.00000e-10    1.00000e-10    0.00000e+00    0.00000e+00    0.00000e+00    0.00000e+00
       694    0.00000e+00    0.00000e+00    0.00000e+00    0.00000e+00    0.00000e+00    1.00000e-10    1.00000e-10    0.00000e+00    0.00000e+00    0.00000e+00    0.00000e+00
       695    0.00000e+00    0.00000e+00    0.00000e+00    0.00000e+00    0.00000e+00    1.00000e-10    1.00000e-10    0.00000e+00    0.00000e+00    0.00000e+00    0.00000e+00
       696    0.00000e+00    0.00000e+00    0.00000e+00    0.00000e+00    0.00000e+00    1.00000e-10    1.00000e-10    0.00000e+00    0.00000e+00    0.00000e+00    0.00000e+00
       697    0.00000e+00    0.00000e+00    0.00000e+00    0.00000e+00    0.00000e+00    1.00000e-10    1.00000e-10    0.00000e+00    0.00000e+00    0.00000e+00    0.00000e+00
       698    0.00000e+00    0.00000e+00    0.00000e+00    0.00000e+00    0.00000e+00    1.00000e-10    1.00000e-10    0.00000e+00    0.00000e+00    0.00000e+00    0.00000e+00
       699    0.00000e+00    0.00000e+00    0.00000e+00    0.00000e+00    0.00000e+00    1.00000e-10    1.00000e-10    0.00000e+00    0.00000e+00    0.00000e+00    0.00000e+00
       700    0.00000e+00    0.00000e+00    0.00000e+00    0.00000e+00    0.00000e+00    1.00000e-10    1.00000e-10    0.00000e+00    0.00000e+00    0.00000e+00    0.00000e+00
       701    0.00000e+00    0.00000e+00    0.00000e+00    0.00000e+00    0.00000e+00    1.00000e-10    1.00000e-10    0.00000e+00    0.00000e+00    0.00000e+00    0.00000e+00
       702    0.00000e+00    0.00000e+00    0.00000e+00    0.00000e+00    0.00000e+00    1.00000e-10    1.00000e-10    0.00000e+00    0.00000e+00    0.00000e+00    0.00000e+00
       703    0.00000e+00    0.00000e+00    0.00000e+00    0.00000e+00    0.00000e+00    1.00000e-10    1.00000e-10    0.00000e+00    0.00000e+00    0.00000e+00    0.00000e+00
       704    0.00000e+00    0.00000e+00    0.00000e+00    0.00000e+00    0.00000e+00    1.00000e-10    1.00000e-10    0.00000e+00    0.00000e+00    0.00000e+00    0.00000e+00
       705    0.00000e+00    0.00000e+00    0.00000e+00    0.00000e+00    0.00000e+00    1.00000e-10    1.00000e-10    0.00000e+00    0.00000e+00    0.00000e+00    0.00000e+00
       706    0.00000e+00    0.00000e+00    0.00000e+00    0.00000e+00    0.00000e+00    1.00000e-10    1.00000e-10    0.00000e+00    0.00000e+00    0.00000e+00    0.00000e+00
       707    0.00000e+00    0.00000e+00    0.00000e+00    0.00000e+00    0.00000e+00    1.00000e-10    1.00000e-10    0.00000e+00    0.00000e+00    0.00000e+00    0.00000e+00
       708    0.00000e+00    0.00000e+00    0.00000e+00    0.00000e+00    0.00000e+00    1.00000e-10    1.00000e-10    0.00000e+00    0.00000e+00    0.00000e+00    0.00000e+00
       709    0.00000e+00    0.00000e+00    0.00000e+00    0.00000e+00    0.00000e+00    1.00000e-10    1.00000e-10    0.00000e+00    0.00000e+00    0.00000e+00    0.00000e+00
       710    0.00000e+00    0.00000e+00    0.00000e+00    0.00000e+00    0.00000e+00    1.00000e-10    1.00000e-10    0.00000e+00    0.00000e+00    0.00000e+00    0.00000e+00
       711    0.00000e+00    0.00000e+00    0.00000e+00    0.00000e+00    0.00000e+00    1.00000e-10    1.00000e-10    0.00000e+00    0.00000e+00    0.00000e+00    0.00000e+00
       712    0.00000e+00    0.00000e+00    0.00000e+00    0.00000e+00    0.00000e+00    1.00000e-10    1.00000e-10    0.00000e+00    0.00000e+00    0.00000e+00    0.00000e+00
       713    0.00000e+00    0.00000e+00    0.00000e+00    0.00000e+00    0.00000e+00    1.00000e-10    1.00000e-10    0.00000e+00    0.00000e+00    0.00000e+00    0.00000e+00
       714    0.00000e+00    0.00000e+00    0.00000e+00    0.00000e+00    0.00000e+00    1.00000e-10    1.00000e-10    0.00000e+00    0.00000e+00    0.00000e+00    0.00000e+00
       715    0.00000e+00    0.00000e+00    0.00000e+00    0.00000e+00    0.00000e+00    1.00000e-10    1.00000e-10    0.00000e+00    0.00000e+00    0.00000e+00    0.00000e+00
       716    0.00000e+00    0.00000e+00    0.00000e+00    0.00000e+00    0.00000e+00    1.00000e-10    1.00000e-10    0.00000e+00    0.00000e+00    0.00000e+00    0.00000e+00
       717    0.00000e+00    0.00000e+00    0.00000e+00    0.00000e+00    0.00000e+00    1.00000e-10    1.00000e-10    0.00000e+00    0.00000e+00    0.00000e+00    0.00000e+00
       718    0.00000e+00    0.00000e+00    0.00000e+00    0.00000e+00    0.00000e+00    1.00000e-10    1.00000e-10    0.00000e+00    0.00000e+00    0.00000e+00    0.00000e+00
       719    0.00000e+00    0.00000e+00    0.00000e+00    0.00000e+00    0.00000e+00    1.00000e-10    1.00000e-10    0.00000e+00    0.00000e+00    0.00000e+00    0.00000e+00
       720    0.00000e+00    0.00000e+00    0.00000e+00    0.00000e+00    0.00000e+00    1.00000e-10    1.00000e-10    0.00000e+00    0.00000e+00    0.00000e+00    0.00000e+00
       721    0.00000e+00    0.00000e+00    0.00000e+00    0.00000e+00    0.00000e+00    1.00000e-10    1.00000e-10    0.00000e+00    0.00000e+00    0.00000e+00    0.00000e+00
       722    0.00000e+00    0.00000e+00    0.00000e+00    0.00000e+00    0.00000e+00    1.00000e-10    1.00000e-10    0.00000e+00    0.00000e+00    0.00000e+00    0.00000e+00
       723    0.00000e+00    0.00000e+00    0.00000e+00    0.00000e+00    0.00000e+00    1.00000e-10    1.00000e-10    0.00000e+00    0.00000e+00    0.00000e+00    0.00000e+00
       724    0.00000e+00    0.00000e+00    0.00000e+00    0.00000e+00    0.00000e+00    1.00000e-10    1.00000e-10    0.00000e+00    0.00000e+00    0.00000e+00    0.00000e+00
       725    0.00000e+00    0.00000e+00    0.00000e+00    0.00000e+00    0.00000e+00    1.00000e-10    1.00000e-10    0.00000e+00    0.00000e+00    0.00000e+00    0.00000e+00
       726    0.00000e+00    0.00000e+00    0.00000e+00    0.00000e+00    0.00000e+00    1.00000e-10    1.00000e-10    0.00000e+00    0.00000e+00    0.00000e+00    0.00000e+00
       727    0.00000e+00    0.00000e+00    0.00000e+00    0.00000e+00    0.00000e+00    1.00000e-10    1.00000e-10    0.00000e+00    0.00000e+00    0.00000e+00    0.00000e+00
       728    0.00000e+00    0.00000e+00    0.00000e+00    0.00000e+00    0.00000e+00    1.00000e-10    1.00000e-10    0.00000e+00    0.00000e+00    0.00000e+00    0.00000e+00
       729    0.00000e+00    0.00000e+00    0.00000e+00    0.00000e+00    0.00000e+00    1.00000e-10    1.00000e-10    0.00000e+00    0.00000e+00    0.00000e+00    0.00000e+00
       730    0.00000e+00    0.00000e+00    0.00000e+00    0.00000e+00    0.00000e+00    1.00000e-10    1.00000e-10    0.00000e+00    0.00000e+00    0.00000e+00    0.00000e+00
       731    0.00000e+00    0.00000e+00    0.00000e+00    0.00000e+00    0.00000e+00    1.00000e-10    1.00000e-10    0.00000e+00    0.00000e+00    0.00000e+00    0.00000e+00
       732    0.00000e+00    0.00000e+00    0.00000e+00    0.00000e+00    0.00000e+00    1.00000e-10    1.00000e-10    0.00000e+00    0.00000e+00    0.00000e+00    0.00000e+00
       733    0.00000e+00    0.00000e+00    0.00000e+00    0.00000e+00    0.00000e+00    1.00000e-10    1.00000e-10    0.00000e+00    0.00000e+00    0.00000e+00    0.00000e+00
       734    0.00000e+00    0.00000e+00    0.00000e+00    0.00000e+00    0.00000e+00    1.00000e-10    1.00000e-10    0.00000e+00    0.00000e+00    0.00000e+00    0.00000e+00
       735    0.00000e+00    0.00000e+00    0.00000e+00    0.00000e+00    0.00000e+00    1.00000e-10    1.00000e-10    0.00000e+00    0.00000e+00    0.00000e+00    0.00000e+00
       736    0.00000e+00    0.00000e+00    0.00000e+00    0.00000e+00    0.00000e+00    1.00000e-10    1.00000e-10    0.00000e+00    0.00000e+00    0.00000e+00    0.00000e+00
       737    0.00000e+00    0.00000e+00    0.00000e+00    0.00000e+00    0.00000e+00    1.00000e-10    1.00000e-10    0.00000e+00    0.00000e+00    0.00000e+00    0.00000e+00
       738    0.00000e+00    0.00000e+00    0.00000e+00    0.00000e+00    0.00000e+00    1.00000e-10    1.00000e-10    0.00000e+00    0.00000e+00    0.00000e+00    0.00000e+00
       739    0.00000e+00    0.00000e+00    0.00000e+00    0.00000e+00    0.00000e+00    1.00000e-10    1.00000e-10    0.00000e+00    0.00000e+00    0.00000e+00    0.00000e+00
       740    0.00000e+00    0.00000e+00    0.00000e+00    0.00000e+00    0.00000e+00    1.00000e-10    1.00000e-10    0.00000e+00    0.00000e+00    0.00000e+00    0.00000e+00
       741    0.00000e+00    0.00000e+00    0.00000e+00    0.00000e+00    0.00000e+00    1.00000e-10    1.00000e-10    0.00000e+00    0.00000e+00    0.00000e+00    0.00000e+00
       742    0.00000e+00    0.00000e+00    0.00000e+00    0.00000e+00    0.00000e+00    1.00000e-10    1.00000e-10    0.00000e+00    0.00000e+00    0.00000e+00    0.00000e+00
       743    0.00000e+00    0.00000e+00    0.00000e+00    0.00000e+00    0.00000e+00    1.00000e-10    1.00000e-10    0.00000e+00    0.00000e+00    0.00000e+00    0.00000e+00
       744    0.00000e+00    0.00000e+00    0.00000e+00    0.00000e+00    0.00000e+00    1.00000e-10    1.00000e-10    0.00000e+00    0.00000e+00    0.00000e+00    0.00000e+00
       745    0.00000e+00    0.00000e+00    0.00000e+00    0.00000e+00    0.00000e+00    1.00000e-10    1.00000e-10    0.00000e+00    0.00000e+00    0.00000e+00    0.00000e+00
       746    0.00000e+00    0.00000e+00    0.00000e+00    0.00000e+00    0.00000e+00    1.00000e-10    1.00000e-10    0.00000e+00    0.00000e+00    0.00000e+00    0.00000e+00
       747    0.00000e+00    0.00000e+00    0.00000e+00    0.00000e+00    0.00000e+00    1.00000e-10    1.00000e-10    0.00000e+00    0.00000e+00    0.00000e+00    0.00000e+00
       748    0.00000e+00    0.00000e+00    0.00000e+00    0.00000e+00    0.00000e+00    1.00000e-10    1.00000e-10    0.00000e+00    0.00000e+00    0.00000e+00    0.00000e+00
       749    0.00000e+00    0.00000e+00    0.00000e+00    0.00000e+00    0.00000e+00    1.00000e-10    1.00000e-10    0.00000e+00    0.00000e+00    0.00000e+00    0.00000e+00
       750    0.00000e+00    0.00000e+00    0.00000e+00    0.00000e+00    0.00000e+00    1.00000e-10    1.00000e-10    0.00000e+00    0.00000e+00    0.00000e+00    0.00000e+00
       751    0.00000e+00    0.00000e+00    0.00000e+00    0.00000e+00    0.00000e+00    1.00000e-10    1.00000e-10    0.00000e+00    0.00000e+00    0.00000e+00    0.00000e+00
       752    0.00000e+00    0.00000e+00    0.00000e+00    0.00000e+00    0.00000e+00    1.00000e-10    1.00000e-10    0.00000e+00    0.00000e+00    0.00000e+00    0.00000e+00
       753    0.00000e+00    0.00000e+00    0.00000e+00    0.00000e+00    0.00000e+00    1.00000e-10    1.00000e-10    0.00000e+00    0.00000e+00    0.00000e+00    0.00000e+00
       754    0.00000e+00    0.00000e+00    0.00000e+00    0.00000e+00    0.00000e+00    1.00000e-10    1.00000e-10    0.00000e+00    0.00000e+00    0.00000e+00    0.00000e+00
       755    0.00000e+00    0.00000e+00    0.00000e+00    0.00000e+00    0.00000e+00    1.00000e-10    1.00000e-10    0.00000e+00    0.00000e+00    0.00000e+00    0.00000e+00
       756    0.00000e+00    0.00000e+00    0.00000e+00    0.00000e+00    0.00000e+00    1.00000e-10    1.00000e-10    0.00000e+00    0.00000e+00    0.00000e+00    0.00000e+00
       757    0.00000e+00    0.00000e+00    0.00000e+00    0.00000e+00    0.00000e+00    1.00000e-10    1.00000e-10    0.00000e+00    0.00000e+00    0.00000e+00    0.00000e+00
       758    0.00000e+00    0.00000e+00    0.00000e+00    0.00000e+00    0.00000e+00    1.00000e-10    1.00000e-10    0.00000e+00    0.00000e+00    0.00000e+00    0.00000e+00
       759    0.00000e+00    0.00000e+00    0.00000e+00    0.00000e+00    0.00000e+00    1.00000e-10    1.00000e-10    0.00000e+00    0.00000e+00    0.00000e+00    0.00000e+00
       760    0.00000e+00    0.00000e+00    0.00000e+00    0.00000e+00    0.00000e+00    1.00000e-10    1.00000e-10    0.00000e+00    0.00000e+00    0.00000e+00    0.00000e+00
       761    0.00000e+00    0.00000e+00    0.00000e+00    0.00000e+00    0.00000e+00    1.00000e-10    1.00000e-10    0.00000e+00    0.00000e+00    0.00000e+00    0.00000e+00
       762    0.00000e+00    0.00000e+00    0.00000e+00    0.00000e+00    0.00000e+00    1.00000e-10    1.00000e-10    0.00000e+00    0.00000e+00    0.00000e+00    0.00000e+00
       763    0.00000e+00    0.00000e+00    0.00000e+00    0.00000e+00    0.00000e+00    1.00000e-10    1.00000e-10    0.00000e+00    0.00000e+00    0.00000e+00    0.00000e+00
       764    0.00000e+00    0.00000e+00    0.00000e+00    0.00000e+00    0.00000e+00    1.00000e-10    1.00000e-10    0.00000e+00    0.00000e+00    0.00000e+00    0.00000e+00
       765    0.00000e+00    0.00000e+00    0.00000e+00    0.00000e+00    0.00000e+00    1.00000e-10    1.00000e-10    0.00000e+00    0.00000e+00    0.00000e+00    0.00000e+00
       766    0.00000e+00    0.00000e+00    0.00000e+00    0.00000e+00    0.00000e+00    1.00000e-10    1.00000e-10    0.00000e+00    0.00000e+00    0.00000e+00    0.00000e+00
       767    0.00000e+00    0.00000e+00    0.00000e+00    0.00000e+00    0.00000e+00    1.00000e-10    1.00000e-10    0.00000e+00    0.00000e+00    0.00000e+00    0.00000e+00
       768    0.00000e+00    0.00000e+00    0.00000e+00    0.00000e+00    0.00000e+00    1.00000e-10    1.00000e-10    0.00000e+00    0.00000e+00    0.00000e+00    0.00000e+00
       769    0.00000e+00    0.00000e+00    0.00000e+00    0.00000e+00    0.00000e+00    1.00000e-10    1.00000e-10    0.00000e+00    0.00000e+00    0.00000e+00    0.00000e+00
       770    0.00000e+00    0.00000e+00    0.00000e+00    0.00000e+00    0.00000e+00    1.00000e-10    1.00000e-10    0.00000e+00    0.00000e+00    0.00000e+00    0.00000e+00
       771    0.00000e+00    0.00000e+00    0.00000e+00    0.00000e+00    0.00000e+00    1.00000e-10    1.00000e-10    0.00000e+00    0.00000e+00    0.00000e+00    0.00000e+00
       772    0.00000e+00    0.00000e+00    0.00000e+00    0.00000e+00    0.00000e+00    1.00000e-10    1.00000e-10    0.00000e+00    0.00000e+00    0.00000e+00    0.00000e+00
       773    0.00000e+00    0.00000e+00    0.00000e+00    0.00000e+00    0.00000e+00    1.00000e-10    1.00000e-10    0.00000e+00    0.00000e+00    0.00000e+00    0.00000e+00
       774    0.00000e+00    0.00000e+00    0.00000e+00    0.00000e+00    0.00000e+00    1.00000e-10    1.00000e-10    0.00000e+00    0.00000e+00    0.00000e+00    0.00000e+00
       775    0.00000e+00    0.00000e+00    0.00000e+00    0.00000e+00    0.00000e+00    1.00000e-10    1.00000e-10    0.00000e+00    0.00000e+00    0.00000e+00    0.00000e+00
       776    0.00000e+00    0.00000e+00    0.00000e+00    0.00000e+00    0.00000e+00    1.00000e-10    1.00000e-10    0.00000e+00    0.00000e+00    0.00000e+00    0.00000e+00
       777    0.00000e+00    0.00000e+00    0.00000e+00    0.00000e+00    0.00000e+00    1.00000e-10    1.00000e-10    0.00000e+00    0.00000e+00    0.00000e+00    0.00000e+00
       778    0.00000e+00    0.00000e+00    0.00000e+00    0.00000e+00    0.00000e+00    1.00000e-10    1.00000e-10    0.00000e+00    0.00000e+00    0.00000e+00    0.00000e+00
       779    0.00000e+00    0.00000e+00    0.00000e+00    0.00000e+00    0.00000e+00    1.00000e-10    1.00000e-10    0.00000e+00    0.00000e+00    0.00000e+00    0.00000e+00
       780    0.00000e+00    0.00000e+00    0.00000e+00    0.00000e+00    0.00000e+00    1.00000e-10    1.00000e-10    0.00000e+00    0.00000e+00    0.00000e+00    0.00000e+00
       781    0.00000e+00    0.00000e+00    0.00000e+00    0.00000e+00    0.00000e+00    1.00000e-10    1.00000e-10    0.00000e+00    0.00000e+00    0.00000e+00    0.00000e+00
       782    0.00000e+00    0.00000e+00    0.00000e+00    0.00000e+00    0.00000e+00    1.00000e-10    1.00000e-10    0.00000e+00    0.00000e+00    0.00000e+00    0.00000e+00
       783    0.00000e+00    0.00000e+00    0.00000e+00    0.00000e+00    0.00000e+00    1.00000e-10    1.00000e-10    0.00000e+00    0.00000e+00    0.00000e+00    0.00000e+00
       784    0.00000e+00    0.00000e+00    0.00000e+00    0.00000e+00    0.00000e+00    1.00000e-10    1.00000e-10    0.00000e+00    0.00000e+00    0.00000e+00    0.00000e+00
       785    0.00000e+00    0.00000e+00    0.00000e+00    0.00000e+00    0.00000e+00    1.00000e-10    1.00000e-10    0.00000e+00    0.00000e+00    0.00000e+00    0.00000e+00
       786    0.00000e+00    0.00000e+00    0.00000e+00    0.00000e+00    0.00000e+00    1.00000e-10    1.00000e-10    0.00000e+00    0.00000e+00    0.00000e+00    0.00000e+00
       787    0.00000e+00    0.00000e+00    0.00000e+00    0.00000e+00    0.00000e+00    1.00000e-10    1.00000e-10    0.00000e+00    0.00000e+00    0.00000e+00    0.00000e+00
       788    0.00000e+00    0.00000e+00    0.00000e+00    0.00000e+00    0.00000e+00    1.00000e-10    1.00000e-10    0.00000e+00    0.00000e+00    0.00000e+00    0.00000e+00
       789    0.00000e+00    0.00000e+00    0.00000e+00    0.00000e+00    0.00000e+00    1.00000e-10    1.00000e-10    0.00000e+00    0.00000e+00    0.00000e+00    0.00000e+00
       790    0.00000e+00    0.00000e+00    0.00000e+00    0.00000e+00    0.00000e+00    1.00000e-10    1.00000e-10    0.00000e+00    0.00000e+00    0.00000e+00    0.00000e+00
       791    0.00000e+00    0.00000e+00    0.00000e+00    0.00000e+00    0.00000e+00    1.00000e-10    1.00000e-10    0.00000e+00    0.00000e+00    0.00000e+00    0.00000e+00
       792    0.00000e+00    0.00000e+00    0.00000e+00    0.00000e+00    0.00000e+00    1.00000e-10    1.00000e-10    0.00000e+00    0.00000e+00    0.00000e+00    0.00000e+00
       793    0.00000e+00    0.00000e+00    0.00000e+00    0.00000e+00    0.00000e+00    1.00000e-10    1.00000e-10    0.00000e+00    0.00000e+00    0.00000e+00    0.00000e+00
       794    0.00000e+00    0.00000e+00    0.00000e+00    0.00000e+00    0.00000e+00    1.00000e-10    1.00000e-10    0.00000e+00    0.00000e+00    0.00000e+00    0.00000e+00
       795    0.00000e+00    0.00000e+00    0.00000e+00    0.00000e+00    0.00000e+00    1.00000e-10    1.00000e-10    0.00000e+00    0.00000e+00    0.00000e+00    0.00000e+00
       796    0.00000e+00    0.00000e+00    0.00000e+00    0.00000e+00    0.00000e+00    1.00000e-10    1.00000e-10    0.00000e+00    0.00000e+00    0.00000e+00    0.00000e+00
       797    0.00000e+00    0.00000e+00    0.00000e+00    0.00000e+00    0.00000e+00    1.00000e-10    1.00000e-10    0.00000e+00    0.00000e+00    0.00000e+00    0.00000e+00
       798    0.00000e+00    0.00000e+00    0.00000e+00    0.00000e+00    0.00000e+00    1.00000e-10    1.00000e-10    0.00000e+00    0.00000e+00    0.00000e+00    0.00000e+00
       799    0.00000e+00    0.00000e+00    0.00000e+00    0.00000e+00    0.00000e+00    1.00000e-10    1.00000e-10    0.00000e+00    0.00000e+00    0.00000e+00    0.00000e+00
       800    0.00000e+00    0.00000e+00    0.00000e+00    0.00000e+00    0.00000e+00    1.00000e-10    1.00000e-10    0.00000e+00    0.00000e+00    0.00000e+00    0.00000e+00
       801    0.00000e+00    0.00000e+00    0.00000e+00    0.00000e+00    0.00000e+00    1.00000e-10    1.00000e-10    0.00000e+00    0.00000e+00    0.00000e+00    0.00000e+00
       802    0.00000e+00    0.00000e+00    0.00000e+00    0.00000e+00    0.00000e+00    1.00000e-10    1.00000e-10    0.00000e+00    0.00000e+00    0.00000e+00    0.00000e+00
       803    0.00000e+00    0.00000e+00    0.00000e+00    0.00000e+00    0.00000e+00    1.00000e-10    1.00000e-10    0.00000e+00    0.00000e+00    0.00000e+00    0.00000e+00
       804    0.00000e+00    0.00000e+00    0.00000e+00    0.00000e+00    0.00000e+00    1.00000e-10    1.00000e-10    0.00000e+00    0.00000e+00    0.00000e+00    0.00000e+00
       805    0.00000e+00    0.00000e+00    0.00000e+00    0.00000e+00    0.00000e+00    1.00000e-10    1.00000e-10    0.00000e+00    0.00000e+00    0.00000e+00    0.00000e+00
       806    0.00000e+00    0.00000e+00    0.00000e+00    0.00000e+00    0.00000e+00    1.00000e-10    1.00000e-10    0.00000e+00    0.00000e+00    0.00000e+00    0.00000e+00
       807    0.00000e+00    0.00000e+00    0.00000e+00    0.00000e+00    0.00000e+00    1.00000e-10    1.00000e-10    0.00000e+00    0.00000e+00    0.00000e+00    0.00000e+00
       808    0.00000e+00    0.00000e+00    0.00000e+00    0.00000e+00    0.00000e+00    1.00000e-10    1.00000e-10    0.00000e+00    0.00000e+00    0.00000e+00    0.00000e+00
       809    0.00000e+00    0.00000e+00    0.00000e+00    0.00000e+00    0.00000e+00    1.00000e-10    1.00000e-10    0.00000e+00    0.00000e+00    0.00000e+00    0.00000e+00
       810    0.00000e+00    0.00000e+00    0.00000e+00    0.00000e+00    0.00000e+00    1.00000e-10    1.00000e-10    0.00000e+00    0.00000e+00    0.00000e+00    0.00000e+00
       811    0.00000e+00    0.00000e+00    0.00000e+00    0.00000e+00    0.00000e+00    1.00000e-10    1.00000e-10    0.00000e+00    0.00000e+00    0.00000e+00    0.00000e+00
       812    0.00000e+00    0.00000e+00    0.00000e+00    0.00000e+00    0.00000e+00    1.00000e-10    1.00000e-10    0.00000e+00    0.00000e+00    0.00000e+00    0.00000e+00
       813    0.00000e+00    0.00000e+00    0.00000e+00    0.00000e+00    0.00000e+00    1.00000e-10    1.00000e-10    0.00000e+00    0.00000e+00    0.00000e+00    0.00000e+00
       814    0.00000e+00    0.00000e+00    0.00000e+00    0.00000e+00    0.00000e+00    1.00000e-10    1.00000e-10    0.00000e+00    0.00000e+00    0.00000e+00    0.00000e+00
       815    0.00000e+00    0.00000e+00    0.00000e+00    0.00000e+00    0.00000e+00    1.00000e-10    1.00000e-10    0.00000e+00    0.00000e+00    0.00000e+00    0.00000e+00
       816    0.00000e+00    0.00000e+00    0.00000e+00    0.00000e+00    0.00000e+00    1.00000e-10    1.00000e-10    0.00000e+00    0.00000e+00    0.00000e+00    0.00000e+00
       817    0.00000e+00    0.00000e+00    0.00000e+00    0.00000e+00    0.00000e+00    1.00000e-10    1.00000e-10    0.00000e+00    0.00000e+00    0.00000e+00    0.00000e+00
       818    0.00000e+00    0.00000e+00    0.00000e+00    0.00000e+00    0.00000e+00    1.00000e-10    1.00000e-10    0.00000e+00    0.00000e+00    0.00000e+00    0.00000e+00
       819    0.00000e+00    0.00000e+00    0.00000e+00    0.00000e+00    0.00000e+00    1.00000e-10    1.00000e-10    0.00000e+00    0.00000e+00    0.00000e+00    0.00000e+00
       820    0.00000e+00    0.00000e+00    0.00000e+00    0.00000e+00    0.00000e+00    1.00000e-10    1.00000e-10    0.00000e+00    0.00000e+00    0.00000e+00    0.00000e+00
       821    0.00000e+00    0.00000e+00    0.00000e+00    0.00000e+00    0.00000e+00    1.00000e-10    1.00000e-10    0.00000e+00    0.00000e+00    0.00000e+00    0.00000e+00
       822    0.00000e+00    0.00000e+00    0.00000e+00    0.00000e+00    0.00000e+00    1.00000e-10    1.00000e-10    0.00000e+00    0.00000e+00    0.00000e+00    0.00000e+00
       823    0.00000e+00    0.00000e+00    0.00000e+00    0.00000e+00    0.00000e+00    1.00000e-10    1.00000e-10    0.00000e+00    0.00000e+00    0.00000e+00    0.00000e+00
       824    0.00000e+00    0.00000e+00    0.00000e+00    0.00000e+00    0.00000e+00    1.00000e-10    1.00000e-10    0.00000e+00    0.00000e+00    0.00000e+00    0.00000e+00
       825    0.00000e+00    0.00000e+00    0.00000e+00    0.00000e+00    0.00000e+00    1.00000e-10    1.00000e-10    0.00000e+00    0.00000e+00    0.00000e+00    0.00000e+00
       826    0.00000e+00    0.00000e+00    0.00000e+00    0.00000e+00    0.00000e+00    1.00000e-10    1.00000e-10    0.00000e+00    0.00000e+00    0.00000e+00    0.00000e+00
       827    0.00000e+00    0.00000e+00    0.00000e+00    0.00000e+00    0.00000e+00    1.00000e-10    1.00000e-10    0.00000e+00    0.00000e+00    0.00000e+00    0.00000e+00
       828    0.00000e+00    0.00000e+00    0.00000e+00    0.00000e+00    0.00000e+00    1.00000e-10    1.00000e-10    0.00000e+00    0.00000e+00    0.00000e+00    0.00000e+00
       829    0.00000e+00    0.00000e+00    0.00000e+00    0.00000e+00    0.00000e+00    1.00000e-10    1.00000e-10    0.00000e+00    0.00000e+00    0.00000e+00    0.00000e+00
       830    0.00000e+00    0.00000e+00    0.00000e+00    0.00000e+00    0.00000e+00    1.00000e-10    1.00000e-10    0.00000e+00    0.00000e+00    0.00000e+00    0.00000e+00
       831    0.00000e+00    0.00000e+00    0.00000e+00    0.00000e+00    0.00000e+00    1.00000e-10    1.00000e-10    0.00000e+00    0.00000e+00    0.00000e+00    0.00000e+00
       832    0.00000e+00    0.00000e+00    0.00000e+00    0.00000e+00    0.00000e+00    1.00000e-10    1.00000e-10    0.00000e+00    0.00000e+00    0.00000e+00    0.00000e+00
       833    0.00000e+00    0.00000e+00    0.00000e+00    0.00000e+00    0.00000e+00    1.00000e-10    1.00000e-10    0.00000e+00    0.00000e+00    0.00000e+00    0.00000e+00
       834    0.00000e+00    0.00000e+00    0.00000e+00    0.00000e+00    0.00000e+00    1.00000e-10    1.00000e-10    0.00000e+00    0.00000e+00    0.00000e+00    0.00000e+00
       835    0.00000e+00    0.00000e+00    0.00000e+00    0.00000e+00    0.00000e+00    1.00000e-10    1.00000e-10    0.00000e+00    0.00000e+00    0.00000e+00    0.00000e+00
       836    0.00000e+00    0.00000e+00    0.00000e+00    0.00000e+00    0.00000e+00    1.00000e-10    1.00000e-10    0.00000e+00    0.00000e+00    0.00000e+00    0.00000e+00
       837    0.00000e+00    0.00000e+00    0.00000e+00    0.00000e+00    0.00000e+00    1.00000e-10    1.00000e-10    0.00000e+00    0.00000e+00    0.00000e+00    0.00000e+00
       838    0.00000e+00    0.00000e+00    0.00000e+00    0.00000e+00    0.00000e+00    1.00000e-10    1.00000e-10    0.00000e+00    0.00000e+00    0.00000e+00    0.00000e+00
       839    0.00000e+00    0.00000e+00    0.00000e+00    0.00000e+00    0.00000e+00    1.00000e-10    1.00000e-10    0.00000e+00    0.00000e+00    0.00000e+00    0.00000e+00
       840    0.00000e+00    0.00000e+00    0.00000e+00    0.00000e+00    0.00000e+00    1.00000e-10    1.00000e-10    0.00000e+00    0.00000e+00    0.00000e+00    0.00000e+00
       841    0.00000e+00    0.00000e+00    0.00000e+00    0.00000e+00    0.00000e+00    1.00000e-10    1.00000e-10    0.00000e+00    0.00000e+00    0.00000e+00    0.00000e+00
       842    0.00000e+00    0.00000e+00    0.00000e+00    0.00000e+00    0.00000e+00    1.00000e-10    1.00000e-10    0.00000e+00    0.00000e+00    0.00000e+00    0.00000e+00
       843    0.00000e+00    0.00000e+00    0.00000e+00    0.00000e+00    0.00000e+00    1.00000e-10    1.00000e-10    0.00000e+00    0.00000e+00    0.00000e+00    0.00000e+00
       844    0.00000e+00    0.00000e+00    0.00000e+00    0.00000e+00    0.00000e+00    1.00000e-10    1.00000e-10    0.00000e+00    0.00000e+00    0.00000e+00    0.00000e+00
       845    0.00000e+00    0.00000e+00    0.00000e+00    0.00000e+00    0.00000e+00    1.00000e-10    1.00000e-10    0.00000e+00    0.00000e+00    0.00000e+00    0.00000e+00
       846    0.00000e+00    0.00000e+00    0.00000e+00    0.00000e+00    0.00000e+00    1.00000e-10    1.00000e-10    0.00000e+00    0.00000e+00    0.00000e+00    0.00000e+00
       847    0.00000e+00    0.00000e+00    0.00000e+00    0.00000e+00    0.00000e+00    1.00000e-10    1.00000e-10    0.00000e+00    0.00000e+00    0.00000e+00    0.00000e+00
       848    0.00000e+00    0.00000e+00    0.00000e+00    0.00000e+00    0.00000e+00    1.00000e-10    1.00000e-10    0.00000e+00    0.00000e+00    0.00000e+00    0.00000e+00
       849    0.00000e+00    0.00000e+00    0.00000e+00    0.00000e+00    0.00000e+00    1.00000e-10    1.00000e-10    0.00000e+00    0.00000e+00    0.00000e+00    0.00000e+00
       850    0.00000e+00    0.00000e+00    0.00000e+00    0.00000e+00    0.00000e+00    1.00000e-10    1.00000e-10    0.00000e+00    0.00000e+00    0.00000e+00    0.00000e+00
       851    0.00000e+00    0.00000e+00    0.00000e+00    0.00000e+00    0.00000e+00    1.00000e-10    1.00000e-10    0.00000e+00    0.00000e+00    0.00000e+00    0.00000e+00
       852    0.00000e+00    0.00000e+00    0.00000e+00    0.00000e+00    0.00000e+00    1.00000e-10    1.00000e-10    0.00000e+00    0.00000e+00    0.00000e+00    0.00000e+00
       853    0.00000e+00    0.00000e+00    0.00000e+00    0.00000e+00    0.00000e+00    1.00000e-10    1.00000e-10    0.00000e+00    0.00000e+00    0.00000e+00    0.00000e+00
       854    0.00000e+00    0.00000e+00    0.00000e+00    0.00000e+00    0.00000e+00    1.00000e-10    1.00000e-10    0.00000e+00    0.00000e+00    0.00000e+00    0.00000e+00
       855    0.00000e+00    0.00000e+00    0.00000e+00    0.00000e+00    0.00000e+00    1.00000e-10    1.00000e-10    0.00000e+00    0.00000e+00    0.00000e+00    0.00000e+00
       856    0.00000e+00    0.00000e+00    0.00000e+00    0.00000e+00    0.00000e+00    1.00000e-10    1.00000e-10    0.00000e+00    0.00000e+00    0.00000e+00    0.00000e+00
       857    0.00000e+00    0.00000e+00    0.00000e+00    0.00000e+00    0.00000e+00    1.00000e-10    1.00000e-10    0.00000e+00    0.00000e+00    0.00000e+00    0.00000e+00
       858    0.00000e+00    0.00000e+00    0.00000e+00    0.00000e+00    0.00000e+00    1.00000e-10    1.00000e-10    0.00000e+00    0.00000e+00    0.00000e+00    0.00000e+00
       859    0.00000e+00    0.00000e+00    0.00000e+00    0.00000e+00    0.00000e+00    1.00000e-10    1.00000e-10    0.00000e+00    0.00000e+00    0.00000e+00    0.00000e+00
       860    0.00000e+00    0.00000e+00    0.00000e+00    0.00000e+00    0.00000e+00    1.00000e-10    1.00000e-10    0.00000e+00    0.00000e+00    0.00000e+00    0.00000e+00
       861    0.00000e+00    0.00000e+00    0.00000e+00    0.00000e+00    0.00000e+00    1.00000e-10    1.00000e-10    0.00000e+00    0.00000e+00    0.00000e+00    0.00000e+00
       862    0.00000e+00    0.00000e+00    0.00000e+00    0.00000e+00    0.00000e+00    1.00000e-10    1.00000e-10    0.00000e+00    0.00000e+00    0.00000e+00    0.00000e+00
       863    0.00000e+00    0.00000e+00    0.00000e+00    0.00000e+00    0.00000e+00    1.00000e-10    1.00000e-10    0.00000e+00    0.00000e+00    0.00000e+00    0.00000e+00
       864    0.00000e+00    0.00000e+00    0.00000e+00    0.00000e+00    0.00000e+00    1.00000e-10    1.00000e-10    0.00000e+00    0.00000e+00    0.00000e+00    0.00000e+00
       865    0.00000e+00    0.00000e+00    0.00000e+00    0.00000e+00    0.00000e+00    1.00000e-10    1.00000e-10    0.00000e+00    0.00000e+00    0.00000e+00    0.00000e+00
       866    0.00000e+00    0.00000e+00    0.00000e+00    0.00000e+00    0.00000e+00    1.00000e-10    1.00000e-10    0.00000e+00    0.00000e+00    0.00000e+00    0.00000e+00
       867    0.00000e+00    0.00000e+00    0.00000e+00    0.00000e+00    0.00000e+00    1.00000e-10    1.00000e-10    0.00000e+00    0.00000e+00    0.00000e+00    0.00000e+00
       868    0.00000e+00    0.00000e+00    0.00000e+00    0.00000e+00    0.00000e+00    1.00000e-10    1.00000e-10    0.00000e+00    0.00000e+00    0.00000e+00    0.00000e+00
       869    0.00000e+00    0.00000e+00    0.00000e+00    0.00000e+00    0.00000e+00    1.00000e-10    1.00000e-10    0.00000e+00    0.00000e+00    0.00000e+00    0.00000e+00
       870    0.00000e+00    0.00000e+00    0.00000e+00    0.00000e+00    0.00000e+00    1.00000e-10    1.00000e-10    0.00000e+00    0.00000e+00    0.00000e+00    0.00000e+00
       871    0.00000e+00    0.00000e+00    0.00000e+00    0.00000e+00    0.00000e+00    1.00000e-10    1.00000e-10    0.00000e+00    0.00000e+00    0.00000e+00    0.00000e+00
       872    0.00000e+00    0.00000e+00    0.00000e+00    0.00000e+00    0.00000e+00    1.00000e-10    1.00000e-10    0.00000e+00    0.00000e+00    0.00000e+00    0.00000e+00
       873    0.00000e+00    0.00000e+00    0.00000e+00    0.00000e+00    0.00000e+00    1.00000e-10    1.00000e-10    0.00000e+00    0.00000e+00    0.00000e+00    0.00000e+00
       874    0.00000e+00    0.00000e+00    0.00000e+00    0.00000e+00    0.00000e+00    1.00000e-10    1.00000e-10    0.00000e+00    0.00000e+00    0.00000e+00    0.00000e+00
       875    0.00000e+00    0.00000e+00    0.00000e+00    0.00000e+00    0.00000e+00    1.00000e-10    1.00000e-10    0.00000e+00    0.00000e+00    0.00000e+00    0.00000e+00
       876    0.00000e+00    0.00000e+00    0.00000e+00    0.00000e+00    0.00000e+00    1.00000e-10    1.00000e-10    0.00000e+00    0.00000e+00    0.00000e+00    0.00000e+00
       877    0.00000e+00    0.00000e+00    0.00000e+00    0.00000e+00    0.00000e+00    1.00000e-10    1.00000e-10    0.00000e+00    0.00000e+00    0.00000e+00    0.00000e+00
       878    0.00000e+00    0.00000e+00    0.00000e+00    0.00000e+00    0.00000e+00    1.00000e-10    1.00000e-10    0.00000e+00    0.00000e+00    0.00000e+00    0.00000e+00
       879    0.00000e+00    0.00000e+00    0.00000e+00    0.00000e+00    0.00000e+00    1.00000e-10    1.00000e-10    0.00000e+00    0.00000e+00    0.00000e+00    0.00000e+00
       880    0.00000e+00    0.00000e+00    0.00000e+00    0.00000e+00    0.00000e+00    1.00000e-10    1.00000e-10    0.00000e+00    0.00000e+00    0.00000e+00    0.00000e+00
       881    0.00000e+00    0.00000e+00    0.00000e+00    0.00000e+00    0.00000e+00    1.00000e-10    1.00000e-10    0.00000e+00    0.00000e+00    0.00000e+00    0.00000e+00
       882    0.00000e+00    0.00000e+00    0.00000e+00    0.00000e+00    0.00000e+00    1.00000e-10    1.00000e-10    0.00000e+00    0.00000e+00    0.00000e+00    0.00000e+00
       883    0.00000e+00    0.00000e+00    0.00000e+00    0.00000e+00    0.00000e+00    1.00000e-10    1.00000e-10    0.00000e+00    0.00000e+00    0.00000e+00    0.00000e+00
       884    0.00000e+00    0.00000e+00    0.00000e+00    0.00000e+00    0.00000e+00    1.00000e-10    1.00000e-10    0.00000e+00    0.00000e+00    0.00000e+00    0.00000e+00
       885    0.00000e+00    0.00000e+00    0.00000e+00    0.00000e+00    0.00000e+00    1.00000e-10    1.00000e-10    0.00000e+00    0.00000e+00    0.00000e+00    0.00000e+00
       886    0.00000e+00    0.00000e+00    0.00000e+00    0.00000e+00    0.00000e+00    1.00000e-10    1.00000e-10    0.00000e+00    0.00000e+00    0.00000e+00    0.00000e+00
       887    0.00000e+00    0.00000e+00    0.00000e+00    0.00000e+00    0.00000e+00    1.00000e-10    1.00000e-10    0.00000e+00    0.00000e+00    0.00000e+00    0.00000e+00
       888    0.00000e+00    0.00000e+00    0.00000e+00    0.00000e+00    0.00000e+00    1.00000e-10    1.00000e-10    0.00000e+00    0.00000e+00    0.00000e+00    0.00000e+00
       889    0.00000e+00    0.00000e+00    0.00000e+00    0.00000e+00    0.00000e+00    1.00000e-10    1.00000e-10    0.00000e+00    0.00000e+00    0.00000e+00    0.00000e+00
       890    0.00000e+00    0.00000e+00    0.00000e+00    0.00000e+00    0.00000e+00    1.00000e-10    1.00000e-10    0.00000e+00    0.00000e+00    0.00000e+00    0.00000e+00
       891    0.00000e+00    0.00000e+00    0.00000e+00    0.00000e+00    0.00000e+00    1.00000e-10    1.00000e-10    0.00000e+00    0.00000e+00    0.00000e+00    0.00000e+00
       892    0.00000e+00    0.00000e+00    0.00000e+00    0.00000e+00    0.00000e+00    1.00000e-10    1.00000e-10    0.00000e+00    0.00000e+00    0.00000e+00    0.00000e+00
       893    0.00000e+00    0.00000e+00    0.00000e+00    0.00000e+00    0.00000e+00    1.00000e-10    1.00000e-10    0.00000e+00    0.00000e+00    0.00000e+00    0.00000e+00
       894    0.00000e+00    0.00000e+00    0.00000e+00    0.00000e+00    0.00000e+00    1.00000e-10    1.00000e-10    0.00000e+00    0.00000e+00    0.00000e+00    0.00000e+00
       895    0.00000e+00    0.00000e+00    0.00000e+00    0.00000e+00    0.00000e+00    1.00000e-10    1.00000e-10    0.00000e+00    0.00000e+00    0.00000e+00    0.00000e+00
       896    0.00000e+00    0.00000e+00    0.00000e+00    0.00000e+00    0.00000e+00    1.00000e-10    1.00000e-10    0.00000e+00    0.00000e+00    0.00000e+00    0.00000e+00
       897    0.00000e+00    0.00000e+00    0.00000e+00    0.00000e+00    0.00000e+00    1.00000e-10    1.00000e-10    0.00000e+00    0.00000e+00    0.00000e+00    0.00000e+00
       898    0.00000e+00    0.00000e+00    0.00000e+00    0.00000e+00    0.00000e+00    1.00000e-10    1.00000e-10    0.00000e+00    0.00000e+00    0.00000e+00    0.00000e+00
       899    0.00000e+00    0.00000e+00    0.00000e+00    0.00000e+00    0.00000e+00    1.00000e-10    1.00000e-10    0.00000e+00    0.00000e+00    0.00000e+00    0.00000e+00
       900    0.00000e+00    0.00000e+00    0.00000e+00    0.00000e+00    0.00000e+00    1.00000e-10    1.00000e-10    0.00000e+00    0.00000e+00    0.00000e+00    0.00000e+00
       901    0.00000e+00    0.00000e+00    0.00000e+00    0.00000e+00    0.00000e+00    1.00000e-10    1.00000e-10    0.00000e+00    0.00000e+00    0.00000e+00    0.00000e+00
       902    0.00000e+00    0.00000e+00    0.00000e+00    0.00000e+00    0.00000e+00    1.00000e-10    1.00000e-10    0.00000e+00    0.00000e+00    0.00000e+00    0.00000e+00
       903    0.00000e+00    0.00000e+00    0.00000e+00    0.00000e+00    0.00000e+00    1.00000e-10    1.00000e-10    0.00000e+00    0.00000e+00    0.00000e+00    0.00000e+00
       904    0.00000e+00    0.00000e+00    0.00000e+00    0.00000e+00    0.00000e+00    1.00000e-10    1.00000e-10    0.00000e+00    0.00000e+00    0.00000e+00    0.00000e+00
       905    0.00000e+00    0.00000e+00    0.00000e+00    0.00000e+00    0.00000e+00    1.00000e-10    1.00000e-10    0.00000e+00    0.00000e+00    0.00000e+00    0.00000e+00
       906    0.00000e+00    0.00000e+00    0.00000e+00    0.00000e+00    0.00000e+00    1.00000e-10    1.00000e-10    0.00000e+00    0.00000e+00    0.00000e+00    0.00000e+00
       907    0.00000e+00    0.00000e+00    0.00000e+00    0.00000e+00    0.00000e+00    1.00000e-10    1.00000e-10    0.00000e+00    0.00000e+00    0.00000e+00    0.00000e+00
       908    0.00000e+00    0.00000e+00    0.00000e+00    0.00000e+00    0.00000e+00    1.00000e-10    1.00000e-10    0.00000e+00    0.00000e+00    0.00000e+00    0.00000e+00
       909    0.00000e+00    0.00000e+00    0.00000e+00    0.00000e+00    0.00000e+00    1.00000e-10    1.00000e-10    0.00000e+00    0.00000e+00    0.00000e+00    0.00000e+00
       910    0.00000e+00    0.00000e+00    0.00000e+00    0.00000e+00    0.00000e+00    1.00000e-10    1.00000e-10    0.00000e+00    0.00000e+00    0.00000e+00    0.00000e+00
       911    0.00000e+00    0.00000e+00    0.00000e+00    0.00000e+00    0.00000e+00    1.00000e-10    1.00000e-10    0.00000e+00    0.00000e+00    0.00000e+00    0.00000e+00
       912    0.00000e+00    0.00000e+00    0.00000e+00    0.00000e+00    0.00000e+00    1.00000e-10    1.00000e-10    0.00000e+00    0.00000e+00    0.00000e+00    0.00000e+00
       913    0.00000e+00    0.00000e+00    0.00000e+00    0.00000e+00    0.00000e+00    1.00000e-10    1.00000e-10    0.00000e+00    0.00000e+00    0.00000e+00    0.00000e+00
       914    0.00000e+00    0.00000e+00    0.00000e+00    0.00000e+00    0.00000e+00    1.00000e-10    1.00000e-10    0.00000e+00    0.00000e+00    0.00000e+00    0.00000e+00
       915    0.00000e+00    0.00000e+00    0.00000e+00    0.00000e+00    0.00000e+00    1.00000e-10    1.00000e-10    0.00000e+00    0.00000e+00    0.00000e+00    0.00000e+00
       916    0.00000e+00    0.00000e+00    0.00000e+00    0.00000e+00    0.00000e+00    1.00000e-10    1.00000e-10    0.00000e+00    0.00000e+00    0.00000e+00    0.00000e+00
       917    0.00000e+00    0.00000e+00    0.00000e+00    0.00000e+00    0.00000e+00    1.00000e-10    1.00000e-10    0.00000e+00    0.00000e+00    0.00000e+00    0.00000e+00
       918    0.00000e+00    0.00000e+00    0.00000e+00    0.00000e+00    0.00000e+00    1.00000e-10    1.00000e-10    0.00000e+00    0.00000e+00    0.00000e+00    0.00000e+00
       919    0.00000e+00    0.00000e+00    0.00000e+00    0.00000e+00    0.00000e+00    1.00000e-10    1.00000e-10    0.00000e+00    0.00000e+00    0.00000e+00    0.00000e+00
       920    0.00000e+00    0.00000e+00    0.00000e+00    0.00000e+00    0.00000e+00    1.00000e-10    1.00000e-10    0.00000e+00    0.00000e+00    0.00000e+00    0.00000e+00
       921    0.00000e+00    0.00000e+00    0.00000e+00    0.00000e+00    0.00000e+00    1.00000e-10    1.00000e-10    0.00000e+00    0.00000e+00    0.00000e+00    0.00000e+00
       922    0.00000e+00    0.00000e+00    0.00000e+00    0.00000e+00    0.00000e+00    1.00000e-10    1.00000e-10    0.00000e+00    0.00000e+00    0.00000e+00    0.00000e+00
       923    0.00000e+00    0.00000e+00    0.00000e+00    0.00000e+00    0.00000e+00    1.00000e-10    1.00000e-10    0.00000e+00    0.00000e+00    0.00000e+00    0.00000e+00
       924    0.00000e+00    0.00000e+00    0.00000e+00    0.00000e+00    0.00000e+00    1.00000e-10    1.00000e-10    0.00000e+00    0.00000e+00    0.00000e+00    0.00000e+00
       925    0.00000e+00    0.00000e+00    0.00000e+00    0.00000e+00    0.00000e+00    1.00000e-10    1.00000e-10    0.00000e+00    0.00000e+00    0.00000e+00    0.00000e+00
       926    0.00000e+00    0.00000e+00    0.00000e+00    0.00000e+00    0.00000e+00    1.00000e-10    1.00000e-10    0.00000e+00    0.00000e+00    0.00000e+00    0.00000e+00
       927    0.00000e+00    0.00000e+00    0.00000e+00    0.00000e+00    0.00000e+00    1.00000e-10    1.00000e-10    0.00000e+00    0.00000e+00    0.00000e+00    0.00000e+00
       928    0.00000e+00    0.00000e+00    0.00000e+00    0.00000e+00    0.00000e+00    1.00000e-10    1.00000e-10    0.00000e+00    0.00000e+00    0.00000e+00    0.00000e+00
       929    0.00000e+00    0.00000e+00    0.00000e+00    0.00000e+00    0.00000e+00    1.00000e-10    1.00000e-10    0.00000e+00    0.00000e+00    0.00000e+00    0.00000e+00
       930    0.00000e+00    0.00000e+00    0.00000e+00    0.00000e+00    0.00000e+00    1.00000e-10    1.00000e-10    0.00000e+00    0.00000e+00    0.00000e+00    0.00000e+00
       931    0.00000e+00    0.00000e+00    0.00000e+00    0.00000e+00    0.00000e+00    1.00000e-10    1.00000e-10    0.00000e+00    0.00000e+00    0.00000e+00    0.00000e+00
       932    0.00000e+00    0.00000e+00    0.00000e+00    0.00000e+00    0.00000e+00    1.00000e-10    1.00000e-10    0.00000e+00    0.00000e+00    0.00000e+00    0.00000e+00
       933    0.00000e+00    0.00000e+00    0.00000e+00    0.00000e+00    0.00000e+00    1.00000e-10    1.00000e-10    0.00000e+00    0.00000e+00    0.00000e+00    0.00000e+00
       934    0.00000e+00    0.00000e+00    0.00000e+00    0.00000e+00    0.00000e+00    1.00000e-10    1.00000e-10    0.00000e+00    0.00000e+00    0.00000e+00    0.00000e+00
       935    0.00000e+00    0.00000e+00    0.00000e+00    0.00000e+00    0.00000e+00    1.00000e-10    1.00000e-10    0.00000e+00    0.00000e+00    0.00000e+00    0.00000e+00
       936    0.00000e+00    0.00000e+00    0.00000e+00    0.00000e+00    0.00000e+00    1.00000e-10    1.00000e-10    0.00000e+00    0.00000e+00    0.00000e+00    0.00000e+00
       937    0.00000e+00    0.00000e+00    0.00000e+00    0.00000e+00    0.00000e+00    1.00000e-10    1.00000e-10    0.00000e+00    0.00000e+00    0.00000e+00    0.00000e+00
       938    0.00000e+00    0.00000e+00    0.00000e+00    0.00000e+00    0.00000e+00    1.00000e-10    1.00000e-10    0.00000e+00    0.00000e+00    0.00000e+00    0.00000e+00
       939    0.00000e+00    0.00000e+00    0.00000e+00    0.00000e+00    0.00000e+00    1.00000e-10    1.00000e-10    0.00000e+00    0.00000e+00    0.00000e+00    0.00000e+00
       940    0.00000e+00    0.00000e+00    0.00000e+00    0.00000e+00    0.00000e+00    1.00000e-10    1.00000e-10    0.00000e+00    0.00000e+00    0.00000e+00    0.00000e+00
       941    0.00000e+00    0.00000e+00    0.00000e+00    0.00000e+00    0.00000e+00    1.00000e-10    1.00000e-10    0.00000e+00    0.00000e+00    0.00000e+00    0.00000e+00
       942    0.00000e+00    0.00000e+00    0.00000e+00    0.00000e+00    0.00000e+00    1.00000e-10    1.00000e-10    0.00000e+00    0.00000e+00    0.00000e+00    0.00000e+00
       943    0.00000e+00    0.00000e+00    0.00000e+00    0.00000e+00    0.00000e+00    1.00000e-10    1.00000e-10    0.00000e+00    0.00000e+00    0.00000e+00    0.00000e+00
       944    0.00000e+00    0.00000e+00    0.00000e+00    0.00000e+00    0.00000e+00    1.00000e-10    1.00000e-10    0.00000e+00    0.00000e+00    0.00000e+00    0.00000e+00
       945    0.00000e+00    0.00000e+00    0.00000e+00    0.00000e+00    0.00000e+00    1.00000e-10    1.00000e-10    0.00000e+00    0.00000e+00    0.00000e+00    0.00000e+00
       946    0.00000e+00    0.00000e+00    0.00000e+00    0.00000e+00    0.00000e+00    1.00000e-10    1.00000e-10    0.00000e+00    0.00000e+00    0.00000e+00    0.00000e+00
       947    0.00000e+00    0.00000e+00    0.00000e+00    0.00000e+00    0.00000e+00    1.00000e-10    1.00000e-10    0.00000e+00    0.00000e+00    0.00000e+00    0.00000e+00
       948    0.00000e+00    0.00000e+00    0.00000e+00    0.00000e+00    0.00000e+00    1.00000e-10    1.00000e-10    0.00000e+00    0.00000e+00    0.00000e+00    0.00000e+00
       949    0.00000e+00    0.00000e+00    0.00000e+00    0.00000e+00    0.00000e+00    1.00000e-10    1.00000e-10    0.00000e+00    0.00000e+00    0.00000e+00    0.00000e+00
       950    0.00000e+00    0.00000e+00    0.00000e+00    0.00000e+00    0.00000e+00    1.00000e-10    1.00000e-10    0.00000e+00    0.00000e+00    0.00000e+00    0.00000e+00
       951    0.00000e+00    0.00000e+00    0.00000e+00    0.00000e+00    0.00000e+00    1.00000e-10    1.00000e-10    0.00000e+00    0.00000e+00    0.00000e+00    0.00000e+00
       952    0.00000e+00    0.00000e+00    0.00000e+00    0.00000e+00    0.00000e+00    1.00000e-10    1.00000e-10    0.00000e+00    0.00000e+00    0.00000e+00    0.00000e+00
       953    0.00000e+00    0.00000e+00    0.00000e+00    0.00000e+00    0.00000e+00    1.00000e-10    1.00000e-10    0.00000e+00    0.00000e+00    0.00000e+00    0.00000e+00
       954    0.00000e+00    0.00000e+00    0.00000e+00    0.00000e+00    0.00000e+00    1.00000e-10    1.00000e-10    0.00000e+00    0.00000e+00    0.00000e+00    0.00000e+00
       955    0.00000e+00    0.00000e+00    0.00000e+00    0.00000e+00    0.00000e+00    1.00000e-10    1.00000e-10    0.00000e+00    0.00000e+00    0.00000e+00    0.00000e+00
       956    0.00000e+00    0.00000e+00    0.00000e+00    0.00000e+00    0.00000e+00    1.00000e-10    1.00000e-10    0.00000e+00    0.00000e+00    0.00000e+00    0.00000e+00
       957    0.00000e+00    0.00000e+00    0.00000e+00    0.00000e+00    0.00000e+00    1.00000e-10    1.00000e-10    0.00000e+00    0.00000e+00    0.00000e+00    0.00000e+00
       958    0.00000e+00    0.00000e+00    0.00000e+00    0.00000e+00    0.00000e+00    1.00000e-10    1.00000e-10    0.00000e+00    0.00000e+00    0.00000e+00    0.00000e+00
       959    0.00000e+00    0.00000e+00    0.00000e+00    0.00000e+00    0.00000e+00    1.00000e-10    1.00000e-10    0.00000e+00    0.00000e+00    0.00000e+00    0.00000e+00
       960    0.00000e+00    0.00000e+00    0.00000e+00    0.00000e+00    0.00000e+00    1.00000e-10    1.00000e-10    0.00000e+00    0.00000e+00    0.00000e+00    0.00000e+00
       961    0.00000e+00    0.00000e+00    0.00000e+00    0.00000e+00    0.00000e+00    1.00000e-10    1.00000e-10    0.00000e+00    0.00000e+00    0.00000e+00    0.00000e+00
       962    0.00000e+00    0.00000e+00    0.00000e+00    0.00000e+00    0.00000e+00    1.00000e-10    1.00000e-10    0.00000e+00    0.00000e+00    0.00000e+00    0.00000e+00
       963    0.00000e+00    0.00000e+00    0.00000e+00    0.00000e+00    0.00000e+00    1.00000e-10    1.00000e-10    0.00000e+00    0.00000e+00    0.00000e+00    0.00000e+00
       964    0.00000e+00    0.00000e+00    0.00000e+00    0.00000e+00    0.00000e+00    1.00000e-10    1.00000e-10    0.00000e+00    0.00000e+00    0.00000e+00    0.00000e+00
       965    0.00000e+00    0.00000e+00    0.00000e+00    0.00000e+00    0.00000e+00    1.00000e-10    1.00000e-10    0.00000e+00    0.00000e+00    0.00000e+00    0.00000e+00
       966    0.00000e+00    0.00000e+00    0.00000e+00    0.00000e+00    0.00000e+00    1.00000e-10    1.00000e-10    0.00000e+00    0.00000e+00    0.00000e+00    0.00000e+00
       967    0.00000e+00    0.00000e+00    0.00000e+00    0.00000e+00    0.00000e+00    1.00000e-10    1.00000e-10    0.00000e+00    0.00000e+00    0.00000e+00    0.00000e+00
       968    0.00000e+00    0.00000e+00    0.00000e+00    0.00000e+00    0.00000e+00    1.00000e-10    1.00000e-10    0.00000e+00    0.00000e+00    0.00000e+00    0.00000e+00
       969    0.00000e+00    0.00000e+00    0.00000e+00    0.00000e+00    0.00000e+00    1.00000e-10    1.00000e-10    0.00000e+00    0.00000e+00    0.00000e+00    0.00000e+00
       970    0.00000e+00    0.00000e+00    0.00000e+00    0.00000e+00    0.00000e+00    1.00000e-10    1.00000e-10    0.00000e+00    0.00000e+00    0.00000e+00    0.00000e+00
       971    0.00000e+00    0.00000e+00    0.00000e+00    0.00000e+00    0.00000e+00    1.00000e-10    1.00000e-10    0.00000e+00    0.00000e+00    0.00000e+00    0.00000e+00
       972    0.00000e+00    0.00000e+00    0.00000e+00    0.00000e+00    0.00000e+00    1.00000e-10    1.00000e-10    0.00000e+00    0.00000e+00    0.00000e+00    0.00000e+00
       973    0.00000e+00    0.00000e+00    0.00000e+00    0.00000e+00    0.00000e+00    1.00000e-10    1.00000e-10    0.00000e+00    0.00000e+00    0.00000e+00    0.00000e+00
       974    0.00000e+00    0.00000e+00    0.00000e+00    0.00000e+00    0.00000e+00    1.00000e-10    1.00000e-10    0.00000e+00    0.00000e+00    0.00000e+00    0.00000e+00
       975    0.00000e+00    0.00000e+00    0.00000e+00    0.00000e+00    0.00000e+00    1.00000e-10    1.00000e-10    0.00000e+00    0.00000e+00    0.00000e+00    0.00000e+00
       976    0.00000e+00    0.00000e+00    0.00000e+00    0.00000e+00    0.00000e+00    1.00000e-10    1.00000e-10    0.00000e+00    0.00000e+00    0.00000e+00    0.00000e+00
       977    0.00000e+00    0.00000e+00    0.00000e+00    0.00000e+00    0.00000e+00    1.00000e-10    1.00000e-10    0.00000e+00    0.00000e+00    0.00000e+00    0.00000e+00
       978    0.00000e+00    0.00000e+00    0.00000e+00    0.00000e+00    0.00000e+00    1.00000e-10    1.00000e-10    0.00000e+00    0.00000e+00    0.00000e+00    0.00000e+00
       979    0.00000e+00    0.00000e+00    0.00000e+00    0.00000e+00    0.00000e+00    1.00000e-10    1.00000e-10    0.00000e+00    0.00000e+00    0.00000e+00    0.00000e+00
       980    0.00000e+00    0.00000e+00    0.00000e+00    0.00000e+00    0.00000e+00    1.00000e-10    1.00000e-10    0.00000e+00    0.00000e+00    0.00000e+00    0.00000e+00
       981    0.00000e+00    0.00000e+00    0.00000e+00    0.00000e+00    0.00000e+00    1.00000e-10    1.00000e-10    0.00000e+00    0.00000e+00    0.00000e+00    0.00000e+00
       982    0.00000e+00    0.00000e+00    0.00000e+00    0.00000e+00    0.00000e+00    1.00000e-10    1.00000e-10    0.00000e+00    0.00000e+00    0.00000e+00    0.00000e+00
       983    0.00000e+00    0.00000e+00    0.00000e+00    0.00000e+00    0.00000e+00    1.00000e-10    1.00000e-10    0.00000e+00    0.00000e+00    0.00000e+00    0.00000e+00
       984    0.00000e+00    0.00000e+00    0.00000e+00    0.00000e+00    0.00000e+00    1.00000e-10    1.00000e-10    0.00000e+00    0.00000e+00    0.00000e+00    0.00000e+00
       985    0.00000e+00    0.00000e+00    0.00000e+00    0.00000e+00    0.00000e+00    1.00000e-10    1.00000e-10    0.00000e+00    0.00000e+00    0.00000e+00    0.00000e+00
       986    0.00000e+00    0.00000e+00    0.00000e+00    0.00000e+00    0.00000e+00    1.00000e-10    1.00000e-10    0.00000e+00    0.00000e+00    0.00000e+00    0.00000e+00
       987    0.00000e+00    0.00000e+00    0.00000e+00    0.00000e+00    0.00000e+00    1.00000e-10    1.00000e-10    0.00000e+00    0.00000e+00    0.00000e+00    0.00000e+00
       988    0.00000e+00    0.00000e+00    0.00000e+00    0.00000e+00    0.00000e+00    1.00000e-10    1.00000e-10    0.00000e+00    0.00000e+00    0.00000e+00    0.00000e+00
       989    0.00000e+00    0.00000e+00    0.00000e+00    0.00000e+00    0.00000e+00    1.00000e-10    1.00000e-10    0.00000e+00    0.00000e+00    0.00000e+00    0.00000e+00
       990    0.00000e+00    0.00000e+00    0.00000e+00    0.00000e+00    0.00000e+00    1.00000e-10    1.00000e-10    0.00000e+00    0.00000e+00    0.00000e+00    0.00000e+00
       991    0.00000e+00    0.00000e+00    0.00000e+00    0.00000e+00    0.00000e+00    1.00000e-10    1.00000e-10    0.00000e+00    0.00000e+00    0.00000e+00    0.00000e+00
       992    0.00000e+00    0.00000e+00    0.00000e+00    0.00000e+00    0.00000e+00    1.00000e-10    1.00000e-10    0.00000e+00    0.00000e+00    0.00000e+00    0.00000e+00
       993    0.00000e+00    0.00000e+00    0.00000e+00    0.00000e+00    0.00000e+00    1.00000e-10    1.00000e-10    0.00000e+00    0.00000e+00    0.00000e+00    0.00000e+00
       994    0.00000e+00    0.00000e+00    0.00000e+00    0.00000e+00    0.00000e+00    1.00000e-10    1.00000e-10    0.00000e+00    0.00000e+00    0.00000e+00    0.00000e+00
       995    0.00000e+00    0.00000e+00    0.00000e+00    0.00000e+00    0.00000e+00    1.00000e-10    1.00000e-10    0.00000e+00    0.00000e+00    0.00000e+00    0.00000e+00
       996    0.00000e+00    0.00000e+00    0.00000e+00    0.00000e+00    0.00000e+00    1.00000e-10    1.00000e-10    0.00000e+00    0.00000e+00    0.00000e+00    0.00000e+00
       997    0.00000e+00    0.00000e+00    0.00000e+00    0.00000e+00    0.00000e+00    1.00000e-10    1.00000e-10    0.00000e+00    0.00000e+00    0.00000e+00    0.00000e+00
       998    0.00000e+00    0.00000e+00    0.00000e+00    0.00000e+00    0.00000e+00    1.00000e-10    1.00000e-10    0.00000e+00    0.00000e+00    0.00000e+00    0.00000e+00
       999    0.00000e+00    0.00000e+00    0.00000e+00    0.00000e+00    0.00000e+00    1.00000e-10    1.00000e-10    0.00000e+00    0.00000e+00    0.00000e+00    0.00000e+00
      1000    0.00000e+00    0.00000e+00    0.00000e+00    0.00000e+00    0.00000e+00    1.00000e-10    1.00000e-10    0.00000e+00    0.00000e+00    0.00000e+00    0.00000e+00
      1001    0.00000e+00    0.00000e+00    0.00000e+00    0.00000e+00    0.00000e+00    1.00000e-10    1.00000e-10    0.00000e+00    0.00000e+00    0.00000e+00    0.00000e+00
      1002    0.00000e+00    0.00000e+00    0.00000e+00    0.00000e+00    0.00000e+00    1.00000e-10    1.00000e-10    0.00000e+00    0.00000e+00    0.00000e+00    0.00000e+00
      1003    0.00000e+00    0.00000e+00    0.00000e+00    0.00000e+00    0.00000e+00    1.00000e-10    1.00000e-10    0.00000e+00    0.00000e+00    0.00000e+00    0.00000e+00
      1004    0.00000e+00    0.00000e+00    0.00000e+00    0.00000e+00    0.00000e+00    1.00000e-10    1.00000e-10    0.00000e+00    0.00000e+00    0.00000e+00    0.00000e+00
      1005    0.00000e+00    0.00000e+00    0.00000e+00    0.00000e+00    0.00000e+00    1.00000e-10    1.00000e-10    0.00000e+00    0.00000e+00    0.00000e+00    0.00000e+00
      1006    0.00000e+00    0.00000e+00    0.00000e+00    0.00000e+00    0.00000e+00    1.00000e-10    1.00000e-10    0.00000e+00    0.00000e+00    0.00000e+00    0.00000e+00
      1007    0.00000e+00    0.00000e+00    0.00000e+00    0.00000e+00    0.00000e+00    1.00000e-10    1.00000e-10    0.00000e+00    0.00000e+00    0.00000e+00    0.00000e+00
      1008    0.00000e+00    0.00000e+00    0.00000e+00    0.00000e+00    0.00000e+00    1.00000e-10    1.00000e-10    0.00000e+00    0.00000e+00    0.00000e+00    0.00000e+00
      1009    0.00000e+00    0.00000e+00    0.00000e+00    0.00000e+00    0.00000e+00    1.00000e-10    1.00000e-10    0.00000e+00    0.00000e+00    0.00000e+00    0.00000e+00
      1010    0.00000e+00    0.00000e+00    0.00000e+00    0.00000e+00    0.00000e+00    1.00000e-10    1.00000e-10    0.00000e+00    0.00000e+00    0.00000e+00    0.00000e+00
      1011    0.00000e+00    0.00000e+00    0.00000e+00    0.00000e+00    0.00000e+00    1.00000e-10    1.00000e-10    0.00000e+00    0.00000e+00    0.00000e+00    0.00000e+00
      1012    0.00000e+00    0.00000e+00    0.00000e+00    0.00000e+00    0.00000e+00    1.00000e-10    1.00000e-10    0.00000e+00    0.00000e+00    0.00000e+00    0.00000e+00
      1013    0.00000e+00    0.00000e+00    0.00000e+00    0.00000e+00    0.00000e+00    1.00000e-10    1.00000e-10    0.00000e+00    0.00000e+00    0.00000e+00    0.00000e+00
      1014    0.00000e+00    0.00000e+00    0.00000e+00    0.00000e+00    0.00000e+00    1.00000e-10    1.00000e-10    0.00000e+00    0.00000e+00    0.00000e+00    0.00000e+00
      1015    0.00000e+00    0.00000e+00    0.00000e+00    0.00000e+00    0.00000e+00    1.00000e-10    1.00000e-10    0.00000e+00    0.00000e+00    0.00000e+00    0.00000e+00
      1016    0.00000e+00    0.00000e+00    0.00000e+00    0.00000e+00    0.00000e+00    1.00000e-10    1.00000e-10    0.00000e+00    0.00000e+00    0.00000e+00    0.00000e+00
      1017    0.00000e+00    0.00000e+00    0.00000e+00    0.00000e+00    0.00000e+00    1.00000e-10    1.00000e-10    0.00000e+00    0.00000e+00    0.00000e+00    0.00000e+00
      1018    0.00000e+00    0.00000e+00    0.00000e+00    0.00000e+00    0.00000e+00    1.00000e-10    1.00000e-10    0.00000e+00    0.00000e+00    0.00000e+00    0.00000e+00
      1019    0.00000e+00    0.00000e+00    0.00000e+00    0.00000e+00    0.00000e+00    1.00000e-10    1.00000e-10    0.00000e+00    0.00000e+00    0.00000e+00    0.00000e+00
      1020    0.00000e+00    0.00000e+00    0.00000e+00    0.00000e+00    0.00000e+00    1.00000e-10    1.00000e-10    0.00000e+00    0.00000e+00    0.00000e+00    0.00000e+00
      1021    0.00000e+00    0.00000e+00    0.00000e+00    0.00000e+00    0.00000e+00    1.00000e-10    1.00000e-10    0.00000e+00    0.00000e+00    0.00000e+00    0.00000e+00
      1022    0.00000e+00    0.00000e+00    0.00000e+00    0.00000e+00    0.00000e+00    1.00000e-10    1.00000e-10    0.00000e+00    0.00000e+00    0.00000e+00    0.00000e+00
      1023    0.00000e+00    0.00000e+00    0.00000e+00    0.00000e+00    0.00000e+00    1.00000e-10    1.00000e-10    0.00000e+00    0.00000e+00    0.00000e+00    0.00000e+00
      1024    0.00000e+00    0.00000e+00    0.00000e+00    0.00000e+00    0.00000e+00    1.00000e-10    1.00000e-10    0.00000e+00    0.00000e+00    0.00000e+00    0.00000e+00
      1025    0.00000e+00    0.00000e+00    0.00000e+00    0.00000e+00    0.00000e+00    1.00000e-10    1.00000e-10    0.00000e+00    0.00000e+00    0.00000e+00    0.00000e+00
      1026    0.00000e+00    0.00000e+00    0.00000e+00    0.00000e+00    0.00000e+00    1.00000e-10    1.00000e-10    0.00000e+00    0.00000e+00    0.00000e+00    0.00000e+00
      1027    0.00000e+00    0.00000e+00    0.00000e+00    0.00000e+00    0.00000e+00    1.00000e-10    1.00000e-10    0.00000e+00    0.00000e+00    0.00000e+00    0.00000e+00
      1028    0.00000e+00    0.00000e+00    0.00000e+00    0.00000e+00    0.00000e+00    1.00000e-10    1.00000e-10    0.00000e+00    0.00000e+00    0.00000e+00    0.00000e+00
      1029    0.00000e+00    0.00000e+00    0.00000e+00    0.00000e+00    0.00000e+00    1.00000e-10    1.00000e-10    0.00000e+00    0.00000e+00    0.00000e+00    0.00000e+00
      1030    0.00000e+00    0.00000e+00    0.00000e+00    0.00000e+00    0.00000e+00    1.00000e-10    1.00000e-10    0.00000e+00    0.00000e+00    0.00000e+00    0.00000e+00
      1031    0.00000e+00    0.00000e+00    0.00000e+00    0.00000e+00    0.00000e+00    1.00000e-10    1.00000e-10    0.00000e+00    0.00000e+00    0.00000e+00    0.00000e+00
      1032    0.00000e+00    0.00000e+00    0.00000e+00    0.00000e+00    0.00000e+00    1.00000e-10    1.00000e-10    0.00000e+00    0.00000e+00    0.00000e+00    0.00000e+00
      1033    0.00000e+00    0.00000e+00    0.00000e+00    0.00000e+00    0.00000e+00    1.00000e-10    1.00000e-10    0.00000e+00    0.00000e+00    0.00000e+00    0.00000e+00
      1034    0.00000e+00    0.00000e+00    0.00000e+00    0.00000e+00    0.00000e+00    1.00000e-10    1.00000e-10    0.00000e+00    0.00000e+00    0.00000e+00    0.00000e+00
      1035    0.00000e+00    0.00000e+00    0.00000e+00    0.00000e+00    0.00000e+00    1.00000e-10    1.00000e-10    0.00000e+00    0.00000e+00    0.00000e+00    0.00000e+00
      1036    0.00000e+00    0.00000e+00    0.00000e+00    0.00000e+00    0.00000e+00    1.00000e-10    1.00000e-10    0.00000e+00    0.00000e+00    0.00000e+00    0.00000e+00
      1037    0.00000e+00    0.00000e+00    0.00000e+00    0.00000e+00    0.00000e+00    1.00000e-10    1.00000e-10    0.00000e+00    0.00000e+00    0.00000e+00    0.00000e+00
      1038    0.00000e+00    0.00000e+00    0.00000e+00    0.00000e+00    0.00000e+00    1.00000e-10    1.00000e-10    0.00000e+00    0.00000e+00    0.00000e+00    0.00000e+00
      1039    0.00000e+00    0.00000e+00    0.00000e+00    0.00000e+00    0.00000e+00    1.00000e-10    1.00000e-10    0.00000e+00    0.00000e+00    0.00000e+00    0.00000e+00
      1040    0.00000e+00    0.00000e+00    0.00000e+00    0.00000e+00    0.00000e+00    1.00000e-10    1.00000e-10    0.00000e+00    0.00000e+00    0.00000e+00    0.00000e+00
      1041    0.00000e+00    0.00000e+00    0.00000e+00    0.00000e+00    0.00000e+00    1.00000e-10    1.00000e-10    0.00000e+00    0.00000e+00    0.00000e+00    0.00000e+00
      1042    0.00000e+00    0.00000e+00    0.00000e+00    0.00000e+00    0.00000e+00    1.00000e-10    1.00000e-10    0.00000e+00    0.00000e+00    0.00000e+00    0.00000e+00
      1043    0.00000e+00    0.00000e+00    0.00000e+00    0.00000e+00    0.00000e+00    1.00000e-10    1.00000e-10    0.00000e+00    0.00000e+00    0.00000e+00    0.00000e+00
      1044    0.00000e+00    0.00000e+00    0.00000e+00    0.00000e+00    0.00000e+00    1.00000e-10    1.00000e-10    0.00000e+00    0.00000e+00    0.00000e+00    0.00000e+00
      1045    0.00000e+00    0.00000e+00    0.00000e+00    0.00000e+00    0.00000e+00    1.00000e-10    1.00000e-10    0.00000e+00    0.00000e+00    0.00000e+00    0.00000e+00
      1046    0.00000e+00    0.00000e+00    0.00000e+00    0.00000e+00    0.00000e+00    1.00000e-10    1.00000e-10    0.00000e+00    0.00000e+00    0.00000e+00    0.00000e+00
      1047    0.00000e+00    0.00000e+00    0.00000e+00    0.00000e+00    0.00000e+00    1.00000e-10    1.00000e-10    0.00000e+00    0.00000e+00    0.00000e+00    0.00000e+00
      1048    0.00000e+00    0.00000e+00    0.00000e+00    0.00000e+00    0.00000e+00    1.00000e-10    1.00000e-10    0.00000e+00    0.00000e+00    0.00000e+00    0.00000e+00
      1049    0.00000e+00    0.00000e+00    0.00000e+00    0.00000e+00    0.00000e+00    1.00000e-10    1.00000e-10    0.00000e+00    0.00000e+00    0.00000e+00    0.00000e+00
      1050    0.00000e+00    0.00000e+00    0.00000e+00    0.00000e+00    0.00000e+00    1.00000e-10    1.00000e-10    0.00000e+00    0.00000e+00    0.00000e+00    0.00000e+00
      1051    0.00000e+00    0.00000e+00    0.00000e+00    0.00000e+00    0.00000e+00    1.00000e-10    1.00000e-10    0.00000e+00    0.00000e+00    0.00000e+00    0.00000e+00
      1052    0.00000e+00    0.00000e+00    0.00000e+00    0.00000e+00    0.00000e+00    1.00000e-10    1.00000e-10    0.00000e+00    0.00000e+00    0.00000e+00    0.00000e+00
      1053    0.00000e+00    0.00000e+00    0.00000e+00    0.00000e+00    0.00000e+00    1.00000e-10    1.00000e-10    0.00000e+00    0.00000e+00    0.00000e+00    0.00000e+00
      1054    0.00000e+00    0.00000e+00    0.00000e+00    0.00000e+00    0.00000e+00    1.00000e-10    1.00000e-10    0.00000e+00    0.00000e+00    0.00000e+00    0.00000e+00
      1055    0.00000e+00    0.00000e+00    0.00000e+00    0.00000e+00    0.00000e+00    1.00000e-10    1.00000e-10    0.00000e+00    0.00000e+00    0.00000e+00    0.00000e+00
      1056    0.00000e+00    0.00000e+00    0.00000e+00    0.00000e+00    0.00000e+00    1.00000e-10    1.00000e-10    0.00000e+00    0.00000e+00    0.00000e+00    0.00000e+00
      1057    0.00000e+00    0.00000e+00    0.00000e+00    0.00000e+00    0.00000e+00    1.00000e-10    1.00000e-10    0.00000e+00    0.00000e+00    0.00000e+00    0.00000e+00
      1058    0.00000e+00    0.00000e+00    0.00000e+00    0.00000e+00    0.00000e+00    1.00000e-10    1.00000e-10    0.00000e+00    0.00000e+00    0.00000e+00    0.00000e+00
      1059    0.00000e+00    0.00000e+00    0.00000e+00    0.00000e+00    0.00000e+00    1.00000e-10    1.00000e-10    0.00000e+00    0.00000e+00    0.00000e+00    0.00000e+00
      1060    0.00000e+00    0.00000e+00    0.00000e+00    0.00000e+00    0.00000e+00    1.00000e-10    1.00000e-10    0.00000e+00    0.00000e+00    0.00000e+00    0.00000e+00
      1061    0.00000e+00    0.00000e+00    0.00000e+00    0.00000e+00    0.00000e+00    1.00000e-10    1.00000e-10    0.00000e+00    0.00000e+00    0.00000e+00    0.00000e+00
      1062    0.00000e+00    0.00000e+00    0.00000e+00    0.00000e+00    0.00000e+00    1.00000e-10    1.00000e-10    0.00000e+00    0.00000e+00    0.00000e+00    0.00000e+00
      1063    0.00000e+00    0.00000e+00    0.00000e+00    0.00000e+00    0.00000e+00    1.00000e-10    1.00000e-10    0.00000e+00    0.00000e+00    0.00000e+00    0.00000e+00
      1064    0.00000e+00    0.00000e+00    0.00000e+00    0.00000e+00    0.00000e+00    1.00000e-10    1.00000e-10    0.00000e+00    0.00000e+00    0.00000e+00    0.00000e+00
      1065    0.00000e+00    0.00000e+00    0.00000e+00    0.00000e+00    0.00000e+00    1.00000e-10    1.00000e-10    0.00000e+00    0.00000e+00    0.00000e+00    0.00000e+00
      1066    0.00000e+00    0.00000e+00    0.00000e+00    0.00000e+00    0.00000e+00    1.00000e-10    1.00000e-10    0.00000e+00    0.00000e+00    0.00000e+00    0.00000e+00
      1067    0.00000e+00    0.00000e+00    0.00000e+00    0.00000e+00    0.00000e+00    1.00000e-10    1.00000e-10    0.00000e+00    0.00000e+00    0.00000e+00    0.00000e+00
      1068    0.00000e+00    0.00000e+00    0.00000e+00    0.00000e+00    0.00000e+00    1.00000e-10    1.00000e-10    0.00000e+00    0.00000e+00    0.00000e+00    0.00000e+00
      1069    0.00000e+00    0.00000e+00    0.00000e+00    0.00000e+00    0.00000e+00    1.00000e-10    1.00000e-10    0.00000e+00    0.00000e+00    0.00000e+00    0.00000e+00
      1070    0.00000e+00    0.00000e+00    0.00000e+00    0.00000e+00    0.00000e+00    1.00000e-10    1.00000e-10    0.00000e+00    0.00000e+00    0.00000e+00    0.00000e+00
      1071    0.00000e+00    0.00000e+00    0.00000e+00    0.00000e+00    0.00000e+00    1.00000e-10    1.00000e-10    0.00000e+00    0.00000e+00    0.00000e+00    0.00000e+00
      1072    0.00000e+00    0.00000e+00    0.00000e+00    0.00000e+00    0.00000e+00    1.00000e-10    1.00000e-10    0.00000e+00    0.00000e+00    0.00000e+00    0.00000e+00
      1073    0.00000e+00    0.00000e+00    0.00000e+00    0.00000e+00    0.00000e+00    1.00000e-10    1.00000e-10    0.00000e+00    0.00000e+00    0.00000e+00    0.00000e+00
      1074    0.00000e+00    0.00000e+00    0.00000e+00    0.00000e+00    0.00000e+00    1.00000e-10    1.00000e-10    0.00000e+00    0.00000e+00    0.00000e+00    0.00000e+00
      1075    0.00000e+00    0.00000e+00    0.00000e+00    0.00000e+00    0.00000e+00    1.00000e-10    1.00000e-10    0.00000e+00    0.00000e+00    0.00000e+00    0.00000e+00
      1076    0.00000e+00    0.00000e+00    0.00000e+00    0.00000e+00    0.00000e+00    1.00000e-10    1.00000e-10    0.00000e+00    0.00000e+00    0.00000e+00    0.00000e+00
      1077    0.00000e+00    0.00000e+00    0.00000e+00    0.00000e+00    0.00000e+00    1.00000e-10    1.00000e-10    0.00000e+00    0.00000e+00    0.00000e+00    0.00000e+00
      1078    0.00000e+00    0.00000e+00    0.00000e+00    0.00000e+00    0.00000e+00    1.00000e-10    1.00000e-10    0.00000e+00    0.00000e+00    0.00000e+00    0.00000e+00
      1079    0.00000e+00    0.00000e+00    0.00000e+00    0.00000e+00    0.00000e+00    1.00000e-10    1.00000e-10    0.00000e+00    0.00000e+00    0.00000e+00    0.00000e+00
      1080    0.00000e+00    0.00000e+00    0.00000e+00    0.00000e+00    0.00000e+00    1.00000e-10    1.00000e-10    0.00000e+00    0.00000e+00    0.00000e+00    0.00000e+00
      1081    0.00000e+00    0.00000e+00    0.00000e+00    0.00000e+00    0.00000e+00    1.00000e-10    1.00000e-10    0.00000e+00    0.00000e+00    0.00000e+00    0.00000e+00
      1082    0.00000e+00    0.00000e+00    0.00000e+00    0.00000e+00    0.00000e+00    1.00000e-10    1.00000e-10    0.00000e+00    0.00000e+00    0.00000e+00    0.00000e+00
      1083    0.00000e+00    0.00000e+00    0.00000e+00    0.00000e+00    0.00000e+00    1.00000e-10    1.00000e-10    0.00000e+00    0.00000e+00    0.00000e+00    0.00000e+00
      1084    0.00000e+00    0.00000e+00    0.00000e+00    0.00000e+00    0.00000e+00    1.00000e-10    1.00000e-10    0.00000e+00    0.00000e+00    0.00000e+00    0.00000e+00
      1085    0.00000e+00    0.00000e+00    0.00000e+00    0.00000e+00    0.00000e+00    1.00000e-10    1.00000e-10    0.00000e+00    0.00000e+00    0.00000e+00    0.00000e+00
      1086    0.00000e+00    0.00000e+00    0.00000e+00    0.00000e+00    0.00000e+00    1.00000e-10    1.00000e-10    0.00000e+00    0.00000e+00    0.00000e+00    0.00000e+00
      1087    0.00000e+00    0.00000e+00    0.00000e+00    0.00000e+00    0.00000e+00    1.00000e-10    1.00000e-10    0.00000e+00    0.00000e+00    0.00000e+00    0.00000e+00
      1088    0.00000e+00    0.00000e+00    0.00000e+00    0.00000e+00    0.00000e+00    1.00000e-10    1.00000e-10    0.00000e+00    0.00000e+00    0.00000e+00    0.00000e+00
      1089    0.00000e+00    0.00000e+00    0.00000e+00    0.00000e+00    0.00000e+00    1.00000e-10    1.00000e-10    0.00000e+00    0.00000e+00    0.00000e+00    0.00000e+00
      1090    0.00000e+00    0.00000e+00    0.00000e+00    0.00000e+00    0.00000e+00    1.00000e-10    1.00000e-10    0.00000e+00    0.00000e+00    0.00000e+00    0.00000e+00
      1091    0.00000e+00    0.00000e+00    0.00000e+00    0.00000e+00    0.00000e+00    1.00000e-10    1.00000e-10    0.00000e+00    0.00000e+00    0.00000e+00    0.00000e+00
      1092    0.00000e+00    0.00000e+00    0.00000e+00    0.00000e+00    0.00000e+00    1.00000e-10    1.00000e-10    0.00000e+00    0.00000e+00    0.00000e+00    0.00000e+00
      1093    0.00000e+00    0.00000e+00    0.00000e+00    0.00000e+00    0.00000e+00    1.00000e-10    1.00000e-10    0.00000e+00    0.00000e+00    0.00000e+00    0.00000e+00
      1094    0.00000e+00    0.00000e+00    0.00000e+00    0.00000e+00    0.00000e+00    1.00000e-10    1.00000e-10    0.00000e+00    0.00000e+00    0.00000e+00    0.00000e+00
      1095    0.00000e+00    0.00000e+00    0.00000e+00    0.00000e+00    0.00000e+00    1.00000e-10    1.00000e-10    0.00000e+00    0.00000e+00    0.00000e+00    0.00000e+00
      1096    0.00000e+00    0.00000e+00    0.00000e+00    0.00000e+00    0.00000e+00    1.00000e-10    1.00000e-10    0.00000e+00    0.00000e+00    0.00000e+00    0.00000e+00
      1097    0.00000e+00    0.00000e+00    0.00000e+00    0.00000e+00    0.00000e+00    1.00000e-10    1.00000e-10    0.00000e+00    0.00000e+00    0.00000e+00    0.00000e+00
      1098    0.00000e+00    0.00000e+00    0.00000e+00    0.00000e+00    0.00000e+00    1.00000e-10    1.00000e-10    0.00000e+00    0.00000e+00    0.00000e+00    0.00000e+00
      1099    0.00000e+00    0.00000e+00    0.00000e+00    0.00000e+00    0.00000e+00    1.00000e-10    1.00000e-10    0.00000e+00    0.00000e+00    0.00000e+00    0.00000e+00
      1100    0.00000e+00    0.00000e+00    0.00000e+00    0.00000e+00    0.00000e+00    1.00000e-10    1.00000e-10    0.00000e+00    0.00000e+00    0.00000e+00    0.00000e+00
      1101    0.00000e+00    0.00000e+00    0.00000e+00    0.00000e+00    0.00000e+00    1.00000e-10    1.00000e-10    0.00000e+00    0.00000e+00    0.00000e+00    0.00000e+00
      1102    0.00000e+00    0.00000e+00    0.00000e+00    0.00000e+00    0.00000e+00    1.00000e-10    1.00000e-10    0.00000e+00    0.00000e+00    0.00000e+00    0.00000e+00
      1103    0.00000e+00    0.00000e+00    0.00000e+00    0.00000e+00    0.00000e+00    1.00000e-10    1.00000e-10    0.00000e+00    0.00000e+00    0.00000e+00    0.00000e+00
      1104    0.00000e+00    0.00000e+00    0.00000e+00    0.00000e+00    0.00000e+00    1.00000e-10    1.00000e-10    0.00000e+00    0.00000e+00    0.00000e+00    0.00000e+00
      1105    0.00000e+00    0.00000e+00    0.00000e+00    0.00000e+00    0.00000e+00    1.00000e-10    1.00000e-10    0.00000e+00    0.00000e+00    0.00000e+00    0.00000e+00
      1106    0.00000e+00    0.00000e+00    0.00000e+00    0.00000e+00    0.00000e+00    1.00000e-10    1.00000e-10    0.00000e+00    0.00000e+00    0.00000e+00    0.00000e+00
      1107    0.00000e+00    0.00000e+00    0.00000e+00    0.00000e+00    0.00000e+00    1.00000e-10    1.00000e-10    0.00000e+00    0.00000e+00    0.00000e+00    0.00000e+00
      1108    0.00000e+00    0.00000e+00    0.00000e+00    0.00000e+00    0.00000e+00    1.00000e-10    1.00000e-10    0.00000e+00    0.00000e+00    0.00000e+00    0.00000e+00
      1109    0.00000e+00    0.00000e+00    0.00000e+00    0.00000e+00    0.00000e+00    1.00000e-10    1.00000e-10    0.00000e+00    0.00000e+00    0.00000e+00    0.00000e+00
      1110    0.00000e+00    0.00000e+00    0.00000e+00    0.00000e+00    0.00000e+00    1.00000e-10    1.00000e-10    0.00000e+00    0.00000e+00    0.00000e+00    0.00000e+00
      1111    0.00000e+00    0.00000e+00    0.00000e+00    0.00000e+00    0.00000e+00    1.00000e-10    1.00000e-10    0.00000e+00    0.00000e+00    0.00000e+00    0.00000e+00
      1112    0.00000e+00    0.00000e+00    0.00000e+00    0.00000e+00    0.00000e+00    1.00000e-10    1.00000e-10    0.00000e+00    0.00000e+00    0.00000e+00    0.00000e+00
      1113    0.00000e+00    0.00000e+00    0.00000e+00    0.00000e+00    0.00000e+00    1.00000e-10    1.00000e-10    0.00000e+00    0.00000e+00    0.00000e+00    0.00000e+00
      1114    0.00000e+00    0.00000e+00    0.00000e+00    0.00000e+00    0.00000e+00    1.00000e-10    1.00000e-10    0.00000e+00    0.00000e+00    0.00000e+00    0.00000e+00
      1115    0.00000e+00    0.00000e+00    0.00000e+00    0.00000e+00    0.00000e+00    1.00000e-10    1.00000e-10    0.00000e+00    0.00000e+00    0.00000e+00    0.00000e+00
      1116    0.00000e+00    0.00000e+00    0.00000e+00    0.00000e+00    0.00000e+00    1.00000e-10    1.00000e-10    0.00000e+00    0.00000e+00    0.00000e+00    0.00000e+00
      1117    0.00000e+00    0.00000e+00    0.00000e+00    0.00000e+00    0.00000e+00    1.00000e-10    1.00000e-10    0.00000e+00    0.00000e+00    0.00000e+00    0.00000e+00
      1118    0.00000e+00    0.00000e+00    0.00000e+00    0.00000e+00    0.00000e+00    1.00000e-10    1.00000e-10    0.00000e+00    0.00000e+00    0.00000e+00    0.00000e+00
      1119    0.00000e+00    0.00000e+00    0.00000e+00    0.00000e+00    0.00000e+00    1.00000e-10    1.00000e-10    0.00000e+00    0.00000e+00    0.00000e+00    0.00000e+00
      1120    0.00000e+00    0.00000e+00    0.00000e+00    0.00000e+00    0.00000e+00    1.00000e-10    1.00000e-10    0.00000e+00    0.00000e+00    0.00000e+00    0.00000e+00
      1121    0.00000e+00    0.00000e+00    0.00000e+00    0.00000e+00    0.00000e+00    1.00000e-10    1.00000e-10    0.00000e+00    0.00000e+00    0.00000e+00    0.00000e+00
      1122    0.00000e+00    0.00000e+00    0.00000e+00    0.00000e+00    0.00000e+00    1.00000e-10    1.00000e-10    0.00000e+00    0.00000e+00    0.00000e+00    0.00000e+00
      1123    0.00000e+00    0.00000e+00    0.00000e+00    0.00000e+00    0.00000e+00    1.00000e-10    1.00000e-10    0.00000e+00    0.00000e+00    0.00000e+00    0.00000e+00
      1124    0.00000e+00    0.00000e+00    0.00000e+00    0.00000e+00    0.00000e+00    1.00000e-10    1.00000e-10    0.00000e+00    0.00000e+00    0.00000e+00    0.00000e+00
      1125    0.00000e+00    0.00000e+00    0.00000e+00    0.00000e+00    0.00000e+00    1.00000e-10    1.00000e-10    0.00000e+00    0.00000e+00    0.00000e+00    0.00000e+00
      1126    0.00000e+00    0.00000e+00    0.00000e+00    0.00000e+00    0.00000e+00    1.00000e-10    1.00000e-10    0.00000e+00    0.00000e+00    0.00000e+00    0.00000e+00
      1127    0.00000e+00    0.00000e+00    0.00000e+00    0.00000e+00    0.00000e+00    1.00000e-10    1.00000e-10    0.00000e+00    0.00000e+00    0.00000e+00    0.00000e+00
      1128    0.00000e+00    0.00000e+00    0.00000e+00    0.00000e+00    0.00000e+00    1.00000e-10    1.00000e-10    0.00000e+00    0.00000e+00    0.00000e+00    0.00000e+00
      1129    0.00000e+00    0.00000e+00    0.00000e+00    0.00000e+00    0.00000e+00    1.00000e-10    1.00000e-10    0.00000e+00    0.00000e+00    0.00000e+00    0.00000e+00
      1130    0.00000e+00    0.00000e+00    0.00000e+00    0.00000e+00    0.00000e+00    1.00000e-10    1.00000e-10    0.00000e+00    0.00000e+00    0.00000e+00    0.00000e+00
      1131    0.00000e+00    0.00000e+00    0.00000e+00    0.00000e+00    0.00000e+00    1.00000e-10    1.00000e-10    0.00000e+00    0.00000e+00    0.00000e+00    0.00000e+00
      1132    0.00000e+00    0.00000e+00    0.00000e+00    0.00000e+00    0.00000e+00    1.00000e-10    1.00000e-10    0.00000e+00    0.00000e+00    0.00000e+00    0.00000e+00
      1133    0.00000e+00    0.00000e+00    0.00000e+00    0.00000e+00    0.00000e+00    1.00000e-10    1.00000e-10    0.00000e+00    0.00000e+00    0.00000e+00    0.00000e+00
      1134    0.00000e+00    0.00000e+00    0.00000e+00    0.00000e+00    0.00000e+00    1.00000e-10    1.00000e-10    0.00000e+00    0.00000e+00    0.00000e+00    0.00000e+00
      1135    0.00000e+00    0.00000e+00    0.00000e+00    0.00000e+00    0.00000e+00    1.00000e-10    1.00000e-10    0.00000e+00    0.00000e+00    0.00000e+00    0.00000e+00
      1136    0.00000e+00    0.00000e+00    0.00000e+00    0.00000e+00    0.00000e+00    1.00000e-10    1.00000e-10    0.00000e+00    0.00000e+00    0.00000e+00    0.00000e+00
      1137    0.00000e+00    0.00000e+00    0.00000e+00    0.00000e+00    0.00000e+00    1.00000e-10    1.00000e-10    0.00000e+00    0.00000e+00    0.00000e+00    0.00000e+00
      1138    0.00000e+00    0.00000e+00    0.00000e+00    0.00000e+00    0.00000e+00    1.00000e-10    1.00000e-10    0.00000e+00    0.00000e+00    0.00000e+00    0.00000e+00
      1139    0.00000e+00    0.00000e+00    0.00000e+00    0.00000e+00    0.00000e+00    1.00000e-10    1.00000e-10    0.00000e+00    0.00000e+00    0.00000e+00    0.00000e+00
      1140    0.00000e+00    0.00000e+00    0.00000e+00    0.00000e+00    0.00000e+00    1.00000e-10    1.00000e-10    0.00000e+00    0.00000e+00    0.00000e+00    0.00000e+00
      1141    0.00000e+00    0.00000e+00    0.00000e+00    0.00000e+00    0.00000e+00    1.00000e-10    1.00000e-10    0.00000e+00    0.00000e+00    0.00000e+00    0.00000e+00
      1142    0.00000e+00    0.00000e+00    0.00000e+00    0.00000e+00    0.00000e+00    1.00000e-10    1.00000e-10    0.00000e+00    0.00000e+00    0.00000e+00    0.00000e+00
      1143    0.00000e+00    0.00000e+00    0.00000e+00    0.00000e+00    0.00000e+00    1.00000e-10    1.00000e-10    0.00000e+00    0.00000e+00    0.00000e+00    0.00000e+00
      1144    0.00000e+00    0.00000e+00    0.00000e+00    0.00000e+00    0.00000e+00    1.00000e-10    1.00000e-10    0.00000e+00    0.00000e+00    0.00000e+00    0.00000e+00
      1145    0.00000e+00    0.00000e+00    0.00000e+00    0.00000e+00    0.00000e+00    1.00000e-10    1.00000e-10    0.00000e+00    0.00000e+00    0.00000e+00    0.00000e+00
      1146    0.00000e+00    0.00000e+00    0.00000e+00    0.00000e+00    0.00000e+00    1.00000e-10    1.00000e-10    0.00000e+00    0.00000e+00    0.00000e+00    0.00000e+00
      1147    0.00000e+00    0.00000e+00    0.00000e+00    0.00000e+00    0.00000e+00    1.00000e-10    1.00000e-10    0.00000e+00    0.00000e+00    0.00000e+00    0.00000e+00
      1148    0.00000e+00    0.00000e+00    0.00000e+00    0.00000e+00    0.00000e+00    1.00000e-10    1.00000e-10    0.00000e+00    0.00000e+00    0.00000e+00    0.00000e+00
      1149    0.00000e+00    0.00000e+00    0.00000e+00    0.00000e+00    0.00000e+00    1.00000e-10    1.00000e-10    0.00000e+00    0.00000e+00    0.00000e+00    0.00000e+00
      1150    0.00000e+00    0.00000e+00    0.00000e+00    0.00000e+00    0.00000e+00    1.00000e-10    1.00000e-10    0.00000e+00    0.00000e+00    0.00000e+00    0.00000e+00
      1151    0.00000e+00    0.00000e+00    0.00000e+00    0.00000e+00    0.00000e+00    1.00000e-10    1.00000e-10    0.00000e+00    0.00000e+00    0.00000e+00    0.00000e+00
      1152    0.00000e+00    0.00000e+00    0.00000e+00    0.00000e+00    0.00000e+00    1.00000e-10    1.00000e-10    0.00000e+00    0.00000e+00    0.00000e+00    0.00000e+00
      1153    0.00000e+00    0.00000e+00    0.00000e+00    0.00000e+00    0.00000e+00    1.00000e-10    1.00000e-10    0.00000e+00    0.00000e+00    0.00000e+00    0.00000e+00
      1154    0.00000e+00    0.00000e+00    0.00000e+00    0.00000e+00    0.00000e+00    1.00000e-10    1.00000e-10    0.00000e+00    0.00000e+00    0.00000e+00    0.00000e+00
      1155    0.00000e+00    0.00000e+00    0.00000e+00    0.00000e+00    0.00000e+00    1.00000e-10    1.00000e-10    0.00000e+00    0.00000e+00    0.00000e+00    0.00000e+00
      1156    0.00000e+00    0.00000e+00    0.00000e+00    0.00000e+00    0.00000e+00    1.00000e-10    1.00000e-10    0.00000e+00    0.00000e+00    0.00000e+00    0.00000e+00
      1157    0.00000e+00    0.00000e+00    0.00000e+00    0.00000e+00    0.00000e+00    1.00000e-10    1.00000e-10    0.00000e+00    0.00000e+00    0.00000e+00    0.00000e+00
      1158    0.00000e+00    0.00000e+00    0.00000e+00    0.00000e+00    0.00000e+00    1.00000e-10    1.00000e-10    0.00000e+00    0.00000e+00    0.00000e+00    0.00000e+00
      1159    0.00000e+00    0.00000e+00    0.00000e+00    0.00000e+00    0.00000e+00    1.00000e-10    1.00000e-10    0.00000e+00    0.00000e+00    0.00000e+00    0.00000e+00
      1160    0.00000e+00    0.00000e+00    0.00000e+00    0.00000e+00    0.00000e+00    1.00000e-10    1.00000e-10    0.00000e+00    0.00000e+00    0.00000e+00    0.00000e+00
      1161    0.00000e+00    0.00000e+00    0.00000e+00    0.00000e+00    0.00000e+00    1.00000e-10    1.00000e-10    0.00000e+00    0.00000e+00    0.00000e+00    0.00000e+00
      1162    0.00000e+00    0.00000e+00    0.00000e+00    0.00000e+00    0.00000e+00    1.00000e-10    1.00000e-10    0.00000e+00    0.00000e+00    0.00000e+00    0.00000e+00
      1163    0.00000e+00    0.00000e+00    0.00000e+00    0.00000e+00    0.00000e+00    1.00000e-10    1.00000e-10    0.00000e+00    0.00000e+00    0.00000e+00    0.00000e+00
      1164    0.00000e+00    0.00000e+00    0.00000e+00    0.00000e+00    0.00000e+00    1.00000e-10    1.00000e-10    0.00000e+00    0.00000e+00    0.00000e+00    0.00000e+00
      1165    0.00000e+00    0.00000e+00    0.00000e+00    0.00000e+00    0.00000e+00    1.00000e-10    1.00000e-10    0.00000e+00    0.00000e+00    0.00000e+00    0.00000e+00
      1166    0.00000e+00    0.00000e+00    0.00000e+00    0.00000e+00    0.00000e+00    1.00000e-10    1.00000e-10    0.00000e+00    0.00000e+00    0.00000e+00    0.00000e+00
      1167    0.00000e+00    0.00000e+00    0.00000e+00    0.00000e+00    0.00000e+00    1.00000e-10    1.00000e-10    0.00000e+00    0.00000e+00    0.00000e+00    0.00000e+00
      1168    0.00000e+00    0.00000e+00    0.00000e+00    0.00000e+00    0.00000e+00    1.00000e-10    1.00000e-10    0.00000e+00    0.00000e+00    0.00000e+00    0.00000e+00
      1169    0.00000e+00    0.00000e+00    0.00000e+00    0.00000e+00    0.00000e+00    1.00000e-10    1.00000e-10    0.00000e+00    0.00000e+00    0.00000e+00    0.00000e+00
      1170    0.00000e+00    0.00000e+00    0.00000e+00    0.00000e+00    0.00000e+00    1.00000e-10    1.00000e-10    0.00000e+00    0.00000e+00    0.00000e+00    0.00000e+00
      1171    0.00000e+00    0.00000e+00    0.00000e+00    0.00000e+00    0.00000e+00    1.00000e-10    1.00000e-10    0.00000e+00    0.00000e+00    0.00000e+00    0.00000e+00
      1172    0.00000e+00    0.00000e+00    0.00000e+00    0.00000e+00    0.00000e+00    1.00000e-10    1.00000e-10    0.00000e+00    0.00000e+00    0.00000e+00    0.00000e+00
      1173    0.00000e+00    0.00000e+00    0.00000e+00    0.00000e+00    0.00000e+00    1.00000e-10    1.00000e-10    0.00000e+00    0.00000e+00    0.00000e+00    0.00000e+00
      1174    0.00000e+00    0.00000e+00    0.00000e+00    0.00000e+00    0.00000e+00    1.00000e-10    1.00000e-10    0.00000e+00    0.00000e+00    0.00000e+00    0.00000e+00
      1175    0.00000e+00    0.00000e+00    0.00000e+00    0.00000e+00    0.00000e+00    1.00000e-10    1.00000e-10    0.00000e+00    0.00000e+00    0.00000e+00    0.00000e+00
      1176    0.00000e+00    0.00000e+00    0.00000e+00    0.00000e+00    0.00000e+00    1.00000e-10    1.00000e-10    0.00000e+00    0.00000e+00    0.00000e+00    0.00000e+00
      1177    0.00000e+00    0.00000e+00    0.00000e+00    0.00000e+00    0.00000e+00    1.00000e-10    1.00000e-10    0.00000e+00    0.00000e+00    0.00000e+00    0.00000e+00
      1178    0.00000e+00    0.00000e+00    0.00000e+00    0.00000e+00    0.00000e+00    1.00000e-10    1.00000e-10    0.00000e+00    0.00000e+00    0.00000e+00    0.00000e+00
      1179    0.00000e+00    0.00000e+00    0.00000e+00    0.00000e+00    0.00000e+00    1.00000e-10    1.00000e-10    0.00000e+00    0.00000e+00    0.00000e+00    0.00000e+00
      1180    0.00000e+00    0.00000e+00    0.00000e+00    0.00000e+00    0.00000e+00    1.00000e-10    1.00000e-10    0.00000e+00    0.00000e+00    0.00000e+00    0.00000e+00
      1181    0.00000e+00    0.00000e+00    0.00000e+00    0.00000e+00    0.00000e+00    1.00000e-10    1.00000e-10    0.00000e+00    0.00000e+00    0.00000e+00    0.00000e+00
      1182    0.00000e+00    0.00000e+00    0.00000e+00    0.00000e+00    0.00000e+00    1.00000e-10    1.00000e-10    0.00000e+00    0.00000e+00    0.00000e+00    0.00000e+00
      1183    0.00000e+00    0.00000e+00    0.00000e+00    0.00000e+00    0.00000e+00    1.00000e-10    1.00000e-10    0.00000e+00    0.00000e+00    0.00000e+00    0.00000e+00
      1184    0.00000e+00    0.00000e+00    0.00000e+00    0.00000e+00    0.00000e+00    1.00000e-10    1.00000e-10    0.00000e+00    0.00000e+00    0.00000e+00    0.00000e+00
      1185    0.00000e+00    0.00000e+00    0.00000e+00    0.00000e+00    0.00000e+00    1.00000e-10    1.00000e-10    0.00000e+00    0.00000e+00    0.00000e+00    0.00000e+00
      1186    0.00000e+00    0.00000e+00    0.00000e+00    0.00000e+00    0.00000e+00    1.00000e-10    1.00000e-10    0.00000e+00    0.00000e+00    0.00000e+00    0.00000e+00
      1187    0.00000e+00    0.00000e+00    0.00000e+00    0.00000e+00    0.00000e+00    1.00000e-10    1.00000e-10    0.00000e+00    0.00000e+00    0.00000e+00    0.00000e+00
      1188    0.00000e+00    0.00000e+00    0.00000e+00    0.00000e+00    0.00000e+00    1.00000e-10    1.00000e-10    0.00000e+00    0.00000e+00    0.00000e+00    0.00000e+00
      1189    0.00000e+00    0.00000e+00    0.00000e+00    0.00000e+00    0.00000e+00    1.00000e-10    1.00000e-10    0.00000e+00    0.00000e+00    0.00000e+00    0.00000e+00
      1190    0.00000e+00    0.00000e+00    0.00000e+00    0.00000e+00    0.00000e+00    1.00000e-10    1.00000e-10    0.00000e+00    0.00000e+00    0.00000e+00    0.00000e+00
      1191    0.00000e+00    0.00000e+00    0.00000e+00    0.00000e+00    0.00000e+00    1.00000e-10    1.00000e-10    0.00000e+00    0.00000e+00    0.00000e+00    0.00000e+00
      1192    0.00000e+00    0.00000e+00    0.00000e+00    0.00000e+00    0.00000e+00    1.00000e-10    1.00000e-10    0.00000e+00    0.00000e+00    0.00000e+00    0.00000e+00
      1193    0.00000e+00    0.00000e+00    0.00000e+00    0.00000e+00    0.00000e+00    1.00000e-10    1.00000e-10    0.00000e+00    0.00000e+00    0.00000e+00    0.00000e+00
      1194    0.00000e+00    0.00000e+00    0.00000e+00    0.00000e+00    0.00000e+00    1.00000e-10    1.00000e-10    0.00000e+00    0.00000e+00    0.00000e+00    0.00000e+00
      1195    0.00000e+00    0.00000e+00    0.00000e+00    0.00000e+00    0.00000e+00    1.00000e-10    1.00000e-10    0.00000e+00    0.00000e+00    0.00000e+00    0.00000e+00
      1196    0.00000e+00    0.00000e+00    0.00000e+00    0.00000e+00    0.00000e+00    1.00000e-10    1.00000e-10    0.00000e+00    0.00000e+00    0.00000e+00    0.00000e+00
      1197    0.00000e+00    0.00000e+00    0.00000e+00    0.00000e+00    0.00000e+00    1.00000e-10    1.00000e-10    0.00000e+00    0.00000e+00    0.00000e+00    0.00000e+00
      1198    0.00000e+00    0.00000e+00    0.00000e+00    0.00000e+00    0.00000e+00    1.00000e-10    1.00000e-10    0.00000e+00    0.00000e+00    0.00000e+00    0.00000e+00
      1199    0.00000e+00    0.00000e+00    0.00000e+00    0.00000e+00    0.00000e+00    1.00000e-10    1.00000e-10    0.00000e+00    0.00000e+00    0.00000e+00    0.00000e+00
      1200    0.00000e+00    0.00000e+00    0.00000e+00    0.00000e+00    0.00000e+00    1.00000e-10    1.00000e-10    0.00000e+00    0.00000e+00    0.00000e+00    0.00000e+00
      1201    0.00000e+00    0.00000e+00    0.00000e+00    0.00000e+00    0.00000e+00    1.00000e-10    1.00000e-10    0.00000e+00    0.00000e+00    0.00000e+00    0.00000e+00
      1202    0.00000e+00    0.00000e+00    0.00000e+00    0.00000e+00    0.00000e+00    1.00000e-10    1.00000e-10    0.00000e+00    0.00000e+00    0.00000e+00    0.00000e+00
      1203    0.00000e+00    0.00000e+00    0.00000e+00    0.00000e+00    0.00000e+00    1.00000e-10    1.00000e-10    0.00000e+00    0.00000e+00    0.00000e+00    0.00000e+00
      1204    0.00000e+00    0.00000e+00    0.00000e+00    0.00000e+00    0.00000e+00    1.00000e-10    1.00000e-10    0.00000e+00    0.00000e+00    0.00000e+00    0.00000e+00
      1205    0.00000e+00    0.00000e+00    0.00000e+00    0.00000e+00    0.00000e+00    1.00000e-10    1.00000e-10    0.00000e+00    0.00000e+00    0.00000e+00    0.00000e+00
      1206    0.00000e+00    0.00000e+00    0.00000e+00    0.00000e+00    0.00000e+00    1.00000e-10    1.00000e-10    0.00000e+00    0.00000e+00    0.00000e+00    0.00000e+00
      1207    0.00000e+00    0.00000e+00    0.00000e+00    0.00000e+00    0.00000e+00    1.00000e-10    1.00000e-10    0.00000e+00    0.00000e+00    0.00000e+00    0.00000e+00
      1208    0.00000e+00    0.00000e+00    0.00000e+00    0.00000e+00    0.00000e+00    1.00000e-10    1.00000e-10    0.00000e+00    0.00000e+00    0.00000e+00    0.00000e+00
      1209    0.00000e+00    0.00000e+00    0.00000e+00    0.00000e+00    0.00000e+00    1.00000e-10    1.00000e-10    0.00000e+00    0.00000e+00    0.00000e+00    0.00000e+00
      1210    0.00000e+00    0.00000e+00    0.00000e+00    0.00000e+00    0.00000e+00    1.00000e-10    1.00000e-10    0.00000e+00    0.00000e+00    0.00000e+00    0.00000e+00
      1211    0.00000e+00    0.00000e+00    0.00000e+00    0.00000e+00    0.00000e+00    1.00000e-10    1.00000e-10    0.00000e+00    0.00000e+00    0.00000e+00    0.00000e+00
      1212    0.00000e+00    0.00000e+00    0.00000e+00    0.00000e+00    0.00000e+00    1.00000e-10    1.00000e-10    0.00000e+00    0.00000e+00    0.00000e+00    0.00000e+00
      1213    0.00000e+00    0.00000e+00    0.00000e+00    0.00000e+00    0.00000e+00    1.00000e-10    1.00000e-10    0.00000e+00    0.00000e+00    0.00000e+00    0.00000e+00
      1214    0.00000e+00    0.00000e+00    0.00000e+00    0.00000e+00    0.00000e+00    1.00000e-10    1.00000e-10    0.00000e+00    0.00000e+00    0.00000e+00    0.00000e+00
      1215    0.00000e+00    0.00000e+00    0.00000e+00    0.00000e+00    0.00000e+00    1.00000e-10    1.00000e-10    0.00000e+00    0.00000e+00    0.00000e+00    0.00000e+00
      1216    0.00000e+00    0.00000e+00    0.00000e+00    0.00000e+00    0.00000e+00    1.00000e-10    1.00000e-10    0.00000e+00    0.00000e+00    0.00000e+00    0.00000e+00
      1217    0.00000e+00    0.00000e+00    0.00000e+00    0.00000e+00    0.00000e+00    1.00000e-10    1.00000e-10    0.00000e+00    0.00000e+00    0.00000e+00    0.00000e+00
      1218    0.00000e+00    0.00000e+00    0.00000e+00    0.00000e+00    0.00000e+00    1.00000e-10    1.00000e-10    0.00000e+00    0.00000e+00    0.00000e+00    0.00000e+00
      1219    0.00000e+00    0.00000e+00    0.00000e+00    0.00000e+00    0.00000e+00    1.00000e-10    1.00000e-10    0.00000e+00    0.00000e+00    0.00000e+00    0.00000e+00
      1220    0.00000e+00    0.00000e+00    0.00000e+00    0.00000e+00    0.00000e+00    1.00000e-10    1.00000e-10    0.00000e+00    0.00000e+00    0.00000e+00    0.00000e+00
      1221    0.00000e+00    0.00000e+00    0.00000e+00    0.00000e+00    0.00000e+00    1.00000e-10    1.00000e-10    0.00000e+00    0.00000e+00    0.00000e+00    0.00000e+00
      1222    0.00000e+00    0.00000e+00    0.00000e+00    0.00000e+00    0.00000e+00    1.00000e-10    1.00000e-10    0.00000e+00    0.00000e+00    0.00000e+00    0.00000e+00
      1223    0.00000e+00    0.00000e+00    0.00000e+00    0.00000e+00    0.00000e+00    1.00000e-10    1.00000e-10    0.00000e+00    0.00000e+00    0.00000e+00    0.00000e+00
      1224    0.00000e+00    0.00000e+00    0.00000e+00    0.00000e+00    0.00000e+00    1.00000e-10    1.00000e-10    0.00000e+00    0.00000e+00    0.00000e+00    0.00000e+00
      1225    0.00000e+00    0.00000e+00    0.00000e+00    0.00000e+00    0.00000e+00    1.00000e-10    1.00000e-10    0.00000e+00    0.00000e+00    0.00000e+00    0.00000e+00
      1226    0.00000e+00    0.00000e+00    0.00000e+00    0.00000e+00    0.00000e+00    1.00000e-10    1.00000e-10    0.00000e+00    0.00000e+00    0.00000e+00    0.00000e+00
      1227    0.00000e+00    0.00000e+00    0.00000e+00    0.00000e+00    0.00000e+00    1.00000e-10    1.00000e-10    0.00000e+00    0.00000e+00    0.00000e+00    0.00000e+00
      1228    0.00000e+00    0.00000e+00    0.00000e+00    0.00000e+00    0.00000e+00    1.00000e-10    1.00000e-10    0.00000e+00    0.00000e+00    0.00000e+00    0.00000e+00
      1229    0.00000e+00    0.00000e+00    0.00000e+00    0.00000e+00    0.00000e+00    1.00000e-10    1.00000e-10    0.00000e+00    0.00000e+00    0.00000e+00    0.00000e+00
      1230    0.00000e+00    0.00000e+00    0.00000e+00    0.00000e+00    0.00000e+00    1.00000e-10    1.00000e-10    0.00000e+00    0.00000e+00    0.00000e+00    0.00000e+00
      1231    0.00000e+00    0.00000e+00    0.00000e+00    0.00000e+00    0.00000e+00    1.00000e-10    1.00000e-10    0.00000e+00    0.00000e+00    0.00000e+00    0.00000e+00
      1232    0.00000e+00    0.00000e+00    0.00000e+00    0.00000e+00    0.00000e+00    1.00000e-10    1.00000e-10    0.00000e+00    0.00000e+00    0.00000e+00    0.00000e+00
      1233    0.00000e+00    0.00000e+00    0.00000e+00    0.00000e+00    0.00000e+00    1.00000e-10    1.00000e-10    0.00000e+00    0.00000e+00    0.00000e+00    0.00000e+00
      1234    0.00000e+00    0.00000e+00    0.00000e+00    0.00000e+00    0.00000e+00    1.00000e-10    1.00000e-10    0.00000e+00    0.00000e+00    0.00000e+00    0.00000e+00
      1235    0.00000e+00    0.00000e+00    0.00000e+00    0.00000e+00    0.00000e+00    1.00000e-10    1.00000e-10    0.00000e+00    0.00000e+00    0.00000e+00    0.00000e+00
      1236    0.00000e+00    0.00000e+00    0.00000e+00    0.00000e+00    0.00000e+00    1.00000e-10    1.00000e-10    0.00000e+00    0.00000e+00    0.00000e+00    0.00000e+00
      1237    0.00000e+00    0.00000e+00    0.00000e+00    0.00000e+00    0.00000e+00    1.00000e-10    1.00000e-10    0.00000e+00    0.00000e+00    0.00000e+00    0.00000e+00
      1238    0.00000e+00    0.00000e+00    0.00000e+00    0.00000e+00    0.00000e+00    1.00000e-10    1.00000e-10    0.00000e+00    0.00000e+00    0.00000e+00    0.00000e+00
      1239    0.00000e+00    0.00000e+00    0.00000e+00    0.00000e+00    0.00000e+00    1.00000e-10    1.00000e-10    0.00000e+00    0.00000e+00    0.00000e+00    0.00000e+00
      1240    0.00000e+00    0.00000e+00    0.00000e+00    0.00000e+00    0.00000e+00    1.00000e-10    1.00000e-10    0.00000e+00    0.00000e+00    0.00000e+00    0.00000e+00
      1241    0.00000e+00    0.00000e+00    0.00000e+00    0.00000e+00    0.00000e+00    1.00000e-10    1.00000e-10    0.00000e+00    0.00000e+00    0.00000e+00    0.00000e+00
      1242    0.00000e+00    0.00000e+00    0.00000e+00    0.00000e+00    0.00000e+00    1.00000e-10    1.00000e-10    0.00000e+00    0.00000e+00    0.00000e+00    0.00000e+00
      1243    0.00000e+00    0.00000e+00    0.00000e+00    0.00000e+00    0.00000e+00    1.00000e-10    1.00000e-10    0.00000e+00    0.00000e+00    0.00000e+00    0.00000e+00
      1244    0.00000e+00    0.00000e+00    0.00000e+00    0.00000e+00    0.00000e+00    1.00000e-10    1.00000e-10    0.00000e+00    0.00000e+00    0.00000e+00    0.00000e+00
      1245    0.00000e+00    0.00000e+00    0.00000e+00    0.00000e+00    0.00000e+00    1.00000e-10    1.00000e-10    0.00000e+00    0.00000e+00    0.00000e+00    0.00000e+00
      1246    0.00000e+00    0.00000e+00    0.00000e+00    0.00000e+00    0.00000e+00    1.00000e-10    1.00000e-10    0.00000e+00    0.00000e+00    0.00000e+00    0.00000e+00
      1247    0.00000e+00    0.00000e+00    0.00000e+00    0.00000e+00    0.00000e+00    1.00000e-10    1.00000e-10    0.00000e+00    0.00000e+00    0.00000e+00    0.00000e+00
      1248    0.00000e+00    0.00000e+00    0.00000e+00    0.00000e+00    0.00000e+00    1.00000e-10    1.00000e-10    0.00000e+00    0.00000e+00    0.00000e+00    0.00000e+00
      1249    0.00000e+00    0.00000e+00    0.00000e+00    0.00000e+00    0.00000e+00    1.00000e-10    1.00000e-10    0.00000e+00    0.00000e+00    0.00000e+00    0.00000e+00
      1250    0.00000e+00    0.00000e+00    0.00000e+00    0.00000e+00    0.00000e+00    1.00000e-10    1.00000e-10    0.00000e+00    0.00000e+00    0.00000e+00    0.00000e+00
      1251    0.00000e+00    0.00000e+00    0.00000e+00    0.00000e+00    0.00000e+00    1.00000e-10    1.00000e-10    0.00000e+00    0.00000e+00    0.00000e+00    0.00000e+00
      1252    0.00000e+00    0.00000e+00    0.00000e+00    0.00000e+00    0.00000e+00    1.00000e-10    1.00000e-10    0.00000e+00    0.00000e+00    0.00000e+00    0.00000e+00
      1253    0.00000e+00    0.00000e+00    0.00000e+00    0.00000e+00    0.00000e+00    1.00000e-10    1.00000e-10    0.00000e+00    0.00000e+00    0.00000e+00    0.00000e+00
      1254    0.00000e+00    0.00000e+00    0.00000e+00    0.00000e+00    0.00000e+00    1.00000e-10    1.00000e-10    0.00000e+00    0.00000e+00    0.00000e+00    0.00000e+00
      1255    0.00000e+00    0.00000e+00    0.00000e+00    0.00000e+00    0.00000e+00    1.00000e-10    1.00000e-10    0.00000e+00    0.00000e+00    0.00000e+00    0.00000e+00
      1256    0.00000e+00    0.00000e+00    0.00000e+00    0.00000e+00    0.00000e+00    1.00000e-10    1.00000e-10    0.00000e+00    0.00000e+00    0.00000e+00    0.00000e+00
      1257    0.00000e+00    0.00000e+00    0.00000e+00    0.00000e+00    0.00000e+00    1.00000e-10    1.00000e-10    0.00000e+00    0.00000e+00    0.00000e+00    0.00000e+00
      1258    0.00000e+00    0.00000e+00    0.00000e+00    0.00000e+00    0.00000e+00    1.00000e-10    1.00000e-10    0.00000e+00    0.00000e+00    0.00000e+00    0.00000e+00
      1259    0.00000e+00    0.00000e+00    0.00000e+00    0.00000e+00    0.00000e+00    1.00000e-10    1.00000e-10    0.00000e+00    0.00000e+00    0.00000e+00    0.00000e+00
      1260    0.00000e+00    0.00000e+00    0.00000e+00    0.00000e+00    0.00000e+00    1.00000e-10    1.00000e-10    0.00000e+00    0.00000e+00    0.00000e+00    0.00000e+00
      1261    0.00000e+00    0.00000e+00    0.00000e+00    0.00000e+00    0.00000e+00    1.00000e-10    1.00000e-10    0.00000e+00    0.00000e+00    0.00000e+00    0.00000e+00
      1262    0.00000e+00    0.00000e+00    0.00000e+00    0.00000e+00    0.00000e+00    1.00000e-10    1.00000e-10    0.00000e+00    0.00000e+00    0.00000e+00    0.00000e+00
      1263    0.00000e+00    0.00000e+00    0.00000e+00    0.00000e+00    0.00000e+00    1.00000e-10    1.00000e-10    0.00000e+00    0.00000e+00    0.00000e+00    0.00000e+00
      1264    0.00000e+00    0.00000e+00    0.00000e+00    0.00000e+00    0.00000e+00    1.00000e-10    1.00000e-10    0.00000e+00    0.00000e+00    0.00000e+00    0.00000e+00
      1265    0.00000e+00    0.00000e+00    0.00000e+00    0.00000e+00    0.00000e+00    1.00000e-10    1.00000e-10    0.00000e+00    0.00000e+00    0.00000e+00    0.00000e+00
      1266    0.00000e+00    0.00000e+00    0.00000e+00    0.00000e+00    0.00000e+00    1.00000e-10    1.00000e-10    0.00000e+00    0.00000e+00    0.00000e+00    0.00000e+00
      1267    0.00000e+00    0.00000e+00    0.00000e+00    0.00000e+00    0.00000e+00    1.00000e-10    1.00000e-10    0.00000e+00    0.00000e+00    0.00000e+00    0.00000e+00
      1268    0.00000e+00    0.00000e+00    0.00000e+00    0.00000e+00    0.00000e+00    1.00000e-10    1.00000e-10    0.00000e+00    0.00000e+00    0.00000e+00    0.00000e+00
      1269    0.00000e+00    0.00000e+00    0.00000e+00    0.00000e+00    0.00000e+00    1.00000e-10    1.00000e-10    0.00000e+00    0.00000e+00    0.00000e+00    0.00000e+00
      1270    0.00000e+00    0.00000e+00    0.00000e+00    0.00000e+00    0.00000e+00    1.00000e-10    1.00000e-10    0.00000e+00    0.00000e+00    0.00000e+00    0.00000e+00
      1271    0.00000e+00    0.00000e+00    0.00000e+00    0.00000e+00    0.00000e+00    1.00000e-10    1.00000e-10    0.00000e+00    0.00000e+00    0.00000e+00    0.00000e+00
      1272    0.00000e+00    0.00000e+00    0.00000e+00    0.00000e+00    0.00000e+00    1.00000e-10    1.00000e-10    0.00000e+00    0.00000e+00    0.00000e+00    0.00000e+00
      1273    0.00000e+00    0.00000e+00    0.00000e+00    0.00000e+00    0.00000e+00    1.00000e-10    1.00000e-10    0.00000e+00    0.00000e+00    0.00000e+00    0.00000e+00
      1274    0.00000e+00    0.00000e+00    0.00000e+00    0.00000e+00    0.00000e+00    1.00000e-10    1.00000e-10    0.00000e+00    0.00000e+00    0.00000e+00    0.00000e+00
      1275    0.00000e+00    0.00000e+00    0.00000e+00    0.00000e+00    0.00000e+00    1.00000e-10    1.00000e-10    0.00000e+00    0.00000e+00    0.00000e+00    0.00000e+00
      1276    0.00000e+00    0.00000e+00    0.00000e+00    0.00000e+00    0.00000e+00    1.00000e-10    1.00000e-10    0.00000e+00    0.00000e+00    0.00000e+00    0.00000e+00
      1277    0.00000e+00    0.00000e+00    0.00000e+00    0.00000e+00    0.00000e+00    1.00000e-10    1.00000e-10    0.00000e+00    0.00000e+00    0.00000e+00    0.00000e+00
      1278    0.00000e+00    0.00000e+00    0.00000e+00    0.00000e+00    0.00000e+00    1.00000e-10    1.00000e-10    0.00000e+00    0.00000e+00    0.00000e+00    0.00000e+00
      1279    0.00000e+00    0.00000e+00    0.00000e+00    0.00000e+00    0.00000e+00    1.00000e-10    1.00000e-10    0.00000e+00    0.00000e+00    0.00000e+00    0.00000e+00
      1280    0.00000e+00    0.00000e+00    0.00000e+00    0.00000e+00    0.00000e+00    1.00000e-10    1.00000e-10    0.00000e+00    0.00000e+00    0.00000e+00    0.00000e+00
      1281    0.00000e+00    0.00000e+00    0.00000e+00    0.00000e+00    0.00000e+00    1.00000e-10    1.00000e-10    0.00000e+00    0.00000e+00    0.00000e+00    0.00000e+00
      1282    0.00000e+00    0.00000e+00    0.00000e+00    0.00000e+00    0.00000e+00    1.00000e-10    1.00000e-10    0.00000e+00    0.00000e+00    0.00000e+00    0.00000e+00
      1283    0.00000e+00    0.00000e+00    0.00000e+00    0.00000e+00    0.00000e+00    1.00000e-10    1.00000e-10    0.00000e+00    0.00000e+00    0.00000e+00    0.00000e+00
      1284    0.00000e+00    0.00000e+00    0.00000e+00    0.00000e+00    0.00000e+00    1.00000e-10    1.00000e-10    0.00000e+00    0.00000e+00    0.00000e+00    0.00000e+00
      1285    0.00000e+00    0.00000e+00    0.00000e+00    0.00000e+00    0.00000e+00    1.00000e-10    1.00000e-10    0.00000e+00    0.00000e+00    0.00000e+00    0.00000e+00
      1286    0.00000e+00    0.00000e+00    0.00000e+00    0.00000e+00    0.00000e+00    1.00000e-10    1.00000e-10    0.00000e+00    0.00000e+00    0.00000e+00    0.00000e+00
      1287    0.00000e+00    0.00000e+00    0.00000e+00    0.00000e+00    0.00000e+00    1.00000e-10    1.00000e-10    0.00000e+00    0.00000e+00    0.00000e+00    0.00000e+00
      1288    0.00000e+00    0.00000e+00    0.00000e+00    0.00000e+00    0.00000e+00    1.00000e-10    1.00000e-10    0.00000e+00    0.00000e+00    0.00000e+00    0.00000e+00
      1289    0.00000e+00    0.00000e+00    0.00000e+00    0.00000e+00    0.00000e+00    1.00000e-10    1.00000e-10    0.00000e+00    0.00000e+00    0.00000e+00    0.00000e+00
      1290    0.00000e+00    0.00000e+00    0.00000e+00    0.00000e+00    0.00000e+00    1.00000e-10    1.00000e-10    0.00000e+00    0.00000e+00    0.00000e+00    0.00000e+00
      1291    0.00000e+00    0.00000e+00    0.00000e+00    0.00000e+00    0.00000e+00    1.00000e-10    1.00000e-10    0.00000e+00    0.00000e+00    0.00000e+00    0.00000e+00
      1292    0.00000e+00    0.00000e+00    0.00000e+00    0.00000e+00    0.00000e+00    1.00000e-10    1.00000e-10    0.00000e+00    0.00000e+00    0.00000e+00    0.00000e+00
      1293    0.00000e+00    0.00000e+00    0.00000e+00    0.00000e+00    0.00000e+00    1.00000e-10    1.00000e-10    0.00000e+00    0.00000e+00    0.00000e+00    0.00000e+00
      1294    0.00000e+00    0.00000e+00    0.00000e+00    0.00000e+00    0.00000e+00    1.00000e-10    1.00000e-10    0.00000e+00    0.00000e+00    0.00000e+00    0.00000e+00
      1295    0.00000e+00    0.00000e+00    0.00000e+00    0.00000e+00    0.00000e+00    1.00000e-10    1.00000e-10    0.00000e+00    0.00000e+00    0.00000e+00    0.00000e+00
      1296    0.00000e+00    0.00000e+00    0.00000e+00    0.00000e+00    0.00000e+00    1.00000e-10    1.00000e-10    0.00000e+00    0.00000e+00    0.00000e+00    0.00000e+00
      1297    0.00000e+00    0.00000e+00    0.00000e+00    0.00000e+00    0.00000e+00    1.00000e-10    1.00000e-10    0.00000e+00    0.00000e+00    0.00000e+00    0.00000e+00
      1298    0.00000e+00    0.00000e+00    0.00000e+00    0.00000e+00    0.00000e+00    1.00000e-10    1.00000e-10    0.00000e+00    0.00000e+00    0.00000e+00    0.00000e+00
      1299    0.00000e+00    0.00000e+00    0.00000e+00    0.00000e+00    0.00000e+00    1.00000e-10    1.00000e-10    0.00000e+00    0.00000e+00    0.00000e+00    0.00000e+00
      1300    0.00000e+00    0.00000e+00    0.00000e+00    0.00000e+00    0.00000e+00    1.00000e-10    1.00000e-10    0.00000e+00    0.00000e+00    0.00000e+00    0.00000e+00
      1301    0.00000e+00    0.00000e+00    0.00000e+00    0.00000e+00    0.00000e+00    1.00000e-10    1.00000e-10    0.00000e+00    0.00000e+00    0.00000e+00    0.00000e+00
      1302    0.00000e+00    0.00000e+00    0.00000e+00    0.00000e+00    0.00000e+00    1.00000e-10    1.00000e-10    0.00000e+00    0.00000e+00    0.00000e+00    0.00000e+00
      1303    0.00000e+00    0.00000e+00    0.00000e+00    0.00000e+00    0.00000e+00    1.00000e-10    1.00000e-10    0.00000e+00    0.00000e+00    0.00000e+00    0.00000e+00
      1304    0.00000e+00    0.00000e+00    0.00000e+00    0.00000e+00    0.00000e+00    1.00000e-10    1.00000e-10    0.00000e+00    0.00000e+00    0.00000e+00    0.00000e+00
      1305    0.00000e+00    0.00000e+00    0.00000e+00    0.00000e+00    0.00000e+00    1.00000e-10    1.00000e-10    0.00000e+00    0.00000e+00    0.00000e+00    0.00000e+00
      1306    0.00000e+00    0.00000e+00    0.00000e+00    0.00000e+00    0.00000e+00    1.00000e-10    1.00000e-10    0.00000e+00    0.00000e+00    0.00000e+00    0.00000e+00
      1307    0.00000e+00    0.00000e+00    0.00000e+00    0.00000e+00    0.00000e+00    1.00000e-10    1.00000e-10    0.00000e+00    0.00000e+00    0.00000e+00    0.00000e+00
      1308    0.00000e+00    0.00000e+00    0.00000e+00    0.00000e+00    0.00000e+00    1.00000e-10    1.00000e-10    0.00000e+00    0.00000e+00    0.00000e+00    0.00000e+00
      1309    0.00000e+00    0.00000e+00    0.00000e+00    0.00000e+00    0.00000e+00    1.00000e-10    1.00000e-10    0.00000e+00    0.00000e+00    0.00000e+00    0.00000e+00
      1310    0.00000e+00    0.00000e+00    0.00000e+00    0.00000e+00    0.00000e+00    1.00000e-10    1.00000e-10    0.00000e+00    0.00000e+00    0.00000e+00    0.00000e+00
      1311    0.00000e+00    0.00000e+00    0.00000e+00    0.00000e+00    0.00000e+00    1.00000e-10    1.00000e-10    0.00000e+00    0.00000e+00    0.00000e+00    0.00000e+00
      1312    0.00000e+00    0.00000e+00    0.00000e+00    0.00000e+00    0.00000e+00    1.00000e-10    1.00000e-10    0.00000e+00    0.00000e+00    0.00000e+00    0.00000e+00
      1313    0.00000e+00    0.00000e+00    0.00000e+00    0.00000e+00    0.00000e+00    1.00000e-10    1.00000e-10    0.00000e+00    0.00000e+00    0.00000e+00    0.00000e+00
      1314    0.00000e+00    0.00000e+00    0.00000e+00    0.00000e+00    0.00000e+00    1.00000e-10    1.00000e-10    0.00000e+00    0.00000e+00    0.00000e+00    0.00000e+00
      1315    0.00000e+00    0.00000e+00    0.00000e+00    0.00000e+00    0.00000e+00    1.00000e-10    1.00000e-10    0.00000e+00    0.00000e+00    0.00000e+00    0.00000e+00
      1316    0.00000e+00    0.00000e+00    0.00000e+00    0.00000e+00    0.00000e+00    1.00000e-10    1.00000e-10    0.00000e+00    0.00000e+00    0.00000e+00    0.00000e+00
      1317    0.00000e+00    0.00000e+00    0.00000e+00    0.00000e+00    0.00000e+00    1.00000e-10    1.00000e-10    0.00000e+00    0.00000e+00    0.00000e+00    0.00000e+00
      1318    0.00000e+00    0.00000e+00    0.00000e+00    0.00000e+00    0.00000e+00    1.00000e-10    1.00000e-10    0.00000e+00    0.00000e+00    0.00000e+00    0.00000e+00
      1319    0.00000e+00    0.00000e+00    0.00000e+00    0.00000e+00    0.00000e+00    1.00000e-10    1.00000e-10    0.00000e+00    0.00000e+00    0.00000e+00    0.00000e+00
      1320    0.00000e+00    0.00000e+00    0.00000e+00    0.00000e+00    0.00000e+00    1.00000e-10    1.00000e-10    0.00000e+00    0.00000e+00    0.00000e+00    0.00000e+00
      1321    0.00000e+00    0.00000e+00    0.00000e+00    0.00000e+00    0.00000e+00    1.00000e-10    1.00000e-10    0.00000e+00    0.00000e+00    0.00000e+00    0.00000e+00
      1322    0.00000e+00    0.00000e+00    0.00000e+00    0.00000e+00    0.00000e+00    1.00000e-10    1.00000e-10    0.00000e+00    0.00000e+00    0.00000e+00    0.00000e+00
      1323    0.00000e+00    0.00000e+00    0.00000e+00    0.00000e+00    0.00000e+00    1.00000e-10    1.00000e-10    0.00000e+00    0.00000e+00    0.00000e+00    0.00000e+00
      1324    0.00000e+00    0.00000e+00    0.00000e+00    0.00000e+00    0.00000e+00    1.00000e-10    1.00000e-10    0.00000e+00    0.00000e+00    0.00000e+00    0.00000e+00
      1325    0.00000e+00    0.00000e+00    0.00000e+00    0.00000e+00    0.00000e+00    1.00000e-10    1.00000e-10    0.00000e+00    0.00000e+00    0.00000e+00    0.00000e+00
      1326    0.00000e+00    0.00000e+00    0.00000e+00    0.00000e+00    0.00000e+00    1.00000e-10    1.00000e-10    0.00000e+00    0.00000e+00    0.00000e+00    0.00000e+00
      1327    0.00000e+00    0.00000e+00    0.00000e+00    0.00000e+00    0.00000e+00    1.00000e-10    1.00000e-10    0.00000e+00    0.00000e+00    0.00000e+00    0.00000e+00
      1328    0.00000e+00    0.00000e+00    0.00000e+00    0.00000e+00    0.00000e+00    1.00000e-10    1.00000e-10    0.00000e+00    0.00000e+00    0.00000e+00    0.00000e+00
      1329    0.00000e+00    0.00000e+00    0.00000e+00    0.00000e+00    0.00000e+00    1.00000e-10    1.00000e-10    0.00000e+00    0.00000e+00    0.00000e+00    0.00000e+00
      1330    0.00000e+00    0.00000e+00    0.00000e+00    0.00000e+00    0.00000e+00    1.00000e-10    1.00000e-10    0.00000e+00    0.00000e+00    0.00000e+00    0.00000e+00
      1331    0.00000e+00    0.00000e+00    0.00000e+00    0.00000e+00    0.00000e+00    1.00000e-10    1.00000e-10    0.00000e+00    0.00000e+00    0.00000e+00    0.00000e+00
      1332    0.00000e+00    0.00000e+00    0.00000e+00    0.00000e+00    0.00000e+00    1.00000e-10    1.00000e-10    0.00000e+00    0.00000e+00    0.00000e+00    0.00000e+00
      1333    0.00000e+00    0.00000e+00    0.00000e+00    0.00000e+00    0.00000e+00    1.00000e-10    1.00000e-10    0.00000e+00    0.00000e+00    0.00000e+00    0.00000e+00
      1334    0.00000e+00    0.00000e+00    0.00000e+00    0.00000e+00    0.00000e+00    1.00000e-10    1.00000e-10    0.00000e+00    0.00000e+00    0.00000e+00    0.00000e+00
      1335    0.00000e+00    0.00000e+00    0.00000e+00    0.00000e+00    0.00000e+00    1.00000e-10    1.00000e-10    0.00000e+00    0.00000e+00    0.00000e+00    0.00000e+00
      1336    0.00000e+00    0.00000e+00    0.00000e+00    0.00000e+00    0.00000e+00    1.00000e-10    1.00000e-10    0.00000e+00    0.00000e+00    0.00000e+00    0.00000e+00
      1337    0.00000e+00    0.00000e+00    0.00000e+00    0.00000e+00    0.00000e+00    1.00000e-10    1.00000e-10    0.00000e+00    0.00000e+00    0.00000e+00    0.00000e+00
      1338    0.00000e+00    0.00000e+00    0.00000e+00    0.00000e+00    0.00000e+00    1.00000e-10    1.00000e-10    0.00000e+00    0.00000e+00    0.00000e+00    0.00000e+00
      1339    0.00000e+00    0.00000e+00    0.00000e+00    0.00000e+00    0.00000e+00    1.00000e-10    1.00000e-10    0.00000e+00    0.00000e+00    0.00000e+00    0.00000e+00
      1340    0.00000e+00    0.00000e+00    0.00000e+00    0.00000e+00    0.00000e+00    1.00000e-10    1.00000e-10    0.00000e+00    0.00000e+00    0.00000e+00    0.00000e+00
      1341    0.00000e+00    0.00000e+00    0.00000e+00    0.00000e+00    0.00000e+00    1.00000e-10    1.00000e-10    0.00000e+00    0.00000e+00    0.00000e+00    0.00000e+00
      1342    0.00000e+00    0.00000e+00    0.00000e+00    0.00000e+00    0.00000e+00    1.00000e-10    1.00000e-10    0.00000e+00    0.00000e+00    0.00000e+00    0.00000e+00
      1343    0.00000e+00    0.00000e+00    0.00000e+00    0.00000e+00    0.00000e+00    1.00000e-10    1.00000e-10    0.00000e+00    0.00000e+00    0.00000e+00    0.00000e+00
      1344    0.00000e+00    0.00000e+00    0.00000e+00    0.00000e+00    0.00000e+00    1.00000e-10    1.00000e-10    0.00000e+00    0.00000e+00    0.00000e+00    0.00000e+00
      1345    0.00000e+00    0.00000e+00    0.00000e+00    0.00000e+00    0.00000e+00    1.00000e-10    1.00000e-10    0.00000e+00    0.00000e+00    0.00000e+00    0.00000e+00
      1346    0.00000e+00    0.00000e+00    0.00000e+00    0.00000e+00    0.00000e+00    1.00000e-10    1.00000e-10    0.00000e+00    0.00000e+00    0.00000e+00    0.00000e+00
      1347    0.00000e+00    0.00000e+00    0.00000e+00    0.00000e+00    0.00000e+00    1.00000e-10    1.00000e-10    0.00000e+00    0.00000e+00    0.00000e+00    0.00000e+00
      1348    0.00000e+00    0.00000e+00    0.00000e+00    0.00000e+00    0.00000e+00    1.00000e-10    1.00000e-10    0.00000e+00    0.00000e+00    0.00000e+00    0.00000e+00
      1349    0.00000e+00    0.00000e+00    0.00000e+00    0.00000e+00    0.00000e+00    1.00000e-10    1.00000e-10    0.00000e+00    0.00000e+00    0.00000e+00    0.00000e+00
      1350    0.00000e+00    0.00000e+00    0.00000e+00    0.00000e+00    0.00000e+00    1.00000e-10    1.00000e-10    0.00000e+00    0.00000e+00    0.00000e+00    0.00000e+00
      1351    0.00000e+00    0.00000e+00    0.00000e+00    0.00000e+00    0.00000e+00    1.00000e-10    1.00000e-10    0.00000e+00    0.00000e+00    0.00000e+00    0.00000e+00
      1352    0.00000e+00    0.00000e+00    0.00000e+00    0.00000e+00    0.00000e+00    1.00000e-10    1.00000e-10    0.00000e+00    0.00000e+00    0.00000e+00    0.00000e+00
      1353    0.00000e+00    0.00000e+00    0.00000e+00    0.00000e+00    0.00000e+00    1.00000e-10    1.00000e-10    0.00000e+00    0.00000e+00    0.00000e+00    0.00000e+00
      1354    0.00000e+00    0.00000e+00    0.00000e+00    0.00000e+00    0.00000e+00    1.00000e-10    1.00000e-10    0.00000e+00    0.00000e+00    0.00000e+00    0.00000e+00
      1355    0.00000e+00    0.00000e+00    0.00000e+00    0.00000e+00    0.00000e+00    1.00000e-10    1.00000e-10    0.00000e+00    0.00000e+00    0.00000e+00    0.00000e+00
      1356    0.00000e+00    0.00000e+00    0.00000e+00    0.00000e+00    0.00000e+00    1.00000e-10    1.00000e-10    0.00000e+00    0.00000e+00    0.00000e+00    0.00000e+00
      1357    0.00000e+00    0.00000e+00    0.00000e+00    0.00000e+00    0.00000e+00    1.00000e-10    1.00000e-10    0.00000e+00    0.00000e+00    0.00000e+00    0.00000e+00
      1358    0.00000e+00    0.00000e+00    0.00000e+00    0.00000e+00    0.00000e+00    1.00000e-10    1.00000e-10    0.00000e+00    0.00000e+00    0.00000e+00    0.00000e+00
      1359    0.00000e+00    0.00000e+00    0.00000e+00    0.00000e+00    0.00000e+00    1.00000e-10    1.00000e-10    0.00000e+00    0.00000e+00    0.00000e+00    0.00000e+00
      1360    0.00000e+00    0.00000e+00    0.00000e+00    0.00000e+00    0.00000e+00    1.00000e-10    1.00000e-10    0.00000e+00    0.00000e+00    0.00000e+00    0.00000e+00
      1361    0.00000e+00    0.00000e+00    0.00000e+00    0.00000e+00    0.00000e+00    1.00000e-10    1.00000e-10    0.00000e+00    0.00000e+00    0.00000e+00    0.00000e+00
      1362    0.00000e+00    0.00000e+00    0.00000e+00    0.00000e+00    0.00000e+00    1.00000e-10    1.00000e-10    0.00000e+00    0.00000e+00    0.00000e+00    0.00000e+00
      1363    0.00000e+00    0.00000e+00    0.00000e+00    0.00000e+00    0.00000e+00    1.00000e-10    1.00000e-10    0.00000e+00    0.00000e+00    0.00000e+00    0.00000e+00
      1364    0.00000e+00    0.00000e+00    0.00000e+00    0.00000e+00    0.00000e+00    1.00000e-10    1.00000e-10    0.00000e+00    0.00000e+00    0.00000e+00    0.00000e+00
      1365    0.00000e+00    0.00000e+00    0.00000e+00    0.00000e+00    0.00000e+00    1.00000e-10    1.00000e-10    0.00000e+00    0.00000e+00    0.00000e+00    0.00000e+00
      1366    0.00000e+00    0.00000e+00    0.00000e+00    0.00000e+00    0.00000e+00    1.00000e-10    1.00000e-10    0.00000e+00    0.00000e+00    0.00000e+00    0.00000e+00
      1367    0.00000e+00    0.00000e+00    0.00000e+00    0.00000e+00    0.00000e+00    1.00000e-10    1.00000e-10    0.00000e+00    0.00000e+00    0.00000e+00    0.00000e+00
      1368    0.00000e+00    0.00000e+00    0.00000e+00    0.00000e+00    0.00000e+00    1.00000e-10    1.00000e-10    0.00000e+00    0.00000e+00    0.00000e+00    0.00000e+00
      1369    0.00000e+00    0.00000e+00    0.00000e+00    0.00000e+00    0.00000e+00    1.00000e-10    1.00000e-10    0.00000e+00    0.00000e+00    0.00000e+00    0.00000e+00
      1370    0.00000e+00    0.00000e+00    0.00000e+00    0.00000e+00    0.00000e+00    1.00000e-10    1.00000e-10    0.00000e+00    0.00000e+00    0.00000e+00    0.00000e+00
      1371    0.00000e+00    0.00000e+00    0.00000e+00    0.00000e+00    0.00000e+00    1.00000e-10    1.00000e-10    0.00000e+00    0.00000e+00    0.00000e+00    0.00000e+00
      1372    0.00000e+00    0.00000e+00    0.00000e+00    0.00000e+00    0.00000e+00    1.00000e-10    1.00000e-10    0.00000e+00    0.00000e+00    0.00000e+00    0.00000e+00
      1373    0.00000e+00    0.00000e+00    0.00000e+00    0.00000e+00    0.00000e+00    1.00000e-10    1.00000e-10    0.00000e+00    0.00000e+00    0.00000e+00    0.00000e+00
      1374    0.00000e+00    0.00000e+00    0.00000e+00    0.00000e+00    0.00000e+00    1.00000e-10    1.00000e-10    0.00000e+00    0.00000e+00    0.00000e+00    0.00000e+00
      1375    0.00000e+00    0.00000e+00    0.00000e+00    0.00000e+00    0.00000e+00    1.00000e-10    1.00000e-10    0.00000e+00    0.00000e+00    0.00000e+00    0.00000e+00
      1376    0.00000e+00    0.00000e+00    0.00000e+00    0.00000e+00    0.00000e+00    1.00000e-10    1.00000e-10    0.00000e+00    0.00000e+00    0.00000e+00    0.00000e+00
      1377    0.00000e+00    0.00000e+00    0.00000e+00    0.00000e+00    0.00000e+00    1.00000e-10    1.00000e-10    0.00000e+00    0.00000e+00    0.00000e+00    0.00000e+00
      1378    0.00000e+00    0.00000e+00    0.00000e+00    0.00000e+00    0.00000e+00    1.00000e-10    1.00000e-10    0.00000e+00    0.00000e+00    0.00000e+00    0.00000e+00
      1379    0.00000e+00    0.00000e+00    0.00000e+00    0.00000e+00    0.00000e+00    1.00000e-10    1.00000e-10    0.00000e+00    0.00000e+00    0.00000e+00    0.00000e+00
      1380    0.00000e+00    0.00000e+00    0.00000e+00    0.00000e+00    0.00000e+00    1.00000e-10    1.00000e-10    0.00000e+00    0.00000e+00    0.00000e+00    0.00000e+00
      1381    0.00000e+00    0.00000e+00    0.00000e+00    0.00000e+00    0.00000e+00    1.00000e-10    1.00000e-10    0.00000e+00    0.00000e+00    0.00000e+00    0.00000e+00
      1382    0.00000e+00    0.00000e+00    0.00000e+00    0.00000e+00    0.00000e+00    1.00000e-10    1.00000e-10    0.00000e+00    0.00000e+00    0.00000e+00    0.00000e+00
      1383    0.00000e+00    0.00000e+00    0.00000e+00    0.00000e+00    0.00000e+00    1.00000e-10    1.00000e-10    0.00000e+00    0.00000e+00    0.00000e+00    0.00000e+00
      1384    0.00000e+00    0.00000e+00    0.00000e+00    0.00000e+00    0.00000e+00    1.00000e-10    1.00000e-10    0.00000e+00    0.00000e+00    0.00000e+00    0.00000e+00
      1385    0.00000e+00    0.00000e+00    0.00000e+00    0.00000e+00    0.00000e+00    1.00000e-10    1.00000e-10    0.00000e+00    0.00000e+00    0.00000e+00    0.00000e+00
      1386    0.00000e+00    0.00000e+00    0.00000e+00    0.00000e+00    0.00000e+00    1.00000e-10    1.00000e-10    0.00000e+00    0.00000e+00    0.00000e+00    0.00000e+00
      1387    0.00000e+00    0.00000e+00    0.00000e+00    0.00000e+00    0.00000e+00    1.00000e-10    1.00000e-10    0.00000e+00    0.00000e+00    0.00000e+00    0.00000e+00
      1388    0.00000e+00    0.00000e+00    0.00000e+00    0.00000e+00    0.00000e+00    1.00000e-10    1.00000e-10    0.00000e+00    0.00000e+00    0.00000e+00    0.00000e+00
      1389    0.00000e+00    0.00000e+00    0.00000e+00    0.00000e+00    0.00000e+00    1.00000e-10    1.00000e-10    0.00000e+00    0.00000e+00    0.00000e+00    0.00000e+00
      1390    0.00000e+00    0.00000e+00    0.00000e+00    0.00000e+00    0.00000e+00    1.00000e-10    1.00000e-10    0.00000e+00    0.00000e+00    0.00000e+00    0.00000e+00
      1391    0.00000e+00    0.00000e+00    0.00000e+00    0.00000e+00    0.00000e+00    1.00000e-10    1.00000e-10    0.00000e+00    0.00000e+00    0.00000e+00    0.00000e+00
      1392    0.00000e+00    0.00000e+00    0.00000e+00    0.00000e+00    0.00000e+00    1.00000e-10    1.00000e-10    0.00000e+00    0.00000e+00    0.00000e+00    0.00000e+00
      1393    0.00000e+00    0.00000e+00    0.00000e+00    0.00000e+00    0.00000e+00    1.00000e-10    1.00000e-10    0.00000e+00    0.00000e+00    0.00000e+00    0.00000e+00
      1394    0.00000e+00    0.00000e+00    0.00000e+00    0.00000e+00    0.00000e+00    1.00000e-10    1.00000e-10    0.00000e+00    0.00000e+00    0.00000e+00    0.00000e+00
      1395    0.00000e+00    0.00000e+00    0.00000e+00    0.00000e+00    0.00000e+00    1.00000e-10    1.00000e-10    0.00000e+00    0.00000e+00    0.00000e+00    0.00000e+00
      1396    0.00000e+00    0.00000e+00    0.00000e+00    0.00000e+00    0.00000e+00    1.00000e-10    1.00000e-10    0.00000e+00    0.00000e+00    0.00000e+00    0.00000e+00
      1397    0.00000e+00    0.00000e+00    0.00000e+00    0.00000e+00    0.00000e+00    1.00000e-10    1.00000e-10    0.00000e+00    0.00000e+00    0.00000e+00    0.00000e+00
      1398    0.00000e+00    0.00000e+00    0.00000e+00    0.00000e+00    0.00000e+00    1.00000e-10    1.00000e-10    0.00000e+00    0.00000e+00    0.00000e+00    0.00000e+00
      1399    0.00000e+00    0.00000e+00    0.00000e+00    0.00000e+00    0.00000e+00    1.00000e-10    1.00000e-10    0.00000e+00    0.00000e+00    0.00000e+00    0.00000e+00
      1400    0.00000e+00    0.00000e+00    0.00000e+00    0.00000e+00    0.00000e+00    1.00000e-10    1.00000e-10    0.00000e+00    0.00000e+00    0.00000e+00    0.00000e+00
      1401    0.00000e+00    0.00000e+00    0.00000e+00    0.00000e+00    0.00000e+00    1.00000e-10    1.00000e-10    0.00000e+00    0.00000e+00    0.00000e+00    0.00000e+00
      1402    0.00000e+00    0.00000e+00    0.00000e+00    0.00000e+00    0.00000e+00    1.00000e-10    1.00000e-10    0.00000e+00    0.00000e+00    0.00000e+00    0.00000e+00
      1403    0.00000e+00    0.00000e+00    0.00000e+00    0.00000e+00    0.00000e+00    1.00000e-10    1.00000e-10    0.00000e+00    0.00000e+00    0.00000e+00    0.00000e+00
      1404    0.00000e+00    0.00000e+00    0.00000e+00    0.00000e+00    0.00000e+00    1.00000e-10    1.00000e-10    0.00000e+00    0.00000e+00    0.00000e+00    0.00000e+00
      1405    0.00000e+00    0.00000e+00    0.00000e+00    0.00000e+00    0.00000e+00    1.00000e-10    1.00000e-10    0.00000e+00    0.00000e+00    0.00000e+00    0.00000e+00
      1406    0.00000e+00    0.00000e+00    0.00000e+00    0.00000e+00    0.00000e+00    1.00000e-10    1.00000e-10    0.00000e+00    0.00000e+00    0.00000e+00    0.00000e+00
      1407    0.00000e+00    0.00000e+00    0.00000e+00    0.00000e+00    0.00000e+00    1.00000e-10    1.00000e-10    0.00000e+00    0.00000e+00    0.00000e+00    0.00000e+00
      1408    0.00000e+00    0.00000e+00    0.00000e+00    0.00000e+00    0.00000e+00    1.00000e-10    1.00000e-10    0.00000e+00    0.00000e+00    0.00000e+00    0.00000e+00
      1409    0.00000e+00    0.00000e+00    0.00000e+00    0.00000e+00    0.00000e+00    1.00000e-10    1.00000e-10    0.00000e+00    0.00000e+00    0.00000e+00    0.00000e+00
      1410    0.00000e+00    0.00000e+00    0.00000e+00    0.00000e+00    0.00000e+00    1.00000e-10    1.00000e-10    0.00000e+00    0.00000e+00    0.00000e+00    0.00000e+00
      1411    0.00000e+00    0.00000e+00    0.00000e+00    0.00000e+00    0.00000e+00    1.00000e-10    1.00000e-10    0.00000e+00    0.00000e+00    0.00000e+00    0.00000e+00
      1412    0.00000e+00    0.00000e+00    0.00000e+00    0.00000e+00    0.00000e+00    1.00000e-10    1.00000e-10    0.00000e+00    0.00000e+00    0.00000e+00    0.00000e+00
      1413    0.00000e+00    0.00000e+00    0.00000e+00    0.00000e+00    0.00000e+00    1.00000e-10    1.00000e-10    0.00000e+00    0.00000e+00    0.00000e+00    0.00000e+00
      1414    0.00000e+00    0.00000e+00    0.00000e+00    0.00000e+00    0.00000e+00    1.00000e-10    1.00000e-10    0.00000e+00    0.00000e+00    0.00000e+00    0.00000e+00
      1415    0.00000e+00    0.00000e+00    0.00000e+00    0.00000e+00    0.00000e+00    1.00000e-10    1.00000e-10    0.00000e+00    0.00000e+00    0.00000e+00    0.00000e+00
      1416    0.00000e+00    0.00000e+00    0.00000e+00    0.00000e+00    0.00000e+00    1.00000e-10    1.00000e-10    0.00000e+00    0.00000e+00    0.00000e+00    0.00000e+00
      1417    0.00000e+00    0.00000e+00    0.00000e+00    0.00000e+00    0.00000e+00    1.00000e-10    1.00000e-10    0.00000e+00    0.00000e+00    0.00000e+00    0.00000e+00
      1418    0.00000e+00    0.00000e+00    0.00000e+00    0.00000e+00    0.00000e+00    1.00000e-10    1.00000e-10    0.00000e+00    0.00000e+00    0.00000e+00    0.00000e+00
      1419    0.00000e+00    0.00000e+00    0.00000e+00    0.00000e+00    0.00000e+00    1.00000e-10    1.00000e-10    0.00000e+00    0.00000e+00    0.00000e+00    0.00000e+00
      1420    0.00000e+00    0.00000e+00    0.00000e+00    0.00000e+00    0.00000e+00    1.00000e-10    1.00000e-10    0.00000e+00    0.00000e+00    0.00000e+00    0.00000e+00
      1421    0.00000e+00    0.00000e+00    0.00000e+00    0.00000e+00    0.00000e+00    1.00000e-10    1.00000e-10    0.00000e+00    0.00000e+00    0.00000e+00    0.00000e+00
      1422    0.00000e+00    0.00000e+00    0.00000e+00    0.00000e+00    0.00000e+00    1.00000e-10    1.00000e-10    0.00000e+00    0.00000e+00    0.00000e+00    0.00000e+00
      1423    0.00000e+00    0.00000e+00    0.00000e+00    0.00000e+00    0.00000e+00    1.00000e-10    1.00000e-10    0.00000e+00    0.00000e+00    0.00000e+00    0.00000e+00
      1424    0.00000e+00    0.00000e+00    0.00000e+00    0.00000e+00    0.00000e+00    1.00000e-10    1.00000e-10    0.00000e+00    0.00000e+00    0.00000e+00    0.00000e+00
      1425    0.00000e+00    0.00000e+00    0.00000e+00    0.00000e+00    0.00000e+00    1.00000e-10    1.00000e-10    0.00000e+00    0.00000e+00    0.00000e+00    0.00000e+00
      1426    0.00000e+00    0.00000e+00    0.00000e+00    0.00000e+00    0.00000e+00    1.00000e-10    1.00000e-10    0.00000e+00    0.00000e+00    0.00000e+00    0.00000e+00
      1427    0.00000e+00    0.00000e+00    0.00000e+00    0.00000e+00    0.00000e+00    1.00000e-10    1.00000e-10    0.00000e+00    0.00000e+00    0.00000e+00    0.00000e+00
      1428    0.00000e+00    0.00000e+00    0.00000e+00    0.00000e+00    0.00000e+00    1.00000e-10    1.00000e-10    0.00000e+00    0.00000e+00    0.00000e+00    0.00000e+00
      1429    0.00000e+00    0.00000e+00    0.00000e+00    0.00000e+00    0.00000e+00    1.00000e-10    1.00000e-10    0.00000e+00    0.00000e+00    0.00000e+00    0.00000e+00
      1430    0.00000e+00    0.00000e+00    0.00000e+00    0.00000e+00    0.00000e+00    1.00000e-10    1.00000e-10    0.00000e+00    0.00000e+00    0.00000e+00    0.00000e+00
      1431    0.00000e+00    0.00000e+00    0.00000e+00    0.00000e+00    0.00000e+00    1.00000e-10    1.00000e-10    0.00000e+00    0.00000e+00    0.00000e+00    0.00000e+00
      1432    0.00000e+00    0.00000e+00    0.00000e+00    0.00000e+00    0.00000e+00    1.00000e-10    1.00000e-10    0.00000e+00    0.00000e+00    0.00000e+00    0.00000e+00
      1433    0.00000e+00    0.00000e+00    0.00000e+00    0.00000e+00    0.00000e+00    1.00000e-10    1.00000e-10    0.00000e+00    0.00000e+00    0.00000e+00    0.00000e+00
      1434    0.00000e+00    0.00000e+00    0.00000e+00    0.00000e+00    0.00000e+00    1.00000e-10    1.00000e-10    0.00000e+00    0.00000e+00    0.00000e+00    0.00000e+00
      1435    0.00000e+00    0.00000e+00    0.00000e+00    0.00000e+00    0.00000e+00    1.00000e-10    1.00000e-10    0.00000e+00    0.00000e+00    0.00000e+00    0.00000e+00
      1436    0.00000e+00    0.00000e+00    0.00000e+00    0.00000e+00    0.00000e+00    1.00000e-10    1.00000e-10    0.00000e+00    0.00000e+00    0.00000e+00    0.00000e+00
      1437    0.00000e+00    0.00000e+00    0.00000e+00    0.00000e+00    0.00000e+00    1.00000e-10    1.00000e-10    0.00000e+00    0.00000e+00    0.00000e+00    0.00000e+00
      1438    0.00000e+00    0.00000e+00    0.00000e+00    0.00000e+00    0.00000e+00    1.00000e-10    1.00000e-10    0.00000e+00    0.00000e+00    0.00000e+00    0.00000e+00
      1439    0.00000e+00    0.00000e+00    0.00000e+00    0.00000e+00    0.00000e+00    1.00000e-10    1.00000e-10    0.00000e+00    0.00000e+00    0.00000e+00    0.00000e+00
      1440    0.00000e+00    0.00000e+00    0.00000e+00    0.00000e+00    0.00000e+00    1.00000e-10    1.00000e-10    0.00000e+00    0.00000e+00    0.00000e+00    0.00000e+00
      1441    0.00000e+00    0.00000e+00    0.00000e+00    0.00000e+00    0.00000e+00    1.00000e-10    1.00000e-10    0.00000e+00    0.00000e+00    0.00000e+00    0.00000e+00
      1442    0.00000e+00    0.00000e+00    0.00000e+00    0.00000e+00    0.00000e+00    1.00000e-10    1.00000e-10    0.00000e+00    0.00000e+00    0.00000e+00    0.00000e+00
      1443    0.00000e+00    0.00000e+00    0.00000e+00    0.00000e+00    0.00000e+00    1.00000e-10    1.00000e-10    0.00000e+00    0.00000e+00    0.00000e+00    0.00000e+00
      1444    0.00000e+00    0.00000e+00    0.00000e+00    0.00000e+00    0.00000e+00    1.00000e-10    1.00000e-10    0.00000e+00    0.00000e+00    0.00000e+00    0.00000e+00
      1445    0.00000e+00    0.00000e+00    0.00000e+00    0.00000e+00    0.00000e+00    1.00000e-10    1.00000e-10    0.00000e+00    0.00000e+00    0.00000e+00    0.00000e+00
      1446    0.00000e+00    0.00000e+00    0.00000e+00    0.00000e+00    0.00000e+00    1.00000e-10    1.00000e-10    0.00000e+00    0.00000e+00    0.00000e+00    0.00000e+00
      1447    0.00000e+00    0.00000e+00    0.00000e+00    0.00000e+00    0.00000e+00    1.00000e-10    1.00000e-10    0.00000e+00    0.00000e+00    0.00000e+00    0.00000e+00
      1448    0.00000e+00    0.00000e+00    0.00000e+00    0.00000e+00    0.00000e+00    1.00000e-10    1.00000e-10    0.00000e+00    0.00000e+00    0.00000e+00    0.00000e+00
      1449    0.00000e+00    0.00000e+00    0.00000e+00    0.00000e+00    0.00000e+00    1.00000e-10    1.00000e-10    0.00000e+00    0.00000e+00    0.00000e+00    0.00000e+00
      1450    0.00000e+00    0.00000e+00    0.00000e+00    0.00000e+00    0.00000e+00    1.00000e-10    1.00000e-10    0.00000e+00    0.00000e+00    0.00000e+00    0.00000e+00
      1451    0.00000e+00    0.00000e+00    0.00000e+00    0.00000e+00    0.00000e+00    1.00000e-10    1.00000e-10    0.00000e+00    0.00000e+00    0.00000e+00    0.00000e+00
      1452    0.00000e+00    0.00000e+00    0.00000e+00    0.00000e+00    0.00000e+00    1.00000e-10    1.00000e-10    0.00000e+00    0.00000e+00    0.00000e+00    0.00000e+00
      1453    0.00000e+00    0.00000e+00    0.00000e+00    0.00000e+00    0.00000e+00    1.00000e-10    1.00000e-10    0.00000e+00    0.00000e+00    0.00000e+00    0.00000e+00
      1454    0.00000e+00    0.00000e+00    0.00000e+00    0.00000e+00    0.00000e+00    1.00000e-10    1.00000e-10    0.00000e+00    0.00000e+00    0.00000e+00    0.00000e+00
      1455    0.00000e+00    0.00000e+00    0.00000e+00    0.00000e+00    0.00000e+00    1.00000e-10    1.00000e-10    0.00000e+00    0.00000e+00    0.00000e+00    0.00000e+00
      1456    0.00000e+00    0.00000e+00    0.00000e+00    0.00000e+00    0.00000e+00    1.00000e-10    1.00000e-10    0.00000e+00    0.00000e+00    0.00000e+00    0.00000e+00
      1457    0.00000e+00    0.00000e+00    0.00000e+00    0.00000e+00    0.00000e+00    1.00000e-10    1.00000e-10    0.00000e+00    0.00000e+00    0.00000e+00    0.00000e+00
      1458    0.00000e+00    0.00000e+00    0.00000e+00    0.00000e+00    0.00000e+00    1.00000e-10    1.00000e-10    0.00000e+00    0.00000e+00    0.00000e+00    0.00000e+00
      1459    0.00000e+00    0.00000e+00    0.00000e+00    0.00000e+00    0.00000e+00    1.00000e-10    1.00000e-10    0.00000e+00    0.00000e+00    0.00000e+00    0.00000e+00
      1460    0.00000e+00    0.00000e+00    0.00000e+00    0.00000e+00    0.00000e+00    1.00000e-10    1.00000e-10    0.00000e+00    0.00000e+00    0.00000e+00    0.00000e+00
      1461    0.00000e+00    0.00000e+00    0.00000e+00    0.00000e+00    0.00000e+00    1.00000e-10    1.00000e-10    0.00000e+00    0.00000e+00    0.00000e+00    0.00000e+00
      1462    0.00000e+00    0.00000e+00    0.00000e+00    0.00000e+00    0.00000e+00    1.00000e-10    1.00000e-10    0.00000e+00    0.00000e+00    0.00000e+00    0.00000e+00
      1463    0.00000e+00    0.00000e+00    0.00000e+00    0.00000e+00    0.00000e+00    1.00000e-10    1.00000e-10    0.00000e+00    0.00000e+00    0.00000e+00    0.00000e+00
      1464    0.00000e+00    0.00000e+00    0.00000e+00    0.00000e+00    0.00000e+00    1.00000e-10    1.00000e-10    0.00000e+00    0.00000e+00    0.00000e+00    0.00000e+00
      1465    0.00000e+00    0.00000e+00    0.00000e+00    0.00000e+00    0.00000e+00    1.00000e-10    1.00000e-10    0.00000e+00    0.00000e+00    0.00000e+00    0.00000e+00
      1466    0.00000e+00    0.00000e+00    0.00000e+00    0.00000e+00    0.00000e+00    1.00000e-10    1.00000e-10    0.00000e+00    0.00000e+00    0.00000e+00    0.00000e+00
      1467    0.00000e+00    0.00000e+00    0.00000e+00    0.00000e+00    0.00000e+00    1.00000e-10    1.00000e-10    0.00000e+00    0.00000e+00    0.00000e+00    0.00000e+00
      1468    0.00000e+00    0.00000e+00    0.00000e+00    0.00000e+00    0.00000e+00    1.00000e-10    1.00000e-10    0.00000e+00    0.00000e+00    0.00000e+00    0.00000e+00
      1469    0.00000e+00    0.00000e+00    0.00000e+00    0.00000e+00    0.00000e+00    1.00000e-10    1.00000e-10    0.00000e+00    0.00000e+00    0.00000e+00    0.00000e+00
      1470    0.00000e+00    0.00000e+00    0.00000e+00    0.00000e+00    0.00000e+00    1.00000e-10    1.00000e-10    0.00000e+00    0.00000e+00    0.00000e+00    0.00000e+00
      1471    0.00000e+00    0.00000e+00    0.00000e+00    0.00000e+00    0.00000e+00    1.00000e-10    1.00000e-10    0.00000e+00    0.00000e+00    0.00000e+00    0.00000e+00
      1472    0.00000e+00    0.00000e+00    0.00000e+00    0.00000e+00    0.00000e+00    1.00000e-10    1.00000e-10    0.00000e+00    0.00000e+00    0.00000e+00    0.00000e+00
      1473    0.00000e+00    0.00000e+00    0.00000e+00    0.00000e+00    0.00000e+00    1.00000e-10    1.00000e-10    0.00000e+00    0.00000e+00    0.00000e+00    0.00000e+00
      1474    0.00000e+00    0.00000e+00    0.00000e+00    0.00000e+00    0.00000e+00    1.00000e-10    1.00000e-10    0.00000e+00    0.00000e+00    0.00000e+00    0.00000e+00
      1475    0.00000e+00    0.00000e+00    0.00000e+00    0.00000e+00    0.00000e+00    1.00000e-10    1.00000e-10    0.00000e+00    0.00000e+00    0.00000e+00    0.00000e+00
      1476    0.00000e+00    0.00000e+00    0.00000e+00    0.00000e+00    0.00000e+00    1.00000e-10    1.00000e-10    0.00000e+00    0.00000e+00    0.00000e+00    0.00000e+00
      1477    0.00000e+00    0.00000e+00    0.00000e+00    0.00000e+00    0.00000e+00    1.00000e-10    1.00000e-10    0.00000e+00    0.00000e+00    0.00000e+00    0.00000e+00
      1478    0.00000e+00    0.00000e+00    0.00000e+00    0.00000e+00    0.00000e+00    1.00000e-10    1.00000e-10    0.00000e+00    0.00000e+00    0.00000e+00    0.00000e+00
      1479    0.00000e+00    0.00000e+00    0.00000e+00    0.00000e+00    0.00000e+00    1.00000e-10    1.00000e-10    0.00000e+00    0.00000e+00    0.00000e+00    0.00000e+00
      1480    0.00000e+00    0.00000e+00    0.00000e+00    0.00000e+00    0.00000e+00    1.00000e-10    1.00000e-10    0.00000e+00    0.00000e+00    0.00000e+00    0.00000e+00
      1481    0.00000e+00    0.00000e+00    0.00000e+00    0.00000e+00    0.00000e+00    1.00000e-10    1.00000e-10    0.00000e+00    0.00000e+00    0.00000e+00    0.00000e+00
      1482    0.00000e+00    0.00000e+00    0.00000e+00    0.00000e+00    0.00000e+00    1.00000e-10    1.00000e-10    0.00000e+00    0.00000e+00    0.00000e+00    0.00000e+00
      1483    0.00000e+00    0.00000e+00    0.00000e+00    0.00000e+00    0.00000e+00    1.00000e-10    1.00000e-10    0.00000e+00    0.00000e+00    0.00000e+00    0.00000e+00
      1484    0.00000e+00    0.00000e+00    0.00000e+00    0.00000e+00    0.00000e+00    1.00000e-10    1.00000e-10    0.00000e+00    0.00000e+00    0.00000e+00    0.00000e+00
      1485    0.00000e+00    0.00000e+00    0.00000e+00    0.00000e+00    0.00000e+00    1.00000e-10    1.00000e-10    0.00000e+00    0.00000e+00    0.00000e+00    0.00000e+00
      1486    0.00000e+00    0.00000e+00    0.00000e+00    0.00000e+00    0.00000e+00    1.00000e-10    1.00000e-10    0.00000e+00    0.00000e+00    0.00000e+00    0.00000e+00
      1487    0.00000e+00    0.00000e+00    0.00000e+00    0.00000e+00    0.00000e+00    1.00000e-10    1.00000e-10    0.00000e+00    0.00000e+00    0.00000e+00    0.00000e+00
      1488    0.00000e+00    0.00000e+00    0.00000e+00    0.00000e+00    0.00000e+00    1.00000e-10    1.00000e-10    0.00000e+00    0.00000e+00    0.00000e+00    0.00000e+00
      1489    0.00000e+00    0.00000e+00    0.00000e+00    0.00000e+00    0.00000e+00    1.00000e-10    1.00000e-10    0.00000e+00    0.00000e+00    0.00000e+00    0.00000e+00
      1490    0.00000e+00    0.00000e+00    0.00000e+00    0.00000e+00    0.00000e+00    1.00000e-10    1.00000e-10    0.00000e+00    0.00000e+00    0.00000e+00    0.00000e+00
      1491    0.00000e+00    0.00000e+00    0.00000e+00    0.00000e+00    0.00000e+00    1.00000e-10    1.00000e-10    0.00000e+00    0.00000e+00    0.00000e+00    0.00000e+00
      1492    0.00000e+00    0.00000e+00    0.00000e+00    0.00000e+00    0.00000e+00    1.00000e-10    1.00000e-10    0.00000e+00    0.00000e+00    0.00000e+00    0.00000e+00
      1493    0.00000e+00    0.00000e+00    0.00000e+00    0.00000e+00    0.00000e+00    1.00000e-10    1.00000e-10    0.00000e+00    0.00000e+00    0.00000e+00    0.00000e+00
      1494    0.00000e+00    0.00000e+00    0.00000e+00    0.00000e+00    0.00000e+00    1.00000e-10    1.00000e-10    0.00000e+00    0.00000e+00    0.00000e+00    0.00000e+00
      1495    0.00000e+00    0.00000e+00    0.00000e+00    0.00000e+00    0.00000e+00    1.00000e-10    1.00000e-10    0.00000e+00    0.00000e+00    0.00000e+00    0.00000e+00
      1496    0.00000e+00    0.00000e+00    0.00000e+00    0.00000e+00    0.00000e+00    1.00000e-10    1.00000e-10    0.00000e+00    0.00000e+00    0.00000e+00    0.00000e+00
      1497    0.00000e+00    0.00000e+00    0.00000e+00    0.00000e+00    0.00000e+00    1.00000e-10    1.00000e-10    0.00000e+00    0.00000e+00    0.00000e+00    0.00000e+00
      1498    0.00000e+00    0.00000e+00    0.00000e+00    0.00000e+00    0.00000e+00    1.00000e-10    1.00000e-10    0.00000e+00    0.00000e+00    0.00000e+00    0.00000e+00
      1499    0.00000e+00    0.00000e+00    0.00000e+00    0.00000e+00    0.00000e+00    1.00000e-10    1.00000e-10    0.00000e+00    0.00000e+00    0.00000e+00    0.00000e+00
      1500    0.00000e+00    0.00000e+00    0.00000e+00    0.00000e+00    0.00000e+00    1.00000e-10    1.00000e-10    0.00000e+00    0.00000e+00    0.00000e+00    0.00000e+00
      1501    0.00000e+00    0.00000e+00    0.00000e+00    0.00000e+00    0.00000e+00    1.00000e-10    1.00000e-10    0.00000e+00    0.00000e+00    0.00000e+00    0.00000e+00
      1502    0.00000e+00    0.00000e+00    0.00000e+00    0.00000e+00    0.00000e+00    1.00000e-10    1.00000e-10    0.00000e+00    0.00000e+00    0.00000e+00    0.00000e+00
      1503    0.00000e+00    0.00000e+00    0.00000e+00    0.00000e+00    0.00000e+00    1.00000e-10    1.00000e-10    0.00000e+00    0.00000e+00    0.00000e+00    0.00000e+00
      1504    0.00000e+00    0.00000e+00    0.00000e+00    0.00000e+00    0.00000e+00    1.00000e-10    1.00000e-10    0.00000e+00    0.00000e+00    0.00000e+00    0.00000e+00
      1505    0.00000e+00    0.00000e+00    0.00000e+00    0.00000e+00    0.00000e+00    1.00000e-10    1.00000e-10    0.00000e+00    0.00000e+00    0.00000e+00    0.00000e+00
      1506    0.00000e+00    0.00000e+00    0.00000e+00    0.00000e+00    0.00000e+00    1.00000e-10    1.00000e-10    0.00000e+00    0.00000e+00    0.00000e+00    0.00000e+00
      1507    0.00000e+00    0.00000e+00    0.00000e+00    0.00000e+00    0.00000e+00    1.00000e-10    1.00000e-10    0.00000e+00    0.00000e+00    0.00000e+00    0.00000e+00
      1508    0.00000e+00    0.00000e+00    0.00000e+00    0.00000e+00    0.00000e+00    1.00000e-10    1.00000e-10    0.00000e+00    0.00000e+00    0.00000e+00    0.00000e+00
      1509    0.00000e+00    0.00000e+00    0.00000e+00    0.00000e+00    0.00000e+00    1.00000e-10    1.00000e-10    0.00000e+00    0.00000e+00    0.00000e+00    0.00000e+00
      1510    0.00000e+00    0.00000e+00    0.00000e+00    0.00000e+00    0.00000e+00    1.00000e-10    1.00000e-10    0.00000e+00    0.00000e+00    0.00000e+00    0.00000e+00
      1511    0.00000e+00    0.00000e+00    0.00000e+00    0.00000e+00    0.00000e+00    1.00000e-10    1.00000e-10    0.00000e+00    0.00000e+00    0.00000e+00    0.00000e+00
      1512    0.00000e+00    0.00000e+00    0.00000e+00    0.00000e+00    0.00000e+00    1.00000e-10    1.00000e-10    0.00000e+00    0.00000e+00    0.00000e+00    0.00000e+00
      1513    0.00000e+00    0.00000e+00    0.00000e+00    0.00000e+00    0.00000e+00    1.00000e-10    1.00000e-10    0.00000e+00    0.00000e+00    0.00000e+00    0.00000e+00
      1514    0.00000e+00    0.00000e+00    0.00000e+00    0.00000e+00    0.00000e+00    1.00000e-10    1.00000e-10    0.00000e+00    0.00000e+00    0.00000e+00    0.00000e+00
      1515    0.00000e+00    0.00000e+00    0.00000e+00    0.00000e+00    0.00000e+00    1.00000e-10    1.00000e-10    0.00000e+00    0.00000e+00    0.00000e+00    0.00000e+00
      1516    0.00000e+00    0.00000e+00    0.00000e+00    0.00000e+00    0.00000e+00    1.00000e-10    1.00000e-10    0.00000e+00    0.00000e+00    0.00000e+00    0.00000e+00
      1517    0.00000e+00    0.00000e+00    0.00000e+00    0.00000e+00    0.00000e+00    1.00000e-10    1.00000e-10    0.00000e+00    0.00000e+00    0.00000e+00    0.00000e+00
      1518    0.00000e+00    0.00000e+00    0.00000e+00    0.00000e+00    0.00000e+00    1.00000e-10    1.00000e-10    0.00000e+00    0.00000e+00    0.00000e+00    0.00000e+00
      1519    0.00000e+00    0.00000e+00    0.00000e+00    0.00000e+00    0.00000e+00    1.00000e-10    1.00000e-10    0.00000e+00    0.00000e+00    0.00000e+00    0.00000e+00
      1520    0.00000e+00    0.00000e+00    0.00000e+00    0.00000e+00    0.00000e+00    1.00000e-10    1.00000e-10    0.00000e+00    0.00000e+00    0.00000e+00    0.00000e+00
      1521    0.00000e+00    0.00000e+00    0.00000e+00    0.00000e+00    0.00000e+00    1.00000e-10    1.00000e-10    0.00000e+00    0.00000e+00    0.00000e+00    0.00000e+00
      1522    0.00000e+00    0.00000e+00    0.00000e+00    0.00000e+00    0.00000e+00    1.00000e-10    1.00000e-10    0.00000e+00    0.00000e+00    0.00000e+00    0.00000e+00
      1523    0.00000e+00    0.00000e+00    0.00000e+00    0.00000e+00    0.00000e+00    1.00000e-10    1.00000e-10    0.00000e+00    0.00000e+00    0.00000e+00    0.00000e+00
      1524    0.00000e+00    0.00000e+00    0.00000e+00    0.00000e+00    0.00000e+00    1.00000e-10    1.00000e-10    0.00000e+00    0.00000e+00    0.00000e+00    0.00000e+00
      1525    0.00000e+00    0.00000e+00    0.00000e+00    0.00000e+00    0.00000e+00    1.00000e-10    1.00000e-10    0.00000e+00    0.00000e+00    0.00000e+00    0.00000e+00
      1526    0.00000e+00    0.00000e+00    0.00000e+00    0.00000e+00    0.00000e+00    1.00000e-10    1.00000e-10    0.00000e+00    0.00000e+00    0.00000e+00    0.00000e+00
      1527    0.00000e+00    0.00000e+00    0.00000e+00    0.00000e+00    0.00000e+00    1.00000e-10    1.00000e-10    0.00000e+00    0.00000e+00    0.00000e+00    0.00000e+00
      1528    0.00000e+00    0.00000e+00    0.00000e+00    0.00000e+00    0.00000e+00    1.00000e-10    1.00000e-10    0.00000e+00    0.00000e+00    0.00000e+00    0.00000e+00
      1529    0.00000e+00    0.00000e+00    0.00000e+00    0.00000e+00    0.00000e+00    1.00000e-10    1.00000e-10    0.00000e+00    0.00000e+00    0.00000e+00    0.00000e+00
      1530    0.00000e+00    0.00000e+00    0.00000e+00    0.00000e+00    0.00000e+00    1.00000e-10    1.00000e-10    0.00000e+00    0.00000e+00    0.00000e+00    0.00000e+00
      1531    0.00000e+00    0.00000e+00    0.00000e+00    0.00000e+00    0.00000e+00    1.00000e-10    1.00000e-10    0.00000e+00    0.00000e+00    0.00000e+00    0.00000e+00
      1532    0.00000e+00    0.00000e+00    0.00000e+00    0.00000e+00    0.00000e+00    1.00000e-10    1.00000e-10    0.00000e+00    0.00000e+00    0.00000e+00    0.00000e+00
      1533    0.00000e+00    0.00000e+00    0.00000e+00    0.00000e+00    0.00000e+00    1.00000e-10    1.00000e-10    0.00000e+00    0.00000e+00    0.00000e+00    0.00000e+00
      1534    0.00000e+00    0.00000e+00    0.00000e+00    0.00000e+00    0.00000e+00    1.00000e-10    1.00000e-10    0.00000e+00    0.00000e+00    0.00000e+00    0.00000e+00
      1535    0.00000e+00    0.00000e+00    0.00000e+00    0.00000e+00    0.00000e+00    1.00000e-10    1.00000e-10    0.00000e+00    0.00000e+00    0.00000e+00    0.00000e+00
      1536    0.00000e+00    0.00000e+00    0.00000e+00    0.00000e+00    0.00000e+00    1.00000e-10    1.00000e-10    0.00000e+00    0.00000e+00    0.00000e+00    0.00000e+00
      1537    0.00000e+00    0.00000e+00    0.00000e+00    0.00000e+00    0.00000e+00    1.00000e-10    1.00000e-10    0.00000e+00    0.00000e+00    0.00000e+00    0.00000e+00
      1538    0.00000e+00    0.00000e+00    0.00000e+00    0.00000e+00    0.00000e+00    1.00000e-10    1.00000e-10    0.00000e+00    0.00000e+00    0.00000e+00    0.00000e+00
      1539    0.00000e+00    0.00000e+00    0.00000e+00    0.00000e+00    0.00000e+00    1.00000e-10    1.00000e-10    0.00000e+00    0.00000e+00    0.00000e+00    0.00000e+00
      1540    0.00000e+00    0.00000e+00    0.00000e+00    0.00000e+00    0.00000e+00    1.00000e-10    1.00000e-10    0.00000e+00    0.00000e+00    0.00000e+00    0.00000e+00
      1541    0.00000e+00    0.00000e+00    0.00000e+00    0.00000e+00    0.00000e+00    1.00000e-10    1.00000e-10    0.00000e+00    0.00000e+00    0.00000e+00    0.00000e+00
      1542    0.00000e+00    0.00000e+00    0.00000e+00    0.00000e+00    0.00000e+00    1.00000e-10    1.00000e-10    0.00000e+00    0.00000e+00    0.00000e+00    0.00000e+00
      1543    0.00000e+00    0.00000e+00    0.00000e+00    0.00000e+00    0.00000e+00    1.00000e-10    1.00000e-10    0.00000e+00    0.00000e+00    0.00000e+00    0.00000e+00
      1544    0.00000e+00    0.00000e+00    0.00000e+00    0.00000e+00    0.00000e+00    1.00000e-10    1.00000e-10    0.00000e+00    0.00000e+00    0.00000e+00    0.00000e+00
      1545    0.00000e+00    0.00000e+00    0.00000e+00    0.00000e+00    0.00000e+00    1.00000e-10    1.00000e-10    0.00000e+00    0.00000e+00    0.00000e+00    0.00000e+00
      1546    0.00000e+00    0.00000e+00    0.00000e+00    0.00000e+00    0.00000e+00    1.00000e-10    1.00000e-10    0.00000e+00    0.00000e+00    0.00000e+00    0.00000e+00
      1547    0.00000e+00    0.00000e+00    0.00000e+00    0.00000e+00    0.00000e+00    1.00000e-10    1.00000e-10    0.00000e+00    0.00000e+00    0.00000e+00    0.00000e+00
      1548    0.00000e+00    0.00000e+00    0.00000e+00    0.00000e+00    0.00000e+00    1.00000e-10    1.00000e-10    0.00000e+00    0.00000e+00    0.00000e+00    0.00000e+00
      1549    0.00000e+00    0.00000e+00    0.00000e+00    0.00000e+00    0.00000e+00    1.00000e-10    1.00000e-10    0.00000e+00    0.00000e+00    0.00000e+00    0.00000e+00
      1550    0.00000e+00    0.00000e+00    0.00000e+00    0.00000e+00    0.00000e+00    1.00000e-10    1.00000e-10    0.00000e+00    0.00000e+00    0.00000e+00    0.00000e+00
      1551    0.00000e+00    0.00000e+00    0.00000e+00    0.00000e+00    0.00000e+00    1.00000e-10    1.00000e-10    0.00000e+00    0.00000e+00    0.00000e+00    0.00000e+00
      1552    0.00000e+00    0.00000e+00    0.00000e+00    0.00000e+00    0.00000e+00    1.00000e-10    1.00000e-10    0.00000e+00    0.00000e+00    0.00000e+00    0.00000e+00
      1553    0.00000e+00    0.00000e+00    0.00000e+00    0.00000e+00    0.00000e+00    1.00000e-10    1.00000e-10    0.00000e+00    0.00000e+00    0.00000e+00    0.00000e+00
      1554    0.00000e+00    0.00000e+00    0.00000e+00    0.00000e+00    0.00000e+00    1.00000e-10    1.00000e-10    0.00000e+00    0.00000e+00    0.00000e+00    0.00000e+00
      1555    0.00000e+00    0.00000e+00    0.00000e+00    0.00000e+00    0.00000e+00    1.00000e-10    1.00000e-10    0.00000e+00    0.00000e+00    0.00000e+00    0.00000e+00
      1556    0.00000e+00    0.00000e+00    0.00000e+00    0.00000e+00    0.00000e+00    1.00000e-10    1.00000e-10    0.00000e+00    0.00000e+00    0.00000e+00    0.00000e+00
      1557    0.00000e+00    0.00000e+00    0.00000e+00    0.00000e+00    0.00000e+00    1.00000e-10    1.00000e-10    0.00000e+00    0.00000e+00    0.00000e+00    0.00000e+00
      1558    0.00000e+00    0.00000e+00    0.00000e+00    0.00000e+00    0.00000e+00    1.00000e-10    1.00000e-10    0.00000e+00    0.00000e+00    0.00000e+00    0.00000e+00
      1559    0.00000e+00    0.00000e+00    0.00000e+00    0.00000e+00    0.00000e+00    1.00000e-10    1.00000e-10    0.00000e+00    0.00000e+00    0.00000e+00    0.00000e+00
      1560    0.00000e+00    0.00000e+00    0.00000e+00    0.00000e+00    0.00000e+00    1.00000e-10    1.00000e-10    0.00000e+00    0.00000e+00    0.00000e+00    0.00000e+00
      1561    0.00000e+00    0.00000e+00    0.00000e+00    0.00000e+00    0.00000e+00    1.00000e-10    1.00000e-10    0.00000e+00    0.00000e+00    0.00000e+00    0.00000e+00
      1562    0.00000e+00    0.00000e+00    0.00000e+00    0.00000e+00    0.00000e+00    1.00000e-10    1.00000e-10    0.00000e+00    0.00000e+00    0.00000e+00    0.00000e+00
      1563    0.00000e+00    0.00000e+00    0.00000e+00    0.00000e+00    0.00000e+00    1.00000e-10    1.00000e-10    0.00000e+00    0.00000e+00    0.00000e+00    0.00000e+00
      1564    0.00000e+00    0.00000e+00    0.00000e+00    0.00000e+00    0.00000e+00    1.00000e-10    1.00000e-10    0.00000e+00    0.00000e+00    0.00000e+00    0.00000e+00
      1565    0.00000e+00    0.00000e+00    0.00000e+00    0.00000e+00    0.00000e+00    1.00000e-10    1.00000e-10    0.00000e+00    0.00000e+00    0.00000e+00    0.00000e+00
      1566    0.00000e+00    0.00000e+00    0.00000e+00    0.00000e+00    0.00000e+00    1.00000e-10    1.00000e-10    0.00000e+00    0.00000e+00    0.00000e+00    0.00000e+00
      1567    0.00000e+00    0.00000e+00    0.00000e+00    0.00000e+00    0.00000e+00    1.00000e-10    1.00000e-10    0.00000e+00    0.00000e+00    0.00000e+00    0.00000e+00
      1568    0.00000e+00    0.00000e+00    0.00000e+00    0.00000e+00    0.00000e+00    1.00000e-10    1.00000e-10    0.00000e+00    0.00000e+00    0.00000e+00    0.00000e+00
      1569    0.00000e+00    0.00000e+00    0.00000e+00    0.00000e+00    0.00000e+00    1.00000e-10    1.00000e-10    0.00000e+00    0.00000e+00    0.00000e+00    0.00000e+00
      1570    0.00000e+00    0.00000e+00    0.00000e+00    0.00000e+00    0.00000e+00    1.00000e-10    1.00000e-10    0.00000e+00    0.00000e+00    0.00000e+00    0.00000e+00
      1571    0.00000e+00    0.00000e+00    0.00000e+00    0.00000e+00    0.00000e+00    1.00000e-10    1.00000e-10    0.00000e+00    0.00000e+00    0.00000e+00    0.00000e+00
      1572    0.00000e+00    0.00000e+00    0.00000e+00    0.00000e+00    0.00000e+00    1.00000e-10    1.00000e-10    0.00000e+00    0.00000e+00    0.00000e+00    0.00000e+00
      1573    0.00000e+00    0.00000e+00    0.00000e+00    0.00000e+00    0.00000e+00    1.00000e-10    1.00000e-10    0.00000e+00    0.00000e+00    0.00000e+00    0.00000e+00
      1574    0.00000e+00    0.00000e+00    0.00000e+00    0.00000e+00    0.00000e+00    1.00000e-10    1.00000e-10    0.00000e+00    0.00000e+00    0.00000e+00    0.00000e+00
      1575    0.00000e+00    0.00000e+00    0.00000e+00    0.00000e+00    0.00000e+00    1.00000e-10    1.00000e-10    0.00000e+00    0.00000e+00    0.00000e+00    0.00000e+00
      1576    0.00000e+00    0.00000e+00    0.00000e+00    0.00000e+00    0.00000e+00    1.00000e-10    1.00000e-10    0.00000e+00    0.00000e+00    0.00000e+00    0.00000e+00
      1577    0.00000e+00    0.00000e+00    0.00000e+00    0.00000e+00    0.00000e+00    1.00000e-10    1.00000e-10    0.00000e+00    0.00000e+00    0.00000e+00    0.00000e+00
      1578    0.00000e+00    0.00000e+00    0.00000e+00    0.00000e+00    0.00000e+00    1.00000e-10    1.00000e-10    0.00000e+00    0.00000e+00    0.00000e+00    0.00000e+00
      1579    0.00000e+00    0.00000e+00    0.00000e+00    0.00000e+00    0.00000e+00    1.00000e-10    1.00000e-10    0.00000e+00    0.00000e+00    0.00000e+00    0.00000e+00
      1580    0.00000e+00    0.00000e+00    0.00000e+00    0.00000e+00    0.00000e+00    1.00000e-10    1.00000e-10    0.00000e+00    0.00000e+00    0.00000e+00    0.00000e+00
      1581    0.00000e+00    0.00000e+00    0.00000e+00    0.00000e+00    0.00000e+00    1.00000e-10    1.00000e-10    0.00000e+00    0.00000e+00    0.00000e+00    0.00000e+00
      1582    0.00000e+00    0.00000e+00    0.00000e+00    0.00000e+00    0.00000e+00    1.00000e-10    1.00000e-10    0.00000e+00    0.00000e+00    0.00000e+00    0.00000e+00
      1583    0.00000e+00    0.00000e+00    0.00000e+00    0.00000e+00    0.00000e+00    1.00000e-10    1.00000e-10    0.00000e+00    0.00000e+00    0.00000e+00    0.00000e+00
      1584    0.00000e+00    0.00000e+00    0.00000e+00    0.00000e+00    0.00000e+00    1.00000e-10    1.00000e-10    0.00000e+00    0.00000e+00    0.00000e+00    0.00000e+00
      1585    0.00000e+00    0.00000e+00    0.00000e+00    0.00000e+00    0.00000e+00    1.00000e-10    1.00000e-10    0.00000e+00    0.00000e+00    0.00000e+00    0.00000e+00
      1586    0.00000e+00    0.00000e+00    0.00000e+00    0.00000e+00    0.00000e+00    1.00000e-10    1.00000e-10    0.00000e+00    0.00000e+00    0.00000e+00    0.00000e+00
      1587    0.00000e+00    0.00000e+00    0.00000e+00    0.00000e+00    0.00000e+00    1.00000e-10    1.00000e-10    0.00000e+00    0.00000e+00    0.00000e+00    0.00000e+00
      1588    0.00000e+00    0.00000e+00    0.00000e+00    0.00000e+00    0.00000e+00    1.00000e-10    1.00000e-10    0.00000e+00    0.00000e+00    0.00000e+00    0.00000e+00
      1589    0.00000e+00    0.00000e+00    0.00000e+00    0.00000e+00    0.00000e+00    1.00000e-10    1.00000e-10    0.00000e+00    0.00000e+00    0.00000e+00    0.00000e+00
      1590    0.00000e+00    0.00000e+00    0.00000e+00    0.00000e+00    0.00000e+00    1.00000e-10    1.00000e-10    0.00000e+00    0.00000e+00    0.00000e+00    0.00000e+00
      1591    0.00000e+00    0.00000e+00    0.00000e+00    0.00000e+00    0.00000e+00    1.00000e-10    1.00000e-10    0.00000e+00    0.00000e+00    0.00000e+00    0.00000e+00
      1592    0.00000e+00    0.00000e+00    0.00000e+00    0.00000e+00    0.00000e+00    1.00000e-10    1.00000e-10    0.00000e+00    0.00000e+00    0.00000e+00    0.00000e+00
      1593    0.00000e+00    0.00000e+00    0.00000e+00    0.00000e+00    0.00000e+00    1.00000e-10    1.00000e-10    0.00000e+00    0.00000e+00    0.00000e+00    0.00000e+00
      1594    0.00000e+00    0.00000e+00    0.00000e+00    0.00000e+00    0.00000e+00    1.00000e-10    1.00000e-10    0.00000e+00    0.00000e+00    0.00000e+00    0.00000e+00
      1595    0.00000e+00    0.00000e+00    0.00000e+00    0.00000e+00    0.00000e+00    1.00000e-10    1.00000e-10    0.00000e+00    0.00000e+00    0.00000e+00    0.00000e+00
      1596    0.00000e+00    0.00000e+00    0.00000e+00    0.00000e+00    0.00000e+00    1.00000e-10    1.00000e-10    0.00000e+00    0.00000e+00    0.00000e+00    0.00000e+00
      1597    0.00000e+00    0.00000e+00    0.00000e+00    0.00000e+00    0.00000e+00    1.00000e-10    1.00000e-10    0.00000e+00    0.00000e+00    0.00000e+00    0.00000e+00
      1598    0.00000e+00    0.00000e+00    0.00000e+00    0.00000e+00    0.00000e+00    1.00000e-10    1.00000e-10    0.00000e+00    0.00000e+00    0.00000e+00    0.00000e+00
      1599    0.00000e+00    0.00000e+00    0.00000e+00    0.00000e+00    0.00000e+00    1.00000e-10    1.00000e-10    0.00000e+00    0.00000e+00    0.00000e+00    0.00000e+00
      1600    0.00000e+00    0.00000e+00    0.00000e+00    0.00000e+00    0.00000e+00    1.00000e-10    1.00000e-10    0.00000e+00    0.00000e+00    0.00000e+00    0.00000e+00
      1601    0.00000e+00    0.00000e+00    0.00000e+00    0.00000e+00    0.00000e+00    1.00000e-10    1.00000e-10    0.00000e+00    0.00000e+00    0.00000e+00    0.00000e+00
      1602    0.00000e+00    0.00000e+00    0.00000e+00    0.00000e+00    0.00000e+00    1.00000e-10    1.00000e-10    0.00000e+00    0.00000e+00    0.00000e+00    0.00000e+00
      1603    0.00000e+00    0.00000e+00    0.00000e+00    0.00000e+00    0.00000e+00    1.00000e-10    1.00000e-10    0.00000e+00    0.00000e+00    0.00000e+00    0.00000e+00
      1604    0.00000e+00    0.00000e+00    0.00000e+00    0.00000e+00    0.00000e+00    1.00000e-10    1.00000e-10    0.00000e+00    0.00000e+00    0.00000e+00    0.00000e+00
      1605    0.00000e+00    0.00000e+00    0.00000e+00    0.00000e+00    0.00000e+00    1.00000e-10    1.00000e-10    0.00000e+00    0.00000e+00    0.00000e+00    0.00000e+00
      1606    0.00000e+00    0.00000e+00    0.00000e+00    0.00000e+00    0.00000e+00    1.00000e-10    1.00000e-10    0.00000e+00    0.00000e+00    0.00000e+00    0.00000e+00
      1607    0.00000e+00    0.00000e+00    0.00000e+00    0.00000e+00    0.00000e+00    1.00000e-10    1.00000e-10    0.00000e+00    0.00000e+00    0.00000e+00    0.00000e+00
      1608    0.00000e+00    0.00000e+00    0.00000e+00    0.00000e+00    0.00000e+00    1.00000e-10    1.00000e-10    0.00000e+00    0.00000e+00    0.00000e+00    0.00000e+00
      1609    0.00000e+00    0.00000e+00    0.00000e+00    0.00000e+00    0.00000e+00    1.00000e-10    1.00000e-10    0.00000e+00    0.00000e+00    0.00000e+00    0.00000e+00
      1610    0.00000e+00    0.00000e+00    0.00000e+00    0.00000e+00    0.00000e+00    1.00000e-10    1.00000e-10    0.00000e+00    0.00000e+00    0.00000e+00    0.00000e+00
      1611    0.00000e+00    0.00000e+00    0.00000e+00    0.00000e+00    0.00000e+00    1.00000e-10    1.00000e-10    0.00000e+00    0.00000e+00    0.00000e+00    0.00000e+00
      1612    0.00000e+00    0.00000e+00    0.00000e+00    0.00000e+00    0.00000e+00    1.00000e-10    1.00000e-10    0.00000e+00    0.00000e+00    0.00000e+00    0.00000e+00
      1613    0.00000e+00    0.00000e+00    0.00000e+00    0.00000e+00    0.00000e+00    1.00000e-10    1.00000e-10    0.00000e+00    0.00000e+00    0.00000e+00    0.00000e+00
      1614    0.00000e+00    0.00000e+00    0.00000e+00    0.00000e+00    0.00000e+00    1.00000e-10    1.00000e-10    0.00000e+00    0.00000e+00    0.00000e+00    0.00000e+00
      1615    0.00000e+00    0.00000e+00    0.00000e+00    0.00000e+00    0.00000e+00    1.00000e-10    1.00000e-10    0.00000e+00    0.00000e+00    0.00000e+00    0.00000e+00
      1616    0.00000e+00    0.00000e+00    0.00000e+00    0.00000e+00    0.00000e+00    1.00000e-10    1.00000e-10    0.00000e+00    0.00000e+00    0.00000e+00    0.00000e+00
      1617    0.00000e+00    0.00000e+00    0.00000e+00    0.00000e+00    0.00000e+00    1.00000e-10    1.00000e-10    0.00000e+00    0.00000e+00    0.00000e+00    0.00000e+00
      1618    0.00000e+00    0.00000e+00    0.00000e+00    0.00000e+00    0.00000e+00    1.00000e-10    1.00000e-10    0.00000e+00    0.00000e+00    0.00000e+00    0.00000e+00
      1619    0.00000e+00    0.00000e+00    0.00000e+00    0.00000e+00    0.00000e+00    1.00000e-10    1.00000e-10    0.00000e+00    0.00000e+00    0.00000e+00    0.00000e+00
      1620    0.00000e+00    0.00000e+00    0.00000e+00    0.00000e+00    0.00000e+00    1.00000e-10    1.00000e-10    0.00000e+00    0.00000e+00    0.00000e+00    0.00000e+00
      1621    0.00000e+00    0.00000e+00    0.00000e+00    0.00000e+00    0.00000e+00    1.00000e-10    1.00000e-10    0.00000e+00    0.00000e+00    0.00000e+00    0.00000e+00
      1622    0.00000e+00    0.00000e+00    0.00000e+00    0.00000e+00    0.00000e+00    1.00000e-10    1.00000e-10    0.00000e+00    0.00000e+00    0.00000e+00    0.00000e+00
      1623    0.00000e+00    0.00000e+00    0.00000e+00    0.00000e+00    0.00000e+00    1.00000e-10    1.00000e-10    0.00000e+00    0.00000e+00    0.00000e+00    0.00000e+00
      1624    0.00000e+00    0.00000e+00    0.00000e+00    0.00000e+00    0.00000e+00    1.00000e-10    1.00000e-10    0.00000e+00    0.00000e+00    0.00000e+00    0.00000e+00
      1625    0.00000e+00    0.00000e+00    0.00000e+00    0.00000e+00    0.00000e+00    1.00000e-10    1.00000e-10    0.00000e+00    0.00000e+00    0.00000e+00    0.00000e+00
      1626    0.00000e+00    0.00000e+00    0.00000e+00    0.00000e+00    0.00000e+00    1.00000e-10    1.00000e-10    0.00000e+00    0.00000e+00    0.00000e+00    0.00000e+00
      1627    0.00000e+00    0.00000e+00    0.00000e+00    0.00000e+00    0.00000e+00    1.00000e-10    1.00000e-10    0.00000e+00    0.00000e+00    0.00000e+00    0.00000e+00
      1628    0.00000e+00    0.00000e+00    0.00000e+00    0.00000e+00    0.00000e+00    1.00000e-10    1.00000e-10    0.00000e+00    0.00000e+00    0.00000e+00    0.00000e+00
      1629    0.00000e+00    0.00000e+00    0.00000e+00    0.00000e+00    0.00000e+00    1.00000e-10    1.00000e-10    0.00000e+00    0.00000e+00    0.00000e+00    0.00000e+00
      1630    0.00000e+00    0.00000e+00    0.00000e+00    0.00000e+00    0.00000e+00    1.00000e-10    1.00000e-10    0.00000e+00    0.00000e+00    0.00000e+00    0.00000e+00
      1631    0.00000e+00    0.00000e+00    0.00000e+00    0.00000e+00    0.00000e+00    1.00000e-10    1.00000e-10    0.00000e+00    0.00000e+00    0.00000e+00    0.00000e+00
      1632    0.00000e+00    0.00000e+00    0.00000e+00    0.00000e+00    0.00000e+00    1.00000e-10    1.00000e-10    0.00000e+00    0.00000e+00    0.00000e+00    0.00000e+00
      1633    0.00000e+00    0.00000e+00    0.00000e+00    0.00000e+00    0.00000e+00    1.00000e-10    1.00000e-10    0.00000e+00    0.00000e+00    0.00000e+00    0.00000e+00
      1634    0.00000e+00    0.00000e+00    0.00000e+00    0.00000e+00    0.00000e+00    1.00000e-10    1.00000e-10    0.00000e+00    0.00000e+00    0.00000e+00    0.00000e+00
      1635    0.00000e+00    0.00000e+00    0.00000e+00    0.00000e+00    0.00000e+00    1.00000e-10    1.00000e-10    0.00000e+00    0.00000e+00    0.00000e+00    0.00000e+00
      1636    0.00000e+00    0.00000e+00    0.00000e+00    0.00000e+00    0.00000e+00    1.00000e-10    1.00000e-10    0.00000e+00    0.00000e+00    0.00000e+00    0.00000e+00
      1637    0.00000e+00    0.00000e+00    0.00000e+00    0.00000e+00    0.00000e+00    1.00000e-10    1.00000e-10    0.00000e+00    0.00000e+00    0.00000e+00    0.00000e+00
      1638    0.00000e+00    0.00000e+00    0.00000e+00    0.00000e+00    0.00000e+00    1.00000e-10    1.00000e-10    0.00000e+00    0.00000e+00    0.00000e+00    0.00000e+00
      1639    0.00000e+00    0.00000e+00    0.00000e+00    0.00000e+00    0.00000e+00    1.00000e-10    1.00000e-10    0.00000e+00    0.00000e+00    0.00000e+00    0.00000e+00
      1640    0.00000e+00    0.00000e+00    0.00000e+00    0.00000e+00    0.00000e+00    1.00000e-10    1.00000e-10    0.00000e+00    0.00000e+00    0.00000e+00    0.00000e+00
      1641    0.00000e+00    0.00000e+00    0.00000e+00    0.00000e+00    0.00000e+00    1.00000e-10    1.00000e-10    0.00000e+00    0.00000e+00    0.00000e+00    0.00000e+00
      1642    0.00000e+00    0.00000e+00    0.00000e+00    0.00000e+00    0.00000e+00    1.00000e-10    1.00000e-10    0.00000e+00    0.00000e+00    0.00000e+00    0.00000e+00
      1643    0.00000e+00    0.00000e+00    0.00000e+00    0.00000e+00    0.00000e+00    1.00000e-10    1.00000e-10    0.00000e+00    0.00000e+00    0.00000e+00    0.00000e+00
      1644    0.00000e+00    0.00000e+00    0.00000e+00    0.00000e+00    0.00000e+00    1.00000e-10    1.00000e-10    0.00000e+00    0.00000e+00    0.00000e+00    0.00000e+00
      1645    0.00000e+00    0.00000e+00    0.00000e+00    0.00000e+00    0.00000e+00    1.00000e-10    1.00000e-10    0.00000e+00    0.00000e+00    0.00000e+00    0.00000e+00
      1646    0.00000e+00    0.00000e+00    0.00000e+00    0.00000e+00    0.00000e+00    1.00000e-10    1.00000e-10    0.00000e+00    0.00000e+00    0.00000e+00    0.00000e+00
      1647    0.00000e+00    0.00000e+00    0.00000e+00    0.00000e+00    0.00000e+00    1.00000e-10    1.00000e-10    0.00000e+00    0.00000e+00    0.00000e+00    0.00000e+00
      1648    0.00000e+00    0.00000e+00    0.00000e+00    0.00000e+00    0.00000e+00    1.00000e-10    1.00000e-10    0.00000e+00    0.00000e+00    0.00000e+00    0.00000e+00
      1649    0.00000e+00    0.00000e+00    0.00000e+00    0.00000e+00    0.00000e+00    1.00000e-10    1.00000e-10    0.00000e+00    0.00000e+00    0.00000e+00    0.00000e+00
      1650    0.00000e+00    0.00000e+00    0.00000e+00    0.00000e+00    0.00000e+00    1.00000e-10    1.00000e-10    0.00000e+00    0.00000e+00    0.00000e+00    0.00000e+00
      1651    0.00000e+00    0.00000e+00    0.00000e+00    0.00000e+00    0.00000e+00    1.00000e-10    1.00000e-10    0.00000e+00    0.00000e+00    0.00000e+00    0.00000e+00
      1652    0.00000e+00    0.00000e+00    0.00000e+00    0.00000e+00    0.00000e+00    1.00000e-10    1.00000e-10    0.00000e+00    0.00000e+00    0.00000e+00    0.00000e+00
      1653    0.00000e+00    0.00000e+00    0.00000e+00    0.00000e+00    0.00000e+00    1.00000e-10    1.00000e-10    0.00000e+00    0.00000e+00    0.00000e+00    0.00000e+00
      1654    0.00000e+00    0.00000e+00    0.00000e+00    0.00000e+00    0.00000e+00    1.00000e-10    1.00000e-10    0.00000e+00    0.00000e+00    0.00000e+00    0.00000e+00
      1655    0.00000e+00    0.00000e+00    0.00000e+00    0.00000e+00    0.00000e+00    1.00000e-10    1.00000e-10    0.00000e+00    0.00000e+00    0.00000e+00    0.00000e+00
      1656    0.00000e+00    0.00000e+00    0.00000e+00    0.00000e+00    0.00000e+00    1.00000e-10    1.00000e-10    0.00000e+00    0.00000e+00    0.00000e+00    0.00000e+00
      1657    0.00000e+00    0.00000e+00    0.00000e+00    0.00000e+00    0.00000e+00    1.00000e-10    1.00000e-10    0.00000e+00    0.00000e+00    0.00000e+00    0.00000e+00
      1658    0.00000e+00    0.00000e+00    0.00000e+00    0.00000e+00    0.00000e+00    1.00000e-10    1.00000e-10    0.00000e+00    0.00000e+00    0.00000e+00    0.00000e+00
      1659    0.00000e+00    0.00000e+00    0.00000e+00    0.00000e+00    0.00000e+00    1.00000e-10    1.00000e-10    0.00000e+00    0.00000e+00    0.00000e+00    0.00000e+00
      1660    0.00000e+00    0.00000e+00    0.00000e+00    0.00000e+00    0.00000e+00    1.00000e-10    1.00000e-10    0.00000e+00    0.00000e+00    0.00000e+00    0.00000e+00
      1661    0.00000e+00    0.00000e+00    0.00000e+00    0.00000e+00    0.00000e+00    1.00000e-10    1.00000e-10    0.00000e+00    0.00000e+00    0.00000e+00    0.00000e+00
      1662    0.00000e+00    0.00000e+00    0.00000e+00    0.00000e+00    0.00000e+00    1.00000e-10    1.00000e-10    0.00000e+00    0.00000e+00    0.00000e+00    0.00000e+00
      1663    0.00000e+00    0.00000e+00    0.00000e+00    0.00000e+00    0.00000e+00    1.00000e-10    1.00000e-10    0.00000e+00    0.00000e+00    0.00000e+00    0.00000e+00
      1664    0.00000e+00    0.00000e+00    0.00000e+00    0.00000e+00    0.00000e+00    1.00000e-10    1.00000e-10    0.00000e+00    0.00000e+00    0.00000e+00    0.00000e+00
      1665    0.00000e+00    0.00000e+00    0.00000e+00    0.00000e+00    0.00000e+00    1.00000e-10    1.00000e-10    0.00000e+00    0.00000e+00    0.00000e+00    0.00000e+00
      1666    0.00000e+00    0.00000e+00    0.00000e+00    0.00000e+00    0.00000e+00    1.00000e-10    1.00000e-10    0.00000e+00    0.00000e+00    0.00000e+00    0.00000e+00
      1667    0.00000e+00    0.00000e+00    0.00000e+00    0.00000e+00    0.00000e+00    1.00000e-10    1.00000e-10    0.00000e+00    0.00000e+00    0.00000e+00    0.00000e+00
      1668    0.00000e+00    0.00000e+00    0.00000e+00    0.00000e+00    0.00000e+00    1.00000e-10    1.00000e-10    0.00000e+00    0.00000e+00    0.00000e+00    0.00000e+00
      1669    0.00000e+00    0.00000e+00    0.00000e+00    0.00000e+00    0.00000e+00    1.00000e-10    1.00000e-10    0.00000e+00    0.00000e+00    0.00000e+00    0.00000e+00
      1670    0.00000e+00    0.00000e+00    0.00000e+00    0.00000e+00    0.00000e+00    1.00000e-10    1.00000e-10    0.00000e+00    0.00000e+00    0.00000e+00    0.00000e+00
      1671    0.00000e+00    0.00000e+00    0.00000e+00    0.00000e+00    0.00000e+00    1.00000e-10    1.00000e-10    0.00000e+00    0.00000e+00    0.00000e+00    0.00000e+00
      1672    0.00000e+00    0.00000e+00    0.00000e+00    0.00000e+00    0.00000e+00    1.00000e-10    1.00000e-10    0.00000e+00    0.00000e+00    0.00000e+00    0.00000e+00
      1673    0.00000e+00    0.00000e+00    0.00000e+00    0.00000e+00    0.00000e+00    1.00000e-10    1.00000e-10    0.00000e+00    0.00000e+00    0.00000e+00    0.00000e+00
      1674    0.00000e+00    0.00000e+00    0.00000e+00    0.00000e+00    0.00000e+00    1.00000e-10    1.00000e-10    0.00000e+00    0.00000e+00    0.00000e+00    0.00000e+00
      1675    0.00000e+00    0.00000e+00    0.00000e+00    0.00000e+00    0.00000e+00    1.00000e-10    1.00000e-10    0.00000e+00    0.00000e+00    0.00000e+00    0.00000e+00
      1676    0.00000e+00    0.00000e+00    0.00000e+00    0.00000e+00    0.00000e+00    1.00000e-10    1.00000e-10    0.00000e+00    0.00000e+00    0.00000e+00    0.00000e+00
      1677    0.00000e+00    0.00000e+00    0.00000e+00    0.00000e+00    0.00000e+00    1.00000e-10    1.00000e-10    0.00000e+00    0.00000e+00    0.00000e+00    0.00000e+00
      1678    0.00000e+00    0.00000e+00    0.00000e+00    0.00000e+00    0.00000e+00    1.00000e-10    1.00000e-10    0.00000e+00    0.00000e+00    0.00000e+00    0.00000e+00
      1679    0.00000e+00    0.00000e+00    0.00000e+00    0.00000e+00    0.00000e+00    1.00000e-10    1.00000e-10    0.00000e+00    0.00000e+00    0.00000e+00    0.00000e+00
      1680    0.00000e+00    0.00000e+00    0.00000e+00    0.00000e+00    0.00000e+00    1.00000e-10    1.00000e-10    0.00000e+00    0.00000e+00    0.00000e+00    0.00000e+00
      1681    0.00000e+00    0.00000e+00    0.00000e+00    0.00000e+00    0.00000e+00    1.00000e-10    1.00000e-10    0.00000e+00    0.00000e+00    0.00000e+00    0.00000e+00
      1682    0.00000e+00    0.00000e+00    0.00000e+00    0.00000e+00    0.00000e+00    1.00000e-10    1.00000e-10    0.00000e+00    0.00000e+00    0.00000e+00    0.00000e+00
      1683    0.00000e+00    0.00000e+00    0.00000e+00    0.00000e+00    0.00000e+00    1.00000e-10    1.00000e-10    0.00000e+00    0.00000e+00    0.00000e+00    0.00000e+00
      1684    0.00000e+00    0.00000e+00    0.00000e+00    0.00000e+00    0.00000e+00    1.00000e-10    1.00000e-10    0.00000e+00    0.00000e+00    0.00000e+00    0.00000e+00
      1685    0.00000e+00    0.00000e+00    0.00000e+00    0.00000e+00    0.00000e+00    1.00000e-10    1.00000e-10    0.00000e+00    0.00000e+00    0.00000e+00    0.00000e+00
      1686    0.00000e+00    0.00000e+00    0.00000e+00    0.00000e+00    0.00000e+00    1.00000e-10    1.00000e-10    0.00000e+00    0.00000e+00    0.00000e+00    0.00000e+00
      1687    0.00000e+00    0.00000e+00    0.00000e+00    0.00000e+00    0.00000e+00    1.00000e-10    1.00000e-10    0.00000e+00    0.00000e+00    0.00000e+00    0.00000e+00
      1688    0.00000e+00    0.00000e+00    0.00000e+00    0.00000e+00    0.00000e+00    1.00000e-10    1.00000e-10    0.00000e+00    0.00000e+00    0.00000e+00    0.00000e+00
      1689    0.00000e+00    0.00000e+00    0.00000e+00    0.00000e+00    0.00000e+00    1.00000e-10    1.00000e-10    0.00000e+00    0.00000e+00    0.00000e+00    0.00000e+00
      1690    0.00000e+00    0.00000e+00    0.00000e+00    0.00000e+00    0.00000e+00    1.00000e-10    1.00000e-10    0.00000e+00    0.00000e+00    0.00000e+00    0.00000e+00
      1691    0.00000e+00    0.00000e+00    0.00000e+00    0.00000e+00    0.00000e+00    1.00000e-10    1.00000e-10    0.00000e+00    0.00000e+00    0.00000e+00    0.00000e+00
      1692    0.00000e+00    0.00000e+00    0.00000e+00    0.00000e+00    0.00000e+00    1.00000e-10    1.00000e-10    0.00000e+00    0.00000e+00    0.00000e+00    0.00000e+00
      1693    0.00000e+00    0.00000e+00    0.00000e+00    0.00000e+00    0.00000e+00    1.00000e-10    1.00000e-10    0.00000e+00    0.00000e+00    0.00000e+00    0.00000e+00
      1694    0.00000e+00    0.00000e+00    0.00000e+00    0.00000e+00    0.00000e+00    1.00000e-10    1.00000e-10    0.00000e+00    0.00000e+00    0.00000e+00    0.00000e+00
      1695    0.00000e+00    0.00000e+00    0.00000e+00    0.00000e+00    0.00000e+00    1.00000e-10    1.00000e-10    0.00000e+00    0.00000e+00    0.00000e+00    0.00000e+00
      1696    0.00000e+00    0.00000e+00    0.00000e+00    0.00000e+00    0.00000e+00    1.00000e-10    1.00000e-10    0.00000e+00    0.00000e+00    0.00000e+00    0.00000e+00
      1697    0.00000e+00    0.00000e+00    0.00000e+00    0.00000e+00    0.00000e+00    1.00000e-10    1.00000e-10    0.00000e+00    0.00000e+00    0.00000e+00    0.00000e+00
      1698    0.00000e+00    0.00000e+00    0.00000e+00    0.00000e+00    0.00000e+00    1.00000e-10    1.00000e-10    0.00000e+00    0.00000e+00    0.00000e+00    0.00000e+00
      1699    0.00000e+00    0.00000e+00    0.00000e+00    0.00000e+00    0.00000e+00    1.00000e-10    1.00000e-10    0.00000e+00    0.00000e+00    0.00000e+00    0.00000e+00
      1700    0.00000e+00    0.00000e+00    0.00000e+00    0.00000e+00    0.00000e+00    1.00000e-10    1.00000e-10    0.00000e+00    0.00000e+00    0.00000e+00    0.00000e+00
      1701    0.00000e+00    0.00000e+00    0.00000e+00    0.00000e+00    0.00000e+00    1.00000e-10    1.00000e-10    0.00000e+00    0.00000e+00    0.00000e+00    0.00000e+00
      1702    0.00000e+00    0.00000e+00    0.00000e+00    0.00000e+00    0.00000e+00    1.00000e-10    1.00000e-10    0.00000e+00    0.00000e+00    0.00000e+00    0.00000e+00
      1703    0.00000e+00    0.00000e+00    0.00000e+00    0.00000e+00    0.00000e+00    1.00000e-10    1.00000e-10    0.00000e+00    0.00000e+00    0.00000e+00    0.00000e+00
      1704    0.00000e+00    0.00000e+00    0.00000e+00    0.00000e+00    0.00000e+00    1.00000e-10    1.00000e-10    0.00000e+00    0.00000e+00    0.00000e+00    0.00000e+00
      1705    0.00000e+00    0.00000e+00    0.00000e+00    0.00000e+00    0.00000e+00    1.00000e-10    1.00000e-10    0.00000e+00    0.00000e+00    0.00000e+00    0.00000e+00
      1706    0.00000e+00    0.00000e+00    0.00000e+00    0.00000e+00    0.00000e+00    1.00000e-10    1.00000e-10    0.00000e+00    0.00000e+00    0.00000e+00    0.00000e+00
      1707    0.00000e+00    0.00000e+00    0.00000e+00    0.00000e+00    0.00000e+00    1.00000e-10    1.00000e-10    0.00000e+00    0.00000e+00    0.00000e+00    0.00000e+00
      1708    0.00000e+00    0.00000e+00    0.00000e+00    0.00000e+00    0.00000e+00    1.00000e-10    1.00000e-10    0.00000e+00    0.00000e+00    0.00000e+00    0.00000e+00
      1709    0.00000e+00    0.00000e+00    0.00000e+00    0.00000e+00    0.00000e+00    1.00000e-10    1.00000e-10    0.00000e+00    0.00000e+00    0.00000e+00    0.00000e+00
      1710    0.00000e+00    0.00000e+00    0.00000e+00    0.00000e+00    0.00000e+00    1.00000e-10    1.00000e-10    0.00000e+00    0.00000e+00    0.00000e+00    0.00000e+00
      1711    0.00000e+00    0.00000e+00    0.00000e+00    0.00000e+00    0.00000e+00    1.00000e-10    1.00000e-10    0.00000e+00    0.00000e+00    0.00000e+00    0.00000e+00
      1712    0.00000e+00    0.00000e+00    0.00000e+00    0.00000e+00    0.00000e+00    1.00000e-10    1.00000e-10    0.00000e+00    0.00000e+00    0.00000e+00    0.00000e+00
      1713    0.00000e+00    0.00000e+00    0.00000e+00    0.00000e+00    0.00000e+00    1.00000e-10    1.00000e-10    0.00000e+00    0.00000e+00    0.00000e+00    0.00000e+00
      1714    0.00000e+00    0.00000e+00    0.00000e+00    0.00000e+00    0.00000e+00    1.00000e-10    1.00000e-10    0.00000e+00    0.00000e+00    0.00000e+00    0.00000e+00
      1715    0.00000e+00    0.00000e+00    0.00000e+00    0.00000e+00    0.00000e+00    1.00000e-10    1.00000e-10    0.00000e+00    0.00000e+00    0.00000e+00    0.00000e+00
      1716    0.00000e+00    0.00000e+00    0.00000e+00    0.00000e+00    0.00000e+00    1.00000e-10    1.00000e-10    0.00000e+00    0.00000e+00    0.00000e+00    0.00000e+00
      1717    0.00000e+00    0.00000e+00    0.00000e+00    0.00000e+00    0.00000e+00    1.00000e-10    1.00000e-10    0.00000e+00    0.00000e+00    0.00000e+00    0.00000e+00
      1718    0.00000e+00    0.00000e+00    0.00000e+00    0.00000e+00    0.00000e+00    1.00000e-10    1.00000e-10    0.00000e+00    0.00000e+00    0.00000e+00    0.00000e+00
      1719    0.00000e+00    0.00000e+00    0.00000e+00    0.00000e+00    0.00000e+00    1.00000e-10    1.00000e-10    0.00000e+00    0.00000e+00    0.00000e+00    0.00000e+00
      1720    0.00000e+00    0.00000e+00    0.00000e+00    0.00000e+00    0.00000e+00    1.00000e-10    1.00000e-10    0.00000e+00    0.00000e+00    0.00000e+00    0.00000e+00
      1721    0.00000e+00    0.00000e+00    0.00000e+00    0.00000e+00    0.00000e+00    1.00000e-10    1.00000e-10    0.00000e+00    0.00000e+00    0.00000e+00    0.00000e+00
      1722    0.00000e+00    0.00000e+00    0.00000e+00    0.00000e+00    0.00000e+00    1.00000e-10    1.00000e-10    0.00000e+00    0.00000e+00    0.00000e+00    0.00000e+00
      1723    0.00000e+00    0.00000e+00    0.00000e+00    0.00000e+00    0.00000e+00    1.00000e-10    1.00000e-10    0.00000e+00    0.00000e+00    0.00000e+00    0.00000e+00
      1724    0.00000e+00    0.00000e+00    0.00000e+00    0.00000e+00    0.00000e+00    1.00000e-10    1.00000e-10    0.00000e+00    0.00000e+00    0.00000e+00    0.00000e+00
      1725    0.00000e+00    0.00000e+00    0.00000e+00    0.00000e+00    0.00000e+00    1.00000e-10    1.00000e-10    0.00000e+00    0.00000e+00    0.00000e+00    0.00000e+00
      1726    0.00000e+00    0.00000e+00    0.00000e+00    0.00000e+00    0.00000e+00    1.00000e-10    1.00000e-10    0.00000e+00    0.00000e+00    0.00000e+00    0.00000e+00
      1727    0.00000e+00    0.00000e+00    0.00000e+00    0.00000e+00    0.00000e+00    1.00000e-10    1.00000e-10    0.00000e+00    0.00000e+00    0.00000e+00    0.00000e+00
      1728    0.00000e+00    0.00000e+00    0.00000e+00    0.00000e+00    0.00000e+00    1.00000e-10    1.00000e-10    0.00000e+00    0.00000e+00    0.00000e+00    0.00000e+00
      1729    0.00000e+00    0.00000e+00    0.00000e+00    0.00000e+00    0.00000e+00    1.00000e-10    1.00000e-10    0.00000e+00    0.00000e+00    0.00000e+00    0.00000e+00
      1730    0.00000e+00    0.00000e+00    0.00000e+00    0.00000e+00    0.00000e+00    1.00000e-10    1.00000e-10    0.00000e+00    0.00000e+00    0.00000e+00    0.00000e+00
      1731    0.00000e+00    0.00000e+00    0.00000e+00    0.00000e+00    0.00000e+00    1.00000e-10    1.00000e-10    0.00000e+00    0.00000e+00    0.00000e+00    0.00000e+00
      1732    0.00000e+00    0.00000e+00    0.00000e+00    0.00000e+00    0.00000e+00    1.00000e-10    1.00000e-10    0.00000e+00    0.00000e+00    0.00000e+00    0.00000e+00
      1733    0.00000e+00    0.00000e+00    0.00000e+00    0.00000e+00    0.00000e+00    1.00000e-10    1.00000e-10    0.00000e+00    0.00000e+00    0.00000e+00    0.00000e+00
      1734    0.00000e+00    0.00000e+00    0.00000e+00    0.00000e+00    0.00000e+00    1.00000e-10    1.00000e-10    0.00000e+00    0.00000e+00    0.00000e+00    0.00000e+00
      1735    0.00000e+00    0.00000e+00    0.00000e+00    0.00000e+00    0.00000e+00    1.00000e-10    1.00000e-10    0.00000e+00    0.00000e+00    0.00000e+00    0.00000e+00
      1736    0.00000e+00    0.00000e+00    0.00000e+00    0.00000e+00    0.00000e+00    1.00000e-10    1.00000e-10    0.00000e+00    0.00000e+00    0.00000e+00    0.00000e+00
      1737    0.00000e+00    0.00000e+00    0.00000e+00    0.00000e+00    0.00000e+00    1.00000e-10    1.00000e-10    0.00000e+00    0.00000e+00    0.00000e+00    0.00000e+00
      1738    0.00000e+00    0.00000e+00    0.00000e+00    0.00000e+00    0.00000e+00    1.00000e-10    1.00000e-10    0.00000e+00    0.00000e+00    0.00000e+00    0.00000e+00
      1739    0.00000e+00    0.00000e+00    0.00000e+00    0.00000e+00    0.00000e+00    1.00000e-10    1.00000e-10    0.00000e+00    0.00000e+00    0.00000e+00    0.00000e+00
      1740    0.00000e+00    0.00000e+00    0.00000e+00    0.00000e+00    0.00000e+00    1.00000e-10    1.00000e-10    0.00000e+00    0.00000e+00    0.00000e+00    0.00000e+00
      1741    0.00000e+00    0.00000e+00    0.00000e+00    0.00000e+00    0.00000e+00    1.00000e-10    1.00000e-10    0.00000e+00    0.00000e+00    0.00000e+00    0.00000e+00
      1742    0.00000e+00    0.00000e+00    0.00000e+00    0.00000e+00    0.00000e+00    1.00000e-10    1.00000e-10    0.00000e+00    0.00000e+00    0.00000e+00    0.00000e+00
      1743    0.00000e+00    0.00000e+00    0.00000e+00    0.00000e+00    0.00000e+00    1.00000e-10    1.00000e-10    0.00000e+00    0.00000e+00    0.00000e+00    0.00000e+00
      1744    0.00000e+00    0.00000e+00    0.00000e+00    0.00000e+00    0.00000e+00    1.00000e-10    1.00000e-10    0.00000e+00    0.00000e+00    0.00000e+00    0.00000e+00
      1745    0.00000e+00    0.00000e+00    0.00000e+00    0.00000e+00    0.00000e+00    1.00000e-10    1.00000e-10    0.00000e+00    0.00000e+00    0.00000e+00    0.00000e+00
      1746    0.00000e+00    0.00000e+00    0.00000e+00    0.00000e+00    0.00000e+00    1.00000e-10    1.00000e-10    0.00000e+00    0.00000e+00    0.00000e+00    0.00000e+00
      1747    0.00000e+00    0.00000e+00    0.00000e+00    0.00000e+00    0.00000e+00    1.00000e-10    1.00000e-10    0.00000e+00    0.00000e+00    0.00000e+00    0.00000e+00
      1748    0.00000e+00    0.00000e+00    0.00000e+00    0.00000e+00    0.00000e+00    1.00000e-10    1.00000e-10    0.00000e+00    0.00000e+00    0.00000e+00    0.00000e+00
      1749    0.00000e+00    0.00000e+00    0.00000e+00    0.00000e+00    0.00000e+00    1.00000e-10    1.00000e-10    0.00000e+00    0.00000e+00    0.00000e+00    0.00000e+00
      1750    0.00000e+00    0.00000e+00    0.00000e+00    0.00000e+00    0.00000e+00    1.00000e-10    1.00000e-10    0.00000e+00    0.00000e+00    0.00000e+00    0.00000e+00
      1751    0.00000e+00    0.00000e+00    0.00000e+00    0.00000e+00    0.00000e+00    1.00000e-10    1.00000e-10    0.00000e+00    0.00000e+00    0.00000e+00    0.00000e+00
      1752    0.00000e+00    0.00000e+00    0.00000e+00    0.00000e+00    0.00000e+00    1.00000e-10    1.00000e-10    0.00000e+00    0.00000e+00    0.00000e+00    0.00000e+00
      1753    0.00000e+00    0.00000e+00    0.00000e+00    0.00000e+00    0.00000e+00    1.00000e-10    1.00000e-10    0.00000e+00    0.00000e+00    0.00000e+00    0.00000e+00
      1754    0.00000e+00    0.00000e+00    0.00000e+00    0.00000e+00    0.00000e+00    1.00000e-10    1.00000e-10    0.00000e+00    0.00000e+00    0.00000e+00    0.00000e+00
      1755    0.00000e+00    0.00000e+00    0.00000e+00    0.00000e+00    0.00000e+00    1.00000e-10    1.00000e-10    0.00000e+00    0.00000e+00    0.00000e+00    0.00000e+00
      1756    0.00000e+00    0.00000e+00    0.00000e+00    0.00000e+00    0.00000e+00    1.00000e-10    1.00000e-10    0.00000e+00    0.00000e+00    0.00000e+00    0.00000e+00
      1757    0.00000e+00    0.00000e+00    0.00000e+00    0.00000e+00    0.00000e+00    1.00000e-10    1.00000e-10    0.00000e+00    0.00000e+00    0.00000e+00    0.00000e+00
      1758    0.00000e+00    0.00000e+00    0.00000e+00    0.00000e+00    0.00000e+00    1.00000e-10    1.00000e-10    0.00000e+00    0.00000e+00    0.00000e+00    0.00000e+00
      1759    0.00000e+00    0.00000e+00    0.00000e+00    0.00000e+00    0.00000e+00    1.00000e-10    1.00000e-10    0.00000e+00    0.00000e+00    0.00000e+00    0.00000e+00
      1760    0.00000e+00    0.00000e+00    0.00000e+00    0.00000e+00    0.00000e+00    1.00000e-10    1.00000e-10    0.00000e+00    0.00000e+00    0.00000e+00    0.00000e+00
      1761    0.00000e+00    0.00000e+00    0.00000e+00    0.00000e+00    0.00000e+00    1.00000e-10    1.00000e-10    0.00000e+00    0.00000e+00    0.00000e+00    0.00000e+00
      1762    0.00000e+00    0.00000e+00    0.00000e+00    0.00000e+00    0.00000e+00    1.00000e-10    1.00000e-10    0.00000e+00    0.00000e+00    0.00000e+00    0.00000e+00
      1763    0.00000e+00    0.00000e+00    0.00000e+00    0.00000e+00    0.00000e+00    1.00000e-10    1.00000e-10    0.00000e+00    0.00000e+00    0.00000e+00    0.00000e+00
      1764    0.00000e+00    0.00000e+00    0.00000e+00    0.00000e+00    0.00000e+00    1.00000e-10    1.00000e-10    0.00000e+00    0.00000e+00    0.00000e+00    0.00000e+00
      1765    0.00000e+00    0.00000e+00    0.00000e+00    0.00000e+00    0.00000e+00    1.00000e-10    1.00000e-10    0.00000e+00    0.00000e+00    0.00000e+00    0.00000e+00
      1766    0.00000e+00    0.00000e+00    0.00000e+00    0.00000e+00    0.00000e+00    1.00000e-10    1.00000e-10    0.00000e+00    0.00000e+00    0.00000e+00    0.00000e+00
      1767    0.00000e+00    0.00000e+00    0.00000e+00    0.00000e+00    0.00000e+00    1.00000e-10    1.00000e-10    0.00000e+00    0.00000e+00    0.00000e+00    0.00000e+00
      1768    0.00000e+00    0.00000e+00    0.00000e+00    0.00000e+00    0.00000e+00    1.00000e-10    1.00000e-10    0.00000e+00    0.00000e+00    0.00000e+00    0.00000e+00
      1769    0.00000e+00    0.00000e+00    0.00000e+00    0.00000e+00    0.00000e+00    1.00000e-10    1.00000e-10    0.00000e+00    0.00000e+00    0.00000e+00    0.00000e+00
      1770    0.00000e+00    0.00000e+00    0.00000e+00    0.00000e+00    0.00000e+00    1.00000e-10    1.00000e-10    0.00000e+00    0.00000e+00    0.00000e+00    0.00000e+00
      1771    0.00000e+00    0.00000e+00    0.00000e+00    0.00000e+00    0.00000e+00    1.00000e-10    1.00000e-10    0.00000e+00    0.00000e+00    0.00000e+00    0.00000e+00
      1772    0.00000e+00    0.00000e+00    0.00000e+00    0.00000e+00    0.00000e+00    1.00000e-10    1.00000e-10    0.00000e+00    0.00000e+00    0.00000e+00    0.00000e+00
      1773    0.00000e+00    0.00000e+00    0.00000e+00    0.00000e+00    0.00000e+00    1.00000e-10    1.00000e-10    0.00000e+00    0.00000e+00    0.00000e+00    0.00000e+00
      1774    0.00000e+00    0.00000e+00    0.00000e+00    0.00000e+00    0.00000e+00    1.00000e-10    1.00000e-10    0.00000e+00    0.00000e+00    0.00000e+00    0.00000e+00
      1775    0.00000e+00    0.00000e+00    0.00000e+00    0.00000e+00    0.00000e+00    1.00000e-10    1.00000e-10    0.00000e+00    0.00000e+00    0.00000e+00    0.00000e+00
      1776    0.00000e+00    0.00000e+00    0.00000e+00    0.00000e+00    0.00000e+00    1.00000e-10    1.00000e-10    0.00000e+00    0.00000e+00    0.00000e+00    0.00000e+00
      1777    0.00000e+00    0.00000e+00    0.00000e+00    0.00000e+00    0.00000e+00    1.00000e-10    1.00000e-10    0.00000e+00    0.00000e+00    0.00000e+00    0.00000e+00
      1778    0.00000e+00    0.00000e+00    0.00000e+00    0.00000e+00    0.00000e+00    1.00000e-10    1.00000e-10    0.00000e+00    0.00000e+00    0.00000e+00    0.00000e+00
      1779    0.00000e+00    0.00000e+00    0.00000e+00    0.00000e+00    0.00000e+00    1.00000e-10    1.00000e-10    0.00000e+00    0.00000e+00    0.00000e+00    0.00000e+00
      1780    0.00000e+00    0.00000e+00    0.00000e+00    0.00000e+00    0.00000e+00    1.00000e-10    1.00000e-10    0.00000e+00    0.00000e+00    0.00000e+00    0.00000e+00
      1781    0.00000e+00    0.00000e+00    0.00000e+00    0.00000e+00    0.00000e+00    1.00000e-10    1.00000e-10    0.00000e+00    0.00000e+00    0.00000e+00    0.00000e+00
      1782    0.00000e+00    0.00000e+00    0.00000e+00    0.00000e+00    0.00000e+00    1.00000e-10    1.00000e-10    0.00000e+00    0.00000e+00    0.00000e+00    0.00000e+00
      1783    0.00000e+00    0.00000e+00    0.00000e+00    0.00000e+00    0.00000e+00    1.00000e-10    1.00000e-10    0.00000e+00    0.00000e+00    0.00000e+00    0.00000e+00
      1784    0.00000e+00    0.00000e+00    0.00000e+00    0.00000e+00    0.00000e+00    1.00000e-10    1.00000e-10    0.00000e+00    0.00000e+00    0.00000e+00    0.00000e+00
      1785    0.00000e+00    0.00000e+00    0.00000e+00    0.00000e+00    0.00000e+00    1.00000e-10    1.00000e-10    0.00000e+00    0.00000e+00    0.00000e+00    0.00000e+00
      1786    0.00000e+00    0.00000e+00    0.00000e+00    0.00000e+00    0.00000e+00    1.00000e-10    1.00000e-10    0.00000e+00    0.00000e+00    0.00000e+00    0.00000e+00
      1787    0.00000e+00    0.00000e+00    0.00000e+00    0.00000e+00    0.00000e+00    1.00000e-10    1.00000e-10    0.00000e+00    0.00000e+00    0.00000e+00    0.00000e+00
      1788    0.00000e+00    0.00000e+00    0.00000e+00    0.00000e+00    0.00000e+00    1.00000e-10    1.00000e-10    0.00000e+00    0.00000e+00    0.00000e+00    0.00000e+00
      1789    0.00000e+00    0.00000e+00    0.00000e+00    0.00000e+00    0.00000e+00    1.00000e-10    1.00000e-10    0.00000e+00    0.00000e+00    0.00000e+00    0.00000e+00
      1790    0.00000e+00    0.00000e+00    0.00000e+00    0.00000e+00    0.00000e+00    1.00000e-10    1.00000e-10    0.00000e+00    0.00000e+00    0.00000e+00    0.00000e+00
      1791    0.00000e+00    0.00000e+00    0.00000e+00    0.00000e+00    0.00000e+00    1.00000e-10    1.00000e-10    0.00000e+00    0.00000e+00    0.00000e+00    0.00000e+00
      1792    0.00000e+00    0.00000e+00    0.00000e+00    0.00000e+00    0.00000e+00    1.00000e-10    1.00000e-10    0.00000e+00    0.00000e+00    0.00000e+00    0.00000e+00
      1793    0.00000e+00    0.00000e+00    0.00000e+00    0.00000e+00    0.00000e+00    1.00000e-10    1.00000e-10    0.00000e+00    0.00000e+00    0.00000e+00    0.00000e+00
      1794    0.00000e+00    0.00000e+00    0.00000e+00    0.00000e+00    0.00000e+00    1.00000e-10    1.00000e-10    0.00000e+00    0.00000e+00    0.00000e+00    0.00000e+00
      1795    0.00000e+00    0.00000e+00    0.00000e+00    0.00000e+00    0.00000e+00    1.00000e-10    1.00000e-10    0.00000e+00    0.00000e+00    0.00000e+00    0.00000e+00
      1796    0.00000e+00    0.00000e+00    0.00000e+00    0.00000e+00    0.00000e+00    1.00000e-10    1.00000e-10    0.00000e+00    0.00000e+00    0.00000e+00    0.00000e+00
      1797    0.00000e+00    0.00000e+00    0.00000e+00    0.00000e+00    0.00000e+00    1.00000e-10    1.00000e-10    0.00000e+00    0.00000e+00    0.00000e+00    0.00000e+00
      1798    0.00000e+00    0.00000e+00    0.00000e+00    0.00000e+00    0.00000e+00    1.00000e-10    1.00000e-10    0.00000e+00    0.00000e+00    0.00000e+00    0.00000e+00
      1799    0.00000e+00    0.00000e+00    0.00000e+00    0.00000e+00    0.00000e+00    1.00000e-10    1.00000e-10    0.00000e+00    0.00000e+00    0.00000e+00    0.00000e+00
      1800    0.00000e+00    0.00000e+00    0.00000e+00    0.00000e+00    0.00000e+00    1.00000e-10    1.00000e-10    0.00000e+00    0.00000e+00    0.00000e+00    0.00000e+00
      1801    0.00000e+00    0.00000e+00    0.00000e+00    0.00000e+00    0.00000e+00    1.00000e-10    1.00000e-10    0.00000e+00    0.00000e+00    0.00000e+00    0.00000e+00
      1802    0.00000e+00    0.00000e+00    0.00000e+00    0.00000e+00    0.00000e+00    1.00000e-10    1.00000e-10    0.00000e+00    0.00000e+00    0.00000e+00    0.00000e+00
      1803    0.00000e+00    0.00000e+00    0.00000e+00    0.00000e+00    0.00000e+00    1.00000e-10    1.00000e-10    0.00000e+00    0.00000e+00    0.00000e+00    0.00000e+00
      1804    0.00000e+00    0.00000e+00    0.00000e+00    0.00000e+00    0.00000e+00    1.00000e-10    1.00000e-10    0.00000e+00    0.00000e+00    0.00000e+00    0.00000e+00
      1805    0.00000e+00    0.00000e+00    0.00000e+00    0.00000e+00    0.00000e+00    1.00000e-10    1.00000e-10    0.00000e+00    0.00000e+00    0.00000e+00    0.00000e+00
      1806    0.00000e+00    0.00000e+00    0.00000e+00    0.00000e+00    0.00000e+00    1.00000e-10    1.00000e-10    0.00000e+00    0.00000e+00    0.00000e+00    0.00000e+00
      1807    0.00000e+00    0.00000e+00    0.00000e+00    0.00000e+00    0.00000e+00    1.00000e-10    1.00000e-10    0.00000e+00    0.00000e+00    0.00000e+00    0.00000e+00
      1808    0.00000e+00    0.00000e+00    0.00000e+00    0.00000e+00    0.00000e+00    1.00000e-10    1.00000e-10    0.00000e+00    0.00000e+00    0.00000e+00    0.00000e+00
      1809    0.00000e+00    0.00000e+00    0.00000e+00    0.00000e+00    0.00000e+00    1.00000e-10    1.00000e-10    0.00000e+00    0.00000e+00    0.00000e+00    0.00000e+00
      1810    0.00000e+00    0.00000e+00    0.00000e+00    0.00000e+00    0.00000e+00    1.00000e-10    1.00000e-10    0.00000e+00    0.00000e+00    0.00000e+00    0.00000e+00
      1811    0.00000e+00    0.00000e+00    0.00000e+00    0.00000e+00    0.00000e+00    1.00000e-10    1.00000e-10    0.00000e+00    0.00000e+00    0.00000e+00    0.00000e+00
      1812    0.00000e+00    0.00000e+00    0.00000e+00    0.00000e+00    0.00000e+00    1.00000e-10    1.00000e-10    0.00000e+00    0.00000e+00    0.00000e+00    0.00000e+00
      1813    0.00000e+00    0.00000e+00    0.00000e+00    0.00000e+00    0.00000e+00    1.00000e-10    1.00000e-10    0.00000e+00    0.00000e+00    0.00000e+00    0.00000e+00
      1814    0.00000e+00    0.00000e+00    0.00000e+00    0.00000e+00    0.00000e+00    1.00000e-10    1.00000e-10    0.00000e+00    0.00000e+00    0.00000e+00    0.00000e+00
      1815    0.00000e+00    0.00000e+00    0.00000e+00    0.00000e+00    0.00000e+00    1.00000e-10    1.00000e-10    0.00000e+00    0.00000e+00    0.00000e+00    0.00000e+00
      1816    0.00000e+00    0.00000e+00    0.00000e+00    0.00000e+00    0.00000e+00    1.00000e-10    1.00000e-10    0.00000e+00    0.00000e+00    0.00000e+00    0.00000e+00
      1817    0.00000e+00    0.00000e+00    0.00000e+00    0.00000e+00    0.00000e+00    1.00000e-10    1.00000e-10    0.00000e+00    0.00000e+00    0.00000e+00    0.00000e+00
      1818    0.00000e+00    0.00000e+00    0.00000e+00    0.00000e+00    0.00000e+00    1.00000e-10    1.00000e-10    0.00000e+00    0.00000e+00    0.00000e+00    0.00000e+00
      1819    0.00000e+00    0.00000e+00    0.00000e+00    0.00000e+00    0.00000e+00    1.00000e-10    1.00000e-10    0.00000e+00    0.00000e+00    0.00000e+00    0.00000e+00
      1820    0.00000e+00    0.00000e+00    0.00000e+00    0.00000e+00    0.00000e+00    1.00000e-10    1.00000e-10    0.00000e+00    0.00000e+00    0.00000e+00    0.00000e+00
      1821    0.00000e+00    0.00000e+00    0.00000e+00    0.00000e+00    0.00000e+00    1.00000e-10    1.00000e-10    0.00000e+00    0.00000e+00    0.00000e+00    0.00000e+00
      1822    0.00000e+00    0.00000e+00    0.00000e+00    0.00000e+00    0.00000e+00    1.00000e-10    1.00000e-10    0.00000e+00    0.00000e+00    0.00000e+00    0.00000e+00
      1823    0.00000e+00    0.00000e+00    0.00000e+00    0.00000e+00    0.00000e+00    1.00000e-10    1.00000e-10    0.00000e+00    0.00000e+00    0.00000e+00    0.00000e+00
      1824    0.00000e+00    0.00000e+00    0.00000e+00    0.00000e+00    0.00000e+00    1.00000e-10    1.00000e-10    0.00000e+00    0.00000e+00    0.00000e+00    0.00000e+00
      1825    0.00000e+00    0.00000e+00    0.00000e+00    0.00000e+00    0.00000e+00    1.00000e-10    1.00000e-10    0.00000e+00    0.00000e+00    0.00000e+00    0.00000e+00
      1826    0.00000e+00    0.00000e+00    0.00000e+00    0.00000e+00    0.00000e+00    1.00000e-10    1.00000e-10    0.00000e+00    0.00000e+00    0.00000e+00    0.00000e+00
      1827    0.00000e+00    0.00000e+00    0.00000e+00    0.00000e+00    0.00000e+00    1.00000e-10    1.00000e-10    0.00000e+00    0.00000e+00    0.00000e+00    0.00000e+00
      1828    0.00000e+00    0.00000e+00    0.00000e+00    0.00000e+00    0.00000e+00    1.00000e-10    1.00000e-10    0.00000e+00    0.00000e+00    0.00000e+00    0.00000e+00
      1829    0.00000e+00    0.00000e+00    0.00000e+00    0.00000e+00    0.00000e+00    1.00000e-10    1.00000e-10    0.00000e+00    0.00000e+00    0.00000e+00    0.00000e+00
      1830    0.00000e+00    0.00000e+00    0.00000e+00    0.00000e+00    0.00000e+00    1.00000e-10    1.00000e-10    0.00000e+00    0.00000e+00    0.00000e+00    0.00000e+00
      1831    0.00000e+00    0.00000e+00    0.00000e+00    0.00000e+00    0.00000e+00    1.00000e-10    1.00000e-10    0.00000e+00    0.00000e+00    0.00000e+00    0.00000e+00
      1832    0.00000e+00    0.00000e+00    0.00000e+00    0.00000e+00    0.00000e+00    1.00000e-10    1.00000e-10    0.00000e+00    0.00000e+00    0.00000e+00    0.00000e+00
      1833    0.00000e+00    0.00000e+00    0.00000e+00    0.00000e+00    0.00000e+00    1.00000e-10    1.00000e-10    0.00000e+00    0.00000e+00    0.00000e+00    0.00000e+00
      1834    0.00000e+00    0.00000e+00    0.00000e+00    0.00000e+00    0.00000e+00    1.00000e-10    1.00000e-10    0.00000e+00    0.00000e+00    0.00000e+00    0.00000e+00
      1835    0.00000e+00    0.00000e+00    0.00000e+00    0.00000e+00    0.00000e+00    1.00000e-10    1.00000e-10    0.00000e+00    0.00000e+00    0.00000e+00    0.00000e+00
      1836    0.00000e+00    0.00000e+00    0.00000e+00    0.00000e+00    0.00000e+00    1.00000e-10    1.00000e-10    0.00000e+00    0.00000e+00    0.00000e+00    0.00000e+00
      1837    0.00000e+00    0.00000e+00    0.00000e+00    0.00000e+00    0.00000e+00    1.00000e-10    1.00000e-10    0.00000e+00    0.00000e+00    0.00000e+00    0.00000e+00
      1838    0.00000e+00    0.00000e+00    0.00000e+00    0.00000e+00    0.00000e+00    1.00000e-10    1.00000e-10    0.00000e+00    0.00000e+00    0.00000e+00    0.00000e+00
      1839    0.00000e+00    0.00000e+00    0.00000e+00    0.00000e+00    0.00000e+00    1.00000e-10    1.00000e-10    0.00000e+00    0.00000e+00    0.00000e+00    0.00000e+00
      1840    0.00000e+00    0.00000e+00    0.00000e+00    0.00000e+00    0.00000e+00    1.00000e-10    1.00000e-10    0.00000e+00    0.00000e+00    0.00000e+00    0.00000e+00
      1841    0.00000e+00    0.00000e+00    0.00000e+00    0.00000e+00    0.00000e+00    1.00000e-10    1.00000e-10    0.00000e+00    0.00000e+00    0.00000e+00    0.00000e+00
      1842    0.00000e+00    0.00000e+00    0.00000e+00    0.00000e+00    0.00000e+00    1.00000e-10    1.00000e-10    0.00000e+00    0.00000e+00    0.00000e+00    0.00000e+00
      1843    0.00000e+00    0.00000e+00    0.00000e+00    0.00000e+00    0.00000e+00    1.00000e-10    1.00000e-10    0.00000e+00    0.00000e+00    0.00000e+00    0.00000e+00
      1844    0.00000e+00    0.00000e+00    0.00000e+00    0.00000e+00    0.00000e+00    1.00000e-10    1.00000e-10    0.00000e+00    0.00000e+00    0.00000e+00    0.00000e+00
      1845    0.00000e+00    0.00000e+00    0.00000e+00    0.00000e+00    0.00000e+00    1.00000e-10    1.00000e-10    0.00000e+00    0.00000e+00    0.00000e+00    0.00000e+00
      1846    0.00000e+00    0.00000e+00    0.00000e+00    0.00000e+00    0.00000e+00    1.00000e-10    1.00000e-10    0.00000e+00    0.00000e+00    0.00000e+00    0.00000e+00
      1847    0.00000e+00    0.00000e+00    0.00000e+00    0.00000e+00    0.00000e+00    1.00000e-10    1.00000e-10    0.00000e+00    0.00000e+00    0.00000e+00    0.00000e+00
      1848    0.00000e+00    0.00000e+00    0.00000e+00    0.00000e+00    0.00000e+00    1.00000e-10    1.00000e-10    0.00000e+00    0.00000e+00    0.00000e+00    0.00000e+00
      1849    0.00000e+00    0.00000e+00    0.00000e+00    0.00000e+00    0.00000e+00    1.00000e-10    1.00000e-10    0.00000e+00    0.00000e+00    0.00000e+00    0.00000e+00
      1850    0.00000e+00    0.00000e+00    0.00000e+00    0.00000e+00    0.00000e+00    1.00000e-10    1.00000e-10    0.00000e+00    0.00000e+00    0.00000e+00    0.00000e+00
      1851    0.00000e+00    0.00000e+00    0.00000e+00    0.00000e+00    0.00000e+00    1.00000e-10    1.00000e-10    0.00000e+00    0.00000e+00    0.00000e+00    0.00000e+00
      1852    0.00000e+00    0.00000e+00    0.00000e+00    0.00000e+00    0.00000e+00    1.00000e-10    1.00000e-10    0.00000e+00    0.00000e+00    0.00000e+00    0.00000e+00
      1853    0.00000e+00    0.00000e+00    0.00000e+00    0.00000e+00    0.00000e+00    1.00000e-10    1.00000e-10    0.00000e+00    0.00000e+00    0.00000e+00    0.00000e+00
      1854    0.00000e+00    0.00000e+00    0.00000e+00    0.00000e+00    0.00000e+00    1.00000e-10    1.00000e-10    0.00000e+00    0.00000e+00    0.00000e+00    0.00000e+00
      1855    0.00000e+00    0.00000e+00    0.00000e+00    0.00000e+00    0.00000e+00    1.00000e-10    1.00000e-10    0.00000e+00    0.00000e+00    0.00000e+00    0.00000e+00
      1856    0.00000e+00    0.00000e+00    0.00000e+00    0.00000e+00    0.00000e+00    1.00000e-10    1.00000e-10    0.00000e+00    0.00000e+00    0.00000e+00    0.00000e+00
      1857    0.00000e+00    0.00000e+00    0.00000e+00    0.00000e+00    0.00000e+00    1.00000e-10    1.00000e-10    0.00000e+00    0.00000e+00    0.00000e+00    0.00000e+00
      1858    0.00000e+00    0.00000e+00    0.00000e+00    0.00000e+00    0.00000e+00    1.00000e-10    1.00000e-10    0.00000e+00    0.00000e+00    0.00000e+00    0.00000e+00
      1859    0.00000e+00    0.00000e+00    0.00000e+00    0.00000e+00    0.00000e+00    1.00000e-10    1.00000e-10    0.00000e+00    0.00000e+00    0.00000e+00    0.00000e+00
      1860    0.00000e+00    0.00000e+00    0.00000e+00    0.00000e+00    0.00000e+00    1.00000e-10    1.00000e-10    0.00000e+00    0.00000e+00    0.00000e+00    0.00000e+00
      1861    0.00000e+00    0.00000e+00    0.00000e+00    0.00000e+00    0.00000e+00    1.00000e-10    1.00000e-10    0.00000e+00    0.00000e+00    0.00000e+00    0.00000e+00
      1862    0.00000e+00    0.00000e+00    0.00000e+00    0.00000e+00    0.00000e+00    1.00000e-10    1.00000e-10    0.00000e+00    0.00000e+00    0.00000e+00    0.00000e+00
      1863    0.00000e+00    0.00000e+00    0.00000e+00    0.00000e+00    0.00000e+00    1.00000e-10    1.00000e-10    0.00000e+00    0.00000e+00    0.00000e+00    0.00000e+00
      1864    0.00000e+00    0.00000e+00    0.00000e+00    0.00000e+00    0.00000e+00    1.00000e-10    1.00000e-10    0.00000e+00    0.00000e+00    0.00000e+00    0.00000e+00
      1865    0.00000e+00    0.00000e+00    0.00000e+00    0.00000e+00    0.00000e+00    1.00000e-10    1.00000e-10    0.00000e+00    0.00000e+00    0.00000e+00    0.00000e+00
      1866    0.00000e+00    0.00000e+00    0.00000e+00    0.00000e+00    0.00000e+00    1.00000e-10    1.00000e-10    0.00000e+00    0.00000e+00    0.00000e+00    0.00000e+00
      1867    0.00000e+00    0.00000e+00    0.00000e+00    0.00000e+00    0.00000e+00    1.00000e-10    1.00000e-10    0.00000e+00    0.00000e+00    0.00000e+00    0.00000e+00
      1868    0.00000e+00    0.00000e+00    0.00000e+00    0.00000e+00    0.00000e+00    1.00000e-10    1.00000e-10    0.00000e+00    0.00000e+00    0.00000e+00    0.00000e+00
      1869    0.00000e+00    0.00000e+00    0.00000e+00    0.00000e+00    0.00000e+00    1.00000e-10    1.00000e-10    0.00000e+00    0.00000e+00    0.00000e+00    0.00000e+00
      1870    0.00000e+00    0.00000e+00    0.00000e+00    0.00000e+00    0.00000e+00    1.00000e-10    1.00000e-10    0.00000e+00    0.00000e+00    0.00000e+00    0.00000e+00
      1871    0.00000e+00    0.00000e+00    0.00000e+00    0.00000e+00    0.00000e+00    1.00000e-10    1.00000e-10    0.00000e+00    0.00000e+00    0.00000e+00    0.00000e+00
      1872    0.00000e+00    0.00000e+00    0.00000e+00    0.00000e+00    0.00000e+00    1.00000e-10    1.00000e-10    0.00000e+00    0.00000e+00    0.00000e+00    0.00000e+00
      1873    0.00000e+00    0.00000e+00    0.00000e+00    0.00000e+00    0.00000e+00    1.00000e-10    1.00000e-10    0.00000e+00    0.00000e+00    0.00000e+00    0.00000e+00
      1874    0.00000e+00    0.00000e+00    0.00000e+00    0.00000e+00    0.00000e+00    1.00000e-10    1.00000e-10    0.00000e+00    0.00000e+00    0.00000e+00    0.00000e+00
      1875    0.00000e+00    0.00000e+00    0.00000e+00    0.00000e+00    0.00000e+00    1.00000e-10    1.00000e-10    0.00000e+00    0.00000e+00    0.00000e+00    0.00000e+00
      1876    0.00000e+00    0.00000e+00    0.00000e+00    0.00000e+00    0.00000e+00    1.00000e-10    1.00000e-10    0.00000e+00    0.00000e+00    0.00000e+00    0.00000e+00
      1877    0.00000e+00    0.00000e+00    0.00000e+00    0.00000e+00    0.00000e+00    1.00000e-10    1.00000e-10    0.00000e+00    0.00000e+00    0.00000e+00    0.00000e+00
      1878    0.00000e+00    0.00000e+00    0.00000e+00    0.00000e+00    0.00000e+00    1.00000e-10    1.00000e-10    0.00000e+00    0.00000e+00    0.00000e+00    0.00000e+00
      1879    0.00000e+00    0.00000e+00    0.00000e+00    0.00000e+00    0.00000e+00    1.00000e-10    1.00000e-10    0.00000e+00    0.00000e+00    0.00000e+00    0.00000e+00
      1880    0.00000e+00    0.00000e+00    0.00000e+00    0.00000e+00    0.00000e+00    1.00000e-10    1.00000e-10    0.00000e+00    0.00000e+00    0.00000e+00    0.00000e+00
      1881    0.00000e+00    0.00000e+00    0.00000e+00    0.00000e+00    0.00000e+00    1.00000e-10    1.00000e-10    0.00000e+00    0.00000e+00    0.00000e+00    0.00000e+00
      1882    0.00000e+00    0.00000e+00    0.00000e+00    0.00000e+00    0.00000e+00    1.00000e-10    1.00000e-10    0.00000e+00    0.00000e+00    0.00000e+00    0.00000e+00
      1883    0.00000e+00    0.00000e+00    0.00000e+00    0.00000e+00    0.00000e+00    1.00000e-10    1.00000e-10    0.00000e+00    0.00000e+00    0.00000e+00    0.00000e+00
      1884    0.00000e+00    0.00000e+00    0.00000e+00    0.00000e+00    0.00000e+00    1.00000e-10    1.00000e-10    0.00000e+00    0.00000e+00    0.00000e+00    0.00000e+00
      1885    0.00000e+00    0.00000e+00    0.00000e+00    0.00000e+00    0.00000e+00    1.00000e-10    1.00000e-10    0.00000e+00    0.00000e+00    0.00000e+00    0.00000e+00
      1886    0.00000e+00    0.00000e+00    0.00000e+00    0.00000e+00    0.00000e+00    1.00000e-10    1.00000e-10    0.00000e+00    0.00000e+00    0.00000e+00    0.00000e+00
      1887    0.00000e+00    0.00000e+00    0.00000e+00    0.00000e+00    0.00000e+00    1.00000e-10    1.00000e-10    0.00000e+00    0.00000e+00    0.00000e+00    0.00000e+00
      1888    0.00000e+00    0.00000e+00    0.00000e+00    0.00000e+00    0.00000e+00    1.00000e-10    1.00000e-10    0.00000e+00    0.00000e+00    0.00000e+00    0.00000e+00
      1889    0.00000e+00    0.00000e+00    0.00000e+00    0.00000e+00    0.00000e+00    1.00000e-10    1.00000e-10    0.00000e+00    0.00000e+00    0.00000e+00    0.00000e+00
      1890    0.00000e+00    0.00000e+00    0.00000e+00    0.00000e+00    0.00000e+00    1.00000e-10    1.00000e-10    0.00000e+00    0.00000e+00    0.00000e+00    0.00000e+00
      1891    0.00000e+00    0.00000e+00    0.00000e+00    0.00000e+00    0.00000e+00    1.00000e-10    1.00000e-10    0.00000e+00    0.00000e+00    0.00000e+00    0.00000e+00
      1892    0.00000e+00    0.00000e+00    0.00000e+00    0.00000e+00    0.00000e+00    1.00000e-10    1.00000e-10    0.00000e+00    0.00000e+00    0.00000e+00    0.00000e+00
      1893    0.00000e+00    0.00000e+00    0.00000e+00    0.00000e+00    0.00000e+00    1.00000e-10    1.00000e-10    0.00000e+00    0.00000e+00    0.00000e+00    0.00000e+00
      1894    0.00000e+00    0.00000e+00    0.00000e+00    0.00000e+00    0.00000e+00    1.00000e-10    1.00000e-10    0.00000e+00    0.00000e+00    0.00000e+00    0.00000e+00
      1895    0.00000e+00    0.00000e+00    0.00000e+00    0.00000e+00    0.00000e+00    1.00000e-10    1.00000e-10    0.00000e+00    0.00000e+00    0.00000e+00    0.00000e+00
      1896    0.00000e+00    0.00000e+00    0.00000e+00    0.00000e+00    0.00000e+00    1.00000e-10    1.00000e-10    0.00000e+00    0.00000e+00    0.00000e+00    0.00000e+00
      1897    0.00000e+00    0.00000e+00    0.00000e+00    0.00000e+00    0.00000e+00    1.00000e-10    1.00000e-10    0.00000e+00    0.00000e+00    0.00000e+00    0.00000e+00
      1898    0.00000e+00    0.00000e+00    0.00000e+00    0.00000e+00    0.00000e+00    1.00000e-10    1.00000e-10    0.00000e+00    0.00000e+00    0.00000e+00    0.00000e+00
      1899    0.00000e+00    0.00000e+00    0.00000e+00    0.00000e+00    0.00000e+00    1.00000e-10    1.00000e-10    0.00000e+00    0.00000e+00    0.00000e+00    0.00000e+00
      1900    0.00000e+00    0.00000e+00    0.00000e+00    0.00000e+00    0.00000e+00    1.00000e-10    1.00000e-10    0.00000e+00    0.00000e+00    0.00000e+00    0.00000e+00
      1901    0.00000e+00    0.00000e+00    0.00000e+00    0.00000e+00    0.00000e+00    1.00000e-10    1.00000e-10    0.00000e+00    0.00000e+00    0.00000e+00    0.00000e+00
      1902    0.00000e+00    0.00000e+00    0.00000e+00    0.00000e+00    0.00000e+00    1.00000e-10    1.00000e-10    0.00000e+00    0.00000e+00    0.00000e+00    0.00000e+00
      1903    0.00000e+00    0.00000e+00    0.00000e+00    0.00000e+00    0.00000e+00    1.00000e-10    1.00000e-10    0.00000e+00    0.00000e+00    0.00000e+00    0.00000e+00
      1904    0.00000e+00    0.00000e+00    0.00000e+00    0.00000e+00    0.00000e+00    1.00000e-10    1.00000e-10    0.00000e+00    0.00000e+00    0.00000e+00    0.00000e+00
      1905    0.00000e+00    0.00000e+00    0.00000e+00    0.00000e+00    0.00000e+00    1.00000e-10    1.00000e-10    0.00000e+00    0.00000e+00    0.00000e+00    0.00000e+00
      1906    0.00000e+00    0.00000e+00    0.00000e+00    0.00000e+00    0.00000e+00    1.00000e-10    1.00000e-10    0.00000e+00    0.00000e+00    0.00000e+00    0.00000e+00
      1907    0.00000e+00    0.00000e+00    0.00000e+00    0.00000e+00    0.00000e+00    1.00000e-10    1.00000e-10    0.00000e+00    0.00000e+00    0.00000e+00    0.00000e+00
      1908    0.00000e+00    0.00000e+00    0.00000e+00    0.00000e+00    0.00000e+00    1.00000e-10    1.00000e-10    0.00000e+00    0.00000e+00    0.00000e+00    0.00000e+00
      1909    0.00000e+00    0.00000e+00    0.00000e+00    0.00000e+00    0.00000e+00    1.00000e-10    1.00000e-10    0.00000e+00    0.00000e+00    0.00000e+00    0.00000e+00
      1910    0.00000e+00    0.00000e+00    0.00000e+00    0.00000e+00    0.00000e+00    1.00000e-10    1.00000e-10    0.00000e+00    0.00000e+00    0.00000e+00    0.00000e+00
      1911    0.00000e+00    0.00000e+00    0.00000e+00    0.00000e+00    0.00000e+00    1.00000e-10    1.00000e-10    0.00000e+00    0.00000e+00    0.00000e+00    0.00000e+00
      1912    0.00000e+00    0.00000e+00    0.00000e+00    0.00000e+00    0.00000e+00    1.00000e-10    1.00000e-10    0.00000e+00    0.00000e+00    0.00000e+00    0.00000e+00
      1913    0.00000e+00    0.00000e+00    0.00000e+00    0.00000e+00    0.00000e+00    1.00000e-10    1.00000e-10    0.00000e+00    0.00000e+00    0.00000e+00    0.00000e+00
      1914    0.00000e+00    0.00000e+00    0.00000e+00    0.00000e+00    0.00000e+00    1.00000e-10    1.00000e-10    0.00000e+00    0.00000e+00    0.00000e+00    0.00000e+00
      1915    0.00000e+00    0.00000e+00    0.00000e+00    0.00000e+00    0.00000e+00    1.00000e-10    1.00000e-10    0.00000e+00    0.00000e+00    0.00000e+00    0.00000e+00
      1916    0.00000e+00    0.00000e+00    0.00000e+00    0.00000e+00    0.00000e+00    1.00000e-10    1.00000e-10    0.00000e+00    0.00000e+00    0.00000e+00    0.00000e+00
      1917    0.00000e+00    0.00000e+00    0.00000e+00    0.00000e+00    0.00000e+00    1.00000e-10    1.00000e-10    0.00000e+00    0.00000e+00    0.00000e+00    0.00000e+00
      1918    0.00000e+00    0.00000e+00    0.00000e+00    0.00000e+00    0.00000e+00    1.00000e-10    1.00000e-10    0.00000e+00    0.00000e+00    0.00000e+00    0.00000e+00
      1919    0.00000e+00    0.00000e+00    0.00000e+00    0.00000e+00    0.00000e+00    1.00000e-10    1.00000e-10    0.00000e+00    0.00000e+00    0.00000e+00    0.00000e+00
      1920    0.00000e+00    0.00000e+00    0.00000e+00    0.00000e+00    0.00000e+00    1.00000e-10    1.00000e-10    0.00000e+00    0.00000e+00    0.00000e+00    0.00000e+00
      1921    0.00000e+00    0.00000e+00    0.00000e+00    0.00000e+00    0.00000e+00    1.00000e-10    1.00000e-10    0.00000e+00    0.00000e+00    0.00000e+00    0.00000e+00
      1922    0.00000e+00    0.00000e+00    0.00000e+00    0.00000e+00    0.00000e+00    1.00000e-10    1.00000e-10    0.00000e+00    0.00000e+00    0.00000e+00    0.00000e+00
      1923    0.00000e+00    0.00000e+00    0.00000e+00    0.00000e+00    0.00000e+00    1.00000e-10    1.00000e-10    0.00000e+00    0.00000e+00    0.00000e+00    0.00000e+00
      1924    0.00000e+00    0.00000e+00    0.00000e+00    0.00000e+00    0.00000e+00    1.00000e-10    1.00000e-10    0.00000e+00    0.00000e+00    0.00000e+00    0.00000e+00
      1925    0.00000e+00    0.00000e+00    0.00000e+00    0.00000e+00    0.00000e+00    1.00000e-10    1.00000e-10    0.00000e+00    0.00000e+00    0.00000e+00    0.00000e+00
      1926    0.00000e+00    0.00000e+00    0.00000e+00    0.00000e+00    0.00000e+00    1.00000e-10    1.00000e-10    0.00000e+00    0.00000e+00    0.00000e+00    0.00000e+00
      1927    0.00000e+00    0.00000e+00    0.00000e+00    0.00000e+00    0.00000e+00    1.00000e-10    1.00000e-10    0.00000e+00    0.00000e+00    0.00000e+00    0.00000e+00
      1928    0.00000e+00    0.00000e+00    0.00000e+00    0.00000e+00    0.00000e+00    1.00000e-10    1.00000e-10    0.00000e+00    0.00000e+00    0.00000e+00    0.00000e+00
      1929    0.00000e+00    0.00000e+00    0.00000e+00    0.00000e+00    0.00000e+00    1.00000e-10    1.00000e-10    0.00000e+00    0.00000e+00    0.00000e+00    0.00000e+00
      1930    0.00000e+00    0.00000e+00    0.00000e+00    0.00000e+00    0.00000e+00    1.00000e-10    1.00000e-10    0.00000e+00    0.00000e+00    0.00000e+00    0.00000e+00
      1931    0.00000e+00    0.00000e+00    0.00000e+00    0.00000e+00    0.00000e+00    1.00000e-10    1.00000e-10    0.00000e+00    0.00000e+00    0.00000e+00    0.00000e+00
      1932    0.00000e+00    0.00000e+00    0.00000e+00    0.00000e+00    0.00000e+00    1.00000e-10    1.00000e-10    0.00000e+00    0.00000e+00    0.00000e+00    0.00000e+00
      1933    0.00000e+00    0.00000e+00    0.00000e+00    0.00000e+00    0.00000e+00    1.00000e-10    1.00000e-10    0.00000e+00    0.00000e+00    0.00000e+00    0.00000e+00
      1934    0.00000e+00    0.00000e+00    0.00000e+00    0.00000e+00    0.00000e+00    1.00000e-10    1.00000e-10    0.00000e+00    0.00000e+00    0.00000e+00    0.00000e+00
      1935    0.00000e+00    0.00000e+00    0.00000e+00    0.00000e+00    0.00000e+00    1.00000e-10    1.00000e-10    0.00000e+00    0.00000e+00    0.00000e+00    0.00000e+00
      1936    0.00000e+00    0.00000e+00    0.00000e+00    0.00000e+00    0.00000e+00    1.00000e-10    1.00000e-10    0.00000e+00    0.00000e+00    0.00000e+00    0.00000e+00
      1937    0.00000e+00    0.00000e+00    0.00000e+00    0.00000e+00    0.00000e+00    1.00000e-10    1.00000e-10    0.00000e+00    0.00000e+00    0.00000e+00    0.00000e+00
      1938    0.00000e+00    0.00000e+00    0.00000e+00    0.00000e+00    0.00000e+00    1.00000e-10    1.00000e-10    0.00000e+00    0.00000e+00    0.00000e+00    0.00000e+00
      1939    0.00000e+00    0.00000e+00    0.00000e+00    0.00000e+00    0.00000e+00    1.00000e-10    1.00000e-10    0.00000e+00    0.00000e+00    0.00000e+00    0.00000e+00
      1940    0.00000e+00    0.00000e+00    0.00000e+00    0.00000e+00    0.00000e+00    1.00000e-10    1.00000e-10    0.00000e+00    0.00000e+00    0.00000e+00    0.00000e+00
      1941    0.00000e+00    0.00000e+00    0.00000e+00    0.00000e+00    0.00000e+00    1.00000e-10    1.00000e-10    0.00000e+00    0.00000e+00    0.00000e+00    0.00000e+00
      1942    0.00000e+00    0.00000e+00    0.00000e+00    0.00000e+00    0.00000e+00    1.00000e-10    1.00000e-10    0.00000e+00    0.00000e+00    0.00000e+00    0.00000e+00
      1943    0.00000e+00    0.00000e+00    0.00000e+00    0.00000e+00    0.00000e+00    1.00000e-10    1.00000e-10    0.00000e+00    0.00000e+00    0.00000e+00    0.00000e+00
      1944    0.00000e+00    0.00000e+00    0.00000e+00    0.00000e+00    0.00000e+00    1.00000e-10    1.00000e-10    0.00000e+00    0.00000e+00    0.00000e+00    0.00000e+00
      1945    0.00000e+00    0.00000e+00    0.00000e+00    0.00000e+00    0.00000e+00    1.00000e-10    1.00000e-10    0.00000e+00    0.00000e+00    0.00000e+00    0.00000e+00
      1946    0.00000e+00    0.00000e+00    0.00000e+00    0.00000e+00    0.00000e+00    1.00000e-10    1.00000e-10    0.00000e+00    0.00000e+00    0.00000e+00    0.00000e+00
      1947    0.00000e+00    0.00000e+00    0.00000e+00    0.00000e+00    0.00000e+00    1.00000e-10    1.00000e-10    0.00000e+00    0.00000e+00    0.00000e+00    0.00000e+00
      1948    0.00000e+00    0.00000e+00    0.00000e+00    0.00000e+00    0.00000e+00    1.00000e-10    1.00000e-10    0.00000e+00    0.00000e+00    0.00000e+00    0.00000e+00
      1949    0.00000e+00    0.00000e+00    0.00000e+00    0.00000e+00    0.00000e+00    1.00000e-10    1.00000e-10    0.00000e+00    0.00000e+00    0.00000e+00    0.00000e+00
      1950    0.00000e+00    0.00000e+00    0.00000e+00    0.00000e+00    0.00000e+00    1.00000e-10    1.00000e-10    0.00000e+00    0.00000e+00    0.00000e+00    0.00000e+00
      1951    0.00000e+00    0.00000e+00    0.00000e+00    0.00000e+00    0.00000e+00    1.00000e-10    1.00000e-10    0.00000e+00    0.00000e+00    0.00000e+00    0.00000e+00
      1952    0.00000e+00    0.00000e+00    0.00000e+00    0.00000e+00    0.00000e+00    1.00000e-10    1.00000e-10    0.00000e+00    0.00000e+00    0.00000e+00    0.00000e+00
      1953    0.00000e+00    0.00000e+00    0.00000e+00    0.00000e+00    0.00000e+00    1.00000e-10    1.00000e-10    0.00000e+00    0.00000e+00    0.00000e+00    0.00000e+00
      1954    0.00000e+00    0.00000e+00    0.00000e+00    0.00000e+00    0.00000e+00    1.00000e-10    1.00000e-10    0.00000e+00    0.00000e+00    0.00000e+00    0.00000e+00
      1955    0.00000e+00    0.00000e+00    0.00000e+00    0.00000e+00    0.00000e+00    1.00000e-10    1.00000e-10    0.00000e+00    0.00000e+00    0.00000e+00    0.00000e+00
      1956    0.00000e+00    0.00000e+00    0.00000e+00    0.00000e+00    0.00000e+00    1.00000e-10    1.00000e-10    0.00000e+00    0.00000e+00    0.00000e+00    0.00000e+00
      1957    0.00000e+00    0.00000e+00    0.00000e+00    0.00000e+00    0.00000e+00    1.00000e-10    1.00000e-10    0.00000e+00    0.00000e+00    0.00000e+00    0.00000e+00
      1958    0.00000e+00    0.00000e+00    0.00000e+00    0.00000e+00    0.00000e+00    1.00000e-10    1.00000e-10    0.00000e+00    0.00000e+00    0.00000e+00    0.00000e+00
      1959    0.00000e+00    0.00000e+00    0.00000e+00    0.00000e+00    0.00000e+00    1.00000e-10    1.00000e-10    0.00000e+00    0.00000e+00    0.00000e+00    0.00000e+00
      1960    0.00000e+00    0.00000e+00    0.00000e+00    0.00000e+00    0.00000e+00    1.00000e-10    1.00000e-10    0.00000e+00    0.00000e+00    0.00000e+00    0.00000e+00
      1961    0.00000e+00    0.00000e+00    0.00000e+00    0.00000e+00    0.00000e+00    1.00000e-10    1.00000e-10    0.00000e+00    0.00000e+00    0.00000e+00    0.00000e+00
      1962    0.00000e+00    0.00000e+00    0.00000e+00    0.00000e+00    0.00000e+00    1.00000e-10    1.00000e-10    0.00000e+00    0.00000e+00    0.00000e+00    0.00000e+00
      1963    0.00000e+00    0.00000e+00    0.00000e+00    0.00000e+00    0.00000e+00    1.00000e-10    1.00000e-10    0.00000e+00    0.00000e+00    0.00000e+00    0.00000e+00
      1964    0.00000e+00    0.00000e+00    0.00000e+00    0.00000e+00    0.00000e+00    1.00000e-10    1.00000e-10    0.00000e+00    0.00000e+00    0.00000e+00    0.00000e+00
      1965    0.00000e+00    0.00000e+00    0.00000e+00    0.00000e+00    0.00000e+00    1.00000e-10    1.00000e-10    0.00000e+00    0.00000e+00    0.00000e+00    0.00000e+00
      1966    0.00000e+00    0.00000e+00    0.00000e+00    0.00000e+00    0.00000e+00    1.00000e-10    1.00000e-10    0.00000e+00    0.00000e+00    0.00000e+00    0.00000e+00
      1967    0.00000e+00    0.00000e+00    0.00000e+00    0.00000e+00    0.00000e+00    1.00000e-10    1.00000e-10    0.00000e+00    0.00000e+00    0.00000e+00    0.00000e+00
      1968    0.00000e+00    0.00000e+00    0.00000e+00    0.00000e+00    0.00000e+00    1.00000e-10    1.00000e-10    0.00000e+00    0.00000e+00    0.00000e+00    0.00000e+00
      1969    0.00000e+00    0.00000e+00    0.00000e+00    0.00000e+00    0.00000e+00    1.00000e-10    1.00000e-10    0.00000e+00    0.00000e+00    0.00000e+00    0.00000e+00
      1970    0.00000e+00    0.00000e+00    0.00000e+00    0.00000e+00    0.00000e+00    1.00000e-10    1.00000e-10    0.00000e+00    0.00000e+00    0.00000e+00    0.00000e+00
      1971    0.00000e+00    0.00000e+00    0.00000e+00    0.00000e+00    0.00000e+00    1.00000e-10    1.00000e-10    0.00000e+00    0.00000e+00    0.00000e+00    0.00000e+00
      1972    0.00000e+00    0.00000e+00    0.00000e+00    0.00000e+00    0.00000e+00    1.00000e-10    1.00000e-10    0.00000e+00    0.00000e+00    0.00000e+00    0.00000e+00
      1973    0.00000e+00    0.00000e+00    0.00000e+00    0.00000e+00    0.00000e+00    1.00000e-10    1.00000e-10    0.00000e+00    0.00000e+00    0.00000e+00    0.00000e+00
      1974    0.00000e+00    0.00000e+00    0.00000e+00    0.00000e+00    0.00000e+00    1.00000e-10    1.00000e-10    0.00000e+00    0.00000e+00    0.00000e+00    0.00000e+00
      1975    0.00000e+00    0.00000e+00    0.00000e+00    0.00000e+00    0.00000e+00    1.00000e-10    1.00000e-10    0.00000e+00    0.00000e+00    0.00000e+00    0.00000e+00
      1976    0.00000e+00    0.00000e+00    0.00000e+00    0.00000e+00    0.00000e+00    1.00000e-10    1.00000e-10    0.00000e+00    0.00000e+00    0.00000e+00    0.00000e+00
      1977    0.00000e+00    0.00000e+00    0.00000e+00    0.00000e+00    0.00000e+00    1.00000e-10    1.00000e-10    0.00000e+00    0.00000e+00    0.00000e+00    0.00000e+00
      1978    0.00000e+00    0.00000e+00    0.00000e+00    0.00000e+00    0.00000e+00    1.00000e-10    1.00000e-10    0.00000e+00    0.00000e+00    0.00000e+00    0.00000e+00
      1979    0.00000e+00    0.00000e+00    0.00000e+00    0.00000e+00    0.00000e+00    1.00000e-10    1.00000e-10    0.00000e+00    0.00000e+00    0.00000e+00    0.00000e+00
      1980    0.00000e+00    0.00000e+00    0.00000e+00    0.00000e+00    0.00000e+00    1.00000e-10    1.00000e-10    0.00000e+00    0.00000e+00    0.00000e+00    0.00000e+00
      1981    0.00000e+00    0.00000e+00    0.00000e+00    0.00000e+00    0.00000e+00    1.00000e-10    1.00000e-10    0.00000e+00    0.00000e+00    0.00000e+00    0.00000e+00
      1982    0.00000e+00    0.00000e+00    0.00000e+00    0.00000e+00    0.00000e+00    1.00000e-10    1.00000e-10    0.00000e+00    0.00000e+00    0.00000e+00    0.00000e+00
      1983    0.00000e+00    0.00000e+00    0.00000e+00    0.00000e+00    0.00000e+00    1.00000e-10    1.00000e-10    0.00000e+00    0.00000e+00    0.00000e+00    0.00000e+00
      1984    0.00000e+00    0.00000e+00    0.00000e+00    0.00000e+00    0.00000e+00    1.00000e-10    1.00000e-10    0.00000e+00    0.00000e+00    0.00000e+00    0.00000e+00
      1985    0.00000e+00    0.00000e+00    0.00000e+00    0.00000e+00    0.00000e+00    1.00000e-10    1.00000e-10    0.00000e+00    0.00000e+00    0.00000e+00    0.00000e+00
      1986    0.00000e+00    0.00000e+00    0.00000e+00    0.00000e+00    0.00000e+00    1.00000e-10    1.00000e-10    0.00000e+00    0.00000e+00    0.00000e+00    0.00000e+00
      1987    0.00000e+00    0.00000e+00    0.00000e+00    0.00000e+00    0.00000e+00    1.00000e-10    1.00000e-10    0.00000e+00    0.00000e+00    0.00000e+00    0.00000e+00
      1988    0.00000e+00    0.00000e+00    0.00000e+00    0.00000e+00    0.00000e+00    1.00000e-10    1.00000e-10    0.00000e+00    0.00000e+00    0.00000e+00    0.00000e+00
      1989    0.00000e+00    0.00000e+00    0.00000e+00    0.00000e+00    0.00000e+00    1.00000e-10    1.00000e-10    0.00000e+00    0.00000e+00    0.00000e+00    0.00000e+00
      1990    0.00000e+00    0.00000e+00    0.00000e+00    0.00000e+00    0.00000e+00    1.00000e-10    1.00000e-10    0.00000e+00    0.00000e+00    0.00000e+00    0.00000e+00
      1991    0.00000e+00    0.00000e+00    0.00000e+00    0.00000e+00    0.00000e+00    1.00000e-10    1.00000e-10    0.00000e+00    0.00000e+00    0.00000e+00    0.00000e+00
      1992    0.00000e+00    0.00000e+00    0.00000e+00    0.00000e+00    0.00000e+00    1.00000e-10    1.00000e-10    0.00000e+00    0.00000e+00    0.00000e+00    0.00000e+00
      1993    0.00000e+00    0.00000e+00    0.00000e+00    0.00000e+00    0.00000e+00    1.00000e-10    1.00000e-10    0.00000e+00    0.00000e+00    0.00000e+00    0.00000e+00
      1994    0.00000e+00    0.00000e+00    0.00000e+00    0.00000e+00    0.00000e+00    1.00000e-10    1.00000e-10    0.00000e+00    0.00000e+00    0.00000e+00    0.00000e+00
      1995    0.00000e+00    0.00000e+00    0.00000e+00    0.00000e+00    0.00000e+00    1.00000e-10    1.00000e-10    0.00000e+00    0.00000e+00    0.00000e+00    0.00000e+00
      1996    0.00000e+00    0.00000e+00    0.00000e+00    0.00000e+00    0.00000e+00    1.00000e-10    1.00000e-10    0.00000e+00    0.00000e+00    0.00000e+00    0.00000e+00
      1997    0.00000e+00    0.00000e+00    0.00000e+00    0.00000e+00    0.00000e+00    1.00000e-10    1.00000e-10    0.00000e+00    0.00000e+00    0.00000e+00    0.00000e+00
      1998    0.00000e+00    0.00000e+00    0.00000e+00    0.00000e+00    0.00000e+00    1.00000e-10    1.00000e-10    0.00000e+00    0.00000e+00    0.00000e+00    0.00000e+00
      1999    0.00000e+00    0.00000e+00    0.00000e+00    0.00000e+00    0.00000e+00    1.00000e-10    1.00000e-10    0.00000e+00    0.00000e+00    0.00000e+00    0.00000e+00
      2000    0.00000e+00    0.00000e+00    0.00000e+00    0.00000e+00    0.00000e+00    1.00000e-10    1.00000e-10    0.00000e+00    0.00000e+00    0.00000e+00    0.00000e+00
END INITIAL
