solid no_name
facet normal 0.101812062304423 -0.974174095345549 0.201541896207716
   outer loop
      vertex 0.214383253889649 -0.39216980907988 0.26986552361561
      vertex 0.222039855818764 -0.408619238116387 0.18648761361561
      vertex 0.274653919366403 -0.401141193873732 0.19605470961561
   endloop
endfacet
facet normal 0.135058244735761 -0.964367281174707 0.227497291255519
   outer loop
      vertex 0.214383253889649 -0.39216980907988 0.26986552361561
      vertex 0.274653919366403 -0.401141193873732 0.19605470961561
      vertex 0.308817205968584 -0.384432451366358 0.24660182161561
   endloop
endfacet
facet normal 0.0902941455922487 -0.962511956287072 0.255768843443059
   outer loop
      vertex 0.222039855818764 -0.408619238116387 0.18648761361561
      vertex 0.257410379629379 -0.424599194817342 0.11386480951561
      vertex 0.274653919366403 -0.401141193873732 0.19605470961561
   endloop
endfacet
facet normal 0.383696454798469 -0.922334907141769 0.0455560055631586
   outer loop
      vertex 0.274653919366403 -0.401141193873732 0.19605470961561
      vertex 0.324892632725741 -0.382752264600034 0.14522354461561
      vertex 0.308817205968584 -0.384432451366358 0.24660182161561
   endloop
endfacet
facet normal -0.836123234140405 0.352690566263248 0.420127720817728
   outer loop
      vertex 0.242281709340238 -0.206962967505565 0.43601385211561
      vertex 0.226886434554954 -0.254898160700572 0.44561555961561
      vertex 0.265267884907415 -0.207260802970708 0.48201014861561
   endloop
endfacet
facet normal -0.812304055296886 0.0862625866223506 0.576819632031933
   outer loop
      vertex 0.243784286355538 -0.121325924605835 0.43890450911561
      vertex 0.265267884907415 -0.207260802970708 0.48201014861561
      vertex 0.297297163167558 -0.177155282283328 0.52261301861561
   endloop
endfacet
facet normal -0.870756765414791 -0.11945599251676 0.476983145756962
   outer loop
      vertex 0.243784286355538 -0.121325924605835 0.43890450911561
      vertex 0.297297163167558 -0.177155282283328 0.52261301861561
      vertex 0.329506833285561 -0.151931808888004 0.58773037861561
   endloop
endfacet
facet normal -0.848844976048654 0.122798745227638 0.514181558214098
   outer loop
      vertex 0.243784286355538 -0.121325924605835 0.43890450911561
      vertex 0.329506833285561 -0.151931808888004 0.58773037861561
      vertex 0.275054093902183 -0.0873992856976452 0.48242429311561
   endloop
endfacet
facet normal -0.894518575406127 0.000605714329333085 0.447030369621064
   outer loop
      vertex 0.242281709340238 -0.206962967505565 0.43601385211561
      vertex 0.265267884907415 -0.207260802970708 0.48201014861561
      vertex 0.243784286355538 -0.121325924605835 0.43890450911561
   endloop
endfacet
facet normal -0.726041050656511 0.51608934830476 0.454440510218838
   outer loop
      vertex 0.211486397251732 -0.20073266372418 0.37973794011561
      vertex 0.19784125695256 -0.231139110781693 0.39246900461561
      vertex 0.242281709340238 -0.206962967505565 0.43601385211561
   endloop
endfacet
facet normal -0.918593028705025 0.0862578604992765 0.385676586165942
   outer loop
      vertex 0.21665174393651 -0.12127893456354 0.37427051661561
      vertex 0.211486397251732 -0.20073266372418 0.37973794011561
      vertex 0.243784286355538 -0.121325924605835 0.43890450911561
   endloop
endfacet
facet normal -0.877281070778764 -0.000808815166068217 0.479976320948537
   outer loop
      vertex 0.211486397251732 -0.20073266372418 0.37973794011561
      vertex 0.242281709340238 -0.206962967505565 0.43601385211561
      vertex 0.243784286355538 -0.121325924605835 0.43890450911561
   endloop
endfacet
facet normal -0.942004842288128 0.0836058263198568 0.325018373190028
   outer loop
      vertex 0.204663863401248 -0.151792388664016 0.34737499411561
      vertex 0.211486397251732 -0.20073266372418 0.37973794011561
      vertex 0.21665174393651 -0.12127893456354 0.37427051661561
   endloop
endfacet
facet normal -0.938271017359081 -0.152691439498322 0.310375292650502
   outer loop
      vertex 0.104602051208955 -0.0447729250690275 0.12420242911561
      vertex 0.129620803625854 -0.091748244433321 0.17672478361561
      vertex 0.113464367808308 -0.0162535654766965 0.16502370961561
   endloop
endfacet
facet normal -0.989621404449586 0.13639577988493 -0.0452290513366238
   outer loop
      vertex 0.101575809173961 -0.189649361823489 0.0923787064156104
      vertex 0.0978211225029575 -0.197450622750543 0.15100605211561
      vertex 0.106400550459804 -0.134831635352108 0.15212436161561
   endloop
endfacet
facet normal -0.948596828573675 -0.191301678042291 0.252126406388083
   outer loop
      vertex 0.0828058646410836 -0.0979426562334593 0.0913416742656104
      vertex 0.101575809173961 -0.189649361823489 0.0923787064156104
      vertex 0.106400550459804 -0.134831635352108 0.15212436161561
   endloop
endfacet
facet normal -0.83189433642552 -0.164272815163299 0.530062501240625
   outer loop
      vertex 0.070852606643638 -0.133167518300569 0.0616652967656104
      vertex 0.101575809173961 -0.189649361823489 0.0923787064156104
      vertex 0.0828058646410836 -0.0979426562334593 0.0913416742656104
   endloop
endfacet
facet normal -0.852027631148399 -0.204307466961125 0.481982753533337
   outer loop
      vertex 0.0828058646410836 -0.0979426562334593 0.0913416742656104
      vertex 0.129620803625854 -0.091748244433321 0.17672478361561
      vertex 0.0792675371941568 -0.0619256001690592 0.10035403146561
   endloop
endfacet
facet normal -0.864610517967321 0.203745241065236 0.45927826964004
   outer loop
      vertex 0.0828058646410836 -0.0979426562334593 0.0913416742656104
      vertex 0.106400550459804 -0.134831635352108 0.15212436161561
      vertex 0.129620803625854 -0.091748244433321 0.17672478361561
   endloop
endfacet
facet normal -0.750865446640306 0.272668556419335 0.601542134336282
   outer loop
      vertex 0.0792675371941568 -0.0619256001690592 0.10035403146561
      vertex 0.129620803625854 -0.091748244433321 0.17672478361561
      vertex 0.104602051208955 -0.0447729250690275 0.12420242911561
   endloop
endfacet
facet normal -0.984495378082176 0.0934700418236195 0.14843248234913
   outer loop
      vertex 0.104824912517528 -0.00197960323038591 0.0987330197656104
      vertex 0.104602051208955 -0.0447729250690275 0.12420242911561
      vertex 0.113464367808308 -0.0162535654766965 0.16502370961561
   endloop
endfacet
facet normal -0.756204864946755 0.337558130969688 0.560543227991482
   outer loop
      vertex 0.104824912517528 -0.00197960323038591 0.0987330197656104
      vertex 0.0792675371941568 -0.0619256001690592 0.10035403146561
      vertex 0.104602051208955 -0.0447729250690275 0.12420242911561
   endloop
endfacet
facet normal -0.873799180918378 0.380716548146564 0.302539090687034
   outer loop
      vertex 0.0722247205788525 -0.0204997230347815 0.0278823244656105
      vertex 0.0792675371941568 -0.0619256001690592 0.10035403146561
      vertex 0.104824912517528 -0.00197960323038591 0.0987330197656104
   endloop
endfacet
facet normal -0.879537769478553 0.360616511522808 0.310433638122244
   outer loop
      vertex 0.0915741385057536 0.0330178500578204 0.0205352578156105
      vertex 0.0722247205788525 -0.0204997230347815 0.0278823244656105
      vertex 0.104824912517528 -0.00197960323038591 0.0987330197656104
   endloop
endfacet
facet normal -0.580629601252589 0.146290330191607 0.800917227584531
   outer loop
      vertex 0.104824912517528 -0.00197960323038591 0.0987330197656104
      vertex 0.138584270575542 0.0304106453175045 0.11729087061561
      vertex 0.112110290089557 0.083327284823881 0.0884329954156105
   endloop
endfacet
facet normal -0.781602176693715 0.224346417767897 0.582036701782937
   outer loop
      vertex 0.139539110389189 -0.170177073789283 0.25327229311561
      vertex 0.140688615501519 -0.241005512955148 0.28211680111561
      vertex 0.173511438807939 -0.171356207761239 0.29934736061561
   endloop
endfacet
facet normal -0.751301450054248 0.344716808919087 0.562775668268473
   outer loop
      vertex 0.139539110389189 -0.170177073789283 0.25327229311561
      vertex 0.173511438807939 -0.171356207761239 0.29934736061561
      vertex 0.164611939965756 -0.126511152008458 0.25999766561561
   endloop
endfacet
facet normal -0.871752024926461 0.318775930170529 0.372062243959972
   outer loop
      vertex 0.140688615501519 -0.241005512955148 0.28211680111561
      vertex 0.16985357791378 -0.231276229518569 0.34211523961561
      vertex 0.173511438807939 -0.171356207761239 0.29934736061561
   endloop
endfacet
facet normal -0.998655009134458 -0.0326197407536239 -0.0403004372658912
   outer loop
      vertex 0.144435274540867 -0.26165719179855 0.20598940361561
      vertex 0.140688615501519 -0.241005512955148 0.28211680111561
      vertex 0.139539110389189 -0.170177073789283 0.25327229311561
   endloop
endfacet
facet normal -0.733902376598773 -0.342472819157342 0.586600093557011
   outer loop
      vertex 0.144435274540867 -0.26165719179855 0.20598940361561
      vertex 0.139539110389189 -0.170177073789283 0.25327229311561
      vertex 0.116640162372165 -0.200057542187931 0.20717812961561
   endloop
endfacet
facet normal -0.691086233249149 0.295207635700392 0.659736515616414
   outer loop
      vertex 0.120379532574827 -0.139922604643188 0.21966452661561
      vertex 0.139539110389189 -0.170177073789283 0.25327229311561
      vertex 0.164611939965756 -0.126511152008458 0.25999766561561
   endloop
endfacet
facet normal -0.883720654203122 -0.041836968017823 0.466141044579731
   outer loop
      vertex 0.116640162372165 -0.200057542187931 0.20717812961561
      vertex 0.139539110389189 -0.170177073789283 0.25327229311561
      vertex 0.120379532574827 -0.139922604643188 0.21966452661561
   endloop
endfacet
facet normal -0.623093771273326 -0.471088681665449 0.624363360718015
   outer loop
      vertex 0.18677467224876 -0.329165424250983 0.30566455611561
      vertex 0.243879083962662 -0.344317500338246 0.35122045111561
      vertex 0.222375663430563 -0.306822863142959 0.35805085161561
   endloop
endfacet
facet normal -0.597162112111581 -0.577802759006446 0.55636443411039
   outer loop
      vertex 0.18677467224876 -0.329165424250983 0.30566455611561
      vertex 0.214383253889649 -0.39216980907988 0.26986552361561
      vertex 0.243879083962662 -0.344317500338246 0.35122045111561
   endloop
endfacet
facet normal 0.190393941271734 -0.874793696222994 0.445517829245392
   outer loop
      vertex 0.214383253889649 -0.39216980907988 0.26986552361561
      vertex 0.264348328739677 -0.356813636761837 0.31793612311561
      vertex 0.243879083962662 -0.344317500338246 0.35122045111561
   endloop
endfacet
facet normal 0.0919510918011581 -0.912302826640276 0.399059581041149
   outer loop
      vertex 0.243879083962662 -0.344317500338246 0.35122045111561
      vertex 0.264348328739677 -0.356813636761837 0.31793612311561
      vertex 0.290840884484672 -0.327619624751913 0.37857308411561
   endloop
endfacet
facet normal -0.0555571118125331 -0.889916002982069 0.452728301482763
   outer loop
      vertex 0.264348328739677 -0.356813636761837 0.31793612311561
      vertex 0.311701755990281 -0.372546593167341 0.29282130261561
      vertex 0.290840884484672 -0.327619624751913 0.37857308411561
   endloop
endfacet
facet normal 0.182890666313825 -0.873049867996394 0.452034215703595
   outer loop
      vertex 0.214383253889649 -0.39216980907988 0.26986552361561
      vertex 0.308817205968584 -0.384432451366358 0.24660182161561
      vertex 0.264348328739677 -0.356813636761837 0.31793612311561
   endloop
endfacet
facet normal -0.180079242111726 -0.949886682147239 0.255512734789826
   outer loop
      vertex 0.264348328739677 -0.356813636761837 0.31793612311561
      vertex 0.308817205968584 -0.384432451366358 0.24660182161561
      vertex 0.311701755990281 -0.372546593167341 0.29282130261561
   endloop
endfacet
facet normal -0.87451387258808 -0.399895572992591 0.274424884716977
   outer loop
      vertex 0.0978211225029575 -0.197450622750543 0.15100605211561
      vertex 0.144435274540867 -0.26165719179855 0.20598940361561
      vertex 0.116640162372165 -0.200057542187931 0.20717812961561
   endloop
endfacet
facet normal -0.948275124878186 -0.00693283128762967 0.317373948816846
   outer loop
      vertex 0.0978211225029575 -0.197450622750543 0.15100605211561
      vertex 0.116640162372165 -0.200057542187931 0.20717812961561
      vertex 0.120379532574827 -0.139922604643188 0.21966452661561
   endloop
endfacet
facet normal -0.861914559973722 -0.503155602828905 0.0627513398039085
   outer loop
      vertex 0.0978211225029575 -0.197450622750543 0.15100605211561
      vertex 0.11460457099351 -0.235663686923703 0.0751316766156103
      vertex 0.137953655044117 -0.273251013122368 0.0944562318656103
   endloop
endfacet
facet normal -0.840126321439354 -0.535352948322203 0.0870918179136423
   outer loop
      vertex 0.0978211225029575 -0.197450622750543 0.15100605211561
      vertex 0.169296798386393 -0.308918987415273 0.15529668461561
      vertex 0.144435274540867 -0.26165719179855 0.20598940361561
   endloop
endfacet
facet normal -0.837867618312898 -0.532662239772571 0.119368306108199
   outer loop
      vertex 0.0978211225029575 -0.197450622750543 0.15100605211561
      vertex 0.137953655044117 -0.273251013122368 0.0944562318656103
      vertex 0.169296798386393 -0.308918987415273 0.15529668461561
   endloop
endfacet
facet normal -0.933175866514577 -0.359113391337823 -0.0148450098219996
   outer loop
      vertex 0.202936412014619 -0.358974091473681 0.18639571411561
      vertex 0.222039855818764 -0.408619238116387 0.18648761361561
      vertex 0.214383253889649 -0.39216980907988 0.26986552361561
   endloop
endfacet
facet normal 0.469894483632011 -0.869935268693672 0.149705719780758
   outer loop
      vertex 0.257410379629379 -0.424599194817342 0.11386480951561
      vertex 0.324892632725741 -0.382752264600034 0.14522354461561
      vertex 0.274653919366403 -0.401141193873732 0.19605470961561
   endloop
endfacet
facet normal -0.884483211150724 0.195997562378867 0.423408082981473
   outer loop
      vertex 0.164611939965756 -0.126511152008458 0.25999766561561
      vertex 0.173511438807939 -0.171356207761239 0.29934736061561
      vertex 0.194072716071468 -0.110346166988163 0.31405724811561
   endloop
endfacet
facet normal -0.856970257099935 0.171648175542984 0.485941233359382
   outer loop
      vertex 0.173511438807939 -0.171356207761239 0.29934736061561
      vertex 0.204663863401248 -0.151792388664016 0.34737499411561
      vertex 0.194072716071468 -0.110346166988163 0.31405724811561
   endloop
endfacet
facet normal -0.811084504750543 -0.265247927418728 0.521330474031238
   outer loop
      vertex 0.164611939965756 -0.126511152008458 0.25999766561561
      vertex 0.194072716071468 -0.110346166988163 0.31405724811561
      vertex 0.177137869544427 -0.0701150605567774 0.30817926061561
   endloop
endfacet
facet normal -0.865844325655722 0.348225106664428 0.359239305781447
   outer loop
      vertex 0.146759680995158 -0.0725939294889138 0.23736413161561
      vertex 0.177137869544427 -0.0701150605567774 0.30817926061561
      vertex 0.188218643815871 -0.0219558402846335 0.28820365111561
   endloop
endfacet
facet normal -0.908838087068113 -0.135271298088622 0.394607409215529
   outer loop
      vertex 0.146759680995158 -0.0725939294889138 0.23736413161561
      vertex 0.164611939965756 -0.126511152008458 0.25999766561561
      vertex 0.177137869544427 -0.0701150605567774 0.30817926061561
   endloop
endfacet
facet normal -0.822048737689718 0.112654270122129 0.558162062743422
   outer loop
      vertex 0.146759680995158 -0.0725939294889138 0.23736413161561
      vertex 0.188218643815871 -0.0219558402846335 0.28820365111561
      vertex 0.174635146821551 0.0159309905156259 0.26055144961561
   endloop
endfacet
facet normal -0.93166396973508 -0.174766726507971 0.318526041012598
   outer loop
      vertex 0.129620803625854 -0.091748244433321 0.17672478361561
      vertex 0.164611939965756 -0.126511152008458 0.25999766561561
      vertex 0.146759680995158 -0.0725939294889138 0.23736413161561
   endloop
endfacet
facet normal -0.639083954423766 0.576454516985386 0.509187479269892
   outer loop
      vertex 0.129620803625854 -0.091748244433321 0.17672478361561
      vertex 0.120379532574827 -0.139922604643188 0.21966452661561
      vertex 0.164611939965756 -0.126511152008458 0.25999766561561
   endloop
endfacet
facet normal -0.964490368318324 0.0336775166080203 0.261962123781856
   outer loop
      vertex 0.129620803625854 -0.091748244433321 0.17672478361561
      vertex 0.146759680995158 -0.0725939294889138 0.23736413161561
      vertex 0.14269104451129 -0.00514990474089532 0.21371373561561
   endloop
endfacet
facet normal -0.847870743009992 0.266836147666324 0.458163369821596
   outer loop
      vertex 0.146769507196378 0.0451756916455974 0.19195145661561
      vertex 0.14269104451129 -0.00514990474089532 0.21371373561561
      vertex 0.174635146821551 0.0159309905156259 0.26055144961561
   endloop
endfacet
facet normal -0.830882099363294 0.101432172905801 0.54712562657698
   outer loop
      vertex 0.174635146821551 0.0159309905156259 0.26055144961561
      vertex 0.188218643815871 -0.0219558402846335 0.28820365111561
      vertex 0.203975045049678 0.0615593094805392 0.29664885711561
   endloop
endfacet
facet normal -0.962091338039314 0.159114520688319 0.221501301521794
   outer loop
      vertex 0.188218643815871 -0.0219558402846335 0.28820365111561
      vertex 0.199789480268648 0.00436448331716411 0.31955450911561
      vertex 0.203975045049678 0.0615593094805392 0.29664885711561
   endloop
endfacet
facet normal -0.88674693819351 0.278052344116852 0.369278704416541
   outer loop
      vertex 0.188972850188429 0.0942846788226031 0.235983252115611
      vertex 0.174635146821551 0.0159309905156259 0.26055144961561
      vertex 0.203975045049678 0.0615593094805392 0.29664885711561
   endloop
endfacet
facet normal -0.845452955631061 0.130585956290502 0.517838399343268
   outer loop
      vertex 0.14269104451129 -0.00514990474089532 0.21371373561561
      vertex 0.146759680995158 -0.0725939294889138 0.23736413161561
      vertex 0.174635146821551 0.0159309905156259 0.26055144961561
   endloop
endfacet
facet normal -0.852321529827174 0.264251627941884 0.451352508493229
   outer loop
      vertex 0.113464367808308 -0.0162535654766965 0.16502370961561
      vertex 0.14269104451129 -0.00514990474089532 0.21371373561561
      vertex 0.146769507196378 0.0451756916455974 0.19195145661561
   endloop
endfacet
facet normal -0.833120942894001 0.298458001811535 0.465652569697706
   outer loop
      vertex 0.146769507196378 0.0451756916455974 0.19195145661561
      vertex 0.174635146821551 0.0159309905156259 0.26055144961561
      vertex 0.188972850188429 0.0942846788226031 0.235983252115611
   endloop
endfacet
facet normal -0.969086283679613 0.129018788646958 0.210299612363189
   outer loop
      vertex 0.0978211225029575 -0.197450622750543 0.15100605211561
      vertex 0.120379532574827 -0.139922604643188 0.21966452661561
      vertex 0.106400550459804 -0.134831635352108 0.15212436161561
   endloop
endfacet
facet normal -0.905693383060119 0.365372169248247 0.214994590210886
   outer loop
      vertex 0.106400550459804 -0.134831635352108 0.15212436161561
      vertex 0.120379532574827 -0.139922604643188 0.21966452661561
      vertex 0.129620803625854 -0.091748244433321 0.17672478361561
   endloop
endfacet
facet normal -0.84315029435653 -0.0985155561352019 0.528575695928095
   outer loop
      vertex 0.113464367808308 -0.0162535654766965 0.16502370961561
      vertex 0.129620803625854 -0.091748244433321 0.17672478361561
      vertex 0.14269104451129 -0.00514990474089532 0.21371373561561
   endloop
endfacet
facet normal -0.779372925347904 0.0863738228843061 0.620578283502573
   outer loop
      vertex 0.203975045049678 0.0615593094805392 0.29664885711561
      vertex 0.238247877593778 0.125822487756491 0.33074715211561
      vertex 0.228539457338934 0.20037521588599 0.30817806711561
   endloop
endfacet
facet normal -0.954761526362347 0.147506145850971 0.258209923733449
   outer loop
      vertex 0.2110669852909 0.192124907957849 0.248284656615611
      vertex 0.203975045049678 0.0615593094805392 0.29664885711561
      vertex 0.228539457338934 0.20037521588599 0.30817806711561
   endloop
endfacet
facet normal -0.786677251643611 0.327303315937859 0.523461021588557
   outer loop
      vertex 0.238247877593778 0.125822487756491 0.33074715211561
      vertex 0.223002960726559 0.0763541401569203 0.33876747211561
      vertex 0.269789423643259 0.122603645680347 0.38016163261561
   endloop
endfacet
facet normal 0.453572153234027 0.695980977631867 0.556671160188166
   outer loop
      vertex 0.269789423643259 0.122603645680347 0.38016163261561
      vertex 0.274310325765642 0.0910449846582013 0.41593440811561
      vertex 0.312644884088895 0.0775242227423376 0.40160405361561
   endloop
endfacet
facet normal 0.234069090854876 0.590056648912297 0.772686748806243
   outer loop
      vertex 0.312644884088895 0.0775242227423376 0.40160405361561
      vertex 0.347959663902198 0.101265604024514 0.37277625461561
      vertex 0.269789423643259 0.122603645680347 0.38016163261561
   endloop
endfacet
facet normal -0.899530444160608 0.324612620940494 0.292355308408043
   outer loop
      vertex 0.203975045049678 0.0615593094805392 0.29664885711561
      vertex 0.223002960726559 0.0763541401569203 0.33876747211561
      vertex 0.238247877593778 0.125822487756491 0.33074715211561
   endloop
endfacet
facet normal -0.934372846082682 -0.0138977061184392 0.356025614623434
   outer loop
      vertex 0.228539457338934 0.20037521588599 0.30817806711561
      vertex 0.238247877593778 0.125822487756491 0.33074715211561
      vertex 0.249273247987075 0.163939684558544 0.36117066061561
   endloop
endfacet
facet normal 0.339758515209336 0.831787233672205 0.438969417206583
   outer loop
      vertex 0.228539457338934 0.20037521588599 0.30817806711561
      vertex 0.249273247987075 0.163939684558544 0.36117066061561
      vertex 0.291975894413587 0.173762422849604 0.30950643261561
   endloop
endfacet
facet normal 0.5832509857057 0.559869474788573 0.588527364591738
   outer loop
      vertex 0.249273247987075 0.163939684558544 0.36117066061561
      vertex 0.269789423643259 0.122603645680347 0.38016163261561
      vertex 0.291975894413587 0.173762422849604 0.30950643261561
   endloop
endfacet
facet normal 0.260766074357211 0.741203856651272 0.61856115085706
   outer loop
      vertex 0.269789423643259 0.122603645680347 0.38016163261561
      vertex 0.347959663902198 0.101265604024514 0.37277625461561
      vertex 0.291975894413587 0.173762422849604 0.30950643261561
   endloop
endfacet
facet normal -0.67078623430902 0.27517132273367 0.688713707578502
   outer loop
      vertex 0.119373421161483 0.2727452510528 0.0538217341156106
      vertex 0.141887732550026 0.237548980933924 0.0898124427156106
      vertex 0.144214855608306 0.315528331342402 0.0609228204156106
   endloop
endfacet
facet normal -0.960097496285781 0.255330575585049 0.11410124800887
   outer loop
      vertex 0.128039465586552 0.209753809270358 0.0354858742656106
      vertex 0.130760672077638 0.193843475380441 0.0939867089656106
      vertex 0.141887732550026 0.237548980933924 0.0898124427156106
   endloop
endfacet
facet normal -0.92522713127252 0.353016677051678 0.139046687413307
   outer loop
      vertex 0.0971544197481046 0.139361384586462 0.00868924517561056
      vertex 0.130760672077638 0.193843475380441 0.0939867089656106
      vertex 0.128039465586552 0.209753809270358 0.0354858742656106
   endloop
endfacet
facet normal -0.909839801883876 -0.226398184246313 0.347757670048961
   outer loop
      vertex 0.128039465586552 0.209753809270358 0.0354858742656106
      vertex 0.141887732550026 0.237548980933924 0.0898124427156106
      vertex 0.119373421161483 0.2727452510528 0.0538217341156106
   endloop
endfacet
facet normal -0.965521296471062 0.0354633770801722 0.257897217795984
   outer loop
      vertex 0.188972850188429 0.0942846788226031 0.235983252115611
      vertex 0.203975045049678 0.0615593094805392 0.29664885711561
      vertex 0.191439651799083 0.133879769831023 0.23977380811561
   endloop
endfacet
facet normal -0.855762480496041 0.219946295202485 0.468288590723674
   outer loop
      vertex 0.191439651799083 0.133879769831023 0.23977380811561
      vertex 0.203975045049678 0.0615593094805392 0.29664885711561
      vertex 0.2110669852909 0.192124907957849 0.248284656615611
   endloop
endfacet
facet normal -0.935504674030153 0.284664690205355 0.20927737340197
   outer loop
      vertex 0.187417421337957 0.150936105473228 0.198593284115611
      vertex 0.191439651799083 0.133879769831023 0.23977380811561
      vertex 0.2110669852909 0.192124907957849 0.248284656615611
   endloop
endfacet
facet normal -0.842005695973379 0.419624704306868 0.339030257475287
   outer loop
      vertex 0.143566261261225 0.0711602549046612 0.15183434111561
      vertex 0.146769507196378 0.0451756916455974 0.19195145661561
      vertex 0.188972850188429 0.0942846788226031 0.235983252115611
   endloop
endfacet
facet normal -0.883743435955529 0.205700313065284 0.420339054348226
   outer loop
      vertex 0.143566261261225 0.0711602549046612 0.15183434111561
      vertex 0.188972850188429 0.0942846788226031 0.235983252115611
      vertex 0.156885490385023 0.124683463910959 0.153644880615611
   endloop
endfacet
facet normal -0.86254175323711 0.262009521910697 0.432865723233868
   outer loop
      vertex 0.156885490385023 0.124683463910959 0.153644880615611
      vertex 0.188972850188429 0.0942846788226031 0.235983252115611
      vertex 0.187417421337957 0.150936105473228 0.198593284115611
   endloop
endfacet
facet normal -0.849578285323251 0.102023894111082 0.517501557618541
   outer loop
      vertex 0.156885490385023 0.124683463910959 0.153644880615611
      vertex 0.187417421337957 0.150936105473228 0.198593284115611
      vertex 0.171106860039124 0.202686732273797 0.161613880115611
   endloop
endfacet
facet normal -0.991753279371366 0.0505106836649901 0.117788385216187
   outer loop
      vertex 0.187417421337957 0.150936105473228 0.198593284115611
      vertex 0.188972850188429 0.0942846788226031 0.235983252115611
      vertex 0.191439651799083 0.133879769831023 0.23977380811561
   endloop
endfacet
facet normal -0.879794212869729 0.0778161249638184 0.468942207203136
   outer loop
      vertex 0.186482219462142 0.276742601713434 0.188119128115611
      vertex 0.2110669852909 0.192124907957849 0.248284656615611
      vertex 0.218153920791708 0.284973571771845 0.246173355115611
   endloop
endfacet
facet normal -0.565438702305375 0.241407780273469 0.7886706267883
   outer loop
      vertex 0.171106860039124 0.202686732273797 0.161613880115611
      vertex 0.170486128034462 0.313114226704213 0.127367591115611
      vertex 0.155254396481675 0.246560472307368 0.136818917615611
   endloop
endfacet
facet normal -0.948897248270251 0.088600561995121 0.302892642101612
   outer loop
      vertex 0.170486128034462 0.313114226704213 0.127367591115611
      vertex 0.171106860039124 0.202686732273797 0.161613880115611
      vertex 0.186482219462142 0.276742601713434 0.188119128115611
   endloop
endfacet
facet normal -0.90737556014619 0.0141939112061171 0.420081094235458
   outer loop
      vertex 0.171106860039124 0.202686732273797 0.161613880115611
      vertex 0.187417421337957 0.150936105473228 0.198593284115611
      vertex 0.2110669852909 0.192124907957849 0.248284656615611
   endloop
endfacet
facet normal -0.905783947212425 0.0369756779355333 0.422123489293698
   outer loop
      vertex 0.171106860039124 0.202686732273797 0.161613880115611
      vertex 0.2110669852909 0.192124907957849 0.248284656615611
      vertex 0.186482219462142 0.276742601713434 0.188119128115611
   endloop
endfacet
facet normal 0.702823409307186 0.57910963551994 0.413123813617402
   outer loop
      vertex 0.272704769600454 0.256455559335151 0.248674931115611
      vertex 0.33191219038933 0.16401511495646 0.277530180615611
      vertex 0.316691053172744 0.237950854514852 0.199783203615611
   endloop
endfacet
facet normal 0.514342106940941 0.669476047315848 0.535960837280021
   outer loop
      vertex 0.316691053172744 0.237950854514852 0.199783203615611
      vertex 0.33191219038933 0.16401511495646 0.277530180615611
      vertex 0.356607785122341 0.183968243152826 0.228906990615611
   endloop
endfacet
facet normal 0.742219317508389 0.448410842763295 0.498034336978579
   outer loop
      vertex 0.272704769600454 0.256455559335151 0.248674931115611
      vertex 0.316691053172744 0.237950854514852 0.199783203615611
      vertex 0.33085171867964 0.301135749197186 0.121790365615611
   endloop
endfacet
facet normal 0.504859454172233 0.668159081251188 0.546516581335355
   outer loop
      vertex 0.316691053172744 0.237950854514852 0.199783203615611
      vertex 0.356607785122341 0.183968243152826 0.228906990615611
      vertex 0.361322989610125 0.226208520848561 0.172909164115611
   endloop
endfacet
facet normal 0.519015249328677 0.615629422684989 0.59297857034537
   outer loop
      vertex 0.33085171867964 0.301135749197186 0.121790365615611
      vertex 0.316691053172744 0.237950854514852 0.199783203615611
      vertex 0.361322989610125 0.226208520848561 0.172909164115611
   endloop
endfacet
facet normal -0.88891373944274 -0.228077529565076 0.397256849327253
   outer loop
      vertex 0.112110290089557 0.083327284823881 0.0884329954156105
      vertex 0.138584270575542 0.0304106453175045 0.11729087061561
      vertex 0.143566261261225 0.0711602549046612 0.15183434111561
   endloop
endfacet
facet normal -0.86220304589979 0.198797981734877 0.465924103367989
   outer loop
      vertex 0.112110290089557 0.083327284823881 0.0884329954156105
      vertex 0.143566261261225 0.0711602549046612 0.15183434111561
      vertex 0.156885490385023 0.124683463910959 0.153644880615611
   endloop
endfacet
facet normal -0.864099225694826 0.107302081980413 0.4917507410836
   outer loop
      vertex 0.137741577242547 0.131971363393542 0.11841514761561
      vertex 0.156885490385023 0.124683463910959 0.153644880615611
      vertex 0.171106860039124 0.202686732273797 0.161613880115611
   endloop
endfacet
facet normal -0.860162506325743 0.10037799957499 0.500044717913048
   outer loop
      vertex 0.130760672077638 0.193843475380441 0.0939867089656106
      vertex 0.137741577242547 0.131971363393542 0.11841514761561
      vertex 0.171106860039124 0.202686732273797 0.161613880115611
   endloop
endfacet
facet normal -0.856296917223224 0.145805118010052 0.495475990453703
   outer loop
      vertex 0.112110290089557 0.083327284823881 0.0884329954156105
      vertex 0.156885490385023 0.124683463910959 0.153644880615611
      vertex 0.137741577242547 0.131971363393542 0.11841514761561
   endloop
endfacet
facet normal -0.84388024933576 0.259686270770988 0.469498845104088
   outer loop
      vertex 0.141887732550026 0.237548980933924 0.0898124427156106
      vertex 0.130760672077638 0.193843475380441 0.0939867089656106
      vertex 0.171106860039124 0.202686732273797 0.161613880115611
   endloop
endfacet
facet normal -0.938827901686956 -0.169933850414986 0.299540744302347
   outer loop
      vertex 0.141887732550026 0.237548980933924 0.0898124427156106
      vertex 0.171106860039124 0.202686732273797 0.161613880115611
      vertex 0.155254396481675 0.246560472307368 0.136818917615611
   endloop
endfacet
facet normal -0.943434544971622 0.247283245320811 0.220867054894561
   outer loop
      vertex 0.141887732550026 0.237548980933924 0.0898124427156106
      vertex 0.155254396481675 0.246560472307368 0.136818917615611
      vertex 0.170486128034462 0.313114226704213 0.127367591115611
   endloop
endfacet
facet normal -0.915372170441993 0.163604477272651 0.367868678466457
   outer loop
      vertex 0.144214855608306 0.315528331342402 0.0609228204156106
      vertex 0.141887732550026 0.237548980933924 0.0898124427156106
      vertex 0.170486128034462 0.313114226704213 0.127367591115611
   endloop
endfacet
facet normal -0.855924257759904 0.294221984225286 0.425237685273417
   outer loop
      vertex 0.186482219462142 0.276742601713434 0.188119128115611
      vertex 0.218153920791708 0.284973571771845 0.246173355115611
      vertex 0.215769492565325 0.359317125587516 0.189935635115611
   endloop
endfacet
facet normal -0.815427979193069 0.376206925280011 0.439938132150952
   outer loop
      vertex 0.170486128034462 0.313114226704213 0.127367591115611
      vertex 0.186482219462142 0.276742601713434 0.188119128115611
      vertex 0.190062144842108 0.333942811357775 0.145840584115611
   endloop
endfacet
facet normal -0.888353991950976 0.307579047686663 0.340913939886492
   outer loop
      vertex 0.190062144842108 0.333942811357775 0.145840584115611
      vertex 0.186482219462142 0.276742601713434 0.188119128115611
      vertex 0.215769492565325 0.359317125587516 0.189935635115611
   endloop
endfacet
facet normal -0.858585872702318 -0.0203518636560166 0.512265654559943
   outer loop
      vertex 0.17153939077026 0.379330872992268 0.116598640615611
      vertex 0.190062144842108 0.333942811357775 0.145840584115611
      vertex 0.215769492565325 0.359317125587516 0.189935635115611
   endloop
endfacet
facet normal -0.722553390541583 0.418754165170497 0.55005594894449
   outer loop
      vertex 0.17153939077026 0.379330872992268 0.116598640615611
      vertex 0.215769492565325 0.359317125587516 0.189935635115611
      vertex 0.207179867110138 0.434176064583242 0.121662661115611
   endloop
endfacet
facet normal 0.271427692007376 0.586164494021926 0.763372906225763
   outer loop
      vertex 0.272704769600454 0.256455559335151 0.248674931115611
      vertex 0.215769492565325 0.359317125587516 0.189935635115611
      vertex 0.218153920791708 0.284973571771845 0.246173355115611
   endloop
endfacet
facet normal 0.523965266225238 0.622187324765245 0.581672874295324
   outer loop
      vertex 0.215769492565325 0.359317125587516 0.189935635115611
      vertex 0.272704769600454 0.256455559335151 0.248674931115611
      vertex 0.284413851654147 0.367722204490025 0.119110958115611
   endloop
endfacet
facet normal 0.700652422006308 0.5087693918055 0.500239831979177
   outer loop
      vertex 0.284413851654147 0.367722204490025 0.119110958115611
      vertex 0.272704769600454 0.256455559335151 0.248674931115611
      vertex 0.33085171867964 0.301135749197186 0.121790365615611
   endloop
endfacet
facet normal -0.745290668351701 0.118559978944357 0.656113824774778
   outer loop
      vertex 0.17153939077026 0.379330872992268 0.116598640615611
      vertex 0.170486128034462 0.313114226704213 0.127367591115611
      vertex 0.190062144842108 0.333942811357775 0.145840584115611
   endloop
endfacet
facet normal -0.926416012039348 0.074748217451122 0.369006878831533
   outer loop
      vertex 0.144214855608306 0.315528331342402 0.0609228204156106
      vertex 0.170486128034462 0.313114226704213 0.127367591115611
      vertex 0.17153939077026 0.379330872992268 0.116598640615611
   endloop
endfacet
facet normal -0.949126096346686 0.278897759809231 0.146204284503204
   outer loop
      vertex 0.144214855608306 0.315528331342402 0.0609228204156106
      vertex 0.17153939077026 0.379330872992268 0.116598640615611
      vertex 0.167884352295643 0.391582536581352 0.0694997888156107
   endloop
endfacet
facet normal 0.75878758168815 0.543620699745135 0.358772826011753
   outer loop
      vertex 0.284413851654147 0.367722204490025 0.119110958115611
      vertex 0.33085171867964 0.301135749197186 0.121790365615611
      vertex 0.299857038173497 0.370376708140815 0.0824271840656107
   endloop
endfacet
facet normal 0.640086548942549 0.575739729655455 0.508736644600211
   outer loop
      vertex 0.299857038173497 0.370376708140815 0.0824271840656107
      vertex 0.33085171867964 0.301135749197186 0.121790365615611
      vertex 0.35571814673899 0.330174361099901 0.0576405760656107
   endloop
endfacet
facet normal 0.645625757669143 0.646409476974178 0.406598289607956
   outer loop
      vertex 0.273733515346645 0.422621902985074 0.0408486278156107
      vertex 0.299857038173497 0.370376708140815 0.0824271840656107
      vertex 0.35571814673899 0.330174361099901 0.0576405760656107
   endloop
endfacet
facet normal 0.515432560499679 0.687796268667751 0.511141436770161
   outer loop
      vertex 0.33085171867964 0.301135749197186 0.121790365615611
      vertex 0.400633607802472 0.2588444390905 0.108330191965611
      vertex 0.35571814673899 0.330174361099901 0.0576405760656107
   endloop
endfacet
facet normal 0.751412694357048 0.583999398356919 0.30712158093797
   outer loop
      vertex 0.244973772101639 0.443362026189547 0.0717751965656107
      vertex 0.284413851654147 0.367722204490025 0.119110958115611
      vertex 0.273733515346645 0.422621902985074 0.0408486278156107
   endloop
endfacet
facet normal 0.703518524418827 0.623371511503205 0.341276492665061
   outer loop
      vertex 0.273733515346645 0.422621902985074 0.0408486278156107
      vertex 0.284413851654147 0.367722204490025 0.119110958115611
      vertex 0.299857038173497 0.370376708140815 0.0824271840656107
   endloop
endfacet
facet normal 0.593975733357391 0.38670786519295 0.705443020505881
   outer loop
      vertex 0.318333284151231 0.369117235028998 0.0326261289156107
      vertex 0.304452428760458 0.398422241598429 0.0282493257156107
      vertex 0.273733515346645 0.422621902985074 0.0408486278156107
   endloop
endfacet
facet normal 0.0938014687349825 -0.850387114919448 0.517728731327649
   outer loop
      vertex 0.263364279270869 -0.2709811901791 0.49576523611561
      vertex 0.320989590080086 -0.247167790439027 0.52443907361561
      vertex 0.306416111757635 -0.215520040747018 0.57906198811561
   endloop
endfacet
facet normal 0.0498063791325043 -0.858366371857889 0.510613842606361
   outer loop
      vertex 0.306416111757635 -0.215520040747018 0.57906198811561
      vertex 0.320989590080086 -0.247167790439027 0.52443907361561
      vertex 0.358651775155536 -0.207259419542249 0.58785330911561
   endloop
endfacet
facet normal 0.369766627615816 -0.86946499950332 0.327571756627946
   outer loop
      vertex 0.320989590080086 -0.247167790439027 0.52443907361561
      vertex 0.391059703605055 -0.229394727046475 0.49251772261561
      vertex 0.358651775155536 -0.207259419542249 0.58785330911561
   endloop
endfacet
facet normal 0.0979673891847471 -0.853443592879137 0.511894934952353
   outer loop
      vertex 0.263364279270869 -0.2709811901791 0.49576523611561
      vertex 0.293946106280923 -0.28942755575864 0.45915820411561
      vertex 0.320989590080086 -0.247167790439027 0.52443907361561
   endloop
endfacet
facet normal 0.387110901557934 -0.838869543587225 0.38267876703152
   outer loop
      vertex 0.293946106280923 -0.28942755575864 0.45915820411561
      vertex 0.391059703605055 -0.229394727046475 0.49251772261561
      vertex 0.320989590080086 -0.247167790439027 0.52443907361561
   endloop
endfacet
facet normal 0.392172455238598 -0.841232028676357 0.37219543156948
   outer loop
      vertex 0.293946106280923 -0.28942755575864 0.45915820411561
      vertex 0.405417531610025 -0.248044133133761 0.43523807711561
      vertex 0.391059703605055 -0.229394727046475 0.49251772261561
   endloop
endfacet
facet normal 0.394067537642508 -0.80189687897234 0.449079248319037
   outer loop
      vertex 0.293946106280923 -0.28942755575864 0.45915820411561
      vertex 0.351202686681716 -0.310566609327186 0.37116861011561
      vertex 0.405417531610025 -0.248044133133761 0.43523807711561
   endloop
endfacet
facet normal 0.294284272604284 -0.867973747992425 0.400022923960302
   outer loop
      vertex 0.293946106280923 -0.28942755575864 0.45915820411561
      vertex 0.290840884484672 -0.327619624751913 0.37857308411561
      vertex 0.351202686681716 -0.310566609327186 0.37116861011561
   endloop
endfacet
facet normal 0.551191057738405 -0.780425038223786 0.295169743677466
   outer loop
      vertex 0.406673918359952 -0.282887024465427 0.34076777811561
      vertex 0.405417531610025 -0.248044133133761 0.43523807711561
      vertex 0.351202686681716 -0.310566609327186 0.37116861011561
   endloop
endfacet
facet normal 0.308646138279968 -0.880085393904553 0.360814718048932
   outer loop
      vertex 0.443647316623959 -0.218905814750024 0.41500228461561
      vertex 0.49732796048593 -0.184806757649105 0.45225619361561
      vertex 0.457379545233296 -0.172221835396168 0.51712530561561
   endloop
endfacet
facet normal 0.627737621121195 -0.770237211830619 0.11260602355335
   outer loop
      vertex 0.51186520513585 -0.188167348880277 0.34822954011561
      vertex 0.55893239049847 -0.138385766272693 0.42635843711561
      vertex 0.49732796048593 -0.184806757649105 0.45225619361561
   endloop
endfacet
facet normal 0.669304103369093 -0.694153183193327 0.264921451520758
   outer loop
      vertex 0.406673918359952 -0.282887024465427 0.34076777811561
      vertex 0.443647316623959 -0.218905814750024 0.41500228461561
      vertex 0.405417531610025 -0.248044133133761 0.43523807711561
   endloop
endfacet
facet normal 0.451860660007601 -0.878819322064193 0.15329234522352
   outer loop
      vertex 0.443647316623959 -0.218905814750024 0.41500228461561
      vertex 0.487695148984741 -0.207830675091081 0.34865561961561
      vertex 0.49732796048593 -0.184806757649105 0.45225619361561
   endloop
endfacet
facet normal 0.628255148119759 -0.769806595237261 0.112664434451317
   outer loop
      vertex 0.51186520513585 -0.188167348880277 0.34822954011561
      vertex 0.49732796048593 -0.184806757649105 0.45225619361561
      vertex 0.487695148984741 -0.207830675091081 0.34865561961561
   endloop
endfacet
facet normal 0.561284168308668 -0.808473897640536 0.177002935681777
   outer loop
      vertex 0.51186520513585 -0.188167348880277 0.34822954011561
      vertex 0.551281197252369 -0.160511130453677 0.34956148611561
      vertex 0.55893239049847 -0.138385766272693 0.42635843711561
   endloop
endfacet
facet normal 0.451954595191222 0.447637625825502 0.771594193751383
   outer loop
      vertex 0.458381156515657 -0.0505502497780764 0.41546416911561
      vertex 0.486731618736211 0.000601500788142485 0.36918262611561
      vertex 0.406569297871693 0.00449534778054983 0.41387800761561
   endloop
endfacet
facet normal 0.427105927122142 0.665387215228297 0.612242093315926
   outer loop
      vertex 0.431401593274905 0.0626019970088565 0.34039898661561
      vertex 0.486731618736211 0.000601500788142485 0.36918262611561
      vertex 0.470560957980232 0.0694381991295049 0.30565142761561
   endloop
endfacet
facet normal 0.347955571906308 0.678673311069771 0.646783933644728
   outer loop
      vertex 0.470560957980232 0.0694381991295049 0.30565142761561
      vertex 0.486731618736211 0.000601500788142485 0.36918262611561
      vertex 0.529930950575052 -0.00580602577043633 0.35266577961561
   endloop
endfacet
facet normal 0.376468574688095 0.215668502024688 0.900976420061447
   outer loop
      vertex 0.534533467106809 -0.0508808537454538 0.36153229111561
      vertex 0.529930950575052 -0.00580602577043633 0.35266577961561
      vertex 0.486731618736211 0.000601500788142485 0.36918262611561
   endloop
endfacet
facet normal 0.48249873050118 0.216229134308737 0.84878733292907
   outer loop
      vertex 0.534533467106809 -0.0508808537454538 0.36153229111561
      vertex 0.581090468255411 -0.0381930452032677 0.33183443061561
      vertex 0.529930950575052 -0.00580602577043633 0.35266577961561
   endloop
endfacet
facet normal 0.632415260915077 -0.765804104317791 0.116597648225603
   outer loop
      vertex 0.441403504944934 -0.255822547046713 0.22041285111561
      vertex 0.476163486727437 -0.215940630637777 0.29381906861561
      vertex 0.4320934913548 -0.252112394160188 0.29527752561561
   endloop
endfacet
facet normal 0.588466219604784 -0.793969064788443 0.15271094441139
   outer loop
      vertex 0.500802367469804 -0.21572260170312 0.20000758161561
      vertex 0.476163486727437 -0.215940630637777 0.29381906861561
      vertex 0.441403504944934 -0.255822547046713 0.22041285111561
   endloop
endfacet
facet normal 0.503846014853908 -0.853902164668387 0.130346793172971
   outer loop
      vertex 0.500802367469804 -0.21572260170312 0.20000758161561
      vertex 0.534366134037638 -0.185605994196369 0.26756326211561
      vertex 0.476163486727437 -0.215940630637777 0.29381906861561
   endloop
endfacet
facet normal 0.719596778922548 -0.692681049271119 -0.0487179612151068
   outer loop
      vertex 0.500802367469804 -0.21572260170312 0.20000758161561
      vertex 0.56473593810775 -0.15093069626882 0.22312567661561
      vertex 0.534366134037638 -0.185605994196369 0.26756326211561
   endloop
endfacet
facet normal 0.588493265012113 -0.793912454293755 0.152900922013732
   outer loop
      vertex 0.446713568285378 -0.274822866523661 0.10131921491561
      vertex 0.500802367469804 -0.21572260170312 0.20000758161561
      vertex 0.441403504944934 -0.255822547046713 0.22041285111561
   endloop
endfacet
facet normal 0.812546056372535 -0.573972408909847 -0.101609940870318
   outer loop
      vertex 0.446713568285378 -0.274822866523661 0.10131921491561
      vertex 0.494108370294644 -0.212437610744118 0.12792137511561
      vertex 0.500802367469804 -0.21572260170312 0.20000758161561
   endloop
endfacet
facet normal 0.465512956850242 -0.88110466293406 -0.0833802132427176
   outer loop
      vertex 0.494108370294644 -0.212437610744118 0.12792137511561
      vertex 0.526129478310753 -0.196793027031037 0.14137450711561
      vertex 0.500802367469804 -0.21572260170312 0.20000758161561
   endloop
endfacet
facet normal 0.697252714848135 -0.713311097343854 0.0708937941078988
   outer loop
      vertex 0.526129478310753 -0.196793027031037 0.14137450711561
      vertex 0.56473593810775 -0.15093069626882 0.22312567661561
      vertex 0.500802367469804 -0.21572260170312 0.20000758161561
   endloop
endfacet
facet normal 0.403740383375824 0.692280018259774 0.598115439651737
   outer loop
      vertex 0.470560957980232 0.0694381991295049 0.30565142761561
      vertex 0.529930950575052 -0.00580602577043633 0.35266577961561
      vertex 0.51834729520251 0.0907192166333515 0.24876325011561
   endloop
endfacet
facet normal 0.282912280575134 0.718230013551732 0.635693549702413
   outer loop
      vertex 0.51834729520251 0.0907192166333515 0.24876325011561
      vertex 0.529930950575052 -0.00580602577043633 0.35266577961561
      vertex 0.574416298772324 0.00652664444985507 0.31893388911561
   endloop
endfacet
facet normal 0.519334008603489 0.307516378260459 0.797324190407767
   outer loop
      vertex 0.581090468255411 -0.0381930452032677 0.33183443061561
      vertex 0.574416298772324 0.00652664444985507 0.31893388911561
      vertex 0.529930950575052 -0.00580602577043633 0.35266577961561
   endloop
endfacet
facet normal 0.541850643555652 0.44017741658283 0.715990029266324
   outer loop
      vertex 0.585196777635104 -0.0837985531259403 0.35676425861561
      vertex 0.65500124172522 -0.0857287120176414 0.30512390061561
      vertex 0.581090468255411 -0.0381930452032677 0.33183443061561
   endloop
endfacet
facet normal 0.631779911205697 0.57259480588282 0.522483810345295
   outer loop
      vertex 0.569192520413093 0.0777096073023968 0.24724034411561
      vertex 0.574416298772324 0.00652664444985507 0.31893388911561
      vertex 0.608600983147718 0.0411301679333759 0.239675941115611
   endloop
endfacet
facet normal 0.628974589124243 0.300685921956632 0.716923247337593
   outer loop
      vertex 0.581090468255411 -0.0381930452032677 0.33183443061561
      vertex 0.656613894180227 -0.00800975641533208 0.252916630115611
      vertex 0.574416298772324 0.00652664444985507 0.31893388911561
   endloop
endfacet
facet normal 0.547824550830208 0.458634372075441 0.699673333962819
   outer loop
      vertex 0.65500124172522 -0.0857287120176414 0.30512390061561
      vertex 0.656613894180227 -0.00800975641533208 0.252916630115611
      vertex 0.581090468255411 -0.0381930452032677 0.33183443061561
   endloop
endfacet
facet normal 0.536015746260262 0.66414563325164 0.521150359871153
   outer loop
      vertex 0.574416298772324 0.00652664444985507 0.31893388911561
      vertex 0.656613894180227 -0.00800975641533208 0.252916630115611
      vertex 0.608600983147718 0.0411301679333759 0.239675941115611
   endloop
endfacet
facet normal 0.534166799662216 0.463730529078985 0.706837906834905
   outer loop
      vertex 0.65500124172522 -0.0857287120176414 0.30512390061561
      vertex 0.698171005535922 -0.0426298837347039 0.24422436961561
      vertex 0.656613894180227 -0.00800975641533208 0.252916630115611
   endloop
endfacet
facet normal 0.640948258103395 0.706868213293461 0.299203374762945
   outer loop
      vertex 0.608600983147718 0.0411301679333759 0.239675941115611
      vertex 0.656613894180227 -0.00800975641533208 0.252916630115611
      vertex 0.631046239396995 0.0367934498309903 0.20183960411561
   endloop
endfacet
facet normal 0.570289682641252 0.737605691274358 0.361534952767524
   outer loop
      vertex 0.631046239396995 0.0367934498309903 0.20183960411561
      vertex 0.656613894180227 -0.00800975641533208 0.252916630115611
      vertex 0.694366100839957 -0.00924755572217989 0.19589120011561
   endloop
endfacet
facet normal 0.541749142288223 -0.837829659581215 0.0674487090758564
   outer loop
      vertex 0.661232416873041 -0.0873280897431876 0.13879296661561
      vertex 0.719068856661364 -0.0476810951888191 0.16673399511561
      vertex 0.654698898751585 -0.0852268106842061 0.21737181311561
   endloop
endfacet
facet normal 0.633707286593512 0.658943591264706 0.405226379261594
   outer loop
      vertex 0.656613894180227 -0.00800975641533208 0.252916630115611
      vertex 0.698171005535922 -0.0426298837347039 0.24422436961561
      vertex 0.694366100839957 -0.00924755572217989 0.19589120011561
   endloop
endfacet
facet normal 0.612630137186711 -0.760622418446232 0.214797233612532
   outer loop
      vertex 0.719068856661364 -0.0476810951888191 0.16673399511561
      vertex 0.698171005535922 -0.0426298837347039 0.24422436961561
      vertex 0.654698898751585 -0.0852268106842061 0.21737181311561
   endloop
endfacet
facet normal 0.887393905950056 0.409036821618699 0.212652143753068
   outer loop
      vertex 0.719068856661364 -0.0476810951888191 0.16673399511561
      vertex 0.694366100839957 -0.00924755572217989 0.19589120011561
      vertex 0.698171005535922 -0.0426298837347039 0.24422436961561
   endloop
endfacet
facet normal 0.859810567818383 0.507068295884771 0.0600627236840341
   outer loop
      vertex 0.68398157500646 0.015756522180154 0.133455634615611
      vertex 0.694366100839957 -0.00924755572217989 0.19589120011561
      vertex 0.719068856661364 -0.0476810951888191 0.16673399511561
   endloop
endfacet
facet normal 0.557831157301223 0.606013434048689 0.56707329129178
   outer loop
      vertex 0.68398157500646 0.015756522180154 0.133455634615611
      vertex 0.719068856661364 -0.0476810951888191 0.16673399511561
      vertex 0.731262522018241 -0.0236632173838295 0.129071909115611
   endloop
endfacet
facet normal 0.519565449013696 0.753233856858859 0.403349105704629
   outer loop
      vertex 0.291975894413587 0.173762422849604 0.30950643261561
      vertex 0.347959663902198 0.101265604024514 0.37277625461561
      vertex 0.375636121231977 0.112035948909771 0.31701235411561
   endloop
endfacet
facet normal 0.51559483046656 0.749333048259844 0.415526116606128
   outer loop
      vertex 0.291975894413587 0.173762422849604 0.30950643261561
      vertex 0.375636121231977 0.112035948909771 0.31701235411561
      vertex 0.33191219038933 0.16401511495646 0.277530180615611
   endloop
endfacet
facet normal 0.508484591938047 0.7626939101678 0.399676643243697
   outer loop
      vertex 0.347959663902198 0.101265604024514 0.37277625461561
      vertex 0.431401593274905 0.0626019970088565 0.34039898661561
      vertex 0.375636121231977 0.112035948909771 0.31701235411561
   endloop
endfacet
facet normal 0.456105714012541 0.744888620235048 0.486937902703657
   outer loop
      vertex 0.375636121231977 0.112035948909771 0.31701235411561
      vertex 0.431401593274905 0.0626019970088565 0.34039898661561
      vertex 0.413693878748109 0.107399662147721 0.28845667311561
   endloop
endfacet
facet normal 0.453772443458997 0.748735468987136 0.483203649652882
   outer loop
      vertex 0.33191219038933 0.16401511495646 0.277530180615611
      vertex 0.375636121231977 0.112035948909771 0.31701235411561
      vertex 0.413693878748109 0.107399662147721 0.28845667311561
   endloop
endfacet
facet normal 0.420050973418455 0.714700846731902 0.559249389280768
   outer loop
      vertex 0.33191219038933 0.16401511495646 0.277530180615611
      vertex 0.413693878748109 0.107399662147721 0.28845667311561
      vertex 0.428008563227207 0.146268340933381 0.228032155115611
   endloop
endfacet
facet normal 0.405008120030346 0.75509112495532 0.515563590377747
   outer loop
      vertex 0.33191219038933 0.16401511495646 0.277530180615611
      vertex 0.428008563227207 0.146268340933381 0.228032155115611
      vertex 0.356607785122341 0.183968243152826 0.228906990615611
   endloop
endfacet
facet normal 0.333295408076962 0.755041943756828 0.564646645365686
   outer loop
      vertex 0.413693878748109 0.107399662147721 0.28845667311561
      vertex 0.470560957980232 0.0694381991295049 0.30565142761561
      vertex 0.428008563227207 0.146268340933381 0.228032155115611
   endloop
endfacet
facet normal 0.36275771958464 0.728161597778403 0.581538927676003
   outer loop
      vertex 0.428008563227207 0.146268340933381 0.228032155115611
      vertex 0.508925340655916 0.122145733116589 0.207761751115611
      vertex 0.463141366517972 0.153006014160335 0.197680256615611
   endloop
endfacet
facet normal 0.347148192139146 0.765454037022579 0.541819388634587
   outer loop
      vertex 0.413693878748109 0.107399662147721 0.28845667311561
      vertex 0.431401593274905 0.0626019970088565 0.34039898661561
      vertex 0.470560957980232 0.0694381991295049 0.30565142761561
   endloop
endfacet
facet normal 0.334886312082537 0.755011920600899 0.563744762929377
   outer loop
      vertex 0.428008563227207 0.146268340933381 0.228032155115611
      vertex 0.470560957980232 0.0694381991295049 0.30565142761561
      vertex 0.51834729520251 0.0907192166333515 0.24876325011561
   endloop
endfacet
facet normal 0.200205622293163 0.702516695935424 0.68292605802838
   outer loop
      vertex 0.51834729520251 0.0907192166333515 0.24876325011561
      vertex 0.574416298772324 0.00652664444985507 0.31893388911561
      vertex 0.569192520413093 0.0777096073023968 0.24724034411561
   endloop
endfacet
facet normal 0.360754131267367 0.778416686612954 0.513735261371105
   outer loop
      vertex 0.428008563227207 0.146268340933381 0.228032155115611
      vertex 0.51834729520251 0.0907192166333515 0.24876325011561
      vertex 0.508925340655916 0.122145733116589 0.207761751115611
   endloop
endfacet
facet normal 0.220957966477194 0.797917984390852 0.560806978590587
   outer loop
      vertex 0.508925340655916 0.122145733116589 0.207761751115611
      vertex 0.51834729520251 0.0907192166333515 0.24876325011561
      vertex 0.569192520413093 0.0777096073023968 0.24724034411561
   endloop
endfacet
facet normal 0.391842320558708 0.848159713337104 0.356489405860943
   outer loop
      vertex 0.508925340655916 0.122145733116589 0.207761751115611
      vertex 0.569192520413093 0.0777096073023968 0.24724034411561
      vertex 0.615353927113669 0.0932213137625276 0.159595671615611
   endloop
endfacet
facet normal 0.39705203197145 0.758076704214678 0.517367755503137
   outer loop
      vertex 0.463141366517972 0.153006014160335 0.197680256615611
      vertex 0.508925340655916 0.122145733116589 0.207761751115611
      vertex 0.530774017713552 0.147772425599987 0.153444372615611
   endloop
endfacet
facet normal 0.480774205158929 0.788644704624943 0.383269739897159
   outer loop
      vertex 0.525137887623928 0.189728150016226 0.0741830828156106
      vertex 0.530774017713552 0.147772425599987 0.153444372615611
      vertex 0.615353927113669 0.0932213137625276 0.159595671615611
   endloop
endfacet
facet normal 0.652092760568628 0.609205393577482 0.451269121534025
   outer loop
      vertex 0.569192520413093 0.0777096073023968 0.24724034411561
      vertex 0.608600983147718 0.0411301679333759 0.239675941115611
      vertex 0.615353927113669 0.0932213137625276 0.159595671615611
   endloop
endfacet
facet normal -0.24101507669795 -0.941542841397612 0.235390761537478
   outer loop
      vertex 0.209152588358965 -0.406020611110395 0.13876670961561
      vertex 0.228115143583816 -0.4330222229862 0.0501782173156103
      vertex 0.257410379629379 -0.424599194817342 0.11386480951561
   endloop
endfacet
facet normal 0.444819235280391 -0.871625956602961 0.205922411846167
   outer loop
      vertex 0.257410379629379 -0.424599194817342 0.11386480951561
      vertex 0.302642914001079 -0.414407887160073 0.0592942896656103
      vertex 0.324892632725741 -0.382752264600034 0.14522354461561
   endloop
endfacet
facet normal 0.161138332036225 -0.98533067259366 0.0561952275082937
   outer loop
      vertex 0.228115143583816 -0.4330222229862 0.0501782173156103
      vertex 0.277254005678154 -0.426741911954502 0.0193931976656103
      vertex 0.257410379629379 -0.424599194817342 0.11386480951561
   endloop
endfacet
facet normal 0.319317794804989 -0.943508794684912 0.0884720310216882
   outer loop
      vertex 0.257410379629379 -0.424599194817342 0.11386480951561
      vertex 0.277254005678154 -0.426741911954502 0.0193931976656103
      vertex 0.302642914001079 -0.414407887160073 0.0592942896656103
   endloop
endfacet
facet normal -0.993668373626082 -0.106542273816981 0.0356638072168958
   outer loop
      vertex 0.0722247205788525 -0.0204997230347815 0.0278823244656105
      vertex 0.0828058646410836 -0.0979426562334593 0.0913416742656104
      vertex 0.0792675371941568 -0.0619256001690592 0.10035403146561
   endloop
endfacet
facet normal -0.967926096593805 0.189176320389541 0.165322083632385
   outer loop
      vertex 0.078291554937784 -0.0676942851422874 0.0302984458656104
      vertex 0.070852606643638 -0.133167518300569 0.0616652967656104
      vertex 0.0828058646410836 -0.0979426562334593 0.0913416742656104
   endloop
endfacet
facet normal -0.99185195198635 -0.12696781463063 0.010434528680764
   outer loop
      vertex 0.0722247205788525 -0.0204997230347815 0.0278823244656105
      vertex 0.078291554937784 -0.0676942851422874 0.0302984458656104
      vertex 0.0828058646410836 -0.0979426562334593 0.0913416742656104
   endloop
endfacet
facet normal -0.992641266964678 0.101528506173177 0.0659945266897319
   outer loop
      vertex 0.070474009817756 -0.0938230013660904 -0.00455838999438956
      vertex 0.0672167035697494 -0.132742849063726 0.00632338206061041
      vertex 0.070852606643638 -0.133167518300569 0.0616652967656104
   endloop
endfacet
facet normal -0.982030410997665 0.159729731005583 0.100512113243335
   outer loop
      vertex 0.070474009817756 -0.0938230013660904 -0.00455838999438956
      vertex 0.070852606643638 -0.133167518300569 0.0616652967656104
      vertex 0.078291554937784 -0.0676942851422874 0.0302984458656104
   endloop
endfacet
facet normal -0.800395859739653 -0.596169910757984 0.062832358052514
   outer loop
      vertex 0.137953655044117 -0.273251013122368 0.0944562318656103
      vertex 0.174900841813403 -0.325014437078132 0.0739664625656103
      vertex 0.169296798386393 -0.308918987415273 0.15529668461561
   endloop
endfacet
facet normal -0.948668021265571 -0.271925543781837 0.161510012281027
   outer loop
      vertex 0.18420813306416 -0.371247992817613 0.0507941826656103
      vertex 0.209152588358965 -0.406020611110395 0.13876670961561
      vertex 0.174900841813403 -0.325014437078132 0.0739664625656103
   endloop
endfacet
facet normal -0.911613571495147 -0.315545182937881 0.263423487545361
   outer loop
      vertex 0.145319014086545 -0.282886998036771 0.0220573283656103
      vertex 0.18420813306416 -0.371247992817613 0.0507941826656103
      vertex 0.174900841813403 -0.325014437078132 0.0739664625656103
   endloop
endfacet
facet normal -0.879312527158093 -0.443467071823977 -0.173627289878966
   outer loop
      vertex 0.180743364959991 -0.348539667879968 0.0103409775656103
      vertex 0.18420813306416 -0.371247992817613 0.0507941826656103
      vertex 0.145319014086545 -0.282886998036771 0.0220573283656103
   endloop
endfacet
facet normal -0.815076442672404 -0.579349562680957 0.00211585015627967
   outer loop
      vertex 0.18420813306416 -0.371247992817613 0.0507941826656103
      vertex 0.228115143583816 -0.4330222229862 0.0501782173156103
      vertex 0.209152588358965 -0.406020611110395 0.13876670961561
   endloop
endfacet
facet normal -0.505543837890002 -0.770127525389741 -0.389010311699472
   outer loop
      vertex 0.180743364959991 -0.348539667879968 0.0103409775656103
      vertex 0.198486499994775 -0.362552769270814 0.0150245102656103
      vertex 0.18420813306416 -0.371247992817613 0.0507941826656103
   endloop
endfacet
facet normal -0.740703147779254 -0.522252384077288 -0.42262429437444
   outer loop
      vertex 0.18420813306416 -0.371247992817613 0.0507941826656103
      vertex 0.198486499994775 -0.362552769270814 0.0150245102656103
      vertex 0.228115143583816 -0.4330222229862 0.0501782173156103
   endloop
endfacet
facet normal -0.798749999803541 0.515327128728445 -0.310542087663397
   outer loop
      vertex 0.115120189314024 0.233533242260452 -0.000308587129389391
      vertex 0.119373421161483 0.2727452510528 0.0538217341156106
      vertex 0.144214855608306 0.315528331342402 0.0609228204156106
   endloop
endfacet
facet normal 0.400413779048444 -0.898543584733555 0.1796892647943
   outer loop
      vertex 0.377753974663211 -0.319847155858337 0.0298407386156103
      vertex 0.446713568285378 -0.274822866523661 0.10131921491561
      vertex 0.407467001092869 -0.287346467189495 0.12615022111561
   endloop
endfacet
facet normal 0.527343282418288 -0.84924882550646 0.0261819568444257
   outer loop
      vertex 0.377753974663211 -0.319847155858337 0.0298407386156103
      vertex 0.463256309903275 -0.266440851213422 0.0400064942156104
      vertex 0.446713568285378 -0.274822866523661 0.10131921491561
   endloop
endfacet
facet normal 0.656131879547605 -0.751006930670369 0.0740239604884703
   outer loop
      vertex 0.538533638582787 -0.196766748051845 0.0316934086656104
      vertex 0.526129478310753 -0.196793027031037 0.14137450711561
      vertex 0.507743634557271 -0.221163893576242 0.0570889403656104
   endloop
endfacet
facet normal 0.617404610054164 -0.783557478473121 0.0696363799512216
   outer loop
      vertex 0.538533638582787 -0.196766748051845 0.0316934086656104
      vertex 0.562296227514297 -0.170111100264972 0.12094417411561
      vertex 0.526129478310753 -0.196793027031037 0.14137450711561
   endloop
endfacet
facet normal 0.594184088916456 -0.800259643260259 0.0808070037031671
   outer loop
      vertex 0.615449322119957 -0.140559573667069 0.0227617320656105
      vertex 0.562296227514297 -0.170111100264972 0.12094417411561
      vertex 0.538533638582787 -0.196766748051845 0.0316934086656104
   endloop
endfacet
facet normal 0.376159309582875 -0.623640049582677 -0.685257077577934
   outer loop
      vertex 0.538533638582787 -0.196766748051845 0.0316934086656104
      vertex 0.556138005336658 -0.168929811748392 0.0160231117156105
      vertex 0.615449322119957 -0.140559573667069 0.0227617320656105
   endloop
endfacet
facet normal 0.777052681313031 -0.599459726091922 -0.191930110347564
   outer loop
      vertex 0.524288710515403 -0.206057252298941 0.00303830911561044
      vertex 0.556138005336658 -0.168929811748392 0.0160231117156105
      vertex 0.538533638582787 -0.196766748051845 0.0316934086656104
   endloop
endfacet
facet normal 0.732648628904888 -0.664121429794085 -0.148891615116661
   outer loop
      vertex 0.524288710515403 -0.206057252298941 0.00303830911561044
      vertex 0.538533638582787 -0.196766748051845 0.0316934086656104
      vertex 0.502289600528476 -0.230633012951443 0.00440622720561043
   endloop
endfacet
facet normal 0.58198359189316 0.160464448626014 -0.797211552534386
   outer loop
      vertex 0.609158839728102 0.105903960135368 0.0894824399656106
      vertex 0.557238272504015 0.150532098295057 0.0605620253656106
      vertex 0.573724755184775 0.16040926089243 0.0745856503656106
   endloop
endfacet
facet normal 0.647287864452275 0.746297485132091 0.155107975998428
   outer loop
      vertex 0.609158839728102 0.105903960135368 0.0894824399656106
      vertex 0.653338186176305 0.0537704989559971 0.155954303115611
      vertex 0.642904430567261 0.0772655002505235 0.0864503532156106
   endloop
endfacet
facet normal 0.604477301739652 0.742760777736808 -0.287947249921512
   outer loop
      vertex 0.609158839728102 0.105903960135368 0.0894824399656106
      vertex 0.642904430567261 0.0772655002505235 0.0864503532156106
      vertex 0.637161684081167 0.0736286482338487 0.0650135416656106
   endloop
endfacet
facet normal 0.804166653402683 0.584593553978519 0.107547060405632
   outer loop
      vertex 0.653338186176305 0.0537704989559971 0.155954303115611
      vertex 0.68398157500646 0.015756522180154 0.133455634615611
      vertex 0.683195738462391 0.0271136684816789 0.0775975669656106
   endloop
endfacet
facet normal 0.784110491306553 0.614079354228389 0.0898737121378741
   outer loop
      vertex 0.642904430567261 0.0772655002505235 0.0864503532156106
      vertex 0.653338186176305 0.0537704989559971 0.155954303115611
      vertex 0.683195738462391 0.0271136684816789 0.0775975669656106
   endloop
endfacet
facet normal 0.626401832290569 0.447197432311394 -0.638463155583088
   outer loop
      vertex 0.666791756459159 0.0216233196086403 0.0576578818156106
      vertex 0.637161684081167 0.0736286482338487 0.0650135416656106
      vertex 0.683195738462391 0.0271136684816789 0.0775975669656106
   endloop
endfacet
facet normal 0.717471946543479 0.629177476012944 -0.298947670338961
   outer loop
      vertex 0.637161684081167 0.0736286482338487 0.0650135416656106
      vertex 0.642904430567261 0.0772655002505235 0.0864503532156106
      vertex 0.683195738462391 0.0271136684816789 0.0775975669656106
   endloop
endfacet
facet normal 0.724905338554001 0.679457552311125 -0.113356449941257
   outer loop
      vertex 0.520529528036124 0.181740476250837 0.0551255135156106
      vertex 0.653440322846619 0.0407752093981078 0.0601347523656106
      vertex 0.652715860536563 0.0413762727008946 0.0591046425156106
   endloop
endfacet
facet normal 0.492947313260849 -0.835723710990095 -0.242009969294353
   outer loop
      vertex 0.698171005535922 -0.0426298837347039 0.24422436961561
      vertex 0.65500124172522 -0.0857287120176414 0.30512390061561
      vertex 0.643044927853588 -0.0856064540392718 0.28034803411561
   endloop
endfacet
facet normal 0.657210041736526 -0.744550456091604 0.11713060818786
   outer loop
      vertex 0.654698898751585 -0.0852268106842061 0.21737181311561
      vertex 0.698171005535922 -0.0426298837347039 0.24422436961561
      vertex 0.643044927853588 -0.0856064540392718 0.28034803411561
   endloop
endfacet
facet normal 0.721835199534142 0.689378470412823 0.0609201874979173
   outer loop
      vertex 0.609158839728102 0.105903960135368 0.0894824399656106
      vertex 0.615353927113669 0.0932213137625276 0.159595671615611
      vertex 0.653338186176305 0.0537704989559971 0.155954303115611
   endloop
endfacet
facet normal 0.68129901300143 -0.515608406271691 0.519595637265406
   outer loop
      vertex 0.49732796048593 -0.184806757649105 0.45225619361561
      vertex 0.510549082482485 -0.149403133865739 0.47005247211561
      vertex 0.457379545233296 -0.172221835396168 0.51712530561561
   endloop
endfacet
facet normal 0.753490310469516 0.646476041661818 -0.119670713149958
   outer loop
      vertex 0.273733515346645 0.422621902985074 0.0408486278156107
      vertex 0.35571814673899 0.330174361099901 0.0576405760656107
      vertex 0.318333284151231 0.369117235028998 0.0326261289156107
   endloop
endfacet
facet normal -0.774467549072865 0.155506579636318 0.613202836851627
   outer loop
      vertex 0.226886434554954 -0.254898160700572 0.44561555961561
      vertex 0.263364279270869 -0.2709811901791 0.49576523611561
      vertex 0.265267884907415 -0.207260802970708 0.48201014861561
   endloop
endfacet
facet normal -0.863814204936162 -0.151354042959868 0.480538211831492
   outer loop
      vertex 0.16985357791378 -0.231276229518569 0.34211523961561
      vertex 0.209339798797412 -0.289374986186243 0.39479632961561
      vertex 0.19784125695256 -0.231139110781693 0.39246900461561
   endloop
endfacet
facet normal -0.891005184275688 -0.285468744664395 0.353011837497814
   outer loop
      vertex 0.18677467224876 -0.329165424250983 0.30566455611561
      vertex 0.209339798797412 -0.289374986186243 0.39479632961561
      vertex 0.16985357791378 -0.231276229518569 0.34211523961561
   endloop
endfacet
facet normal -0.75159607785961 0.511613079532302 0.416359691369764
   outer loop
      vertex 0.16985357791378 -0.231276229518569 0.34211523961561
      vertex 0.19784125695256 -0.231139110781693 0.39246900461561
      vertex 0.211486397251732 -0.20073266372418 0.37973794011561
   endloop
endfacet
facet normal -0.749851161577092 0.289017753846471 0.595140297277059
   outer loop
      vertex 0.16985357791378 -0.231276229518569 0.34211523961561
      vertex 0.211486397251732 -0.20073266372418 0.37973794011561
      vertex 0.204663863401248 -0.151792388664016 0.34737499411561
   endloop
endfacet
facet normal -0.845649935316144 0.343312576484522 0.408671826441904
   outer loop
      vertex 0.173511438807939 -0.171356207761239 0.29934736061561
      vertex 0.16985357791378 -0.231276229518569 0.34211523961561
      vertex 0.204663863401248 -0.151792388664016 0.34737499411561
   endloop
endfacet
facet normal -0.56874151607373 -0.700034714674897 0.431838495440356
   outer loop
      vertex 0.209339798797412 -0.289374986186243 0.39479632961561
      vertex 0.243879083962662 -0.344317500338246 0.35122045111561
      vertex 0.263364279270869 -0.2709811901791 0.49576523611561
   endloop
endfacet
facet normal -0.8945470003578 -0.159946359014385 0.417376121009461
   outer loop
      vertex 0.19784125695256 -0.231139110781693 0.39246900461561
      vertex 0.209339798797412 -0.289374986186243 0.39479632961561
      vertex 0.226886434554954 -0.254898160700572 0.44561555961561
   endloop
endfacet
facet normal -0.745723234483636 0.352721672540925 0.565229404110576
   outer loop
      vertex 0.19784125695256 -0.231139110781693 0.39246900461561
      vertex 0.226886434554954 -0.254898160700572 0.44561555961561
      vertex 0.242281709340238 -0.206962967505565 0.43601385211561
   endloop
endfacet
facet normal -0.813260925228933 -0.311023469941436 0.491803892462604
   outer loop
      vertex 0.209339798797412 -0.289374986186243 0.39479632961561
      vertex 0.263364279270869 -0.2709811901791 0.49576523611561
      vertex 0.226886434554954 -0.254898160700572 0.44561555961561
   endloop
endfacet
facet normal 0.00317928409654875 -0.891954547229961 0.452113899176335
   outer loop
      vertex 0.263364279270869 -0.2709811901791 0.49576523611561
      vertex 0.243879083962662 -0.344317500338246 0.35122045111561
      vertex 0.293946106280923 -0.28942755575864 0.45915820411561
   endloop
endfacet
facet normal -0.870894042356091 -0.485145348786303 -0.0785974397781678
   outer loop
      vertex 0.243879083962662 -0.344317500338246 0.35122045111561
      vertex 0.209339798797412 -0.289374986186243 0.39479632961561
      vertex 0.222375663430563 -0.306822863142959 0.35805085161561
   endloop
endfacet
facet normal -0.0424429583318878 -0.908273339530523 0.416218855875258
   outer loop
      vertex 0.18677467224876 -0.329165424250983 0.30566455611561
      vertex 0.222375663430563 -0.306822863142959 0.35805085161561
      vertex 0.209339798797412 -0.289374986186243 0.39479632961561
   endloop
endfacet
facet normal 0.073400863448289 -0.902304383363553 0.424804794003039
   outer loop
      vertex 0.243879083962662 -0.344317500338246 0.35122045111561
      vertex 0.290840884484672 -0.327619624751913 0.37857308411561
      vertex 0.293946106280923 -0.28942755575864 0.45915820411561
   endloop
endfacet
facet normal -0.74492847731328 0.244868294134495 0.620581245458949
   outer loop
      vertex 0.254141793094305 -0.0344083956031961 0.43163967461561
      vertex 0.317771282956642 -0.0454702744942565 0.51238353011561
      vertex 0.307746763550666 0.00228666795865273 0.48150649161561
   endloop
endfacet
facet normal -0.853333012186498 0.143579583940835 0.501206218425205
   outer loop
      vertex 0.254141793094305 -0.0344083956031961 0.43163967461561
      vertex 0.243784286355538 -0.121325924605835 0.43890450911561
      vertex 0.275054093902183 -0.0873992856976452 0.48242429311561
   endloop
endfacet
facet normal -0.728130824361975 0.3022408287597 0.615204018228588
   outer loop
      vertex 0.254141793094305 -0.0344083956031961 0.43163967461561
      vertex 0.275054093902183 -0.0873992856976452 0.48242429311561
      vertex 0.317771282956642 -0.0454702744942565 0.51238353011561
   endloop
endfacet
facet normal -0.68132858568932 0.0170804890115629 0.731778392150053
   outer loop
      vertex 0.248197737857301 0.00705953649788261 0.42595145361561
      vertex 0.307746763550666 0.00228666795865273 0.48150649161561
      vertex 0.286731283118753 0.0596405834291528 0.46060114561561
   endloop
endfacet
facet normal -0.682048968340646 0.0025482588453675 0.731302065607856
   outer loop
      vertex 0.254141793094305 -0.0344083956031961 0.43163967461561
      vertex 0.307746763550666 0.00228666795865273 0.48150649161561
      vertex 0.248197737857301 0.00705953649788261 0.42595145361561
   endloop
endfacet
facet normal 0.557202252238622 0.45690141307082 0.693373455530348
   outer loop
      vertex 0.307746763550666 0.00228666795865273 0.48150649161561
      vertex 0.341413527267721 0.0193742911681945 0.44319156111561
      vertex 0.286731283118753 0.0596405834291528 0.46060114561561
   endloop
endfacet
facet normal 0.439260827190043 0.787810542192063 0.43174584573261
   outer loop
      vertex 0.274310325765642 0.0910449846582013 0.41593440811561
      vertex 0.286731283118753 0.0596405834291528 0.46060114561561
      vertex 0.312644884088895 0.0775242227423376 0.40160405361561
   endloop
endfacet
facet normal 0.61633091361329 0.636518083932162 0.463660364654923
   outer loop
      vertex 0.286731283118753 0.0596405834291528 0.46060114561561
      vertex 0.341413527267721 0.0193742911681945 0.44319156111561
      vertex 0.312644884088895 0.0775242227423376 0.40160405361561
   endloop
endfacet
facet normal -0.932133664514569 0.0500996752217619 0.358631919969926
   outer loop
      vertex 0.194072716071468 -0.110346166988163 0.31405724811561
      vertex 0.204663863401248 -0.151792388664016 0.34737499411561
      vertex 0.21665174393651 -0.12127893456354 0.37427051661561
   endloop
endfacet
facet normal -0.884610750559183 0.269412914793391 0.380631713520627
   outer loop
      vertex 0.194072716071468 -0.110346166988163 0.31405724811561
      vertex 0.21665174393651 -0.12127893456354 0.37427051661561
      vertex 0.2305746910264 -0.0702315134111264 0.37049666961561
   endloop
endfacet
facet normal -0.740881354431053 -0.219104695703243 0.634892078212666
   outer loop
      vertex 0.177137869544427 -0.0701150605567774 0.30817926061561
      vertex 0.194072716071468 -0.110346166988163 0.31405724811561
      vertex 0.2305746910264 -0.0702315134111264 0.37049666961561
   endloop
endfacet
facet normal -0.906372976657783 -0.0925471414156143 0.41221724102748
   outer loop
      vertex 0.188218643815871 -0.0219558402846335 0.28820365111561
      vertex 0.2305746910264 -0.0702315134111264 0.37049666961561
      vertex 0.199789480268648 0.00436448331716411 0.31955450911561
   endloop
endfacet
facet normal -0.693238004502658 0.406386088881342 0.595207036145322
   outer loop
      vertex 0.188218643815871 -0.0219558402846335 0.28820365111561
      vertex 0.177137869544427 -0.0701150605567774 0.30817926061561
      vertex 0.2305746910264 -0.0702315134111264 0.37049666961561
   endloop
endfacet
facet normal -0.771437981186419 0.284411981511662 0.569204063544553
   outer loop
      vertex 0.203975045049678 0.0615593094805392 0.29664885711561
      vertex 0.199789480268648 0.00436448331716411 0.31955450911561
      vertex 0.227932197111505 0.00972635728724434 0.35501697461561
   endloop
endfacet
facet normal -0.887811386192959 0.269713409759648 0.372888212661597
   outer loop
      vertex 0.2305746910264 -0.0702315134111264 0.37049666961561
      vertex 0.21665174393651 -0.12127893456354 0.37427051661561
      vertex 0.243784286355538 -0.121325924605835 0.43890450911561
   endloop
endfacet
facet normal -0.981511720922205 0.128795746596852 0.1415853006173
   outer loop
      vertex 0.247475922540743 -0.0339280644503849 0.38499292061561
      vertex 0.243784286355538 -0.121325924605835 0.43890450911561
      vertex 0.254141793094305 -0.0344083956031961 0.43163967461561
   endloop
endfacet
facet normal -0.982750620383602 -0.121776633460148 0.139182145689588
   outer loop
      vertex 0.247475922540743 -0.0339280644503849 0.38499292061561
      vertex 0.254141793094305 -0.0344083956031961 0.43163967461561
      vertex 0.248197737857301 0.00705953649788261 0.42595145361561
   endloop
endfacet
facet normal -0.889788288478162 0.266233222810976 0.370670571746375
   outer loop
      vertex 0.2305746910264 -0.0702315134111264 0.37049666961561
      vertex 0.243784286355538 -0.121325924605835 0.43890450911561
      vertex 0.247475922540743 -0.0339280644503849 0.38499292061561
   endloop
endfacet
facet normal -0.935426904032 -0.241509486984512 0.258165983254155
   outer loop
      vertex 0.227932197111505 0.00972635728724434 0.35501697461561
      vertex 0.247475922540743 -0.0339280644503849 0.38499292061561
      vertex 0.248197737857301 0.00705953649788261 0.42595145361561
   endloop
endfacet
facet normal -0.909342741593163 0.315129987266721 0.271641067287526
   outer loop
      vertex 0.227932197111505 0.00972635728724434 0.35501697461561
      vertex 0.248197737857301 0.00705953649788261 0.42595145361561
      vertex 0.274310325765642 0.0910449846582013 0.41593440811561
   endloop
endfacet
facet normal -0.83478931881985 0.313530373969751 0.452576510418602
   outer loop
      vertex 0.274310325765642 0.0910449846582013 0.41593440811561
      vertex 0.248197737857301 0.00705953649788261 0.42595145361561
      vertex 0.286731283118753 0.0596405834291528 0.46060114561561
   endloop
endfacet
facet normal -0.71912858535772 0.113972501765998 0.685466517462819
   outer loop
      vertex 0.223002960726559 0.0763541401569203 0.33876747211561
      vertex 0.227932197111505 0.00972635728724434 0.35501697461561
      vertex 0.269789423643259 0.122603645680347 0.38016163261561
   endloop
endfacet
facet normal -0.903256916594228 0.258681726788112 0.342360492537631
   outer loop
      vertex 0.227932197111505 0.00972635728724434 0.35501697461561
      vertex 0.274310325765642 0.0910449846582013 0.41593440811561
      vertex 0.269789423643259 0.122603645680347 0.38016163261561
   endloop
endfacet
facet normal -0.761601080070921 0.0988233510124349 0.640466814229652
   outer loop
      vertex 0.227932197111505 0.00972635728724434 0.35501697461561
      vertex 0.2305746910264 -0.0702315134111264 0.37049666961561
      vertex 0.247475922540743 -0.0339280644503849 0.38499292061561
   endloop
endfacet
facet normal -0.786716088145827 0.0921715126728225 0.61039512522966
   outer loop
      vertex 0.199789480268648 0.00436448331716411 0.31955450911561
      vertex 0.2305746910264 -0.0702315134111264 0.37049666961561
      vertex 0.227932197111505 0.00972635728724434 0.35501697461561
   endloop
endfacet
facet normal -0.91486956774393 0.0305033399505177 0.40259560388546
   outer loop
      vertex 0.203975045049678 0.0615593094805392 0.29664885711561
      vertex 0.227932197111505 0.00972635728724434 0.35501697461561
      vertex 0.223002960726559 0.0763541401569203 0.33876747211561
   endloop
endfacet
facet normal -0.966595349075559 -0.238585129332865 -0.0936513064869791
   outer loop
      vertex 0.11460457099351 -0.235663686923703 0.0751316766156103
      vertex 0.0978211225029575 -0.197450622750543 0.15100605211561
      vertex 0.101575809173961 -0.189649361823489 0.0923787064156104
   endloop
endfacet
facet normal -0.832979991250624 -0.313705160008806 0.455777804154568
   outer loop
      vertex 0.140688615501519 -0.241005512955148 0.28211680111561
      vertex 0.18677467224876 -0.329165424250983 0.30566455611561
      vertex 0.16985357791378 -0.231276229518569 0.34211523961561
   endloop
endfacet
facet normal -0.890142068467055 -0.453542383358852 0.0441180738741455
   outer loop
      vertex 0.170567015609467 -0.30070914888055 0.27118911511561
      vertex 0.18677467224876 -0.329165424250983 0.30566455611561
      vertex 0.140688615501519 -0.241005512955148 0.28211680111561
   endloop
endfacet
facet normal -0.905020378417813 -0.422848569572709 0.0462298805837995
   outer loop
      vertex 0.190964488385385 -0.347249845275391 0.22227471111561
      vertex 0.214383253889649 -0.39216980907988 0.26986552361561
      vertex 0.18677467224876 -0.329165424250983 0.30566455611561
   endloop
endfacet
facet normal -0.893488403299034 -0.446083229857433 0.0518480974588623
   outer loop
      vertex 0.190964488385385 -0.347249845275391 0.22227471111561
      vertex 0.18677467224876 -0.329165424250983 0.30566455611561
      vertex 0.170567015609467 -0.30070914888055 0.27118911511561
   endloop
endfacet
facet normal -0.885372215991913 -0.457837652591042 0.0806270613348437
   outer loop
      vertex 0.144435274540867 -0.26165719179855 0.20598940361561
      vertex 0.170567015609467 -0.30070914888055 0.27118911511561
      vertex 0.140688615501519 -0.241005512955148 0.28211680111561
   endloop
endfacet
facet normal -0.834187817125724 -0.542115625443766 -0.101199478302683
   outer loop
      vertex 0.190964488385385 -0.347249845275391 0.22227471111561
      vertex 0.202936412014619 -0.358974091473681 0.18639571411561
      vertex 0.214383253889649 -0.39216980907988 0.26986552361561
   endloop
endfacet
facet normal -0.804962339582914 -0.58839630438015 -0.0763244446097229
   outer loop
      vertex 0.169296798386393 -0.308918987415273 0.15529668461561
      vertex 0.202936412014619 -0.358974091473681 0.18639571411561
      vertex 0.190964488385385 -0.347249845275391 0.22227471111561
   endloop
endfacet
facet normal -0.882017438976621 -0.465233625147759 0.0748525976369321
   outer loop
      vertex 0.144435274540867 -0.26165719179855 0.20598940361561
      vertex 0.190964488385385 -0.347249845275391 0.22227471111561
      vertex 0.170567015609467 -0.30070914888055 0.27118911511561
   endloop
endfacet
facet normal -0.879484590101249 -0.475769974307656 0.0122387630801005
   outer loop
      vertex 0.169296798386393 -0.308918987415273 0.15529668461561
      vertex 0.190964488385385 -0.347249845275391 0.22227471111561
      vertex 0.144435274540867 -0.26165719179855 0.20598940361561
   endloop
endfacet
facet normal -0.868072810594449 -0.405143429948649 0.286894399868834
   outer loop
      vertex 0.209152588358965 -0.406020611110395 0.13876670961561
      vertex 0.202936412014619 -0.358974091473681 0.18639571411561
      vertex 0.169296798386393 -0.308918987415273 0.15529668461561
   endloop
endfacet
facet normal -0.924333382694415 -0.38140372349103 0.0117897134773916
   outer loop
      vertex 0.174900841813403 -0.325014437078132 0.0739664625656103
      vertex 0.209152588358965 -0.406020611110395 0.13876670961561
      vertex 0.169296798386393 -0.308918987415273 0.15529668461561
   endloop
endfacet
facet normal -0.879530220365423 0.47583736430553 0.00232254057392948
   outer loop
      vertex 0.138584270575542 0.0304106453175045 0.11729087061561
      vertex 0.113464367808308 -0.0162535654766965 0.16502370961561
      vertex 0.146769507196378 0.0451756916455974 0.19195145661561
   endloop
endfacet
facet normal -0.994160885767098 0.0350231260807824 0.10206622286686
   outer loop
      vertex 0.138584270575542 0.0304106453175045 0.11729087061561
      vertex 0.146769507196378 0.0451756916455974 0.19195145661561
      vertex 0.143566261261225 0.0711602549046612 0.15183434111561
   endloop
endfacet
facet normal -0.736884152095935 0.634705503711573 0.232702965060811
   outer loop
      vertex 0.104824912517528 -0.00197960323038591 0.0987330197656104
      vertex 0.113464367808308 -0.0162535654766965 0.16502370961561
      vertex 0.138584270575542 0.0304106453175045 0.11729087061561
   endloop
endfacet
facet normal 0.319757165446349 -0.934077419630015 -0.158917366209768
   outer loop
      vertex 0.578760548890852 -0.122943097392191 0.37045728411561
      vertex 0.643044927853588 -0.0856064540392718 0.28034803411561
      vertex 0.65500124172522 -0.0857287120176414 0.30512390061561
   endloop
endfacet
facet normal 0.842524777238439 -0.534350004723027 -0.0679858234621004
   outer loop
      vertex 0.713265298673132 -0.0477114173273769 0.0950508335656105
      vertex 0.731262522018241 -0.0236632173838295 0.129071909115611
      vertex 0.719068856661364 -0.0476810951888191 0.16673399511561
   endloop
endfacet
facet normal -0.911319215857226 0.112702542908161 0.395974018884326
   outer loop
      vertex 0.265267884907415 -0.207260802970708 0.48201014861561
      vertex 0.263364279270869 -0.2709811901791 0.49576523611561
      vertex 0.306416111757635 -0.215520040747018 0.57906198811561
   endloop
endfacet
facet normal -0.959841971670544 0.0793812088616709 0.269076221727716
   outer loop
      vertex 0.218153920791708 0.284973571771845 0.246173355115611
      vertex 0.2110669852909 0.192124907957849 0.248284656615611
      vertex 0.228539457338934 0.20037521588599 0.30817806711561
   endloop
endfacet
facet normal 0.232782588299778 0.593341675318104 0.7705568914202
   outer loop
      vertex 0.291975894413587 0.173762422849604 0.30950643261561
      vertex 0.218153920791708 0.284973571771845 0.246173355115611
      vertex 0.228539457338934 0.20037521588599 0.30817806711561
   endloop
endfacet
facet normal 0.285101659016901 0.610197954730538 0.739172172141564
   outer loop
      vertex 0.291975894413587 0.173762422849604 0.30950643261561
      vertex 0.272704769600454 0.256455559335151 0.248674931115611
      vertex 0.218153920791708 0.284973571771845 0.246173355115611
   endloop
endfacet
facet normal 0.596457107732928 0.561162161165914 0.573877990090639
   outer loop
      vertex 0.272704769600454 0.256455559335151 0.248674931115611
      vertex 0.291975894413587 0.173762422849604 0.30950643261561
      vertex 0.33191219038933 0.16401511495646 0.277530180615611
   endloop
endfacet
facet normal -0.853317276874008 0.140076345503098 0.502223299358785
   outer loop
      vertex 0.0991790872693169 0.126475367437147 0.0544273160156105
      vertex 0.112110290089557 0.083327284823881 0.0884329954156105
      vertex 0.137741577242547 0.131971363393542 0.11841514761561
   endloop
endfacet
facet normal -0.855790925024561 0.103558355900072 0.506850628458603
   outer loop
      vertex 0.0991790872693169 0.126475367437147 0.0544273160156105
      vertex 0.137741577242547 0.131971363393542 0.11841514761561
      vertex 0.130760672077638 0.193843475380441 0.0939867089656106
   endloop
endfacet
facet normal -0.925588970436029 0.351668915368954 0.140050104499764
   outer loop
      vertex 0.0971544197481046 0.139361384586462 0.00868924517561056
      vertex 0.0991790872693169 0.126475367437147 0.0544273160156105
      vertex 0.130760672077638 0.193843475380441 0.0939867089656106
   endloop
endfacet
facet normal -0.775251498466259 0.172754500806455 0.607569746265343
   outer loop
      vertex 0.148793200581997 0.420158936571043 0.0370143897156107
      vertex 0.144214855608306 0.315528331342402 0.0609228204156106
      vertex 0.167884352295643 0.391582536581352 0.0694997888156107
   endloop
endfacet
facet normal -0.829913289975944 0.520852386253338 0.199891777858692
   outer loop
      vertex 0.167884352295643 0.391582536581352 0.0694997888156107
      vertex 0.17153939077026 0.379330872992268 0.116598640615611
      vertex 0.207179867110138 0.434176064583242 0.121662661115611
   endloop
endfacet
facet normal -0.857150760575642 0.221032005747722 0.46522835906653
   outer loop
      vertex 0.167884352295643 0.391582536581352 0.0694997888156107
      vertex 0.207179867110138 0.434176064583242 0.121662661115611
      vertex 0.192032970997831 0.474631425378977 0.0745350459656107
   endloop
endfacet
facet normal -0.766988929855357 0.185784415084378 0.614175978520073
   outer loop
      vertex 0.148793200581997 0.420158936571043 0.0370143897156107
      vertex 0.167884352295643 0.391582536581352 0.0694997888156107
      vertex 0.192032970997831 0.474631425378977 0.0745350459656107
   endloop
endfacet
facet normal -0.955618559888793 0.139573055983295 0.259446584173993
   outer loop
      vertex 0.176907116904168 0.449212303217682 0.0324966341656107
      vertex 0.192032970997831 0.474631425378977 0.0745350459656107
      vertex 0.182616274011206 0.482418861715999 0.0356611994156107
   endloop
endfacet
facet normal 0.480446337554879 0.836640304834061 -0.263067134126009
   outer loop
      vertex 0.192032970997831 0.474631425378977 0.0745350459656107
      vertex 0.244973772101639 0.443362026189547 0.0717751965656107
      vertex 0.228685115880029 0.437232366715111 0.0225324607156107
   endloop
endfacet
facet normal -0.973326549835786 0.0752182931051092 0.216743248492586
   outer loop
      vertex 0.0882810316593575 0.0390289953318057 0.0036608387156105
      vertex 0.0915741385057536 0.0330178500578204 0.0205352578156105
      vertex 0.0971544197481046 0.139361384586462 0.00868924517561056
   endloop
endfacet
facet normal 0.536917659723713 0.601294302803042 0.591747064287957
   outer loop
      vertex 0.207179867110138 0.434176064583242 0.121662661115611
      vertex 0.215769492565325 0.359317125587516 0.189935635115611
      vertex 0.284413851654147 0.367722204490025 0.119110958115611
   endloop
endfacet
facet normal 0.559297541718625 0.629307333566941 0.539591085680972
   outer loop
      vertex 0.207179867110138 0.434176064583242 0.121662661115611
      vertex 0.284413851654147 0.367722204490025 0.119110958115611
      vertex 0.244973772101639 0.443362026189547 0.0717751965656107
   endloop
endfacet
facet normal 0.462854845907479 0.740653062934031 0.487030216707755
   outer loop
      vertex 0.192032970997831 0.474631425378977 0.0745350459656107
      vertex 0.207179867110138 0.434176064583242 0.121662661115611
      vertex 0.244973772101639 0.443362026189547 0.0717751965656107
   endloop
endfacet
facet normal -0.722094927381777 0.67562199324089 -0.148707222752335
   outer loop
      vertex 0.176907116904168 0.449212303217682 0.0324966341656107
      vertex 0.148793200581997 0.420158936571043 0.0370143897156107
      vertex 0.192032970997831 0.474631425378977 0.0745350459656107
   endloop
endfacet
facet normal 0.386024087928324 0.891094605625763 -0.2386122531719
   outer loop
      vertex 0.228685115880029 0.437232366715111 0.0225324607156107
      vertex 0.244973772101639 0.443362026189547 0.0717751965656107
      vertex 0.273733515346645 0.422621902985074 0.0408486278156107
   endloop
endfacet
facet normal 0.343534302275032 0.183010306273595 0.921135935113842
   outer loop
      vertex 0.358651775155536 -0.207259419542249 0.58785330911561
      vertex 0.40825321688459 -0.182530988103152 0.56444161311561
      vertex 0.329506833285561 -0.151931808888004 0.58773037861561
   endloop
endfacet
facet normal -0.899070705706792 0.280675328629939 0.335995872055547
   outer loop
      vertex 0.297297163167558 -0.177155282283328 0.52261301861561
      vertex 0.306416111757635 -0.215520040747018 0.57906198811561
      vertex 0.329506833285561 -0.151931808888004 0.58773037861561
   endloop
endfacet
facet normal -0.842786878984449 0.372021782766978 0.388985950592732
   outer loop
      vertex 0.265267884907415 -0.207260802970708 0.48201014861561
      vertex 0.306416111757635 -0.215520040747018 0.57906198811561
      vertex 0.297297163167558 -0.177155282283328 0.52261301861561
   endloop
endfacet
facet normal -0.595693138992085 0.509974937468323 0.620544315348982
   outer loop
      vertex 0.275054093902183 -0.0873992856976452 0.48242429311561
      vertex 0.329506833285561 -0.151931808888004 0.58773037861561
      vertex 0.328598963298347 -0.0944920676797727 0.53965381161561
   endloop
endfacet
facet normal 0.547001994156444 -0.755159107660396 0.361280418105421
   outer loop
      vertex 0.391059703605055 -0.229394727046475 0.49251772261561
      vertex 0.40825321688459 -0.182530988103152 0.56444161311561
      vertex 0.358651775155536 -0.207259419542249 0.58785330911561
   endloop
endfacet
facet normal 0.430389508591237 0.58334163636966 0.688823203857245
   outer loop
      vertex 0.40825321688459 -0.182530988103152 0.56444161311561
      vertex 0.328598963298347 -0.0944920676797727 0.53965381161561
      vertex 0.329506833285561 -0.151931808888004 0.58773037861561
   endloop
endfacet
facet normal 0.478989554411704 0.610865565375795 0.630406430648187
   outer loop
      vertex 0.328598963298347 -0.0944920676797727 0.53965381161561
      vertex 0.40825321688459 -0.182530988103152 0.56444161311561
      vertex 0.457379545233296 -0.172221835396168 0.51712530561561
   endloop
endfacet
facet normal 0.6793199083468 -0.630465488588219 0.375549903239121
   outer loop
      vertex 0.443647316623959 -0.218905814750024 0.41500228461561
      vertex 0.391059703605055 -0.229394727046475 0.49251772261561
      vertex 0.405417531610025 -0.248044133133761 0.43523807711561
   endloop
endfacet
facet normal 0.565650225596093 -0.776112945545299 0.278726600883534
   outer loop
      vertex 0.443647316623959 -0.218905814750024 0.41500228461561
      vertex 0.457379545233296 -0.172221835396168 0.51712530561561
      vertex 0.391059703605055 -0.229394727046475 0.49251772261561
   endloop
endfacet
facet normal 0.404390978565357 0.555909849637015 0.726245258526005
   outer loop
      vertex 0.457379545233296 -0.172221835396168 0.51712530561561
      vertex 0.510549082482485 -0.149403133865739 0.47005247211561
      vertex 0.41606919089385 -0.0891489385327871 0.47653914461561
   endloop
endfacet
facet normal -0.83506513668454 -0.174808584847607 0.521639891263703
   outer loop
      vertex 0.238247877593778 0.125822487756491 0.33074715211561
      vertex 0.269789423643259 0.122603645680347 0.38016163261561
      vertex 0.249273247987075 0.163939684558544 0.36117066061561
   endloop
endfacet
facet normal -0.697556637597022 0.224462011370382 0.680464211252803
   outer loop
      vertex 0.275054093902183 -0.0873992856976452 0.48242429311561
      vertex 0.328598963298347 -0.0944920676797727 0.53965381161561
      vertex 0.317771282956642 -0.0454702744942565 0.51238353011561
   endloop
endfacet
facet normal 0.460304935208434 0.563891872862802 0.685671439059585
   outer loop
      vertex 0.457379545233296 -0.172221835396168 0.51712530561561
      vertex 0.41606919089385 -0.0891489385327871 0.47653914461561
      vertex 0.328598963298347 -0.0944920676797727 0.53965381161561
   endloop
endfacet
facet normal 0.484725046056139 0.50452609517407 0.714489362422058
   outer loop
      vertex 0.328598963298347 -0.0944920676797727 0.53965381161561
      vertex 0.41606919089385 -0.0891489385327871 0.47653914461561
      vertex 0.317771282956642 -0.0454702744942565 0.51238353011561
   endloop
endfacet
facet normal 0.48686779354872 0.519338542925806 0.702315619530637
   outer loop
      vertex 0.41606919089385 -0.0891489385327871 0.47653914461561
      vertex 0.406569297871693 0.00449534778054983 0.41387800761561
      vertex 0.317771282956642 -0.0454702744942565 0.51238353011561
   endloop
endfacet
facet normal 0.521381698403991 0.510456569711353 0.683809341123598
   outer loop
      vertex 0.41606919089385 -0.0891489385327871 0.47653914461561
      vertex 0.458381156515657 -0.0505502497780764 0.41546416911561
      vertex 0.406569297871693 0.00449534778054983 0.41387800761561
   endloop
endfacet
facet normal 0.496179282549626 0.542448341043512 0.677905536832146
   outer loop
      vertex 0.317771282956642 -0.0454702744942565 0.51238353011561
      vertex 0.341413527267721 0.0193742911681945 0.44319156111561
      vertex 0.307746763550666 0.00228666795865273 0.48150649161561
   endloop
endfacet
facet normal 0.441314830281519 0.574581482148879 0.689273052530847
   outer loop
      vertex 0.317771282956642 -0.0454702744942565 0.51238353011561
      vertex 0.406569297871693 0.00449534778054983 0.41387800761561
      vertex 0.341413527267721 0.0193742911681945 0.44319156111561
   endloop
endfacet
facet normal 0.44820893418664 0.490944170084489 0.747049244143469
   outer loop
      vertex 0.341413527267721 0.0193742911681945 0.44319156111561
      vertex 0.406569297871693 0.00449534778054983 0.41387800761561
      vertex 0.391029999625084 0.0487166433065988 0.39413990461561
   endloop
endfacet
facet normal 0.304944812788726 0.649206385938704 0.696806809388123
   outer loop
      vertex 0.312644884088895 0.0775242227423376 0.40160405361561
      vertex 0.341413527267721 0.0193742911681945 0.44319156111561
      vertex 0.391029999625084 0.0487166433065988 0.39413990461561
   endloop
endfacet
facet normal 0.276469657529153 0.54765474096778 0.789708055651724
   outer loop
      vertex 0.391029999625084 0.0487166433065988 0.39413990461561
      vertex 0.347959663902198 0.101265604024514 0.37277625461561
      vertex 0.312644884088895 0.0775242227423376 0.40160405361561
   endloop
endfacet
facet normal 0.442415675077898 0.490558745179387 0.750746620354293
   outer loop
      vertex 0.406569297871693 0.00449534778054983 0.41387800761561
      vertex 0.486731618736211 0.000601500788142485 0.36918262611561
      vertex 0.391029999625084 0.0487166433065988 0.39413990461561
   endloop
endfacet
facet normal 0.517220778449514 0.650187002429446 0.556542476556724
   outer loop
      vertex 0.347959663902198 0.101265604024514 0.37277625461561
      vertex 0.391029999625084 0.0487166433065988 0.39413990461561
      vertex 0.431401593274905 0.0626019970088565 0.34039898661561
   endloop
endfacet
facet normal 0.486005620101295 0.685432877608357 0.542199508966473
   outer loop
      vertex 0.391029999625084 0.0487166433065988 0.39413990461561
      vertex 0.486731618736211 0.000601500788142485 0.36918262611561
      vertex 0.431401593274905 0.0626019970088565 0.34039898661561
   endloop
endfacet
facet normal 0.435661625659443 0.612077836210775 0.6599694465256
   outer loop
      vertex 0.41606919089385 -0.0891489385327871 0.47653914461561
      vertex 0.510549082482485 -0.149403133865739 0.47005247211561
      vertex 0.51944226819371 -0.101463870033243 0.41972138361561
   endloop
endfacet
facet normal 0.442461582856755 0.587315252426498 0.677708301530307
   outer loop
      vertex 0.41606919089385 -0.0891489385327871 0.47653914461561
      vertex 0.51944226819371 -0.101463870033243 0.41972138361561
      vertex 0.458381156515657 -0.0505502497780764 0.41546416911561
   endloop
endfacet
facet normal 0.366161888565768 0.504521411637735 0.781910235615967
   outer loop
      vertex 0.51944226819371 -0.101463870033243 0.41972138361561
      vertex 0.486731618736211 0.000601500788142485 0.36918262611561
      vertex 0.458381156515657 -0.0505502497780764 0.41546416911561
   endloop
endfacet
facet normal 0.630787216617731 0.497160072866317 0.595767865279099
   outer loop
      vertex 0.486731618736211 0.000601500788142485 0.36918262611561
      vertex 0.51944226819371 -0.101463870033243 0.41972138361561
      vertex 0.534533467106809 -0.0508808537454538 0.36153229111561
   endloop
endfacet
facet normal 0.45425027495894 0.603626155028801 0.655203901594666
   outer loop
      vertex 0.51944226819371 -0.101463870033243 0.41972138361561
      vertex 0.510549082482485 -0.149403133865739 0.47005247211561
      vertex 0.55893239049847 -0.138385766272693 0.42635843711561
   endloop
endfacet
facet normal 0.774843598769681 -0.623784952682905 0.102516975433515
   outer loop
      vertex 0.551281197252369 -0.160511130453677 0.34956148611561
      vertex 0.578760548890852 -0.122943097392191 0.37045728411561
      vertex 0.55893239049847 -0.138385766272693 0.42635843711561
   endloop
endfacet
facet normal 0.458437397906046 0.607012804846031 0.649130654763806
   outer loop
      vertex 0.51944226819371 -0.101463870033243 0.41972138361561
      vertex 0.55893239049847 -0.138385766272693 0.42635843711561
      vertex 0.585196777635104 -0.0837985531259403 0.35676425861561
   endloop
endfacet
facet normal 0.945245945781834 -0.0422159544753584 0.323616926582558
   outer loop
      vertex 0.585196777635104 -0.0837985531259403 0.35676425861561
      vertex 0.55893239049847 -0.138385766272693 0.42635843711561
      vertex 0.578760548890852 -0.122943097392191 0.37045728411561
   endloop
endfacet
facet normal 0.456862849009768 0.609274754375992 0.648120830458914
   outer loop
      vertex 0.51944226819371 -0.101463870033243 0.41972138361561
      vertex 0.585196777635104 -0.0837985531259403 0.35676425861561
      vertex 0.534533467106809 -0.0508808537454538 0.36153229111561
   endloop
endfacet
facet normal 0.380199383495224 0.469757361444868 0.796728592532116
   outer loop
      vertex 0.585196777635104 -0.0837985531259403 0.35676425861561
      vertex 0.581090468255411 -0.0381930452032677 0.33183443061561
      vertex 0.534533467106809 -0.0508808537454538 0.36153229111561
   endloop
endfacet
facet normal 0.291764135961717 -0.816241394673747 0.498621775083649
   outer loop
      vertex 0.290840884484672 -0.327619624751913 0.37857308411561
      vertex 0.311701755990281 -0.372546593167341 0.29282130261561
      vertex 0.351202686681716 -0.310566609327186 0.37116861011561
   endloop
endfacet
facet normal 0.681089272731469 -0.701072116333035 0.211223318481739
   outer loop
      vertex 0.377423276202416 -0.320763506953633 0.25277579711561
      vertex 0.351202686681716 -0.310566609327186 0.37116861011561
      vertex 0.311701755990281 -0.372546593167341 0.29282130261561
   endloop
endfacet
facet normal 0.665772079916684 -0.73161352575466 0.146591904743229
   outer loop
      vertex 0.308817205968584 -0.384432451366358 0.24660182161561
      vertex 0.377423276202416 -0.320763506953633 0.25277579711561
      vertex 0.311701755990281 -0.372546593167341 0.29282130261561
   endloop
endfacet
facet normal 0.518662673142964 -0.834338963572026 0.186728480296266
   outer loop
      vertex 0.377423276202416 -0.320763506953633 0.25277579711561
      vertex 0.406673918359952 -0.282887024465427 0.34076777811561
      vertex 0.351202686681716 -0.310566609327186 0.37116861011561
   endloop
endfacet
facet normal 0.88263709399703 -0.460298746736355 -0.095272367732827
   outer loop
      vertex 0.399691280026947 -0.273969399159497 0.23299353461561
      vertex 0.406673918359952 -0.282887024465427 0.34076777811561
      vertex 0.377423276202416 -0.320763506953633 0.25277579711561
   endloop
endfacet
facet normal 0.821774504268315 -0.564548305139425 0.077277909513435
   outer loop
      vertex 0.4320934913548 -0.252112394160188 0.29527752561561
      vertex 0.443647316623959 -0.218905814750024 0.41500228461561
      vertex 0.406673918359952 -0.282887024465427 0.34076777811561
   endloop
endfacet
facet normal 0.68584030957378 -0.720277780094636 -0.104033596812214
   outer loop
      vertex 0.399691280026947 -0.273969399159497 0.23299353461561
      vertex 0.4320934913548 -0.252112394160188 0.29527752561561
      vertex 0.406673918359952 -0.282887024465427 0.34076777811561
   endloop
endfacet
facet normal 0.421527366675847 -0.901601846495982 0.0971019543488319
   outer loop
      vertex 0.399691280026947 -0.273969399159497 0.23299353461561
      vertex 0.441403504944934 -0.255822547046713 0.22041285111561
      vertex 0.4320934913548 -0.252112394160188 0.29527752561561
   endloop
endfacet
facet normal 0.495537890940644 -0.848126424230706 0.187413359085564
   outer loop
      vertex 0.4320934913548 -0.252112394160188 0.29527752561561
      vertex 0.487695148984741 -0.207830675091081 0.34865561961561
      vertex 0.443647316623959 -0.218905814750024 0.41500228461561
   endloop
endfacet
facet normal 0.633950547436083 -0.773140842272729 -0.0189721220559467
   outer loop
      vertex 0.476163486727437 -0.215940630637777 0.29381906861561
      vertex 0.487695148984741 -0.207830675091081 0.34865561961561
      vertex 0.4320934913548 -0.252112394160188 0.29527752561561
   endloop
endfacet
facet normal 0.630787337897634 -0.775748776255091 -0.0179212300567004
   outer loop
      vertex 0.476163486727437 -0.215940630637777 0.29381906861561
      vertex 0.51186520513585 -0.188167348880277 0.34822954011561
      vertex 0.487695148984741 -0.207830675091081 0.34865561961561
   endloop
endfacet
facet normal 0.566335491943601 -0.813512555098711 0.132141716583997
   outer loop
      vertex 0.534366134037638 -0.185605994196369 0.26756326211561
      vertex 0.551281197252369 -0.160511130453677 0.34956148611561
      vertex 0.51186520513585 -0.188167348880277 0.34822954011561
   endloop
endfacet
facet normal 0.498464471670853 -0.859678106908772 0.111744006477516
   outer loop
      vertex 0.534366134037638 -0.185605994196369 0.26756326211561
      vertex 0.51186520513585 -0.188167348880277 0.34822954011561
      vertex 0.476163486727437 -0.215940630637777 0.29381906861561
   endloop
endfacet
facet normal 0.671341443533587 -0.733618360146202 0.10537916231702
   outer loop
      vertex 0.374139527226589 -0.332375197810633 0.19285851661561
      vertex 0.377423276202416 -0.320763506953633 0.25277579711561
      vertex 0.308817205968584 -0.384432451366358 0.24660182161561
   endloop
endfacet
facet normal 0.907611014175827 -0.418637080015185 0.0313885677131989
   outer loop
      vertex 0.374139527226589 -0.332375197810633 0.19285851661561
      vertex 0.399691280026947 -0.273969399159497 0.23299353461561
      vertex 0.377423276202416 -0.320763506953633 0.25277579711561
   endloop
endfacet
facet normal 0.666372895491855 -0.739744902419729 0.0934058001294747
   outer loop
      vertex 0.324892632725741 -0.382752264600034 0.14522354461561
      vertex 0.374139527226589 -0.332375197810633 0.19285851661561
      vertex 0.308817205968584 -0.384432451366358 0.24660182161561
   endloop
endfacet
facet normal 0.812943706474936 -0.471388063878922 -0.341929559025356
   outer loop
      vertex 0.346539223498011 -0.33818277648252 0.13524469111561
      vertex 0.374139527226589 -0.332375197810633 0.19285851661561
      vertex 0.324892632725741 -0.382752264600034 0.14522354461561
   endloop
endfacet
facet normal 0.900961820909426 -0.104826806585336 -0.421045291963574
   outer loop
      vertex 0.346539223498011 -0.33818277648252 0.13524469111561
      vertex 0.399691280026947 -0.273969399159497 0.23299353461561
      vertex 0.374139527226589 -0.332375197810633 0.19285851661561
   endloop
endfacet
facet normal 0.646577744903461 -0.749718627340798 0.140922672461828
   outer loop
      vertex 0.407467001092869 -0.287346467189495 0.12615022111561
      vertex 0.399691280026947 -0.273969399159497 0.23299353461561
      vertex 0.346539223498011 -0.33818277648252 0.13524469111561
   endloop
endfacet
facet normal 0.430765567977468 -0.891075961773752 0.14291485505024
   outer loop
      vertex 0.399691280026947 -0.273969399159497 0.23299353461561
      vertex 0.407467001092869 -0.287346467189495 0.12615022111561
      vertex 0.441403504944934 -0.255822547046713 0.22041285111561
   endloop
endfacet
facet normal 0.391519026511045 -0.905802815792497 0.161969474847044
   outer loop
      vertex 0.407467001092869 -0.287346467189495 0.12615022111561
      vertex 0.446713568285378 -0.274822866523661 0.10131921491561
      vertex 0.441403504944934 -0.255822547046713 0.22041285111561
   endloop
endfacet
facet normal 0.634574195047461 -0.762201941248633 0.127921037115412
   outer loop
      vertex 0.562296227514297 -0.170111100264972 0.12094417411561
      vertex 0.56473593810775 -0.15093069626882 0.22312567661561
      vertex 0.526129478310753 -0.196793027031037 0.14137450711561
   endloop
endfacet
facet normal 0.752372424144221 -0.639107525420294 0.159616121800072
   outer loop
      vertex 0.59436552798585 -0.127397625682229 0.27906502161561
      vertex 0.578760548890852 -0.122943097392191 0.37045728411561
      vertex 0.551281197252369 -0.160511130453677 0.34956148611561
   endloop
endfacet
facet normal 0.588310534637586 0.179108769148261 0.788549785142722
   outer loop
      vertex 0.578760548890852 -0.122943097392191 0.37045728411561
      vertex 0.65500124172522 -0.0857287120176414 0.30512390061561
      vertex 0.585196777635104 -0.0837985531259403 0.35676425861561
   endloop
endfacet
facet normal 0.642150094439013 -0.752484627742765 0.146322046263712
   outer loop
      vertex 0.59436552798585 -0.127397625682229 0.27906502161561
      vertex 0.643044927853588 -0.0856064540392718 0.28034803411561
      vertex 0.578760548890852 -0.122943097392191 0.37045728411561
   endloop
endfacet
facet normal 0.615262545311222 -0.78830136098642 0.00574148100361105
   outer loop
      vertex 0.56473593810775 -0.15093069626882 0.22312567661561
      vertex 0.59436552798585 -0.127397625682229 0.27906502161561
      vertex 0.551281197252369 -0.160511130453677 0.34956148611561
   endloop
endfacet
facet normal 0.773196670309935 -0.633238164598119 0.0342977538336646
   outer loop
      vertex 0.56473593810775 -0.15093069626882 0.22312567661561
      vertex 0.551281197252369 -0.160511130453677 0.34956148611561
      vertex 0.534366134037638 -0.185605994196369 0.26756326211561
   endloop
endfacet
facet normal 0.507119726339701 -0.856961375660437 0.0919063859768066
   outer loop
      vertex 0.626773439778501 -0.118948257875021 0.17902943211561
      vertex 0.59436552798585 -0.127397625682229 0.27906502161561
      vertex 0.56473593810775 -0.15093069626882 0.22312567661561
   endloop
endfacet
facet normal 0.6453276753567 -0.755220278359245 0.114867413019108
   outer loop
      vertex 0.654698898751585 -0.0852268106842061 0.21737181311561
      vertex 0.643044927853588 -0.0856064540392718 0.28034803411561
      vertex 0.59436552798585 -0.127397625682229 0.27906502161561
   endloop
endfacet
facet normal 0.667350536844827 -0.728506665223835 0.154665121140379
   outer loop
      vertex 0.626773439778501 -0.118948257875021 0.17902943211561
      vertex 0.654698898751585 -0.0852268106842061 0.21737181311561
      vertex 0.59436552798585 -0.127397625682229 0.27906502161561
   endloop
endfacet
facet normal 0.532336460051058 -0.834216095804711 0.143879806785571
   outer loop
      vertex 0.562296227514297 -0.170111100264972 0.12094417411561
      vertex 0.626773439778501 -0.118948257875021 0.17902943211561
      vertex 0.56473593810775 -0.15093069626882 0.22312567661561
   endloop
endfacet
facet normal 0.722191035182782 -0.68723335591886 0.0784246339750679
   outer loop
      vertex 0.661232416873041 -0.0873280897431876 0.13879296661561
      vertex 0.654698898751585 -0.0852268106842061 0.21737181311561
      vertex 0.626773439778501 -0.118948257875021 0.17902943211561
   endloop
endfacet
facet normal 0.732365597489188 -0.673875270137883 0.0976358126452566
   outer loop
      vertex 0.624182992320552 -0.133907253590562 0.0952144624156104
      vertex 0.661232416873041 -0.0873280897431876 0.13879296661561
      vertex 0.626773439778501 -0.118948257875021 0.17902943211561
   endloop
endfacet
facet normal 0.406222474077204 0.757495491697363 0.511061524293078
   outer loop
      vertex 0.356607785122341 0.183968243152826 0.228906990615611
      vertex 0.428008563227207 0.146268340933381 0.228032155115611
      vertex 0.44259775129301 0.194406704077877 0.145085098615611
   endloop
endfacet
facet normal 0.461033435682601 0.68933874587001 0.558802527396807
   outer loop
      vertex 0.361322989610125 0.226208520848561 0.172909164115611
      vertex 0.356607785122341 0.183968243152826 0.228906990615611
      vertex 0.44259775129301 0.194406704077877 0.145085098615611
   endloop
endfacet
facet normal 0.461063538878884 0.646788765653318 0.607523419911642
   outer loop
      vertex 0.361322989610125 0.226208520848561 0.172909164115611
      vertex 0.44259775129301 0.194406704077877 0.145085098615611
      vertex 0.400633607802472 0.2588444390905 0.108330191965611
   endloop
endfacet
facet normal 0.293352075284508 0.80354692642926 0.517935224668453
   outer loop
      vertex 0.428008563227207 0.146268340933381 0.228032155115611
      vertex 0.463141366517972 0.153006014160335 0.197680256615611
      vertex 0.44259775129301 0.194406704077877 0.145085098615611
   endloop
endfacet
facet normal 0.492777526315212 0.618194066799077 0.612377665606021
   outer loop
      vertex 0.33085171867964 0.301135749197186 0.121790365615611
      vertex 0.361322989610125 0.226208520848561 0.172909164115611
      vertex 0.400633607802472 0.2588444390905 0.108330191965611
   endloop
endfacet
facet normal 0.260201731421225 0.805496974241797 0.532418710652346
   outer loop
      vertex 0.44259775129301 0.194406704077877 0.145085098615611
      vertex 0.463141366517972 0.153006014160335 0.197680256615611
      vertex 0.476568576459457 0.212853019907519 0.100575545065611
   endloop
endfacet
facet normal 0.453831618252282 0.645778431562468 0.614009022411914
   outer loop
      vertex 0.400633607802472 0.2588444390905 0.108330191965611
      vertex 0.44259775129301 0.194406704077877 0.145085098615611
      vertex 0.476568576459457 0.212853019907519 0.100575545065611
   endloop
endfacet
facet normal 0.467164457532178 0.675037656942146 0.57103549042833
   outer loop
      vertex 0.400633607802472 0.2588444390905 0.108330191965611
      vertex 0.476568576459457 0.212853019907519 0.100575545065611
      vertex 0.428692302435228 0.282588953854005 0.0573062767156107
   endloop
endfacet
facet normal 0.587209504788394 0.67773655908455 0.442558644663511
   outer loop
      vertex 0.428692302435228 0.282588953854005 0.0573062767156107
      vertex 0.476568576459457 0.212853019907519 0.100575545065611
      vertex 0.448780774233042 0.264843799744225 0.0578268814156107
   endloop
endfacet
facet normal 0.556579475292242 0.741622141376537 0.374454118822978
   outer loop
      vertex 0.464589262789715 0.242129422329478 0.0603981578156106
      vertex 0.476568576459457 0.212853019907519 0.100575545065611
      vertex 0.525137887623928 0.189728150016226 0.0741830828156106
   endloop
endfacet
facet normal 0.797375763968924 0.575507058241294 0.181613647475697
   outer loop
      vertex 0.448780774233042 0.264843799744225 0.0578268814156107
      vertex 0.476568576459457 0.212853019907519 0.100575545065611
      vertex 0.464589262789715 0.242129422329478 0.0603981578156106
   endloop
endfacet
facet normal 0.39884407370506 0.75500554115755 0.520470976800578
   outer loop
      vertex 0.476568576459457 0.212853019907519 0.100575545065611
      vertex 0.463141366517972 0.153006014160335 0.197680256615611
      vertex 0.530774017713552 0.147772425599987 0.153444372615611
   endloop
endfacet
facet normal 0.552984803424721 0.752005887527377 0.358740787067047
   outer loop
      vertex 0.476568576459457 0.212853019907519 0.100575545065611
      vertex 0.530774017713552 0.147772425599987 0.153444372615611
      vertex 0.525137887623928 0.189728150016226 0.0741830828156106
   endloop
endfacet
facet normal 0.472905970876267 0.789076754900102 0.392068638870671
   outer loop
      vertex 0.525137887623928 0.189728150016226 0.0741830828156106
      vertex 0.615353927113669 0.0932213137625276 0.159595671615611
      vertex 0.573724755184775 0.16040926089243 0.0745856503656106
   endloop
endfacet
facet normal 0.764793405713149 0.508685511943352 0.39538600951047
   outer loop
      vertex 0.615353927113669 0.0932213137625276 0.159595671615611
      vertex 0.608600983147718 0.0411301679333759 0.239675941115611
      vertex 0.631046239396995 0.0367934498309903 0.20183960411561
   endloop
endfacet
facet normal 0.638752092457528 0.567000776821325 0.520101801059316
   outer loop
      vertex 0.615353927113669 0.0932213137625276 0.159595671615611
      vertex 0.631046239396995 0.0367934498309903 0.20183960411561
      vertex 0.653338186176305 0.0537704989559971 0.155954303115611
   endloop
endfacet
facet normal 0.435408879420409 0.733880799995615 0.521380934748922
   outer loop
      vertex 0.508925340655916 0.122145733116589 0.207761751115611
      vertex 0.615353927113669 0.0932213137625276 0.159595671615611
      vertex 0.530774017713552 0.147772425599987 0.153444372615611
   endloop
endfacet
facet normal 0.536807575452897 0.672430480815791 0.509583040736469
   outer loop
      vertex 0.631046239396995 0.0367934498309903 0.20183960411561
      vertex 0.694366100839957 -0.00924755572217989 0.19589120011561
      vertex 0.653338186176305 0.0537704989559971 0.155954303115611
   endloop
endfacet
facet normal 0.83490563861673 0.549793687858528 0.0256802530538603
   outer loop
      vertex 0.573724755184775 0.16040926089243 0.0745856503656106
      vertex 0.615353927113669 0.0932213137625276 0.159595671615611
      vertex 0.609158839728102 0.105903960135368 0.0894824399656106
   endloop
endfacet
facet normal -0.957405238174129 -0.178436752383183 0.227014394512072
   outer loop
      vertex 0.122244866425781 0.184369749775224 -0.00890438895938941
      vertex 0.128039465586552 0.209753809270358 0.0354858742656106
      vertex 0.115120189314024 0.233533242260452 -0.000308587129389391
   endloop
endfacet
facet normal -0.909173588713716 -0.349430560982031 0.226498716634789
   outer loop
      vertex 0.209152588358965 -0.406020611110395 0.13876670961561
      vertex 0.222039855818764 -0.408619238116387 0.18648761361561
      vertex 0.202936412014619 -0.358974091473681 0.18639571411561
   endloop
endfacet
facet normal -0.900803440004065 -0.350919180867019 0.255751619694703
   outer loop
      vertex 0.070852606643638 -0.133167518300569 0.0616652967656104
      vertex 0.11460457099351 -0.235663686923703 0.0751316766156103
      vertex 0.101575809173961 -0.189649361823489 0.0923787064156104
   endloop
endfacet
facet normal -0.912225236293705 -0.364933302192465 0.186195604727385
   outer loop
      vertex 0.106278529789011 -0.245589820360758 0.0148853481656104
      vertex 0.11460457099351 -0.235663686923703 0.0751316766156103
      vertex 0.070852606643638 -0.133167518300569 0.0616652967656104
   endloop
endfacet
facet normal -0.695304487185825 -0.687543326463732 0.209370113278957
   outer loop
      vertex 0.106278529789011 -0.245589820360758 0.0148853481656104
      vertex 0.145319014086545 -0.282886998036771 0.0220573283656103
      vertex 0.11460457099351 -0.235663686923703 0.0751316766156103
   endloop
endfacet
facet normal -0.954824697896341 -0.297025266915691 -0.00926213262824668
   outer loop
      vertex 0.099805447519548 -0.224286905800971 -0.000968998419389626
      vertex 0.106278529789011 -0.245589820360758 0.0148853481656104
      vertex 0.070852606643638 -0.133167518300569 0.0616652967656104
   endloop
endfacet
facet normal -0.938943164420127 -0.338960940941977 0.0590865001878402
   outer loop
      vertex 0.099805447519548 -0.224286905800971 -0.000968998419389626
      vertex 0.070852606643638 -0.133167518300569 0.0616652967656104
      vertex 0.0672167035697494 -0.132742849063726 0.00632338206061041
   endloop
endfacet
facet normal -0.970956086650983 0.108658793751957 0.213160841469017
   outer loop
      vertex 0.0915741385057536 0.0330178500578204 0.0205352578156105
      vertex 0.104824912517528 -0.00197960323038591 0.0987330197656104
      vertex 0.112110290089557 0.083327284823881 0.0884329954156105
   endloop
endfacet
facet normal -0.845856109550957 -0.533197787196669 -0.0150851471287073
   outer loop
      vertex 0.11460457099351 -0.235663686923703 0.0751316766156103
      vertex 0.145319014086545 -0.282886998036771 0.0220573283656103
      vertex 0.137953655044117 -0.273251013122368 0.0944562318656103
   endloop
endfacet
facet normal -0.815001095793748 -0.579430459415207 -0.00579280216064736
   outer loop
      vertex 0.137953655044117 -0.273251013122368 0.0944562318656103
      vertex 0.145319014086545 -0.282886998036771 0.0220573283656103
      vertex 0.174900841813403 -0.325014437078132 0.0739664625656103
   endloop
endfacet
facet normal -0.426636578656021 -0.873324066133129 -0.235130400555486
   outer loop
      vertex 0.127988188970716 -0.269842870817721 0.00505490639061035
      vertex 0.140962727940457 -0.276837877152251 0.00749395492561035
      vertex 0.145319014086545 -0.282886998036771 0.0220573283656103
   endloop
endfacet
facet normal -0.696685821988511 -0.695263456852266 0.176741593876568
   outer loop
      vertex 0.106278529789011 -0.245589820360758 0.0148853481656104
      vertex 0.127988188970716 -0.269842870817721 0.00505490639061035
      vertex 0.145319014086545 -0.282886998036771 0.0220573283656103
   endloop
endfacet
facet normal 0.902014796076593 -0.404059169274428 0.152004918947258
   outer loop
      vertex 0.347127406152421 -0.364283790510301 0.0623726842156103
      vertex 0.346539223498011 -0.33818277648252 0.13524469111561
      vertex 0.324892632725741 -0.382752264600034 0.14522354461561
   endloop
endfacet
facet normal 0.745339488048736 -0.664664578141109 0.0518656545292733
   outer loop
      vertex 0.302642914001079 -0.414407887160073 0.0592942896656103
      vertex 0.347127406152421 -0.364283790510301 0.0623726842156103
      vertex 0.324892632725741 -0.382752264600034 0.14522354461561
   endloop
endfacet
facet normal 0.513643071338742 -0.40954739706923 -0.753950744292704
   outer loop
      vertex 0.302642914001079 -0.414407887160073 0.0592942896656103
      vertex 0.29948613077558 -0.35997251867932 0.0275742821156103
      vertex 0.347127406152421 -0.364283790510301 0.0623726842156103
   endloop
endfacet
facet normal 0.377453046264207 -0.702151027504649 -0.603749229763514
   outer loop
      vertex 0.29948613077558 -0.35997251867932 0.0275742821156103
      vertex 0.377753974663211 -0.319847155858337 0.0298407386156103
      vertex 0.347127406152421 -0.364283790510301 0.0623726842156103
   endloop
endfacet
facet normal 0.854157232528936 -0.126499776392959 -0.504393922139274
   outer loop
      vertex 0.277254005678154 -0.426741911954502 0.0193931976656103
      vertex 0.286564936713295 -0.37436313960282 0.0220242684156103
      vertex 0.302642914001079 -0.414407887160073 0.0592942896656103
   endloop
endfacet
facet normal 0.667877299208969 -0.345424953201719 -0.659258306665092
   outer loop
      vertex 0.286564936713295 -0.37436313960282 0.0220242684156103
      vertex 0.29948613077558 -0.35997251867932 0.0275742821156103
      vertex 0.302642914001079 -0.414407887160073 0.0592942896656103
   endloop
endfacet
facet normal -0.948664773252612 -0.0367271635512323 0.314143698722497
   outer loop
      vertex 0.0915741385057536 0.0330178500578204 0.0205352578156105
      vertex 0.112110290089557 0.083327284823881 0.0884329954156105
      vertex 0.0991790872693169 0.126475367437147 0.0544273160156105
   endloop
endfacet
facet normal -0.88294195090622 0.360515900187492 0.300735426981791
   outer loop
      vertex 0.0882810316593575 0.0390289953318057 0.0036608387156105
      vertex 0.0722247205788525 -0.0204997230347815 0.0278823244656105
      vertex 0.0915741385057536 0.0330178500578204 0.0205352578156105
   endloop
endfacet
facet normal -0.956795240476829 -0.194534501919262 0.216099966135841
   outer loop
      vertex 0.115120189314024 0.233533242260452 -0.000308587129389391
      vertex 0.128039465586552 0.209753809270358 0.0354858742656106
      vertex 0.119373421161483 0.2727452510528 0.0538217341156106
   endloop
endfacet
facet normal 0.640905625775001 -0.721006082621142 0.263420211208763
   outer loop
      vertex 0.347127406152421 -0.364283790510301 0.0623726842156103
      vertex 0.407467001092869 -0.287346467189495 0.12615022111561
      vertex 0.346539223498011 -0.33818277648252 0.13524469111561
   endloop
endfacet
facet normal 0.805257601759339 -0.590894355064212 -0.0490311733700832
   outer loop
      vertex 0.377753974663211 -0.319847155858337 0.0298407386156103
      vertex 0.407467001092869 -0.287346467189495 0.12615022111561
      vertex 0.347127406152421 -0.364283790510301 0.0623726842156103
   endloop
endfacet
facet normal 0.368346705778915 -0.911460476167273 0.183195263931002
   outer loop
      vertex 0.494108370294644 -0.212437610744118 0.12792137511561
      vertex 0.507743634557271 -0.221163893576242 0.0570889403656104
      vertex 0.526129478310753 -0.196793027031037 0.14137450711561
   endloop
endfacet
facet normal 0.765207204090306 -0.632503038563656 0.11999100389629
   outer loop
      vertex 0.463256309903275 -0.266440851213422 0.0400064942156104
      vertex 0.494108370294644 -0.212437610744118 0.12792137511561
      vertex 0.446713568285378 -0.274822866523661 0.10131921491561
   endloop
endfacet
facet normal 0.654735807452355 -0.72454656031914 0.215298175490216
   outer loop
      vertex 0.463256309903275 -0.266440851213422 0.0400064942156104
      vertex 0.507743634557271 -0.221163893576242 0.0570889403656104
      vertex 0.494108370294644 -0.212437610744118 0.12792137511561
   endloop
endfacet
facet normal 0.681062351026958 -0.719820553427172 0.134210449956154
   outer loop
      vertex 0.538533638582787 -0.196766748051845 0.0316934086656104
      vertex 0.507743634557271 -0.221163893576242 0.0570889403656104
      vertex 0.463256309903275 -0.266440851213422 0.0400064942156104
   endloop
endfacet
facet normal 0.532470288805172 -0.799632296246571 -0.277603282291786
   outer loop
      vertex 0.431991987955613 -0.278577289116999 0.0149972984656104
      vertex 0.463256309903275 -0.266440851213422 0.0400064942156104
      vertex 0.377753974663211 -0.319847155858337 0.0298407386156103
   endloop
endfacet
facet normal 0.766479140867628 -0.277695861262324 -0.579132744068749
   outer loop
      vertex 0.448024062405065 -0.261911621449378 0.0176749157156104
      vertex 0.457512301561365 -0.250919571594563 0.0249618299656104
      vertex 0.463256309903275 -0.266440851213422 0.0400064942156104
   endloop
endfacet
facet normal 0.540741544329445 -0.830835363249591 0.131571962857318
   outer loop
      vertex 0.624182992320552 -0.133907253590562 0.0952144624156104
      vertex 0.626773439778501 -0.118948257875021 0.17902943211561
      vertex 0.562296227514297 -0.170111100264972 0.12094417411561
   endloop
endfacet
facet normal 0.785945449342866 -0.618251918911764 -0.0073698995353812
   outer loop
      vertex 0.657246458952266 -0.0914054259541575 0.0557627231656105
      vertex 0.661232416873041 -0.0873280897431876 0.13879296661561
      vertex 0.624182992320552 -0.133907253590562 0.0952144624156104
   endloop
endfacet
facet normal 0.510259997898537 -0.859843364908076 0.0174391045682222
   outer loop
      vertex 0.615449322119957 -0.140559573667069 0.0227617320656105
      vertex 0.624182992320552 -0.133907253590562 0.0952144624156104
      vertex 0.562296227514297 -0.170111100264972 0.12094417411561
   endloop
endfacet
facet normal 0.772816716534445 -0.633664679023593 -0.0349770954032334
   outer loop
      vertex 0.615449322119957 -0.140559573667069 0.0227617320656105
      vertex 0.657246458952266 -0.0914054259541575 0.0557627231656105
      vertex 0.624182992320552 -0.133907253590562 0.0952144624156104
   endloop
endfacet
facet normal 0.80272835770918 -0.367015757029373 -0.470028315978601
   outer loop
      vertex 0.615449322119957 -0.140559573667069 0.0227617320656105
      vertex 0.648533842356983 -0.094721864675973 0.0434726569156105
      vertex 0.657246458952266 -0.0914054259541575 0.0557627231656105
   endloop
endfacet
facet normal 0.788658006418317 0.218726550800785 -0.574610515816651
   outer loop
      vertex 0.683469832013204 -0.0664910154018703 0.0470078039156105
      vertex 0.666791756459159 0.0216233196086403 0.0576578818156106
      vertex 0.713265298673132 -0.0477114173273769 0.0950508335656105
   endloop
endfacet
facet normal 0.743691446209351 0.14672983175075 -0.652221886561192
   outer loop
      vertex 0.666791756459159 0.0216233196086403 0.0576578818156106
      vertex 0.683195738462391 0.0271136684816789 0.0775975669656106
      vertex 0.713265298673132 -0.0477114173273769 0.0950508335656105
   endloop
endfacet
facet normal 0.689216812708953 -0.724550872467402 0.00249364914095743
   outer loop
      vertex 0.683469832013204 -0.0664910154018703 0.0470078039156105
      vertex 0.661232416873041 -0.0873280897431876 0.13879296661561
      vertex 0.657246458952266 -0.0914054259541575 0.0557627231656105
   endloop
endfacet
facet normal 0.580017502384515 -0.813269171775709 -0.0466149242934216
   outer loop
      vertex 0.713265298673132 -0.0477114173273769 0.0950508335656105
      vertex 0.719068856661364 -0.0476810951888191 0.16673399511561
      vertex 0.661232416873041 -0.0873280897431876 0.13879296661561
   endloop
endfacet
facet normal 0.581855057422398 -0.812133655639534 -0.0434006627777261
   outer loop
      vertex 0.683469832013204 -0.0664910154018703 0.0470078039156105
      vertex 0.713265298673132 -0.0477114173273769 0.0950508335656105
      vertex 0.661232416873041 -0.0873280897431876 0.13879296661561
   endloop
endfacet
facet normal 0.641527840336283 0.753431425816559 0.144163506705031
   outer loop
      vertex 0.683195738462391 0.0271136684816789 0.0775975669656106
      vertex 0.68398157500646 0.015756522180154 0.133455634615611
      vertex 0.731262522018241 -0.0236632173838295 0.129071909115611
   endloop
endfacet
facet normal 0.804692956957808 0.19236772221807 -0.561661734918029
   outer loop
      vertex 0.683195738462391 0.0271136684816789 0.0775975669656106
      vertex 0.731262522018241 -0.0236632173838295 0.129071909115611
      vertex 0.713265298673132 -0.0477114173273769 0.0950508335656105
   endloop
endfacet
facet normal 0.621835772356755 0.657250029571625 -0.425843481628609
   outer loop
      vertex 0.520529528036124 0.181740476250837 0.0551255135156106
      vertex 0.525137887623928 0.189728150016226 0.0741830828156106
      vertex 0.557238272504015 0.150532098295057 0.0605620253656106
   endloop
endfacet
facet normal 0.332855957549072 0.54099951444771 -0.772351239327958
   outer loop
      vertex 0.557238272504015 0.150532098295057 0.0605620253656106
      vertex 0.525137887623928 0.189728150016226 0.0741830828156106
      vertex 0.573724755184775 0.16040926089243 0.0745856503656106
   endloop
endfacet
facet normal 0.633739287950281 -0.523109734902874 0.56985148956383
   outer loop
      vertex 0.55893239049847 -0.138385766272693 0.42635843711561
      vertex 0.510549082482485 -0.149403133865739 0.47005247211561
      vertex 0.49732796048593 -0.184806757649105 0.45225619361561
   endloop
endfacet
facet normal 0.803037416571959 0.587204164055816 0.101598116621053
   outer loop
      vertex 0.653338186176305 0.0537704989559971 0.155954303115611
      vertex 0.694366100839957 -0.00924755572217989 0.19589120011561
      vertex 0.68398157500646 0.015756522180154 0.133455634615611
   endloop
endfacet
facet normal -0.340566452359484 -0.939333900157634 0.0408205284375716
   outer loop
      vertex 0.209152588358965 -0.406020611110395 0.13876670961561
      vertex 0.257410379629379 -0.424599194817342 0.11386480951561
      vertex 0.222039855818764 -0.408619238116387 0.18648761361561
   endloop
endfacet
facet normal 0.521711157128267 -0.766442308187759 0.374678070812403
   outer loop
      vertex 0.391059703605055 -0.229394727046475 0.49251772261561
      vertex 0.457379545233296 -0.172221835396168 0.51712530561561
      vertex 0.40825321688459 -0.182530988103152 0.56444161311561
   endloop
endfacet
facet normal -0.153354514914371 -0.0785939752875634 0.985040801085861
   outer loop
      vertex 0.306416111757635 -0.215520040747018 0.57906198811561
      vertex 0.358651775155536 -0.207259419542249 0.58785330911561
      vertex 0.329506833285561 -0.151931808888004 0.58773037861561
   endloop
endfacet
facet normal 0.345827581319261 -0.583926421962409 -0.73446117510257
   outer loop
      vertex 0.463256309903275 -0.266440851213422 0.0400064942156104
      vertex 0.457512301561365 -0.250919571594563 0.0249618299656104
      vertex 0.464154418389525 -0.246745921463358 0.0247711086656104
   endloop
endfacet
facet normal -0.887007601115894 0.441128585542049 -0.136466430232124
   outer loop
      vertex 0.122244866425781 0.184369749775224 -0.00890438895938941
      vertex 0.0971544197481046 0.139361384586462 0.00868924517561056
      vertex 0.128039465586552 0.209753809270358 0.0354858742656106
   endloop
endfacet
facet normal 0.696376890279352 0.717240470744066 -0.0250066753426045
   outer loop
      vertex 0.182616274011206 0.482418861715999 0.0356611994156107
      vertex 0.192032970997831 0.474631425378977 0.0745350459656107
      vertex 0.228685115880029 0.437232366715111 0.0225324607156107
   endloop
endfacet
facet normal -0.996405023568402 0.0590520134811579 0.0607444541622806
   outer loop
      vertex 0.0971544197481046 0.139361384586462 0.00868924517561056
      vertex 0.0915741385057536 0.0330178500578204 0.0205352578156105
      vertex 0.0991790872693169 0.126475367437147 0.0544273160156105
   endloop
endfacet
facet normal -0.386508961476085 -0.561674144238347 -0.731527838426399
   outer loop
      vertex 0.228115143583816 -0.4330222229862 0.0501782173156103
      vertex 0.180743364959991 -0.348539667879968 0.0103409775656103
      vertex 0.277254005678154 -0.426741911954502 0.0193931976656103
   endloop
endfacet
facet normal 0.451252875497057 0.688021976529175 0.568327900220045
   outer loop
      vertex 0.35571814673899 0.330174361099901 0.0576405760656107
      vertex 0.400633607802472 0.2588444390905 0.108330191965611
      vertex 0.428692302435228 0.282588953854005 0.0573062767156107
   endloop
endfacet
facet normal -0.949988628617855 -0.107102791995174 0.293343821212592
   outer loop
      vertex 0.070474009817756 -0.0938230013660904 -0.00455838999438956
      vertex 0.078291554937784 -0.0676942851422874 0.0302984458656104
      vertex 0.0722247205788525 -0.0204997230347815 0.0278823244656105
   endloop
endfacet
facet normal -0.996135622329867 0.0585476646314685 0.0654674949245093
   outer loop
      vertex 0.144397024924346 0.373309564004167 0.0120208288156107
      vertex 0.144214855608306 0.315528331342402 0.0609228204156106
      vertex 0.148793200581997 0.420158936571043 0.0370143897156107
   endloop
endfacet
facet normal -0.960108008536703 0.18240388725853 0.211946771281525
   outer loop
      vertex 0.115120189314024 0.233533242260452 -0.000308587129389391
      vertex 0.144214855608306 0.315528331342402 0.0609228204156106
      vertex 0.144397024924346 0.373309564004167 0.0120208288156107
   endloop
endfacet
facet normal 0.6450780060736 -0.532507241758833 -0.548005842628077
   outer loop
      vertex 0.431991987955613 -0.278577289116999 0.0149972984656104
      vertex 0.448024062405065 -0.261911621449378 0.0176749157156104
      vertex 0.463256309903275 -0.266440851213422 0.0400064942156104
   endloop
endfacet
facet normal -0.160527783514659 0.120953875816061 -0.97959225734228
   outer loop
      vertex 0.176907116904168 0.449212303217682 0.0324966341656107
      vertex 0.182616274011206 0.482418861715999 0.0356611994156107
      vertex 0.228685115880029 0.437232366715111 0.0225324607156107
   endloop
endfacet
facet normal 0.62449656428161 -0.742472279399986 -0.242361208783613
   outer loop
      vertex 0.648533842356983 -0.094721864675973 0.0434726569156105
      vertex 0.683469832013204 -0.0664910154018703 0.0470078039156105
      vertex 0.657246458952266 -0.0914054259541575 0.0557627231656105
   endloop
endfacet
facet normal 0.679692589029199 -0.733458728970513 0.00750182082861501
   outer loop
      vertex 0.502289600528476 -0.230633012951443 0.00440622720561043
      vertex 0.538533638582787 -0.196766748051845 0.0316934086656104
      vertex 0.463256309903275 -0.266440851213422 0.0400064942156104
   endloop
endfacet
facet normal 0.0929166632103859 0.191148403532465 -0.977153407364902
   outer loop
      vertex 0.666791756459159 0.0216233196086403 0.0576578818156106
      vertex 0.653440322846619 0.0407752093981078 0.0601347523656106
      vertex 0.637161684081167 0.0736286482338487 0.0650135416656106
   endloop
endfacet
facet normal -0.0555790015410231 -0.0782398359160117 -0.995384098056393
   outer loop
      vertex 0.428692302435228 0.282588953854005 0.0573062767156107
      vertex 0.357398481213843 0.319780742530806 0.0583637177156107
      vertex 0.35571814673899 0.330174361099901 0.0576405760656107
   endloop
endfacet
facet normal 0.00303090898962699 0.12055813108933 -0.992701642296891
   outer loop
      vertex 0.648533842356983 -0.094721864675973 0.0434726569156105
      vertex 0.666791756459159 0.0216233196086403 0.0576578818156106
      vertex 0.683469832013204 -0.0664910154018703 0.0470078039156105
   endloop
endfacet
facet normal -0.00860383979456551 0.122353195628926 -0.992449328409355
   outer loop
      vertex 0.648533842356983 -0.094721864675973 0.0434726569156105
      vertex 0.653440322846619 0.0407752093981078 0.0601347523656106
      vertex 0.666791756459159 0.0216233196086403 0.0576578818156106
   endloop
endfacet
facet normal 0.690202476433083 0.708902662220341 -0.145181117995945
   outer loop
      vertex 0.557238272504015 0.150532098295057 0.0605620253656106
      vertex 0.609158839728102 0.105903960135368 0.0894824399656106
      vertex 0.637161684081167 0.0736286482338487 0.0650135416656106
   endloop
endfacet
facet normal -0.165545739241582 -0.598687892681806 -0.783688340716624
   outer loop
      vertex 0.463256309903275 -0.266440851213422 0.0400064942156104
      vertex 0.464154418389525 -0.246745921463358 0.0247711086656104
      vertex 0.502289600528476 -0.230633012951443 0.00440622720561043
   endloop
endfacet
facet normal -0.1204072109626 0.288517267190849 -0.949873617951847
   outer loop
      vertex 0.29948613077558 -0.35997251867932 0.0275742821156103
      vertex 0.375877328759755 -0.306999950417188 0.0339808707656104
      vertex 0.377753974663211 -0.319847155858337 0.0298407386156103
   endloop
endfacet
facet normal -0.681814034678456 0.0966404596517717 -0.725113952199087
   outer loop
      vertex 0.0882810316593575 0.0390289953318057 0.0036608387156105
      vertex 0.0971544197481046 0.139361384586462 0.00868924517561056
      vertex 0.122244866425781 0.184369749775224 -0.00890438895938941
   endloop
endfacet
facet normal 0.165995156149008 0.495198746844139 0.852774184212363
   outer loop
      vertex 0.228115143583816 -0.4330222229862 0.0501782173156103
      vertex 0.198486499994775 -0.362552769270814 0.0150245102656103
      vertex 0.180743364959991 -0.348539667879968 0.0103409775656103
   endloop
endfacet
facet normal 0.434734988750852 0.783245848680355 -0.444445081062651
   outer loop
      vertex 0.228685115880029 0.437232366715111 0.0225324607156107
      vertex 0.273733515346645 0.422621902985074 0.0408486278156107
      vertex 0.304452428760458 0.398422241598429 0.0282493257156107
   endloop
endfacet
facet normal 0.338482194407766 0.300151826748611 -0.891817629882015
   outer loop
      vertex 0.653440322846619 0.0407752093981078 0.0601347523656106
      vertex 0.557238272504015 0.150532098295057 0.0605620253656106
      vertex 0.637161684081167 0.0736286482338487 0.0650135416656106
   endloop
endfacet
facet normal -0.55883113555639 0.430550773844603 -0.708755100916084
   outer loop
      vertex 0.144397024924346 0.373309564004167 0.0120208288156107
      vertex 0.148793200581997 0.420158936571043 0.0370143897156107
      vertex 0.176907116904168 0.449212303217682 0.0324966341656107
   endloop
endfacet
facet normal 0.430560066414183 0.0947834713122722 -0.897571235487975
   outer loop
      vertex 0.615449322119957 -0.140559573667069 0.0227617320656105
      vertex 0.653440322846619 0.0407752093981078 0.0601347523656106
      vertex 0.648533842356983 -0.094721864675973 0.0434726569156105
   endloop
endfacet
facet normal 0.016370570796028 0.198538811045039 -0.97995629745445
   outer loop
      vertex 0.556138005336658 -0.168929811748392 0.0160231117156105
      vertex 0.653440322846619 0.0407752093981078 0.0601347523656106
      vertex 0.615449322119957 -0.140559573667069 0.0227617320656105
   endloop
endfacet
facet normal 0.465618154671738 0.411165656171117 -0.783672468079274
   outer loop
      vertex 0.653440322846619 0.0407752093981078 0.0601347523656106
      vertex 0.520529528036124 0.181740476250837 0.0551255135156106
      vertex 0.557238272504015 0.150532098295057 0.0605620253656106
   endloop
endfacet
facet normal -0.286421506096734 -0.661292606812935 -0.693292729674725
   outer loop
      vertex 0.176907116904168 0.449212303217682 0.0324966341656107
      vertex 0.228685115880029 0.437232366715111 0.0225324607156107
      vertex 0.304452428760458 0.398422241598429 0.0282493257156107
   endloop
endfacet
facet normal -0.950496434003882 0.144423096572576 -0.275133600496728
   outer loop
      vertex 0.070474009817756 -0.0938230013660904 -0.00455838999438956
      vertex 0.0722247205788525 -0.0204997230347815 0.0278823244656105
      vertex 0.0882810316593575 0.0390289953318057 0.0036608387156105
   endloop
endfacet
facet normal -0.821384409444304 0.144236301579053 -0.55183651675893
   outer loop
      vertex 0.122244866425781 0.184369749775224 -0.00890438895938941
      vertex 0.070474009817756 -0.0938230013660904 -0.00455838999438956
      vertex 0.0882810316593575 0.0390289953318057 0.0036608387156105
   endloop
endfacet
facet normal 0.333318829589906 0.0434524263796448 -0.941812319139295
   outer loop
      vertex 0.524288710515403 -0.206057252298941 0.00303830911561044
      vertex 0.653440322846619 0.0407752093981078 0.0601347523656106
      vertex 0.556138005336658 -0.168929811748392 0.0160231117156105
   endloop
endfacet
facet normal 0.727274548641537 -0.231038156981355 -0.646291807867706
   outer loop
      vertex 0.524288710515403 -0.206057252298941 0.00303830911561044
      vertex 0.652715860536563 0.0413762727008946 0.0591046425156106
      vertex 0.653440322846619 0.0407752093981078 0.0601347523656106
   endloop
endfacet
facet normal 0.582528533779589 0.0376863898276746 -0.811936107926208
   outer loop
      vertex 0.357398481213843 0.319780742530806 0.0583637177156107
      vertex 0.318333284151231 0.369117235028998 0.0326261289156107
      vertex 0.35571814673899 0.330174361099901 0.0576405760656107
   endloop
endfacet
facet normal -0.624428111580325 -0.161412209872469 -0.764222239909514
   outer loop
      vertex 0.099805447519548 -0.224286905800971 -0.000968998419389626
      vertex 0.0672167035697494 -0.132742849063726 0.00632338206061041
      vertex 0.070474009817756 -0.0938230013660904 -0.00455838999438956
   endloop
endfacet
facet normal -0.412333351977791 0.224318846734711 -0.882984859352848
   outer loop
      vertex 0.377753974663211 -0.319847155858337 0.0298407386156103
      vertex 0.375877328759755 -0.306999950417188 0.0339808707656104
      vertex 0.431991987955613 -0.278577289116999 0.0149972984656104
   endloop
endfacet
facet normal 0.340243657700036 0.632435580763451 0.695887555269741
   outer loop
      vertex 0.318333284151231 0.369117235028998 0.0326261289156107
      vertex 0.357398481213843 0.319780742530806 0.0583637177156107
      vertex 0.428692302435228 0.282588953854005 0.0573062767156107
   endloop
endfacet
facet normal -0.873831522681016 -0.482384735997907 0.0610199675942705
   outer loop
      vertex 0.140962727940457 -0.276837877152251 0.00749395492561035
      vertex 0.180743364959991 -0.348539667879968 0.0103409775656103
      vertex 0.145319014086545 -0.282886998036771 0.0220573283656103
   endloop
endfacet
facet normal 0.111225791843965 0.0222586532294811 -0.993545859829879
   outer loop
      vertex 0.277254005678154 -0.426741911954502 0.0193931976656103
      vertex 0.180743364959991 -0.348539667879968 0.0103409775656103
      vertex 0.140962727940457 -0.276837877152251 0.00749395492561035
   endloop
endfacet
facet normal 0.118354381076913 0.0288186983021424 -0.992553133644779
   outer loop
      vertex 0.277254005678154 -0.426741911954502 0.0193931976656103
      vertex 0.140962727940457 -0.276837877152251 0.00749395492561035
      vertex 0.286564936713295 -0.37436313960282 0.0220242684156103
   endloop
endfacet
facet normal 0.214768510493237 0.177554004581183 -0.960390057402565
   outer loop
      vertex 0.286564936713295 -0.37436313960282 0.0220242684156103
      vertex 0.140962727940457 -0.276837877152251 0.00749395492561035
      vertex 0.29948613077558 -0.35997251867932 0.0275742821156103
   endloop
endfacet
facet normal 0.10754425215748 -0.0349224634834535 -0.993586762880895
   outer loop
      vertex 0.29948613077558 -0.35997251867932 0.0275742821156103
      vertex 0.140962727940457 -0.276837877152251 0.00749395492561035
      vertex 0.375877328759755 -0.306999950417188 0.0339808707656104
   endloop
endfacet
facet normal 0.0175539534281407 -0.579060963527583 -0.815095245500518
   outer loop
      vertex 0.140962727940457 -0.276837877152251 0.00749395492561035
      vertex 0.431991987955613 -0.278577289116999 0.0149972984656104
      vertex 0.375877328759755 -0.306999950417188 0.0339808707656104
   endloop
endfacet
facet normal 0.0263409970903677 0.133825628329826 -0.99065475977982
   outer loop
      vertex 0.140962727940457 -0.276837877152251 0.00749395492561035
      vertex 0.448024062405065 -0.261911621449378 0.0176749157156104
      vertex 0.431991987955613 -0.278577289116999 0.0149972984656104
   endloop
endfacet
facet normal 0.000810517030278116 0.552053473917564 -0.83380831430113
   outer loop
      vertex 0.140962727940457 -0.276837877152251 0.00749395492561035
      vertex 0.457512301561365 -0.250919571594563 0.0249618299656104
      vertex 0.448024062405065 -0.261911621449378 0.0176749157156104
   endloop
endfacet
facet normal 0.0709056848674302 -0.208598355911008 -0.975427654808241
   outer loop
      vertex 0.140962727940457 -0.276837877152251 0.00749395492561035
      vertex 0.127988188970716 -0.269842870817721 0.00505490639061035
      vertex 0.457512301561365 -0.250919571594563 0.0249618299656104
   endloop
endfacet
facet normal 0.0683849509366695 -0.153874623884152 -0.985721105896541
   outer loop
      vertex 0.127988188970716 -0.269842870817721 0.00505490639061035
      vertex 0.464154418389525 -0.246745921463358 0.0247711086656104
      vertex 0.457512301561365 -0.250919571594563 0.0249618299656104
   endloop
endfacet
facet normal 0.0887064864938092 -0.855248171381398 -0.510569999708854
   outer loop
      vertex 0.127988188970716 -0.269842870817721 0.00505490639061035
      vertex 0.502289600528476 -0.230633012951443 0.00440622720561043
      vertex 0.464154418389525 -0.246745921463358 0.0247711086656104
   endloop
endfacet
facet normal 0.00451367211851199 -0.0596021848103827 -0.998212004701324
   outer loop
      vertex 0.127988188970716 -0.269842870817721 0.00505490639061035
      vertex 0.524288710515403 -0.206057252298941 0.00303830911561044
      vertex 0.502289600528476 -0.230633012951443 0.00440622720561043
   endloop
endfacet
facet normal -0.0439495987374925 0.242418463495825 -0.969175794852068
   outer loop
      vertex 0.127988188970716 -0.269842870817721 0.00505490639061035
      vertex 0.652715860536563 0.0413762727008946 0.0591046425156106
      vertex 0.524288710515403 -0.206057252298941 0.00303830911561044
   endloop
endfacet
facet normal -0.758961547291715 -0.521142734131273 -0.390368569937113
   outer loop
      vertex 0.099805447519548 -0.224286905800971 -0.000968998419389626
      vertex 0.127988188970716 -0.269842870817721 0.00505490639061035
      vertex 0.106278529789011 -0.245589820360758 0.0148853481656104
   endloop
endfacet
facet normal 0.131414723079216 -0.0496213692572929 -0.990084789435251
   outer loop
      vertex 0.127988188970716 -0.269842870817721 0.00505490639061035
      vertex 0.099805447519548 -0.224286905800971 -0.000968998419389626
      vertex 0.652715860536563 0.0413762727008946 0.0591046425156106
   endloop
endfacet
facet normal 0.0614207310389788 0.235354601767596 -0.969966857797447
   outer loop
      vertex 0.144397024924346 0.373309564004167 0.0120208288156107
      vertex 0.176907116904168 0.449212303217682 0.0324966341656107
      vertex 0.304452428760458 0.398422241598429 0.0282493257156107
   endloop
endfacet
facet normal 0.089945875767535 0.0688011728690037 -0.993567379720299
   outer loop
      vertex 0.115120189314024 0.233533242260452 -0.000308587129389391
      vertex 0.144397024924346 0.373309564004167 0.0120208288156107
      vertex 0.304452428760458 0.398422241598429 0.0282493257156107
   endloop
endfacet
facet normal 0.0289171574821853 -0.0209936789715759 -0.999361327772087
   outer loop
      vertex 0.099805447519548 -0.224286905800971 -0.000968998419389626
      vertex 0.070474009817756 -0.0938230013660904 -0.00455838999438956
      vertex 0.122244866425781 0.184369749775224 -0.00890438895938941
   endloop
endfacet
facet normal -0.166703580927772 0.0679511976915146 0.983662823755247
   outer loop
      vertex 0.428692302435228 0.282588953854005 0.0573062767156107
      vertex 0.304452428760458 0.398422241598429 0.0282493257156107
      vertex 0.318333284151231 0.369117235028998 0.0326261289156107
   endloop
endfacet
facet normal -0.00125416154780067 0.172052010614307 -0.985087068599719
   outer loop
      vertex 0.122244866425781 0.184369749775224 -0.00890438895938941
      vertex 0.115120189314024 0.233533242260452 -0.000308587129389391
      vertex 0.304452428760458 0.398422241598429 0.0282493257156107
   endloop
endfacet
facet normal 0.235416789099337 -0.0317891600391871 -0.971374482223082
   outer loop
      vertex 0.099805447519548 -0.224286905800971 -0.000968998419389626
      vertex 0.122244866425781 0.184369749775224 -0.00890438895938941
      vertex 0.304452428760458 0.398422241598429 0.0282493257156107
   endloop
endfacet
facet normal 0.646188938486072 0.635484707963125 -0.422609798423161
   outer loop
      vertex 0.464589262789715 0.242129422329478 0.0603981578156106
      vertex 0.525137887623928 0.189728150016226 0.0741830828156106
      vertex 0.520529528036124 0.181740476250837 0.0551255135156106
   endloop
endfacet
facet normal 0.101711726758819 0.0132473087120586 -0.994725707645895
   outer loop
      vertex 0.099805447519548 -0.224286905800971 -0.000968998419389626
      vertex 0.304452428760458 0.398422241598429 0.0282493257156107
      vertex 0.652715860536563 0.0413762727008946 0.0591046425156106
   endloop
endfacet
facet normal 0.649358509328322 0.740224230366994 0.174360589413123
   outer loop
      vertex 0.304452428760458 0.398422241598429 0.0282493257156107
      vertex 0.428692302435228 0.282588953854005 0.0573062767156107
      vertex 0.448780774233042 0.264843799744225 0.0578268814156107
   endloop
endfacet
facet normal 0.641439455035316 0.582519171675639 -0.499226241452034
   outer loop
      vertex 0.304452428760458 0.398422241598429 0.0282493257156107
      vertex 0.448780774233042 0.264843799744225 0.0578268814156107
      vertex 0.652715860536563 0.0413762727008946 0.0591046425156106
   endloop
endfacet
facet normal -0.536215698842141 -0.485398647720525 0.690551140109347
   outer loop
      vertex 0.652715860536563 0.0413762727008946 0.0591046425156106
      vertex 0.448780774233042 0.264843799744225 0.0578268814156107
      vertex 0.520529528036124 0.181740476250837 0.0551255135156106
   endloop
endfacet
facet normal 0.577134503526066 0.476725980072319 0.663059654000911
   outer loop
      vertex 0.520529528036124 0.181740476250837 0.0551255135156106
      vertex 0.448780774233042 0.264843799744225 0.0578268814156107
      vertex 0.464589262789715 0.242129422329478 0.0603981578156106
   endloop
endfacet
endsolid no_name
