solid no_name
facet normal 0.40416080429637 -0.176240179126855 0.897548574469285
   outer loop
      vertex 0.159420125014943 -1.009646218943 0.361813946545015
      vertex 0.146894716723499 -0.926089080081526 0.383861114545015
      vertex 0.121387480443586 -0.990577762597731 0.382684050865015
   endloop
endfacet
facet normal 0.565457641862118 -0.130134254394232 0.814446272686535
   outer loop
      vertex 0.180169219739067 -0.991709707845728 0.350274106545015
      vertex 0.146894716723499 -0.926089080081526 0.383861114545015
      vertex 0.159420125014943 -1.009646218943 0.361813946545015
   endloop
endfacet
facet normal -0.635567564189735 0.061215847891691 0.769614508255158
   outer loop
      vertex 0.121387480443586 -0.990577762597731 0.382684050865015
      vertex 0.127656640622425 -0.8894172152945 0.379814882225015
      vertex 0.102088486615832 -0.934032952425705 0.362248816305015
   endloop
endfacet
facet normal -0.122050106062988 0.0453692590653325 0.99148646079605
   outer loop
      vertex 0.146894716723499 -0.926089080081526 0.383861114545015
      vertex 0.145768783965828 -0.849506151869188 0.380218169265015
      vertex 0.127656640622425 -0.8894172152945 0.379814882225015
   endloop
endfacet
facet normal -0.666072048244205 -0.442254691400815 0.600632012534912
   outer loop
      vertex 0.0816687585315156 -0.997304798027004 0.333684675505015
      vertex 0.121387480443586 -0.990577762597731 0.382684050865015
      vertex 0.0688698946689854 -0.974915617473329 0.335976852145015
   endloop
endfacet
facet normal -0.680108517225658 -0.410199424072468 0.607609115540355
   outer loop
      vertex 0.114441046705035 -1.00172469013298 0.367383437745015
      vertex 0.121387480443586 -0.990577762597731 0.382684050865015
      vertex 0.0816687585315156 -0.997304798027004 0.333684675505015
   endloop
endfacet
facet normal -0.655657915391717 0.048533934130134 0.753496619250571
   outer loop
      vertex 0.121387480443586 -0.990577762597731 0.382684050865015
      vertex 0.102088486615832 -0.934032952425705 0.362248816305015
      vertex 0.0688698946689854 -0.974915617473329 0.335976852145015
   endloop
endfacet
facet normal -0.686678225541087 0.0947783667643236 0.720756599526658
   outer loop
      vertex 0.102088486615832 -0.934032952425705 0.362248816305015
      vertex 0.0665525737382484 -0.868790329647919 0.319813787825015
      vertex 0.0688698946689854 -0.974915617473329 0.335976852145015
   endloop
endfacet
facet normal -0.702334789375904 0.0921669357130035 0.705854871481086
   outer loop
      vertex 0.0688698946689854 -0.974915617473329 0.335976852145015
      vertex 0.0665525737382484 -0.868790329647919 0.319813787825015
      vertex 0.00840676327506466 -0.939100878404976 0.271138742705015
   endloop
endfacet
facet normal -0.679008618944565 0.102937101198573 0.726877739785605
   outer loop
      vertex 0.127656640622425 -0.8894172152945 0.379814882225015
      vertex 0.0665525737382484 -0.868790329647919 0.319813787825015
      vertex 0.102088486615832 -0.934032952425705 0.362248816305015
   endloop
endfacet
facet normal -0.682947017622053 0.0866952118543879 0.72530497817309
   outer loop
      vertex 0.127656640622425 -0.8894172152945 0.379814882225015
      vertex 0.113692198487865 -0.814871494915496 0.357755567025015
      vertex 0.0665525737382484 -0.868790329647919 0.319813787825015
   endloop
endfacet
facet normal -0.734592749236421 0.182341708873912 0.653548004338027
   outer loop
      vertex 0.0665525737382484 -0.868790329647919 0.319813787825015
      vertex 0.113692198487865 -0.814871494915496 0.357755567025015
      vertex 0.0713907473266276 -0.8055564272941 0.307609495985015
   endloop
endfacet
facet normal 0.565289024402862 -0.129832963115936 0.814611392369513
   outer loop
      vertex 0.205814817773445 -1.02153543378613 0.327724044465015
      vertex 0.180169219739067 -0.991709707845728 0.350274106545015
      vertex 0.159420125014943 -1.009646218943 0.361813946545015
   endloop
endfacet
facet normal 0.576927369036934 -0.102568477077639 0.810329882434367
   outer loop
      vertex 0.267393644328112 -0.927156453886961 0.296344182705015
      vertex 0.202072743046653 -0.901250834500109 0.346129481905015
      vertex 0.180169219739067 -0.991709707845728 0.350274106545015
   endloop
endfacet
facet normal 0.479966836175345 -0.104771798736199 0.871007868139784
   outer loop
      vertex 0.300792188753574 -0.881758266624558 0.294075085745015
      vertex 0.287243700670707 -0.831762547048566 0.307554833585015
      vertex 0.202072743046653 -0.901250834500109 0.346129481905015
   endloop
endfacet
facet normal 0.406736749637267 0.0493724960480372 0.912210268045969
   outer loop
      vertex 0.176155241240012 -0.843105039299476 0.366322987185015
      vertex 0.145768783965828 -0.849506151869188 0.380218169265015
      vertex 0.146894716723499 -0.926089080081526 0.383861114545015
   endloop
endfacet
facet normal -0.423464632355273 0.183208811540036 0.887193460592615
   outer loop
      vertex 0.145768783965828 -0.849506151869188 0.380218169265015
      vertex 0.113692198487865 -0.814871494915496 0.357755567025015
      vertex 0.127656640622425 -0.8894172152945 0.379814882225015
   endloop
endfacet
facet normal 0.425708760667397 -0.0611314917836168 0.902792884222809
   outer loop
      vertex 0.176155241240012 -0.843105039299476 0.366322987185015
      vertex 0.172864332277618 -0.788005433925767 0.371605804465015
      vertex 0.145768783965828 -0.849506151869188 0.380218169265015
   endloop
endfacet
facet normal -0.335376007056634 0.273981710344591 0.901363942193941
   outer loop
      vertex 0.172864332277618 -0.788005433925767 0.371605804465015
      vertex 0.113692198487865 -0.814871494915496 0.357755567025015
      vertex 0.145768783965828 -0.849506151869188 0.380218169265015
   endloop
endfacet
facet normal -0.339566202085666 0.285942557512675 0.896064533504271
   outer loop
      vertex 0.172864332277618 -0.788005433925767 0.371605804465015
      vertex 0.14978177685484 -0.771187901191981 0.357491972785015
      vertex 0.113692198487865 -0.814871494915496 0.357755567025015
   endloop
endfacet
facet normal -0.555228170188971 0.462876102000978 0.690990154217111
   outer loop
      vertex 0.14978177685484 -0.771187901191981 0.357491972785015
      vertex 0.0913324830232936 -0.742722982548794 0.291458578865015
      vertex 0.113692198487865 -0.814871494915496 0.357755567025015
   endloop
endfacet
facet normal -0.672218311983927 0.377110118498757 0.6371110574769
   outer loop
      vertex 0.113692198487865 -0.814871494915496 0.357755567025015
      vertex 0.0913324830232936 -0.742722982548794 0.291458578865015
      vertex 0.0713907473266276 -0.8055564272941 0.307609495985015
   endloop
endfacet
facet normal 0.491796363117983 -0.0539479109763306 0.869037375562878
   outer loop
      vertex 0.262441594037419 -0.777812049178632 0.321545978545015
      vertex 0.172864332277618 -0.788005433925767 0.371605804465015
      vertex 0.176155241240012 -0.843105039299476 0.366322987185015
   endloop
endfacet
facet normal -0.338461832517268 0.28741392932414 0.896011618875286
   outer loop
      vertex 0.187824914510301 -0.717837095880346 0.354749135025015
      vertex 0.14978177685484 -0.771187901191981 0.357491972785015
      vertex 0.172864332277618 -0.788005433925767 0.371605804465015
   endloop
endfacet
facet normal -0.106707201361906 0.25370462566285 0.961377936138948
   outer loop
      vertex 0.198094603520589 -0.743695039277703 0.362712839345015
      vertex 0.187824914510301 -0.717837095880346 0.354749135025015
      vertex 0.172864332277618 -0.788005433925767 0.371605804465015
   endloop
endfacet
facet normal 0.468660142915851 -0.013609729236079 0.883273709397158
   outer loop
      vertex 0.287243700670707 -0.831762547048566 0.307554833585015
      vertex 0.262441594037419 -0.777812049178632 0.321545978545015
      vertex 0.176155241240012 -0.843105039299476 0.366322987185015
   endloop
endfacet
facet normal 0.49433148612412 -0.108372069402141 0.862491667437904
   outer loop
      vertex 0.262441594037419 -0.777812049178632 0.321545978545015
      vertex 0.198094603520589 -0.743695039277703 0.362712839345015
      vertex 0.172864332277618 -0.788005433925767 0.371605804465015
   endloop
endfacet
facet normal 0.481054076756209 -0.137462784029171 0.865846960058867
   outer loop
      vertex 0.304091508080564 -0.726052807549191 0.306623143345015
      vertex 0.198094603520589 -0.743695039277703 0.362712839345015
      vertex 0.262441594037419 -0.777812049178632 0.321545978545015
   endloop
endfacet
facet normal 0.481681772494877 -0.14772358133771 0.863805773054889
   outer loop
      vertex 0.304091508080564 -0.726052807549191 0.306623143345015
      vertex 0.244462713618755 -0.695823093166663 0.345043522225015
      vertex 0.198094603520589 -0.743695039277703 0.362712839345015
   endloop
endfacet
facet normal -0.234211868727247 -0.964129965312135 0.124892796167398
   outer loop
      vertex 0.0953170012462489 -1.00926297832156 0.266966179505015
      vertex 0.0816687585315156 -0.997304798027004 0.333684675505015
      vertex 0.0357712041184639 -0.99405553952443 0.272696013745015
   endloop
endfacet
facet normal -0.126993401927092 -0.958388574374398 -0.255663873817935
   outer loop
      vertex 0.0425898042638644 -0.973314415167945 0.141062880945015
      vertex 0.10159259052003 -0.98922570780766 0.171400512945015
      vertex 0.0983416361939081 -1.00490542604172 0.231792747185015
   endloop
endfacet
facet normal -0.177159332684308 -0.970358331099133 -0.16437542428647
   outer loop
      vertex 0.0474807136537869 -0.969680425350151 0.114339040945015
      vertex 0.10159259052003 -0.98922570780766 0.171400512945015
      vertex 0.0425898042638644 -0.973314415167945 0.141062880945015
   endloop
endfacet
facet normal -0.148204653713842 -0.970184600115135 -0.191773883302696
   outer loop
      vertex 0.101793660532098 -0.96781988019675 0.0629529837290149
      vertex 0.10159259052003 -0.98922570780766 0.171400512945015
      vertex 0.0474807136537869 -0.969680425350151 0.114339040945015
   endloop
endfacet
facet normal -0.782735437151762 -0.0197841768325595 -0.622040048368188
   outer loop
      vertex 0.054454019979499 -0.950144541964701 0.0835771072490149
      vertex 0.00749545894090328 -0.874471395128004 0.140259951025015
      vertex 0.0482836671155575 -0.887535520155354 0.0893501855210149
   endloop
endfacet
facet normal -0.642290799702007 -0.181071488787355 0.744765496358744
   outer loop
      vertex -0.0243345071855645 -0.932363641111987 0.247550095025015
      vertex -0.0515322889690886 -0.882868469254051 0.236128082865015
      vertex -0.04962261220879 -0.916767146266093 0.229533367985015
   endloop
endfacet
facet normal -0.577232083958739 0.0487392499915302 0.815124289147928
   outer loop
      vertex 0.00840676327506466 -0.939100878404976 0.271138742705015
      vertex 0.0153508109291949 -0.856413714562979 0.271112018865015
      vertex -0.0243345071855645 -0.932363641111987 0.247550095025015
   endloop
endfacet
facet normal -0.450145490339537 -0.0415119382613863 0.891989796190943
   outer loop
      vertex 0.0153508109291949 -0.856413714562979 0.271112018865015
      vertex -0.0515322889690886 -0.882868469254051 0.236128082865015
      vertex -0.0243345071855645 -0.932363641111987 0.247550095025015
   endloop
endfacet
facet normal -0.49382130736863 0.107365221119909 0.862909743647973
   outer loop
      vertex 0.0153508109291949 -0.856413714562979 0.271112018865015
      vertex 0.0178715745580053 -0.81553094157212 0.267467858865015
      vertex -0.0515322889690886 -0.882868469254051 0.236128082865015
   endloop
endfacet
facet normal -0.983456547090392 0.172367488670562 -0.0557016053130208
   outer loop
      vertex -0.0515322889690886 -0.882868469254051 0.236128082865015
      vertex -0.0356575816710946 -0.801027374937271 0.209102992305015
      vertex -0.0490614410995245 -0.877364425460127 0.209535432625015
   endloop
endfacet
facet normal -0.645646283913624 0.349447961957375 0.678989689135531
   outer loop
      vertex -0.0515322889690886 -0.882868469254051 0.236128082865015
      vertex 0.0178715745580053 -0.81553094157212 0.267467858865015
      vertex -0.0356575816710946 -0.801027374937271 0.209102992305015
   endloop
endfacet
facet normal -0.680739978508086 0.0574043940289152 0.730272426705941
   outer loop
      vertex 0.0665525737382484 -0.868790329647919 0.319813787825015
      vertex 0.0153508109291949 -0.856413714562979 0.271112018865015
      vertex 0.00840676327506466 -0.939100878404976 0.271138742705015
   endloop
endfacet
facet normal -0.671587042051536 0.10676344961671 0.733193297005919
   outer loop
      vertex 0.0665525737382484 -0.868790329647919 0.319813787825015
      vertex 0.0178715745580053 -0.81553094157212 0.267467858865015
      vertex 0.0153508109291949 -0.856413714562979 0.271112018865015
   endloop
endfacet
facet normal -0.611503426615057 0.194798719463031 0.766887878463082
   outer loop
      vertex 0.0665525737382484 -0.868790329647919 0.319813787825015
      vertex 0.0713907473266276 -0.8055564272941 0.307609495985015
      vertex 0.0178715745580053 -0.81553094157212 0.267467858865015
   endloop
endfacet
facet normal -0.600278038184789 0.372443069899438 0.707779935118892
   outer loop
      vertex 0.0913324830232936 -0.742722982548794 0.291458578865015
      vertex 0.0178715745580053 -0.81553094157212 0.267467858865015
      vertex 0.0713907473266276 -0.8055564272941 0.307609495985015
   endloop
endfacet
facet normal -0.768145171727988 -0.105501027362396 -0.631523972923007
   outer loop
      vertex 0.00904652079690508 -0.953503566895607 0.151576282545015
      vertex -0.0490614410995245 -0.877364425460127 0.209535432625015
      vertex 0.00749545894090328 -0.874471395128004 0.140259951025015
   endloop
endfacet
facet normal -0.768613765065392 -0.100856776861363 -0.631712585526946
   outer loop
      vertex -0.0490614410995245 -0.877364425460127 0.209535432625015
      vertex -0.0237006571652351 -0.806145845629776 0.167308121265015
      vertex 0.00749545894090328 -0.874471395128004 0.140259951025015
   endloop
endfacet
facet normal -0.699561508076136 -0.0369044956382495 -0.713618774010276
   outer loop
      vertex 0.0386365155256138 -0.825685053543795 0.107209363377015
      vertex 0.00749545894090328 -0.874471395128004 0.140259951025015
      vertex -0.0237006571652351 -0.806145845629776 0.167308121265015
   endloop
endfacet
facet normal -0.864487024393263 0.00986230975689018 -0.502558374223274
   outer loop
      vertex -0.0490614410995245 -0.877364425460127 0.209535432625015
      vertex -0.0337697853867185 -0.786954261407045 0.185005376945015
      vertex -0.0237006571652351 -0.806145845629776 0.167308121265015
   endloop
endfacet
facet normal -0.919013503407334 0.367517310347033 0.142636626257991
   outer loop
      vertex -0.0356575816710946 -0.801027374937271 0.209102992305015
      vertex -0.0214492218804604 -0.760090035627206 0.195168939185015
      vertex -0.0337697853867185 -0.786954261407045 0.185005376945015
   endloop
endfacet
facet normal 0.368235048267009 -0.225824834064006 0.901890289086072
   outer loop
      vertex 0.310738300565334 -0.957365332581356 0.271082865585015
      vertex 0.300792188753574 -0.881758266624558 0.294075085745015
      vertex 0.267393644328112 -0.927156453886961 0.296344182705015
   endloop
endfacet
facet normal 0.430426013185401 -0.119439412116467 0.894688590519961
   outer loop
      vertex 0.38158470753692 -0.861704601137845 0.257883718065015
      vertex 0.300792188753574 -0.881758266624558 0.294075085745015
      vertex 0.340799295609992 -0.909302917952836 0.271150889905015
   endloop
endfacet
facet normal 0.431146849786274 -0.124120891374714 0.893703753065701
   outer loop
      vertex 0.38158470753692 -0.861704601137845 0.257883718065015
      vertex 0.287243700670707 -0.831762547048566 0.307554833585015
      vertex 0.300792188753574 -0.881758266624558 0.294075085745015
   endloop
endfacet
facet normal 0.42153272122803 -0.154240093047004 0.893599551606279
   outer loop
      vertex 0.38158470753692 -0.861704601137845 0.257883718065015
      vertex 0.347917534187855 -0.798995133362476 0.284589337265015
      vertex 0.287243700670707 -0.831762547048566 0.307554833585015
   endloop
endfacet
facet normal 0.502353405541401 -0.860907817303583 0.0804909066077468
   outer loop
      vertex 0.332606873860169 -1.02220929044307 0.160013727665015
      vertex 0.364128081053213 -1.00378004916313 0.160400008625015
      vertex 0.315512490310042 -1.02544621193665 0.232080635825015
   endloop
endfacet
facet normal 0.497306082683564 -0.846614754524199 -0.18955241372206
   outer loop
      vertex 0.350290666346365 -1.00186304023688 0.115534325425015
      vertex 0.364128081053213 -1.00378004916313 0.160400008625015
      vertex 0.332606873860169 -1.02220929044307 0.160013727665015
   endloop
endfacet
facet normal 0.32842717924605 -0.901510655704453 -0.281805119867987
   outer loop
      vertex 0.350290666346365 -1.00186304023688 0.115534325425015
      vertex 0.332606873860169 -1.02220929044307 0.160013727665015
      vertex 0.323321365385699 -1.01659745645037 0.131239440305015
   endloop
endfacet
facet normal 0.784977427070723 -0.55201997089294 0.281219470742667
   outer loop
      vertex 0.364128081053213 -1.00378004916313 0.160400008625015
      vertex 0.401207473327186 -0.953310283615048 0.155968710065015
      vertex 0.350882026976159 -0.991301115698816 0.221869699505015
   endloop
endfacet
facet normal 0.294016771515735 -0.907878143543375 -0.298850153996446
   outer loop
      vertex 0.401207473327186 -0.953310283615048 0.155968710065015
      vertex 0.408403579102849 -0.968643798470213 0.209630180785015
      vertex 0.350882026976159 -0.991301115698816 0.221869699505015
   endloop
endfacet
facet normal 0.766738098902214 -0.586273472159588 -0.261526487250831
   outer loop
      vertex 0.364128081053213 -1.00378004916313 0.160400008625015
      vertex 0.350290666346365 -1.00186304023688 0.115534325425015
      vertex 0.401207473327186 -0.953310283615048 0.155968710065015
   endloop
endfacet
facet normal 0.249115061306436 -0.882103234344664 -0.399794409902106
   outer loop
      vertex 0.317179413705005 -0.972134274218261 0.0293091268330149
      vertex 0.350290666346365 -1.00186304023688 0.115534325425015
      vertex 0.323321365385699 -1.01659745645037 0.131239440305015
   endloop
endfacet
facet normal -0.176049851020834 -0.906118095466481 -0.384651071782907
   outer loop
      vertex 0.317179413705005 -0.972134274218261 0.0293091268330149
      vertex 0.323321365385699 -1.01659745645037 0.131239440305015
      vertex 0.27533606638112 -0.998925276551787 0.111571544369015
   endloop
endfacet
facet normal 0.77864380789284 -0.483505227951272 -0.399920635844072
   outer loop
      vertex 0.350290666346365 -1.00186304023688 0.115534325425015
      vertex 0.379564171343499 -0.895259110709722 0.0436452522730148
      vertex 0.401207473327186 -0.953310283615048 0.155968710065015
   endloop
endfacet
facet normal 0.791098495851558 -0.467747710390329 -0.39417667268118
   outer loop
      vertex 0.401207473327186 -0.953310283615048 0.155968710065015
      vertex 0.379564171343499 -0.895259110709722 0.0436452522730148
      vertex 0.428293697118429 -0.880750298175981 0.124226861745015
   endloop
endfacet
facet normal -0.535052060227828 0.522318517158261 0.664005014649402
   outer loop
      vertex 0.2063167330233 -0.619446898017432 0.292254220465015
      vertex 0.185357482025755 -0.639287949034789 0.290972690865015
      vertex 0.187824914510301 -0.717837095880346 0.354749135025015
   endloop
endfacet
facet normal 0.567439454895142 0.0774038958068076 0.819768932042581
   outer loop
      vertex 0.304091508080564 -0.726052807549191 0.306623143345015
      vertex 0.251275995376349 -0.648242064839817 0.335834729905015
      vertex 0.244462713618755 -0.695823093166663 0.345043522225015
   endloop
endfacet
facet normal 0.520532585953111 0.0330130734767996 0.853203354388965
   outer loop
      vertex 0.316720564971864 -0.687938719804065 0.297443504305015
      vertex 0.251275995376349 -0.648242064839817 0.335834729905015
      vertex 0.304091508080564 -0.726052807549191 0.306623143345015
   endloop
endfacet
facet normal 0.538476110850071 0.0761443292075625 0.839193374123815
   outer loop
      vertex 0.316720564971864 -0.687938719804065 0.297443504305015
      vertex 0.2873291005925 -0.613147409409724 0.309516606385015
      vertex 0.251275995376349 -0.648242064839817 0.335834729905015
   endloop
endfacet
facet normal -0.335318134240592 0.589125383606903 0.735182311565932
   outer loop
      vertex 0.262211299743709 -0.607844018680432 0.308450082225015
      vertex 0.2063167330233 -0.619446898017432 0.292254220465015
      vertex 0.251275995376349 -0.648242064839817 0.335834729905015
   endloop
endfacet
facet normal 0.0795100601603845 0.544491993672739 0.834988993436188
   outer loop
      vertex 0.2873291005925 -0.613147409409724 0.309516606385015
      vertex 0.262211299743709 -0.607844018680432 0.308450082225015
      vertex 0.251275995376349 -0.648242064839817 0.335834729905015
   endloop
endfacet
facet normal -0.334397409507735 0.619280566039828 0.710401261992056
   outer loop
      vertex 0.298515180961371 -0.559967579341666 0.283803413425015
      vertex 0.2063167330233 -0.619446898017432 0.292254220465015
      vertex 0.262211299743709 -0.607844018680432 0.308450082225015
   endloop
endfacet
facet normal -0.595192757691524 0.593763055893663 0.541471157724377
   outer loop
      vertex 0.185357482025755 -0.639287949034789 0.290972690865015
      vertex 0.2063167330233 -0.619446898017432 0.292254220465015
      vertex 0.141052608998451 -0.629115550917584 0.231117362865015
   endloop
endfacet
facet normal -0.502885605355813 0.757051034429115 0.417108857728681
   outer loop
      vertex 0.189249496778131 -0.580815874052486 0.201562010545015
      vertex 0.141052608998451 -0.629115550917584 0.231117362865015
      vertex 0.2063167330233 -0.619446898017432 0.292254220465015
   endloop
endfacet
facet normal -0.700869465108778 0.0948145984973766 -0.706959818370122
   outer loop
      vertex 0.0482836671155575 -0.887535520155354 0.0893501855210149
      vertex 0.0386365155256138 -0.825685053543795 0.107209363377015
      vertex 0.0905710670465025 -0.818059608201817 0.0567449142250149
   endloop
endfacet
facet normal -0.684024497711871 -0.11178680776985 -0.720842698609516
   outer loop
      vertex 0.0905710670465025 -0.818059608201817 0.0567449142250149
      vertex 0.0386365155256138 -0.825685053543795 0.107209363377015
      vertex 0.0485274448566059 -0.75396694213951 0.0867017315050149
   endloop
endfacet
facet normal -0.711531007125068 -0.145444374855393 -0.6874369496343
   outer loop
      vertex 0.0905710670465025 -0.818059608201817 0.0567449142250149
      vertex 0.0485274448566059 -0.75396694213951 0.0867017315050149
      vertex 0.0905610911293154 -0.766137360202939 0.0457697975530149
   endloop
endfacet
facet normal -0.885730015878286 -0.0961625974566813 -0.45413114165694
   outer loop
      vertex 0.0905710670465025 -0.818059608201817 0.0567449142250149
      vertex 0.0905610911293154 -0.766137360202939 0.0457697975530149
      vertex 0.109928594958539 -0.7589559496629 0.00647506321701494
   endloop
endfacet
facet normal -0.906105464390589 -0.059480925899465 -0.418849503826444
   outer loop
      vertex 0.107231605040283 -0.906501051524568 0.0332624330730149
      vertex 0.0905710670465025 -0.818059608201817 0.0567449142250149
      vertex 0.109928594958539 -0.7589559496629 0.00647506321701494
   endloop
endfacet
facet normal -0.730413745532823 -0.166042691019125 -0.662514592364455
   outer loop
      vertex 0.0485274448566059 -0.75396694213951 0.0867017315050149
      vertex 0.000368370168803553 -0.696792285359422 0.125467090865015
      vertex 0.0266403629483572 -0.632683244480792 0.0804352339690149
   endloop
endfacet
facet normal -0.70901191168869 -0.295893261026555 -0.640116619970627
   outer loop
      vertex 0.0905610911293154 -0.766137360202939 0.0457697975530149
      vertex 0.0485274448566059 -0.75396694213951 0.0867017315050149
      vertex 0.0991952912290117 -0.726117082369995 0.0177069716970149
   endloop
endfacet
facet normal -0.760416373790795 -0.169616616512496 -0.62689484116055
   outer loop
      vertex 0.0485274448566059 -0.75396694213951 0.0867017315050149
      vertex 0.0266403629483572 -0.632683244480792 0.0804352339690149
      vertex 0.0991952912290117 -0.726117082369995 0.0177069716970149
   endloop
endfacet
facet normal -0.793361386773368 -0.0970164568898372 -0.60097047936615
   outer loop
      vertex 0.000368370168803553 -0.696792285359422 0.125467090865015
      vertex -0.007265401618031 -0.674630564302412 0.131967057585015
      vertex 0.0266403629483572 -0.632683244480792 0.0804352339690149
   endloop
endfacet
facet normal -0.0392157106827479 -0.977907265901173 -0.205327804579261
   outer loop
      vertex 0.220296308558006 -0.967946385950128 0.0409225788650149
      vertex 0.195406747516201 -0.984031559248246 0.122284524465015
      vertex 0.101793660532098 -0.96781988019675 0.0629529837290149
   endloop
endfacet
facet normal 0.00608572968731796 -0.951658787237009 -0.307096917224447
   outer loop
      vertex 0.281651201524023 -0.969003537285959 0.0189725884650149
      vertex 0.27533606638112 -0.998925276551787 0.111571544369015
      vertex 0.250439024344217 -0.985289763364704 0.0688232396010149
   endloop
endfacet
facet normal 0.00549811549917451 -0.951650314344956 -0.307134253923435
   outer loop
      vertex 0.281651201524023 -0.969003537285959 0.0189725884650149
      vertex 0.317179413705005 -0.972134274218261 0.0293091268330149
      vertex 0.27533606638112 -0.998925276551787 0.111571544369015
   endloop
endfacet
facet normal -0.172606218832739 -0.899282963113302 -0.401867198803813
   outer loop
      vertex 0.281651201524023 -0.969003537285959 0.0189725884650149
      vertex 0.250439024344217 -0.985289763364704 0.0688232396010149
      vertex 0.262334662310836 -0.965626983615066 0.0197133247210149
   endloop
endfacet
facet normal -0.151292205296161 -0.904478564380204 -0.398784647639988
   outer loop
      vertex 0.262334662310836 -0.965626983615066 0.0197133247210149
      vertex 0.250439024344217 -0.985289763364704 0.0688232396010149
      vertex 0.220296308558006 -0.967946385950128 0.0409225788650149
   endloop
endfacet
facet normal -0.189593024416154 -0.86203248052882 -0.470057961964336
   outer loop
      vertex 0.251952293527893 -0.958995883205927 0.0117402670570149
      vertex 0.262334662310836 -0.965626983615066 0.0197133247210149
      vertex 0.220296308558006 -0.967946385950128 0.0409225788650149
   endloop
endfacet
facet normal 0.272518552000581 -0.534913937400273 -0.799750410059565
   outer loop
      vertex 0.305072665796969 -0.932853463780017 0.0123558871530149
      vertex 0.262334662310836 -0.965626983615066 0.0197133247210149
      vertex 0.251952293527893 -0.958995883205927 0.0117402670570149
   endloop
endfacet
facet normal -0.0624354195957053 -0.140408740033412 -0.988123071333798
   outer loop
      vertex 0.305072665796969 -0.932853463780017 0.0123558871530149
      vertex 0.281651201524023 -0.969003537285959 0.0189725884650149
      vertex 0.262334662310836 -0.965626983615066 0.0197133247210149
   endloop
endfacet
facet normal 0.0792496475036567 -0.137782853090617 -0.987286877642337
   outer loop
      vertex 0.317985765646312 -0.890713273274746 0.00751146232101486
      vertex 0.305072665796969 -0.932853463780017 0.0123558871530149
      vertex 0.251952293527893 -0.958995883205927 0.0117402670570149
   endloop
endfacet
facet normal 0.730823421864226 -0.508065734678721 -0.455813926180448
   outer loop
      vertex 0.350290666346365 -1.00186304023688 0.115534325425015
      vertex 0.317179413705005 -0.972134274218261 0.0293091268330149
      vertex 0.379564171343499 -0.895259110709722 0.0436452522730148
   endloop
endfacet
facet normal 0.744705968016503 -0.528277394985052 -0.407843125660358
   outer loop
      vertex 0.317179413705005 -0.972134274218261 0.0293091268330149
      vertex 0.329121522752251 -0.943823290081343 0.0144438693610149
      vertex 0.379564171343499 -0.895259110709722 0.0436452522730148
   endloop
endfacet
facet normal 0.732985563219356 -0.460022787106543 -0.501109967427043
   outer loop
      vertex 0.329121522752251 -0.943823290081343 0.0144438693610149
      vertex 0.357346333076096 -0.895401694086256 0.0112775802090148
      vertex 0.379564171343499 -0.895259110709722 0.0436452522730148
   endloop
endfacet
facet normal -0.881578451303755 -0.120198231892534 -0.456477621846659
   outer loop
      vertex 0.0905610911293154 -0.766137360202939 0.0457697975530149
      vertex 0.104147655758264 -0.746706561359271 0.0144141087210149
      vertex 0.109928594958539 -0.7589559496629 0.00647506321701494
   endloop
endfacet
facet normal -0.875373466488514 -0.136375169665208 -0.463813655756994
   outer loop
      vertex 0.0905610911293154 -0.766137360202939 0.0457697975530149
      vertex 0.0991952912290117 -0.726117082369995 0.0177069716970149
      vertex 0.104147655758264 -0.746706561359271 0.0144141087210149
   endloop
endfacet
facet normal -0.0314609244527411 0.0250126342223847 -0.999191962718794
   outer loop
      vertex 0.196473671566422 -0.751346882323367 0.00394054993701491
      vertex 0.110417361262681 -0.833812135217162 0.00458580920101494
      vertex 0.109928594958539 -0.7589559496629 0.00647506321701494
   endloop
endfacet
facet normal -0.564016582226155 0.244927712798031 -0.788603645995536
   outer loop
      vertex 0.132736046808855 -0.696974314843606 0.00941347089701493
      vertex 0.109928594958539 -0.7589559496629 0.00647506321701494
      vertex 0.104147655758264 -0.746706561359271 0.0144141087210149
   endloop
endfacet
facet normal -0.162164581521543 0.106180479269597 -0.981034328819344
   outer loop
      vertex 0.170861429824333 -0.675348179846475 0.00545202603301492
      vertex 0.109928594958539 -0.7589559496629 0.00647506321701494
      vertex 0.132736046808855 -0.696974314843606 0.00941347089701493
   endloop
endfacet
facet normal -0.303361302958823 0.0789023193929881 -0.949603256029344
   outer loop
      vertex 0.132736046808855 -0.696974314843606 0.00941347089701493
      vertex 0.104147655758264 -0.746706561359271 0.0144141087210149
      vertex 0.0991952912290117 -0.726117082369995 0.0177069716970149
   endloop
endfacet
facet normal 0.645713022378591 -0.613961926766014 0.453988375635841
   outer loop
      vertex 0.104363413638671 -0.728677764364228 0.00689329131301494
      vertex 0.132736046808855 -0.696974314843606 0.00941347089701493
      vertex 0.0991952912290117 -0.726117082369995 0.0177069716970149
   endloop
endfacet
facet normal 0.409779784900729 -0.298200080072705 -0.862065682028547
   outer loop
      vertex 0.174153914306231 -0.625840230027523 0.00449506961701492
      vertex 0.132736046808855 -0.696974314843606 0.00941347089701493
      vertex 0.104363413638671 -0.728677764364228 0.00689329131301494
   endloop
endfacet
facet normal 0.342486675503146 -0.253525290536516 -0.904669997380911
   outer loop
      vertex 0.174153914306231 -0.625840230027523 0.00449506961701492
      vertex 0.104363413638671 -0.728677764364228 0.00689329131301494
      vertex 0.120594853378508 -0.686243340254088 0.00114628093221494
   endloop
endfacet
facet normal -0.696028785485032 -0.524193604906682 -0.490678096465665
   outer loop
      vertex 0.0474807136537869 -0.969680425350151 0.114339040945015
      vertex 0.00904652079690508 -0.953503566895607 0.151576282545015
      vertex 0.054454019979499 -0.950144541964701 0.0835771072490149
   endloop
endfacet
facet normal -0.459086094020684 0.764622133857065 0.452319522785276
   outer loop
      vertex 0.0265906563352169 -0.626136652552822 0.113155903665015
      vertex 0.000124739221163859 -0.654123592724277 0.133604500145015
      vertex 0.0855472594191274 -0.644752014689697 0.204462761905015
   endloop
endfacet
facet normal -0.464605221580962 0.779796853465038 0.419593678939198
   outer loop
      vertex 0.189249496778131 -0.580815874052486 0.201562010545015
      vertex 0.2063167330233 -0.619446898017432 0.292254220465015
      vertex 0.298515180961371 -0.559967579341666 0.283803413425015
   endloop
endfacet
facet normal -0.386662173603471 0.874787130578612 0.291958626655008
   outer loop
      vertex 0.189249496778131 -0.580815874052486 0.201562010545015
      vertex 0.298515180961371 -0.559967579341666 0.283803413425015
      vertex 0.266027815450325 -0.548883252244125 0.207566371505015
   endloop
endfacet
facet normal -0.447098043776234 0.746151300838084 0.49331691184177
   outer loop
      vertex 0.131424380779785 -0.589526766343844 0.162512406705015
      vertex 0.0855472594191274 -0.644752014689697 0.204462761905015
      vertex 0.141052608998451 -0.629115550917584 0.231117362865015
   endloop
endfacet
facet normal -0.445773586482616 0.746813630065604 0.49351323340176
   outer loop
      vertex 0.131424380779785 -0.589526766343844 0.162512406705015
      vertex 0.141052608998451 -0.629115550917584 0.231117362865015
      vertex 0.189249496778131 -0.580815874052486 0.201562010545015
   endloop
endfacet
facet normal -0.443152766917978 0.778299935908575 0.444820002852445
   outer loop
      vertex 0.0265906563352169 -0.626136652552822 0.113155903665015
      vertex 0.0855472594191274 -0.644752014689697 0.204462761905015
      vertex 0.0934005496895387 -0.590979960730709 0.118201850545015
   endloop
endfacet
facet normal -0.437777735136956 0.763870716992294 0.474185809931123
   outer loop
      vertex 0.0398438436687501 -0.598092867054395 0.0802154911210149
      vertex 0.0265906563352169 -0.626136652552822 0.113155903665015
      vertex 0.0934005496895387 -0.590979960730709 0.118201850545015
   endloop
endfacet
facet normal -0.516419877106466 0.747021532366657 0.418651813217039
   outer loop
      vertex 0.0934005496895387 -0.590979960730709 0.118201850545015
      vertex 0.0855472594191274 -0.644752014689697 0.204462761905015
      vertex 0.131424380779785 -0.589526766343844 0.162512406705015
   endloop
endfacet
facet normal -0.335208354665376 0.894131585445364 0.29692434536678
   outer loop
      vertex 0.184720205447033 -0.567154178156787 0.155309117105015
      vertex 0.131424380779785 -0.589526766343844 0.162512406705015
      vertex 0.189249496778131 -0.580815874052486 0.201562010545015
   endloop
endfacet
facet normal -0.342667805128326 0.901457484590995 0.264486632560916
   outer loop
      vertex 0.0934005496895387 -0.590979960730709 0.118201850545015
      vertex 0.131424380779785 -0.589526766343844 0.162512406705015
      vertex 0.184720205447033 -0.567154178156787 0.155309117105015
   endloop
endfacet
facet normal -0.386458681627185 0.873562839625302 0.295867626854911
   outer loop
      vertex 0.184720205447033 -0.567154178156787 0.155309117105015
      vertex 0.189249496778131 -0.580815874052486 0.201562010545015
      vertex 0.266027815450325 -0.548883252244125 0.207566371505015
   endloop
endfacet
facet normal -0.363764551969429 0.896616094697186 0.252497385056654
   outer loop
      vertex 0.312065347787529 -0.511452327145891 0.140974206385015
      vertex 0.184720205447033 -0.567154178156787 0.155309117105015
      vertex 0.266027815450325 -0.548883252244125 0.207566371505015
   endloop
endfacet
facet normal -0.333248544696286 0.8929465396485 0.302641512003189
   outer loop
      vertex 0.0674751733560173 -0.572545144083503 0.035262469553015
      vertex 0.0398438436687501 -0.598092867054395 0.0802154911210149
      vertex 0.0934005496895387 -0.590979960730709 0.118201850545015
   endloop
endfacet
facet normal -0.351884014715067 0.884416247821173 0.306570613037069
   outer loop
      vertex 0.0674751733560173 -0.572545144083503 0.035262469553015
      vertex 0.0934005496895387 -0.590979960730709 0.118201850545015
      vertex 0.200630250922964 -0.528188067560602 0.0601344689130149
   endloop
endfacet
facet normal -0.705909370620819 -0.374664626900086 -0.601097644164023
   outer loop
      vertex 0.0266403629483572 -0.632683244480792 0.0804352339690149
      vertex 0.0752637555982932 -0.591295843203191 -0.00246328384218504
      vertex 0.0826778210153418 -0.619053966362374 0.00613154040101495
   endloop
endfacet
facet normal -0.67881329568835 -0.415382075194033 -0.605533022389547
   outer loop
      vertex 0.0266403629483572 -0.632683244480792 0.0804352339690149
      vertex 0.0523041923739926 -0.583594466624222 0.017991823537015
      vertex 0.0752637555982932 -0.591295843203191 -0.00246328384218504
   endloop
endfacet
facet normal -0.485475448335732 0.864985225878375 -0.126941514388935
   outer loop
      vertex 0.095274803692878 -0.560381792773768 0.011827119537015
      vertex 0.0523041923739926 -0.583594466624222 0.017991823537015
      vertex 0.0674751733560173 -0.572545144083503 0.035262469553015
   endloop
endfacet
facet normal -0.417783102754735 0.589869589068864 -0.691021813653054
   outer loop
      vertex 0.095274803692878 -0.560381792773768 0.011827119537015
      vertex 0.0752637555982932 -0.591295843203191 -0.00246328384218504
      vertex 0.0523041923739926 -0.583594466624222 0.017991823537015
   endloop
endfacet
facet normal -0.539692462516848 0.189855442540172 -0.820174955018974
   outer loop
      vertex 0.108653243078551 -0.565136729656088 0.00192314296101495
      vertex 0.0959724407804296 -0.613270571643782 -0.00087472161498505
      vertex 0.095274803692878 -0.560381792773768 0.011827119537015
   endloop
endfacet
facet normal -0.372373327611341 0.927240585605061 0.0395348111218434
   outer loop
      vertex 0.095274803692878 -0.560381792773768 0.011827119537015
      vertex 0.0674751733560173 -0.572545144083503 0.035262469553015
      vertex 0.175946170755945 -0.52866235313842 0.0277197871850149
   endloop
endfacet
facet normal -0.281907688240748 0.659084649849604 -0.697234164139554
   outer loop
      vertex 0.181186574800711 -0.528567937348679 0.00716417387301492
      vertex 0.108653243078551 -0.565136729656088 0.00192314296101495
      vertex 0.095274803692878 -0.560381792773768 0.011827119537015
   endloop
endfacet
facet normal -0.994319625313034 -0.0365692351131297 -0.0999558590608324
   outer loop
      vertex -0.04962261220879 -0.916767146266093 0.229533367985015
      vertex -0.0515322889690886 -0.882868469254051 0.236128082865015
      vertex -0.0490614410995245 -0.877364425460127 0.209535432625015
   endloop
endfacet
facet normal -0.0644509344237506 -0.792420239212035 0.606560995728416
   outer loop
      vertex 0.159420125014943 -1.009646218943 0.361813946545015
      vertex 0.121387480443586 -0.990577762597731 0.382684050865015
      vertex 0.114441046705035 -1.00172469013298 0.367383437745015
   endloop
endfacet
facet normal -0.892108949703692 -0.194315291285399 -0.407900955418402
   outer loop
      vertex -0.0245557880890654 -0.964032634674352 0.197226674865015
      vertex -0.04962261220879 -0.916767146266093 0.229533367985015
      vertex -0.0490614410995245 -0.877364425460127 0.209535432625015
   endloop
endfacet
facet normal 0.818907505353678 -0.399279722454333 -0.412269573109885
   outer loop
      vertex 0.428293697118429 -0.880750298175981 0.124226861745015
      vertex 0.409983439697598 -0.841588426344492 0.0499285129450148
      vertex 0.459704532578693 -0.818098855937105 0.125942046385015
   endloop
endfacet
facet normal 0.455130310665165 0.0631093773804915 0.888185570024912
   outer loop
      vertex 0.368769981504603 -0.742831800745352 0.274672363185015
      vertex 0.316720564971864 -0.687938719804065 0.297443504305015
      vertex 0.304091508080564 -0.726052807549191 0.306623143345015
   endloop
endfacet
facet normal 0.339392934231693 0.0947579767888567 0.935859691422002
   outer loop
      vertex 0.446981901894529 -0.703947633578279 0.251824694705015
      vertex 0.351181994478843 -0.609843696092809 0.277038637745015
      vertex 0.316720564971864 -0.687938719804065 0.297443504305015
   endloop
endfacet
facet normal 0.319541266319041 -0.0883775185855487 0.94344199256122
   outer loop
      vertex 0.446981901894529 -0.703947633578279 0.251824694705015
      vertex 0.316720564971864 -0.687938719804065 0.297443504305015
      vertex 0.368769981504603 -0.742831800745352 0.274672363185015
   endloop
endfacet
facet normal 0.329655249169492 -0.112269729206292 0.93740222135375
   outer loop
      vertex 0.488927410574125 -0.770375254817445 0.229117933745015
      vertex 0.446981901894529 -0.703947633578279 0.251824694705015
      vertex 0.368769981504603 -0.742831800745352 0.274672363185015
   endloop
endfacet
facet normal 0.307334208615728 0.0583839603224424 0.949808926780335
   outer loop
      vertex 0.446981901894529 -0.703947633578279 0.251824694705015
      vertex 0.453680489104254 -0.62417769706577 0.244753809585015
      vertex 0.351181994478843 -0.609843696092809 0.277038637745015
   endloop
endfacet
facet normal 0.302101630403022 0.013370070452616 0.953181958559816
   outer loop
      vertex 0.453680489104254 -0.62417769706577 0.244753809585015
      vertex 0.411019678309373 -0.54962391434533 0.257228983985015
      vertex 0.351181994478843 -0.609843696092809 0.277038637745015
   endloop
endfacet
facet normal 0.595267259054328 0.210878647375658 0.775362551571174
   outer loop
      vertex 0.453680489104254 -0.62417769706577 0.244753809585015
      vertex 0.437076683452908 -0.535235957214 0.233311147185015
      vertex 0.411019678309373 -0.54962391434533 0.257228983985015
   endloop
endfacet
facet normal 0.233083111114043 0.305561808502617 0.923203251997094
   outer loop
      vertex 0.411019678309373 -0.54962391434533 0.257228983985015
      vertex 0.387768986428805 -0.527803454954976 0.255877000625015
      vertex 0.320759080161218 -0.569952012638308 0.286745465265015
   endloop
endfacet
facet normal 0.421980826230887 0.496634527278889 0.758476320400296
   outer loop
      vertex 0.437076683452908 -0.535235957214 0.233311147185015
      vertex 0.387768986428805 -0.527803454954976 0.255877000625015
      vertex 0.411019678309373 -0.54962391434533 0.257228983985015
   endloop
endfacet
facet normal 0.707817857037824 0.218557614898362 0.67173391326352
   outer loop
      vertex 0.453680489104254 -0.62417769706577 0.244753809585015
      vertex 0.489522612945353 -0.60217478450892 0.199827390385015
      vertex 0.437076683452908 -0.535235957214 0.233311147185015
   endloop
endfacet
facet normal 0.875309881512615 0.143792990058421 0.461688409358987
   outer loop
      vertex 0.510364456921187 -0.743453386080015 0.201429606065015
      vertex 0.504103421221477 -0.65481347884401 0.185692908465015
      vertex 0.485830253738813 -0.658144000113931 0.221374093745015
   endloop
endfacet
facet normal 0.964189643783907 0.110877573783853 0.240924250443304
   outer loop
      vertex 0.510364456921187 -0.743453386080015 0.201429606065015
      vertex 0.51656406374279 -0.716801221890623 0.164352707505015
      vertex 0.504103421221477 -0.65481347884401 0.185692908465015
   endloop
endfacet
facet normal 0.879103802206957 0.119621970858446 0.461375215018332
   outer loop
      vertex 0.485830253738813 -0.658144000113931 0.221374093745015
      vertex 0.504103421221477 -0.65481347884401 0.185692908465015
      vertex 0.489522612945353 -0.60217478450892 0.199827390385015
   endloop
endfacet
facet normal 0.848718101322195 0.0954187129398364 0.520166178936072
   outer loop
      vertex 0.504103421221477 -0.65481347884401 0.185692908465015
      vertex 0.531742912670189 -0.620457229237455 0.134293246385015
      vertex 0.489522612945353 -0.60217478450892 0.199827390385015
   endloop
endfacet
facet normal 0.943966913871706 -0.319025179761353 0.084554125823427
   outer loop
      vertex 0.51656406374279 -0.716801221890623 0.164352707505015
      vertex 0.521264809031372 -0.713064735696475 0.125971199665015
      vertex 0.542242828424505 -0.657598164641548 0.101048425009015
   endloop
endfacet
facet normal 0.938673444527959 -0.0410721008337477 0.342352518715897
   outer loop
      vertex 0.51656406374279 -0.716801221890623 0.164352707505015
      vertex 0.542242828424505 -0.657598164641548 0.101048425009015
      vertex 0.531742912670189 -0.620457229237455 0.134293246385015
   endloop
endfacet
facet normal 0.76697542468476 -0.555196926518532 -0.321722039521709
   outer loop
      vertex 0.477579635168254 -0.726688387509621 0.0453374787050148
      vertex 0.531746794438529 -0.667236380556604 0.0718737659370148
      vertex 0.521264809031372 -0.713064735696475 0.125971199665015
   endloop
endfacet
facet normal 0.889887751378833 -0.418321483842494 -0.181953087640024
   outer loop
      vertex 0.521264809031372 -0.713064735696475 0.125971199665015
      vertex 0.531746794438529 -0.667236380556604 0.0718737659370148
      vertex 0.542242828424505 -0.657598164641548 0.101048425009015
   endloop
endfacet
facet normal 0.877500032682561 0.011337954250609 0.479442534028339
   outer loop
      vertex 0.51656406374279 -0.716801221890623 0.164352707505015
      vertex 0.531742912670189 -0.620457229237455 0.134293246385015
      vertex 0.504103421221477 -0.65481347884401 0.185692908465015
   endloop
endfacet
facet normal 0.928235023872737 -0.0892287459346658 0.361134284380349
   outer loop
      vertex 0.531742912670189 -0.620457229237455 0.134293246385015
      vertex 0.572623120437908 -0.516455442227671 0.0549142097130148
      vertex 0.550495974964781 -0.519536784611358 0.111026985393015
   endloop
endfacet
facet normal 0.930125909157146 0.00713341481240267 0.367171496044705
   outer loop
      vertex 0.550495974964781 -0.519536784611358 0.111026985393015
      vertex 0.572623120437908 -0.516455442227671 0.0549142097130148
      vertex 0.574411960049367 -0.482874247130128 0.0497302706410148
   endloop
endfacet
facet normal 0.880052842761287 0.093621009142601 0.465555690111182
   outer loop
      vertex 0.550495974964781 -0.519536784611358 0.111026985393015
      vertex 0.559972854987805 -0.43054459723668 0.0752166753770148
      vertex 0.524861475965678 -0.454707507696874 0.146447734705015
   endloop
endfacet
facet normal 0.916973270879582 0.0609991135934358 0.394257693182031
   outer loop
      vertex 0.550495974964781 -0.519536784611358 0.111026985393015
      vertex 0.574411960049367 -0.482874247130128 0.0497302706410148
      vertex 0.559972854987805 -0.43054459723668 0.0752166753770148
   endloop
endfacet
facet normal 0.334020161559844 0.0525361708780736 -0.941100676028344
   outer loop
      vertex 0.569578465825936 -0.518175765484357 0.0194266508010148
      vertex 0.54244611530289 -0.570388030909745 0.0068819944170148
      vertex 0.529513840909523 -0.533656743187194 0.0043425007850148
   endloop
endfacet
facet normal 0.983433572177633 -0.0246643161605156 0.179583074431512
   outer loop
      vertex 0.572623120437908 -0.516455442227671 0.0549142097130148
      vertex 0.577826847211509 -0.484602424749908 0.0307922999530148
      vertex 0.574411960049367 -0.482874247130128 0.0497302706410148
   endloop
endfacet
facet normal 0.973975389074272 -0.214520692279929 -0.0731629281901732
   outer loop
      vertex 0.569578465825936 -0.518175765484357 0.0194266508010148
      vertex 0.577826847211509 -0.484602424749908 0.0307922999530148
      vertex 0.572623120437908 -0.516455442227671 0.0549142097130148
   endloop
endfacet
facet normal 0.553642140499733 0.141778128622201 -0.820596942784496
   outer loop
      vertex 0.577826847211509 -0.484602424749908 0.0307922999530148
      vertex 0.569578465825936 -0.518175765484357 0.0194266508010148
      vertex 0.56215047945293 -0.476127658208525 0.0216799564010148
   endloop
endfacet
facet normal 0.975451292058339 0.148827641787764 0.162311767477317
   outer loop
      vertex 0.577826847211509 -0.484602424749908 0.0307922999530148
      vertex 0.573415544599152 -0.462069835386231 0.0366423914730148
      vertex 0.574411960049367 -0.482874247130128 0.0497302706410148
   endloop
endfacet
facet normal 0.965444599652778 0.170325273273115 0.197246105882285
   outer loop
      vertex 0.574411960049367 -0.482874247130128 0.0497302706410148
      vertex 0.573415544599152 -0.462069835386231 0.0366423914730148
      vertex 0.559972854987805 -0.43054459723668 0.0752166753770148
   endloop
endfacet
facet normal 0.621736427804595 0.532699510012399 -0.574173359163703
   outer loop
      vertex 0.56215047945293 -0.476127658208525 0.0216799564010148
      vertex 0.542249464074798 -0.451589204029674 0.0228963770090148
      vertex 0.577826847211509 -0.484602424749908 0.0307922999530148
   endloop
endfacet
facet normal 0.468565940672257 0.306818699913782 -0.828437230347079
   outer loop
      vertex 0.577826847211509 -0.484602424749908 0.0307922999530148
      vertex 0.542249464074798 -0.451589204029674 0.0228963770090148
      vertex 0.573415544599152 -0.462069835386231 0.0366423914730148
   endloop
endfacet
facet normal 0.828604676036449 0.538899655330316 -0.151662297013457
   outer loop
      vertex 0.573415544599152 -0.462069835386231 0.0366423914730148
      vertex 0.550618091532717 -0.424433398376495 0.0458219090410148
      vertex 0.559972854987805 -0.43054459723668 0.0752166753770148
   endloop
endfacet
facet normal 0.483813525111859 0.472699529464485 -0.736532163427295
   outer loop
      vertex 0.573415544599152 -0.462069835386231 0.0366423914730148
      vertex 0.542249464074798 -0.451589204029674 0.0228963770090148
      vertex 0.550618091532717 -0.424433398376495 0.0458219090410148
   endloop
endfacet
facet normal 0.310488506131815 0.225850269241518 -0.923357213348966
   outer loop
      vertex 0.0959724407804296 -0.613270571643782 -0.00087472161498505
      vertex 0.0752637555982932 -0.591295843203191 -0.00246328384218504
      vertex 0.095274803692878 -0.560381792773768 0.011827119537015
   endloop
endfacet
facet normal -0.375575937444078 0.880869091561517 0.288118653933739
   outer loop
      vertex 0.266027815450325 -0.548883252244125 0.207566371505015
      vertex 0.298515180961371 -0.559967579341666 0.283803413425015
      vertex 0.353151598838424 -0.521232161507976 0.236598179505015
   endloop
endfacet
facet normal -0.367495582298475 0.895925194895266 0.249529641812318
   outer loop
      vertex 0.312065347787529 -0.511452327145891 0.140974206385015
      vertex 0.266027815450325 -0.548883252244125 0.207566371505015
      vertex 0.353151598838424 -0.521232161507976 0.236598179505015
   endloop
endfacet
facet normal -0.380664588346758 0.895577169810045 0.230295471283791
   outer loop
      vertex 0.339262917728192 -0.476058305350795 0.0482892483050149
      vertex 0.312065347787529 -0.511452327145891 0.140974206385015
      vertex 0.400691280726855 -0.467053014658807 0.114806708145015
   endloop
endfacet
facet normal -0.216262989426662 0.871494156460975 0.440145719800405
   outer loop
      vertex 0.465769678801457 -0.457138874554653 0.165026877105015
      vertex 0.353151598838424 -0.521232161507976 0.236598179505015
      vertex 0.432369011026405 -0.488982302354283 0.211666051505015
   endloop
endfacet
facet normal 0.0231106913577622 0.817859525393042 0.57495364393039
   outer loop
      vertex 0.465769678801457 -0.457138874554653 0.165026877105015
      vertex 0.432369011026405 -0.488982302354283 0.211666051505015
      vertex 0.501579041512433 -0.466163332005811 0.176424594865015
   endloop
endfacet
facet normal -0.356906588500612 0.901295250251223 0.245529140754086
   outer loop
      vertex 0.312065347787529 -0.511452327145891 0.140974206385015
      vertex 0.353151598838424 -0.521232161507976 0.236598179505015
      vertex 0.465769678801457 -0.457138874554653 0.165026877105015
   endloop
endfacet
facet normal -0.358877711115715 0.887220945057139 0.289906507543831
   outer loop
      vertex 0.400691280726855 -0.467053014658807 0.114806708145015
      vertex 0.312065347787529 -0.511452327145891 0.140974206385015
      vertex 0.465769678801457 -0.457138874554653 0.165026877105015
   endloop
endfacet
facet normal -0.363391864353711 0.883177081923939 0.296554539479418
   outer loop
      vertex 0.502916142745487 -0.421672995997127 0.104923503281015
      vertex 0.400691280726855 -0.467053014658807 0.114806708145015
      vertex 0.465769678801457 -0.457138874554653 0.165026877105015
   endloop
endfacet
facet normal 0.53775235653299 0.558886680128501 0.631243282592503
   outer loop
      vertex 0.524861475965678 -0.454707507696874 0.146447734705015
      vertex 0.513740949546075 -0.433635301936905 0.137264451505015
      vertex 0.501579041512433 -0.466163332005811 0.176424594865015
   endloop
endfacet
facet normal -0.00867395501876233 0.770532242553892 0.637342000568927
   outer loop
      vertex 0.513740949546075 -0.433635301936905 0.137264451505015
      vertex 0.465769678801457 -0.457138874554653 0.165026877105015
      vertex 0.501579041512433 -0.466163332005811 0.176424594865015
   endloop
endfacet
facet normal -0.206436379901058 0.893199213507315 0.399473636230552
   outer loop
      vertex 0.502916142745487 -0.421672995997127 0.104923503281015
      vertex 0.465769678801457 -0.457138874554653 0.165026877105015
      vertex 0.513740949546075 -0.433635301936905 0.137264451505015
   endloop
endfacet
facet normal 0.648064867882906 0.564701571748527 0.511002995960547
   outer loop
      vertex 0.559972854987805 -0.43054459723668 0.0752166753770148
      vertex 0.513740949546075 -0.433635301936905 0.137264451505015
      vertex 0.524861475965678 -0.454707507696874 0.146447734705015
   endloop
endfacet
facet normal -0.305993275971546 0.923689609789099 0.230576711373596
   outer loop
      vertex 0.243760294376761 -0.504819534680399 0.0237571276010149
      vertex 0.200630250922964 -0.528188067560602 0.0601344689130149
      vertex 0.312065347787529 -0.511452327145891 0.140974206385015
   endloop
endfacet
facet normal -0.337189364324477 0.908217429015235 0.247879878609404
   outer loop
      vertex 0.243760294376761 -0.504819534680399 0.0237571276010149
      vertex 0.312065347787529 -0.511452327145891 0.140974206385015
      vertex 0.339262917728192 -0.476058305350795 0.0482892483050149
   endloop
endfacet
facet normal -0.380953178700121 0.924334870826737 -0.0219025617678411
   outer loop
      vertex 0.234649101406087 -0.508983292419035 0.0065094397930149
      vertex 0.243760294376761 -0.504819534680399 0.0237571276010149
      vertex 0.278622271890741 -0.490790108967425 0.00947141304101489
   endloop
endfacet
facet normal -0.0015039473405104 0.0548481679168558 -0.998493573649105
   outer loop
      vertex 0.234649101406087 -0.508983292419035 0.0065094397930149
      vertex 0.226055230220856 -0.544355227438716 0.00457937118501491
      vertex 0.169931242909788 -0.606682216380546 0.00124022737701493
   endloop
endfacet
facet normal 0.0496816791482515 0.0423779812151451 -0.997865640988374
   outer loop
      vertex 0.278622271890741 -0.490790108967425 0.00947141304101489
      vertex 0.226055230220856 -0.544355227438716 0.00457937118501491
      vertex 0.234649101406087 -0.508983292419035 0.0065094397930149
   endloop
endfacet
facet normal -0.318774140088013 0.937080038551646 0.142351849159727
   outer loop
      vertex 0.278622271890741 -0.490790108967425 0.00947141304101489
      vertex 0.243760294376761 -0.504819534680399 0.0237571276010149
      vertex 0.339262917728192 -0.476058305350795 0.0482892483050149
   endloop
endfacet
facet normal -0.372193644567225 0.925077676543608 0.0755194233588066
   outer loop
      vertex 0.328163933729687 -0.477442275717407 0.0105414598890149
      vertex 0.339262917728192 -0.476058305350795 0.0482892483050149
      vertex 0.345738297719607 -0.470922563311348 0.0172923877610149
   endloop
endfacet
facet normal -0.231490213856374 0.972296975636001 0.0324171568434832
   outer loop
      vertex 0.307823734386183 -0.482227606590526 0.00882032312101488
      vertex 0.339262917728192 -0.476058305350795 0.0482892483050149
      vertex 0.328163933729687 -0.477442275717407 0.0105414598890149
   endloop
endfacet
facet normal 0.425933443617585 -0.246832264513418 -0.870433532673945
   outer loop
      vertex 0.345738297719607 -0.470922563311348 0.0172923877610149
      vertex 0.289235405629729 -0.539125278920463 0.00898406737701488
      vertex 0.328163933729687 -0.477442275717407 0.0105414598890149
   endloop
endfacet
facet normal -0.399080476122893 0.88243593723316 0.249081493204451
   outer loop
      vertex 0.413227892565942 -0.440863201573564 0.0421087529450148
      vertex 0.339262917728192 -0.476058305350795 0.0482892483050149
      vertex 0.400691280726855 -0.467053014658807 0.114806708145015
   endloop
endfacet
facet normal -0.371171335790498 0.892174669313793 0.257402795094231
   outer loop
      vertex 0.413227892565942 -0.440863201573564 0.0421087529450148
      vertex 0.400691280726855 -0.467053014658807 0.114806708145015
      vertex 0.502916142745487 -0.421672995997127 0.104923503281015
   endloop
endfacet
facet normal -0.416983246833303 0.843906442500502 0.33756019932229
   outer loop
      vertex 0.413227892565942 -0.440863201573564 0.0421087529450148
      vertex 0.502916142745487 -0.421672995997127 0.104923503281015
      vertex 0.471511902161202 -0.412567773602873 0.0433670813930148
   endloop
endfacet
facet normal -0.415156018534555 0.898035126136191 0.145527978409971
   outer loop
      vertex 0.387465176027085 -0.448170757042277 0.0137079919850149
      vertex 0.339262917728192 -0.476058305350795 0.0482892483050149
      vertex 0.413227892565942 -0.440863201573564 0.0421087529450148
   endloop
endfacet
facet normal -0.475132663651613 0.878693631920037 0.0463298300719797
   outer loop
      vertex 0.387465176027085 -0.448170757042277 0.0137079919850149
      vertex 0.345738297719607 -0.470922563311348 0.0172923877610149
      vertex 0.339262917728192 -0.476058305350795 0.0482892483050149
   endloop
endfacet
facet normal -0.496527228049222 0.497960987006194 -0.71098211456096
   outer loop
      vertex 0.360678250764272 -0.464863410424271 0.0111025390570149
      vertex 0.289235405629729 -0.539125278920463 0.00898406737701488
      vertex 0.345738297719607 -0.470922563311348 0.0172923877610149
   endloop
endfacet
facet normal -0.471989646852412 0.811267432761644 -0.345066552717685
   outer loop
      vertex 0.360678250764272 -0.464863410424271 0.0111025390570149
      vertex 0.345738297719607 -0.470922563311348 0.0172923877610149
      vertex 0.387465176027085 -0.448170757042277 0.0137079919850149
   endloop
endfacet
facet normal -0.210494886176164 0.975744722919949 -0.0601177061069011
   outer loop
      vertex 0.41260872271947 -0.442830644224648 0.0123439828970148
      vertex 0.387465176027085 -0.448170757042277 0.0137079919850149
      vertex 0.413227892565942 -0.440863201573564 0.0421087529450148
   endloop
endfacet
facet normal -0.432627154230575 0.90015745053409 -0.0505005907918097
   outer loop
      vertex 0.424133505022368 -0.437546295181587 0.00780566750501484
      vertex 0.41260872271947 -0.442830644224648 0.0123439828970148
      vertex 0.413227892565942 -0.440863201573564 0.0421087529450148
   endloop
endfacet
facet normal -0.0635799878828024 0.0447076066056055 -0.996974831704603
   outer loop
      vertex 0.43677111713443 -0.532713706408715 0.00677242667301483
      vertex 0.387465176027085 -0.448170757042277 0.0137079919850149
      vertex 0.41260872271947 -0.442830644224648 0.0123439828970148
   endloop
endfacet
facet normal -0.0132283855469768 0.0740884678200219 -0.997163932737191
   outer loop
      vertex 0.43677111713443 -0.532713706408715 0.00677242667301483
      vertex 0.345083095878001 -0.543480016715295 0.00718883268901486
      vertex 0.387465176027085 -0.448170757042277 0.0137079919850149
   endloop
endfacet
facet normal -0.196929497277955 0.0078322829937982 -0.980386366921204
   outer loop
      vertex 0.43677111713443 -0.532713706408715 0.00677242667301483
      vertex 0.41260872271947 -0.442830644224648 0.0123439828970148
      vertex 0.431333065557169 -0.466716672832163 0.00839201284901484
   endloop
endfacet
facet normal -0.3249295597576 -0.0991014375215607 -0.94053159770254
   outer loop
      vertex 0.431333065557169 -0.466716672832163 0.00839201284901484
      vertex 0.41260872271947 -0.442830644224648 0.0123439828970148
      vertex 0.424133505022368 -0.437546295181587 0.00780566750501484
   endloop
endfacet
facet normal -0.380155841658847 -0.112280620862741 -0.918082021516232
   outer loop
      vertex 0.441447607404673 -0.469295758851124 0.00451924254501483
      vertex 0.431333065557169 -0.466716672832163 0.00839201284901484
      vertex 0.424133505022368 -0.437546295181587 0.00780566750501484
   endloop
endfacet
facet normal -0.0722004958885265 0.0636570805756796 -0.995356651902238
   outer loop
      vertex 0.460523164112258 -0.456927068770347 0.00392658065701483
      vertex 0.441447607404673 -0.469295758851124 0.00451924254501483
      vertex 0.424133505022368 -0.437546295181587 0.00780566750501484
   endloop
endfacet
facet normal -0.435251700372463 0.898836775649917 -0.0514626861146984
   outer loop
      vertex 0.424133505022368 -0.437546295181587 0.00780566750501484
      vertex 0.413227892565942 -0.440863201573564 0.0421087529450148
      vertex 0.471511902161202 -0.412567773602873 0.0433670813930148
   endloop
endfacet
facet normal -0.651584153937247 -0.436031004882155 0.620737507421084
   outer loop
      vertex 0.0816687585315156 -0.997304798027004 0.333684675505015
      vertex 0.0688698946689854 -0.974915617473329 0.335976852145015
      vertex 0.0271004804786059 -0.980501544021516 0.288207988145015
   endloop
endfacet
facet normal -0.537600156551572 -0.760558602512458 0.3640558800789
   outer loop
      vertex 0.0357712041184639 -0.99405553952443 0.272696013745015
      vertex 0.0816687585315156 -0.997304798027004 0.333684675505015
      vertex 0.0271004804786059 -0.980501544021516 0.288207988145015
   endloop
endfacet
facet normal -0.36598382570774 -0.899694620874099 0.237918953617694
   outer loop
      vertex 0.151781910180594 -1.03242579758418 0.308727038385015
      vertex 0.114441046705035 -1.00172469013298 0.367383437745015
      vertex 0.0816687585315156 -0.997304798027004 0.333684675505015
   endloop
endfacet
facet normal -0.425242971502075 -0.901993165294587 0.0746776067502011
   outer loop
      vertex 0.0953170012462489 -1.00926297832156 0.266966179505015
      vertex 0.151781910180594 -1.03242579758418 0.308727038385015
      vertex 0.0816687585315156 -0.997304798027004 0.333684675505015
   endloop
endfacet
facet normal 0.642373603546781 -0.0651175779007206 0.763620229246624
   outer loop
      vertex 0.180169219739067 -0.991709707845728 0.350274106545015
      vertex 0.176155241240012 -0.843105039299476 0.366322987185015
      vertex 0.146894716723499 -0.926089080081526 0.383861114545015
   endloop
endfacet
facet normal 0.494582081874307 -0.0801049246939245 0.865431548609512
   outer loop
      vertex 0.202072743046653 -0.901250834500109 0.346129481905015
      vertex 0.176155241240012 -0.843105039299476 0.366322987185015
      vertex 0.180169219739067 -0.991709707845728 0.350274106545015
   endloop
endfacet
facet normal 0.490565977415337 -0.320395892985554 0.810365037227375
   outer loop
      vertex 0.300792188753574 -0.881758266624558 0.294075085745015
      vertex 0.202072743046653 -0.901250834500109 0.346129481905015
      vertex 0.267393644328112 -0.927156453886961 0.296344182705015
   endloop
endfacet
facet normal 0.473009202095087 -0.0934224229777848 0.876090489400684
   outer loop
      vertex 0.287243700670707 -0.831762547048566 0.307554833585015
      vertex 0.176155241240012 -0.843105039299476 0.366322987185015
      vertex 0.202072743046653 -0.901250834500109 0.346129481905015
   endloop
endfacet
facet normal -0.568958267299103 0.441383284201254 0.693878437840316
   outer loop
      vertex 0.187824914510301 -0.717837095880346 0.354749135025015
      vertex 0.0913324830232936 -0.742722982548794 0.291458578865015
      vertex 0.14978177685484 -0.771187901191981 0.357491972785015
   endloop
endfacet
facet normal 0.0425104518218441 0.309452430470501 0.949964238675226
   outer loop
      vertex 0.244462713618755 -0.695823093166663 0.345043522225015
      vertex 0.187824914510301 -0.717837095880346 0.354749135025015
      vertex 0.198094603520589 -0.743695039277703 0.362712839345015
   endloop
endfacet
facet normal 0.0997124478188703 0.175284806576049 0.979455289604159
   outer loop
      vertex 0.251275995376349 -0.648242064839817 0.335834729905015
      vertex 0.187824914510301 -0.717837095880346 0.354749135025015
      vertex 0.244462713618755 -0.695823093166663 0.345043522225015
   endloop
endfacet
facet normal -0.375872978997128 0.546150249252841 0.748625012206301
   outer loop
      vertex 0.251275995376349 -0.648242064839817 0.335834729905015
      vertex 0.2063167330233 -0.619446898017432 0.292254220465015
      vertex 0.187824914510301 -0.717837095880346 0.354749135025015
   endloop
endfacet
facet normal -0.618129635228131 -0.729772906978635 0.292142530783674
   outer loop
      vertex -0.00308592790451814 -0.967481037845541 0.256863353265015
      vertex 0.0357712041184639 -0.99405553952443 0.272696013745015
      vertex 0.0271004804786059 -0.980501544021516 0.288207988145015
   endloop
endfacet
facet normal -0.257669017473366 -0.95595068558048 -0.140587923281203
   outer loop
      vertex 0.0983416361939081 -1.00490542604172 0.231792747185015
      vertex 0.0953170012462489 -1.00926297832156 0.266966179505015
      vertex 0.0357712041184639 -0.99405553952443 0.272696013745015
   endloop
endfacet
facet normal -0.747437720473178 -0.0649020963318423 0.66115396989324
   outer loop
      vertex 0.0271004804786059 -0.980501544021516 0.288207988145015
      vertex 0.0688698946689854 -0.974915617473329 0.335976852145015
      vertex 0.00840676327506466 -0.939100878404976 0.271138742705015
   endloop
endfacet
facet normal -0.72933692959085 -0.0479392837967418 0.682473053097371
   outer loop
      vertex 0.0271004804786059 -0.980501544021516 0.288207988145015
      vertex 0.00840676327506466 -0.939100878404976 0.271138742705015
      vertex -0.00308592790451814 -0.967481037845541 0.256863353265015
   endloop
endfacet
facet normal -0.646112529480331 -0.195267014344996 0.737841034612008
   outer loop
      vertex -0.00308592790451814 -0.967481037845541 0.256863353265015
      vertex -0.0243345071855645 -0.932363641111987 0.247550095025015
      vertex -0.04962261220879 -0.916767146266093 0.229533367985015
   endloop
endfacet
facet normal -0.269164449370933 -0.948857646884873 -0.164983832974461
   outer loop
      vertex 0.0425898042638644 -0.973314415167945 0.141062880945015
      vertex 0.0983416361939081 -1.00490542604172 0.231792747185015
      vertex -0.0245557880890654 -0.964032634674352 0.197226674865015
   endloop
endfacet
facet normal -0.598214327041435 -0.153374940339108 0.786521294434129
   outer loop
      vertex 0.00840676327506466 -0.939100878404976 0.271138742705015
      vertex -0.0243345071855645 -0.932363641111987 0.247550095025015
      vertex -0.00308592790451814 -0.967481037845541 0.256863353265015
   endloop
endfacet
facet normal -0.284039765508443 -0.948253774604042 -0.141902045648028
   outer loop
      vertex 0.0983416361939081 -1.00490542604172 0.231792747185015
      vertex 0.151781910180594 -1.03242579758418 0.308727038385015
      vertex 0.0953170012462489 -1.00926297832156 0.266966179505015
   endloop
endfacet
facet normal -0.0970080837614028 -0.995282298892076 -0.00160536508165913
   outer loop
      vertex 0.238193565432361 -1.04075961169724 0.253828982705015
      vertex 0.21773272681391 -1.03884015290536 0.300213065905015
      vertex 0.151781910180594 -1.03242579758418 0.308727038385015
   endloop
endfacet
facet normal -0.215006880725813 -0.957331708072311 -0.19310111848435
   outer loop
      vertex 0.0983416361939081 -1.00490542604172 0.231792747185015
      vertex 0.238193565432361 -1.04075961169724 0.253828982705015
      vertex 0.151781910180594 -1.03242579758418 0.308727038385015
   endloop
endfacet
facet normal -0.20195665992662 -0.945266011529432 -0.256292167181369
   outer loop
      vertex 0.10159259052003 -0.98922570780766 0.171400512945015
      vertex 0.238193565432361 -1.04075961169724 0.253828982705015
      vertex 0.0983416361939081 -1.00490542604172 0.231792747185015
   endloop
endfacet
facet normal -0.108116412849324 -0.913589689685925 -0.392000918585876
   outer loop
      vertex 0.226295932838441 -1.00156030126442 0.165753279665015
      vertex 0.238193565432361 -1.04075961169724 0.253828982705015
      vertex 0.10159259052003 -0.98922570780766 0.171400512945015
   endloop
endfacet
facet normal -0.782836350791752 -0.135086885050292 -0.607386846553712
   outer loop
      vertex -0.0245557880890654 -0.964032634674352 0.197226674865015
      vertex -0.0490614410995245 -0.877364425460127 0.209535432625015
      vertex 0.00904652079690508 -0.953503566895607 0.151576282545015
   endloop
endfacet
facet normal -0.545173638246407 -0.811559787467328 -0.210134279752639
   outer loop
      vertex 0.0474807136537869 -0.969680425350151 0.114339040945015
      vertex 0.0425898042638644 -0.973314415167945 0.141062880945015
      vertex 0.00904652079690508 -0.953503566895607 0.151576282545015
   endloop
endfacet
facet normal -0.546010835479692 -0.633646404686638 -0.548055107964944
   outer loop
      vertex 0.0425898042638644 -0.973314415167945 0.141062880945015
      vertex -0.0245557880890654 -0.964032634674352 0.197226674865015
      vertex 0.00904652079690508 -0.953503566895607 0.151576282545015
   endloop
endfacet
facet normal -0.270215304269024 -0.949143675972066 -0.16158580290679
   outer loop
      vertex -0.0245557880890654 -0.964032634674352 0.197226674865015
      vertex 0.0983416361939081 -1.00490542604172 0.231792747185015
      vertex 0.0357712041184639 -0.99405553952443 0.272696013745015
   endloop
endfacet
facet normal -0.825609109388089 -0.0958214677994697 -0.556046621070717
   outer loop
      vertex 0.00904652079690508 -0.953503566895607 0.151576282545015
      vertex 0.00749545894090328 -0.874471395128004 0.140259951025015
      vertex 0.054454019979499 -0.950144541964701 0.0835771072490149
   endloop
endfacet
facet normal -0.107412603149546 -0.946202333518919 -0.305227254235251
   outer loop
      vertex 0.195406747516201 -0.984031559248246 0.122284524465015
      vertex 0.226295932838441 -1.00156030126442 0.165753279665015
      vertex 0.10159259052003 -0.98922570780766 0.171400512945015
   endloop
endfacet
facet normal -0.0470579218719142 -0.979967642574079 -0.193517367429639
   outer loop
      vertex 0.101793660532098 -0.96781988019675 0.0629529837290149
      vertex 0.195406747516201 -0.984031559248246 0.122284524465015
      vertex 0.10159259052003 -0.98922570780766 0.171400512945015
   endloop
endfacet
facet normal -0.621124287280182 0.40576241885871 0.670493459470423
   outer loop
      vertex 0.0913324830232936 -0.742722982548794 0.291458578865015
      vertex -0.0356575816710946 -0.801027374937271 0.209102992305015
      vertex 0.0178715745580053 -0.81553094157212 0.267467858865015
   endloop
endfacet
facet normal -0.622000195401162 0.437026491683168 0.649710398937879
   outer loop
      vertex -0.0356575816710946 -0.801027374937271 0.209102992305015
      vertex 0.0913324830232936 -0.742722982548794 0.291458578865015
      vertex -0.0214492218804604 -0.760090035627206 0.195168939185015
   endloop
endfacet
facet normal -0.609928547856035 0.484643981873462 0.62698275681558
   outer loop
      vertex -0.0214492218804604 -0.760090035627206 0.195168939185015
      vertex 0.0913324830232936 -0.742722982548794 0.291458578865015
      vertex 0.0399770469630336 -0.697823624006335 0.206793809585015
   endloop
endfacet
facet normal -0.770959236643236 0.0627533613274649 -0.633785350948241
   outer loop
      vertex 0.0482836671155575 -0.887535520155354 0.0893501855210149
      vertex 0.00749545894090328 -0.874471395128004 0.140259951025015
      vertex 0.0386365155256138 -0.825685053543795 0.107209363377015
   endloop
endfacet
facet normal -0.706883461677634 -0.102629959967615 -0.699844884902141
   outer loop
      vertex 0.0485274448566059 -0.75396694213951 0.0867017315050149
      vertex 0.0386365155256138 -0.825685053543795 0.107209363377015
      vertex -0.0237006571652351 -0.806145845629776 0.167308121265015
   endloop
endfacet
facet normal -0.600595276100364 0.472004614789793 0.645365755167615
   outer loop
      vertex -0.0214492218804604 -0.760090035627206 0.195168939185015
      vertex 0.0399770469630336 -0.697823624006335 0.206793809585015
      vertex -0.0232655752745532 -0.733908988718919 0.174330417585015
   endloop
endfacet
facet normal -0.882019630207432 0.254471808085974 0.396592323196252
   outer loop
      vertex -0.0337697853867185 -0.786954261407045 0.185005376945015
      vertex -0.0214492218804604 -0.760090035627206 0.195168939185015
      vertex -0.0232655752745532 -0.733908988718919 0.174330417585015
   endloop
endfacet
facet normal -0.839608425324637 0.05756444804311 -0.540133341356905
   outer loop
      vertex -0.0237006571652351 -0.806145845629776 0.167308121265015
      vertex -0.0337697853867185 -0.786954261407045 0.185005376945015
      vertex -0.0232655752745532 -0.733908988718919 0.174330417585015
   endloop
endfacet
facet normal -0.577337520420748 0.523264504034491 0.626797931020803
   outer loop
      vertex 0.0399770469630336 -0.697823624006335 0.206793809585015
      vertex 0.0855472594191274 -0.644752014689697 0.204462761905015
      vertex 0.000124739221163859 -0.654123592724277 0.133604500145015
   endloop
endfacet
facet normal -0.91230340622102 0.045062844935371 -0.407028051863573
   outer loop
      vertex -0.0237006571652351 -0.806145845629776 0.167308121265015
      vertex -0.0232655752745532 -0.733908988718919 0.174330417585015
      vertex 0.000368370168803553 -0.696792285359422 0.125467090865015
   endloop
endfacet
facet normal -0.845463260622088 -0.140080182653442 -0.515334277305562
   outer loop
      vertex -0.0232655752745532 -0.733908988718919 0.174330417585015
      vertex -0.007265401618031 -0.674630564302412 0.131967057585015
      vertex 0.000368370168803553 -0.696792285359422 0.125467090865015
   endloop
endfacet
facet normal -0.608397673699318 0.56355974488654 0.558795744955771
   outer loop
      vertex -0.0232655752745532 -0.733908988718919 0.174330417585015
      vertex 0.0399770469630336 -0.697823624006335 0.206793809585015
      vertex -0.007265401618031 -0.674630564302412 0.131967057585015
   endloop
endfacet
facet normal -0.786335418121461 0.237845514777162 0.570180779497287
   outer loop
      vertex 0.0399770469630336 -0.697823624006335 0.206793809585015
      vertex 0.000124739221163859 -0.654123592724277 0.133604500145015
      vertex -0.007265401618031 -0.674630564302412 0.131967057585015
   endloop
endfacet
facet normal -0.701865786812977 -0.114516993918548 -0.703043580018522
   outer loop
      vertex 0.0485274448566059 -0.75396694213951 0.0867017315050149
      vertex -0.0237006571652351 -0.806145845629776 0.167308121265015
      vertex 0.000368370168803553 -0.696792285359422 0.125467090865015
   endloop
endfacet
facet normal -0.628053375258985 0.776217504059743 0.0550939580812659
   outer loop
      vertex 0.0398438436687501 -0.598092867054395 0.0802154911210149
      vertex 0.0674751733560173 -0.572545144083503 0.035262469553015
      vertex 0.0523041923739926 -0.583594466624222 0.017991823537015
   endloop
endfacet
facet normal 0.496355830703623 -0.640017420522683 0.586522455455891
   outer loop
      vertex 0.315512490310042 -1.02544621193665 0.232080635825015
      vertex 0.21773272681391 -1.03884015290536 0.300213065905015
      vertex 0.266268985474595 -1.04206711107791 0.255617050545015
   endloop
endfacet
facet normal 0.548149146495138 -0.580199081026198 0.602413097112777
   outer loop
      vertex 0.21773272681391 -1.03884015290536 0.300213065905015
      vertex 0.287256625068388 -0.998496051968986 0.275808126385015
      vertex 0.205814817773445 -1.02153543378613 0.327724044465015
   endloop
endfacet
facet normal 0.535260673410913 -0.519493595479656 0.666049859811798
   outer loop
      vertex 0.315512490310042 -1.02544621193665 0.232080635825015
      vertex 0.287256625068388 -0.998496051968986 0.275808126385015
      vertex 0.21773272681391 -1.03884015290536 0.300213065905015
   endloop
endfacet
facet normal 0.610532717509157 -0.434387525500526 0.662236572940829
   outer loop
      vertex 0.350882026976159 -0.991301115698816 0.221869699505015
      vertex 0.287256625068388 -0.998496051968986 0.275808126385015
      vertex 0.315512490310042 -1.02544621193665 0.232080635825015
   endloop
endfacet
facet normal 0.568828590054164 -0.234170015383503 0.788415143837485
   outer loop
      vertex 0.310738300565334 -0.957365332581356 0.271082865585015
      vertex 0.205814817773445 -1.02153543378613 0.327724044465015
      vertex 0.287256625068388 -0.998496051968986 0.275808126385015
   endloop
endfacet
facet normal 0.542106840119003 -0.157881092795595 0.825344615559984
   outer loop
      vertex 0.310738300565334 -0.957365332581356 0.271082865585015
      vertex 0.180169219739067 -0.991709707845728 0.350274106545015
      vertex 0.205814817773445 -1.02153543378613 0.327724044465015
   endloop
endfacet
facet normal 0.514388367870019 0.0211713114239394 0.857295971396465
   outer loop
      vertex 0.310738300565334 -0.957365332581356 0.271082865585015
      vertex 0.267393644328112 -0.927156453886961 0.296344182705015
      vertex 0.180169219739067 -0.991709707845728 0.350274106545015
   endloop
endfacet
facet normal -0.0312401289472804 -0.97452558620912 -0.222089928108252
   outer loop
      vertex 0.270106454700422 -1.03349769297607 0.217474842545015
      vertex 0.266268985474595 -1.04206711107791 0.255617050545015
      vertex 0.238193565432361 -1.04075961169724 0.253828982705015
   endloop
endfacet
facet normal -0.218483749190811 -0.902152691418901 -0.372001845029241
   outer loop
      vertex 0.226295932838441 -1.00156030126442 0.165753279665015
      vertex 0.270106454700422 -1.03349769297607 0.217474842545015
      vertex 0.238193565432361 -1.04075961169724 0.253828982705015
   endloop
endfacet
facet normal 0.33554126929135 -0.941286262974606 0.0373125680923915
   outer loop
      vertex 0.332606873860169 -1.02220929044307 0.160013727665015
      vertex 0.315512490310042 -1.02544621193665 0.232080635825015
      vertex 0.266268985474595 -1.04206711107791 0.255617050545015
   endloop
endfacet
facet normal -0.0278630396906342 -0.974696606659996 -0.221788583981878
   outer loop
      vertex 0.332606873860169 -1.02220929044307 0.160013727665015
      vertex 0.266268985474595 -1.04206711107791 0.255617050545015
      vertex 0.270106454700422 -1.03349769297607 0.217474842545015
   endloop
endfacet
facet normal 0.544859036437632 -0.624672767877135 0.559385880662869
   outer loop
      vertex 0.287256625068388 -0.998496051968986 0.275808126385015
      vertex 0.350882026976159 -0.991301115698816 0.221869699505015
      vertex 0.371793429157186 -0.962276349002684 0.233913648305015
   endloop
endfacet
facet normal 0.361539802124024 -0.227407502678749 0.904198429110301
   outer loop
      vertex 0.340799295609992 -0.909302917952836 0.271150889905015
      vertex 0.300792188753574 -0.881758266624558 0.294075085745015
      vertex 0.310738300565334 -0.957365332581356 0.271082865585015
   endloop
endfacet
facet normal 0.499634974608788 -0.188101351750807 0.845566540029343
   outer loop
      vertex 0.371793429157186 -0.962276349002684 0.233913648305015
      vertex 0.310738300565334 -0.957365332581356 0.271082865585015
      vertex 0.287256625068388 -0.998496051968986 0.275808126385015
   endloop
endfacet
facet normal 0.4782602620537 -0.300299487671946 0.82528015815497
   outer loop
      vertex 0.371793429157186 -0.962276349002684 0.233913648305015
      vertex 0.340799295609992 -0.909302917952836 0.271150889905015
      vertex 0.310738300565334 -0.957365332581356 0.271082865585015
   endloop
endfacet
facet normal 0.707132192313369 -0.647605978966856 0.283849535142244
   outer loop
      vertex 0.315512490310042 -1.02544621193665 0.232080635825015
      vertex 0.364128081053213 -1.00378004916313 0.160400008625015
      vertex 0.350882026976159 -0.991301115698816 0.221869699505015
   endloop
endfacet
facet normal 0.380548889834485 -0.574781304128527 0.724437019257058
   outer loop
      vertex 0.408403579102849 -0.968643798470213 0.209630180785015
      vertex 0.371793429157186 -0.962276349002684 0.233913648305015
      vertex 0.350882026976159 -0.991301115698816 0.221869699505015
   endloop
endfacet
facet normal 0.498123281760776 -0.273750700568775 0.822759837441024
   outer loop
      vertex 0.433910594564115 -0.907948500431173 0.214382165425015
      vertex 0.371793429157186 -0.962276349002684 0.233913648305015
      vertex 0.408403579102849 -0.968643798470213 0.209630180785015
   endloop
endfacet
facet normal 0.545723656562124 -0.244181109410004 0.801599199398156
   outer loop
      vertex 0.371793429157186 -0.962276349002684 0.233913648305015
      vertex 0.38158470753692 -0.861704601137845 0.257883718065015
      vertex 0.340799295609992 -0.909302917952836 0.271150889905015
   endloop
endfacet
facet normal -0.293609045758847 -0.904357204088336 -0.309728551577194
   outer loop
      vertex 0.27533606638112 -0.998925276551787 0.111571544369015
      vertex 0.270106454700422 -1.03349769297607 0.217474842545015
      vertex 0.226295932838441 -1.00156030126442 0.165753279665015
   endloop
endfacet
facet normal 0.000990512509525646 -0.981447065371798 -0.191730740253239
   outer loop
      vertex 0.323321365385699 -1.01659745645037 0.131239440305015
      vertex 0.332606873860169 -1.02220929044307 0.160013727665015
      vertex 0.270106454700422 -1.03349769297607 0.217474842545015
   endloop
endfacet
facet normal -0.212754624421772 -0.925715387889666 -0.312708315225924
   outer loop
      vertex 0.27533606638112 -0.998925276551787 0.111571544369015
      vertex 0.323321365385699 -1.01659745645037 0.131239440305015
      vertex 0.270106454700422 -1.03349769297607 0.217474842545015
   endloop
endfacet
facet normal -0.208384819142256 -0.949448230617722 -0.234784634352265
   outer loop
      vertex 0.27533606638112 -0.998925276551787 0.111571544369015
      vertex 0.226295932838441 -1.00156030126442 0.165753279665015
      vertex 0.195406747516201 -0.984031559248246 0.122284524465015
   endloop
endfacet
facet normal -0.204170192135594 -0.960800028862478 -0.187557556982317
   outer loop
      vertex 0.250439024344217 -0.985289763364704 0.0688232396010149
      vertex 0.27533606638112 -0.998925276551787 0.111571544369015
      vertex 0.195406747516201 -0.984031559248246 0.122284524465015
   endloop
endfacet
facet normal -0.281704981716773 -0.921225415979057 -0.268302136089459
   outer loop
      vertex 0.220296308558006 -0.967946385950128 0.0409225788650149
      vertex 0.250439024344217 -0.985289763364704 0.0688232396010149
      vertex 0.195406747516201 -0.984031559248246 0.122284524465015
   endloop
endfacet
facet normal -0.5595801864999 0.511734603333914 0.651918484649285
   outer loop
      vertex 0.187824914510301 -0.717837095880346 0.354749135025015
      vertex 0.185357482025755 -0.639287949034789 0.290972690865015
      vertex 0.0913324830232936 -0.742722982548794 0.291458578865015
   endloop
endfacet
facet normal -0.551801974670054 0.504720331133379 0.663906595908522
   outer loop
      vertex 0.185357482025755 -0.639287949034789 0.290972690865015
      vertex 0.10554736583852 -0.658705212449378 0.239400538545015
      vertex 0.0913324830232936 -0.742722982548794 0.291458578865015
   endloop
endfacet
facet normal -0.60473253377429 0.490900175455591 0.627148770494367
   outer loop
      vertex 0.0913324830232936 -0.742722982548794 0.291458578865015
      vertex 0.10554736583852 -0.658705212449378 0.239400538545015
      vertex 0.0399770469630336 -0.697823624006335 0.206793809585015
   endloop
endfacet
facet normal -0.611150868304207 0.549778290987257 0.569419394585524
   outer loop
      vertex 0.0399770469630336 -0.697823624006335 0.206793809585015
      vertex 0.10554736583852 -0.658705212449378 0.239400538545015
      vertex 0.0855472594191274 -0.644752014689697 0.204462761905015
   endloop
endfacet
facet normal -0.489972114297009 0.723892610225997 0.485702394549905
   outer loop
      vertex 0.141052608998451 -0.629115550917584 0.231117362865015
      vertex 0.10554736583852 -0.658705212449378 0.239400538545015
      vertex 0.185357482025755 -0.639287949034789 0.290972690865015
   endloop
endfacet
facet normal -0.45897382667225 0.70286064184559 0.543442678278249
   outer loop
      vertex 0.0855472594191274 -0.644752014689697 0.204462761905015
      vertex 0.10554736583852 -0.658705212449378 0.239400538545015
      vertex 0.141052608998451 -0.629115550917584 0.231117362865015
   endloop
endfacet
facet normal 0.386864048457632 -0.04576804191726 0.921000268376742
   outer loop
      vertex 0.347917534187855 -0.798995133362476 0.284589337265015
      vertex 0.304091508080564 -0.726052807549191 0.306623143345015
      vertex 0.262441594037419 -0.777812049178632 0.321545978545015
   endloop
endfacet
facet normal 0.382874523057371 -0.0629992334385164 0.921649714468436
   outer loop
      vertex 0.347917534187855 -0.798995133362476 0.284589337265015
      vertex 0.262441594037419 -0.777812049178632 0.321545978545015
      vertex 0.287243700670707 -0.831762547048566 0.307554833585015
   endloop
endfacet
facet normal 0.441726514071353 -0.00559512738408014 0.897132309816076
   outer loop
      vertex 0.368769981504603 -0.742831800745352 0.274672363185015
      vertex 0.304091508080564 -0.726052807549191 0.306623143345015
      vertex 0.347917534187855 -0.798995133362476 0.284589337265015
   endloop
endfacet
facet normal -0.0264960584250813 -0.903606414688571 -0.427543455360506
   outer loop
      vertex 0.175294202761056 -0.950308460947701 0.00643400568101491
      vertex 0.220296308558006 -0.967946385950128 0.0409225788650149
      vertex 0.129846156479202 -0.955777715153161 0.0208097309930149
   endloop
endfacet
facet normal -0.491001068187664 -0.680735060405197 -0.543615423414113
   outer loop
      vertex 0.101793660532098 -0.96781988019675 0.0629529837290149
      vertex 0.0474807136537869 -0.969680425350151 0.114339040945015
      vertex 0.054454019979499 -0.950144541964701 0.0835771072490149
   endloop
endfacet
facet normal -0.488535570947569 -0.698864301170027 -0.522419069779294
   outer loop
      vertex 0.0994317542166782 -0.9494108500354 0.0405350831850149
      vertex 0.101793660532098 -0.96781988019675 0.0629529837290149
      vertex 0.054454019979499 -0.950144541964701 0.0835771072490149
   endloop
endfacet
facet normal -0.486006090924718 -0.699832756460438 -0.523480842599861
   outer loop
      vertex 0.129846156479202 -0.955777715153161 0.0208097309930149
      vertex 0.101793660532098 -0.96781988019675 0.0629529837290149
      vertex 0.0994317542166782 -0.9494108500354 0.0405350831850149
   endloop
endfacet
facet normal -0.62177609920514 0.0109317777771537 -0.783118751334605
   outer loop
      vertex 0.0905710670465025 -0.818059608201817 0.0567449142250149
      vertex 0.054454019979499 -0.950144541964701 0.0835771072490149
      vertex 0.0482836671155575 -0.887535520155354 0.0893501855210149
   endloop
endfacet
facet normal -0.0586794225411411 -0.948861606384021 -0.310190872368246
   outer loop
      vertex 0.129846156479202 -0.955777715153161 0.0208097309930149
      vertex 0.220296308558006 -0.967946385950128 0.0409225788650149
      vertex 0.101793660532098 -0.96781988019675 0.0629529837290149
   endloop
endfacet
facet normal -0.357940650120257 -0.896031726076499 -0.2626892400839
   outer loop
      vertex 0.112938123965042 -0.945912461227735 0.0101983014890149
      vertex 0.129846156479202 -0.955777715153161 0.0208097309930149
      vertex 0.0994317542166782 -0.9494108500354 0.0405350831850149
   endloop
endfacet
facet normal -0.691413002731436 0.00323408874486934 -0.72245249001155
   outer loop
      vertex 0.107231605040283 -0.906501051524568 0.0332624330730149
      vertex 0.0994317542166782 -0.9494108500354 0.0405350831850149
      vertex 0.054454019979499 -0.950144541964701 0.0835771072490149
   endloop
endfacet
facet normal -0.711318182388169 0.0521109360900778 -0.700935727255935
   outer loop
      vertex 0.054454019979499 -0.950144541964701 0.0835771072490149
      vertex 0.0905710670465025 -0.818059608201817 0.0567449142250149
      vertex 0.107231605040283 -0.906501051524568 0.0332624330730149
   endloop
endfacet
facet normal -0.012241482680115 -0.741985006597193 -0.670304703912151
   outer loop
      vertex 0.127862326878873 -0.940883075885708 0.00435853508901493
      vertex 0.129846156479202 -0.955777715153161 0.0208097309930149
      vertex 0.112938123965042 -0.945912461227735 0.0101983014890149
   endloop
endfacet
facet normal -0.913253113347318 0.0990281679408743 -0.395173598454787
   outer loop
      vertex 0.0994317542166782 -0.9494108500354 0.0405350831850149
      vertex 0.107231605040283 -0.906501051524568 0.0332624330730149
      vertex 0.112938123965042 -0.945912461227735 0.0101983014890149
   endloop
endfacet
facet normal -0.985206200528623 -0.166469911872658 0.0407002565233158
   outer loop
      vertex 0.112938123965042 -0.945912461227735 0.0101983014890149
      vertex 0.107231605040283 -0.906501051524568 0.0332624330730149
      vertex 0.109654592681617 -0.926942612807327 0.00830528184101493
   endloop
endfacet
facet normal -0.316623539448341 -0.148297906656127 -0.936887007674146
   outer loop
      vertex 0.127862326878873 -0.940883075885708 0.00435853508901493
      vertex 0.112938123965042 -0.945912461227735 0.0101983014890149
      vertex 0.109654592681617 -0.926942612807327 0.00830528184101493
   endloop
endfacet
facet normal -0.0850255113145209 0.167044249399239 -0.982276377181264
   outer loop
      vertex 0.175423848859005 -0.916548548374174 0.00437991416101491
      vertex 0.127862326878873 -0.940883075885708 0.00435853508901493
      vertex 0.109654592681617 -0.926942612807327 0.00830528184101493
   endloop
endfacet
facet normal -0.994428870814099 -0.104870474058943 -0.0106491578093263
   outer loop
      vertex 0.109654592681617 -0.926942612807327 0.00830528184101493
      vertex 0.107231605040283 -0.906501051524568 0.0332624330730149
      vertex 0.10844715449945 -0.915319959386985 0.00659981496101493
   endloop
endfacet
facet normal -0.0354824376881143 -0.148697842913919 -0.988245894566963
   outer loop
      vertex 0.175423848859005 -0.916548548374174 0.00437991416101491
      vertex 0.109654592681617 -0.926942612807327 0.00830528184101493
      vertex 0.10844715449945 -0.915319959386985 0.00659981496101493
   endloop
endfacet
facet normal -0.0339879533657447 -0.0492231646583784 -0.998209346323216
   outer loop
      vertex 0.175423848859005 -0.916548548374174 0.00437991416101491
      vertex 0.10844715449945 -0.915319959386985 0.00659981496101493
      vertex 0.163594309826603 -0.869056029946526 0.00244077159461492
   endloop
endfacet
facet normal 0.024575064129772 -0.118530863781341 -0.992646211172071
   outer loop
      vertex 0.163594309826603 -0.869056029946526 0.00244077159461492
      vertex 0.10844715449945 -0.915319959386985 0.00659981496101493
      vertex 0.108571263110094 -0.887214432804025 0.00324683549221494
   endloop
endfacet
facet normal -0.999987686139217 0.00462912302565322 0.00178851613049887
   outer loop
      vertex 0.10844715449945 -0.915319959386985 0.00659981496101493
      vertex 0.108694365722688 -0.860497062367226 0.00292427874341494
      vertex 0.108571263110094 -0.887214432804025 0.00324683549221494
   endloop
endfacet
facet normal -0.906474421799555 0.032314488653087 0.42102244173708
   outer loop
      vertex 0.10844715449945 -0.915319959386985 0.00659981496101493
      vertex 0.110417361262681 -0.833812135217162 0.00458580920101494
      vertex 0.108694365722688 -0.860497062367226 0.00292427874341494
   endloop
endfacet
facet normal -0.998330430183339 0.0228205107810118 -0.0530620057823139
   outer loop
      vertex 0.10844715449945 -0.915319959386985 0.00659981496101493
      vertex 0.107231605040283 -0.906501051524568 0.0332624330730149
      vertex 0.110417361262681 -0.833812135217162 0.00458580920101494
   endloop
endfacet
facet normal -0.744111045324218 -0.139159289617872 -0.653401441947864
   outer loop
      vertex 0.0991952912290117 -0.726117082369995 0.0177069716970149
      vertex 0.0266403629483572 -0.632683244480792 0.0804352339690149
      vertex 0.0861953478750443 -0.661413716737489 0.018731345073015
   endloop
endfacet
facet normal -0.867957053951473 -0.166981520105279 -0.467726121185475
   outer loop
      vertex 0.0991952912290117 -0.726117082369995 0.0177069716970149
      vertex 0.0861953478750443 -0.661413716737489 0.018731345073015
      vertex 0.103129111246819 -0.698959306611511 0.000711484055414943
   endloop
endfacet
facet normal -0.906449104223762 -0.12176387394127 -0.404380489705863
   outer loop
      vertex 0.104363413638671 -0.728677764364228 0.00689329131301494
      vertex 0.0991952912290117 -0.726117082369995 0.0177069716970149
      vertex 0.103129111246819 -0.698959306611511 0.000711484055414943
   endloop
endfacet
facet normal 0.165495340163022 -0.194251684899876 -0.96689067391194
   outer loop
      vertex 0.120594853378508 -0.686243340254088 0.00114628093221494
      vertex 0.104363413638671 -0.728677764364228 0.00689329131301494
      vertex 0.103129111246819 -0.698959306611511 0.000711484055414943
   endloop
endfacet
facet normal -0.735243593709585 -0.00631381076316417 -0.677773556361313
   outer loop
      vertex 0.103129111246819 -0.698959306611511 0.000711484055414943
      vertex 0.0861953478750443 -0.661413716737489 0.018731345073015
      vertex 0.0996190811046184 -0.673412617445686 0.00428115742501495
   endloop
endfacet
facet normal -0.468956973721876 0.0587075980380442 -0.881267708888862
   outer loop
      vertex 0.116299933222369 -0.660499568297338 -0.00373514427098506
      vertex 0.103129111246819 -0.698959306611511 0.000711484055414943
      vertex 0.0996190811046184 -0.673412617445686 0.00428115742501495
   endloop
endfacet
facet normal -0.638146053902645 0.426373405475692 -0.641073578453786
   outer loop
      vertex 0.0996190811046184 -0.673412617445686 0.00428115742501495
      vertex 0.13286340574569 -0.630907926850076 -0.000541791157385062
      vertex 0.116299933222369 -0.660499568297338 -0.00373514427098506
   endloop
endfacet
facet normal 0.141898687707812 -0.161508455440241 -0.976616496506233
   outer loop
      vertex 0.120594853378508 -0.686243340254088 0.00114628093221494
      vertex 0.103129111246819 -0.698959306611511 0.000711484055414943
      vertex 0.116299933222369 -0.660499568297338 -0.00373514427098506
   endloop
endfacet
facet normal -0.752079042195997 -0.244502614040512 -0.612042143987575
   outer loop
      vertex 0.0861953478750443 -0.661413716737489 0.018731345073015
      vertex 0.0266403629483572 -0.632683244480792 0.0804352339690149
      vertex 0.0826778210153418 -0.619053966362374 0.00613154040101495
   endloop
endfacet
facet normal -0.795485141930343 -0.201856589631092 -0.571364425030617
   outer loop
      vertex 0.0996190811046184 -0.673412617445686 0.00428115742501495
      vertex 0.0861953478750443 -0.661413716737489 0.018731345073015
      vertex 0.0941023882199342 -0.658196754870331 0.00658621009701495
   endloop
endfacet
facet normal -0.225017540517248 0.0656864993640478 -0.972138051030236
   outer loop
      vertex 0.13286340574569 -0.630907926850076 -0.000541791157385062
      vertex 0.0996190811046184 -0.673412617445686 0.00428115742501495
      vertex 0.0941023882199342 -0.658196754870331 0.00658621009701495
   endloop
endfacet
facet normal 0.588359425034135 -0.780773853046167 0.210298305682534
   outer loop
      vertex 0.100705142974793 -0.655785928194458 -0.00293589495258505
      vertex 0.13286340574569 -0.630907926850076 -0.000541791157385062
      vertex 0.0941023882199342 -0.658196754870331 0.00658621009701495
   endloop
endfacet
facet normal 0.148064954593488 -0.0966772471652524 -0.984240965974175
   outer loop
      vertex 0.152436127209206 -0.589241439737419 -0.00169005382618507
      vertex 0.13286340574569 -0.630907926850076 -0.000541791157385062
      vertex 0.100705142974793 -0.655785928194458 -0.00293589495258505
   endloop
endfacet
facet normal -0.812701225271658 -0.0623814531368112 -0.579331746710367
   outer loop
      vertex 0.0941023882199342 -0.658196754870331 0.00658621009701495
      vertex 0.0959724407804296 -0.613270571643782 -0.00087472161498505
      vertex 0.100705142974793 -0.655785928194458 -0.00293589495258505
   endloop
endfacet
facet normal -0.0216456695591475 0.0355328315895664 -0.999134066513881
   outer loop
      vertex 0.152436127209206 -0.589241439737419 -0.00169005382618507
      vertex 0.100705142974793 -0.655785928194458 -0.00293589495258505
      vertex 0.124877807146309 -0.596112663043597 -0.00133738416858506
   endloop
endfacet
facet normal -0.0419308041422358 0.0437240039771656 -0.998163322878671
   outer loop
      vertex 0.124877807146309 -0.596112663043597 -0.00133738416858506
      vertex 0.100705142974793 -0.655785928194458 -0.00293589495258505
      vertex 0.0959724407804296 -0.613270571643782 -0.00087472161498505
   endloop
endfacet
facet normal -0.784707429563731 -0.235691161251343 -0.573309625329521
   outer loop
      vertex 0.0861953478750443 -0.661413716737489 0.018731345073015
      vertex 0.0826778210153418 -0.619053966362374 0.00613154040101495
      vertex 0.0941023882199342 -0.658196754870331 0.00658621009701495
   endloop
endfacet
facet normal -0.416578382993736 -0.132034160628273 -0.899460633518506
   outer loop
      vertex 0.0941023882199342 -0.658196754870331 0.00658621009701495
      vertex 0.0826778210153418 -0.619053966362374 0.00613154040101495
      vertex 0.0959724407804296 -0.613270571643782 -0.00087472161498505
   endloop
endfacet
facet normal -0.888221269587251 0.344371277244327 -0.304091104213724
   outer loop
      vertex -0.007265401618031 -0.674630564302412 0.131967057585015
      vertex 0.000124739221163859 -0.654123592724277 0.133604500145015
      vertex 0.0266403629483572 -0.632683244480792 0.0804352339690149
   endloop
endfacet
facet normal -0.765438335414592 0.630778935844078 -0.127365963950939
   outer loop
      vertex 0.000124739221163859 -0.654123592724277 0.133604500145015
      vertex 0.0265906563352169 -0.626136652552822 0.113155903665015
      vertex 0.0266403629483572 -0.632683244480792 0.0804352339690149
   endloop
endfacet
facet normal -0.931947166091517 0.355272670188859 -0.072496961528531
   outer loop
      vertex 0.0266403629483572 -0.632683244480792 0.0804352339690149
      vertex 0.0265906563352169 -0.626136652552822 0.113155903665015
      vertex 0.0398438436687501 -0.598092867054395 0.0802154911210149
   endloop
endfacet
facet normal -0.929443097639188 0.354119187833257 -0.103610467903516
   outer loop
      vertex 0.0266403629483572 -0.632683244480792 0.0804352339690149
      vertex 0.0398438436687501 -0.598092867054395 0.0802154911210149
      vertex 0.0523041923739926 -0.583594466624222 0.017991823537015
   endloop
endfacet
facet normal -0.353994299748218 0.884781142048471 0.303068253733663
   outer loop
      vertex 0.200630250922964 -0.528188067560602 0.0601344689130149
      vertex 0.0934005496895387 -0.590979960730709 0.118201850545015
      vertex 0.184720205447033 -0.567154178156787 0.155309117105015
   endloop
endfacet
facet normal -0.352993866624694 0.885081356549022 0.303358405874454
   outer loop
      vertex 0.200630250922964 -0.528188067560602 0.0601344689130149
      vertex 0.184720205447033 -0.567154178156787 0.155309117105015
      vertex 0.312065347787529 -0.511452327145891 0.140974206385015
   endloop
endfacet
facet normal -0.347866293373959 0.903128836028267 0.251688989565477
   outer loop
      vertex 0.175946170755945 -0.52866235313842 0.0277197871850149
      vertex 0.0674751733560173 -0.572545144083503 0.035262469553015
      vertex 0.200630250922964 -0.528188067560602 0.0601344689130149
   endloop
endfacet
facet normal -0.350059641197413 0.932866699956294 -0.0849586235610788
   outer loop
      vertex 0.181186574800711 -0.528567937348679 0.00716417387301492
      vertex 0.095274803692878 -0.560381792773768 0.011827119537015
      vertex 0.175946170755945 -0.52866235313842 0.0277197871850149
   endloop
endfacet
facet normal -0.00171228692878958 0.145197044162893 -0.98940127675268
   outer loop
      vertex 0.181186574800711 -0.528567937348679 0.00716417387301492
      vertex 0.152436127209206 -0.589241439737419 -0.00169005382618507
      vertex 0.108653243078551 -0.565136729656088 0.00192314296101495
   endloop
endfacet
facet normal -0.420471546217679 0.90143420289136 -0.103053659221466
   outer loop
      vertex 0.217388450879194 -0.512305161781921 0.00171034831141491
      vertex 0.181186574800711 -0.528567937348679 0.00716417387301492
      vertex 0.175946170755945 -0.52866235313842 0.0277197871850149
   endloop
endfacet
facet normal -0.25595105106499 0.257267498101393 -0.931827502212387
   outer loop
      vertex 0.217388450879194 -0.512305161781921 0.00171034831141491
      vertex 0.152436127209206 -0.589241439737419 -0.00169005382618507
      vertex 0.181186574800711 -0.528567937348679 0.00716417387301492
   endloop
endfacet
facet normal -0.327127316683516 0.942281630263492 0.0713655935827506
   outer loop
      vertex 0.217388450879194 -0.512305161781921 0.00171034831141491
      vertex 0.175946170755945 -0.52866235313842 0.0277197871850149
      vertex 0.243760294376761 -0.504819534680399 0.0237571276010149
   endloop
endfacet
facet normal -0.311611313270863 0.923482378139338 0.223782677407615
   outer loop
      vertex 0.243760294376761 -0.504819534680399 0.0237571276010149
      vertex 0.175946170755945 -0.52866235313842 0.0277197871850149
      vertex 0.200630250922964 -0.528188067560602 0.0601344689130149
   endloop
endfacet
facet normal -0.143477804933384 0.976637880300052 -0.15997678036052
   outer loop
      vertex 0.217388450879194 -0.512305161781921 0.00171034831141491
      vertex 0.243760294376761 -0.504819534680399 0.0237571276010149
      vertex 0.234649101406087 -0.508983292419035 0.0065094397930149
   endloop
endfacet
facet normal 0.293420451835878 -0.164001180120011 -0.941811048652368
   outer loop
      vertex 0.234649101406087 -0.508983292419035 0.0065094397930149
      vertex 0.185348433692803 -0.560267266919388 8.01333354149215e-005
      vertex 0.217388450879194 -0.512305161781921 0.00171034831141491
   endloop
endfacet
facet normal 0.231249845630269 -0.100997071035914 -0.967637897427619
   outer loop
      vertex 0.234649101406087 -0.508983292419035 0.0065094397930149
      vertex 0.169931242909788 -0.606682216380546 0.00124022737701493
      vertex 0.185348433692803 -0.560267266919388 8.01333354149215e-005
   endloop
endfacet
facet normal 0.888352043274557 -0.3920413286549 0.239027705164945
   outer loop
      vertex 0.408403579102849 -0.968643798470213 0.209630180785015
      vertex 0.442875872386117 -0.902071783746929 0.190701199025015
      vertex 0.433910594564115 -0.907948500431173 0.214382165425015
   endloop
endfacet
facet normal 0.480802571144161 -0.247306252208238 0.841230352043885
   outer loop
      vertex 0.433910594564115 -0.907948500431173 0.214382165425015
      vertex 0.38158470753692 -0.861704601137845 0.257883718065015
      vertex 0.371793429157186 -0.962276349002684 0.233913648305015
   endloop
endfacet
facet normal 0.84835973385646 -0.490402280639003 0.199477730875055
   outer loop
      vertex 0.433910594564115 -0.907948500431173 0.214382165425015
      vertex 0.442875872386117 -0.902071783746929 0.190701199025015
      vertex 0.472502125521424 -0.842418319753887 0.211357512625015
   endloop
endfacet
facet normal 0.354545364814514 -0.198751783374429 0.913671337458951
   outer loop
      vertex 0.410289105042258 -0.826364473136864 0.254432698545015
      vertex 0.347917534187855 -0.798995133362476 0.284589337265015
      vertex 0.38158470753692 -0.861704601137845 0.257883718065015
   endloop
endfacet
facet normal 0.434478652928441 -0.00227782854706747 0.900679250147686
   outer loop
      vertex 0.410289105042258 -0.826364473136864 0.254432698545015
      vertex 0.368769981504603 -0.742831800745352 0.274672363185015
      vertex 0.347917534187855 -0.798995133362476 0.284589337265015
   endloop
endfacet
facet normal 0.451734137880555 -0.284336046772636 0.845629517684323
   outer loop
      vertex 0.433910594564115 -0.907948500431173 0.214382165425015
      vertex 0.410289105042258 -0.826364473136864 0.254432698545015
      vertex 0.38158470753692 -0.861704601137845 0.257883718065015
   endloop
endfacet
facet normal 0.385576550007854 -0.314236041740065 0.867517397033383
   outer loop
      vertex 0.469184091395579 -0.825695888112962 0.228498426545015
      vertex 0.410289105042258 -0.826364473136864 0.254432698545015
      vertex 0.433910594564115 -0.907948500431173 0.214382165425015
   endloop
endfacet
facet normal 0.835716885822947 -0.303384177298108 0.457750289694661
   outer loop
      vertex 0.472502125521424 -0.842418319753887 0.211357512625015
      vertex 0.488927410574125 -0.770375254817445 0.229117933745015
      vertex 0.469184091395579 -0.825695888112962 0.228498426545015
   endloop
endfacet
facet normal 0.342473839435241 -0.0570013559807788 0.937796627589819
   outer loop
      vertex 0.488927410574125 -0.770375254817445 0.229117933745015
      vertex 0.368769981504603 -0.742831800745352 0.274672363185015
      vertex 0.410289105042258 -0.826364473136864 0.254432698545015
   endloop
endfacet
facet normal 0.399726235034924 -0.152779182650145 0.9038127341289
   outer loop
      vertex 0.488927410574125 -0.770375254817445 0.229117933745015
      vertex 0.410289105042258 -0.826364473136864 0.254432698545015
      vertex 0.469184091395579 -0.825695888112962 0.228498426545015
   endloop
endfacet
facet normal 0.773026033113605 -0.312361155196421 0.552142428050046
   outer loop
      vertex 0.472502125521424 -0.842418319753887 0.211357512625015
      vertex 0.496462537620135 -0.796554317224611 0.203758224305015
      vertex 0.488927410574125 -0.770375254817445 0.229117933745015
   endloop
endfacet
facet normal 0.735562316146146 -0.408227291501822 0.540646425622886
   outer loop
      vertex 0.433910594564115 -0.907948500431173 0.214382165425015
      vertex 0.472502125521424 -0.842418319753887 0.211357512625015
      vertex 0.469184091395579 -0.825695888112962 0.228498426545015
   endloop
endfacet
facet normal 0.423122573282004 -0.0422045457346783 0.905088981425884
   outer loop
      vertex 0.488927410574125 -0.770375254817445 0.229117933745015
      vertex 0.479958053038654 -0.709702515948454 0.236140230065015
      vertex 0.446981901894529 -0.703947633578279 0.251824694705015
   endloop
endfacet
facet normal 0.860250949327788 -0.204737841029224 0.466959013866669
   outer loop
      vertex 0.496462537620135 -0.796554317224611 0.203758224305015
      vertex 0.510364456921187 -0.743453386080015 0.201429606065015
      vertex 0.488927410574125 -0.770375254817445 0.229117933745015
   endloop
endfacet
facet normal 0.770703562106365 0.0403331832200199 0.635916074405971
   outer loop
      vertex 0.488927410574125 -0.770375254817445 0.229117933745015
      vertex 0.510364456921187 -0.743453386080015 0.201429606065015
      vertex 0.479958053038654 -0.709702515948454 0.236140230065015
   endloop
endfacet
facet normal 0.827487153031954 -0.50072446256201 -0.254047287249949
   outer loop
      vertex 0.408403579102849 -0.968643798470213 0.209630180785015
      vertex 0.401207473327186 -0.953310283615048 0.155968710065015
      vertex 0.442875872386117 -0.902071783746929 0.190701199025015
   endloop
endfacet
facet normal 0.829444364382193 -0.452749378579752 -0.327169751948843
   outer loop
      vertex 0.401207473327186 -0.953310283615048 0.155968710065015
      vertex 0.428293697118429 -0.880750298175981 0.124226861745015
      vertex 0.442875872386117 -0.902071783746929 0.190701199025015
   endloop
endfacet
facet normal 0.891044432169938 -0.337373203433287 -0.303676046971298
   outer loop
      vertex 0.442875872386117 -0.902071783746929 0.190701199025015
      vertex 0.428293697118429 -0.880750298175981 0.124226861745015
      vertex 0.472502125521424 -0.842418319753887 0.211357512625015
   endloop
endfacet
facet normal 0.867849297452861 -0.428206211478999 -0.251946497021448
   outer loop
      vertex 0.428293697118429 -0.880750298175981 0.124226861745015
      vertex 0.459704532578693 -0.818098855937105 0.125942046385015
      vertex 0.472502125521424 -0.842418319753887 0.211357512625015
   endloop
endfacet
facet normal 0.835274943485905 -0.480617122614263 -0.267063569650756
   outer loop
      vertex 0.472502125521424 -0.842418319753887 0.211357512625015
      vertex 0.503464552830388 -0.761855169692856 0.163212085425015
      vertex 0.496462537620135 -0.796554317224611 0.203758224305015
   endloop
endfacet
facet normal 0.838099508274743 -0.478575144424579 -0.261830184219903
   outer loop
      vertex 0.472502125521424 -0.842418319753887 0.211357512625015
      vertex 0.459704532578693 -0.818098855937105 0.125942046385015
      vertex 0.503464552830388 -0.761855169692856 0.163212085425015
   endloop
endfacet
facet normal 0.965556001803666 -0.255043611173524 -0.0515205180533574
   outer loop
      vertex 0.496462537620135 -0.796554317224611 0.203758224305015
      vertex 0.503464552830388 -0.761855169692856 0.163212085425015
      vertex 0.510364456921187 -0.743453386080015 0.201429606065015
   endloop
endfacet
facet normal 0.95975737473395 -0.278053731198322 -0.0393942154444925
   outer loop
      vertex 0.503464552830388 -0.761855169692856 0.163212085425015
      vertex 0.51656406374279 -0.716801221890623 0.164352707505015
      vertex 0.510364456921187 -0.743453386080015 0.201429606065015
   endloop
endfacet
facet normal 0.955746331124317 -0.2801578070092 0.0897805865106912
   outer loop
      vertex 0.503464552830388 -0.761855169692856 0.163212085425015
      vertex 0.521264809031372 -0.713064735696475 0.125971199665015
      vertex 0.51656406374279 -0.716801221890623 0.164352707505015
   endloop
endfacet
facet normal 0.837005943951794 -0.490500096958639 -0.242550416765118
   outer loop
      vertex 0.459704532578693 -0.818098855937105 0.125942046385015
      vertex 0.521264809031372 -0.713064735696475 0.125971199665015
      vertex 0.503464552830388 -0.761855169692856 0.163212085425015
   endloop
endfacet
facet normal 0.757442363004796 -0.508847287452527 -0.409091071496208
   outer loop
      vertex 0.459704532578693 -0.818098855937105 0.125942046385015
      vertex 0.442087080032052 -0.78072294246253 0.0468329204970148
      vertex 0.477579635168254 -0.726688387509621 0.0453374787050148
   endloop
endfacet
facet normal 0.805977251862987 -0.472282517833971 -0.356861167441615
   outer loop
      vertex 0.459704532578693 -0.818098855937105 0.125942046385015
      vertex 0.477579635168254 -0.726688387509621 0.0453374787050148
      vertex 0.521264809031372 -0.713064735696475 0.125971199665015
   endloop
endfacet
facet normal 0.451724029289559 0.0336050171597323 0.891524595389325
   outer loop
      vertex 0.351181994478843 -0.609843696092809 0.277038637745015
      vertex 0.2873291005925 -0.613147409409724 0.309516606385015
      vertex 0.316720564971864 -0.687938719804065 0.297443504305015
   endloop
endfacet
facet normal 0.444818860293068 0.123382678125333 0.88708111030852
   outer loop
      vertex 0.351181994478843 -0.609843696092809 0.277038637745015
      vertex 0.320759080161218 -0.569952012638308 0.286745465265015
      vertex 0.2873291005925 -0.613147409409724 0.309516606385015
   endloop
endfacet
facet normal 0.0532440365414923 0.433117715266799 0.899763367388802
   outer loop
      vertex 0.320759080161218 -0.569952012638308 0.286745465265015
      vertex 0.262211299743709 -0.607844018680432 0.308450082225015
      vertex 0.2873291005925 -0.613147409409724 0.309516606385015
   endloop
endfacet
facet normal 0.0668506008590341 0.416145803353114 0.906837178062511
   outer loop
      vertex 0.320759080161218 -0.569952012638308 0.286745465265015
      vertex 0.298515180961371 -0.559967579341666 0.283803413425015
      vertex 0.262211299743709 -0.607844018680432 0.308450082225015
   endloop
endfacet
facet normal 0.0999531652266432 0.479567576071487 0.871793728322298
   outer loop
      vertex 0.387768986428805 -0.527803454954976 0.255877000625015
      vertex 0.298515180961371 -0.559967579341666 0.283803413425015
      vertex 0.320759080161218 -0.569952012638308 0.286745465265015
   endloop
endfacet
facet normal 0.309811957899445 0.00492021081293257 0.950785118871803
   outer loop
      vertex 0.411019678309373 -0.54962391434533 0.257228983985015
      vertex 0.320759080161218 -0.569952012638308 0.286745465265015
      vertex 0.351181994478843 -0.609843696092809 0.277038637745015
   endloop
endfacet
facet normal 0.788803400616536 0.0845197142713079 0.608806712409847
   outer loop
      vertex 0.510364456921187 -0.743453386080015 0.201429606065015
      vertex 0.485830253738813 -0.658144000113931 0.221374093745015
      vertex 0.479958053038654 -0.709702515948454 0.236140230065015
   endloop
endfacet
facet normal 0.435254005107937 0.0431624429493964 0.899272458466365
   outer loop
      vertex 0.479958053038654 -0.709702515948454 0.236140230065015
      vertex 0.453680489104254 -0.62417769706577 0.244753809585015
      vertex 0.446981901894529 -0.703947633578279 0.251824694705015
   endloop
endfacet
facet normal 0.670756265428857 0.132596160420188 0.729728915851467
   outer loop
      vertex 0.485830253738813 -0.658144000113931 0.221374093745015
      vertex 0.453680489104254 -0.62417769706577 0.244753809585015
      vertex 0.479958053038654 -0.709702515948454 0.236140230065015
   endloop
endfacet
facet normal 0.710987072237605 0.211300621075881 0.670708156088731
   outer loop
      vertex 0.485830253738813 -0.658144000113931 0.221374093745015
      vertex 0.489522612945353 -0.60217478450892 0.199827390385015
      vertex 0.453680489104254 -0.62417769706577 0.244753809585015
   endloop
endfacet
facet normal 0.555778473910358 0.0197207793796362 0.831096491869947
   outer loop
      vertex 0.507317404165945 -0.507643871667997 0.185684405425015
      vertex 0.437076683452908 -0.535235957214 0.233311147185015
      vertex 0.489522612945353 -0.60217478450892 0.199827390385015
   endloop
endfacet
facet normal 0.429369383628568 0.418274370660807 0.800430186369011
   outer loop
      vertex 0.437076683452908 -0.535235957214 0.233311147185015
      vertex 0.432369011026405 -0.488982302354283 0.211666051505015
      vertex 0.387768986428805 -0.527803454954976 0.255877000625015
   endloop
endfacet
facet normal 0.389000186219166 0.422651020339487 0.818562746603732
   outer loop
      vertex 0.507317404165945 -0.507643871667997 0.185684405425015
      vertex 0.432369011026405 -0.488982302354283 0.211666051505015
      vertex 0.437076683452908 -0.535235957214 0.233311147185015
   endloop
endfacet
facet normal 0.372250112432134 0.250967790798754 0.89355750893597
   outer loop
      vertex 0.507317404165945 -0.507643871667997 0.185684405425015
      vertex 0.501579041512433 -0.466163332005811 0.176424594865015
      vertex 0.432369011026405 -0.488982302354283 0.211666051505015
   endloop
endfacet
facet normal 0.828989047354476 -0.0730963329409744 0.554467389011202
   outer loop
      vertex 0.531742912670189 -0.620457229237455 0.134293246385015
      vertex 0.507317404165945 -0.507643871667997 0.185684405425015
      vertex 0.489522612945353 -0.60217478450892 0.199827390385015
   endloop
endfacet
facet normal 0.718210826320868 0.244760408609417 0.651356700535771
   outer loop
      vertex 0.507317404165945 -0.507643871667997 0.185684405425015
      vertex 0.524861475965678 -0.454707507696874 0.146447734705015
      vertex 0.501579041512433 -0.466163332005811 0.176424594865015
   endloop
endfacet
facet normal 0.861796037007274 -0.0436296591545813 0.505375151190293
   outer loop
      vertex 0.531742912670189 -0.620457229237455 0.134293246385015
      vertex 0.550495974964781 -0.519536784611358 0.111026985393015
      vertex 0.507317404165945 -0.507643871667997 0.185684405425015
   endloop
endfacet
facet normal 0.868342885074729 0.0755377069052241 0.490178221441545
   outer loop
      vertex 0.550495974964781 -0.519536784611358 0.111026985393015
      vertex 0.524861475965678 -0.454707507696874 0.146447734705015
      vertex 0.507317404165945 -0.507643871667997 0.185684405425015
   endloop
endfacet
facet normal 0.811004377855579 -0.410904064266549 -0.416448975347901
   outer loop
      vertex 0.379564171343499 -0.895259110709722 0.0436452522730148
      vertex 0.409983439697598 -0.841588426344492 0.0499285129450148
      vertex 0.428293697118429 -0.880750298175981 0.124226861745015
   endloop
endfacet
facet normal 0.770515877805096 -0.376494683721551 -0.514351081635542
   outer loop
      vertex 0.379564171343499 -0.895259110709722 0.0436452522730148
      vertex 0.382203703664134 -0.84413034029104 0.0101741285610148
      vertex 0.409983439697598 -0.841588426344492 0.0499285129450148
   endloop
endfacet
facet normal 0.80620499672099 -0.445060447898739 -0.389813674693799
   outer loop
      vertex 0.409983439697598 -0.841588426344492 0.0499285129450148
      vertex 0.442087080032052 -0.78072294246253 0.0468329204970148
      vertex 0.459704532578693 -0.818098855937105 0.125942046385015
   endloop
endfacet
facet normal 0.763002539164987 -0.381154489435727 -0.522061663418003
   outer loop
      vertex 0.357346333076096 -0.895401694086256 0.0112775802090148
      vertex 0.382203703664134 -0.84413034029104 0.0101741285610148
      vertex 0.379564171343499 -0.895259110709722 0.0436452522730148
   endloop
endfacet
facet normal 0.754992858339784 -0.423681592951707 -0.500479461766241
   outer loop
      vertex 0.409983439697598 -0.841588426344492 0.0499285129450148
      vertex 0.413963799970561 -0.783420086612911 0.00669055454501483
      vertex 0.442087080032052 -0.78072294246253 0.0468329204970148
   endloop
endfacet
facet normal 0.754992858339784 -0.423681592951707 -0.500479461766241
   outer loop
      vertex 0.413963799970561 -0.783420086612911 0.00669055454501483
      vertex 0.409983439697598 -0.841588426344492 0.0499285129450148
      vertex 0.382203703664134 -0.84413034029104 0.0101741285610148
   endloop
endfacet
facet normal 0.0236505010767284 0.00409225399885327 -0.999711912130704
   outer loop
      vertex 0.413963799970561 -0.783420086612911 0.00669055454501483
      vertex 0.383865744729979 -0.82464568948551 0.00580976107301484
      vertex 0.342797038092785 -0.75258482263774 0.00513316203301486
   endloop
endfacet
facet normal 0.783306229255955 -0.330374529426469 -0.526577650033741
   outer loop
      vertex 0.413963799970561 -0.783420086612911 0.00669055454501483
      vertex 0.415978720482596 -0.776176166319866 0.00514300126501483
      vertex 0.442087080032052 -0.78072294246253 0.0468329204970148
   endloop
endfacet
facet normal -0.0617811755968646 -0.192057194390663 -0.979437144703353
   outer loop
      vertex 0.415978720482596 -0.776176166319866 0.00514300126501483
      vertex 0.413963799970561 -0.783420086612911 0.00669055454501483
      vertex 0.342797038092785 -0.75258482263774 0.00513316203301486
   endloop
endfacet
facet normal 0.716615198972971 -0.48459111241757 -0.501631448741835
   outer loop
      vertex 0.442087080032052 -0.78072294246253 0.0468329204970148
      vertex 0.415978720482596 -0.776176166319866 0.00514300126501483
      vertex 0.477579635168254 -0.726688387509621 0.0453374787050148
   endloop
endfacet
facet normal 0.714437994978603 -0.46378863517224 -0.523906912739301
   outer loop
      vertex 0.415978720482596 -0.776176166319866 0.00514300126501483
      vertex 0.440854046333483 -0.739172756259163 0.00630755332901482
      vertex 0.477579635168254 -0.726688387509621 0.0453374787050148
   endloop
endfacet
facet normal 0.738134083200083 -0.446951151063787 -0.505363971589912
   outer loop
      vertex 0.477579635168254 -0.726688387509621 0.0453374787050148
      vertex 0.483849789197916 -0.672204142897535 0.00630901099301481
      vertex 0.531746794438529 -0.667236380556604 0.0718737659370148
   endloop
endfacet
facet normal 0.731756038490726 -0.463793344179695 -0.499428507423208
   outer loop
      vertex 0.483849789197916 -0.672204142897535 0.00630901099301481
      vertex 0.525833112137401 -0.605845501955385 0.0061985929450148
      vertex 0.531746794438529 -0.667236380556604 0.0718737659370148
   endloop
endfacet
facet normal 0.783630605501001 -0.417061317836607 -0.460416041517374
   outer loop
      vertex 0.531746794438529 -0.667236380556604 0.0718737659370148
      vertex 0.525833112137401 -0.605845501955385 0.0061985929450148
      vertex 0.559774542610112 -0.588944490453002 0.0486575514090148
   endloop
endfacet
facet normal 0.073307182493514 -0.0480370335122037 -0.996151846058727
   outer loop
      vertex 0.525833112137401 -0.605845501955385 0.0061985929450148
      vertex 0.483849789197916 -0.672204142897535 0.00630901099301481
      vertex 0.487942306193775 -0.610216120003629 0.00362095710501482
   endloop
endfacet
facet normal 0.902591635203321 -0.381989020037812 -0.198526392783297
   outer loop
      vertex 0.531746794438529 -0.667236380556604 0.0718737659370148
      vertex 0.559774542610112 -0.588944490453002 0.0486575514090148
      vertex 0.542242828424505 -0.657598164641548 0.101048425009015
   endloop
endfacet
facet normal 0.92340054067976 -0.0757638114512823 0.376286176130219
   outer loop
      vertex 0.542242828424505 -0.657598164641548 0.101048425009015
      vertex 0.572623120437908 -0.516455442227671 0.0549142097130148
      vertex 0.531742912670189 -0.620457229237455 0.134293246385015
   endloop
endfacet
facet normal 0.979286318925962 -0.181350130469025 0.0900579576900686
   outer loop
      vertex 0.542242828424505 -0.657598164641548 0.101048425009015
      vertex 0.559774542610112 -0.588944490453002 0.0486575514090148
      vertex 0.572623120437908 -0.516455442227671 0.0549142097130148
   endloop
endfacet
facet normal 0.982898829751537 -0.167640326485994 -0.0762011247208867
   outer loop
      vertex 0.559774542610112 -0.588944490453002 0.0486575514090148
      vertex 0.569578465825936 -0.518175765484357 0.0194266508010148
      vertex 0.572623120437908 -0.516455442227671 0.0549142097130148
   endloop
endfacet
facet normal 0.820794477630134 -0.311486113603214 -0.478824421394985
   outer loop
      vertex 0.559774542610112 -0.588944490453002 0.0486575514090148
      vertex 0.54244611530289 -0.570388030909745 0.0068819944170148
      vertex 0.569578465825936 -0.518175765484357 0.0194266508010148
   endloop
endfacet
facet normal 0.0677371866109406 0.00116623637423874 -0.997702517508478
   outer loop
      vertex 0.525833112137401 -0.605845501955385 0.0061985929450148
      vertex 0.487942306193775 -0.610216120003629 0.00362095710501482
      vertex 0.474911736633295 -0.515583196801085 0.00284688893221482
   endloop
endfacet
facet normal 0.793057257104222 -0.362133036367101 -0.489816139919738
   outer loop
      vertex 0.525833112137401 -0.605845501955385 0.0061985929450148
      vertex 0.54244611530289 -0.570388030909745 0.0068819944170148
      vertex 0.559774542610112 -0.588944490453002 0.0486575514090148
   endloop
endfacet
facet normal 0.190889925637184 -0.0705678065696086 -0.979071611766057
   outer loop
      vertex 0.54244611530289 -0.570388030909745 0.0068819944170148
      vertex 0.525833112137401 -0.605845501955385 0.0061985929450148
      vertex 0.52019585953292 -0.563277446232605 0.00203135021861481
   endloop
endfacet
facet normal 0.215549809311215 0.00838095446152922 -0.976456880414191
   outer loop
      vertex 0.54244611530289 -0.570388030909745 0.0068819944170148
      vertex 0.52019585953292 -0.563277446232605 0.00203135021861481
      vertex 0.529513840909523 -0.533656743187194 0.0043425007850148
   endloop
endfacet
facet normal -0.15611741418541 0.814949993185211 0.558107392528969
   outer loop
      vertex 0.432369011026405 -0.488982302354283 0.211666051505015
      vertex 0.353151598838424 -0.521232161507976 0.236598179505015
      vertex 0.387768986428805 -0.527803454954976 0.255877000625015
   endloop
endfacet
facet normal 0.51641158754734 0.745198303554619 0.421898756369528
   outer loop
      vertex 0.532729987695794 -0.406548144753612 0.0661775794410148
      vertex 0.513740949546075 -0.433635301936905 0.137264451505015
      vertex 0.559972854987805 -0.43054459723668 0.0752166753770148
   endloop
endfacet
facet normal -0.0173568138605427 0.935852701974133 0.35196372145482
   outer loop
      vertex 0.532729987695794 -0.406548144753612 0.0661775794410148
      vertex 0.502916142745487 -0.421672995997127 0.104923503281015
      vertex 0.513740949546075 -0.433635301936905 0.137264451505015
   endloop
endfacet
facet normal 0.670904064538938 0.739125154220249 -0.0598476614749911
   outer loop
      vertex 0.550618091532717 -0.424433398376495 0.0458219090410148
      vertex 0.532729987695794 -0.406548144753612 0.0661775794410148
      vertex 0.559972854987805 -0.43054459723668 0.0752166753770148
   endloop
endfacet
facet normal -0.180997912428222 0.955326216348475 0.233648402635098
   outer loop
      vertex 0.471511902161202 -0.412567773602873 0.0433670813930148
      vertex 0.502916142745487 -0.421672995997127 0.104923503281015
      vertex 0.532729987695794 -0.406548144753612 0.0661775794410148
   endloop
endfacet
facet normal -0.0337581492388139 0.984980294766453 -0.169334598596272
   outer loop
      vertex 0.49056220483944 -0.415583455675464 0.0220277307370148
      vertex 0.471511902161202 -0.412567773602873 0.0433670813930148
      vertex 0.532729987695794 -0.406548144753612 0.0661775794410148
   endloop
endfacet
facet normal 0.718159473990862 0.622544738074543 -0.310942147372894
   outer loop
      vertex 0.456117228083114 -0.427461680155209 0.00443919249701483
      vertex 0.456369570534525 -0.425848298634394 0.00825219857701483
      vertex 0.520797637577561 -0.500035588460163 0.00852466027301481
   endloop
endfacet
facet normal -0.168864539023701 0.943798590559634 -0.284128470797913
   outer loop
      vertex 0.456369570534525 -0.425848298634394 0.00825219857701483
      vertex 0.471511902161202 -0.412567773602873 0.0433670813930148
      vertex 0.49056220483944 -0.415583455675464 0.0220277307370148
   endloop
endfacet
facet normal -0.19619287679574 0.95456284579524 -0.224317026821203
   outer loop
      vertex 0.456369570534525 -0.425848298634394 0.00825219857701483
      vertex 0.49056220483944 -0.415583455675464 0.0220277307370148
      vertex 0.474775835231749 -0.421824906194955 0.00927487134501482
   endloop
endfacet
facet normal 0.0472851073075626 0.0373988854951681 -0.998181066736207
   outer loop
      vertex 0.520797637577561 -0.500035588460163 0.00852466027301481
      vertex 0.456369570534525 -0.425848298634394 0.00825219857701483
      vertex 0.474775835231749 -0.421824906194955 0.00927487134501482
   endloop
endfacet
facet normal 0.228056549182076 0.143433672498865 -0.963024917626045
   outer loop
      vertex 0.520797637577561 -0.500035588460163 0.00852466027301481
      vertex 0.474775835231749 -0.421824906194955 0.00927487134501482
      vertex 0.521552217012089 -0.443810076804098 0.0170776252650148
   endloop
endfacet
facet normal 0.382360309236439 0.550004498601663 -0.742492858846836
   outer loop
      vertex 0.521552217012089 -0.443810076804098 0.0170776252650148
      vertex 0.474775835231749 -0.421824906194955 0.00927487134501482
      vertex 0.49056220483944 -0.415583455675464 0.0220277307370148
   endloop
endfacet
facet normal 0.379149039341642 0.525911173159533 -0.761356318626354
   outer loop
      vertex 0.550618091532717 -0.424433398376495 0.0458219090410148
      vertex 0.542249464074798 -0.451589204029674 0.0228963770090148
      vertex 0.49056220483944 -0.415583455675464 0.0220277307370148
   endloop
endfacet
facet normal 0.305858090673207 0.832224597462859 -0.462442480474623
   outer loop
      vertex 0.49056220483944 -0.415583455675464 0.0220277307370148
      vertex 0.532729987695794 -0.406548144753612 0.0661775794410148
      vertex 0.550618091532717 -0.424433398376495 0.0458219090410148
   endloop
endfacet
facet normal -0.0477973437165348 -0.998651933020488 0.0202418034790807
   outer loop
      vertex 0.238193565432361 -1.04075961169724 0.253828982705015
      vertex 0.266268985474595 -1.04206711107791 0.255617050545015
      vertex 0.21773272681391 -1.03884015290536 0.300213065905015
   endloop
endfacet
facet normal -0.136012834010892 0.837263732751697 0.529613019857916
   outer loop
      vertex 0.353151598838424 -0.521232161507976 0.236598179505015
      vertex 0.298515180961371 -0.559967579341666 0.283803413425015
      vertex 0.387768986428805 -0.527803454954976 0.255877000625015
   endloop
endfacet
facet normal 0.439139740295955 -0.662429244267013 0.606913325634422
   outer loop
      vertex 0.21773272681391 -1.03884015290536 0.300213065905015
      vertex 0.205814817773445 -1.02153543378613 0.327724044465015
      vertex 0.175552114012152 -1.03231331733623 0.337857238705015
   endloop
endfacet
facet normal -0.397784663351899 -0.916297375237548 -0.0465454802832355
   outer loop
      vertex -0.0245557880890654 -0.964032634674352 0.197226674865015
      vertex 0.0357712041184639 -0.99405553952443 0.272696013745015
      vertex -0.0239084753231434 -0.96605235833018 0.231455055025015
   endloop
endfacet
facet normal -0.324430492785064 -0.90707970099375 0.26823734153978
   outer loop
      vertex 0.151781910180594 -1.03242579758418 0.308727038385015
      vertex 0.175552114012152 -1.03231331733623 0.337857238705015
      vertex 0.114441046705035 -1.00172469013298 0.367383437745015
   endloop
endfacet
facet normal -0.620483277674641 -0.62526027862318 0.473339292793444
   outer loop
      vertex -0.0239084753231434 -0.96605235833018 0.231455055025015
      vertex 0.0357712041184639 -0.99405553952443 0.272696013745015
      vertex -0.00308592790451814 -0.967481037845541 0.256863353265015
   endloop
endfacet
facet normal 0.429121798436026 -0.493885464693411 0.756261614701952
   outer loop
      vertex 0.205814817773445 -1.02153543378613 0.327724044465015
      vertex 0.159420125014943 -1.009646218943 0.361813946545015
      vertex 0.175552114012152 -1.03231331733623 0.337857238705015
   endloop
endfacet
facet normal -0.0869618264049058 -0.9933997777114 0.0747965399685359
   outer loop
      vertex 0.21773272681391 -1.03884015290536 0.300213065905015
      vertex 0.175552114012152 -1.03231331733623 0.337857238705015
      vertex 0.151781910180594 -1.03242579758418 0.308727038385015
   endloop
endfacet
facet normal -0.886365915970566 -0.4628651682626 -0.0105498348278449
   outer loop
      vertex -0.0239084753231434 -0.96605235833018 0.231455055025015
      vertex -0.04962261220879 -0.916767146266093 0.229533367985015
      vertex -0.0245557880890654 -0.964032634674352 0.197226674865015
   endloop
endfacet
facet normal -0.731648221632596 -0.359139537005536 0.579404584674051
   outer loop
      vertex -0.0239084753231434 -0.96605235833018 0.231455055025015
      vertex -0.00308592790451814 -0.967481037845541 0.256863353265015
      vertex -0.04962261220879 -0.916767146266093 0.229533367985015
   endloop
endfacet
facet normal -0.0476868210927866 -0.74139437162614 0.669373104341029
   outer loop
      vertex 0.175552114012152 -1.03231331733623 0.337857238705015
      vertex 0.159420125014943 -1.009646218943 0.361813946545015
      vertex 0.114441046705035 -1.00172469013298 0.367383437745015
   endloop
endfacet
facet normal -0.984627296592307 0.173024057162533 0.0239115547035726
   outer loop
      vertex -0.0490614410995245 -0.877364425460127 0.209535432625015
      vertex -0.0356575816710946 -0.801027374937271 0.209102992305015
      vertex -0.0337697853867185 -0.786954261407045 0.185005376945015
   endloop
endfacet
facet normal -0.138312178667073 0.0366422280407441 0.989710608388421
   outer loop
      vertex 0.146894716723499 -0.926089080081526 0.383861114545015
      vertex 0.127656640622425 -0.8894172152945 0.379814882225015
      vertex 0.121387480443586 -0.990577762597731 0.382684050865015
   endloop
endfacet
facet normal -0.118858920587545 -0.743140650694227 -0.658494138381295
   outer loop
      vertex 0.127862326878873 -0.940883075885708 0.00435853508901493
      vertex 0.175294202761056 -0.950308460947701 0.00643400568101491
      vertex 0.129846156479202 -0.955777715153161 0.0208097309930149
   endloop
endfacet
facet normal 0.715511661521072 -0.459367256639311 -0.526331440971398
   outer loop
      vertex 0.440854046333483 -0.739172756259163 0.00630755332901482
      vertex 0.483849789197916 -0.672204142897535 0.00630901099301481
      vertex 0.477579635168254 -0.726688387509621 0.0453374787050148
   endloop
endfacet
facet normal 0.345850687792691 -0.233080851442526 -0.908878769938076
   outer loop
      vertex 0.413963799970561 -0.783420086612911 0.00669055454501483
      vertex 0.382203703664134 -0.84413034029104 0.0101741285610148
      vertex 0.383865744729979 -0.82464568948551 0.00580976107301484
   endloop
endfacet
facet normal -0.0792966952969168 -0.925669287248323 -0.369930270132318
   outer loop
      vertex 0.175294202761056 -0.950308460947701 0.00643400568101491
      vertex 0.251952293527893 -0.958995883205927 0.0117402670570149
      vertex 0.220296308558006 -0.967946385950128 0.0409225788650149
   endloop
endfacet
facet normal 0.00844575289386839 0.0257822870881016 -0.999631903717845
   outer loop
      vertex 0.440854046333483 -0.739172756259163 0.00630755332901482
      vertex 0.415978720482596 -0.776176166319866 0.00514300126501483
      vertex 0.342797038092785 -0.75258482263774 0.00513316203301486
   endloop
endfacet
facet normal -0.331330518048277 0.920885154315893 -0.205403554911919
   outer loop
      vertex 0.424133505022368 -0.437546295181587 0.00780566750501484
      vertex 0.471511902161202 -0.412567773602873 0.0433670813930148
      vertex 0.456369570534525 -0.425848298634394 0.00825219857701483
   endloop
endfacet
facet normal -0.0346270290103548 0.133229593102593 -0.990480108020163
   outer loop
      vertex 0.460523164112258 -0.456927068770347 0.00392658065701483
      vertex 0.424133505022368 -0.437546295181587 0.00780566750501484
      vertex 0.456369570534525 -0.425848298634394 0.00825219857701483
   endloop
endfacet
facet normal -0.992874571456116 -0.00347664248778719 -0.119113384272493
   outer loop
      vertex 0.107231605040283 -0.906501051524568 0.0332624330730149
      vertex 0.109928594958539 -0.7589559496629 0.00647506321701494
      vertex 0.110417361262681 -0.833812135217162 0.00458580920101494
   endloop
endfacet
facet normal -0.30988822856605 -0.35577291124165 -0.88170001781946
   outer loop
      vertex 0.0959724407804296 -0.613270571643782 -0.00087472161498505
      vertex 0.0826778210153418 -0.619053966362374 0.00613154040101495
      vertex 0.0752637555982932 -0.591295843203191 -0.00246328384218504
   endloop
endfacet
facet normal 0.0559460590505282 -0.112301779371856 -0.992097953241831
   outer loop
      vertex 0.251952293527893 -0.958995883205927 0.0117402670570149
      vertex 0.175294202761056 -0.950308460947701 0.00643400568101491
      vertex 0.236493342904173 -0.927001763594831 0.00724689630501489
   endloop
endfacet
facet normal 0.41489012183741 0.578646522499591 -0.702164075413197
   outer loop
      vertex 0.542249464074798 -0.451589204029674 0.0228963770090148
      vertex 0.521552217012089 -0.443810076804098 0.0170776252650148
      vertex 0.49056220483944 -0.415583455675464 0.0220277307370148
   endloop
endfacet
facet normal -0.980557514882013 -0.148846609180118 0.127873558423908
   outer loop
      vertex 0.460523164112258 -0.456927068770347 0.00392658065701483
      vertex 0.456369570534525 -0.425848298634394 0.00825219857701483
      vertex 0.456117228083114 -0.427461680155209 0.00443919249701483
   endloop
endfacet
facet normal -0.279138031997765 0.957496153518995 0.0726847651763711
   outer loop
      vertex 0.307823734386183 -0.482227606590526 0.00882032312101488
      vertex 0.278622271890741 -0.490790108967425 0.00947141304101489
      vertex 0.339262917728192 -0.476058305350795 0.0482892483050149
   endloop
endfacet
facet normal 0.196193254142425 -0.519446093632341 -0.831675395114649
   outer loop
      vertex 0.329121522752251 -0.943823290081343 0.0144438693610149
      vertex 0.317179413705005 -0.972134274218261 0.0293091268330149
      vertex 0.281651201524023 -0.969003537285959 0.0189725884650149
   endloop
endfacet
facet normal 0.00252904606553773 -0.181627857489857 -0.983364085834765
   outer loop
      vertex 0.329121522752251 -0.943823290081343 0.0144438693610149
      vertex 0.281651201524023 -0.969003537285959 0.0189725884650149
      vertex 0.305072665796969 -0.932853463780017 0.0123558871530149
   endloop
endfacet
facet normal 0.315947439496758 0.138539766153169 -0.938607451850702
   outer loop
      vertex 0.542249464074798 -0.451589204029674 0.0228963770090148
      vertex 0.520797637577561 -0.500035588460163 0.00852466027301481
      vertex 0.521552217012089 -0.443810076804098 0.0170776252650148
   endloop
endfacet
facet normal -0.0596034093686449 0.0735680772252961 -0.995507494499668
   outer loop
      vertex 0.124877807146309 -0.596112663043597 -0.00133738416858506
      vertex 0.0959724407804296 -0.613270571643782 -0.00087472161498505
      vertex 0.108653243078551 -0.565136729656088 0.00192314296101495
   endloop
endfacet
facet normal -0.0343815145165087 0.08679200303436 -0.995632994465749
   outer loop
      vertex 0.152436127209206 -0.589241439737419 -0.00169005382618507
      vertex 0.124877807146309 -0.596112663043597 -0.00133738416858506
      vertex 0.108653243078551 -0.565136729656088 0.00192314296101495
   endloop
endfacet
facet normal 0.18938969620203 0.201239211881552 -0.961058958947782
   outer loop
      vertex 0.56215047945293 -0.476127658208525 0.0216799564010148
      vertex 0.520797637577561 -0.500035588460163 0.00852466027301481
      vertex 0.542249464074798 -0.451589204029674 0.0228963770090148
   endloop
endfacet
facet normal 0.0447909327387148 -0.0911603570035593 -0.99482840814654
   outer loop
      vertex 0.357346333076096 -0.895401694086256 0.0112775802090148
      vertex 0.329121522752251 -0.943823290081343 0.0144438693610149
      vertex 0.305072665796969 -0.932853463780017 0.0123558871530149
   endloop
endfacet
facet normal 0.314207476173237 0.106062378820673 -0.943411062960227
   outer loop
      vertex 0.569578465825936 -0.518175765484357 0.0194266508010148
      vertex 0.529513840909523 -0.533656743187194 0.0043425007850148
      vertex 0.56215047945293 -0.476127658208525 0.0216799564010148
   endloop
endfacet
facet normal -0.138454089542425 -0.114636817493548 -0.983711779518742
   outer loop
      vertex 0.525833112137401 -0.605845501955385 0.0061985929450148
      vertex 0.474911736633295 -0.515583196801085 0.00284688893221482
      vertex 0.52019585953292 -0.563277446232605 0.00203135021861481
   endloop
endfacet
facet normal 0.206203437862851 0.173252128418388 -0.963049241841787
   outer loop
      vertex 0.56215047945293 -0.476127658208525 0.0216799564010148
      vertex 0.529513840909523 -0.533656743187194 0.0043425007850148
      vertex 0.520797637577561 -0.500035588460163 0.00852466027301481
   endloop
endfacet
facet normal -0.0801143196098978 0.10256333577113 -0.991495061989187
   outer loop
      vertex 0.529513840909523 -0.533656743187194 0.0043425007850148
      vertex 0.52019585953292 -0.563277446232605 0.00203135021861481
      vertex 0.520797637577561 -0.500035588460163 0.00852466027301481
   endloop
endfacet
facet normal 0.0884283046613712 0.100904475543181 -0.990958486390864
   outer loop
      vertex 0.52019585953292 -0.563277446232605 0.00203135021861481
      vertex 0.474911736633295 -0.515583196801085 0.00284688893221482
      vertex 0.520797637577561 -0.500035588460163 0.00852466027301481
   endloop
endfacet
facet normal 0.0131247420744384 -0.00840469169336933 -0.999878543775702
   outer loop
      vertex 0.483849789197916 -0.672204142897535 0.00630901099301481
      vertex 0.440854046333483 -0.739172756259163 0.00630755332901482
      vertex 0.342797038092785 -0.75258482263774 0.00513316203301486
   endloop
endfacet
facet normal 0.0342839048501084 -0.0455570038222119 -0.998373263499665
   outer loop
      vertex 0.483849789197916 -0.672204142897535 0.00630901099301481
      vertex 0.342797038092785 -0.75258482263774 0.00513316203301486
      vertex 0.487942306193775 -0.610216120003629 0.00362095710501482
   endloop
endfacet
facet normal 0.0988157284565624 0.032078777660873 -0.994588560075664
   outer loop
      vertex 0.520797637577561 -0.500035588460163 0.00852466027301481
      vertex 0.460523164112258 -0.456927068770347 0.00392658065701483
      vertex 0.456117228083114 -0.427461680155209 0.00443919249701483
   endloop
endfacet
facet normal 0.107742422217993 0.0447111043247366 -0.993172939424279
   outer loop
      vertex 0.520797637577561 -0.500035588460163 0.00852466027301481
      vertex 0.474911736633295 -0.515583196801085 0.00284688893221482
      vertex 0.460523164112258 -0.456927068770347 0.00392658065701483
   endloop
endfacet
facet normal 0.0753269115950608 0.0346681580700493 -0.996556057231895
   outer loop
      vertex 0.387465176027085 -0.448170757042277 0.0137079919850149
      vertex 0.345083095878001 -0.543480016715295 0.00718883268901486
      vertex 0.360678250764272 -0.464863410424271 0.0111025390570149
   endloop
endfacet
facet normal 0.11796503783971 -0.0251047958162207 -0.992700357144341
   outer loop
      vertex 0.278622271890741 -0.490790108967425 0.00947141304101489
      vertex 0.229344795258487 -0.575969993794256 0.0057697967850149
      vertex 0.226055230220856 -0.544355227438716 0.00457937118501491
   endloop
endfacet
facet normal -0.0370758857238296 0.0092988340874879 -0.999269188148222
   outer loop
      vertex 0.474911736633295 -0.515583196801085 0.00284688893221482
      vertex 0.441447607404673 -0.469295758851124 0.00451924254501483
      vertex 0.460523164112258 -0.456927068770347 0.00392658065701483
   endloop
endfacet
facet normal -0.402280723084688 -0.259109310477907 -0.878084611559799
   outer loop
      vertex 0.474911736633295 -0.515583196801085 0.00284688893221482
      vertex 0.431333065557169 -0.466716672832163 0.00839201284901484
      vertex 0.441447607404673 -0.469295758851124 0.00451924254501483
   endloop
endfacet
facet normal -0.109208082280678 0.0153920112764056 -0.993899733752577
   outer loop
      vertex 0.474911736633295 -0.515583196801085 0.00284688893221482
      vertex 0.43677111713443 -0.532713706408715 0.00677242667301483
      vertex 0.431333065557169 -0.466716672832163 0.00839201284901484
   endloop
endfacet
facet normal 0.0578340502343481 -0.00470237237720449 -0.998315135780039
   outer loop
      vertex 0.217388450879194 -0.512305161781921 0.00171034831141491
      vertex 0.185348433692803 -0.560267266919388 8.01333354149215e-005
      vertex 0.152436127209206 -0.589241439737419 -0.00169005382618507
   endloop
endfacet
facet normal 0.13139382778464 -0.0889312474564671 -0.987333224016055
   outer loop
      vertex 0.185348433692803 -0.560267266919388 8.01333354149215e-005
      vertex 0.13286340574569 -0.630907926850076 -0.000541791157385062
      vertex 0.152436127209206 -0.589241439737419 -0.00169005382618507
   endloop
endfacet
facet normal -0.0930423213752463 -0.0209539562432827 -0.995441639751352
   outer loop
      vertex 0.487942306193775 -0.610216120003629 0.00362095710501482
      vertex 0.43677111713443 -0.532713706408715 0.00677242667301483
      vertex 0.474911736633295 -0.515583196801085 0.00284688893221482
   endloop
endfacet
facet normal -0.0305103692068438 0.0204908269299197 -0.999324393469203
   outer loop
      vertex 0.487942306193775 -0.610216120003629 0.00362095710501482
      vertex 0.342797038092785 -0.75258482263774 0.00513316203301486
      vertex 0.43677111713443 -0.532713706408715 0.00677242667301483
   endloop
endfacet
facet normal 0.0315677618823439 -0.0608223021274292 -0.997649299089444
   outer loop
      vertex 0.175294202761056 -0.950308460947701 0.00643400568101491
      vertex 0.127862326878873 -0.940883075885708 0.00435853508901493
      vertex 0.175423848859005 -0.916548548374174 0.00437991416101491
   endloop
endfacet
facet normal 0.0364157233625198 -0.0608308367907176 -0.997483586024013
   outer loop
      vertex 0.236493342904173 -0.927001763594831 0.00724689630501489
      vertex 0.175294202761056 -0.950308460947701 0.00643400568101491
      vertex 0.175423848859005 -0.916548548374174 0.00437991416101491
   endloop
endfacet
facet normal 0.0781071158172908 -0.137448567477156 -0.987424513447576
   outer loop
      vertex 0.357346333076096 -0.895401694086256 0.0112775802090148
      vertex 0.305072665796969 -0.932853463780017 0.0123558871530149
      vertex 0.317985765646312 -0.890713273274746 0.00751146232101486
   endloop
endfacet
facet normal 0.0875170255511482 -0.0638251598487094 -0.994116250349508
   outer loop
      vertex 0.382203703664134 -0.84413034029104 0.0101741285610148
      vertex 0.357346333076096 -0.895401694086256 0.0112775802090148
      vertex 0.317985765646312 -0.890713273274746 0.00751146232101486
   endloop
endfacet
facet normal 0.206706385323244 -0.23061011730898 -0.950837233211519
   outer loop
      vertex 0.382203703664134 -0.84413034029104 0.0101741285610148
      vertex 0.317985765646312 -0.890713273274746 0.00751146232101486
      vertex 0.383865744729979 -0.82464568948551 0.00580976107301484
   endloop
endfacet
facet normal -0.0420626749980546 0.0676520601167209 -0.996821914954708
   outer loop
      vertex 0.307823734386183 -0.482227606590526 0.00882032312101488
      vertex 0.229344795258487 -0.575969993794256 0.0057697967850149
      vertex 0.278622271890741 -0.490790108967425 0.00947141304101489
   endloop
endfacet
facet normal 0.0818802344659861 -0.0520733647352918 -0.995280860807109
   outer loop
      vertex 0.185348433692803 -0.560267266919388 8.01333354149215e-005
      vertex 0.169931242909788 -0.606682216380546 0.00124022737701493
      vertex 0.13286340574569 -0.630907926850076 -0.000541791157385062
   endloop
endfacet
facet normal -0.035097164581432 0.126623488743023 -0.991329753985469
   outer loop
      vertex 0.169931242909788 -0.606682216380546 0.00124022737701493
      vertex 0.116299933222369 -0.660499568297338 -0.00373514427098506
      vertex 0.13286340574569 -0.630907926850076 -0.000541791157385062
   endloop
endfacet
facet normal 0.233189580385713 -0.143466741922417 -0.961789952932397
   outer loop
      vertex 0.169931242909788 -0.606682216380546 0.00124022737701493
      vertex 0.120594853378508 -0.686243340254088 0.00114628093221494
      vertex 0.116299933222369 -0.660499568297338 -0.00373514427098506
   endloop
endfacet
facet normal 0.197965669129384 -0.121611350186063 -0.972635735181511
   outer loop
      vertex 0.174153914306231 -0.625840230027523 0.00449506961701492
      vertex 0.120594853378508 -0.686243340254088 0.00114628093221494
      vertex 0.169931242909788 -0.606682216380546 0.00124022737701493
   endloop
endfacet
facet normal 0.194045190964373 -0.122588813693585 -0.973302854522065
   outer loop
      vertex 0.226055230220856 -0.544355227438716 0.00457937118501491
      vertex 0.174153914306231 -0.625840230027523 0.00449506961701492
      vertex 0.169931242909788 -0.606682216380546 0.00124022737701493
   endloop
endfacet
facet normal 0.0521138047675822 -0.0321609083229279 -0.998123152385762
   outer loop
      vertex 0.229344795258487 -0.575969993794256 0.0057697967850149
      vertex 0.174153914306231 -0.625840230027523 0.00449506961701492
      vertex 0.226055230220856 -0.544355227438716 0.00457937118501491
   endloop
endfacet
facet normal 0.05370989793211 -0.113382344912488 -0.992098629535526
   outer loop
      vertex 0.317985765646312 -0.890713273274746 0.00751146232101486
      vertex 0.251952293527893 -0.958995883205927 0.0117402670570149
      vertex 0.236493342904173 -0.927001763594831 0.00724689630501489
   endloop
endfacet
facet normal -0.00570286951865297 0.00989252120614785 -0.99993480552656
   outer loop
      vertex 0.43677111713443 -0.532713706408715 0.00677242667301483
      vertex 0.342797038092785 -0.75258482263774 0.00513316203301486
      vertex 0.345083095878001 -0.543480016715295 0.00718883268901486
   endloop
endfacet
facet normal 0.175149001853893 -0.169043571199576 -0.969921181429542
   outer loop
      vertex 0.229344795258487 -0.575969993794256 0.0057697967850149
      vertex 0.132736046808855 -0.696974314843606 0.00941347089701493
      vertex 0.174153914306231 -0.625840230027523 0.00449506961701492
   endloop
endfacet
facet normal -0.0277797048751679 0.0551976991396464 -0.998088924899349
   outer loop
      vertex 0.360678250764272 -0.464863410424271 0.0111025390570149
      vertex 0.345083095878001 -0.543480016715295 0.00718883268901486
      vertex 0.289235405629729 -0.539125278920463 0.00898406737701488
   endloop
endfacet
facet normal 0.0952931621034869 -0.0474204865188412 -0.994319119153723
   outer loop
      vertex 0.328163933729687 -0.477442275717407 0.0105414598890149
      vertex 0.229344795258487 -0.575969993794256 0.0057697967850149
      vertex 0.307823734386183 -0.482227606590526 0.00882032312101488
   endloop
endfacet
facet normal -0.0712532316601893 0.0665687156884181 -0.995234436235792
   outer loop
      vertex 0.196473671566422 -0.751346882323367 0.00394054993701491
      vertex 0.108694365722688 -0.860497062367226 0.00292427874341494
      vertex 0.110417361262681 -0.833812135217162 0.00458580920101494
   endloop
endfacet
facet normal -0.010442935488987 -0.0153392602622359 -0.999827811272011
   outer loop
      vertex 0.383865744729979 -0.82464568948551 0.00580976107301484
      vertex 0.317985765646312 -0.890713273274746 0.00751146232101486
      vertex 0.342797038092785 -0.75258482263774 0.00513316203301486
   endloop
endfacet
facet normal -0.156024336260296 0.0949630273261551 -0.983177720422705
   outer loop
      vertex 0.229344795258487 -0.575969993794256 0.0057697967850149
      vertex 0.170861429824333 -0.675348179846475 0.00545202603301492
      vertex 0.132736046808855 -0.696974314843606 0.00941347089701493
   endloop
endfacet
facet normal 0.0267314607526123 -0.0121908785347143 -0.999568312566271
   outer loop
      vertex 0.196473671566422 -0.751346882323367 0.00394054993701491
      vertex 0.108571263110094 -0.887214432804025 0.00324683549221494
      vertex 0.108694365722688 -0.860497062367226 0.00292427874341494
   endloop
endfacet
facet normal -0.0207608894696253 0.0185355362706675 -0.999612634655839
   outer loop
      vertex 0.196473671566422 -0.751346882323367 0.00394054993701491
      vertex 0.163594309826603 -0.869056029946526 0.00244077159461492
      vertex 0.108571263110094 -0.887214432804025 0.00324683549221494
   endloop
endfacet
facet normal 0.0118594727743755 -0.0193438541780608 -0.999742550965523
   outer loop
      vertex 0.342797038092785 -0.75258482263774 0.00513316203301486
      vertex 0.317985765646312 -0.890713273274746 0.00751146232101486
      vertex 0.236493342904173 -0.927001763594831 0.00724689630501489
   endloop
endfacet
facet normal 0.0405718126734319 -0.0368283741247794 -0.998497670941559
   outer loop
      vertex 0.342797038092785 -0.75258482263774 0.00513316203301486
      vertex 0.236493342904173 -0.927001763594831 0.00724689630501489
      vertex 0.175423848859005 -0.916548548374174 0.00437991416101491
   endloop
endfacet
facet normal -0.0301258637486685 0.00972552966623956 -0.999498797601132
   outer loop
      vertex 0.196473671566422 -0.751346882323367 0.00394054993701491
      vertex 0.109928594958539 -0.7589559496629 0.00647506321701494
      vertex 0.170861429824333 -0.675348179846475 0.00545202603301492
   endloop
endfacet
facet normal 0.0622133384500291 -0.0140663129698455 -0.997963746515041
   outer loop
      vertex 0.328163933729687 -0.477442275717407 0.0105414598890149
      vertex 0.289235405629729 -0.539125278920463 0.00898406737701488
      vertex 0.229344795258487 -0.575969993794256 0.0057697967850149
   endloop
endfacet
facet normal 0.0357297533617605 -0.0318839977968764 -0.998852739601387
   outer loop
      vertex 0.342797038092785 -0.75258482263774 0.00513316203301486
      vertex 0.175423848859005 -0.916548548374174 0.00437991416101491
      vertex 0.163594309826603 -0.869056029946526 0.00244077159461492
   endloop
endfacet
facet normal 0.00823812144679784 0.0104391338670061 -0.999911575010078
   outer loop
      vertex 0.342797038092785 -0.75258482263774 0.00513316203301486
      vertex 0.163594309826603 -0.869056029946526 0.00244077159461492
      vertex 0.196473671566422 -0.751346882323367 0.00394054993701491
   endloop
endfacet
facet normal 0.00823226458244099 0.00974001550329174 -0.999918677652258
   outer loop
      vertex 0.342797038092785 -0.75258482263774 0.00513316203301486
      vertex 0.196473671566422 -0.751346882323367 0.00394054993701491
      vertex 0.345083095878001 -0.543480016715295 0.00718883268901486
   endloop
endfacet
facet normal -0.0292615676001981 0.0365294756451188 -0.998904078513383
   outer loop
      vertex 0.345083095878001 -0.543480016715295 0.00718883268901486
      vertex 0.196473671566422 -0.751346882323367 0.00394054993701491
      vertex 0.289235405629729 -0.539125278920463 0.00898406737701488
   endloop
endfacet
facet normal 0.0806984531652731 -0.0443064621765693 -0.995753331436118
   outer loop
      vertex 0.289235405629729 -0.539125278920463 0.00898406737701488
      vertex 0.170861429824333 -0.675348179846475 0.00545202603301492
      vertex 0.229344795258487 -0.575969993794256 0.0057697967850149
   endloop
endfacet
facet normal 0.00500731699522735 0.0215708165625225 -0.999754783259043
   outer loop
      vertex 0.289235405629729 -0.539125278920463 0.00898406737701488
      vertex 0.196473671566422 -0.751346882323367 0.00394054993701491
      vertex 0.170861429824333 -0.675348179846475 0.00545202603301492
   endloop
endfacet
endsolid no_name
