solid no_name
facet normal 0.983693658392769 -0.174689434341951 -0.0427830336364761
   outer loop
      vertex 0.625114959602086 -0.174977237903396 0.307547137449519
      vertex 0.608762309851772 -0.267087215389905 0.307655638569519
      vertex 0.613629531248615 -0.227776443967479 0.259054092009519
   endloop
endfacet
facet normal 0.952356781600906 -0.276646227374088 -0.128387793105298
   outer loop
      vertex 0.613629531248615 -0.227776443967479 0.259054092009519
      vertex 0.608762309851772 -0.267087215389905 0.307655638569519
      vertex 0.599813859202692 -0.281017310481026 0.271293852969519
   endloop
endfacet
facet normal 0.987154336626464 -0.131812876841744 -0.0902866611314668
   outer loop
      vertex 0.622611451934244 -0.14933292505687 0.242735801769519
      vertex 0.625114959602086 -0.174977237903396 0.307547137449519
      vertex 0.613629531248615 -0.227776443967479 0.259054092009519
   endloop
endfacet
facet normal 0.963997187450479 -0.155284197757855 -0.215861623532913
   outer loop
      vertex 0.622611451934244 -0.14933292505687 0.242735801769519
      vertex 0.613629531248615 -0.227776443967479 0.259054092009519
      vertex 0.613442997740356 -0.169838806949199 0.216542518569519
   endloop
endfacet
facet normal 0.960435913140554 -0.231325882071498 -0.155084470640079
   outer loop
      vertex 0.625427907752934 -0.106399030169206 0.196137352809519
      vertex 0.622611451934244 -0.14933292505687 0.242735801769519
      vertex 0.613442997740356 -0.169838806949199 0.216542518569519
   endloop
endfacet
facet normal 0.998992010627628 -0.0349181235716794 0.0282079305940918
   outer loop
      vertex 0.625690720573891 -0.084146916826869 0.214375278249519
      vertex 0.622611451934244 -0.14933292505687 0.242735801769519
      vertex 0.625427907752934 -0.106399030169206 0.196137352809519
   endloop
endfacet
facet normal 0.458955976510998 -0.615875871707358 0.640356402539663
   outer loop
      vertex 0.601722573741638 -0.280466192608223 0.331674726249519
      vertex 0.563902882375968 -0.270379789229733 0.368481644649519
      vertex 0.538065085499318 -0.301079166957106 0.357474345129519
   endloop
endfacet
facet normal 0.340607430656688 -0.557992728848691 0.756723656781946
   outer loop
      vertex 0.527757641391195 -0.27850244115295 0.378761430249519
      vertex 0.538065085499318 -0.301079166957106 0.357474345129519
      vertex 0.563902882375968 -0.270379789229733 0.368481644649519
   endloop
endfacet
facet normal 0.502906842058671 -0.549369438201751 0.667291486968377
   outer loop
      vertex 0.604283012562818 -0.263934507838143 0.343355289129519
      vertex 0.563902882375968 -0.270379789229733 0.368481644649519
      vertex 0.601722573741638 -0.280466192608223 0.331674726249519
   endloop
endfacet
facet normal 0.296941183776372 -0.122937499433735 0.946948945091797
   outer loop
      vertex 0.524322921288503 -0.258779550632541 0.382398999849519
      vertex 0.527757641391195 -0.27850244115295 0.378761430249519
      vertex 0.563902882375968 -0.270379789229733 0.368481644649519
   endloop
endfacet
facet normal 0.416993533368823 -0.833191637217592 0.363191531838579
   outer loop
      vertex 0.601722573741638 -0.280466192608223 0.331674726249519
      vertex 0.538065085499318 -0.301079166957106 0.357474345129519
      vertex 0.57885712407188 -0.309298413164044 0.291783872169519
   endloop
endfacet
facet normal 0.796430280027232 -0.604410716271344 -0.0196594789377879
   outer loop
      vertex 0.601722573741638 -0.280466192608223 0.331674726249519
      vertex 0.57885712407188 -0.309298413164044 0.291783872169519
      vertex 0.599813859202692 -0.281017310481026 0.271293852969519
   endloop
endfacet
facet normal 0.0955037045312772 -0.659456002009423 0.745651945504436
   outer loop
      vertex 0.48554101829397 -0.301508846614397 0.363821660649519
      vertex 0.538065085499318 -0.301079166957106 0.357474345129519
      vertex 0.527757641391195 -0.27850244115295 0.378761430249519
   endloop
endfacet
facet normal -0.00997514412653241 -0.183045608561076 0.983053814237125
   outer loop
      vertex 0.454697003931884 -0.270456946126277 0.379518156009519
      vertex 0.527757641391195 -0.27850244115295 0.378761430249519
      vertex 0.524322921288503 -0.258779550632541 0.382398999849519
   endloop
endfacet
facet normal -0.0444176619815227 -0.485476122839009 0.873120842413751
   outer loop
      vertex 0.454697003931884 -0.270456946126277 0.379518156009519
      vertex 0.48554101829397 -0.301508846614397 0.363821660649519
      vertex 0.527757641391195 -0.27850244115295 0.378761430249519
   endloop
endfacet
facet normal 0.332786954895523 -0.887858769354502 0.317741480344752
   outer loop
      vertex 0.57885712407188 -0.309298413164044 0.291783872169519
      vertex 0.538065085499318 -0.301079166957106 0.357474345129519
      vertex 0.52697137940675 -0.323451431605631 0.306578973609519
   endloop
endfacet
facet normal 0.0574725827159074 -0.908419383336479 0.414090722202917
   outer loop
      vertex 0.502981741173176 -0.320209231388023 0.320376699369519
      vertex 0.538065085499318 -0.301079166957106 0.357474345129519
      vertex 0.48554101829397 -0.301508846614397 0.363821660649519
   endloop
endfacet
facet normal 0.0960698185628002 -0.918769742700441 0.382926559355024
   outer loop
      vertex 0.52697137940675 -0.323451431605631 0.306578973609519
      vertex 0.538065085499318 -0.301079166957106 0.357474345129519
      vertex 0.502981741173176 -0.320209231388023 0.320376699369519
   endloop
endfacet
facet normal 0.531613591890298 -0.0308886800167653 0.846423580935879
   outer loop
      vertex 0.601656037941659 -0.199290842586491 0.347364266409519
      vertex 0.563902882375968 -0.270379789229733 0.368481644649519
      vertex 0.604283012562818 -0.263934507838143 0.343355289129519
   endloop
endfacet
facet normal 0.353489262701169 0.0888925953237085 0.931205373508765
   outer loop
      vertex 0.524322921288503 -0.258779550632541 0.382398999849519
      vertex 0.563902882375968 -0.270379789229733 0.368481644649519
      vertex 0.601656037941659 -0.199290842586491 0.347364266409519
   endloop
endfacet
facet normal 0.198208369828166 0.293158815002566 0.935292120845863
   outer loop
      vertex 0.49100631761675 -0.209031293650097 0.373866360489519
      vertex 0.524322921288503 -0.258779550632541 0.382398999849519
      vertex 0.601656037941659 -0.199290842586491 0.347364266409519
   endloop
endfacet
facet normal 0.860669057596851 0.00339973357711797 0.509153429829313
   outer loop
      vertex 0.625114959602086 -0.174977237903396 0.307547137449519
      vertex 0.601656037941659 -0.199290842586491 0.347364266409519
      vertex 0.604283012562818 -0.263934507838143 0.343355289129519
   endloop
endfacet
facet normal 0.205298464506091 0.245548332434538 0.947395670725837
   outer loop
      vertex 0.49100631761675 -0.209031293650097 0.373866360489519
      vertex 0.601656037941659 -0.199290842586491 0.347364266409519
      vertex 0.583619788699683 -0.172323093342771 0.344283112809519
   endloop
endfacet
facet normal 0.975260085577264 -0.17297965462165 0.137643759636248
   outer loop
      vertex 0.625114959602086 -0.174977237903396 0.307547137449519
      vertex 0.604283012562818 -0.263934507838143 0.343355289129519
      vertex 0.608762309851772 -0.267087215389905 0.307655638569519
   endloop
endfacet
facet normal 0.118318712607863 0.424801259040227 0.897521349364268
   outer loop
      vertex 0.52650960086569 -0.0973161333060787 0.316310689449519
      vertex 0.49100631761675 -0.209031293650097 0.373866360489519
      vertex 0.583619788699683 -0.172323093342771 0.344283112809519
   endloop
endfacet
facet normal 0.975080356908773 -0.160354194632466 -0.153312849541167
   outer loop
      vertex 0.654573932583976 0.102580176022397 0.139058808489519
      vertex 0.646701819974474 0.0387333912759045 0.155770763049519
      vertex 0.647888946541142 0.0875918405626994 0.112218552585519
   endloop
endfacet
facet normal 0.903694484091451 0.299281168251983 0.306214078305383
   outer loop
      vertex 0.625690720573891 -0.084146916826869 0.214375278249519
      vertex 0.60150265190219 -0.0674924240592853 0.269481327849519
      vertex 0.612555312243435 -0.117389154420434 0.285629911209519
   endloop
endfacet
facet normal 0.86774412045775 0.23907047076394 0.435735529214355
   outer loop
      vertex 0.59530076885762 -0.0211520225785458 0.256406942889519
      vertex 0.592640262944529 -0.0896954025515301 0.299312180649519
      vertex 0.60150265190219 -0.0674924240592853 0.269481327849519
   endloop
endfacet
facet normal 0.54388841732509 0.429973111979593 0.72063063525928
   outer loop
      vertex 0.577701283934576 -0.00979128464709577 0.262911445929519
      vertex 0.592640262944529 -0.0896954025515301 0.299312180649519
      vertex 0.59530076885762 -0.0211520225785458 0.256406942889519
   endloop
endfacet
facet normal 0.184820064955149 0.435829358839667 0.880848632605727
   outer loop
      vertex 0.56086298216549 -0.0322464759236049 0.277554924009519
      vertex 0.592640262944529 -0.0896954025515301 0.299312180649519
      vertex 0.577701283934576 -0.00979128464709577 0.262911445929519
   endloop
endfacet
facet normal 0.916239281228326 0.21754129113913 0.336424384050444
   outer loop
      vertex 0.625690720573891 -0.084146916826869 0.214375278249519
      vertex 0.59530076885762 -0.0211520225785458 0.256406942889519
      vertex 0.60150265190219 -0.0674924240592853 0.269481327849519
   endloop
endfacet
facet normal 0.938611457535064 -0.011881103890312 0.344771476712111
   outer loop
      vertex 0.635247177049246 -0.00220333439800357 0.191182468329519
      vertex 0.625690720573891 -0.084146916826869 0.214375278249519
      vertex 0.640294606986008 -0.0204338442768943 0.176813025129519
   endloop
endfacet
facet normal 0.922788125509322 -0.250856326728735 -0.292460559322376
   outer loop
      vertex 0.637901024222836 0.0113077080415304 0.134530973289519
      vertex 0.625427907752934 -0.106399030169206 0.196137352809519
      vertex 0.614396082794154 -0.0549326728678575 0.117184148073519
   endloop
endfacet
facet normal 0.0778341538164463 0.479511581186253 0.874076934833506
   outer loop
      vertex 0.519692203045398 0.0908051695295109 0.213715925289519
      vertex 0.52650960086569 -0.0973161333060787 0.316310689449519
      vertex 0.56086298216549 -0.0322464759236049 0.277554924009519
   endloop
endfacet
facet normal 0.844785343460091 0.0522094419723942 0.532552248745554
   outer loop
      vertex 0.635247177049246 -0.00220333439800357 0.191182468329519
      vertex 0.59530076885762 -0.0211520225785458 0.256406942889519
      vertex 0.625690720573891 -0.084146916826869 0.214375278249519
   endloop
endfacet
facet normal 0.51338356243897 0.34557399632031 0.785503616086319
   outer loop
      vertex 0.593363203470003 0.032702407989631 0.233980596009519
      vertex 0.577701283934576 -0.00979128464709577 0.262911445929519
      vertex 0.59530076885762 -0.0211520225785458 0.256406942889519
   endloop
endfacet
facet normal 0.31905635159002 0.450201053168216 0.833979649773479
   outer loop
      vertex 0.571579773679535 0.0678170703922281 0.223358614569519
      vertex 0.577701283934576 -0.00979128464709577 0.262911445929519
      vertex 0.593363203470003 0.032702407989631 0.233980596009519
   endloop
endfacet
facet normal 0.815031431625685 0.178853738270126 0.551121679639794
   outer loop
      vertex 0.635247177049246 -0.00220333439800357 0.191182468329519
      vertex 0.622552681588133 0.0502528762756566 0.192932396649519
      vertex 0.59530076885762 -0.0211520225785458 0.256406942889519
   endloop
endfacet
facet normal 0.717138424341128 0.289749572860465 0.633843565369801
   outer loop
      vertex 0.593363203470003 0.032702407989631 0.233980596009519
      vertex 0.59530076885762 -0.0211520225785458 0.256406942889519
      vertex 0.622552681588133 0.0502528762756566 0.192932396649519
   endloop
endfacet
facet normal 0.947660055653647 0.010861552824056 0.319096295166173
   outer loop
      vertex 0.646701819974474 0.0387333912759045 0.155770763049519
      vertex 0.635247177049246 -0.00220333439800357 0.191182468329519
      vertex 0.640294606986008 -0.0204338442768943 0.176813025129519
   endloop
endfacet
facet normal 0.15058910743438 0.4583012978137 0.875946825523328
   outer loop
      vertex 0.571579773679535 0.0678170703922281 0.223358614569519
      vertex 0.56086298216549 -0.0322464759236049 0.277554924009519
      vertex 0.577701283934576 -0.00979128464709577 0.262911445929519
   endloop
endfacet
facet normal 0.0454895697731346 0.471986400350702 0.880431449305306
   outer loop
      vertex 0.519692203045398 0.0908051695295109 0.213715925289519
      vertex 0.56086298216549 -0.0322464759236049 0.277554924009519
      vertex 0.571579773679535 0.0678170703922281 0.223358614569519
   endloop
endfacet
facet normal 0.466326788329471 0.454310294883907 0.759039842464688
   outer loop
      vertex 0.376238252279019 0.000564963999810254 0.325141011369519
      vertex 0.438417093397885 -0.0612923314467466 0.323964191529519
      vertex 0.433883306163497 0.0252806479796936 0.274932813609519
   endloop
endfacet
facet normal 0.42197631615395 0.521840281338505 0.741362738055866
   outer loop
      vertex 0.399606838622337 0.0716214572876343 0.261823652649519
      vertex 0.376238252279019 0.000564963999810254 0.325141011369519
      vertex 0.433883306163497 0.0252806479796936 0.274932813609519
   endloop
endfacet
facet normal 0.849128352979872 0.189037521581947 0.493199610299769
   outer loop
      vertex 0.646701819974474 0.0387333912759045 0.155770763049519
      vertex 0.622552681588133 0.0502528762756566 0.192932396649519
      vertex 0.635247177049246 -0.00220333439800357 0.191182468329519
   endloop
endfacet
facet normal 0.734215932596438 0.252685575701935 0.630140432089327
   outer loop
      vertex 0.609302943168142 0.0828825406435208 0.195286036329519
      vertex 0.593363203470003 0.032702407989631 0.233980596009519
      vertex 0.622552681588133 0.0502528762756566 0.192932396649519
   endloop
endfacet
facet normal 0.84283431004724 0.0342859633141287 0.537079880955166
   outer loop
      vertex 0.637730304763152 0.122672507393662 0.164491192809519
      vertex 0.622552681588133 0.0502528762756566 0.192932396649519
      vertex 0.646701819974474 0.0387333912759045 0.155770763049519
   endloop
endfacet
facet normal 0.592310454314041 0.183933346745069 0.784434095170176
   outer loop
      vertex 0.609302943168142 0.0828825406435208 0.195286036329519
      vertex 0.622552681588133 0.0502528762756566 0.192932396649519
      vertex 0.637730304763152 0.122672507393662 0.164491192809519
   endloop
endfacet
facet normal 0.347376143857345 0.462286906228978 0.815855766056747
   outer loop
      vertex 0.59317785245493 0.130754632904884 0.178500356649519
      vertex 0.571579773679535 0.0678170703922281 0.223358614569519
      vertex 0.593363203470003 0.032702407989631 0.233980596009519
   endloop
endfacet
facet normal 0.487844973080393 0.43057891193048 0.759347800971962
   outer loop
      vertex 0.59317785245493 0.130754632904884 0.178500356649519
      vertex 0.593363203470003 0.032702407989631 0.233980596009519
      vertex 0.609302943168142 0.0828825406435208 0.195286036329519
   endloop
endfacet
facet normal 0.968915552693156 -0.177319026424146 -0.172512650600786
   outer loop
      vertex 0.647888946541142 0.0875918405626994 0.112218552585519
      vertex 0.646701819974474 0.0387333912759045 0.155770763049519
      vertex 0.637901024222836 0.0113077080415304 0.134530973289519
   endloop
endfacet
facet normal 0.845753811647283 0.0350822477651671 0.532418750586261
   outer loop
      vertex 0.637730304763152 0.122672507393662 0.164491192809519
      vertex 0.646701819974474 0.0387333912759045 0.155770763049519
      vertex 0.654573932583976 0.102580176022397 0.139058808489519
   endloop
endfacet
facet normal 0.340476900968568 0.411176760596302 0.845582137614301
   outer loop
      vertex 0.59317785245493 0.130754632904884 0.178500356649519
      vertex 0.609302943168142 0.0828825406435208 0.195286036329519
      vertex 0.637730304763152 0.122672507393662 0.164491192809519
   endloop
endfacet
facet normal 0.340716011429596 0.51653742726326 0.785558200130175
   outer loop
      vertex 0.606283436478342 0.156497691346856 0.155889001449519
      vertex 0.59317785245493 0.130754632904884 0.178500356649519
      vertex 0.637730304763152 0.122672507393662 0.164491192809519
   endloop
endfacet
facet normal 0.838960423056119 0.52581571428585 0.140225686504146
   outer loop
      vertex 0.64513702464344 0.125148867040885 0.110891500425519
      vertex 0.637730304763152 0.122672507393662 0.164491192809519
      vertex 0.654573932583976 0.102580176022397 0.139058808489519
   endloop
endfacet
facet normal 0.844621207671706 0.516577168261668 0.140581096815842
   outer loop
      vertex 0.64513702464344 0.125148867040885 0.110891500425519
      vertex 0.628342345303341 0.148128590958456 0.127354180617519
      vertex 0.637730304763152 0.122672507393662 0.164491192809519
   endloop
endfacet
facet normal 0.657189756123256 0.688806152684981 0.306019130888853
   outer loop
      vertex 0.628342345303341 0.148128590958456 0.127354180617519
      vertex 0.606283436478342 0.156497691346856 0.155889001449519
      vertex 0.637730304763152 0.122672507393662 0.164491192809519
   endloop
endfacet
facet normal 0.96009045556813 0.0607017719554127 -0.273023097939448
   outer loop
      vertex 0.64513702464344 0.125148867040885 0.110891500425519
      vertex 0.654573932583976 0.102580176022397 0.139058808489519
      vertex 0.647888946541142 0.0875918405626994 0.112218552585519
   endloop
endfacet
facet normal 0.899484938865113 0.0505724641160969 -0.434015288472712
   outer loop
      vertex 0.64513702464344 0.125148867040885 0.110891500425519
      vertex 0.647888946541142 0.0875918405626994 0.112218552585519
      vertex 0.62290063752357 0.0893396416254916 0.0606346162655192
   endloop
endfacet
facet normal 0.093117424374762 0.556496262677125 0.825615561205215
   outer loop
      vertex 0.519692203045398 0.0908051695295109 0.213715925289519
      vertex 0.571579773679535 0.0678170703922281 0.223358614569519
      vertex 0.59317785245493 0.130754632904884 0.178500356649519
   endloop
endfacet
facet normal 0.0701368563270382 0.583922382374452 0.808774055436192
   outer loop
      vertex 0.553560322352118 0.164226678065173 0.157769687529519
      vertex 0.519692203045398 0.0908051695295109 0.213715925289519
      vertex 0.59317785245493 0.130754632904884 0.178500356649519
   endloop
endfacet
facet normal 0.208492147684472 0.530103818479231 0.821900824909949
   outer loop
      vertex 0.465825872243595 0.111555370970736 0.213996915369519
      vertex 0.519692203045398 0.0908051695295109 0.213715925289519
      vertex 0.553560322352118 0.164226678065173 0.157769687529519
   endloop
endfacet
facet normal 0.118613987836476 0.620497511397601 0.775186145541129
   outer loop
      vertex 0.553560322352118 0.164226678065173 0.157769687529519
      vertex 0.59317785245493 0.130754632904884 0.178500356649519
      vertex 0.606283436478342 0.156497691346856 0.155889001449519
   endloop
endfacet
facet normal 0.315201602985325 0.466874447030155 0.826242216414635
   outer loop
      vertex 0.399606838622337 0.0716214572876343 0.261823652649519
      vertex 0.433883306163497 0.0252806479796936 0.274932813609519
      vertex 0.465825872243595 0.111555370970736 0.213996915369519
   endloop
endfacet
facet normal 0.227444336916877 0.569160422104792 0.790142700728126
   outer loop
      vertex 0.422808014890161 0.131254430530989 0.212189954409519
      vertex 0.399606838622337 0.0716214572876343 0.261823652649519
      vertex 0.465825872243595 0.111555370970736 0.213996915369519
   endloop
endfacet
facet normal 0.208319455227158 0.530301843497343 0.821816864853223
   outer loop
      vertex 0.422808014890161 0.131254430530989 0.212189954409519
      vertex 0.465825872243595 0.111555370970736 0.213996915369519
      vertex 0.553560322352118 0.164226678065173 0.157769687529519
   endloop
endfacet
facet normal 0.120449724798077 0.693967657166387 0.70985967247271
   outer loop
      vertex 0.422808014890161 0.131254430530989 0.212189954409519
      vertex 0.553560322352118 0.164226678065173 0.157769687529519
      vertex 0.492230660456137 0.171689875883309 0.160880052969519
   endloop
endfacet
facet normal -0.154714266209186 0.866908520055227 0.473849252069695
   outer loop
      vertex 0.492230660456137 0.171689875883309 0.160880052969519
      vertex 0.426130995514254 0.146756174152885 0.184914442089519
      vertex 0.422808014890161 0.131254430530989 0.212189954409519
   endloop
endfacet
facet normal -0.234824494615903 0.921296440102929 0.309952135308107
   outer loop
      vertex 0.492230660456137 0.171689875883309 0.160880052969519
      vertex 0.475672148164813 0.174256126325248 0.140707190889519
      vertex 0.426130995514254 0.146756174152885 0.184914442089519
   endloop
endfacet
facet normal -0.411476811131896 0.905665147705027 0.102261792147205
   outer loop
      vertex 0.475672148164813 0.174256126325248 0.140707190889519
      vertex 0.359603085191532 0.115775245791564 0.191599780329519
      vertex 0.426130995514254 0.146756174152885 0.184914442089519
   endloop
endfacet
facet normal -0.460780985276857 0.886947829306938 -0.0316927703901146
   outer loop
      vertex 0.475672148164813 0.174256126325248 0.140707190889519
      vertex 0.394896353555118 0.132987123083613 0.160159494249519
      vertex 0.359603085191532 0.115775245791564 0.191599780329519
   endloop
endfacet
facet normal -0.459873928759413 0.887586586461572 -0.0265710590845792
   outer loop
      vertex 0.475672148164813 0.174256126325248 0.140707190889519
      vertex 0.448094416067275 0.159055842006551 0.110249674569519
      vertex 0.394896353555118 0.132987123083613 0.160159494249519
   endloop
endfacet
facet normal -0.505111908591068 0.858341613316543 -0.0900646137428122
   outer loop
      vertex 0.448094416067275 0.159055842006551 0.110249674569519
      vertex 0.365307802466018 0.109578143236574 0.103007503017519
      vertex 0.394896353555118 0.132987123083613 0.160159494249519
   endloop
endfacet
facet normal -0.50771589443253 0.859055659882773 -0.0651762515334317
   outer loop
      vertex 0.448094416067275 0.159055842006551 0.110249674569519
      vertex 0.389791067330729 0.120367460563202 0.0544941483935192
      vertex 0.365307802466018 0.109578143236574 0.103007503017519
   endloop
endfacet
facet normal -0.585597744948962 0.730279517741621 0.351805496088045
   outer loop
      vertex -0.00251285577061625 -0.0905872430111647 0.339196079529519
      vertex -0.051691349200905 -0.105337333436944 0.287954339049519
      vertex -0.0557064896687932 -0.121981531509038 0.315821043369519
   endloop
endfacet
facet normal -0.501764256864701 0.0612876518390039 0.862830489879139
   outer loop
      vertex 0.0208434588214273 -0.103585529510742 0.390592225449519
      vertex 0.0280537833661542 -0.149992340396608 0.398081584809519
      vertex 0.0512381544454048 -0.118122627532539 0.409300322409519
   endloop
endfacet
facet normal 0.904823871248881 -0.200988892790108 -0.375362793831774
   outer loop
      vertex 0.561634454484669 -0.308125341469432 0.193790668329519
      vertex 0.538227937635912 -0.345961165812435 0.157627801449519
      vertex 0.514158955984939 -0.319537913265885 0.0854603680415192
   endloop
endfacet
facet normal -0.731869652025887 -0.668477934788219 0.132302921905696
   outer loop
      vertex -0.0927089921211479 -0.184515466018853 0.0902669676575191
      vertex -0.0930192254917289 -0.17150775421813 0.154274004009519
      vertex -0.109736577304349 -0.153570708739015 0.152426702889519
   endloop
endfacet
facet normal -0.9155728200632 0.290243691916548 -0.278361294838507
   outer loop
      vertex -0.102210669866671 -0.14827247383563 0.133197244137519
      vertex -0.092382414165166 -0.165084451935314 0.0833409794975191
      vertex -0.109736577304349 -0.153570708739015 0.152426702889519
   endloop
endfacet
facet normal 0.319062986518026 -0.91617785206118 0.242522069154048
   outer loop
      vertex 0.57885712407188 -0.309298413164044 0.291783872169519
      vertex 0.52697137940675 -0.323451431605631 0.306578973609519
      vertex 0.56371760384802 -0.331096673188206 0.229353996969519
   endloop
endfacet
facet normal 0.807015996913962 -0.5904370304338 0.0104543683443449
   outer loop
      vertex 0.599813859202692 -0.281017310481026 0.271293852969519
      vertex 0.57885712407188 -0.309298413164044 0.291783872169519
      vertex 0.56371760384802 -0.331096673188206 0.229353996969519
   endloop
endfacet
facet normal 0.10706895998081 -0.98044181385688 0.165136572114295
   outer loop
      vertex 0.538227937635912 -0.345961165812435 0.157627801449519
      vertex 0.56371760384802 -0.331096673188206 0.229353996969519
      vertex 0.54262955345516 -0.336641983541803 0.210103394409519
   endloop
endfacet
facet normal 0.396901796332078 -0.908875800460549 0.128116132495348
   outer loop
      vertex 0.54262955345516 -0.336641983541803 0.210103394409519
      vertex 0.504291603002643 -0.363419490371575 0.138909967209519
      vertex 0.538227937635912 -0.345961165812435 0.157627801449519
   endloop
endfacet
facet normal -0.196357928831055 -0.979253224121668 0.0500668236709406
   outer loop
      vertex 0.48223589905019 -0.320466822024705 0.233975031849519
      vertex 0.502981741173176 -0.320209231388023 0.320376699369519
      vertex 0.427813165526025 -0.307379716349386 0.276503297769519
   endloop
endfacet
facet normal -0.22166077676389 -0.970318262526332 0.0966900690469777
   outer loop
      vertex 0.54262955345516 -0.336641983541803 0.210103394409519
      vertex 0.52697137940675 -0.323451431605631 0.306578973609519
      vertex 0.48223589905019 -0.320466822024705 0.233975031849519
   endloop
endfacet
facet normal -0.0899227721640748 -0.915269337104498 0.392677903124967
   outer loop
      vertex 0.504291603002643 -0.363419490371575 0.138909967209519
      vertex 0.54262955345516 -0.336641983541803 0.210103394409519
      vertex 0.48223589905019 -0.320466822024705 0.233975031849519
   endloop
endfacet
facet normal 0.891801650770749 -0.307673499287896 -0.331702929620027
   outer loop
      vertex 0.613629531248615 -0.227776443967479 0.259054092009519
      vertex 0.599813859202692 -0.281017310481026 0.271293852969519
      vertex 0.561634454484669 -0.308125341469432 0.193790668329519
   endloop
endfacet
facet normal 0.887709267186498 -0.273805799350545 -0.370138678326407
   outer loop
      vertex 0.613629531248615 -0.227776443967479 0.259054092009519
      vertex 0.561634454484669 -0.308125341469432 0.193790668329519
      vertex 0.552448798653069 -0.24855732639709 0.127695820041519
   endloop
endfacet
facet normal 0.89300619242528 -0.265498282596847 -0.363387674843586
   outer loop
      vertex 0.552448798653069 -0.24855732639709 0.127695820041519
      vertex 0.561634454484669 -0.308125341469432 0.193790668329519
      vertex 0.514158955984939 -0.319537913265885 0.0854603680415192
   endloop
endfacet
facet normal 0.376534359580583 -0.911189172185162 0.167200982496396
   outer loop
      vertex 0.538227937635912 -0.345961165812435 0.157627801449519
      vertex 0.504291603002643 -0.363419490371575 0.138909967209519
      vertex 0.509603888984271 -0.367018605478419 0.107332802793519
   endloop
endfacet
facet normal 0.0882005021578979 -0.950167957435675 0.299000876389371
   outer loop
      vertex 0.46025530501912 -0.385585861901891 0.0814594587935192
      vertex 0.504291603002643 -0.363419490371575 0.138909967209519
      vertex 0.385582877971558 -0.391237176412899 0.0855278334815192
   endloop
endfacet
facet normal 0.275909339872745 -0.948677874556682 0.154545548294357
   outer loop
      vertex 0.504291603002643 -0.363419490371575 0.138909967209519
      vertex 0.46025530501912 -0.385585861901891 0.0814594587935192
      vertex 0.509603888984271 -0.367018605478419 0.107332802793519
   endloop
endfacet
facet normal 0.365766782410663 -0.930220116853947 -0.0300864601636626
   outer loop
      vertex 0.509603888984271 -0.367018605478419 0.107332802793519
      vertex 0.46025530501912 -0.385585861901891 0.0814594587935192
      vertex 0.490973553033717 -0.373008888478563 0.0660492394655192
   endloop
endfacet
facet normal 0.322349465406048 -0.938540073384708 -0.123423469419161
   outer loop
      vertex 0.490973553033717 -0.373008888478563 0.0660492394655192
      vertex 0.46025530501912 -0.385585861901891 0.0814594587935192
      vertex 0.413859035329935 -0.396682555936337 0.0446664507935193
   endloop
endfacet
facet normal 0.881559722268934 -0.264650217948082 -0.390912673385186
   outer loop
      vertex 0.514158955984939 -0.319537913265885 0.0854603680415192
      vertex 0.538227937635912 -0.345961165812435 0.157627801449519
      vertex 0.509603888984271 -0.367018605478419 0.107332802793519
   endloop
endfacet
facet normal 0.89668229218426 -0.25830101259088 -0.359501674234916
   outer loop
      vertex 0.522956880699064 -0.247282706740613 0.0554892984095193
      vertex 0.514158955984939 -0.319537913265885 0.0854603680415192
      vertex 0.490973553033717 -0.373008888478563 0.0660492394655192
   endloop
endfacet
facet normal -0.0436009062444156 -0.969183926891941 0.242448915916285
   outer loop
      vertex 0.48223589905019 -0.320466822024705 0.233975031849519
      vertex 0.427813165526025 -0.307379716349386 0.276503297769519
      vertex 0.421798932948427 -0.315110941290861 0.244516332969519
   endloop
endfacet
facet normal -0.00932760035088935 -0.912069050901467 0.409930533455844
   outer loop
      vertex 0.504291603002643 -0.363419490371575 0.138909967209519
      vertex 0.48223589905019 -0.320466822024705 0.233975031849519
      vertex 0.421798932948427 -0.315110941290861 0.244516332969519
   endloop
endfacet
facet normal -0.0418806831627237 -0.969331709694995 0.24216119622599
   outer loop
      vertex 0.421798932948427 -0.315110941290861 0.244516332969519
      vertex 0.427813165526025 -0.307379716349386 0.276503297769519
      vertex 0.37039393304347 -0.306007097284641 0.272067271209519
   endloop
endfacet
facet normal 0.0606673729815679 -0.98262842048081 0.17538773366146
   outer loop
      vertex 0.37039393304347 -0.306007097284641 0.272067271209519
      vertex 0.36827856911992 -0.298236047130831 0.316337119209519
      vertex 0.298807940721242 -0.306555557667787 0.293756366889519
   endloop
endfacet
facet normal 0.0853094933315849 -0.962577983899214 0.257227361025284
   outer loop
      vertex 0.319904214407813 -0.323690650435227 0.222638055849519
      vertex 0.37039393304347 -0.306007097284641 0.272067271209519
      vertex 0.298807940721242 -0.306555557667787 0.293756366889519
   endloop
endfacet
facet normal 0.00893538400532486 -0.944381595406957 0.328730225518262
   outer loop
      vertex 0.319904214407813 -0.323690650435227 0.222638055849519
      vertex 0.421798932948427 -0.315110941290861 0.244516332969519
      vertex 0.37039393304347 -0.306007097284641 0.272067271209519
   endloop
endfacet
facet normal -0.0109539252126903 -0.912527046687312 0.408869662100978
   outer loop
      vertex 0.504291603002643 -0.363419490371575 0.138909967209519
      vertex 0.421798932948427 -0.315110941290861 0.244516332969519
      vertex 0.319904214407813 -0.323690650435227 0.222638055849519
   endloop
endfacet
facet normal 0.0843298695762649 -0.978399073558087 0.188742485831693
   outer loop
      vertex 0.413859035329935 -0.396682555936337 0.0446664507935193
      vertex 0.46025530501912 -0.385585861901891 0.0814594587935192
      vertex 0.385582877971558 -0.391237176412899 0.0855278334815192
   endloop
endfacet
facet normal 0.0589354837770274 -0.884011859040272 0.463734451845158
   outer loop
      vertex 0.385582877971558 -0.391237176412899 0.0855278334815192
      vertex 0.319904214407813 -0.323690650435227 0.222638055849519
      vertex 0.309045145015627 -0.39290060879501 0.0920839441055192
   endloop
endfacet
facet normal 0.00942679879925012 -0.89521374596114 0.445537298670518
   outer loop
      vertex 0.385582877971558 -0.391237176412899 0.0855278334815192
      vertex 0.504291603002643 -0.363419490371575 0.138909967209519
      vertex 0.319904214407813 -0.323690650435227 0.222638055849519
   endloop
endfacet
facet normal 0.0482146894552149 -0.945147580980994 0.323065618546003
   outer loop
      vertex 0.346997821266262 -0.401438798595716 0.0614408630495192
      vertex 0.385582877971558 -0.391237176412899 0.0855278334815192
      vertex 0.309045145015627 -0.39290060879501 0.0920839441055192
   endloop
endfacet
facet normal 0.122629199177843 -0.969104262593394 0.214007027296571
   outer loop
      vertex 0.413859035329935 -0.396682555936337 0.0446664507935193
      vertex 0.385582877971558 -0.391237176412899 0.0855278334815192
      vertex 0.346997821266262 -0.401438798595716 0.0614408630495192
   endloop
endfacet
facet normal 0.888570088711668 -0.269519153176276 -0.37121775754681
   outer loop
      vertex 0.613442997740356 -0.169838806949199 0.216542518569519
      vertex 0.613629531248615 -0.227776443967479 0.259054092009519
      vertex 0.552448798653069 -0.24855732639709 0.127695820041519
   endloop
endfacet
facet normal 0.888915951779493 -0.328813877147227 -0.31891984081798
   outer loop
      vertex 0.601972671367578 -0.154835151424953 0.169102490409519
      vertex 0.613442997740356 -0.169838806949199 0.216542518569519
      vertex 0.552448798653069 -0.24855732639709 0.127695820041519
   endloop
endfacet
facet normal 0.87906276650439 -0.301298048159452 -0.369415942700031
   outer loop
      vertex 0.614396082794154 -0.0549326728678575 0.117184148073519
      vertex 0.601972671367578 -0.154835151424953 0.169102490409519
      vertex 0.552448798653069 -0.24855732639709 0.127695820041519
   endloop
endfacet
facet normal 0.875934902135108 -0.300721698260328 -0.377232696643574
   outer loop
      vertex 0.614396082794154 -0.0549326728678575 0.117184148073519
      vertex 0.552448798653069 -0.24855732639709 0.127695820041519
      vertex 0.538665329598959 -0.171512049576317 0.0342717652895193
   endloop
endfacet
facet normal 0.912785582169078 -0.27190185719716 -0.304781661254399
   outer loop
      vertex 0.614396082794154 -0.0549326728678575 0.117184148073519
      vertex 0.625427907752934 -0.106399030169206 0.196137352809519
      vertex 0.601972671367578 -0.154835151424953 0.169102490409519
   endloop
endfacet
facet normal 0.873243404968415 -0.287398647975038 -0.393507271624412
   outer loop
      vertex 0.614396082794154 -0.0549326728678575 0.117184148073519
      vertex 0.538665329598959 -0.171512049576317 0.0342717652895193
      vertex 0.572177580906177 -0.0741568565988418 0.0375362579615193
   endloop
endfacet
facet normal 0.907556661814962 -0.230038583690193 -0.351316318449759
   outer loop
      vertex 0.624544689161726 0.0524672433804008 0.0730766344415192
      vertex 0.637901024222836 0.0113077080415304 0.134530973289519
      vertex 0.614396082794154 -0.0549326728678575 0.117184148073519
   endloop
endfacet
facet normal 0.784680095661942 -0.266292874583056 -0.559790364706519
   outer loop
      vertex 0.538665329598959 -0.171512049576317 0.0342717652895193
      vertex 0.517545713873497 -0.179453146114033 0.00844516023351929
      vertex 0.519461659357385 -0.172756044854986 0.0079449978911193
   endloop
endfacet
facet normal 0.780286906824054 -0.287160645534477 -0.555599772043845
   outer loop
      vertex 0.524006018890592 -0.159585185240664 0.0075197847839193
      vertex 0.538665329598959 -0.171512049576317 0.0342717652895193
      vertex 0.519461659357385 -0.172756044854986 0.0079449978911193
   endloop
endfacet
facet normal 0.858448436148895 -0.281115721190907 -0.428999106960414
   outer loop
      vertex 0.572177580906177 -0.0741568565988418 0.0375362579615193
      vertex 0.538665329598959 -0.171512049576317 0.0342717652895193
      vertex 0.551977339204898 -0.0948419420516965 0.0106691549855193
   endloop
endfacet
facet normal 0.785570276445413 -0.302558523645296 -0.539757056957161
   outer loop
      vertex 0.551977339204898 -0.0948419420516965 0.0106691549855193
      vertex 0.538665329598959 -0.171512049576317 0.0342717652895193
      vertex 0.534121857844764 -0.137173498497347 0.00841080154551929
   endloop
endfacet
facet normal 0.762472789348868 -0.321837703130559 -0.561298261485107
   outer loop
      vertex 0.534121857844764 -0.137173498497347 0.00841080154551929
      vertex 0.538665329598959 -0.171512049576317 0.0342717652895193
      vertex 0.524006018890592 -0.159585185240664 0.0075197847839193
   endloop
endfacet
facet normal 0.854733950196916 -0.230848197507152 -0.464907500572398
   outer loop
      vertex 0.588774281190393 -0.0100390028860241 0.0362118487775193
      vertex 0.572177580906177 -0.0741568565988418 0.0375362579615193
      vertex 0.551977339204898 -0.0948419420516965 0.0106691549855193
   endloop
endfacet
facet normal 0.872865717169376 -0.253670618990919 -0.416841284964859
   outer loop
      vertex 0.624544689161726 0.0524672433804008 0.0730766344415192
      vertex 0.614396082794154 -0.0549326728678575 0.117184148073519
      vertex 0.588774281190393 -0.0100390028860241 0.0362118487775193
   endloop
endfacet
facet normal 0.880948267916405 -0.236496991455772 -0.409877203912897
   outer loop
      vertex 0.588774281190393 -0.0100390028860241 0.0362118487775193
      vertex 0.614396082794154 -0.0549326728678575 0.117184148073519
      vertex 0.572177580906177 -0.0741568565988418 0.0375362579615193
   endloop
endfacet
facet normal 0.789654686882867 -0.129506292414465 -0.599727934741229
   outer loop
      vertex 0.583139726175099 0.0355582880692933 0.0189465385055193
      vertex 0.588774281190393 -0.0100390028860241 0.0362118487775193
      vertex 0.568399410752763 0.00687092542641176 0.00573293826231929
   endloop
endfacet
facet normal 0.758093818826039 -0.092160177969373 -0.645600699700989
   outer loop
      vertex 0.583139726175099 0.0355582880692933 0.0189465385055193
      vertex 0.568399410752763 0.00687092542641176 0.00573293826231929
      vertex 0.575105552104326 0.0238508001351391 0.0111837006815193
   endloop
endfacet
facet normal 0.78447142411463 -0.159913643879705 -0.599192966621504
   outer loop
      vertex 0.588774281190393 -0.0100390028860241 0.0362118487775193
      vertex 0.551977339204898 -0.0948419420516965 0.0106691549855193
      vertex 0.561225224522482 -0.0370726270948205 0.00735903620151929
   endloop
endfacet
facet normal 0.77709149478498 -0.136047552197666 -0.614507829302336
   outer loop
      vertex 0.588774281190393 -0.0100390028860241 0.0362118487775193
      vertex 0.561225224522482 -0.0370726270948205 0.00735903620151929
      vertex 0.564125266878393 -0.00916835789516894 0.00484855676151929
   endloop
endfacet
facet normal 0.772190193643156 -0.172047305740462 -0.611655155646377
   outer loop
      vertex 0.568399410752763 0.00687092542641176 0.00573293826231929
      vertex 0.588774281190393 -0.0100390028860241 0.0362118487775193
      vertex 0.564125266878393 -0.00916835789516894 0.00484855676151929
   endloop
endfacet
facet normal 0.867505372110623 -0.195832669577685 -0.457257033718769
   outer loop
      vertex 0.575105552104326 0.0238508001351391 0.0111837006815193
      vertex 0.568399410752763 0.00687092542641176 0.00573293826231929
      vertex 0.571904706918613 0.0166794673464434 0.00818239277751929
   endloop
endfacet
facet normal 0.911956305474253 -0.220588139063921 -0.345943015264172
   outer loop
      vertex 0.647888946541142 0.0875918405626994 0.112218552585519
      vertex 0.637901024222836 0.0113077080415304 0.134530973289519
      vertex 0.624544689161726 0.0524672433804008 0.0730766344415192
   endloop
endfacet
facet normal 0.893324987718702 -0.107419953405525 -0.436384486350896
   outer loop
      vertex 0.647888946541142 0.0875918405626994 0.112218552585519
      vertex 0.624544689161726 0.0524672433804008 0.0730766344415192
      vertex 0.62290063752357 0.0893396416254916 0.0606346162655192
   endloop
endfacet
facet normal 0.823397084051171 -0.148130179870165 -0.547790737223313
   outer loop
      vertex 0.62290063752357 0.0893396416254916 0.0606346162655192
      vertex 0.624544689161726 0.0524672433804008 0.0730766344415192
      vertex 0.588774281190393 -0.0100390028860241 0.0362118487775193
   endloop
endfacet
facet normal 0.661936112046556 0.440306807694978 -0.606605719282424
   outer loop
      vertex 0.590966300008948 0.109470986128458 0.0403998529055192
      vertex 0.64513702464344 0.125148867040885 0.110891500425519
      vertex 0.62290063752357 0.0893396416254916 0.0606346162655192
   endloop
endfacet
facet normal 0.794357164420301 -0.126783907467158 -0.594072837404218
   outer loop
      vertex 0.62290063752357 0.0893396416254916 0.0606346162655192
      vertex 0.588774281190393 -0.0100390028860241 0.0362118487775193
      vertex 0.583139726175099 0.0355582880692933 0.0189465385055193
   endloop
endfacet
facet normal -0.224440057610858 -0.861477876495738 0.455502501472856
   outer loop
      vertex 0.193650698052399 -0.2876760855876 0.333231300009519
      vertex 0.199329196925416 -0.266925564609978 0.375274092969519
      vertex 0.15750156547135 -0.262112355483067 0.363767410089519
   endloop
endfacet
facet normal 0.0275269716412092 -0.328206289306275 0.944204902281316
   outer loop
      vertex 0.0693274132503777 -0.165264987799855 0.404618081769519
      vertex 0.117064812025634 -0.207342315026842 0.388600256169519
      vertex 0.184032115411248 -0.157961657389176 0.403812669609519
   endloop
endfacet
facet normal 0.0248833180254574 -0.285146506324776 0.958160889629095
   outer loop
      vertex 0.0693274132503777 -0.165264987799855 0.404618081769519
      vertex 0.184032115411248 -0.157961657389176 0.403812669609519
      vertex 0.162034390790271 -0.0905437736203318 0.424447356969519
   endloop
endfacet
facet normal -0.0186513650462931 -0.234771334460111 0.971871672134613
   outer loop
      vertex 0.109580471343508 -0.0842402072471938 0.424963432809519
      vertex 0.0693274132503777 -0.165264987799855 0.404618081769519
      vertex 0.162034390790271 -0.0905437736203318 0.424447356969519
   endloop
endfacet
facet normal -0.000733099452983455 -0.0876556455692322 0.996150566111887
   outer loop
      vertex 0.109580471343508 -0.0842402072471938 0.424963432809519
      vertex 0.162034390790271 -0.0905437736203318 0.424447356969519
      vertex 0.146435265729417 -0.0628752822398971 0.426870548649519
   endloop
endfacet
facet normal 0.37173898813683 0.32386756929977 0.870011449496422
   outer loop
      vertex 0.32735642312746 -0.0260653003556435 0.368784891369519
      vertex 0.326169739198801 -0.100092676824001 0.396849123369519
      vertex 0.376934376267539 -0.0881954690342513 0.370729565289519
   endloop
endfacet
facet normal 0.456741555898191 0.308940688992514 0.834231863333289
   outer loop
      vertex 0.256119015518032 -0.00437936580099869 0.399756396969519
      vertex 0.326169739198801 -0.100092676824001 0.396849123369519
      vertex 0.32735642312746 -0.0260653003556435 0.368784891369519
   endloop
endfacet
facet normal 0.429288613574682 0.288188580527126 0.855954805062094
   outer loop
      vertex 0.222970353899911 -0.0387639597171927 0.427958341929519
      vertex 0.326169739198801 -0.100092676824001 0.396849123369519
      vertex 0.256119015518032 -0.00437936580099869 0.399756396969519
   endloop
endfacet
facet normal 0.230826877926718 -0.0169126803875073 0.972847836852564
   outer loop
      vertex 0.266861892542022 -0.10194267316742 0.410888890089519
      vertex 0.29782879153958 -0.136108001059674 0.402947442729519
      vertex 0.326169739198801 -0.100092676824001 0.396849123369519
   endloop
endfacet
facet normal 0.399037702029572 0.513041501628191 0.759971927090764
   outer loop
      vertex 0.28284413908891 0.0335318490847111 0.351924095529519
      vertex 0.32735642312746 -0.0260653003556435 0.368784891369519
      vertex 0.376238252279019 0.000564963999810254 0.325141011369519
   endloop
endfacet
facet normal -0.487605007770799 0.86490368422584 0.119092289462447
   outer loop
      vertex 0.198135201200498 0.0240836635561319 0.237120173289519
      vertex 0.0932301415458398 -0.0372883389115189 0.253314660969519
      vertex 0.152544560782362 -0.0115710158994788 0.309397220649519
   endloop
endfacet
facet normal -0.218168598307752 -0.178999070496941 0.959354885052274
   outer loop
      vertex 0.0280537833661542 -0.149992340396608 0.398081584809519
      vertex 0.0693274132503777 -0.165264987799855 0.404618081769519
      vertex 0.0512381544454048 -0.118122627532539 0.409300322409519
   endloop
endfacet
facet normal -0.167655870921368 -0.160934161930395 0.972621048748874
   outer loop
      vertex 0.0512381544454048 -0.118122627532539 0.409300322409519
      vertex 0.0693274132503777 -0.165264987799855 0.404618081769519
      vertex 0.109580471343508 -0.0842402072471938 0.424963432809519
   endloop
endfacet
facet normal -0.448099064323646 0.402592597891241 0.798201997413846
   outer loop
      vertex 0.0799063976672238 -0.0634470206987051 0.397817287209519
      vertex 0.0512381544454048 -0.118122627532539 0.409300322409519
      vertex 0.109580471343508 -0.0842402072471938 0.424963432809519
   endloop
endfacet
facet normal -0.354281898928005 0.366452858006901 0.860346813180906
   outer loop
      vertex 0.0208434588214273 -0.103585529510742 0.390592225449519
      vertex 0.0512381544454048 -0.118122627532539 0.409300322409519
      vertex 0.0799063976672238 -0.0634470206987051 0.397817287209519
   endloop
endfacet
facet normal -0.344466915561096 0.524721315761026 0.778466495663007
   outer loop
      vertex 0.0799063976672238 -0.0634470206987051 0.397817287209519
      vertex 0.109580471343508 -0.0842402072471938 0.424963432809519
      vertex 0.146435265729417 -0.0628752822398971 0.426870548649519
   endloop
endfacet
facet normal -0.542987475076054 0.721722403494313 0.429280064998275
   outer loop
      vertex 0.0799063976672238 -0.0634470206987051 0.397817287209519
      vertex -0.00251285577061625 -0.0905872430111647 0.339196079529519
      vertex 0.0208434588214273 -0.103585529510742 0.390592225449519
   endloop
endfacet
facet normal -0.499208806982055 0.758598235409617 0.418711457050041
   outer loop
      vertex 0.0208434588214273 -0.103585529510742 0.390592225449519
      vertex -0.00251285577061625 -0.0905872430111647 0.339196079529519
      vertex -0.0157430332016999 -0.11695430518795 0.371192781609519
   endloop
endfacet
facet normal -0.854683881048558 0.203916920522566 0.477423661961123
   outer loop
      vertex -0.051691349200905 -0.105337333436944 0.287954339049519
      vertex -0.091311003674456 -0.145860147374666 0.234335311209519
      vertex -0.0664695072381291 -0.142209982995953 0.277247504169519
   endloop
endfacet
facet normal -0.844105462072745 0.459343473236865 0.27656742847568
   outer loop
      vertex -0.051691349200905 -0.105337333436944 0.287954339049519
      vertex -0.0795866807146193 -0.119273163510936 0.225961250409519
      vertex -0.091311003674456 -0.145860147374666 0.234335311209519
   endloop
endfacet
facet normal -0.499983697180963 0.864645734204177 0.0490311826879071
   outer loop
      vertex -0.01354931479194 -0.0802968917800502 0.235320167529519
      vertex -0.04836233912993 -0.0989340781748153 0.208982216169519
      vertex -0.051691349200905 -0.105337333436944 0.287954339049519
   endloop
endfacet
facet normal 0.407301303036977 0.582183465462529 0.70368178965099
   outer loop
      vertex 0.342675322019362 0.0847659067984749 0.274904992809519
      vertex 0.28284413908891 0.0335318490847111 0.351924095529519
      vertex 0.376238252279019 0.000564963999810254 0.325141011369519
   endloop
endfacet
facet normal 0.307003427485337 0.574884232304275 0.758456996117894
   outer loop
      vertex 0.342675322019362 0.0847659067984749 0.274904992809519
      vertex 0.376238252279019 0.000564963999810254 0.325141011369519
      vertex 0.399606838622337 0.0716214572876343 0.261823652649519
   endloop
endfacet
facet normal 0.207097973186727 0.707077160915706 0.676130400154685
   outer loop
      vertex 0.28284413908891 0.0335318490847111 0.351924095529519
      vertex 0.253707141854329 0.0215322215318132 0.373397580009519
      vertex 0.256119015518032 -0.00437936580099869 0.399756396969519
   endloop
endfacet
facet normal 0.468242638959889 0.546219632455778 0.694545134731901
   outer loop
      vertex 0.28284413908891 0.0335318490847111 0.351924095529519
      vertex 0.256119015518032 -0.00437936580099869 0.399756396969519
      vertex 0.32735642312746 -0.0260653003556435 0.368784891369519
   endloop
endfacet
facet normal -0.109593217772241 0.864746819302735 0.490104341058237
   outer loop
      vertex 0.342675322019362 0.0847659067984749 0.274904992809519
      vertex 0.274318837010518 0.0520932615250248 0.317267724969519
      vertex 0.28284413908891 0.0335318490847111 0.351924095529519
   endloop
endfacet
facet normal -0.185162155441558 0.899754660002427 0.395166456061435
   outer loop
      vertex 0.342584443925158 0.100723176407108 0.238529296809519
      vertex 0.274318837010518 0.0520932615250248 0.317267724969519
      vertex 0.342675322019362 0.0847659067984749 0.274904992809519
   endloop
endfacet
facet normal -0.477017704219008 0.870126402914534 0.123831146375378
   outer loop
      vertex 0.342584443925158 0.100723176407108 0.238529296809519
      vertex 0.269900109029643 0.0584671931742457 0.255458253609519
      vertex 0.274318837010518 0.0520932615250248 0.317267724969519
   endloop
endfacet
facet normal 0.304692521620776 0.536480554900327 0.786988615852993
   outer loop
      vertex 0.342675322019362 0.0847659067984749 0.274904992809519
      vertex 0.399606838622337 0.0716214572876343 0.261823652649519
      vertex 0.422808014890161 0.131254430530989 0.212189954409519
   endloop
endfacet
facet normal -0.211501310423525 0.894849178904358 0.39308032601916
   outer loop
      vertex 0.422808014890161 0.131254430530989 0.212189954409519
      vertex 0.342584443925158 0.100723176407108 0.238529296809519
      vertex 0.342675322019362 0.0847659067984749 0.274904992809519
   endloop
endfacet
facet normal -0.174784070999964 0.865011099724199 0.470325765697152
   outer loop
      vertex 0.426130995514254 0.146756174152885 0.184914442089519
      vertex 0.342584443925158 0.100723176407108 0.238529296809519
      vertex 0.422808014890161 0.131254430530989 0.212189954409519
   endloop
endfacet
facet normal -0.406074539068497 0.902697576099094 0.142269303875183
   outer loop
      vertex 0.426130995514254 0.146756174152885 0.184914442089519
      vertex 0.359603085191532 0.115775245791564 0.191599780329519
      vertex 0.342584443925158 0.100723176407108 0.238529296809519
   endloop
endfacet
facet normal -0.449829935670717 0.870370027714032 -0.200272424041738
   outer loop
      vertex 0.394896353555118 0.132987123083613 0.160159494249519
      vertex 0.287181124306655 0.0646535828973987 0.105124805001519
      vertex 0.308051415828558 0.0868304405431751 0.154627328169519
   endloop
endfacet
facet normal -0.49816178636781 0.861853017981144 -0.0951010515169282
   outer loop
      vertex 0.394896353555118 0.132987123083613 0.160159494249519
      vertex 0.365307802466018 0.109578143236574 0.103007503017519
      vertex 0.287181124306655 0.0646535828973987 0.105124805001519
   endloop
endfacet
facet normal -0.463444508744399 0.878788739178426 0.113796042144948
   outer loop
      vertex 0.359603085191532 0.115775245791564 0.191599780329519
      vertex 0.273588670026642 0.0671800235833319 0.216574512489519
      vertex 0.342584443925158 0.100723176407108 0.238529296809519
   endloop
endfacet
facet normal -0.464415522513937 0.884479026547699 -0.0448895761323566
   outer loop
      vertex 0.359603085191532 0.115775245791564 0.191599780329519
      vertex 0.308051415828558 0.0868304405431751 0.154627328169519
      vertex 0.236927384733856 0.0506312060754909 0.177208080489519
   endloop
endfacet
facet normal -0.466915788848503 0.883372180113554 -0.040536866250451
   outer loop
      vertex 0.394896353555118 0.132987123083613 0.160159494249519
      vertex 0.308051415828558 0.0868304405431751 0.154627328169519
      vertex 0.359603085191532 0.115775245791564 0.191599780329519
   endloop
endfacet
facet normal 0.875133087321108 -0.381486667833822 -0.297674321601434
   outer loop
      vertex 0.599813859202692 -0.281017310481026 0.271293852969519
      vertex 0.56371760384802 -0.331096673188206 0.229353996969519
      vertex 0.561634454484669 -0.308125341469432 0.193790668329519
   endloop
endfacet
facet normal -0.471650474948239 -0.869214863001661 0.148362230429799
   outer loop
      vertex 0.171937377750705 -0.377327262316155 0.0904913424095192
      vertex 0.152587432595241 -0.356307249201527 0.152127629289519
      vertex 0.0778133561183391 -0.31812807163129 0.138098990889519
   endloop
endfacet
facet normal -0.236265343559117 -0.939934788952334 0.246376297459851
   outer loop
      vertex 0.171937377750705 -0.377327262316155 0.0904913424095192
      vertex 0.200936193418043 -0.373565523179308 0.132651260937519
      vertex 0.152587432595241 -0.356307249201527 0.152127629289519
   endloop
endfacet
facet normal -0.513129043462412 -0.820356740373449 -0.252415140748728
   outer loop
      vertex 0.184770842532937 -0.36707651827709 0.0310872574175192
      vertex 0.171937377750705 -0.377327262316155 0.0904913424095192
      vertex 0.106503062351323 -0.336394487197925 0.0904785448415192
   endloop
endfacet
facet normal -0.544886083542359 -0.776260964736799 -0.317045849346375
   outer loop
      vertex 0.184770842532937 -0.36707651827709 0.0310872574175192
      vertex 0.106503062351323 -0.336394487197925 0.0904785448415192
      vertex 0.123803643595551 -0.325113781176344 0.0331252701215192
   endloop
endfacet
facet normal -0.344702523421965 -0.828781312194935 0.440796672971759
   outer loop
      vertex 0.152587432595241 -0.356307249201527 0.152127629289519
      vertex 0.185679806112966 -0.329281246945985 0.228819837609519
      vertex 0.098172572852096 -0.319284663066126 0.179184748329519
   endloop
endfacet
facet normal -0.475650267599598 -0.853788678513527 0.211664157037881
   outer loop
      vertex 0.0778133561183391 -0.31812807163129 0.138098990889519
      vertex 0.152587432595241 -0.356307249201527 0.152127629289519
      vertex 0.098172572852096 -0.319284663066126 0.179184748329519
   endloop
endfacet
facet normal -0.53032958820801 -0.847772492205764 0.00568588870361289
   outer loop
      vertex 0.106503062351323 -0.336394487197925 0.0904785448415192
      vertex 0.171937377750705 -0.377327262316155 0.0904913424095192
      vertex 0.0778133561183391 -0.31812807163129 0.138098990889519
   endloop
endfacet
facet normal -0.51157445164595 -0.858975341726288 0.0212824512063819
   outer loop
      vertex 0.0430978452583514 -0.298992029723734 0.0759736143455192
      vertex 0.106503062351323 -0.336394487197925 0.0904785448415192
      vertex 0.0778133561183391 -0.31812807163129 0.138098990889519
   endloop
endfacet
facet normal -0.474501025343143 -0.865861495096794 -0.158532798679174
   outer loop
      vertex 0.0377855606892601 -0.29119659419599 0.0492972229535192
      vertex 0.106503062351323 -0.336394487197925 0.0904785448415192
      vertex 0.0430978452583514 -0.298992029723734 0.0759736143455192
   endloop
endfacet
facet normal -0.397800010102608 -0.870057878444895 -0.291126158423343
   outer loop
      vertex 0.123803643595551 -0.325113781176344 0.0331252701215192
      vertex 0.106503062351323 -0.336394487197925 0.0904785448415192
      vertex 0.0377855606892601 -0.29119659419599 0.0492972229535192
   endloop
endfacet
facet normal -0.397769143187717 -0.773569835822295 -0.493324860344152
   outer loop
      vertex 0.0767921632503552 -0.283335373886254 0.00551912150391924
      vertex 0.123803643595551 -0.325113781176344 0.0331252701215192
      vertex 0.0377855606892601 -0.29119659419599 0.0492972229535192
   endloop
endfacet
facet normal -0.414711593698036 -0.877456645676683 -0.241006491635099
   outer loop
      vertex 0.184770842532937 -0.36707651827709 0.0310872574175192
      vertex 0.219657005204869 -0.390322327726179 0.0556903036895192
      vertex 0.171937377750705 -0.377327262316155 0.0904913424095192
   endloop
endfacet
facet normal -0.509469113373469 -0.717103043152346 -0.475609554172427
   outer loop
      vertex 0.162205485217112 -0.341399181911255 0.0165439342175192
      vertex 0.184770842532937 -0.36707651827709 0.0310872574175192
      vertex 0.123803643595551 -0.325113781176344 0.0331252701215192
   endloop
endfacet
facet normal -0.517003521824789 -0.637398171376847 -0.571341342409436
   outer loop
      vertex 0.151931465822503 -0.328281738818246 0.0112067919455192
      vertex 0.162205485217112 -0.341399181911255 0.0165439342175192
      vertex 0.123803643595551 -0.325113781176344 0.0331252701215192
   endloop
endfacet
facet normal -0.511746818839737 -0.649032452627989 -0.562913908908908
   outer loop
      vertex 0.141310636514763 -0.316824931398898 0.00765267083511925
      vertex 0.151931465822503 -0.328281738818246 0.0112067919455192
      vertex 0.123803643595551 -0.325113781176344 0.0331252701215192
   endloop
endfacet
facet normal -0.41738203641205 -0.739872716372892 -0.52761785342
   outer loop
      vertex 0.128841772592833 -0.30879556011588 0.00625690129911925
      vertex 0.141310636514763 -0.316824931398898 0.00765267083511925
      vertex 0.123803643595551 -0.325113781176344 0.0331252701215192
   endloop
endfacet
facet normal -0.735008374250805 -0.602448086910988 0.311157504101185
   outer loop
      vertex -0.000358851774370038 -0.261671703754123 0.0627506663135192
      vertex 0.0778133561183391 -0.31812807163129 0.138098990889519
      vertex 0.0191699027556169 -0.243108646824772 0.144821887209519
   endloop
endfacet
facet normal -0.670051888647817 -0.726892752063309 0.150523730744769
   outer loop
      vertex -0.000358851774370038 -0.261671703754123 0.0627506663135192
      vertex 0.0430978452583514 -0.298992029723734 0.0759736143455192
      vertex 0.0778133561183391 -0.31812807163129 0.138098990889519
   endloop
endfacet
facet normal -0.630731741275717 -0.769621596692366 -0.0992978773791011
   outer loop
      vertex 0.0377855606892601 -0.29119659419599 0.0492972229535192
      vertex 0.0430978452583514 -0.298992029723734 0.0759736143455192
      vertex -0.000358851774370038 -0.261671703754123 0.0627506663135192
   endloop
endfacet
facet normal -0.679481248975719 -0.664100944745037 0.311889671966139
   outer loop
      vertex -0.000358851774370038 -0.261671703754123 0.0627506663135192
      vertex 0.0191699027556169 -0.243108646824772 0.144821887209519
      vertex -0.0193961120439109 -0.242045643353726 0.0630655977695192
   endloop
endfacet
facet normal -0.575975476684976 -0.774469187603078 0.261628988667048
   outer loop
      vertex -0.0193961120439109 -0.242045643353726 0.0630655977695192
      vertex 0.0191699027556169 -0.243108646824772 0.144821887209519
      vertex -0.0124201619182026 -0.213126387256975 0.164029367529519
   endloop
endfacet
facet normal -0.431958419823662 -0.802792516792091 0.411018367626152
   outer loop
      vertex 0.00919086943330438 -0.22607933159074 0.220843614249519
      vertex -0.0419961850739262 -0.16872829621351 0.279065593449519
      vertex -0.0750216249167386 -0.178365616589333 0.225534201129519
   endloop
endfacet
facet normal -0.651635515088975 -0.566825389970264 0.504063619754276
   outer loop
      vertex -0.0750216249167386 -0.178365616589333 0.225534201129519
      vertex -0.0419961850739262 -0.16872829621351 0.279065593449519
      vertex -0.0664695072381291 -0.142209982995953 0.277247504169519
   endloop
endfacet
facet normal -0.733601340467453 -0.493988934746869 0.466694767071594
   outer loop
      vertex -0.0750216249167386 -0.178365616589333 0.225534201129519
      vertex -0.0664695072381291 -0.142209982995953 0.277247504169519
      vertex -0.091311003674456 -0.145860147374666 0.234335311209519
   endloop
endfacet
facet normal -0.762839227328151 -0.494934430522371 0.416072376796256
   outer loop
      vertex -0.102047612372443 -0.1611696808794 0.196439208489519
      vertex -0.0750216249167386 -0.178365616589333 0.225534201129519
      vertex -0.091311003674456 -0.145860147374666 0.234335311209519
   endloop
endfacet
facet normal -0.431675886434132 -0.738943705848415 -0.517318208318939
   outer loop
      vertex 0.0767921632503552 -0.283335373886254 0.00551912150391924
      vertex 0.0377855606892601 -0.29119659419599 0.0492972229535192
      vertex 0.0373646769734308 -0.264267506179737 0.0111825878495192
   endloop
endfacet
facet normal -0.505566027514609 -0.819558501471326 0.269679169549989
   outer loop
      vertex -0.0193961120439109 -0.242045643353726 0.0630655977695192
      vertex -0.0124201619182026 -0.213126387256975 0.164029367529519
      vertex -0.0616086752215112 -0.213622381651629 0.0703086039455191
   endloop
endfacet
facet normal -0.62282787317988 -0.780571243716776 -0.0528580540000462
   outer loop
      vertex -0.0353411946952089 -0.23194289661111 0.0359340580895192
      vertex 0.0377855606892601 -0.29119659419599 0.0492972229535192
      vertex -0.000358851774370038 -0.261671703754123 0.0627506663135192
   endloop
endfacet
facet normal -0.536269492493817 -0.843773704945405 -0.0214701248978165
   outer loop
      vertex -0.0443339095785123 -0.225623616647357 0.0405648302495192
      vertex -0.0193961120439109 -0.242045643353726 0.0630655977695192
      vertex -0.0530651035127716 -0.220227186139521 0.0465688370975192
   endloop
endfacet
facet normal -0.707351323053339 -0.68868581509783 0.159266926440262
   outer loop
      vertex -0.0353411946952089 -0.23194289661111 0.0359340580895192
      vertex -0.000358851774370038 -0.261671703754123 0.0627506663135192
      vertex -0.0193961120439109 -0.242045643353726 0.0630655977695192
   endloop
endfacet
facet normal -0.565868275146136 -0.82409512363143 0.0256967388988263
   outer loop
      vertex -0.0353411946952089 -0.23194289661111 0.0359340580895192
      vertex -0.0193961120439109 -0.242045643353726 0.0630655977695192
      vertex -0.0443339095785123 -0.225623616647357 0.0405648302495192
   endloop
endfacet
facet normal -0.584367981090304 0.798220474534765 -0.146144232557895
   outer loop
      vertex -0.0150570881550737 -0.10528848310515 0.0411019107935192
      vertex -0.0752382193682192 -0.140681980843694 0.0884257871135191
      vertex -0.04836233912993 -0.0989340781748153 0.208982216169519
   endloop
endfacet
facet normal -0.657832714555058 0.635991008894253 -0.403449570909172
   outer loop
      vertex -0.0150570881550737 -0.10528848310515 0.0411019107935192
      vertex -0.00698309573494101 -0.113237012522071 0.0154071763295192
      vertex -0.0631519813188711 -0.148275447350764 0.0517576945055191
   endloop
endfacet
facet normal -0.62136333666868 0.324824881906965 -0.713019214283943
   outer loop
      vertex -0.0634608268880994 -0.171357000307403 0.0381476200415192
      vertex -0.00698309573494101 -0.113237012522071 0.0154071763295192
      vertex -0.022630855137023 -0.152485678538504 0.0111632523935192
   endloop
endfacet
facet normal -0.884283263063486 0.439571949108905 0.157542414042667
   outer loop
      vertex -0.0795866807146193 -0.119273163510936 0.225961250409519
      vertex -0.109736577304349 -0.153570708739015 0.152426702889519
      vertex -0.091311003674456 -0.145860147374666 0.234335311209519
   endloop
endfacet
facet normal -0.962954710167885 0.181384072187773 0.199544592815904
   outer loop
      vertex -0.091311003674456 -0.145860147374666 0.234335311209519
      vertex -0.109736577304349 -0.153570708739015 0.152426702889519
      vertex -0.102047612372443 -0.1611696808794 0.196439208489519
   endloop
endfacet
facet normal -0.527312913024206 0.84839443868851 0.0465614449983497
   outer loop
      vertex -0.04836233912993 -0.0989340781748153 0.208982216169519
      vertex -0.0795866807146193 -0.119273163510936 0.225961250409519
      vertex -0.051691349200905 -0.105337333436944 0.287954339049519
   endloop
endfacet
facet normal -0.589812285277257 0.797021955518877 -0.129913319397528
   outer loop
      vertex -0.04836233912993 -0.0989340781748153 0.208982216169519
      vertex -0.109736577304349 -0.153570708739015 0.152426702889519
      vertex -0.0795866807146193 -0.119273163510936 0.225961250409519
   endloop
endfacet
facet normal -0.461569253869158 -0.886553390018281 0.0312555679801684
   outer loop
      vertex -0.0930192254917289 -0.17150775421813 0.154274004009519
      vertex -0.0124201619182026 -0.213126387256975 0.164029367529519
      vertex -0.0750216249167386 -0.178365616589333 0.225534201129519
   endloop
endfacet
facet normal -0.588944401913985 -0.805024740334767 0.0712717258323376
   outer loop
      vertex -0.0930192254917289 -0.17150775421813 0.154274004009519
      vertex -0.0750216249167386 -0.178365616589333 0.225534201129519
      vertex -0.102047612372443 -0.1611696808794 0.196439208489519
   endloop
endfacet
facet normal -0.643038667403643 0.764737423962224 -0.0409627222651065
   outer loop
      vertex -0.04836233912993 -0.0989340781748153 0.208982216169519
      vertex -0.102210669866671 -0.14827247383563 0.133197244137519
      vertex -0.109736577304349 -0.153570708739015 0.152426702889519
   endloop
endfacet
facet normal -0.521997789389935 0.835245054867697 -0.172869911179124
   outer loop
      vertex -0.04836233912993 -0.0989340781748153 0.208982216169519
      vertex -0.0752382193682192 -0.140681980843694 0.0884257871135191
      vertex -0.102210669866671 -0.14827247383563 0.133197244137519
   endloop
endfacet
facet normal -0.508311355947355 0.85598399419576 0.0943979189158067
   outer loop
      vertex 0.101268199112582 -0.0152488120818887 0.161650689129519
      vertex 0.0201083999412011 -0.0655253920274359 0.180522928809519
      vertex 0.0689849052793516 -0.0403421545263708 0.215354570409519
   endloop
endfacet
facet normal -0.448877556443781 0.867409825064465 -0.214730376758141
   outer loop
      vertex 0.101268199112582 -0.0152488120818887 0.161650689129519
      vertex 0.0627109824032921 -0.0676440311560919 0.0305995587935192
      vertex -0.0150570881550737 -0.10528848310515 0.0411019107935192
   endloop
endfacet
facet normal -0.540871160024953 0.834934040967921 -0.10170317343249
   outer loop
      vertex 0.101268199112582 -0.0152488120818887 0.161650689129519
      vertex -0.0150570881550737 -0.10528848310515 0.0411019107935192
      vertex 0.0201083999412011 -0.0655253920274359 0.180522928809519
   endloop
endfacet
facet normal -0.545129145668953 0.821347478028295 -0.167995639463639
   outer loop
      vertex 0.12019186506346 -0.0270453728061671 0.0425707099295192
      vertex 0.0627109824032921 -0.0676440311560919 0.0305995587935192
      vertex 0.101268199112582 -0.0152488120818887 0.161650689129519
   endloop
endfacet
facet normal -0.443405475601897 0.807454878892673 -0.389112069664609
   outer loop
      vertex 0.0627109824032921 -0.0676440311560919 0.0305995587935192
      vertex -0.00698309573494101 -0.113237012522071 0.0154071763295192
      vertex -0.0150570881550737 -0.10528848310515 0.0411019107935192
   endloop
endfacet
facet normal -0.521247111343362 0.813783729762814 -0.257016517153129
   outer loop
      vertex 0.12019186506346 -0.0270453728061671 0.0425707099295192
      vertex 0.100147828719969 -0.0493722642743473 0.0125284190495192
      vertex 0.0627109824032921 -0.0676440311560919 0.0305995587935192
   endloop
endfacet
facet normal -0.0481561440679506 0.985142196058446 0.16485096097278
   outer loop
      vertex 0.551358374635682 0.17896212966175 0.134693724969519
      vertex 0.475672148164813 0.174256126325248 0.140707190889519
      vertex 0.492230660456137 0.171689875883309 0.160880052969519
   endloop
endfacet
facet normal -0.0705513604233208 0.991166164745946 -0.112303781793988
   outer loop
      vertex 0.486506459297525 0.170189181221011 0.0980069924255191
      vertex 0.475672148164813 0.174256126325248 0.140707190889519
      vertex 0.551358374635682 0.17896212966175 0.134693724969519
   endloop
endfacet
facet normal -0.013984681868065 0.977794209440989 -0.209100245472645
   outer loop
      vertex 0.51441847038074 0.167882874864716 0.0853554836255192
      vertex 0.486506459297525 0.170189181221011 0.0980069924255191
      vertex 0.551358374635682 0.17896212966175 0.134693724969519
   endloop
endfacet
facet normal -0.324139464906709 0.930451044085601 -0.170863869352205
   outer loop
      vertex 0.486506459297525 0.170189181221011 0.0980069924255191
      vertex 0.448094416067275 0.159055842006551 0.110249674569519
      vertex 0.475672148164813 0.174256126325248 0.140707190889519
   endloop
endfacet
facet normal -0.586134463134107 0.727323590829507 0.356996898234934
   outer loop
      vertex -0.00251285577061625 -0.0905872430111647 0.339196079529519
      vertex -0.0557064896687932 -0.121981531509038 0.315821043369519
      vertex -0.0157430332016999 -0.11695430518795 0.371192781609519
   endloop
endfacet
facet normal -0.739296830258108 -0.536646603222309 0.406756216941146
   outer loop
      vertex -0.0419961850739262 -0.16872829621351 0.279065593449519
      vertex 0.00625888326616256 -0.162937182598342 0.374411648169519
      vertex -0.0557064896687932 -0.121981531509038 0.315821043369519
   endloop
endfacet
facet normal -0.733692663864379 0.586834779614619 -0.34252009638305
   outer loop
      vertex -0.0752382193682192 -0.140681980843694 0.0884257871135191
      vertex -0.092382414165166 -0.165084451935314 0.0833409794975191
      vertex -0.102210669866671 -0.14827247383563 0.133197244137519
   endloop
endfacet
facet normal 0.287887596748545 0.325448212942774 0.900668747282097
   outer loop
      vertex 0.401289099221623 -0.168742604424087 0.387985416489519
      vertex 0.49100631761675 -0.209031293650097 0.373866360489519
      vertex 0.449706679289272 -0.150474200056772 0.365908220649519
   endloop
endfacet
facet normal 0.326616098531419 0.239339649763894 0.914351385535676
   outer loop
      vertex 0.326169739198801 -0.100092676824001 0.396849123369519
      vertex 0.401289099221623 -0.168742604424087 0.387985416489519
      vertex 0.449706679289272 -0.150474200056772 0.365908220649519
   endloop
endfacet
facet normal 0.140767656159224 -0.00762197845246513 0.990013319316416
   outer loop
      vertex 0.29782879153958 -0.136108001059674 0.402947442729519
      vertex 0.409448564649075 -0.232155497888242 0.386337034089519
      vertex 0.401289099221623 -0.168742604424087 0.387985416489519
   endloop
endfacet
facet normal -0.00410737159876764 -0.454373333263685 0.890801887917508
   outer loop
      vertex 0.375786752323152 -0.270548133004594 0.379107799209519
      vertex 0.48554101829397 -0.301508846614397 0.363821660649519
      vertex 0.454697003931884 -0.270456946126277 0.379518156009519
   endloop
endfacet
facet normal -0.0624168373741693 0.127968179921998 0.989812246509234
   outer loop
      vertex 0.49100631761675 -0.209031293650097 0.373866360489519
      vertex 0.454697003931884 -0.270456946126277 0.379518156009519
      vertex 0.524322921288503 -0.258779550632541 0.382398999849519
   endloop
endfacet
facet normal 0.150613958310001 0.00193117061162722 0.98859076778122
   outer loop
      vertex 0.409448564649075 -0.232155497888242 0.386337034089519
      vertex 0.454697003931884 -0.270456946126277 0.379518156009519
      vertex 0.49100631761675 -0.209031293650097 0.373866360489519
   endloop
endfacet
facet normal -0.127128954907409 -0.928585848983649 0.348663949801905
   outer loop
      vertex 0.502981741173176 -0.320209231388023 0.320376699369519
      vertex 0.48554101829397 -0.301508846614397 0.363821660649519
      vertex 0.381279221093151 -0.291477470794214 0.352522242729519
   endloop
endfacet
facet normal -0.210258178377693 -0.974749495784742 0.0751991947608834
   outer loop
      vertex 0.427813165526025 -0.307379716349386 0.276503297769519
      vertex 0.502981741173176 -0.320209231388023 0.320376699369519
      vertex 0.381279221093151 -0.291477470794214 0.352522242729519
   endloop
endfacet
facet normal -0.00490541847026354 -0.18088796400901 0.983491474973884
   outer loop
      vertex 0.375786752323152 -0.270548133004594 0.379107799209519
      vertex 0.454697003931884 -0.270456946126277 0.379518156009519
      vertex 0.409448564649075 -0.232155497888242 0.386337034089519
   endloop
endfacet
facet normal -0.0670351974620875 -0.622583930187378 0.779676556126742
   outer loop
      vertex 0.375786752323152 -0.270548133004594 0.379107799209519
      vertex 0.368068595238486 -0.282885121053024 0.368592927849519
      vertex 0.48554101829397 -0.301508846614397 0.363821660649519
   endloop
endfacet
facet normal -0.129483604122398 -0.914773585684175 0.382652953990938
   outer loop
      vertex 0.381279221093151 -0.291477470794214 0.352522242729519
      vertex 0.48554101829397 -0.301508846614397 0.363821660649519
      vertex 0.368068595238486 -0.282885121053024 0.368592927849519
   endloop
endfacet
facet normal 0.0129066463617869 -0.65327685588447 0.757009093766642
   outer loop
      vertex 0.262709696336871 -0.278701141070732 0.373999900329519
      vertex 0.368068595238486 -0.282885121053024 0.368592927849519
      vertex 0.375786752323152 -0.270548133004594 0.379107799209519
   endloop
endfacet
facet normal 0.0472496507490677 -0.224694163952523 0.973283105365427
   outer loop
      vertex 0.301426756739058 -0.246887110384882 0.388180162089519
      vertex 0.375786752323152 -0.270548133004594 0.379107799209519
      vertex 0.409448564649075 -0.232155497888242 0.386337034089519
   endloop
endfacet
facet normal -0.0367530397330921 -0.984572461486362 0.171073908452058
   outer loop
      vertex 0.37039393304347 -0.306007097284641 0.272067271209519
      vertex 0.427813165526025 -0.307379716349386 0.276503297769519
      vertex 0.36827856911992 -0.298236047130831 0.316337119209519
   endloop
endfacet
facet normal -0.0226369759856378 -0.98124936260789 0.191408609262583
   outer loop
      vertex 0.427813165526025 -0.307379716349386 0.276503297769519
      vertex 0.381279221093151 -0.291477470794214 0.352522242729519
      vertex 0.36827856911992 -0.298236047130831 0.316337119209519
   endloop
endfacet
facet normal -0.0121367595567977 -0.982132119934685 0.187800953299133
   outer loop
      vertex 0.36827856911992 -0.298236047130831 0.316337119209519
      vertex 0.381279221093151 -0.291477470794214 0.352522242729519
      vertex 0.262310493873896 -0.288700491800702 0.359356422249519
   endloop
endfacet
facet normal 0.00680466646455162 -0.879509760719256 0.475832194490729
   outer loop
      vertex 0.381279221093151 -0.291477470794214 0.352522242729519
      vertex 0.368068595238486 -0.282885121053024 0.368592927849519
      vertex 0.262310493873896 -0.288700491800702 0.359356422249519
   endloop
endfacet
facet normal 0.152815740434067 -0.00602553519356286 0.988236329225565
   outer loop
      vertex 0.401289099221623 -0.168742604424087 0.387985416489519
      vertex 0.409448564649075 -0.232155497888242 0.386337034089519
      vertex 0.49100631761675 -0.209031293650097 0.373866360489519
   endloop
endfacet
facet normal 0.346849303240826 0.362207404517837 0.865159729156302
   outer loop
      vertex 0.449706679289272 -0.150474200056772 0.365908220649519
      vertex 0.49100631761675 -0.209031293650097 0.373866360489519
      vertex 0.477972397424677 -0.120738173292627 0.342127000809519
   endloop
endfacet
facet normal 0.821146591979532 0.1210778629232 0.557726120591775
   outer loop
      vertex 0.612119529805778 -0.14895153904462 0.321030488169519
      vertex 0.601656037941659 -0.199290842586491 0.347364266409519
      vertex 0.625114959602086 -0.174977237903396 0.307547137449519
   endloop
endfacet
facet normal 0.394293973625931 0.360297840973283 0.845409798945023
   outer loop
      vertex 0.583619788699683 -0.172323093342771 0.344283112809519
      vertex 0.601656037941659 -0.199290842586491 0.347364266409519
      vertex 0.612119529805778 -0.14895153904462 0.321030488169519
   endloop
endfacet
facet normal 0.341261614310522 0.420331359752901 0.84075088974467
   outer loop
      vertex 0.592640262944529 -0.0896954025515301 0.299312180649519
      vertex 0.583619788699683 -0.172323093342771 0.344283112809519
      vertex 0.612119529805778 -0.14895153904462 0.321030488169519
   endloop
endfacet
facet normal 0.830223975124002 0.410956705097547 0.37662015036993
   outer loop
      vertex 0.612555312243435 -0.117389154420434 0.285629911209519
      vertex 0.592640262944529 -0.0896954025515301 0.299312180649519
      vertex 0.612119529805778 -0.14895153904462 0.321030488169519
   endloop
endfacet
facet normal 0.908475475116342 0.306336652671776 0.284306465529698
   outer loop
      vertex 0.612555312243435 -0.117389154420434 0.285629911209519
      vertex 0.612119529805778 -0.14895153904462 0.321030488169519
      vertex 0.625114959602086 -0.174977237903396 0.307547137449519
   endloop
endfacet
facet normal 0.971062991048274 0.23252324770418 0.0544940977857269
   outer loop
      vertex 0.622611451934244 -0.14933292505687 0.242735801769519
      vertex 0.612555312243435 -0.117389154420434 0.285629911209519
      vertex 0.625114959602086 -0.174977237903396 0.307547137449519
   endloop
endfacet
facet normal 0.29583494358706 0.361516635968859 0.884187428134217
   outer loop
      vertex 0.477972397424677 -0.120738173292627 0.342127000809519
      vertex 0.49100631761675 -0.209031293650097 0.373866360489519
      vertex 0.52650960086569 -0.0973161333060787 0.316310689449519
   endloop
endfacet
facet normal 0.251970251611363 0.43221056064748 0.865855082313257
   outer loop
      vertex 0.438417093397885 -0.0612923314467466 0.323964191529519
      vertex 0.477972397424677 -0.120738173292627 0.342127000809519
      vertex 0.52650960086569 -0.0973161333060787 0.316310689449519
   endloop
endfacet
facet normal 0.216745598537004 0.448318678494541 0.86719761763265
   outer loop
      vertex 0.56086298216549 -0.0322464759236049 0.277554924009519
      vertex 0.583619788699683 -0.172323093342771 0.344283112809519
      vertex 0.592640262944529 -0.0896954025515301 0.299312180649519
   endloop
endfacet
facet normal 0.804403847309159 0.3366114924552 0.489517265866391
   outer loop
      vertex 0.60150265190219 -0.0674924240592853 0.269481327849519
      vertex 0.592640262944529 -0.0896954025515301 0.299312180649519
      vertex 0.612555312243435 -0.117389154420434 0.285629911209519
   endloop
endfacet
facet normal 0.912557318312685 -0.270927872867216 -0.306328628269717
   outer loop
      vertex 0.625427907752934 -0.106399030169206 0.196137352809519
      vertex 0.613442997740356 -0.169838806949199 0.216542518569519
      vertex 0.601972671367578 -0.154835151424953 0.169102490409519
   endloop
endfacet
facet normal 0.979085006021861 0.0404945897068375 0.199380889725287
   outer loop
      vertex 0.625690720573891 -0.084146916826869 0.214375278249519
      vertex 0.612555312243435 -0.117389154420434 0.285629911209519
      vertex 0.622611451934244 -0.14933292505687 0.242735801769519
   endloop
endfacet
facet normal 0.152394713051959 0.445111980234443 0.882412135277833
   outer loop
      vertex 0.56086298216549 -0.0322464759236049 0.277554924009519
      vertex 0.52650960086569 -0.0973161333060787 0.316310689449519
      vertex 0.583619788699683 -0.172323093342771 0.344283112809519
   endloop
endfacet
facet normal 0.380208620897451 0.492236208662079 0.783035707664242
   outer loop
      vertex 0.376934376267539 -0.0881954690342513 0.370729565289519
      vertex 0.477972397424677 -0.120738173292627 0.342127000809519
      vertex 0.438417093397885 -0.0612923314467466 0.323964191529519
   endloop
endfacet
facet normal 0.360701477861364 0.354698497808389 0.862602700854281
   outer loop
      vertex 0.326169739198801 -0.100092676824001 0.396849123369519
      vertex 0.449706679289272 -0.150474200056772 0.365908220649519
      vertex 0.376934376267539 -0.0881954690342513 0.370729565289519
   endloop
endfacet
facet normal 0.358071041716756 0.351436924888696 0.865030182657608
   outer loop
      vertex 0.376934376267539 -0.0881954690342513 0.370729565289519
      vertex 0.449706679289272 -0.150474200056772 0.365908220649519
      vertex 0.477972397424677 -0.120738173292627 0.342127000809519
   endloop
endfacet
facet normal 0.354483283412887 0.474794791632919 0.805550437663013
   outer loop
      vertex 0.433883306163497 0.0252806479796936 0.274932813609519
      vertex 0.438417093397885 -0.0612923314467466 0.323964191529519
      vertex 0.478595206523084 -0.028051139130837 0.286691274729519
   endloop
endfacet
facet normal 0.447533854062864 0.38242026990138 0.808373791408526
   outer loop
      vertex 0.32735642312746 -0.0260653003556435 0.368784891369519
      vertex 0.376934376267539 -0.0881954690342513 0.370729565289519
      vertex 0.438417093397885 -0.0612923314467466 0.323964191529519
   endloop
endfacet
facet normal 0.452589456787946 0.440188444583997 0.775497850970016
   outer loop
      vertex 0.32735642312746 -0.0260653003556435 0.368784891369519
      vertex 0.438417093397885 -0.0612923314467466 0.323964191529519
      vertex 0.376238252279019 0.000564963999810254 0.325141011369519
   endloop
endfacet
facet normal 0.2889396809497 0.538388694427528 0.791613210150833
   outer loop
      vertex 0.438417093397885 -0.0612923314467466 0.323964191529519
      vertex 0.52650960086569 -0.0973161333060787 0.316310689449519
      vertex 0.478595206523084 -0.028051139130837 0.286691274729519
   endloop
endfacet
facet normal 0.979208340563361 -0.135383352632568 0.151070756935664
   outer loop
      vertex 0.640294606986008 -0.0204338442768943 0.176813025129519
      vertex 0.625690720573891 -0.084146916826869 0.214375278249519
      vertex 0.625427907752934 -0.106399030169206 0.196137352809519
   endloop
endfacet
facet normal 0.953379330331416 -0.212943322665356 -0.213829356798963
   outer loop
      vertex 0.637901024222836 0.0113077080415304 0.134530973289519
      vertex 0.640294606986008 -0.0204338442768943 0.176813025129519
      vertex 0.625427907752934 -0.106399030169206 0.196137352809519
   endloop
endfacet
facet normal 0.968508649982179 -0.169680121104138 -0.182207715017177
   outer loop
      vertex 0.646701819974474 0.0387333912759045 0.155770763049519
      vertex 0.640294606986008 -0.0204338442768943 0.176813025129519
      vertex 0.637901024222836 0.0113077080415304 0.134530973289519
   endloop
endfacet
facet normal 0.155347719181558 0.47731212797207 0.86489318336767
   outer loop
      vertex 0.519692203045398 0.0908051695295109 0.213715925289519
      vertex 0.478595206523084 -0.028051139130837 0.286691274729519
      vertex 0.52650960086569 -0.0973161333060787 0.316310689449519
   endloop
endfacet
facet normal 0.331271306398159 0.459429971849296 0.824125853570808
   outer loop
      vertex 0.465825872243595 0.111555370970736 0.213996915369519
      vertex 0.433883306163497 0.0252806479796936 0.274932813609519
      vertex 0.478595206523084 -0.028051139130837 0.286691274729519
   endloop
endfacet
facet normal 0.184461911842481 0.467142784302018 0.864726212251008
   outer loop
      vertex 0.465825872243595 0.111555370970736 0.213996915369519
      vertex 0.478595206523084 -0.028051139130837 0.286691274729519
      vertex 0.519692203045398 0.0908051695295109 0.213715925289519
   endloop
endfacet
facet normal -0.970281295441559 -0.0666113639560665 -0.232630896288867
   outer loop
      vertex -0.109736577304349 -0.153570708739015 0.152426702889519
      vertex -0.092382414165166 -0.165084451935314 0.0833409794975191
      vertex -0.0927089921211479 -0.184515466018853 0.0902669676575191
   endloop
endfacet
facet normal -0.732029999800361 -0.681194928252302 0.0102737099250241
   outer loop
      vertex -0.109736577304349 -0.153570708739015 0.152426702889519
      vertex -0.0930192254917289 -0.17150775421813 0.154274004009519
      vertex -0.102047612372443 -0.1611696808794 0.196439208489519
   endloop
endfacet
facet normal 0.891890832621658 -0.261616238464258 -0.368900645780483
   outer loop
      vertex 0.552448798653069 -0.24855732639709 0.127695820041519
      vertex 0.514158955984939 -0.319537913265885 0.0854603680415192
      vertex 0.522956880699064 -0.247282706740613 0.0554892984095193
   endloop
endfacet
facet normal 0.853762379718859 -0.255300793737164 -0.453774507540877
   outer loop
      vertex 0.522956880699064 -0.247282706740613 0.0554892984095193
      vertex 0.490973553033717 -0.373008888478563 0.0660492394655192
      vertex 0.490259605897146 -0.278816345066625 0.0117117394655193
   endloop
endfacet
facet normal 0.818423411498116 -0.28246408890975 -0.50039700037887
   outer loop
      vertex 0.490259605897146 -0.278816345066625 0.0117117394655193
      vertex 0.490973553033717 -0.373008888478563 0.0660492394655192
      vertex 0.461164588035908 -0.367316131925892 0.0140817934175193
   endloop
endfacet
facet normal 0.393160489644614 -0.153532681121638 -0.90656083370616
   outer loop
      vertex 0.490259605897146 -0.278816345066625 0.0117117394655193
      vertex 0.461164588035908 -0.367316131925892 0.0140817934175193
      vertex 0.479479761363689 -0.308347048566044 0.0120379383455193
   endloop
endfacet
facet normal 0.885257365405398 -0.286191263483043 -0.366625091478303
   outer loop
      vertex 0.538665329598959 -0.171512049576317 0.0342717652895193
      vertex 0.552448798653069 -0.24855732639709 0.127695820041519
      vertex 0.522956880699064 -0.247282706740613 0.0554892984095193
   endloop
endfacet
facet normal 0.845529456084193 -0.299135772968381 -0.442264319411569
   outer loop
      vertex 0.538665329598959 -0.171512049576317 0.0342717652895193
      vertex 0.522956880699064 -0.247282706740613 0.0554892984095193
      vertex 0.496251904101644 -0.257347412238221 0.0112417070495193
   endloop
endfacet
facet normal 0.786581145884276 -0.235519237676605 -0.570807138728669
   outer loop
      vertex 0.538665329598959 -0.171512049576317 0.0342717652895193
      vertex 0.496251904101644 -0.257347412238221 0.0112417070495193
      vertex 0.517545713873497 -0.179453146114033 0.00844516023351929
   endloop
endfacet
facet normal 0.853306218859946 -0.248209579599587 -0.458541711788511
   outer loop
      vertex 0.522956880699064 -0.247282706740613 0.0554892984095193
      vertex 0.490259605897146 -0.278816345066625 0.0117117394655193
      vertex 0.496251904101644 -0.257347412238221 0.0112417070495193
   endloop
endfacet
facet normal 0.0621058453394744 -0.99744620468384 -0.0352694306230296
   outer loop
      vertex 0.413859035329935 -0.396682555936337 0.0446664507935193
      vertex 0.346997821266262 -0.401438798595716 0.0614408630495192
      vertex 0.331439541676441 -0.401827595663562 0.0450398059295192
   endloop
endfacet
facet normal 0.0561476335445443 -0.926450454538437 -0.372205586380525
   outer loop
      vertex 0.338049641193926 -0.390456189652728 0.0177325778975193
      vertex 0.413859035329935 -0.396682555936337 0.0446664507935193
      vertex 0.331439541676441 -0.401827595663562 0.0450398059295192
   endloop
endfacet
facet normal 0.355105849454208 -0.885158595154586 -0.300656111042775
   outer loop
      vertex 0.490973553033717 -0.373008888478563 0.0660492394655192
      vertex 0.413859035329935 -0.396682555936337 0.0446664507935193
      vertex 0.461164588035908 -0.367316131925892 0.0140817934175193
   endloop
endfacet
facet normal 0.232356271184149 -0.85575104730976 -0.462277739318743
   outer loop
      vertex 0.461164588035908 -0.367316131925892 0.0140817934175193
      vertex 0.413859035329935 -0.396682555936337 0.0446664507935193
      vertex 0.417445484083112 -0.378882549566124 0.0135184222175193
   endloop
endfacet
facet normal 0.100905554992388 -0.868758744111947 -0.48484669071853
   outer loop
      vertex 0.417445484083112 -0.378882549566124 0.0135184222175193
      vertex 0.413859035329935 -0.396682555936337 0.0446664507935193
      vertex 0.338049641193926 -0.390456189652728 0.0177325778975193
   endloop
endfacet
facet normal -0.178531041890144 0.748718236305803 -0.638394603442688
   outer loop
      vertex 0.395131666591048 0.10496443255044 0.0238909901855192
      vertex 0.428136841223401 0.129064191161557 0.0429254251295192
      vertex 0.445869359262277 0.123629576265929 0.0315926222495192
   endloop
endfacet
facet normal -0.327640500448588 0.819739728579377 -0.469764281160678
   outer loop
      vertex 0.428136841223401 0.129064191161557 0.0429254251295192
      vertex 0.395131666591048 0.10496443255044 0.0238909901855192
      vertex 0.389791067330729 0.120367460563202 0.0544941483935192
   endloop
endfacet
facet normal -0.00384928454895348 -0.825774180621338 0.563987753083006
   outer loop
      vertex 0.262310493873896 -0.288700491800702 0.359356422249519
      vertex 0.368068595238486 -0.282885121053024 0.368592927849519
      vertex 0.262709696336871 -0.278701141070732 0.373999900329519
   endloop
endfacet
facet normal 0.0254589880030386 -0.960905299488956 0.275704271537277
   outer loop
      vertex 0.298807940721242 -0.306555557667787 0.293756366889519
      vertex 0.36827856911992 -0.298236047130831 0.316337119209519
      vertex 0.262310493873896 -0.288700491800702 0.359356422249519
   endloop
endfacet
facet normal -0.073852817959848 -0.491404071840743 0.867794791098522
   outer loop
      vertex 0.199329196925416 -0.266925564609978 0.375274092969519
      vertex 0.262709696336871 -0.278701141070732 0.373999900329519
      vertex 0.250434319702774 -0.256496756851 0.385528839849519
   endloop
endfacet
facet normal -0.140305626613806 -0.815874828550948 0.560947943464872
   outer loop
      vertex 0.262310493873896 -0.288700491800702 0.359356422249519
      vertex 0.262709696336871 -0.278701141070732 0.373999900329519
      vertex 0.199329196925416 -0.266925564609978 0.375274092969519
   endloop
endfacet
facet normal -0.186102699370097 -0.870852930223088 0.454951600952261
   outer loop
      vertex 0.193650698052399 -0.2876760855876 0.333231300009519
      vertex 0.262310493873896 -0.288700491800702 0.359356422249519
      vertex 0.199329196925416 -0.266925564609978 0.375274092969519
   endloop
endfacet
facet normal 0.0347631231422113 -0.130945698718301 0.990779869222511
   outer loop
      vertex 0.29782879153958 -0.136108001059674 0.402947442729519
      vertex 0.301426756739058 -0.246887110384882 0.388180162089519
      vertex 0.409448564649075 -0.232155497888242 0.386337034089519
   endloop
endfacet
facet normal 0.156537048562141 0.0438919011046485 0.986696332943867
   outer loop
      vertex 0.29782879153958 -0.136108001059674 0.402947442729519
      vertex 0.401289099221623 -0.168742604424087 0.387985416489519
      vertex 0.326169739198801 -0.100092676824001 0.396849123369519
   endloop
endfacet
facet normal 0.111795995817016 -0.127738207312842 0.985486989113394
   outer loop
      vertex 0.266861892542022 -0.10194267316742 0.410888890089519
      vertex 0.301426756739058 -0.246887110384882 0.388180162089519
      vertex 0.29782879153958 -0.136108001059674 0.402947442729519
   endloop
endfacet
facet normal -0.0131330276921406 -0.393701660736407 0.919144453237375
   outer loop
      vertex 0.262709696336871 -0.278701141070732 0.373999900329519
      vertex 0.375786752323152 -0.270548133004594 0.379107799209519
      vertex 0.301426756739058 -0.246887110384882 0.388180162089519
   endloop
endfacet
facet normal 0.0371728203825582 -0.444225185831109 0.895143656458628
   outer loop
      vertex 0.250434319702774 -0.256496756851 0.385528839849519
      vertex 0.262709696336871 -0.278701141070732 0.373999900329519
      vertex 0.301426756739058 -0.246887110384882 0.388180162089519
   endloop
endfacet
facet normal -0.00810378493598006 -0.225767631810363 0.974147476050958
   outer loop
      vertex 0.211950378623493 -0.230572846028355 0.391216802409519
      vertex 0.250434319702774 -0.256496756851 0.385528839849519
      vertex 0.301426756739058 -0.246887110384882 0.388180162089519
   endloop
endfacet
facet normal 0.00554938909236259 -0.153489627733595 0.988134676275913
   outer loop
      vertex 0.266861892542022 -0.10194267316742 0.410888890089519
      vertex 0.211950378623493 -0.230572846028355 0.391216802409519
      vertex 0.301426756739058 -0.246887110384882 0.388180162089519
   endloop
endfacet
facet normal -0.110517648393734 -0.36673977376285 0.923735778095605
   outer loop
      vertex 0.211950378623493 -0.230572846028355 0.391216802409519
      vertex 0.199329196925416 -0.266925564609978 0.375274092969519
      vertex 0.250434319702774 -0.256496756851 0.385528839849519
   endloop
endfacet
facet normal -0.114896142697662 -0.365245051201727 0.923793769715864
   outer loop
      vertex 0.117064812025634 -0.207342315026842 0.388600256169519
      vertex 0.199329196925416 -0.266925564609978 0.375274092969519
      vertex 0.211950378623493 -0.230572846028355 0.391216802409519
   endloop
endfacet
facet normal -0.279056709519853 -0.559787466325776 0.780234160631615
   outer loop
      vertex 0.117064812025634 -0.207342315026842 0.388600256169519
      vertex 0.15750156547135 -0.262112355483067 0.363767410089519
      vertex 0.199329196925416 -0.266925564609978 0.375274092969519
   endloop
endfacet
facet normal 0.0249679842227782 -0.161537080277899 0.986550744492721
   outer loop
      vertex 0.184032115411248 -0.157961657389176 0.403812669609519
      vertex 0.211950378623493 -0.230572846028355 0.391216802409519
      vertex 0.266861892542022 -0.10194267316742 0.410888890089519
   endloop
endfacet
facet normal -0.0755595597679096 -0.198561862170256 0.97717139736034
   outer loop
      vertex 0.117064812025634 -0.207342315026842 0.388600256169519
      vertex 0.211950378623493 -0.230572846028355 0.391216802409519
      vertex 0.184032115411248 -0.157961657389176 0.403812669609519
   endloop
endfacet
facet normal -0.370060233256712 -0.596234095867656 0.712432682214163
   outer loop
      vertex 0.117064812025634 -0.207342315026842 0.388600256169519
      vertex 0.108451914027755 -0.246540202734154 0.351321775209519
      vertex 0.15750156547135 -0.262112355483067 0.363767410089519
   endloop
endfacet
facet normal -0.369047156474544 -0.833016232867369 0.412174904715838
   outer loop
      vertex 0.131282061463728 -0.292747459492568 0.278377028649519
      vertex 0.15750156547135 -0.262112355483067 0.363767410089519
      vertex 0.108451914027755 -0.246540202734154 0.351321775209519
   endloop
endfacet
facet normal 0.0113220427441204 -0.0809035261290973 0.996657629684326
   outer loop
      vertex 0.146435265729417 -0.0628752822398971 0.426870548649519
      vertex 0.162034390790271 -0.0905437736203318 0.424447356969519
      vertex 0.222970353899911 -0.0387639597171927 0.427958341929519
   endloop
endfacet
facet normal 0.912389190208422 -0.317401000648698 -0.258461932164149
   outer loop
      vertex 0.561634454484669 -0.308125341469432 0.193790668329519
      vertex 0.56371760384802 -0.331096673188206 0.229353996969519
      vertex 0.538227937635912 -0.345961165812435 0.157627801449519
   endloop
endfacet
facet normal 0.0644555183287903 -0.218306374878205 0.97374935832816
   outer loop
      vertex 0.222970353899911 -0.0387639597171927 0.427958341929519
      vertex 0.184032115411248 -0.157961657389176 0.403812669609519
      vertex 0.266861892542022 -0.10194267316742 0.410888890089519
   endloop
endfacet
facet normal 0.151841473291778 -0.24364314718692 0.957905101676275
   outer loop
      vertex 0.162034390790271 -0.0905437736203318 0.424447356969519
      vertex 0.184032115411248 -0.157961657389176 0.403812669609519
      vertex 0.222970353899911 -0.0387639597171927 0.427958341929519
   endloop
endfacet
facet normal -0.172434306020993 0.50930936050546 0.843131297846651
   outer loop
      vertex 0.146435265729417 -0.0628752822398971 0.426870548649519
      vertex 0.222970353899911 -0.0387639597171927 0.427958341929519
      vertex 0.188942255720557 -0.0257922727692989 0.413163240489519
   endloop
endfacet
facet normal -0.316535997066183 0.626205764998362 0.712510563040391
   outer loop
      vertex 0.0799063976672238 -0.0634470206987051 0.397817287209519
      vertex 0.146435265729417 -0.0628752822398971 0.426870548649519
      vertex 0.188942255720557 -0.0257922727692989 0.413163240489519
   endloop
endfacet
facet normal -0.347133716939623 0.818956756227589 0.456955155341163
   outer loop
      vertex 0.188942255720557 -0.0257922727692989 0.413163240489519
      vertex 0.161849899832226 -0.0207623757769212 0.383567473449519
      vertex 0.0799063976672238 -0.0634470206987051 0.397817287209519
   endloop
endfacet
facet normal -0.358723067140768 0.808887416751497 0.465852882487819
   outer loop
      vertex 0.218578760077129 0.0135604470225389 0.367653975849519
      vertex 0.161849899832226 -0.0207623757769212 0.383567473449519
      vertex 0.188942255720557 -0.0257922727692989 0.413163240489519
   endloop
endfacet
facet normal -0.0660306630281566 0.67006997632953 0.739355245035703
   outer loop
      vertex 0.188942255720557 -0.0257922727692989 0.413163240489519
      vertex 0.222970353899911 -0.0387639597171927 0.427958341929519
      vertex 0.256119015518032 -0.00437936580099869 0.399756396969519
   endloop
endfacet
facet normal -0.0850568111615776 0.706644556034488 0.702437762582455
   outer loop
      vertex 0.188942255720557 -0.0257922727692989 0.413163240489519
      vertex 0.256119015518032 -0.00437936580099869 0.399756396969519
      vertex 0.253707141854329 0.0215322215318132 0.373397580009519
   endloop
endfacet
facet normal -0.269056372422646 0.808283628112053 0.523723443226273
   outer loop
      vertex 0.253707141854329 0.0215322215318132 0.373397580009519
      vertex 0.218578760077129 0.0135604470225389 0.367653975849519
      vertex 0.188942255720557 -0.0257922727692989 0.413163240489519
   endloop
endfacet
facet normal -0.465629681270744 0.87188629785648 0.151668333971949
   outer loop
      vertex 0.274318837010518 0.0520932615250248 0.317267724969519
      vertex 0.152544560782362 -0.0115710158994788 0.309397220649519
      vertex 0.218578760077129 0.0135604470225389 0.367653975849519
   endloop
endfacet
facet normal -0.448387018473266 0.857717473948366 0.251534921130823
   outer loop
      vertex 0.218578760077129 0.0135604470225389 0.367653975849519
      vertex 0.0460902396947598 -0.0643589901694297 0.325875480489519
      vertex 0.161849899832226 -0.0207623757769212 0.383567473449519
   endloop
endfacet
facet normal -0.427442266505494 0.883912768178391 0.189713803018812
   outer loop
      vertex 0.161849899832226 -0.0207623757769212 0.383567473449519
      vertex 0.0460902396947598 -0.0643589901694297 0.325875480489519
      vertex 0.0799063976672238 -0.0634470206987051 0.397817287209519
   endloop
endfacet
facet normal -0.429597579265924 0.897490846423094 0.0997802609518347
   outer loop
      vertex 0.218578760077129 0.0135604470225389 0.367653975849519
      vertex 0.152544560782362 -0.0115710158994788 0.309397220649519
      vertex 0.0460902396947598 -0.0643589901694297 0.325875480489519
   endloop
endfacet
facet normal -0.227455839402995 -0.561041647162623 0.795924689446514
   outer loop
      vertex 0.0387251690982412 -0.186416089690961 0.380963446569519
      vertex 0.117064812025634 -0.207342315026842 0.388600256169519
      vertex 0.0693274132503777 -0.165264987799855 0.404618081769519
   endloop
endfacet
facet normal -0.242081005118245 -0.640186878387639 0.729079932312796
   outer loop
      vertex 0.0387251690982412 -0.186416089690961 0.380963446569519
      vertex 0.108451914027755 -0.246540202734154 0.351321775209519
      vertex 0.117064812025634 -0.207342315026842 0.388600256169519
   endloop
endfacet
facet normal -0.498657979504556 -0.772315652285403 0.3935336741772
   outer loop
      vertex 0.0765940727941929 -0.244715021255735 0.314535722409519
      vertex 0.108451914027755 -0.246540202734154 0.351321775209519
      vertex 0.0387251690982412 -0.186416089690961 0.380963446569519
   endloop
endfacet
facet normal -0.306929800368386 -0.476982682846234 0.823578543862473
   outer loop
      vertex 0.0280537833661542 -0.149992340396608 0.398081584809519
      vertex 0.0387251690982412 -0.186416089690961 0.380963446569519
      vertex 0.0693274132503777 -0.165264987799855 0.404618081769519
   endloop
endfacet
facet normal -0.627747657556139 -0.726438170922887 0.279679213133531
   outer loop
      vertex 0.0765940727941929 -0.244715021255735 0.314535722409519
      vertex 0.0387251690982412 -0.186416089690961 0.380963446569519
      vertex 0.0346957543266362 -0.205751259478597 0.321698187369519
   endloop
endfacet
facet normal -0.495618747175216 -0.484107859374843 0.721111390798937
   outer loop
      vertex 0.00625888326616256 -0.162937182598342 0.374411648169519
      vertex 0.0387251690982412 -0.186416089690961 0.380963446569519
      vertex 0.0280537833661542 -0.149992340396608 0.398081584809519
   endloop
endfacet
facet normal -0.598800343346548 -0.748507674961872 0.284911230616183
   outer loop
      vertex 0.0346957543266362 -0.205751259478597 0.321698187369519
      vertex 0.0387251690982412 -0.186416089690961 0.380963446569519
      vertex 0.00625888326616256 -0.162937182598342 0.374411648169519
   endloop
endfacet
facet normal -0.754001492305201 -0.320643509686687 0.573297034090822
   outer loop
      vertex -0.0557064896687932 -0.121981531509038 0.315821043369519
      vertex 0.00625888326616256 -0.162937182598342 0.374411648169519
      vertex -0.0157430332016999 -0.11695430518795 0.371192781609519
   endloop
endfacet
facet normal -0.515978682186429 -0.779635514479351 0.354872461726286
   outer loop
      vertex 0.0010007550557068 -0.197373996133154 0.291110608809519
      vertex 0.0346957543266362 -0.205751259478597 0.321698187369519
      vertex 0.00625888326616256 -0.162937182598342 0.374411648169519
   endloop
endfacet
facet normal -0.585508401876781 -0.735458934626167 0.340998631683825
   outer loop
      vertex -0.0419961850739262 -0.16872829621351 0.279065593449519
      vertex 0.0010007550557068 -0.197373996133154 0.291110608809519
      vertex 0.00625888326616256 -0.162937182598342 0.374411648169519
   endloop
endfacet
facet normal -0.658876576230003 -0.574796255267882 0.485274069187145
   outer loop
      vertex -0.0664695072381291 -0.142209982995953 0.277247504169519
      vertex -0.0419961850739262 -0.16872829621351 0.279065593449519
      vertex -0.0557064896687932 -0.121981531509038 0.315821043369519
   endloop
endfacet
facet normal 0.232159037877037 -0.100114115302608 0.967511935352316
   outer loop
      vertex 0.222970353899911 -0.0387639597171927 0.427958341929519
      vertex 0.266861892542022 -0.10194267316742 0.410888890089519
      vertex 0.326169739198801 -0.100092676824001 0.396849123369519
   endloop
endfacet
facet normal -0.425754648678097 0.884899278732755 0.188908034840343
   outer loop
      vertex 0.0799063976672238 -0.0634470206987051 0.397817287209519
      vertex 0.0460902396947598 -0.0643589901694297 0.325875480489519
      vertex -0.00251285577061625 -0.0905872430111647 0.339196079529519
   endloop
endfacet
facet normal -0.434043452304702 0.886308865044831 0.161440011318011
   outer loop
      vertex 0.0460902396947598 -0.0643589901694297 0.325875480489519
      vertex -0.051691349200905 -0.105337333436944 0.287954339049519
      vertex -0.00251285577061625 -0.0905872430111647 0.339196079529519
   endloop
endfacet
facet normal -0.423114076335992 0.898013180118664 0.120610143601212
   outer loop
      vertex 0.0460902396947598 -0.0643589901694297 0.325875480489519
      vertex -0.01354931479194 -0.0802968917800502 0.235320167529519
      vertex -0.051691349200905 -0.105337333436944 0.287954339049519
   endloop
endfacet
facet normal -0.437352909460663 0.897851984279182 0.0508354887084521
   outer loop
      vertex 0.152544560782362 -0.0115710158994788 0.309397220649519
      vertex 0.0932301415458398 -0.0372883389115189 0.253314660969519
      vertex 0.0460902396947598 -0.0643589901694297 0.325875480489519
   endloop
endfacet
facet normal -0.393360152097115 0.901852726450564 0.178688137647183
   outer loop
      vertex 0.0932301415458398 -0.0372883389115189 0.253314660969519
      vertex 0.0689849052793516 -0.0403421545263708 0.215354570409519
      vertex -0.01354931479194 -0.0802968917800502 0.235320167529519
   endloop
endfacet
facet normal -0.385349742659445 0.918153506861063 0.092193891722992
   outer loop
      vertex 0.0932301415458398 -0.0372883389115189 0.253314660969519
      vertex -0.01354931479194 -0.0802968917800502 0.235320167529519
      vertex 0.0460902396947598 -0.0643589901694297 0.325875480489519
   endloop
endfacet
facet normal -0.441266584108368 0.8968988402352 -0.0292621279828735
   outer loop
      vertex 0.0689849052793516 -0.0403421545263708 0.215354570409519
      vertex 0.0201083999412011 -0.0655253920274359 0.180522928809519
      vertex -0.01354931479194 -0.0802968917800502 0.235320167529519
   endloop
endfacet
facet normal -0.470518878446264 0.869512307667324 0.150200971503899
   outer loop
      vertex 0.342584443925158 0.100723176407108 0.238529296809519
      vertex 0.273588670026642 0.0671800235833319 0.216574512489519
      vertex 0.269900109029643 0.0584671931742457 0.255458253609519
   endloop
endfacet
facet normal -0.474418652617256 0.877264441956205 0.0730345187435132
   outer loop
      vertex 0.359603085191532 0.115775245791564 0.191599780329519
      vertex 0.236927384733856 0.0506312060754909 0.177208080489519
      vertex 0.273588670026642 0.0671800235833319 0.216574512489519
   endloop
endfacet
facet normal -0.26364763684391 0.88454692257338 0.384794315644845
   outer loop
      vertex 0.274318837010518 0.0520932615250248 0.317267724969519
      vertex 0.218578760077129 0.0135604470225389 0.367653975849519
      vertex 0.253707141854329 0.0215322215318132 0.373397580009519
   endloop
endfacet
facet normal -0.466017756407515 0.876091141953374 0.123659862945657
   outer loop
      vertex 0.269900109029643 0.0584671931742457 0.255458253609519
      vertex 0.152544560782362 -0.0115710158994788 0.309397220649519
      vertex 0.274318837010518 0.0520932615250248 0.317267724969519
   endloop
endfacet
facet normal -0.457321644411601 0.877498392728755 0.144407355460589
   outer loop
      vertex 0.269900109029643 0.0584671931742457 0.255458253609519
      vertex 0.198135201200498 0.0240836635561319 0.237120173289519
      vertex 0.152544560782362 -0.0115710158994788 0.309397220649519
   endloop
endfacet
facet normal -0.465133118509638 0.855302202298838 0.228274669659725
   outer loop
      vertex 0.198135201200498 0.0240836635561319 0.237120173289519
      vertex 0.0689849052793516 -0.0403421545263708 0.215354570409519
      vertex 0.0932301415458398 -0.0372883389115189 0.253314660969519
   endloop
endfacet
facet normal -0.460306443820921 0.877681132356171 0.133393431933232
   outer loop
      vertex 0.198135201200498 0.0240836635561319 0.237120173289519
      vertex 0.101268199112582 -0.0152488120818887 0.161650689129519
      vertex 0.0689849052793516 -0.0403421545263708 0.215354570409519
   endloop
endfacet
facet normal -0.45847560447004 0.875492926977061 0.152683512269562
   outer loop
      vertex 0.273588670026642 0.0671800235833319 0.216574512489519
      vertex 0.198135201200498 0.0240836635561319 0.237120173289519
      vertex 0.269900109029643 0.0584671931742457 0.255458253609519
   endloop
endfacet
facet normal -0.478399072735486 0.874687155198527 0.0778248529490045
   outer loop
      vertex 0.273588670026642 0.0671800235833319 0.216574512489519
      vertex 0.236927384733856 0.0506312060754909 0.177208080489519
      vertex 0.198135201200498 0.0240836635561319 0.237120173289519
   endloop
endfacet
facet normal -0.444215783750582 0.88956149628979 0.106548964263038
   outer loop
      vertex 0.236927384733856 0.0506312060754909 0.177208080489519
      vertex 0.101268199112582 -0.0152488120818887 0.161650689129519
      vertex 0.198135201200498 0.0240836635561319 0.237120173289519
   endloop
endfacet
facet normal -0.452473787485691 0.891766813060878 0.00440712622900752
   outer loop
      vertex 0.308051415828558 0.0868304405431751 0.154627328169519
      vertex 0.188289431721716 0.0261726197385295 0.132724846953519
      vertex 0.236927384733856 0.0506312060754909 0.177208080489519
   endloop
endfacet
facet normal -0.434958036959389 0.90024162131201 -0.0194043639926492
   outer loop
      vertex 0.236927384733856 0.0506312060754909 0.177208080489519
      vertex 0.188289431721716 0.0261726197385295 0.132724846953519
      vertex 0.101268199112582 -0.0152488120818887 0.161650689129519
   endloop
endfacet
facet normal 0.10018216556951 -0.96011395306086 0.261045457420067
   outer loop
      vertex 0.319904214407813 -0.323690650435227 0.222638055849519
      vertex 0.298807940721242 -0.306555557667787 0.293756366889519
      vertex 0.252861930485346 -0.321726318689603 0.255591793449519
   endloop
endfacet
facet normal 0.067815187969365 -0.952474151174044 0.296974900666646
   outer loop
      vertex 0.252861930485346 -0.321726318689603 0.255591793449519
      vertex 0.298807940721242 -0.306555557667787 0.293756366889519
      vertex 0.262310493873896 -0.288700491800702 0.359356422249519
   endloop
endfacet
facet normal -0.132583878219385 -0.940934691110723 0.311550031777684
   outer loop
      vertex 0.252861930485346 -0.321726318689603 0.255591793449519
      vertex 0.262310493873896 -0.288700491800702 0.359356422249519
      vertex 0.193650698052399 -0.2876760855876 0.333231300009519
   endloop
endfacet
facet normal -0.0442960987841005 -0.926885732093435 0.372720666550871
   outer loop
      vertex 0.185679806112966 -0.329281246945985 0.228819837609519
      vertex 0.252861930485346 -0.321726318689603 0.255591793449519
      vertex 0.193650698052399 -0.2876760855876 0.333231300009519
   endloop
endfacet
facet normal 0.147418194188307 -0.923191827188662 0.354943271853854
   outer loop
      vertex 0.237075719555131 -0.347090288817392 0.196177692969519
      vertex 0.319904214407813 -0.323690650435227 0.222638055849519
      vertex 0.252861930485346 -0.321726318689603 0.255591793449519
   endloop
endfacet
facet normal -0.0588418130539555 -0.912365994325572 0.405124590015015
   outer loop
      vertex 0.237075719555131 -0.347090288817392 0.196177692969519
      vertex 0.252861930485346 -0.321726318689603 0.255591793449519
      vertex 0.185679806112966 -0.329281246945985 0.228819837609519
   endloop
endfacet
facet normal 0.102569127034819 -0.882372751715105 0.459236215046276
   outer loop
      vertex 0.309045145015627 -0.39290060879501 0.0920839441055192
      vertex 0.319904214407813 -0.323690650435227 0.222638055849519
      vertex 0.237075719555131 -0.347090288817392 0.196177692969519
   endloop
endfacet
facet normal -0.0157333895084791 -0.968054441759763 0.250245995460004
   outer loop
      vertex 0.346997821266262 -0.401438798595716 0.0614408630495192
      vertex 0.309045145015627 -0.39290060879501 0.0920839441055192
      vertex 0.234882807884694 -0.395343673746686 0.0779704522655192
   endloop
endfacet
facet normal -0.0444871888563237 -0.996838530979462 0.0658318553769453
   outer loop
      vertex 0.331439541676441 -0.401827595663562 0.0450398059295192
      vertex 0.346997821266262 -0.401438798595716 0.0614408630495192
      vertex 0.234882807884694 -0.395343673746686 0.0779704522655192
   endloop
endfacet
facet normal -0.0170188042227031 -0.91943812561666 0.392866253915188
   outer loop
      vertex 0.309045145015627 -0.39290060879501 0.0920839441055192
      vertex 0.237075719555131 -0.347090288817392 0.196177692969519
      vertex 0.200936193418043 -0.373565523179308 0.132651260937519
   endloop
endfacet
facet normal -0.0358672881944703 -0.935884947114059 0.350475253624118
   outer loop
      vertex 0.234882807884694 -0.395343673746686 0.0779704522655192
      vertex 0.309045145015627 -0.39290060879501 0.0920839441055192
      vertex 0.200936193418043 -0.373565523179308 0.132651260937519
   endloop
endfacet
facet normal -0.223241418855473 -0.945287740622093 0.237895683729181
   outer loop
      vertex 0.234882807884694 -0.395343673746686 0.0779704522655192
      vertex 0.200936193418043 -0.373565523179308 0.132651260937519
      vertex 0.171937377750705 -0.377327262316155 0.0904913424095192
   endloop
endfacet
facet normal -0.279707849001502 -0.959755528918497 -0.0251563891949692
   outer loop
      vertex 0.219657005204869 -0.390322327726179 0.0556903036895192
      vertex 0.234882807884694 -0.395343673746686 0.0779704522655192
      vertex 0.171937377750705 -0.377327262316155 0.0904913424095192
   endloop
endfacet
facet normal -0.25703039206205 -0.890847674708689 0.374600851604145
   outer loop
      vertex 0.185679806112966 -0.329281246945985 0.228819837609519
      vertex 0.193650698052399 -0.2876760855876 0.333231300009519
      vertex 0.131282061463728 -0.292747459492568 0.278377028649519
   endloop
endfacet
facet normal -0.0547073249310841 -0.910231580831158 0.410469947568025
   outer loop
      vertex 0.200936193418043 -0.373565523179308 0.132651260937519
      vertex 0.237075719555131 -0.347090288817392 0.196177692969519
      vertex 0.185679806112966 -0.329281246945985 0.228819837609519
   endloop
endfacet
facet normal -0.165847987078594 -0.905476656297391 0.390648780981683
   outer loop
      vertex 0.200936193418043 -0.373565523179308 0.132651260937519
      vertex 0.185679806112966 -0.329281246945985 0.228819837609519
      vertex 0.152587432595241 -0.356307249201527 0.152127629289519
   endloop
endfacet
facet normal -0.280136000155281 -0.873009307478905 0.399222457374585
   outer loop
      vertex 0.131282061463728 -0.292747459492568 0.278377028649519
      vertex 0.193650698052399 -0.2876760855876 0.333231300009519
      vertex 0.15750156547135 -0.262112355483067 0.363767410089519
   endloop
endfacet
facet normal -0.293487142027536 -0.894491329671184 0.337269267214768
   outer loop
      vertex 0.098172572852096 -0.319284663066126 0.179184748329519
      vertex 0.185679806112966 -0.329281246945985 0.228819837609519
      vertex 0.131282061463728 -0.292747459492568 0.278377028649519
   endloop
endfacet
facet normal -0.425149140644435 -0.818855994357656 0.38564630001315
   outer loop
      vertex 0.0771117833207566 -0.286118782266058 0.232732833129519
      vertex 0.131282061463728 -0.292747459492568 0.278377028649519
      vertex 0.108451914027755 -0.246540202734154 0.351321775209519
   endloop
endfacet
facet normal -0.494766534702502 -0.776624258456225 0.38994978819817
   outer loop
      vertex 0.0771117833207566 -0.286118782266058 0.232732833129519
      vertex 0.108451914027755 -0.246540202734154 0.351321775209519
      vertex 0.0765940727941929 -0.244715021255735 0.314535722409519
   endloop
endfacet
facet normal -0.406322673234457 -0.839704406686321 0.360275442692365
   outer loop
      vertex 0.098172572852096 -0.319284663066126 0.179184748329519
      vertex 0.131282061463728 -0.292747459492568 0.278377028649519
      vertex 0.0771117833207566 -0.286118782266058 0.232732833129519
   endloop
endfacet
facet normal -0.599814496876451 -0.750999160345367 0.276084824822742
   outer loop
      vertex 0.0778133561183391 -0.31812807163129 0.138098990889519
      vertex 0.098172572852096 -0.319284663066126 0.179184748329519
      vertex 0.0537850019497471 -0.263242659281424 0.235193582889519
   endloop
endfacet
facet normal -0.114811841246421 -0.983028011984946 -0.143087975604283
   outer loop
      vertex 0.331439541676441 -0.401827595663562 0.0450398059295192
      vertex 0.234882807884694 -0.395343673746686 0.0779704522655192
      vertex 0.219657005204869 -0.390322327726179 0.0556903036895192
   endloop
endfacet
facet normal -0.155684538982572 -0.897960205555865 -0.41161850488025
   outer loop
      vertex 0.338049641193926 -0.390456189652728 0.0177325778975193
      vertex 0.331439541676441 -0.401827595663562 0.0450398059295192
      vertex 0.308138041446574 -0.385884356839343 0.0190722885215193
   endloop
endfacet
facet normal -0.0655602309062769 -0.875520435539192 -0.478712672776457
   outer loop
      vertex 0.308138041446574 -0.385884356839343 0.0190722885215193
      vertex 0.331439541676441 -0.401827595663562 0.0450398059295192
      vertex 0.264523576732599 -0.385322858114438 0.0240184094495193
   endloop
endfacet
facet normal -0.12762182822989 -0.93583735761764 -0.328513483812298
   outer loop
      vertex 0.264523576732599 -0.385322858114438 0.0240184094495193
      vertex 0.331439541676441 -0.401827595663562 0.0450398059295192
      vertex 0.219657005204869 -0.390322327726179 0.0556903036895192
   endloop
endfacet
facet normal -0.236267815280601 -0.85099306709587 -0.469029124060858
   outer loop
      vertex 0.264523576732599 -0.385322858114438 0.0240184094495193
      vertex 0.219657005204869 -0.390322327726179 0.0556903036895192
      vertex 0.184770842532937 -0.36707651827709 0.0310872574175192
   endloop
endfacet
facet normal -0.638604003948043 -0.688219686379673 0.344294335447147
   outer loop
      vertex 0.0771117833207566 -0.286118782266058 0.232732833129519
      vertex 0.0765940727941929 -0.244715021255735 0.314535722409519
      vertex 0.0537850019497471 -0.263242659281424 0.235193582889519
   endloop
endfacet
facet normal -0.572551698007807 -0.746535617787841 0.338923478800901
   outer loop
      vertex 0.0537850019497471 -0.263242659281424 0.235193582889519
      vertex 0.0765940727941929 -0.244715021255735 0.314535722409519
      vertex 0.0010007550557068 -0.197373996133154 0.291110608809519
   endloop
endfacet
facet normal -0.680145628894998 -0.712220495641382 0.173619955890364
   outer loop
      vertex 0.098172572852096 -0.319284663066126 0.179184748329519
      vertex 0.0771117833207566 -0.286118782266058 0.232732833129519
      vertex 0.0537850019497471 -0.263242659281424 0.235193582889519
   endloop
endfacet
facet normal -0.771049775208303 -0.616887637392317 0.157898343828395
   outer loop
      vertex 0.0778133561183391 -0.31812807163129 0.138098990889519
      vertex 0.0537850019497471 -0.263242659281424 0.235193582889519
      vertex 0.0191699027556169 -0.243108646824772 0.144821887209519
   endloop
endfacet
facet normal -0.570686417983921 -0.694277289902577 0.438515743222766
   outer loop
      vertex 0.0010007550557068 -0.197373996133154 0.291110608809519
      vertex 0.0765940727941929 -0.244715021255735 0.314535722409519
      vertex 0.0346957543266362 -0.205751259478597 0.321698187369519
   endloop
endfacet
facet normal -0.665117183635333 -0.715221376586785 0.214656736456853
   outer loop
      vertex 0.00919086943330438 -0.22607933159074 0.220843614249519
      vertex 0.0537850019497471 -0.263242659281424 0.235193582889519
      vertex 0.0010007550557068 -0.197373996133154 0.291110608809519
   endloop
endfacet
facet normal -0.653582037001117 -0.752320433213962 0.0827314128866815
   outer loop
      vertex 0.0191699027556169 -0.243108646824772 0.144821887209519
      vertex 0.0537850019497471 -0.263242659281424 0.235193582889519
      vertex 0.00919086943330438 -0.22607933159074 0.220843614249519
   endloop
endfacet
facet normal -0.584268520129367 -0.77285929374361 0.247626348476829
   outer loop
      vertex 0.00919086943330438 -0.22607933159074 0.220843614249519
      vertex 0.0010007550557068 -0.197373996133154 0.291110608809519
      vertex -0.0419961850739262 -0.16872829621351 0.279065593449519
   endloop
endfacet
facet normal -0.659907306181042 -0.746999577684584 0.0807092199685609
   outer loop
      vertex 0.0191699027556169 -0.243108646824772 0.144821887209519
      vertex 0.00919086943330438 -0.22607933159074 0.220843614249519
      vertex -0.0124201619182026 -0.213126387256975 0.164029367529519
   endloop
endfacet
facet normal -0.493380095624561 -0.869748987067879 -0.0106198274890534
   outer loop
      vertex -0.0124201619182026 -0.213126387256975 0.164029367529519
      vertex 0.00919086943330438 -0.22607933159074 0.220843614249519
      vertex -0.0750216249167386 -0.178365616589333 0.225534201129519
   endloop
endfacet
facet normal -0.467956002681117 -0.847627840630996 0.250088431043792
   outer loop
      vertex -0.0616086752215112 -0.213622381651629 0.0703086039455191
      vertex -0.0124201619182026 -0.213126387256975 0.164029367529519
      vertex -0.0930192254917289 -0.17150775421813 0.154274004009519
   endloop
endfacet
facet normal -0.450303728828851 0.892145591156035 -0.03609426524647
   outer loop
      vertex 0.0201083999412011 -0.0655253920274359 0.180522928809519
      vertex -0.04836233912993 -0.0989340781748153 0.208982216169519
      vertex -0.01354931479194 -0.0802968917800502 0.235320167529519
   endloop
endfacet
facet normal -0.47726000713862 0.869449994068116 -0.127591509909546
   outer loop
      vertex 0.0201083999412011 -0.0655253920274359 0.180522928809519
      vertex -0.0150570881550737 -0.10528848310515 0.0411019107935192
      vertex -0.04836233912993 -0.0989340781748153 0.208982216169519
   endloop
endfacet
facet normal -0.621063555848747 -0.768642394459323 0.153195721338254
   outer loop
      vertex -0.0616086752215112 -0.213622381651629 0.0703086039455191
      vertex -0.0930192254917289 -0.17150775421813 0.154274004009519
      vertex -0.0927089921211479 -0.184515466018853 0.0902669676575191
   endloop
endfacet
facet normal -0.554218946192824 -0.831687446861087 0.0337246262336937
   outer loop
      vertex -0.064816355062988 -0.212128101893405 0.0544453228895192
      vertex -0.0193961120439109 -0.242045643353726 0.0630655977695192
      vertex -0.0616086752215112 -0.213622381651629 0.0703086039455191
   endloop
endfacet
facet normal -0.553739437700519 -0.832165955974769 0.0295373805831346
   outer loop
      vertex -0.0530651035127716 -0.220227186139521 0.0465688370975192
      vertex -0.0193961120439109 -0.242045643353726 0.0630655977695192
      vertex -0.064816355062988 -0.212128101893405 0.0544453228895192
   endloop
endfacet
facet normal -0.660123230213174 -0.748512912509053 0.0629741275456909
   outer loop
      vertex -0.064816355062988 -0.212128101893405 0.0544453228895192
      vertex -0.0616086752215112 -0.213622381651629 0.0703086039455191
      vertex -0.0927089921211479 -0.184515466018853 0.0902669676575191
   endloop
endfacet
facet normal -0.836985172200805 -0.171195114771635 -0.51975768796076
   outer loop
      vertex -0.092382414165166 -0.165084451935314 0.0833409794975191
      vertex -0.064816355062988 -0.212128101893405 0.0544453228895192
      vertex -0.0927089921211479 -0.184515466018853 0.0902669676575191
   endloop
endfacet
facet normal -0.839950382717055 -0.177116981389204 -0.512945347456286
   outer loop
      vertex -0.0634608268880994 -0.171357000307403 0.0381476200415192
      vertex -0.064816355062988 -0.212128101893405 0.0544453228895192
      vertex -0.092382414165166 -0.165084451935314 0.0833409794975191
   endloop
endfacet
facet normal -0.72620034597628 0.585333959484436 -0.360578997416938
   outer loop
      vertex -0.0631519813188711 -0.148275447350764 0.0517576945055191
      vertex -0.092382414165166 -0.165084451935314 0.0833409794975191
      vertex -0.0752382193682192 -0.140681980843694 0.0884257871135191
   endloop
endfacet
facet normal -0.773887397201786 0.329333156158449 -0.540960228396653
   outer loop
      vertex -0.0631519813188711 -0.148275447350764 0.0517576945055191
      vertex -0.0634608268880994 -0.171357000307403 0.0381476200415192
      vertex -0.092382414165166 -0.165084451935314 0.0833409794975191
   endloop
endfacet
facet normal -0.665456533189805 0.656459639960874 -0.355286283914037
   outer loop
      vertex -0.0150570881550737 -0.10528848310515 0.0411019107935192
      vertex -0.0631519813188711 -0.148275447350764 0.0517576945055191
      vertex -0.0752382193682192 -0.140681980843694 0.0884257871135191
   endloop
endfacet
facet normal -0.659091282638258 0.388516837699864 -0.643935825974882
   outer loop
      vertex -0.00698309573494101 -0.113237012522071 0.0154071763295192
      vertex -0.0634608268880994 -0.171357000307403 0.0381476200415192
      vertex -0.0631519813188711 -0.148275447350764 0.0517576945055191
   endloop
endfacet
facet normal -0.467182072120386 0.869493954219176 -0.160378225035707
   outer loop
      vertex 0.188289431721716 0.0261726197385295 0.132724846953519
      vertex 0.12019186506346 -0.0270453728061671 0.0425707099295192
      vertex 0.101268199112582 -0.0152488120818887 0.161650689129519
   endloop
endfacet
facet normal -0.383695859072541 0.892520782449261 -0.237031940098256
   outer loop
      vertex 0.188289431721716 0.0261726197385295 0.132724846953519
      vertex 0.201862818945475 0.0111862152552717 0.0543230504735192
      vertex 0.12019186506346 -0.0270453728061671 0.0425707099295192
   endloop
endfacet
facet normal -0.413792105857661 0.840881122598497 -0.348848148608208
   outer loop
      vertex 0.135935765043038 -0.0326818241530062 0.0103094320415192
      vertex 0.100147828719969 -0.0493722642743473 0.0125284190495192
      vertex 0.12019186506346 -0.0270453728061671 0.0425707099295192
   endloop
endfacet
facet normal -0.389478266330305 0.856123505434542 -0.339645732342999
   outer loop
      vertex 0.148857028227138 -0.0265716318986265 0.0108939470495192
      vertex 0.135935765043038 -0.0326818241530062 0.0103094320415192
      vertex 0.12019186506346 -0.0270453728061671 0.0425707099295192
   endloop
endfacet
facet normal -0.407219543663374 0.88521108484413 -0.224885701029819
   outer loop
      vertex 0.308051415828558 0.0868304405431751 0.154627328169519
      vertex 0.287181124306655 0.0646535828973987 0.105124805001519
      vertex 0.188289431721716 0.0261726197385295 0.132724846953519
   endloop
endfacet
facet normal -0.504088876293655 0.861552935753671 -0.060174277654418
   outer loop
      vertex 0.313988183484581 0.0769197502710135 0.0561805061855192
      vertex 0.201862818945475 0.0111862152552717 0.0543230504735192
      vertex 0.287181124306655 0.0646535828973987 0.105124805001519
   endloop
endfacet
facet normal -0.498839682168308 0.864852499360302 -0.0564723458381188
   outer loop
      vertex 0.365307802466018 0.109578143236574 0.103007503017519
      vertex 0.313988183484581 0.0769197502710135 0.0561805061855192
      vertex 0.287181124306655 0.0646535828973987 0.105124805001519
   endloop
endfacet
facet normal -0.486058543193477 0.838457048057719 -0.246448516227977
   outer loop
      vertex 0.389791067330729 0.120367460563202 0.0544941483935192
      vertex 0.304208213083556 0.0638714930403844 0.0310768246175192
      vertex 0.313988183484581 0.0769197502710135 0.0561805061855192
   endloop
endfacet
facet normal -0.497402791711055 0.865543095529949 -0.058528732930775
   outer loop
      vertex 0.389791067330729 0.120367460563202 0.0544941483935192
      vertex 0.313988183484581 0.0769197502710135 0.0561805061855192
      vertex 0.365307802466018 0.109578143236574 0.103007503017519
   endloop
endfacet
facet normal -0.329303296888441 0.81909333616802 -0.46972911907135
   outer loop
      vertex 0.389791067330729 0.120367460563202 0.0544941483935192
      vertex 0.395131666591048 0.10496443255044 0.0238909901855192
      vertex 0.376059066142326 0.0970988441531496 0.0235461513695192
   endloop
endfacet
facet normal -0.357668984159185 0.81953301169556 -0.447703630219525
   outer loop
      vertex 0.389791067330729 0.120367460563202 0.0544941483935192
      vertex 0.367278033911663 0.0935825093535624 0.0234491958815192
      vertex 0.359354091009731 0.0899444657199912 0.0231200758175192
   endloop
endfacet
facet normal -0.440345345616153 0.819281151800557 -0.367252462072813
   outer loop
      vertex 0.389791067330729 0.120367460563202 0.0544941483935192
      vertex 0.359354091009731 0.0899444657199912 0.0231200758175192
      vertex 0.304208213083556 0.0638714930403844 0.0310768246175192
   endloop
endfacet
facet normal -0.323031148345846 0.819718632483254 -0.472982283767742
   outer loop
      vertex 0.389791067330729 0.120367460563202 0.0544941483935192
      vertex 0.376059066142326 0.0970988441531496 0.0235461513695192
      vertex 0.367278033911663 0.0935825093535624 0.0234491958815192
   endloop
endfacet
facet normal -0.40936028117662 0.880466584101035 -0.239170973315021
   outer loop
      vertex 0.287181124306655 0.0646535828973987 0.105124805001519
      vertex 0.201862818945475 0.0111862152552717 0.0543230504735192
      vertex 0.188289431721716 0.0261726197385295 0.132724846953519
   endloop
endfacet
facet normal -0.487203098327666 0.837994138568926 -0.24576200826012
   outer loop
      vertex 0.313988183484581 0.0769197502710135 0.0561805061855192
      vertex 0.304208213083556 0.0638714930403844 0.0310768246175192
      vertex 0.201862818945475 0.0111862152552717 0.0543230504735192
   endloop
endfacet
facet normal -0.488907914737539 0.826105215583835 -0.280212818572201
   outer loop
      vertex 0.304208213083556 0.0638714930403844 0.0310768246175192
      vertex 0.203700473500839 -0.0014294587317675 0.0139240494815192
      vertex 0.201862818945475 0.0111862152552717 0.0543230504735192
   endloop
endfacet
facet normal 0.453761597400553 0.886487133027544 0.0907798199001539
   outer loop
      vertex 0.628342345303341 0.148128590958456 0.127354180617519
      vertex 0.593601996393375 0.165854345354283 0.127906979913519
      vertex 0.606283436478342 0.156497691346856 0.155889001449519
   endloop
endfacet
facet normal 0.511603914308491 0.715124029553842 -0.476297236207503
   outer loop
      vertex 0.602567076244017 0.14076079014554 0.0886060658975192
      vertex 0.628342345303341 0.148128590958456 0.127354180617519
      vertex 0.64513702464344 0.125148867040885 0.110891500425519
   endloop
endfacet
facet normal 0.406226644963172 0.809382211722993 -0.424123034352487
   outer loop
      vertex 0.602567076244017 0.14076079014554 0.0886060658975192
      vertex 0.593601996393375 0.165854345354283 0.127906979913519
      vertex 0.628342345303341 0.148128590958456 0.127354180617519
   endloop
endfacet
facet normal 0.52563086652512 0.650235519041649 -0.548548960378824
   outer loop
      vertex 0.590966300008948 0.109470986128458 0.0403998529055192
      vertex 0.602567076244017 0.14076079014554 0.0886060658975192
      vertex 0.64513702464344 0.125148867040885 0.110891500425519
   endloop
endfacet
facet normal 0.316714925044011 0.933419297969422 0.168582532999828
   outer loop
      vertex 0.593601996393375 0.165854345354283 0.127906979913519
      vertex 0.551358374635682 0.17896212966175 0.134693724969519
      vertex 0.606283436478342 0.156497691346856 0.155889001449519
   endloop
endfacet
facet normal 0.14185603982411 0.840382329063367 0.52310075985746
   outer loop
      vertex 0.551358374635682 0.17896212966175 0.134693724969519
      vertex 0.553560322352118 0.164226678065173 0.157769687529519
      vertex 0.606283436478342 0.156497691346856 0.155889001449519
   endloop
endfacet
facet normal 0.129001475822973 0.841316531707166 0.524923911354513
   outer loop
      vertex 0.551358374635682 0.17896212966175 0.134693724969519
      vertex 0.492230660456137 0.171689875883309 0.160880052969519
      vertex 0.553560322352118 0.164226678065173 0.157769687529519
   endloop
endfacet
facet normal 0.275111898437042 0.837560190392456 -0.472023697295083
   outer loop
      vertex 0.51441847038074 0.167882874864716 0.0853554836255192
      vertex 0.593601996393375 0.165854345354283 0.127906979913519
      vertex 0.602567076244017 0.14076079014554 0.0886060658975192
   endloop
endfacet
facet normal 0.22104178541525 0.903054887811542 -0.368283041559235
   outer loop
      vertex 0.51441847038074 0.167882874864716 0.0853554836255192
      vertex 0.551358374635682 0.17896212966175 0.134693724969519
      vertex 0.593601996393375 0.165854345354283 0.127906979913519
   endloop
endfacet
facet normal 0.260932133249363 0.779854441851397 -0.568982839251399
   outer loop
      vertex 0.590966300008948 0.109470986128458 0.0403998529055192
      vertex 0.51441847038074 0.167882874864716 0.0853554836255192
      vertex 0.602567076244017 0.14076079014554 0.0886060658975192
   endloop
endfacet
facet normal 0.241671888368022 0.77058733968425 -0.589737102691516
   outer loop
      vertex 0.525429948770023 0.127126535354955 0.0366131638175192
      vertex 0.51441847038074 0.167882874864716 0.0853554836255192
      vertex 0.590966300008948 0.109470986128458 0.0403998529055192
   endloop
endfacet
facet normal 0.208723553637055 0.772947941896281 -0.599154368485637
   outer loop
      vertex 0.511405472763499 0.130399093691547 0.0359493595295192
      vertex 0.51441847038074 0.167882874864716 0.0853554836255192
      vertex 0.525429948770023 0.127126535354955 0.0366131638175192
   endloop
endfacet
facet normal -0.148859145004088 0.86149171397838 -0.485461617118434
   outer loop
      vertex 0.428136841223401 0.129064191161557 0.0429254251295192
      vertex 0.486506459297525 0.170189181221011 0.0980069924255191
      vertex 0.51441847038074 0.167882874864716 0.0853554836255192
   endloop
endfacet
facet normal -0.042309688764813 0.797193224863677 -0.602239862901881
   outer loop
      vertex 0.445869359262277 0.123629576265929 0.0315926222495192
      vertex 0.51441847038074 0.167882874864716 0.0853554836255192
      vertex 0.511405472763499 0.130399093691547 0.0359493595295192
   endloop
endfacet
facet normal -0.100061330438947 0.827037203719006 -0.553170130986332
   outer loop
      vertex 0.445869359262277 0.123629576265929 0.0315926222495192
      vertex 0.428136841223401 0.129064191161557 0.0429254251295192
      vertex 0.51441847038074 0.167882874864716 0.0853554836255192
   endloop
endfacet
facet normal -0.345182099903102 0.900642286185797 -0.263993920840055
   outer loop
      vertex 0.486506459297525 0.170189181221011 0.0980069924255191
      vertex 0.389791067330729 0.120367460563202 0.0544941483935192
      vertex 0.448094416067275 0.159055842006551 0.110249674569519
   endloop
endfacet
facet normal -0.304612812964658 0.889281564341098 -0.341158809795099
   outer loop
      vertex 0.486506459297525 0.170189181221011 0.0980069924255191
      vertex 0.428136841223401 0.129064191161557 0.0429254251295192
      vertex 0.389791067330729 0.120367460563202 0.0544941483935192
   endloop
endfacet
facet normal -0.0127540149658322 0.880146753310977 0.474530323307582
   outer loop
      vertex 0.274318837010518 0.0520932615250248 0.317267724969519
      vertex 0.253707141854329 0.0215322215318132 0.373397580009519
      vertex 0.28284413908891 0.0335318490847111 0.351924095529519
   endloop
endfacet
facet normal -0.638094004679548 -0.254445567142652 0.726700415957959
   outer loop
      vertex -0.0157430332016999 -0.11695430518795 0.371192781609519
      vertex 0.00625888326616256 -0.162937182598342 0.374411648169519
      vertex 0.0280537833661542 -0.149992340396608 0.398081584809519
   endloop
endfacet
facet normal -0.932958958222778 0.351918460682662 0.0757692503764894
   outer loop
      vertex -0.051691349200905 -0.105337333436944 0.287954339049519
      vertex -0.0664695072381291 -0.142209982995953 0.277247504169519
      vertex -0.0557064896687932 -0.121981531509038 0.315821043369519
   endloop
endfacet
facet normal -0.485939741590948 0.0651552009973567 0.871560306189719
   outer loop
      vertex -0.0157430332016999 -0.11695430518795 0.371192781609519
      vertex 0.0280537833661542 -0.149992340396608 0.398081584809519
      vertex 0.0208434588214273 -0.103585529510742 0.390592225449519
   endloop
endfacet
facet normal 0.894725978469551 -0.254804303929255 -0.366797205756576
   outer loop
      vertex 0.514158955984939 -0.319537913265885 0.0854603680415192
      vertex 0.509603888984271 -0.367018605478419 0.107332802793519
      vertex 0.490973553033717 -0.373008888478563 0.0660492394655192
   endloop
endfacet
facet normal 0.958050124064732 -0.248844568504672 0.142184178111612
   outer loop
      vertex 0.604283012562818 -0.263934507838143 0.343355289129519
      vertex 0.601722573741638 -0.280466192608223 0.331674726249519
      vertex 0.608762309851772 -0.267087215389905 0.307655638569519
   endloop
endfacet
facet normal -0.116390715573203 -0.992722526033982 0.0309061099633711
   outer loop
      vertex 0.48223589905019 -0.320466822024705 0.233975031849519
      vertex 0.52697137940675 -0.323451431605631 0.306578973609519
      vertex 0.502981741173176 -0.320209231388023 0.320376699369519
   endloop
endfacet
facet normal 0.118048084820187 -0.981103328876928 0.153300057850269
   outer loop
      vertex 0.54262955345516 -0.336641983541803 0.210103394409519
      vertex 0.56371760384802 -0.331096673188206 0.229353996969519
      vertex 0.52697137940675 -0.323451431605631 0.306578973609519
   endloop
endfacet
facet normal 0.867229032324033 -0.497383722901421 -0.0228743893261586
   outer loop
      vertex 0.608762309851772 -0.267087215389905 0.307655638569519
      vertex 0.601722573741638 -0.280466192608223 0.331674726249519
      vertex 0.599813859202692 -0.281017310481026 0.271293852969519
   endloop
endfacet
facet normal 0.599637113168927 0.163863865621232 -0.783316006509571
   outer loop
      vertex 0.590966300008948 0.109470986128458 0.0403998529055192
      vertex 0.62290063752357 0.0893396416254916 0.0606346162655192
      vertex 0.583139726175099 0.0355582880692933 0.0189465385055193
   endloop
endfacet
facet normal 0.126407573651183 0.26414333774434 -0.956163909823468
   outer loop
      vertex 0.525429948770023 0.127126535354955 0.0366131638175192
      vertex 0.590966300008948 0.109470986128458 0.0403998529055192
      vertex 0.583139726175099 0.0355582880692933 0.0189465385055193
   endloop
endfacet
facet normal 0.312937606219792 0.366292931339523 -0.876298774998645
   outer loop
      vertex 0.525429948770023 0.127126535354955 0.0366131638175192
      vertex 0.583139726175099 0.0355582880692933 0.0189465385055193
      vertex 0.575105552104326 0.0238508001351391 0.0111837006815193
   endloop
endfacet
facet normal -0.364391655153166 0.875757475799811 -0.316650541189304
   outer loop
      vertex 0.201862818945475 0.0111862152552717 0.0543230504735192
      vertex 0.148857028227138 -0.0265716318986265 0.0108939470495192
      vertex 0.12019186506346 -0.0270453728061671 0.0425707099295192
   endloop
endfacet
facet normal 0.112250950376576 0.288152038344227 -0.950982716424238
   outer loop
      vertex 0.511405472763499 0.130399093691547 0.0359493595295192
      vertex 0.525429948770023 0.127126535354955 0.0366131638175192
      vertex 0.575105552104326 0.0238508001351391 0.0111837006815193
   endloop
endfacet
facet normal -0.411489017209318 -0.32646989850584 -0.850937244504961
   outer loop
      vertex -0.0634608268880994 -0.171357000307403 0.0381476200415192
      vertex -0.022630855137023 -0.152485678538504 0.0111632523935192
      vertex -0.064816355062988 -0.212128101893405 0.0544453228895192
   endloop
endfacet
facet normal 0.0240021928256122 -0.0420739152745132 -0.998826151236057
   outer loop
      vertex 0.417445484083112 -0.378882549566124 0.0135184222175193
      vertex 0.479479761363689 -0.308347048566044 0.0120379383455193
      vertex 0.461164588035908 -0.367316131925892 0.0140817934175193
   endloop
endfacet
facet normal 0.0387170471692326 0.248133880206545 -0.967951738338301
   outer loop
      vertex 0.445869359262277 0.123629576265929 0.0315926222495192
      vertex 0.511405472763499 0.130399093691547 0.0359493595295192
      vertex 0.575105552104326 0.0238508001351391 0.0111837006815193
   endloop
endfacet
facet normal 0.0499681874482307 0.261859813729578 -0.963811505532409
   outer loop
      vertex 0.395131666591048 0.10496443255044 0.0238909901855192
      vertex 0.445869359262277 0.123629576265929 0.0315926222495192
      vertex 0.575105552104326 0.0238508001351391 0.0111837006815193
   endloop
endfacet
facet normal -0.207964447412072 -0.614011520902005 -0.761407013897428
   outer loop
      vertex 0.162205485217112 -0.341399181911255 0.0165439342175192
      vertex 0.264523576732599 -0.385322858114438 0.0240184094495193
      vertex 0.184770842532937 -0.36707651827709 0.0310872574175192
   endloop
endfacet
facet normal 0.0916196165594445 0.349369409683548 -0.932494965905377
   outer loop
      vertex 0.395131666591048 0.10496443255044 0.0238909901855192
      vertex 0.575105552104326 0.0238508001351391 0.0111837006815193
      vertex 0.571904706918613 0.0166794673464434 0.00818239277751929
   endloop
endfacet
facet normal -0.0572546249647279 0.0294083878913971 -0.997926377365474
   outer loop
      vertex 0.338049641193926 -0.390456189652728 0.0177325778975193
      vertex 0.479479761363689 -0.308347048566044 0.0120379383455193
      vertex 0.417445484083112 -0.378882549566124 0.0135184222175193
   endloop
endfacet
facet normal -0.505752215839041 0.839411711200557 -0.199004209184761
   outer loop
      vertex 0.100147828719969 -0.0493722642743473 0.0125284190495192
      vertex -0.00698309573494101 -0.113237012522071 0.0154071763295192
      vertex 0.0627109824032921 -0.0676440311560919 0.0305995587935192
   endloop
endfacet
facet normal -0.0300683556321897 0.116433518822568 -0.992743234519466
   outer loop
      vertex 0.376059066142326 0.0970988441531496 0.0235461513695192
      vertex 0.395131666591048 0.10496443255044 0.0238909901855192
      vertex 0.571904706918613 0.0166794673464434 0.00818239277751929
   endloop
endfacet
facet normal 0.0204177398106183 0.235361061883111 -0.97169351466925
   outer loop
      vertex 0.376059066142326 0.0970988441531496 0.0235461513695192
      vertex 0.571904706918613 0.0166794673464434 0.00818239277751929
      vertex 0.568399410752763 0.00687092542641176 0.00573293826231929
   endloop
endfacet
facet normal -0.0590783545673664 0.0706473305749001 -0.995750321468315
   outer loop
      vertex 0.376059066142326 0.0970988441531496 0.0235461513695192
      vertex 0.568399410752763 0.00687092542641176 0.00573293826231929
      vertex 0.564125266878393 -0.00916835789516894 0.00484855676151929
   endloop
endfacet
facet normal -0.0345272631339876 0.113599729086478 -0.992926467394215
   outer loop
      vertex 0.367278033911663 0.0935825093535624 0.0234491958815192
      vertex 0.376059066142326 0.0970988441531496 0.0235461513695192
      vertex 0.564125266878393 -0.00916835789516894 0.00484855676151929
   endloop
endfacet
facet normal -0.108126723069644 -0.40627606233883 -0.90733035490315
   outer loop
      vertex 0.162205485217112 -0.341399181911255 0.0165439342175192
      vertex 0.308138041446574 -0.385884356839343 0.0190722885215193
      vertex 0.264523576732599 -0.385322858114438 0.0240184094495193
   endloop
endfacet
facet normal -0.0438031991275723 0.0061628490947573 -0.999021170464984
   outer loop
      vertex 0.308138041446574 -0.385884356839343 0.0190722885215193
      vertex 0.479479761363689 -0.308347048566044 0.0120379383455193
      vertex 0.338049641193926 -0.390456189652728 0.0177325778975193
   endloop
endfacet
facet normal -0.11755472038778 0.152964924929426 -0.981214869157559
   outer loop
      vertex -0.00698309573494101 -0.113237012522071 0.0154071763295192
      vertex 0.100147828719969 -0.0493722642743473 0.0125284190495192
      vertex -0.022630855137023 -0.152485678538504 0.0111632523935192
   endloop
endfacet
facet normal -0.0431497908374781 0.00471565481836291 -0.999057484907809
   outer loop
      vertex 0.308138041446574 -0.385884356839343 0.0190722885215193
      vertex 0.490259605897146 -0.278816345066625 0.0117117394655193
      vertex 0.479479761363689 -0.308347048566044 0.0120379383455193
   endloop
endfacet
facet normal -0.431707384810217 0.769423144551985 -0.470761891541848
   outer loop
      vertex 0.359354091009731 0.0899444657199912 0.0231200758175192
      vertex 0.328277338915754 0.0678300109376193 0.0154743635615192
      vertex 0.304208213083556 0.0638714930403844 0.0310768246175192
   endloop
endfacet
facet normal -0.488227874705787 -0.715295640360807 -0.49998568903629
   outer loop
      vertex 0.0373646769734308 -0.264267506179737 0.0111825878495192
      vertex 0.0377855606892601 -0.29119659419599 0.0492972229535192
      vertex -0.0353411946952089 -0.23194289661111 0.0359340580895192
   endloop
endfacet
facet normal 0.386850551769943 -0.114358074044478 -0.915023978645439
   outer loop
      vertex 0.561225224522482 -0.0370726270948205 0.00735903620151929
      vertex 0.551977339204898 -0.0948419420516965 0.0106691549855193
      vertex 0.534121857844764 -0.137173498497347 0.00841080154551929
   endloop
endfacet
facet normal -0.132607827947506 -0.0751347567797918 -0.988316716589721
   outer loop
      vertex 0.367278033911663 0.0935825093535624 0.0234491958815192
      vertex 0.564125266878393 -0.00916835789516894 0.00484855676151929
      vertex 0.561225224522482 -0.0370726270948205 0.00735903620151929
   endloop
endfacet
facet normal -0.0759262196752363 0.0100816347154612 -0.997062470363463
   outer loop
      vertex 0.367278033911663 0.0935825093535624 0.0234491958815192
      vertex 0.561225224522482 -0.0370726270948205 0.00735903620151929
      vertex 0.534121857844764 -0.137173498497347 0.00841080154551929
   endloop
endfacet
facet normal -0.0216079487346691 0.0494519159206593 -0.998542740478972
   outer loop
      vertex 0.367278033911663 0.0935825093535624 0.0234491958815192
      vertex 0.534121857844764 -0.137173498497347 0.00841080154551929
      vertex 0.524006018890592 -0.159585185240664 0.0075197847839193
   endloop
endfacet
facet normal -0.00238598979604636 -0.0645443938360634 -0.997911984233594
   outer loop
      vertex 0.162205485217112 -0.341399181911255 0.0165439342175192
      vertex 0.490259605897146 -0.278816345066625 0.0117117394655193
      vertex 0.308138041446574 -0.385884356839343 0.0190722885215193
   endloop
endfacet
facet normal -0.0111441004524401 -0.0187779046514667 -0.999761571236866
   outer loop
      vertex 0.162205485217112 -0.341399181911255 0.0165439342175192
      vertex 0.496251904101644 -0.257347412238221 0.0112417070495193
      vertex 0.490259605897146 -0.278816345066625 0.0117117394655193
   endloop
endfacet
facet normal -0.00733997762624933 -0.0338737445154546 -0.999399166580075
   outer loop
      vertex 0.162205485217112 -0.341399181911255 0.0165439342175192
      vertex 0.517545713873497 -0.179453146114033 0.00844516023351929
      vertex 0.496251904101644 -0.257347412238221 0.0112417070495193
   endloop
endfacet
facet normal -0.36588686546714 -0.763425837491323 -0.53226665528596
   outer loop
      vertex 0.0767921632503552 -0.283335373886254 0.00551912150391924
      vertex 0.128841772592833 -0.30879556011588 0.00625690129911925
      vertex 0.123803643595551 -0.325113781176344 0.0331252701215192
   endloop
endfacet
facet normal -0.0982718348790292 0.00177879933761429 -0.995158018780146
   outer loop
      vertex 0.367278033911663 0.0935825093535624 0.0234491958815192
      vertex 0.524006018890592 -0.159585185240664 0.0075197847839193
      vertex 0.519461659357385 -0.172756044854986 0.0079449978911193
   endloop
endfacet
facet normal -0.148786234372193 0.190010136181957 -0.970442581819995
   outer loop
      vertex -0.022630855137023 -0.152485678538504 0.0111632523935192
      vertex 0.100147828719969 -0.0493722642743473 0.0125284190495192
      vertex 0.135935765043038 -0.0326818241530062 0.0103094320415192
   endloop
endfacet
facet normal 0.0128907183133121 -0.078136701412201 -0.996859310672167
   outer loop
      vertex 0.162205485217112 -0.341399181911255 0.0165439342175192
      vertex 0.519461659357385 -0.172756044854986 0.0079449978911193
      vertex 0.517545713873497 -0.179453146114033 0.00844516023351929
   endloop
endfacet
facet normal -0.0405399819490304 0.034964682388807 -0.998565962192294
   outer loop
      vertex 0.367278033911663 0.0935825093535624 0.0234491958815192
      vertex 0.519461659357385 -0.172756044854986 0.0079449978911193
      vertex 0.162205485217112 -0.341399181911255 0.0165439342175192
   endloop
endfacet
facet normal -0.426803756814839 0.778010545647687 -0.461018594017344
   outer loop
      vertex 0.328277338915754 0.0678300109376193 0.0154743635615192
      vertex 0.203700473500839 -0.0014294587317675 0.0139240494815192
      vertex 0.304208213083556 0.0638714930403844 0.0310768246175192
   endloop
endfacet
facet normal -0.385053905118042 0.875690928631603 -0.291374136919644
   outer loop
      vertex 0.201862818945475 0.0111862152552717 0.0543230504735192
      vertex 0.190357987000313 -0.00660348466459942 0.0160619388575192
      vertex 0.148857028227138 -0.0265716318986265 0.0108939470495192
   endloop
endfacet
facet normal 0.12685511236765 -0.174857862702294 -0.976387478574657
   outer loop
      vertex -0.022630855137023 -0.152485678538504 0.0111632523935192
      vertex 0.135935765043038 -0.0326818241530062 0.0103094320415192
      vertex 0.148857028227138 -0.0265716318986265 0.0108939470495192
   endloop
endfacet
facet normal 0.0436647325840957 -0.00472626671694653 -0.999035061212208
   outer loop
      vertex 0.359354091009731 0.0899444657199912 0.0231200758175192
      vertex 0.367278033911663 0.0935825093535624 0.0234491958815192
      vertex 0.162205485217112 -0.341399181911255 0.0165439342175192
   endloop
endfacet
facet normal -0.386078774072054 0.87538879416516 -0.290925487472459
   outer loop
      vertex 0.201862818945475 0.0111862152552717 0.0543230504735192
      vertex 0.203700473500839 -0.0014294587317675 0.0139240494815192
      vertex 0.190357987000313 -0.00660348466459942 0.0160619388575192
   endloop
endfacet
facet normal -0.612979846957599 -0.131773235768702 -0.779032426513097
   outer loop
      vertex -0.064816355062988 -0.212128101893405 0.0544453228895192
      vertex -0.022630855137023 -0.152485678538504 0.0111632523935192
      vertex -0.0530651035127716 -0.220227186139521 0.0465688370975192
   endloop
endfacet
facet normal 0.410321872021836 -0.560374195885921 -0.719455851269349
   outer loop
      vertex -0.022630855137023 -0.152485678538504 0.0111632523935192
      vertex 0.148857028227138 -0.0265716318986265 0.0108939470495192
      vertex -0.0530651035127716 -0.220227186139521 0.0465688370975192
   endloop
endfacet
facet normal 0.340294545295386 -0.501367491809862 -0.79550629199177
   outer loop
      vertex -0.0530651035127716 -0.220227186139521 0.0465688370975192
      vertex 0.148857028227138 -0.0265716318986265 0.0108939470495192
      vertex 0.190357987000313 -0.00660348466459942 0.0160619388575192
   endloop
endfacet
facet normal -0.392035932857383 0.323752102916664 -0.86109953153261
   outer loop
      vertex -0.0530651035127716 -0.220227186139521 0.0465688370975192
      vertex 0.190357987000313 -0.00660348466459942 0.0160619388575192
      vertex -0.0443339095785123 -0.225623616647357 0.0405648302495192
   endloop
endfacet
facet normal -0.312020208225962 0.231253446437489 -0.921501618647201
   outer loop
      vertex -0.0443339095785123 -0.225623616647357 0.0405648302495192
      vertex 0.190357987000313 -0.00660348466459942 0.0160619388575192
      vertex -0.0353411946952089 -0.23194289661111 0.0359340580895192
   endloop
endfacet
facet normal -0.250494635996968 0.166795325020699 -0.953641314587401
   outer loop
      vertex -0.0353411946952089 -0.23194289661111 0.0359340580895192
      vertex 0.190357987000313 -0.00660348466459942 0.0160619388575192
      vertex 0.0373646769734308 -0.264267506179737 0.0111825878495192
   endloop
endfacet
facet normal -0.103580558559553 0.0802766515178889 -0.991376178405335
   outer loop
      vertex 0.190357987000313 -0.00660348466459942 0.0160619388575192
      vertex 0.0767921632503552 -0.283335373886254 0.00551912150391924
      vertex 0.0373646769734308 -0.264267506179737 0.0111825878495192
   endloop
endfacet
facet normal 0.0273048378880915 0.0268642103616317 -0.999266110718036
   outer loop
      vertex 0.190357987000313 -0.00660348466459942 0.0160619388575192
      vertex 0.128841772592833 -0.30879556011588 0.00625690129911925
      vertex 0.0767921632503552 -0.283335373886254 0.00551912150391924
   endloop
endfacet
facet normal 0.116633731694674 0.00848102132062609 -0.993138784313821
   outer loop
      vertex 0.190357987000313 -0.00660348466459942 0.0160619388575192
      vertex 0.141310636514763 -0.316824931398898 0.00765267083511925
      vertex 0.128841772592833 -0.30879556011588 0.00625690129911925
   endloop
endfacet
facet normal 0.296782926114813 -0.0210429613640278 -0.954713092265818
   outer loop
      vertex 0.190357987000313 -0.00660348466459942 0.0160619388575192
      vertex 0.151931465822503 -0.328281738818246 0.0112067919455192
      vertex 0.141310636514763 -0.316824931398898 0.00765267083511925
   endloop
endfacet
facet normal 0.423183608237691 -0.0368882404192662 -0.905292710363725
   outer loop
      vertex 0.190357987000313 -0.00660348466459942 0.0160619388575192
      vertex 0.162205485217112 -0.341399181911255 0.0165439342175192
      vertex 0.151931465822503 -0.328281738818246 0.0112067919455192
   endloop
endfacet
facet normal 0.326116931755999 -0.134789038195061 -0.935670701691842
   outer loop
      vertex 0.328277338915754 0.0678300109376193 0.0154743635615192
      vertex 0.359354091009731 0.0899444657199912 0.0231200758175192
      vertex 0.162205485217112 -0.341399181911255 0.0165439342175192
   endloop
endfacet
facet normal -0.162839936831753 0.0122726382389555 -0.98657616904286
   outer loop
      vertex 0.190357987000313 -0.00660348466459942 0.0160619388575192
      vertex 0.203700473500839 -0.0014294587317675 0.0139240494815192
      vertex 0.162205485217112 -0.341399181911255 0.0165439342175192
   endloop
endfacet
facet normal 0.0179430315813221 -0.00989464751246713 -0.999790049744583
   outer loop
      vertex 0.203700473500839 -0.0014294587317675 0.0139240494815192
      vertex 0.328277338915754 0.0678300109376193 0.0154743635615192
      vertex 0.162205485217112 -0.341399181911255 0.0165439342175192
   endloop
endfacet
endsolid no_name
