;
; 3DEC input deck produced by VrmlToPolyTranslator VTPT
; geometry built: Tue Sep 13 08:39:21 2016
; merge angle of triangles into faces: 1.000000e+000;
; block 1
model domain extent -40 40 -20 20 -5 40
rblock create vertices ...
                   5.500000e+000 1.000000e+000 2.400000e+001 ...
                   5.500000e+000 0.000000e+000 2.400000e+001 ...
                   6.500000e+000 0.000000e+000 2.400000e+001 ...
                   5.500000e+000 1.000000e+000 2.400000e+001 ...
                   5.500000e+000 1.000000e+000 2.500000e+001 ...
                   5.500000e+000 0.000000e+000 2.500000e+001 ...
                   6.500000e+000 1.000000e+000 2.500000e+001 ...
                   6.500000e+000 0.000000e+000 2.500000e+001 ...
                   5.500000e+000 0.000000e+000 2.500000e+001 ...
                   6.500000e+000 1.000000e+000 2.400000e+001 ...
                   6.500000e+000 0.000000e+000 2.400000e+001 ...
                   6.500000e+000 0.000000e+000 2.500000e+001 ...
                   5.500000e+000 0.000000e+000 2.500000e+001 ...
                   6.500000e+000 0.000000e+000 2.500000e+001 ...
                   6.500000e+000 0.000000e+000 2.400000e+001 ...
                   5.500000e+000 1.000000e+000 2.500000e+001 ...
                   5.500000e+000 1.000000e+000 2.400000e+001 ...
                   6.500000e+000 1.000000e+000 2.400000e+001 ...
 
; block 2
rblock create vertices ...
                   1.870000e+001 1.000000e+000 1.600000e+001 ...
                   1.870000e+001 0.000000e+000 1.600000e+001 ...
                   2.250000e+001 0.000000e+000 1.600000e+001 ...
                   1.870000e+001 1.000000e+000 1.600000e+001 ...
                   1.870000e+001 1.000000e+000 1.720000e+001 ...
                   1.870000e+001 0.000000e+000 1.720000e+001 ...
                   1.870000e+001 1.000000e+000 1.720000e+001 ...
                   2.250000e+001 1.000000e+000 1.720000e+001 ...
                   2.250000e+001 0.000000e+000 1.720000e+001 ...
                   2.250000e+001 1.000000e+000 1.600000e+001 ...
                   2.250000e+001 0.000000e+000 1.600000e+001 ...
                   2.250000e+001 0.000000e+000 1.720000e+001 ...
                   1.870000e+001 0.000000e+000 1.600000e+001 ...
                   1.870000e+001 0.000000e+000 1.720000e+001 ...
                   2.250000e+001 0.000000e+000 1.720000e+001 ...
                   2.250000e+001 1.000000e+000 1.720000e+001 ...
                   1.870000e+001 1.000000e+000 1.720000e+001 ...
                   1.870000e+001 1.000000e+000 1.600000e+001 ...
 
; block 3
rblock create vertices ...
                   6.500000e+000 1.000000e+000 1.000000e+001 ...
                   6.500000e+000 1.000000e+000 8.000000e+000 ...
                   6.500000e+000 0.000000e+000 8.000000e+000 ...
                   6.500000e+000 1.000000e+000 8.000000e+000 ...
                   5.500000e+000 1.000000e+000 8.000000e+000 ...
                   5.500000e+000 0.000000e+000 8.000000e+000 ...
                   5.500000e+000 1.000000e+000 1.000000e+001 ...
                   5.500000e+000 0.000000e+000 1.000000e+001 ...
                   5.500000e+000 0.000000e+000 8.000000e+000 ...
                   6.500000e+000 1.000000e+000 1.000000e+001 ...
                   6.500000e+000 0.000000e+000 1.000000e+001 ...
                   5.500000e+000 0.000000e+000 1.000000e+001 ...
                   5.500000e+000 0.000000e+000 8.000000e+000 ...
                   5.500000e+000 0.000000e+000 1.000000e+001 ...
                   6.500000e+000 0.000000e+000 1.000000e+001 ...
                   5.500000e+000 1.000000e+000 1.000000e+001 ...
                   5.500000e+000 1.000000e+000 8.000000e+000 ...
                   6.500000e+000 1.000000e+000 8.000000e+000 ...
 
; block 4
rblock create vertices ...
                   2.250000e+001 1.000000e+000 1.600000e+001 ...
                   2.250000e+001 1.000000e+000 1.200000e+001 ...
                   2.250000e+001 0.000000e+000 1.200000e+001 ...
                   2.250000e+001 1.000000e+000 1.200000e+001 ...
                   1.870000e+001 1.000000e+000 1.200000e+001 ...
                   1.870000e+001 0.000000e+000 1.200000e+001 ...
                   1.870000e+001 1.000000e+000 1.600000e+001 ...
                   1.870000e+001 0.000000e+000 1.600000e+001 ...
                   1.870000e+001 0.000000e+000 1.200000e+001 ...
                   1.870000e+001 1.000000e+000 1.600000e+001 ...
                   2.250000e+001 1.000000e+000 1.600000e+001 ...
                   2.250000e+001 0.000000e+000 1.600000e+001 ...
                   1.870000e+001 0.000000e+000 1.200000e+001 ...
                   1.870000e+001 0.000000e+000 1.600000e+001 ...
                   2.250000e+001 0.000000e+000 1.600000e+001 ...
                   1.870000e+001 1.000000e+000 1.600000e+001 ...
                   1.870000e+001 1.000000e+000 1.200000e+001 ...
                   2.250000e+001 1.000000e+000 1.200000e+001 ...
 
; block 5
rblock create vertices ...
                   2.250000e+001 1.000000e+000 1.200000e+001 ...
                   2.250000e+001 1.000000e+000 8.000000e+000 ...
                   2.250000e+001 0.000000e+000 8.000000e+000 ...
                   1.870000e+001 1.000000e+000 8.000000e+000 ...
                   1.870000e+001 0.000000e+000 8.000000e+000 ...
                   2.250000e+001 0.000000e+000 8.000000e+000 ...
                   1.870000e+001 1.000000e+000 8.000000e+000 ...
                   1.870000e+001 1.000000e+000 1.200000e+001 ...
                   1.870000e+001 0.000000e+000 1.200000e+001 ...
                   2.250000e+001 1.000000e+000 1.200000e+001 ...
                   2.250000e+001 0.000000e+000 1.200000e+001 ...
                   1.870000e+001 0.000000e+000 1.200000e+001 ...
                   1.870000e+001 0.000000e+000 8.000000e+000 ...
                   1.870000e+001 0.000000e+000 1.200000e+001 ...
                   2.250000e+001 0.000000e+000 1.200000e+001 ...
                   1.870000e+001 1.000000e+000 1.200000e+001 ...
                   1.870000e+001 1.000000e+000 8.000000e+000 ...
                   2.250000e+001 1.000000e+000 8.000000e+000 ...
 
; block 6
rblock create vertices ...
                   2.250000e+001 1.000000e+000 8.000000e+000 ...
                   2.250000e+001 1.000000e+000 4.000000e+000 ...
                   2.250000e+001 0.000000e+000 4.000000e+000 ...
                   1.870000e+001 1.000000e+000 4.000000e+000 ...
                   1.870000e+001 0.000000e+000 4.000000e+000 ...
                   2.250000e+001 0.000000e+000 4.000000e+000 ...
                   1.870000e+001 1.000000e+000 4.000000e+000 ...
                   1.870000e+001 1.000000e+000 8.000000e+000 ...
                   1.870000e+001 0.000000e+000 8.000000e+000 ...
                   2.250000e+001 1.000000e+000 8.000000e+000 ...
                   2.250000e+001 0.000000e+000 8.000000e+000 ...
                   1.870000e+001 0.000000e+000 8.000000e+000 ...
                   1.870000e+001 0.000000e+000 4.000000e+000 ...
                   1.870000e+001 0.000000e+000 8.000000e+000 ...
                   2.250000e+001 0.000000e+000 8.000000e+000 ...
                   1.870000e+001 1.000000e+000 8.000000e+000 ...
                   1.870000e+001 1.000000e+000 4.000000e+000 ...
                   2.250000e+001 1.000000e+000 4.000000e+000 ...
 
; block 7
rblock create vertices ...
                   2.250000e+001 1.000000e+000 0.000000e+000 ...
                   2.250000e+001 0.000000e+000 0.000000e+000 ...
                   2.250000e+001 0.000000e+000 4.000000e+000 ...
                   2.250000e+001 1.000000e+000 0.000000e+000 ...
                   1.870000e+001 1.000000e+000 0.000000e+000 ...
                   1.870000e+001 0.000000e+000 0.000000e+000 ...
                   1.870000e+001 1.000000e+000 0.000000e+000 ...
                   1.870000e+001 1.000000e+000 4.000000e+000 ...
                   1.870000e+001 0.000000e+000 4.000000e+000 ...
                   2.250000e+001 1.000000e+000 4.000000e+000 ...
                   2.250000e+001 0.000000e+000 4.000000e+000 ...
                   1.870000e+001 0.000000e+000 4.000000e+000 ...
                   1.870000e+001 0.000000e+000 0.000000e+000 ...
                   1.870000e+001 0.000000e+000 4.000000e+000 ...
                   2.250000e+001 0.000000e+000 4.000000e+000 ...
                   1.870000e+001 1.000000e+000 4.000000e+000 ...
                   1.870000e+001 1.000000e+000 0.000000e+000 ...
                   2.250000e+001 1.000000e+000 0.000000e+000 ...
 
; block 8
rblock create vertices ...
                   6.500000e+000 1.000000e+000 2.200000e+001 ...
                   6.500000e+000 0.000000e+000 2.200000e+001 ...
                   6.500000e+000 0.000000e+000 2.400000e+001 ...
                   6.500000e+000 1.000000e+000 2.200000e+001 ...
                   5.500000e+000 1.000000e+000 2.200000e+001 ...
                   5.500000e+000 0.000000e+000 2.200000e+001 ...
                   5.500000e+000 1.000000e+000 2.200000e+001 ...
                   5.500000e+000 1.000000e+000 2.400000e+001 ...
                   5.500000e+000 0.000000e+000 2.400000e+001 ...
                   6.500000e+000 1.000000e+000 2.400000e+001 ...
                   6.500000e+000 0.000000e+000 2.400000e+001 ...
                   5.500000e+000 0.000000e+000 2.400000e+001 ...
                   5.500000e+000 0.000000e+000 2.200000e+001 ...
                   5.500000e+000 0.000000e+000 2.400000e+001 ...
                   6.500000e+000 0.000000e+000 2.400000e+001 ...
                   5.500000e+000 1.000000e+000 2.400000e+001 ...
                   5.500000e+000 1.000000e+000 2.200000e+001 ...
                   6.500000e+000 1.000000e+000 2.200000e+001 ...
 
; block 9
rblock create vertices ...
                   6.500000e+000 1.000000e+000 2.200000e+001 ...
                   6.500000e+000 1.000000e+000 2.000000e+001 ...
                   6.500000e+000 0.000000e+000 2.000000e+001 ...
                   5.500000e+000 1.000000e+000 2.000000e+001 ...
                   5.500000e+000 0.000000e+000 2.000000e+001 ...
                   6.500000e+000 0.000000e+000 2.000000e+001 ...
                   5.500000e+000 1.000000e+000 2.200000e+001 ...
                   5.500000e+000 0.000000e+000 2.200000e+001 ...
                   5.500000e+000 0.000000e+000 2.000000e+001 ...
                   5.500000e+000 1.000000e+000 2.200000e+001 ...
                   6.500000e+000 1.000000e+000 2.200000e+001 ...
                   6.500000e+000 0.000000e+000 2.200000e+001 ...
                   5.500000e+000 0.000000e+000 2.000000e+001 ...
                   5.500000e+000 0.000000e+000 2.200000e+001 ...
                   6.500000e+000 0.000000e+000 2.200000e+001 ...
                   5.500000e+000 1.000000e+000 2.200000e+001 ...
                   5.500000e+000 1.000000e+000 2.000000e+001 ...
                   6.500000e+000 1.000000e+000 2.000000e+001 ...
 
; block 10
rblock create vertices ...
                   6.500000e+000 1.000000e+000 1.800000e+001 ...
                   6.500000e+000 0.000000e+000 1.800000e+001 ...
                   6.500000e+000 0.000000e+000 2.000000e+001 ...
                   6.500000e+000 1.000000e+000 1.800000e+001 ...
                   5.500000e+000 1.000000e+000 1.800000e+001 ...
                   5.500000e+000 0.000000e+000 1.800000e+001 ...
                   5.500000e+000 1.000000e+000 2.000000e+001 ...
                   5.500000e+000 0.000000e+000 2.000000e+001 ...
                   5.500000e+000 0.000000e+000 1.800000e+001 ...
                   5.500000e+000 1.000000e+000 2.000000e+001 ...
                   6.500000e+000 1.000000e+000 2.000000e+001 ...
                   6.500000e+000 0.000000e+000 2.000000e+001 ...
                   5.500000e+000 0.000000e+000 1.800000e+001 ...
                   5.500000e+000 0.000000e+000 2.000000e+001 ...
                   6.500000e+000 0.000000e+000 2.000000e+001 ...
                   5.500000e+000 1.000000e+000 2.000000e+001 ...
                   5.500000e+000 1.000000e+000 1.800000e+001 ...
                   6.500000e+000 1.000000e+000 1.800000e+001 ...
 
; block 11
rblock create vertices ...
                   6.500000e+000 1.000000e+000 1.800000e+001 ...
                   6.500000e+000 1.000000e+000 1.600000e+001 ...
                   6.500000e+000 0.000000e+000 1.600000e+001 ...
                   5.500000e+000 1.000000e+000 1.600000e+001 ...
                   5.500000e+000 0.000000e+000 1.600000e+001 ...
                   6.500000e+000 0.000000e+000 1.600000e+001 ...
                   5.500000e+000 1.000000e+000 1.600000e+001 ...
                   5.500000e+000 1.000000e+000 1.800000e+001 ...
                   5.500000e+000 0.000000e+000 1.800000e+001 ...
                   6.500000e+000 1.000000e+000 1.800000e+001 ...
                   6.500000e+000 0.000000e+000 1.800000e+001 ...
                   5.500000e+000 0.000000e+000 1.800000e+001 ...
                   5.500000e+000 0.000000e+000 1.600000e+001 ...
                   5.500000e+000 0.000000e+000 1.800000e+001 ...
                   6.500000e+000 0.000000e+000 1.800000e+001 ...
                   5.500000e+000 1.000000e+000 1.800000e+001 ...
                   5.500000e+000 1.000000e+000 1.600000e+001 ...
                   6.500000e+000 1.000000e+000 1.600000e+001 ...
 
; block 12
rblock create vertices ...
                   6.500000e+000 1.000000e+000 1.400000e+001 ...
                   6.500000e+000 0.000000e+000 1.400000e+001 ...
                   6.500000e+000 0.000000e+000 1.600000e+001 ...
                   6.500000e+000 1.000000e+000 1.400000e+001 ...
                   5.500000e+000 1.000000e+000 1.400000e+001 ...
                   5.500000e+000 0.000000e+000 1.400000e+001 ...
                   5.500000e+000 1.000000e+000 1.400000e+001 ...
                   5.500000e+000 1.000000e+000 1.600000e+001 ...
                   5.500000e+000 0.000000e+000 1.600000e+001 ...
                   6.500000e+000 1.000000e+000 1.600000e+001 ...
                   6.500000e+000 0.000000e+000 1.600000e+001 ...
                   5.500000e+000 0.000000e+000 1.600000e+001 ...
                   5.500000e+000 0.000000e+000 1.400000e+001 ...
                   5.500000e+000 0.000000e+000 1.600000e+001 ...
                   6.500000e+000 0.000000e+000 1.600000e+001 ...
                   5.500000e+000 1.000000e+000 1.600000e+001 ...
                   5.500000e+000 1.000000e+000 1.400000e+001 ...
                   6.500000e+000 1.000000e+000 1.400000e+001 ...
 
; block 13
rblock create vertices ...
                   6.500000e+000 1.000000e+000 1.200000e+001 ...
                   6.500000e+000 0.000000e+000 1.200000e+001 ...
                   6.500000e+000 0.000000e+000 1.400000e+001 ...
                   6.500000e+000 1.000000e+000 1.200000e+001 ...
                   5.500000e+000 1.000000e+000 1.200000e+001 ...
                   5.500000e+000 0.000000e+000 1.200000e+001 ...
                   5.500000e+000 1.000000e+000 1.200000e+001 ...
                   5.500000e+000 1.000000e+000 1.400000e+001 ...
                   5.500000e+000 0.000000e+000 1.400000e+001 ...
                   6.500000e+000 1.000000e+000 1.400000e+001 ...
                   6.500000e+000 0.000000e+000 1.400000e+001 ...
                   5.500000e+000 0.000000e+000 1.400000e+001 ...
                   5.500000e+000 0.000000e+000 1.200000e+001 ...
                   5.500000e+000 0.000000e+000 1.400000e+001 ...
                   6.500000e+000 0.000000e+000 1.400000e+001 ...
                   5.500000e+000 1.000000e+000 1.400000e+001 ...
                   5.500000e+000 1.000000e+000 1.200000e+001 ...
                   6.500000e+000 1.000000e+000 1.200000e+001 ...
 
; block 14
rblock create vertices ...
                   6.500000e+000 1.000000e+000 1.200000e+001 ...
                   6.500000e+000 1.000000e+000 1.000000e+001 ...
                   6.500000e+000 0.000000e+000 1.000000e+001 ...
                   6.500000e+000 1.000000e+000 1.000000e+001 ...
                   5.500000e+000 1.000000e+000 1.000000e+001 ...
                   5.500000e+000 0.000000e+000 1.000000e+001 ...
                   5.500000e+000 1.000000e+000 1.200000e+001 ...
                   5.500000e+000 0.000000e+000 1.200000e+001 ...
                   5.500000e+000 0.000000e+000 1.000000e+001 ...
                   5.500000e+000 1.000000e+000 1.200000e+001 ...
                   6.500000e+000 1.000000e+000 1.200000e+001 ...
                   6.500000e+000 0.000000e+000 1.200000e+001 ...
                   5.500000e+000 0.000000e+000 1.000000e+001 ...
                   5.500000e+000 0.000000e+000 1.200000e+001 ...
                   6.500000e+000 0.000000e+000 1.200000e+001 ...
                   5.500000e+000 1.000000e+000 1.200000e+001 ...
                   5.500000e+000 1.000000e+000 1.000000e+001 ...
                   6.500000e+000 1.000000e+000 1.000000e+001 ...
 
; block 15
rblock create vertices ...
                   6.500000e+000 1.000000e+000 8.000000e+000 ...
                   6.500000e+000 1.000000e+000 6.000000e+000 ...
                   6.500000e+000 0.000000e+000 6.000000e+000 ...
                   6.500000e+000 1.000000e+000 6.000000e+000 ...
                   5.500000e+000 1.000000e+000 6.000000e+000 ...
                   5.500000e+000 0.000000e+000 6.000000e+000 ...
                   5.500000e+000 1.000000e+000 8.000000e+000 ...
                   5.500000e+000 0.000000e+000 8.000000e+000 ...
                   5.500000e+000 0.000000e+000 6.000000e+000 ...
                   5.500000e+000 1.000000e+000 8.000000e+000 ...
                   6.500000e+000 1.000000e+000 8.000000e+000 ...
                   6.500000e+000 0.000000e+000 8.000000e+000 ...
                   5.500000e+000 0.000000e+000 6.000000e+000 ...
                   5.500000e+000 0.000000e+000 8.000000e+000 ...
                   6.500000e+000 0.000000e+000 8.000000e+000 ...
                   5.500000e+000 1.000000e+000 8.000000e+000 ...
                   5.500000e+000 1.000000e+000 6.000000e+000 ...
                   6.500000e+000 1.000000e+000 6.000000e+000 ...
 
; block 16
rblock create vertices ...
                   6.500000e+000 1.000000e+000 6.000000e+000 ...
                   6.500000e+000 1.000000e+000 4.000000e+000 ...
                   6.500000e+000 0.000000e+000 4.000000e+000 ...
                   5.500000e+000 1.000000e+000 4.000000e+000 ...
                   5.500000e+000 0.000000e+000 4.000000e+000 ...
                   6.500000e+000 0.000000e+000 4.000000e+000 ...
                   5.500000e+000 1.000000e+000 4.000000e+000 ...
                   5.500000e+000 1.000000e+000 6.000000e+000 ...
                   5.500000e+000 0.000000e+000 6.000000e+000 ...
                   6.500000e+000 1.000000e+000 6.000000e+000 ...
                   6.500000e+000 0.000000e+000 6.000000e+000 ...
                   5.500000e+000 0.000000e+000 6.000000e+000 ...
                   5.500000e+000 0.000000e+000 4.000000e+000 ...
                   5.500000e+000 0.000000e+000 6.000000e+000 ...
                   6.500000e+000 0.000000e+000 6.000000e+000 ...
                   5.500000e+000 1.000000e+000 6.000000e+000 ...
                   5.500000e+000 1.000000e+000 4.000000e+000 ...
                   6.500000e+000 1.000000e+000 4.000000e+000 ...
 
; block 17
rblock create vertices ...
                   6.500000e+000 1.000000e+000 4.000000e+000 ...
                   6.500000e+000 1.000000e+000 2.000000e+000 ...
                   6.500000e+000 0.000000e+000 2.000000e+000 ...
                   5.500000e+000 1.000000e+000 2.000000e+000 ...
                   5.500000e+000 0.000000e+000 2.000000e+000 ...
                   6.500000e+000 0.000000e+000 2.000000e+000 ...
                   5.500000e+000 1.000000e+000 2.000000e+000 ...
                   5.500000e+000 1.000000e+000 4.000000e+000 ...
                   5.500000e+000 0.000000e+000 4.000000e+000 ...
                   6.500000e+000 1.000000e+000 4.000000e+000 ...
                   6.500000e+000 0.000000e+000 4.000000e+000 ...
                   5.500000e+000 0.000000e+000 4.000000e+000 ...
                   5.500000e+000 0.000000e+000 2.000000e+000 ...
                   5.500000e+000 0.000000e+000 4.000000e+000 ...
                   6.500000e+000 0.000000e+000 4.000000e+000 ...
                   5.500000e+000 1.000000e+000 4.000000e+000 ...
                   5.500000e+000 1.000000e+000 2.000000e+000 ...
                   6.500000e+000 1.000000e+000 2.000000e+000 ...
 
; block 18
rblock create vertices ...
                   6.500000e+000 1.000000e+000 0.000000e+000 ...
                   6.500000e+000 0.000000e+000 0.000000e+000 ...
                   6.500000e+000 0.000000e+000 2.000000e+000 ...
                   6.500000e+000 1.000000e+000 0.000000e+000 ...
                   5.500000e+000 1.000000e+000 0.000000e+000 ...
                   5.500000e+000 0.000000e+000 0.000000e+000 ...
                   5.500000e+000 1.000000e+000 0.000000e+000 ...
                   5.500000e+000 1.000000e+000 2.000000e+000 ...
                   5.500000e+000 0.000000e+000 2.000000e+000 ...
                   6.500000e+000 1.000000e+000 2.000000e+000 ...
                   6.500000e+000 0.000000e+000 2.000000e+000 ...
                   5.500000e+000 0.000000e+000 2.000000e+000 ...
                   5.500000e+000 0.000000e+000 0.000000e+000 ...
                   5.500000e+000 0.000000e+000 2.000000e+000 ...
                   6.500000e+000 0.000000e+000 2.000000e+000 ...
                   5.500000e+000 1.000000e+000 2.000000e+000 ...
                   5.500000e+000 1.000000e+000 0.000000e+000 ...
                   6.500000e+000 1.000000e+000 0.000000e+000 ...
 
; block 19
rblock create vertices ...
                   1.870000e+001 1.000000e+000 1.550470e+001 ...
                   1.870000e+001 0.000000e+000 1.550470e+001 ...
                   1.813190e+001 0.000000e+000 1.614610e+001 ...
                   1.870000e+001 1.000000e+000 1.550470e+001 ...
                   1.870000e+001 1.000000e+000 1.460000e+001 ...
                   1.870000e+001 0.000000e+000 1.460000e+001 ...
                   1.769270e+001 1.000000e+000 1.573740e+001 ...
                   1.769270e+001 0.000000e+000 1.573740e+001 ...
                   1.870000e+001 0.000000e+000 1.460000e+001 ...
                   1.769270e+001 1.000000e+000 1.573740e+001 ...
                   1.813190e+001 1.000000e+000 1.614610e+001 ...
                   1.813190e+001 0.000000e+000 1.614610e+001 ...
                   1.870000e+001 0.000000e+000 1.550470e+001 ...
                   1.870000e+001 0.000000e+000 1.460000e+001 ...
                   1.769270e+001 0.000000e+000 1.573740e+001 ...
                   1.870000e+001 1.000000e+000 1.460000e+001 ...
                   1.870000e+001 1.000000e+000 1.550470e+001 ...
                   1.813190e+001 1.000000e+000 1.614610e+001 ...
 
; block 20
rblock create vertices ...
                   1.769270e+001 1.000000e+000 1.573740e+001 ...
                   1.663070e+001 1.000000e+000 1.682400e+001 ...
                   1.663070e+001 0.000000e+000 1.682400e+001 ...
                   1.663070e+001 1.000000e+000 1.682400e+001 ...
                   1.704930e+001 1.000000e+000 1.725380e+001 ...
                   1.704930e+001 0.000000e+000 1.725380e+001 ...
                   1.813190e+001 1.000000e+000 1.614610e+001 ...
                   1.813190e+001 0.000000e+000 1.614610e+001 ...
                   1.704930e+001 0.000000e+000 1.725380e+001 ...
                   1.813190e+001 1.000000e+000 1.614610e+001 ...
                   1.769270e+001 1.000000e+000 1.573740e+001 ...
                   1.769270e+001 0.000000e+000 1.573740e+001 ...
                   1.704930e+001 0.000000e+000 1.725380e+001 ...
                   1.813190e+001 0.000000e+000 1.614610e+001 ...
                   1.769270e+001 0.000000e+000 1.573740e+001 ...
                   1.813190e+001 1.000000e+000 1.614610e+001 ...
                   1.704930e+001 1.000000e+000 1.725380e+001 ...
                   1.663070e+001 1.000000e+000 1.682400e+001 ...
 
; block 21
rblock create vertices ...
                   1.663070e+001 1.000000e+000 1.682400e+001 ...
                   1.551660e+001 1.000000e+000 1.785710e+001 ...
                   1.551660e+001 0.000000e+000 1.785710e+001 ...
                   1.591370e+001 1.000000e+000 1.830690e+001 ...
                   1.591370e+001 0.000000e+000 1.830690e+001 ...
                   1.551660e+001 0.000000e+000 1.785710e+001 ...
                   1.591370e+001 1.000000e+000 1.830690e+001 ...
                   1.704930e+001 1.000000e+000 1.725380e+001 ...
                   1.704930e+001 0.000000e+000 1.725380e+001 ...
                   1.704930e+001 1.000000e+000 1.725380e+001 ...
                   1.663070e+001 1.000000e+000 1.682400e+001 ...
                   1.663070e+001 0.000000e+000 1.682400e+001 ...
                   1.551660e+001 0.000000e+000 1.785710e+001 ...
                   1.591370e+001 0.000000e+000 1.830690e+001 ...
                   1.704930e+001 0.000000e+000 1.725380e+001 ...
                   1.704930e+001 1.000000e+000 1.725380e+001 ...
                   1.591370e+001 1.000000e+000 1.830690e+001 ...
                   1.551660e+001 1.000000e+000 1.785710e+001 ...
 
; block 22
rblock create vertices ...
                   1.551660e+001 1.000000e+000 1.785710e+001 ...
                   1.435320e+001 1.000000e+000 1.883420e+001 ...
                   1.435320e+001 0.000000e+000 1.883420e+001 ...
                   1.472770e+001 1.000000e+000 1.930300e+001 ...
                   1.472770e+001 0.000000e+000 1.930300e+001 ...
                   1.435320e+001 0.000000e+000 1.883420e+001 ...
                   1.472770e+001 1.000000e+000 1.930300e+001 ...
                   1.591370e+001 1.000000e+000 1.830690e+001 ...
                   1.591370e+001 0.000000e+000 1.830690e+001 ...
                   1.591370e+001 1.000000e+000 1.830690e+001 ...
                   1.551660e+001 1.000000e+000 1.785710e+001 ...
                   1.551660e+001 0.000000e+000 1.785710e+001 ...
                   1.435320e+001 0.000000e+000 1.883420e+001 ...
                   1.472770e+001 0.000000e+000 1.930300e+001 ...
                   1.591370e+001 0.000000e+000 1.830690e+001 ...
                   1.591370e+001 1.000000e+000 1.830690e+001 ...
                   1.472770e+001 1.000000e+000 1.930300e+001 ...
                   1.435320e+001 1.000000e+000 1.883420e+001 ...
 
; block 23
rblock create vertices ...
                   1.435320e+001 1.000000e+000 1.883420e+001 ...
                   1.435320e+001 0.000000e+000 1.883420e+001 ...
                   1.472770e+001 0.000000e+000 1.930300e+001 ...
                   1.435320e+001 1.000000e+000 1.883420e+001 ...
                   1.314320e+001 1.000000e+000 1.975300e+001 ...
                   1.314320e+001 0.000000e+000 1.975300e+001 ...
                   1.314320e+001 1.000000e+000 1.975300e+001 ...
                   1.349420e+001 1.000000e+000 2.023960e+001 ...
                   1.349420e+001 0.000000e+000 2.023960e+001 ...
                   1.472770e+001 1.000000e+000 1.930300e+001 ...
                   1.472770e+001 0.000000e+000 1.930300e+001 ...
                   1.349420e+001 0.000000e+000 2.023960e+001 ...
                   1.435320e+001 0.000000e+000 1.883420e+001 ...
                   1.314320e+001 0.000000e+000 1.975300e+001 ...
                   1.349420e+001 0.000000e+000 2.023960e+001 ...
                   1.349420e+001 1.000000e+000 2.023960e+001 ...
                   1.314320e+001 1.000000e+000 1.975300e+001 ...
                   1.435320e+001 1.000000e+000 1.883420e+001 ...
 
; block 24
rblock create vertices ...
                   1.349420e+001 1.000000e+000 2.023960e+001 ...
                   1.314320e+001 1.000000e+000 1.975300e+001 ...
                   1.314320e+001 0.000000e+000 1.975300e+001 ...
                   1.188950e+001 1.000000e+000 2.061130e+001 ...
                   1.188950e+001 0.000000e+000 2.061130e+001 ...
                   1.314320e+001 0.000000e+000 1.975300e+001 ...
                   1.221610e+001 1.000000e+000 2.111460e+001 ...
                   1.221610e+001 0.000000e+000 2.111460e+001 ...
                   1.188950e+001 0.000000e+000 2.061130e+001 ...
                   1.221610e+001 1.000000e+000 2.111460e+001 ...
                   1.349420e+001 1.000000e+000 2.023960e+001 ...
                   1.349420e+001 0.000000e+000 2.023960e+001 ...
                   1.314320e+001 0.000000e+000 1.975300e+001 ...
                   1.188950e+001 0.000000e+000 2.061130e+001 ...
                   1.221610e+001 0.000000e+000 2.111460e+001 ...
                   1.221610e+001 1.000000e+000 2.111460e+001 ...
                   1.188950e+001 1.000000e+000 2.061130e+001 ...
                   1.314320e+001 1.000000e+000 1.975300e+001 ...
 
; block 25
rblock create vertices ...
                   1.221610e+001 1.000000e+000 2.111460e+001 ...
                   1.188950e+001 1.000000e+000 2.061130e+001 ...
                   1.188950e+001 0.000000e+000 2.061130e+001 ...
                   1.188950e+001 1.000000e+000 2.061130e+001 ...
                   1.059510e+001 1.000000e+000 2.140700e+001 ...
                   1.059510e+001 0.000000e+000 2.140700e+001 ...
                   1.089670e+001 1.000000e+000 2.192570e+001 ...
                   1.089670e+001 0.000000e+000 2.192570e+001 ...
                   1.059510e+001 0.000000e+000 2.140700e+001 ...
                   1.089670e+001 1.000000e+000 2.192570e+001 ...
                   1.221610e+001 1.000000e+000 2.111460e+001 ...
                   1.221610e+001 0.000000e+000 2.111460e+001 ...
                   1.188950e+001 0.000000e+000 2.061130e+001 ...
                   1.059510e+001 0.000000e+000 2.140700e+001 ...
                   1.089670e+001 0.000000e+000 2.192570e+001 ...
                   1.089670e+001 1.000000e+000 2.192570e+001 ...
                   1.059510e+001 1.000000e+000 2.140700e+001 ...
                   1.188950e+001 1.000000e+000 2.061130e+001 ...
 
; block 26
rblock create vertices ...
                   1.089670e+001 1.000000e+000 2.192570e+001 ...
                   1.059510e+001 1.000000e+000 2.140700e+001 ...
                   1.059510e+001 0.000000e+000 2.140700e+001 ...
                   1.059510e+001 1.000000e+000 2.140700e+001 ...
                   9.263290e+000 1.000000e+000 2.213810e+001 ...
                   9.263290e+000 0.000000e+000 2.213810e+001 ...
                   9.539030e+000 1.000000e+000 2.267100e+001 ...
                   9.539030e+000 0.000000e+000 2.267100e+001 ...
                   9.263290e+000 0.000000e+000 2.213810e+001 ...
                   9.539030e+000 1.000000e+000 2.267100e+001 ...
                   1.089670e+001 1.000000e+000 2.192570e+001 ...
                   1.089670e+001 0.000000e+000 2.192570e+001 ...
                   1.059510e+001 0.000000e+000 2.140700e+001 ...
                   9.263290e+000 0.000000e+000 2.213810e+001 ...
                   9.539030e+000 0.000000e+000 2.267100e+001 ...
                   9.539030e+000 1.000000e+000 2.267100e+001 ...
                   9.263290e+000 1.000000e+000 2.213810e+001 ...
                   1.059510e+001 1.000000e+000 2.140700e+001 ...
 
; block 27
rblock create vertices ...
                   9.263290e+000 1.000000e+000 2.213810e+001 ...
                   7.897150e+000 1.000000e+000 2.280300e+001 ...
                   7.897150e+000 0.000000e+000 2.280300e+001 ...
                   8.146380e+000 1.000000e+000 2.334880e+001 ...
                   8.146380e+000 0.000000e+000 2.334880e+001 ...
                   7.897150e+000 0.000000e+000 2.280300e+001 ...
                   8.146380e+000 1.000000e+000 2.334880e+001 ...
                   9.539030e+000 1.000000e+000 2.267100e+001 ...
                   9.539030e+000 0.000000e+000 2.267100e+001 ...
                   9.263290e+000 1.000000e+000 2.213810e+001 ...
                   9.263290e+000 0.000000e+000 2.213810e+001 ...
                   9.539030e+000 0.000000e+000 2.267100e+001 ...
                   8.146380e+000 0.000000e+000 2.334880e+001 ...
                   9.539030e+000 0.000000e+000 2.267100e+001 ...
                   9.263290e+000 0.000000e+000 2.213810e+001 ...
                   9.539030e+000 1.000000e+000 2.267100e+001 ...
                   8.146380e+000 1.000000e+000 2.334880e+001 ...
                   7.897150e+000 1.000000e+000 2.280300e+001 ...
 
; block 28
rblock create vertices ...
                   6.500000e+000 1.000000e+000 2.340000e+001 ...
                   6.500000e+000 0.000000e+000 2.340000e+001 ...
                   7.897150e+000 0.000000e+000 2.280300e+001 ...
                   6.500000e+000 1.000000e+000 2.340000e+001 ...
                   6.500000e+000 1.000000e+000 2.400000e+001 ...
                   6.500000e+000 0.000000e+000 2.400000e+001 ...
                   6.500000e+000 1.000000e+000 2.400000e+001 ...
                   8.146380e+000 1.000000e+000 2.334880e+001 ...
                   8.146380e+000 0.000000e+000 2.334880e+001 ...
                   8.146380e+000 1.000000e+000 2.334880e+001 ...
                   7.897150e+000 1.000000e+000 2.280300e+001 ...
                   7.897150e+000 0.000000e+000 2.280300e+001 ...
                   6.500000e+000 0.000000e+000 2.340000e+001 ...
                   6.500000e+000 0.000000e+000 2.400000e+001 ...
                   8.146380e+000 0.000000e+000 2.334880e+001 ...
                   6.500000e+000 1.000000e+000 2.400000e+001 ...
                   6.500000e+000 1.000000e+000 2.340000e+001 ...
                   7.897150e+000 1.000000e+000 2.280300e+001 ...
 
; block 29
rblock create vertices ...
                   1.870000e+001 1.000000e+000 1.720000e+001 ...
                   1.870000e+001 0.000000e+000 1.720000e+001 ...
                   1.813190e+001 0.000000e+000 1.756320e+001 ...
                   1.870000e+001 1.000000e+000 1.720000e+001 ...
                   1.870000e+001 1.000000e+000 1.550470e+001 ...
                   1.870000e+001 0.000000e+000 1.550470e+001 ...
                   1.813190e+001 1.000000e+000 1.614610e+001 ...
                   1.813190e+001 0.000000e+000 1.614610e+001 ...
                   1.870000e+001 0.000000e+000 1.550470e+001 ...
                   1.813190e+001 1.000000e+000 1.614610e+001 ...
                   1.813190e+001 1.000000e+000 1.756320e+001 ...
                   1.813190e+001 0.000000e+000 1.756320e+001 ...
                   1.870000e+001 0.000000e+000 1.720000e+001 ...
                   1.870000e+001 0.000000e+000 1.550470e+001 ...
                   1.813190e+001 0.000000e+000 1.614610e+001 ...
                   1.870000e+001 1.000000e+000 1.550470e+001 ...
                   1.870000e+001 1.000000e+000 1.720000e+001 ...
                   1.813190e+001 1.000000e+000 1.756320e+001 ...
 
; block 30
rblock create vertices ...
                   1.813190e+001 1.000000e+000 1.756320e+001 ...
                   1.813190e+001 0.000000e+000 1.756320e+001 ...
                   1.704930e+001 0.000000e+000 1.825530e+001 ...
                   1.813190e+001 1.000000e+000 1.756320e+001 ...
                   1.813190e+001 1.000000e+000 1.614610e+001 ...
                   1.813190e+001 0.000000e+000 1.614610e+001 ...
                   1.704930e+001 1.000000e+000 1.725380e+001 ...
                   1.704930e+001 0.000000e+000 1.725380e+001 ...
                   1.813190e+001 0.000000e+000 1.614610e+001 ...
                   1.704930e+001 1.000000e+000 1.725380e+001 ...
                   1.704930e+001 1.000000e+000 1.825530e+001 ...
                   1.704930e+001 0.000000e+000 1.825530e+001 ...
                   1.813190e+001 0.000000e+000 1.756320e+001 ...
                   1.813190e+001 0.000000e+000 1.614610e+001 ...
                   1.704930e+001 0.000000e+000 1.725380e+001 ...
                   1.813190e+001 1.000000e+000 1.614610e+001 ...
                   1.813190e+001 1.000000e+000 1.756320e+001 ...
                   1.704930e+001 1.000000e+000 1.825530e+001 ...
 
; block 31
rblock create vertices ...
                   1.704930e+001 1.000000e+000 1.725380e+001 ...
                   1.591370e+001 1.000000e+000 1.830690e+001 ...
                   1.591370e+001 0.000000e+000 1.830690e+001 ...
                   1.591370e+001 1.000000e+000 1.830690e+001 ...
                   1.591370e+001 1.000000e+000 1.898140e+001 ...
                   1.591370e+001 0.000000e+000 1.898140e+001 ...
                   1.704930e+001 1.000000e+000 1.825530e+001 ...
                   1.704930e+001 0.000000e+000 1.825530e+001 ...
                   1.591370e+001 0.000000e+000 1.898140e+001 ...
                   1.704930e+001 1.000000e+000 1.825530e+001 ...
                   1.704930e+001 1.000000e+000 1.725380e+001 ...
                   1.704930e+001 0.000000e+000 1.725380e+001 ...
                   1.591370e+001 0.000000e+000 1.830690e+001 ...
                   1.591370e+001 0.000000e+000 1.898140e+001 ...
                   1.704930e+001 0.000000e+000 1.825530e+001 ...
                   1.591370e+001 1.000000e+000 1.898140e+001 ...
                   1.591370e+001 1.000000e+000 1.830690e+001 ...
                   1.704930e+001 1.000000e+000 1.725380e+001 ...
 
; block 32
rblock create vertices ...
                   1.472770e+001 1.000000e+000 1.973970e+001 ...
                   1.591370e+001 1.000000e+000 1.898140e+001 ...
                   1.591370e+001 0.000000e+000 1.898140e+001 ...
                   1.591370e+001 1.000000e+000 1.830690e+001 ...
                   1.591370e+001 0.000000e+000 1.830690e+001 ...
                   1.591370e+001 0.000000e+000 1.898140e+001 ...
                   1.591370e+001 1.000000e+000 1.830690e+001 ...
                   1.472770e+001 1.000000e+000 1.930300e+001 ...
                   1.472770e+001 0.000000e+000 1.930300e+001 ...
                   1.472770e+001 1.000000e+000 1.973970e+001 ...
                   1.472770e+001 0.000000e+000 1.973970e+001 ...
                   1.472770e+001 0.000000e+000 1.930300e+001 ...
                   1.591370e+001 0.000000e+000 1.898140e+001 ...
                   1.591370e+001 0.000000e+000 1.830690e+001 ...
                   1.472770e+001 0.000000e+000 1.930300e+001 ...
                   1.591370e+001 1.000000e+000 1.830690e+001 ...
                   1.591370e+001 1.000000e+000 1.898140e+001 ...
                   1.472770e+001 1.000000e+000 1.973970e+001 ...
 
; block 33
rblock create vertices ...
                   1.221610e+001 1.000000e+000 2.111460e+001 ...
                   1.221610e+001 0.000000e+000 2.111460e+001 ...
                   1.349420e+001 0.000000e+000 2.023960e+001 ...
                   1.221610e+001 1.000000e+000 2.111460e+001 ...
                   1.221610e+001 1.000000e+000 2.134540e+001 ...
                   1.221610e+001 0.000000e+000 2.134540e+001 ...
                   1.221610e+001 1.000000e+000 2.134540e+001 ...
                   1.349420e+001 1.000000e+000 2.052830e+001 ...
                   1.349420e+001 0.000000e+000 2.052830e+001 ...
                   1.349420e+001 1.000000e+000 2.052830e+001 ...
                   1.349420e+001 1.000000e+000 2.023960e+001 ...
                   1.349420e+001 0.000000e+000 2.023960e+001 ...
                   1.221610e+001 0.000000e+000 2.111460e+001 ...
                   1.221610e+001 0.000000e+000 2.134540e+001 ...
                   1.349420e+001 0.000000e+000 2.052830e+001 ...
                   1.349420e+001 1.000000e+000 2.052830e+001 ...
                   1.221610e+001 1.000000e+000 2.134540e+001 ...
                   1.221610e+001 1.000000e+000 2.111460e+001 ...
 
; block 34
rblock create vertices ...
                   1.221610e+001 1.000000e+000 2.134540e+001 ...
                   1.221610e+001 1.000000e+000 2.111460e+001 ...
                   1.221610e+001 0.000000e+000 2.111460e+001 ...
                   1.089670e+001 1.000000e+000 2.192570e+001 ...
                   1.089670e+001 0.000000e+000 2.192570e+001 ...
                   1.221610e+001 0.000000e+000 2.111460e+001 ...
                   1.089670e+001 1.000000e+000 2.192570e+001 ...
                   1.089670e+001 1.000000e+000 2.218900e+001 ...
                   1.089670e+001 0.000000e+000 2.218900e+001 ...
                   1.221610e+001 1.000000e+000 2.134540e+001 ...
                   1.221610e+001 0.000000e+000 2.134540e+001 ...
                   1.089670e+001 0.000000e+000 2.218900e+001 ...
                   1.221610e+001 0.000000e+000 2.111460e+001 ...
                   1.089670e+001 0.000000e+000 2.192570e+001 ...
                   1.089670e+001 0.000000e+000 2.218900e+001 ...
                   1.089670e+001 1.000000e+000 2.218900e+001 ...
                   1.089670e+001 1.000000e+000 2.192570e+001 ...
                   1.221610e+001 1.000000e+000 2.111460e+001 ...
 
; block 35
rblock create vertices ...
                   8.146380e+000 1.000000e+000 2.334880e+001 ...
                   8.146380e+000 0.000000e+000 2.334880e+001 ...
                   9.539030e+000 0.000000e+000 2.267100e+001 ...
                   8.146380e+000 1.000000e+000 2.334880e+001 ...
                   8.146380e+000 1.000000e+000 2.394740e+001 ...
                   8.146380e+000 0.000000e+000 2.394740e+001 ...
                   8.146380e+000 1.000000e+000 2.394740e+001 ...
                   9.539030e+000 1.000000e+000 2.305700e+001 ...
                   9.539030e+000 0.000000e+000 2.305700e+001 ...
                   9.539030e+000 1.000000e+000 2.267100e+001 ...
                   9.539030e+000 0.000000e+000 2.267100e+001 ...
                   9.539030e+000 0.000000e+000 2.305700e+001 ...
                   8.146380e+000 0.000000e+000 2.394740e+001 ...
                   9.539030e+000 0.000000e+000 2.305700e+001 ...
                   9.539030e+000 0.000000e+000 2.267100e+001 ...
                   8.146380e+000 1.000000e+000 2.394740e+001 ...
                   8.146380e+000 1.000000e+000 2.334880e+001 ...
                   9.539030e+000 1.000000e+000 2.267100e+001 ...
 
; block 36
rblock create vertices ...
                   6.500000e+000 1.000000e+000 2.400000e+001 ...
                   6.500000e+000 0.000000e+000 2.400000e+001 ...
                   8.146380e+000 0.000000e+000 2.334880e+001 ...
                   6.500000e+000 1.000000e+000 2.400000e+001 ...
                   6.500000e+000 1.000000e+000 2.500000e+001 ...
                   6.500000e+000 0.000000e+000 2.500000e+001 ...
                   8.146380e+000 1.000000e+000 2.394740e+001 ...
                   8.146380e+000 0.000000e+000 2.394740e+001 ...
                   6.500000e+000 0.000000e+000 2.500000e+001 ...
                   8.146380e+000 1.000000e+000 2.334880e+001 ...
                   8.146380e+000 0.000000e+000 2.334880e+001 ...
                   8.146380e+000 0.000000e+000 2.394740e+001 ...
                   6.500000e+000 0.000000e+000 2.400000e+001 ...
                   6.500000e+000 0.000000e+000 2.500000e+001 ...
                   8.146380e+000 0.000000e+000 2.394740e+001 ...
                   6.500000e+000 1.000000e+000 2.500000e+001 ...
                   6.500000e+000 1.000000e+000 2.400000e+001 ...
                   8.146380e+000 1.000000e+000 2.334880e+001 ...
 
; block 37
rblock create vertices ...
                   6.082140e+000 1.000000e+000 2.556190e+001 ...
                   6.100000e+000 1.000000e+000 2.500000e+001 ...
                   6.100000e+000 0.000000e+000 2.500000e+001 ...
                   6.100000e+000 1.000000e+000 2.500000e+001 ...
                   5.500000e+000 1.000000e+000 2.500000e+001 ...
                   5.500000e+000 0.000000e+000 2.500000e+001 ...
                   5.483350e+000 1.000000e+000 2.552380e+001 ...
                   5.483350e+000 0.000000e+000 2.552380e+001 ...
                   5.500000e+000 0.000000e+000 2.500000e+001 ...
                   5.483350e+000 1.000000e+000 2.552380e+001 ...
                   6.082140e+000 1.000000e+000 2.556190e+001 ...
                   6.082140e+000 0.000000e+000 2.556190e+001 ...
                   6.100000e+000 0.000000e+000 2.500000e+001 ...
                   5.500000e+000 0.000000e+000 2.500000e+001 ...
                   5.483350e+000 0.000000e+000 2.552380e+001 ...
                   5.483350e+000 1.000000e+000 2.552380e+001 ...
                   5.500000e+000 1.000000e+000 2.500000e+001 ...
                   6.100000e+000 1.000000e+000 2.500000e+001 ...
 
; block 38
rblock create vertices ...
                   5.483350e+000 1.000000e+000 2.552380e+001 ...
                   5.433480e+000 1.000000e+000 2.604550e+001 ...
                   5.433480e+000 0.000000e+000 2.604550e+001 ...
                   6.028650e+000 1.000000e+000 2.612160e+001 ...
                   6.028650e+000 0.000000e+000 2.612160e+001 ...
                   5.433480e+000 0.000000e+000 2.604550e+001 ...
                   6.028650e+000 1.000000e+000 2.612160e+001 ...
                   6.082140e+000 1.000000e+000 2.556190e+001 ...
                   6.082140e+000 0.000000e+000 2.556190e+001 ...
                   6.082140e+000 1.000000e+000 2.556190e+001 ...
                   5.483350e+000 1.000000e+000 2.552380e+001 ...
                   5.483350e+000 0.000000e+000 2.552380e+001 ...
                   6.028650e+000 0.000000e+000 2.612160e+001 ...
                   6.082140e+000 0.000000e+000 2.556190e+001 ...
                   5.483350e+000 0.000000e+000 2.552380e+001 ...
                   6.082140e+000 1.000000e+000 2.556190e+001 ...
                   6.028650e+000 1.000000e+000 2.612160e+001 ...
                   5.433480e+000 1.000000e+000 2.604550e+001 ...
 
; block 39
rblock create vertices ...
                   5.433480e+000 1.000000e+000 2.604550e+001 ...
                   5.350590e+000 1.000000e+000 2.656300e+001 ...
                   5.350590e+000 0.000000e+000 2.656300e+001 ...
                   5.939720e+000 1.000000e+000 2.667670e+001 ...
                   5.939720e+000 0.000000e+000 2.667670e+001 ...
                   5.350590e+000 0.000000e+000 2.656300e+001 ...
                   5.939720e+000 1.000000e+000 2.667670e+001 ...
                   6.028650e+000 1.000000e+000 2.612160e+001 ...
                   6.028650e+000 0.000000e+000 2.612160e+001 ...
                   5.433480e+000 1.000000e+000 2.604550e+001 ...
                   5.433480e+000 0.000000e+000 2.604550e+001 ...
                   6.028650e+000 0.000000e+000 2.612160e+001 ...
                   5.350590e+000 0.000000e+000 2.656300e+001 ...
                   5.939720e+000 0.000000e+000 2.667670e+001 ...
                   6.028650e+000 0.000000e+000 2.612160e+001 ...
                   6.028650e+000 1.000000e+000 2.612160e+001 ...
                   5.939720e+000 1.000000e+000 2.667670e+001 ...
                   5.350590e+000 1.000000e+000 2.656300e+001 ...
 
; block 40
rblock create vertices ...
                   5.939720e+000 1.000000e+000 2.667670e+001 ...
                   5.350590e+000 1.000000e+000 2.656300e+001 ...
                   5.350590e+000 0.000000e+000 2.656300e+001 ...
                   5.350590e+000 1.000000e+000 2.656300e+001 ...
                   5.235000e+000 1.000000e+000 2.707420e+001 ...
                   5.235000e+000 0.000000e+000 2.707420e+001 ...
                   5.815730e+000 1.000000e+000 2.722500e+001 ...
                   5.815730e+000 0.000000e+000 2.722500e+001 ...
                   5.235000e+000 0.000000e+000 2.707420e+001 ...
                   5.815730e+000 1.000000e+000 2.722500e+001 ...
                   5.939720e+000 1.000000e+000 2.667670e+001 ...
                   5.939720e+000 0.000000e+000 2.667670e+001 ...
                   5.350590e+000 0.000000e+000 2.656300e+001 ...
                   5.235000e+000 0.000000e+000 2.707420e+001 ...
                   5.815730e+000 0.000000e+000 2.722500e+001 ...
                   5.235000e+000 1.000000e+000 2.707420e+001 ...
                   5.350590e+000 1.000000e+000 2.656300e+001 ...
                   5.939720e+000 1.000000e+000 2.667670e+001 ...
 
; block 41
rblock create vertices ...
                   5.087200e+000 1.000000e+000 2.757700e+001 ...
                   5.087200e+000 0.000000e+000 2.757700e+001 ...
                   5.235000e+000 0.000000e+000 2.707420e+001 ...
                   5.087200e+000 1.000000e+000 2.757700e+001 ...
                   5.657170e+000 1.000000e+000 2.776440e+001 ...
                   5.657170e+000 0.000000e+000 2.776440e+001 ...
                   5.815730e+000 1.000000e+000 2.722500e+001 ...
                   5.815730e+000 0.000000e+000 2.722500e+001 ...
                   5.657170e+000 0.000000e+000 2.776440e+001 ...
                   5.815730e+000 1.000000e+000 2.722500e+001 ...
                   5.235000e+000 1.000000e+000 2.707420e+001 ...
                   5.235000e+000 0.000000e+000 2.707420e+001 ...
                   5.087200e+000 0.000000e+000 2.757700e+001 ...
                   5.657170e+000 0.000000e+000 2.776440e+001 ...
                   5.815730e+000 0.000000e+000 2.722500e+001 ...
                   5.815730e+000 1.000000e+000 2.722500e+001 ...
                   5.657170e+000 1.000000e+000 2.776440e+001 ...
                   5.087200e+000 1.000000e+000 2.757700e+001 ...
 
; block 42
rblock create vertices ...
                   5.657170e+000 1.000000e+000 2.776440e+001 ...
                   5.087200e+000 1.000000e+000 2.757700e+001 ...
                   5.087200e+000 0.000000e+000 2.757700e+001 ...
                   5.087200e+000 1.000000e+000 2.757700e+001 ...
                   4.907760e+000 1.000000e+000 2.806940e+001 ...
                   4.907760e+000 0.000000e+000 2.806940e+001 ...
                   5.464690e+000 1.000000e+000 2.829260e+001 ...
                   5.464690e+000 0.000000e+000 2.829260e+001 ...
                   4.907760e+000 0.000000e+000 2.806940e+001 ...
                   5.464690e+000 1.000000e+000 2.829260e+001 ...
                   5.657170e+000 1.000000e+000 2.776440e+001 ...
                   5.657170e+000 0.000000e+000 2.776440e+001 ...
                   4.907760e+000 0.000000e+000 2.806940e+001 ...
                   5.464690e+000 0.000000e+000 2.829260e+001 ...
                   5.657170e+000 0.000000e+000 2.776440e+001 ...
                   5.464690e+000 1.000000e+000 2.829260e+001 ...
                   4.907760e+000 1.000000e+000 2.806940e+001 ...
                   5.087200e+000 1.000000e+000 2.757700e+001 ...
 
; block 43
rblock create vertices ...
                   4.907760e+000 1.000000e+000 2.806940e+001 ...
                   4.697430e+000 1.000000e+000 2.854940e+001 ...
                   4.697430e+000 0.000000e+000 2.854940e+001 ...
                   4.697430e+000 1.000000e+000 2.854940e+001 ...
                   5.239060e+000 1.000000e+000 2.880760e+001 ...
                   5.239060e+000 0.000000e+000 2.880760e+001 ...
                   5.464690e+000 1.000000e+000 2.829260e+001 ...
                   5.464690e+000 0.000000e+000 2.829260e+001 ...
                   5.239060e+000 0.000000e+000 2.880760e+001 ...
                   5.464690e+000 1.000000e+000 2.829260e+001 ...
                   4.907760e+000 1.000000e+000 2.806940e+001 ...
                   4.907760e+000 0.000000e+000 2.806940e+001 ...
                   5.239060e+000 0.000000e+000 2.880760e+001 ...
                   5.464690e+000 0.000000e+000 2.829260e+001 ...
                   4.907760e+000 0.000000e+000 2.806940e+001 ...
                   5.464690e+000 1.000000e+000 2.829260e+001 ...
                   5.239060e+000 1.000000e+000 2.880760e+001 ...
                   4.697430e+000 1.000000e+000 2.854940e+001 ...
 
; block 44
rblock create vertices ...
                   5.239060e+000 1.000000e+000 2.880760e+001 ...
                   4.697430e+000 1.000000e+000 2.854940e+001 ...
                   4.697430e+000 0.000000e+000 2.854940e+001 ...
                   4.457040e+000 1.000000e+000 2.901510e+001 ...
                   4.457040e+000 0.000000e+000 2.901510e+001 ...
                   4.697430e+000 0.000000e+000 2.854940e+001 ...
                   4.457040e+000 1.000000e+000 2.901510e+001 ...
                   4.981180e+000 1.000000e+000 2.930710e+001 ...
                   4.981180e+000 0.000000e+000 2.930710e+001 ...
                   4.981180e+000 1.000000e+000 2.930710e+001 ...
                   5.239060e+000 1.000000e+000 2.880760e+001 ...
                   5.239060e+000 0.000000e+000 2.880760e+001 ...
                   4.697430e+000 0.000000e+000 2.854940e+001 ...
                   4.457040e+000 0.000000e+000 2.901510e+001 ...
                   4.981180e+000 0.000000e+000 2.930710e+001 ...
                   4.457040e+000 1.000000e+000 2.901510e+001 ...
                   4.697430e+000 1.000000e+000 2.854940e+001 ...
                   5.239060e+000 1.000000e+000 2.880760e+001 ...
 
; block 45
rblock create vertices ...
                   4.457040e+000 1.000000e+000 2.901510e+001 ...
                   4.187560e+000 1.000000e+000 2.946460e+001 ...
                   4.187560e+000 0.000000e+000 2.946460e+001 ...
                   4.692110e+000 1.000000e+000 2.978930e+001 ...
                   4.692110e+000 0.000000e+000 2.978930e+001 ...
                   4.187560e+000 0.000000e+000 2.946460e+001 ...
                   4.692110e+000 1.000000e+000 2.978930e+001 ...
                   4.981180e+000 1.000000e+000 2.930710e+001 ...
                   4.981180e+000 0.000000e+000 2.930710e+001 ...
                   4.981180e+000 1.000000e+000 2.930710e+001 ...
                   4.457040e+000 1.000000e+000 2.901510e+001 ...
                   4.457040e+000 0.000000e+000 2.901510e+001 ...
                   4.692110e+000 0.000000e+000 2.978930e+001 ...
                   4.981180e+000 0.000000e+000 2.930710e+001 ...
                   4.457040e+000 0.000000e+000 2.901510e+001 ...
                   4.981180e+000 1.000000e+000 2.930710e+001 ...
                   4.692110e+000 1.000000e+000 2.978930e+001 ...
                   4.187560e+000 1.000000e+000 2.946460e+001 ...
 
; block 46
rblock create vertices ...
                   3.890090e+000 1.000000e+000 2.989610e+001 ...
                   3.890090e+000 0.000000e+000 2.989610e+001 ...
                   4.187560e+000 0.000000e+000 2.946460e+001 ...
                   3.890090e+000 1.000000e+000 2.989610e+001 ...
                   4.373010e+000 1.000000e+000 3.025220e+001 ...
                   4.373010e+000 0.000000e+000 3.025220e+001 ...
                   4.373010e+000 1.000000e+000 3.025220e+001 ...
                   4.692110e+000 1.000000e+000 2.978930e+001 ...
                   4.692110e+000 0.000000e+000 2.978930e+001 ...
                   4.187560e+000 1.000000e+000 2.946460e+001 ...
                   4.187560e+000 0.000000e+000 2.946460e+001 ...
                   4.692110e+000 0.000000e+000 2.978930e+001 ...
                   3.890090e+000 0.000000e+000 2.989610e+001 ...
                   4.373010e+000 0.000000e+000 3.025220e+001 ...
                   4.692110e+000 0.000000e+000 2.978930e+001 ...
                   4.373010e+000 1.000000e+000 3.025220e+001 ...
                   3.890090e+000 1.000000e+000 2.989610e+001 ...
                   4.187560e+000 1.000000e+000 2.946460e+001 ...
 
; block 47
rblock create vertices ...
                   3.565830e+000 1.000000e+000 3.030780e+001 ...
                   3.565830e+000 0.000000e+000 3.030780e+001 ...
                   3.890090e+000 0.000000e+000 2.989610e+001 ...
                   3.565830e+000 1.000000e+000 3.030780e+001 ...
                   4.025160e+000 1.000000e+000 3.069380e+001 ...
                   4.025160e+000 0.000000e+000 3.069380e+001 ...
                   4.373010e+000 1.000000e+000 3.025220e+001 ...
                   4.373010e+000 0.000000e+000 3.025220e+001 ...
                   4.025160e+000 0.000000e+000 3.069380e+001 ...
                   3.890090e+000 1.000000e+000 2.989610e+001 ...
                   3.890090e+000 0.000000e+000 2.989610e+001 ...
                   4.373010e+000 0.000000e+000 3.025220e+001 ...
                   3.565830e+000 0.000000e+000 3.030780e+001 ...
                   4.025160e+000 0.000000e+000 3.069380e+001 ...
                   4.373010e+000 0.000000e+000 3.025220e+001 ...
                   4.373010e+000 1.000000e+000 3.025220e+001 ...
                   4.025160e+000 1.000000e+000 3.069380e+001 ...
                   3.565830e+000 1.000000e+000 3.030780e+001 ...
 
; block 48
rblock create vertices ...
                   4.025160e+000 1.000000e+000 3.069380e+001 ...
                   3.565830e+000 1.000000e+000 3.030780e+001 ...
                   3.565830e+000 0.000000e+000 3.030780e+001 ...
                   3.565830e+000 1.000000e+000 3.030780e+001 ...
                   3.216080e+000 1.000000e+000 3.069810e+001 ...
                   3.216080e+000 0.000000e+000 3.069810e+001 ...
                   3.649970e+000 1.000000e+000 3.111250e+001 ...
                   3.649970e+000 0.000000e+000 3.111250e+001 ...
                   3.216080e+000 0.000000e+000 3.069810e+001 ...
                   3.649970e+000 1.000000e+000 3.111250e+001 ...
                   4.025160e+000 1.000000e+000 3.069380e+001 ...
                   4.025160e+000 0.000000e+000 3.069380e+001 ...
                   3.216080e+000 0.000000e+000 3.069810e+001 ...
                   3.649970e+000 0.000000e+000 3.111250e+001 ...
                   4.025160e+000 0.000000e+000 3.069380e+001 ...
                   3.649970e+000 1.000000e+000 3.111250e+001 ...
                   3.216080e+000 1.000000e+000 3.069810e+001 ...
                   3.565830e+000 1.000000e+000 3.030780e+001 ...
 
; block 49
rblock create vertices ...
                   2.842250e+000 1.000000e+000 3.106540e+001 ...
                   2.842250e+000 0.000000e+000 3.106540e+001 ...
                   3.216080e+000 0.000000e+000 3.069810e+001 ...
                   3.248960e+000 1.000000e+000 3.150650e+001 ...
                   3.248960e+000 0.000000e+000 3.150650e+001 ...
                   2.842250e+000 0.000000e+000 3.106540e+001 ...
                   3.248960e+000 1.000000e+000 3.150650e+001 ...
                   3.649970e+000 1.000000e+000 3.111250e+001 ...
                   3.649970e+000 0.000000e+000 3.111250e+001 ...
                   3.649970e+000 1.000000e+000 3.111250e+001 ...
                   3.216080e+000 1.000000e+000 3.069810e+001 ...
                   3.216080e+000 0.000000e+000 3.069810e+001 ...
                   3.248960e+000 0.000000e+000 3.150650e+001 ...
                   3.649970e+000 0.000000e+000 3.111250e+001 ...
                   3.216080e+000 0.000000e+000 3.069810e+001 ...
                   3.649970e+000 1.000000e+000 3.111250e+001 ...
                   3.248960e+000 1.000000e+000 3.150650e+001 ...
                   2.842250e+000 1.000000e+000 3.106540e+001 ...
 
; block 50
rblock create vertices ...
                   3.248960e+000 1.000000e+000 3.150650e+001 ...
                   2.842250e+000 1.000000e+000 3.106540e+001 ...
                   2.842250e+000 0.000000e+000 3.106540e+001 ...
                   2.445850e+000 1.000000e+000 3.140820e+001 ...
                   2.445850e+000 0.000000e+000 3.140820e+001 ...
                   2.842250e+000 0.000000e+000 3.106540e+001 ...
                   2.445850e+000 1.000000e+000 3.140820e+001 ...
                   2.823730e+000 1.000000e+000 3.187430e+001 ...
                   2.823730e+000 0.000000e+000 3.187430e+001 ...
                   3.248960e+000 1.000000e+000 3.150650e+001 ...
                   3.248960e+000 0.000000e+000 3.150650e+001 ...
                   2.823730e+000 0.000000e+000 3.187430e+001 ...
                   2.842250e+000 0.000000e+000 3.106540e+001 ...
                   2.445850e+000 0.000000e+000 3.140820e+001 ...
                   2.823730e+000 0.000000e+000 3.187430e+001 ...
                   2.445850e+000 1.000000e+000 3.140820e+001 ...
                   2.842250e+000 1.000000e+000 3.106540e+001 ...
                   3.248960e+000 1.000000e+000 3.150650e+001 ...
 
; block 51
rblock create vertices ...
                   2.445850e+000 1.000000e+000 3.140820e+001 ...
                   2.028490e+000 1.000000e+000 3.172520e+001 ...
                   2.028490e+000 0.000000e+000 3.172520e+001 ...
                   2.028490e+000 1.000000e+000 3.172520e+001 ...
                   2.376020e+000 1.000000e+000 3.221430e+001 ...
                   2.376020e+000 0.000000e+000 3.221430e+001 ...
                   2.376020e+000 1.000000e+000 3.221430e+001 ...
                   2.823730e+000 1.000000e+000 3.187430e+001 ...
                   2.823730e+000 0.000000e+000 3.187430e+001 ...
                   2.445850e+000 1.000000e+000 3.140820e+001 ...
                   2.445850e+000 0.000000e+000 3.140820e+001 ...
                   2.823730e+000 0.000000e+000 3.187430e+001 ...
                   2.028490e+000 0.000000e+000 3.172520e+001 ...
                   2.376020e+000 0.000000e+000 3.221430e+001 ...
                   2.823730e+000 0.000000e+000 3.187430e+001 ...
                   2.376020e+000 1.000000e+000 3.221430e+001 ...
                   2.028490e+000 1.000000e+000 3.172520e+001 ...
                   2.445850e+000 1.000000e+000 3.140820e+001 ...
 
; block 52
rblock create vertices ...
                   1.591840e+000 1.000000e+000 3.201500e+001 ...
                   1.591840e+000 0.000000e+000 3.201500e+001 ...
                   2.028490e+000 0.000000e+000 3.172520e+001 ...
                   1.591840e+000 1.000000e+000 3.201500e+001 ...
                   1.907610e+000 1.000000e+000 3.252520e+001 ...
                   1.907610e+000 0.000000e+000 3.252520e+001 ...
                   2.376020e+000 1.000000e+000 3.221430e+001 ...
                   2.376020e+000 0.000000e+000 3.221430e+001 ...
                   1.907610e+000 0.000000e+000 3.252520e+001 ...
                   2.376020e+000 1.000000e+000 3.221430e+001 ...
                   2.028490e+000 1.000000e+000 3.172520e+001 ...
                   2.028490e+000 0.000000e+000 3.172520e+001 ...
                   1.907610e+000 0.000000e+000 3.252520e+001 ...
                   2.376020e+000 0.000000e+000 3.221430e+001 ...
                   2.028490e+000 0.000000e+000 3.172520e+001 ...
                   2.376020e+000 1.000000e+000 3.221430e+001 ...
                   1.907610e+000 1.000000e+000 3.252520e+001 ...
                   1.591840e+000 1.000000e+000 3.201500e+001 ...
 
; block 53
rblock create vertices ...
                   1.591840e+000 1.000000e+000 3.201500e+001 ...
                   1.137680e+000 1.000000e+000 3.227660e+001 ...
                   1.137680e+000 0.000000e+000 3.227660e+001 ...
                   1.137680e+000 1.000000e+000 3.227660e+001 ...
                   1.420420e+000 1.000000e+000 3.280580e+001 ...
                   1.420420e+000 0.000000e+000 3.280580e+001 ...
                   1.907610e+000 1.000000e+000 3.252520e+001 ...
                   1.907610e+000 0.000000e+000 3.252520e+001 ...
                   1.420420e+000 0.000000e+000 3.280580e+001 ...
                   1.907610e+000 1.000000e+000 3.252520e+001 ...
                   1.591840e+000 1.000000e+000 3.201500e+001 ...
                   1.591840e+000 0.000000e+000 3.201500e+001 ...
                   1.137680e+000 0.000000e+000 3.227660e+001 ...
                   1.420420e+000 0.000000e+000 3.280580e+001 ...
                   1.907610e+000 0.000000e+000 3.252520e+001 ...
                   1.907610e+000 1.000000e+000 3.252520e+001 ...
                   1.420420e+000 1.000000e+000 3.280580e+001 ...
                   1.137680e+000 1.000000e+000 3.227660e+001 ...
 
; block 54
rblock create vertices ...
                   9.163910e-001 1.000000e+000 3.305480e+001 ...
                   1.420420e+000 1.000000e+000 3.280580e+001 ...
                   1.420420e+000 0.000000e+000 3.280580e+001 ...
                   1.420420e+000 1.000000e+000 3.280580e+001 ...
                   1.137680e+000 1.000000e+000 3.227660e+001 ...
                   1.137680e+000 0.000000e+000 3.227660e+001 ...
                   6.678220e-001 1.000000e+000 3.250870e+001 ...
                   6.678220e-001 0.000000e+000 3.250870e+001 ...
                   1.137680e+000 0.000000e+000 3.227660e+001 ...
                   6.678220e-001 1.000000e+000 3.250870e+001 ...
                   9.163910e-001 1.000000e+000 3.305480e+001 ...
                   9.163910e-001 0.000000e+000 3.305480e+001 ...
                   1.420420e+000 0.000000e+000 3.280580e+001 ...
                   1.137680e+000 0.000000e+000 3.227660e+001 ...
                   6.678220e-001 0.000000e+000 3.250870e+001 ...
                   6.678220e-001 1.000000e+000 3.250870e+001 ...
                   1.137680e+000 1.000000e+000 3.227660e+001 ...
                   1.420420e+000 1.000000e+000 3.280580e+001 ...
 
; block 55
rblock create vertices ...
                   6.678220e-001 1.000000e+000 3.250870e+001 ...
                   1.841740e-001 1.000000e+000 3.271060e+001 ...
                   1.841740e-001 0.000000e+000 3.271060e+001 ...
                   1.841740e-001 1.000000e+000 3.271060e+001 ...
                   3.975690e-001 1.000000e+000 3.327140e+001 ...
                   3.975690e-001 0.000000e+000 3.327140e+001 ...
                   9.163910e-001 1.000000e+000 3.305480e+001 ...
                   9.163910e-001 0.000000e+000 3.305480e+001 ...
                   3.975690e-001 0.000000e+000 3.327140e+001 ...
                   9.163910e-001 1.000000e+000 3.305480e+001 ...
                   6.678220e-001 1.000000e+000 3.250870e+001 ...
                   6.678220e-001 0.000000e+000 3.250870e+001 ...
                   3.975690e-001 0.000000e+000 3.327140e+001 ...
                   9.163910e-001 0.000000e+000 3.305480e+001 ...
                   6.678220e-001 0.000000e+000 3.250870e+001 ...
                   9.163910e-001 1.000000e+000 3.305480e+001 ...
                   3.975690e-001 1.000000e+000 3.327140e+001 ...
                   1.841740e-001 1.000000e+000 3.271060e+001 ...
 
; block 56
rblock create vertices ...
                   1.841740e-001 1.000000e+000 3.271060e+001 ...
                   -1.998401e-015 1.000000e+000 3.277570e+001 ...
                   -1.998401e-015 0.000000e+000 3.277570e+001 ...
                   4.440892e-016 1.000000e+000 3.341190e+001 ...
                   4.440892e-016 0.000000e+000 3.341190e+001 ...
                   -1.998401e-015 0.000000e+000 3.277570e+001 ...
                   4.440892e-016 1.000000e+000 3.341190e+001 ...
                   3.975690e-001 1.000000e+000 3.327140e+001 ...
                   3.975690e-001 0.000000e+000 3.327140e+001 ...
                   1.841740e-001 1.000000e+000 3.271060e+001 ...
                   1.841740e-001 0.000000e+000 3.271060e+001 ...
                   3.975690e-001 0.000000e+000 3.327140e+001 ...
                   4.440892e-016 0.000000e+000 3.341190e+001 ...
                   3.975690e-001 0.000000e+000 3.327140e+001 ...
                   1.841740e-001 0.000000e+000 3.271060e+001 ...
                   3.975690e-001 1.000000e+000 3.327140e+001 ...
                   4.440892e-016 1.000000e+000 3.341190e+001 ...
                   -1.998401e-015 1.000000e+000 3.277570e+001 ...
 
; block 57
rblock create vertices ...
                   -1.841740e-001 1.000000e+000 3.271060e+001 ...
                   -3.975690e-001 1.000000e+000 3.327140e+001 ...
                   -3.975690e-001 0.000000e+000 3.327140e+001 ...
                   -3.975690e-001 1.000000e+000 3.327140e+001 ...
                   4.163336e-016 1.000000e+000 3.341190e+001 ...
                   4.163336e-016 0.000000e+000 3.341190e+001 ...
                   4.163336e-016 1.000000e+000 3.341190e+001 ...
                   2.858824e-015 1.000000e+000 3.277570e+001 ...
                   2.858824e-015 0.000000e+000 3.277570e+001 ...
                   -1.841740e-001 1.000000e+000 3.271060e+001 ...
                   -1.841740e-001 0.000000e+000 3.271060e+001 ...
                   2.858824e-015 0.000000e+000 3.277570e+001 ...
                   -3.975690e-001 0.000000e+000 3.327140e+001 ...
                   4.163336e-016 0.000000e+000 3.341190e+001 ...
                   2.858824e-015 0.000000e+000 3.277570e+001 ...
                   4.163336e-016 1.000000e+000 3.341190e+001 ...
                   -3.975690e-001 1.000000e+000 3.327140e+001 ...
                   -1.841740e-001 1.000000e+000 3.271060e+001 ...
 
; block 58
rblock create vertices ...
                   -9.163910e-001 1.000000e+000 3.305480e+001 ...
                   -9.163910e-001 0.000000e+000 3.305480e+001 ...
                   -6.678220e-001 0.000000e+000 3.250870e+001 ...
                   -9.163910e-001 1.000000e+000 3.305480e+001 ...
                   -3.975690e-001 1.000000e+000 3.327140e+001 ...
                   -3.975690e-001 0.000000e+000 3.327140e+001 ...
                   -1.841740e-001 1.000000e+000 3.271060e+001 ...
                   -1.841740e-001 0.000000e+000 3.271060e+001 ...
                   -3.975690e-001 0.000000e+000 3.327140e+001 ...
                   -6.678220e-001 1.000000e+000 3.250870e+001 ...
                   -6.678220e-001 0.000000e+000 3.250870e+001 ...
                   -1.841740e-001 0.000000e+000 3.271060e+001 ...
                   -3.975690e-001 0.000000e+000 3.327140e+001 ...
                   -1.841740e-001 0.000000e+000 3.271060e+001 ...
                   -6.678220e-001 0.000000e+000 3.250870e+001 ...
                   -1.841740e-001 1.000000e+000 3.271060e+001 ...
                   -3.975690e-001 1.000000e+000 3.327140e+001 ...
                   -9.163910e-001 1.000000e+000 3.305480e+001 ...
 
; block 59
rblock create vertices ...
                   -9.163910e-001 1.000000e+000 3.305480e+001 ...
                   -6.678220e-001 1.000000e+000 3.250870e+001 ...
                   -6.678220e-001 0.000000e+000 3.250870e+001 ...
                   -6.678220e-001 1.000000e+000 3.250870e+001 ...
                   -1.137680e+000 1.000000e+000 3.227660e+001 ...
                   -1.137680e+000 0.000000e+000 3.227660e+001 ...
                   -1.420420e+000 1.000000e+000 3.280580e+001 ...
                   -1.420420e+000 0.000000e+000 3.280580e+001 ...
                   -1.137680e+000 0.000000e+000 3.227660e+001 ...
                   -1.420420e+000 1.000000e+000 3.280580e+001 ...
                   -9.163910e-001 1.000000e+000 3.305480e+001 ...
                   -9.163910e-001 0.000000e+000 3.305480e+001 ...
                   -6.678220e-001 0.000000e+000 3.250870e+001 ...
                   -1.137680e+000 0.000000e+000 3.227660e+001 ...
                   -1.420420e+000 0.000000e+000 3.280580e+001 ...
                   -1.137680e+000 1.000000e+000 3.227660e+001 ...
                   -6.678220e-001 1.000000e+000 3.250870e+001 ...
                   -9.163910e-001 1.000000e+000 3.305480e+001 ...
 
; block 60
rblock create vertices ...
                   -1.591840e+000 1.000000e+000 3.201500e+001 ...
                   -1.907610e+000 1.000000e+000 3.252520e+001 ...
                   -1.907610e+000 0.000000e+000 3.252520e+001 ...
                   -1.420420e+000 1.000000e+000 3.280580e+001 ...
                   -1.420420e+000 0.000000e+000 3.280580e+001 ...
                   -1.907610e+000 0.000000e+000 3.252520e+001 ...
                   -1.420420e+000 1.000000e+000 3.280580e+001 ...
                   -1.137680e+000 1.000000e+000 3.227660e+001 ...
                   -1.137680e+000 0.000000e+000 3.227660e+001 ...
                   -1.137680e+000 1.000000e+000 3.227660e+001 ...
                   -1.591840e+000 1.000000e+000 3.201500e+001 ...
                   -1.591840e+000 0.000000e+000 3.201500e+001 ...
                   -1.907610e+000 0.000000e+000 3.252520e+001 ...
                   -1.420420e+000 0.000000e+000 3.280580e+001 ...
                   -1.137680e+000 0.000000e+000 3.227660e+001 ...
                   -1.420420e+000 1.000000e+000 3.280580e+001 ...
                   -1.907610e+000 1.000000e+000 3.252520e+001 ...
                   -1.591840e+000 1.000000e+000 3.201500e+001 ...
 
; block 61
rblock create vertices ...
                   -2.376020e+000 1.000000e+000 3.221430e+001 ...
                   -2.376020e+000 0.000000e+000 3.221430e+001 ...
                   -2.028490e+000 0.000000e+000 3.172520e+001 ...
                   -2.376020e+000 1.000000e+000 3.221430e+001 ...
                   -1.907610e+000 1.000000e+000 3.252520e+001 ...
                   -1.907610e+000 0.000000e+000 3.252520e+001 ...
                   -1.591840e+000 1.000000e+000 3.201500e+001 ...
                   -1.591840e+000 0.000000e+000 3.201500e+001 ...
                   -1.907610e+000 0.000000e+000 3.252520e+001 ...
                   -1.591840e+000 1.000000e+000 3.201500e+001 ...
                   -2.028490e+000 1.000000e+000 3.172520e+001 ...
                   -2.028490e+000 0.000000e+000 3.172520e+001 ...
                   -2.376020e+000 0.000000e+000 3.221430e+001 ...
                   -1.907610e+000 0.000000e+000 3.252520e+001 ...
                   -1.591840e+000 0.000000e+000 3.201500e+001 ...
                   -1.907610e+000 1.000000e+000 3.252520e+001 ...
                   -2.376020e+000 1.000000e+000 3.221430e+001 ...
                   -2.028490e+000 1.000000e+000 3.172520e+001 ...
 
; block 62
rblock create vertices ...
                   -2.445850e+000 1.000000e+000 3.140820e+001 ...
                   -2.823730e+000 1.000000e+000 3.187430e+001 ...
                   -2.823730e+000 0.000000e+000 3.187430e+001 ...
                   -2.823730e+000 1.000000e+000 3.187430e+001 ...
                   -2.376020e+000 1.000000e+000 3.221430e+001 ...
                   -2.376020e+000 0.000000e+000 3.221430e+001 ...
                   -2.028490e+000 1.000000e+000 3.172520e+001 ...
                   -2.028490e+000 0.000000e+000 3.172520e+001 ...
                   -2.376020e+000 0.000000e+000 3.221430e+001 ...
                   -2.028490e+000 1.000000e+000 3.172520e+001 ...
                   -2.445850e+000 1.000000e+000 3.140820e+001 ...
                   -2.445850e+000 0.000000e+000 3.140820e+001 ...
                   -2.823730e+000 0.000000e+000 3.187430e+001 ...
                   -2.376020e+000 0.000000e+000 3.221430e+001 ...
                   -2.028490e+000 0.000000e+000 3.172520e+001 ...
                   -2.376020e+000 1.000000e+000 3.221430e+001 ...
                   -2.823730e+000 1.000000e+000 3.187430e+001 ...
                   -2.445850e+000 1.000000e+000 3.140820e+001 ...
 
; block 63
rblock create vertices ...
                   -3.248960e+000 1.000000e+000 3.150650e+001 ...
                   -2.823730e+000 1.000000e+000 3.187430e+001 ...
                   -2.823730e+000 0.000000e+000 3.187430e+001 ...
                   -2.445850e+000 1.000000e+000 3.140820e+001 ...
                   -2.445850e+000 0.000000e+000 3.140820e+001 ...
                   -2.823730e+000 0.000000e+000 3.187430e+001 ...
                   -2.445850e+000 1.000000e+000 3.140820e+001 ...
                   -2.842250e+000 1.000000e+000 3.106540e+001 ...
                   -2.842250e+000 0.000000e+000 3.106540e+001 ...
                   -2.842250e+000 1.000000e+000 3.106540e+001 ...
                   -3.248960e+000 1.000000e+000 3.150650e+001 ...
                   -3.248960e+000 0.000000e+000 3.150650e+001 ...
                   -2.445850e+000 0.000000e+000 3.140820e+001 ...
                   -2.842250e+000 0.000000e+000 3.106540e+001 ...
                   -3.248960e+000 0.000000e+000 3.150650e+001 ...
                   -2.842250e+000 1.000000e+000 3.106540e+001 ...
                   -2.445850e+000 1.000000e+000 3.140820e+001 ...
                   -2.823730e+000 1.000000e+000 3.187430e+001 ...
 
; block 64
rblock create vertices ...
                   -3.216080e+000 1.000000e+000 3.069810e+001 ...
                   -3.649970e+000 1.000000e+000 3.111250e+001 ...
                   -3.649970e+000 0.000000e+000 3.111250e+001 ...
                   -3.248960e+000 1.000000e+000 3.150650e+001 ...
                   -3.248960e+000 0.000000e+000 3.150650e+001 ...
                   -3.649970e+000 0.000000e+000 3.111250e+001 ...
                   -3.248960e+000 1.000000e+000 3.150650e+001 ...
                   -2.842250e+000 1.000000e+000 3.106540e+001 ...
                   -2.842250e+000 0.000000e+000 3.106540e+001 ...
                   -2.842250e+000 1.000000e+000 3.106540e+001 ...
                   -3.216080e+000 1.000000e+000 3.069810e+001 ...
                   -3.216080e+000 0.000000e+000 3.069810e+001 ...
                   -3.649970e+000 0.000000e+000 3.111250e+001 ...
                   -3.248960e+000 0.000000e+000 3.150650e+001 ...
                   -2.842250e+000 0.000000e+000 3.106540e+001 ...
                   -3.248960e+000 1.000000e+000 3.150650e+001 ...
                   -3.649970e+000 1.000000e+000 3.111250e+001 ...
                   -3.216080e+000 1.000000e+000 3.069810e+001 ...
 
; block 65
rblock create vertices ...
                   -4.025160e+000 1.000000e+000 3.069380e+001 ...
                   -3.649970e+000 1.000000e+000 3.111250e+001 ...
                   -3.649970e+000 0.000000e+000 3.111250e+001 ...
                   -3.216080e+000 1.000000e+000 3.069810e+001 ...
                   -3.216080e+000 0.000000e+000 3.069810e+001 ...
                   -3.649970e+000 0.000000e+000 3.111250e+001 ...
                   -3.216080e+000 1.000000e+000 3.069810e+001 ...
                   -3.565830e+000 1.000000e+000 3.030780e+001 ...
                   -3.565830e+000 0.000000e+000 3.030780e+001 ...
                   -3.565830e+000 1.000000e+000 3.030780e+001 ...
                   -4.025160e+000 1.000000e+000 3.069380e+001 ...
                   -4.025160e+000 0.000000e+000 3.069380e+001 ...
                   -3.216080e+000 0.000000e+000 3.069810e+001 ...
                   -3.565830e+000 0.000000e+000 3.030780e+001 ...
                   -4.025160e+000 0.000000e+000 3.069380e+001 ...
                   -3.565830e+000 1.000000e+000 3.030780e+001 ...
                   -3.216080e+000 1.000000e+000 3.069810e+001 ...
                   -3.649970e+000 1.000000e+000 3.111250e+001 ...
 
; block 66
rblock create vertices ...
                   -4.373010e+000 1.000000e+000 3.025220e+001 ...
                   -4.373010e+000 0.000000e+000 3.025220e+001 ...
                   -3.890090e+000 0.000000e+000 2.989610e+001 ...
                   -4.373010e+000 1.000000e+000 3.025220e+001 ...
                   -4.025160e+000 1.000000e+000 3.069380e+001 ...
                   -4.025160e+000 0.000000e+000 3.069380e+001 ...
                   -4.025160e+000 1.000000e+000 3.069380e+001 ...
                   -3.565830e+000 1.000000e+000 3.030780e+001 ...
                   -3.565830e+000 0.000000e+000 3.030780e+001 ...
                   -3.890090e+000 1.000000e+000 2.989610e+001 ...
                   -3.890090e+000 0.000000e+000 2.989610e+001 ...
                   -3.565830e+000 0.000000e+000 3.030780e+001 ...
                   -4.373010e+000 0.000000e+000 3.025220e+001 ...
                   -4.025160e+000 0.000000e+000 3.069380e+001 ...
                   -3.565830e+000 0.000000e+000 3.030780e+001 ...
                   -4.025160e+000 1.000000e+000 3.069380e+001 ...
                   -4.373010e+000 1.000000e+000 3.025220e+001 ...
                   -3.890090e+000 1.000000e+000 2.989610e+001 ...
 
; block 67
rblock create vertices ...
                   -4.187560e+000 1.000000e+000 2.946460e+001 ...
                   -4.692110e+000 1.000000e+000 2.978930e+001 ...
                   -4.692110e+000 0.000000e+000 2.978930e+001 ...
                   -4.692110e+000 1.000000e+000 2.978930e+001 ...
                   -4.373010e+000 1.000000e+000 3.025220e+001 ...
                   -4.373010e+000 0.000000e+000 3.025220e+001 ...
                   -3.890090e+000 1.000000e+000 2.989610e+001 ...
                   -3.890090e+000 0.000000e+000 2.989610e+001 ...
                   -4.373010e+000 0.000000e+000 3.025220e+001 ...
                   -3.890090e+000 1.000000e+000 2.989610e+001 ...
                   -4.187560e+000 1.000000e+000 2.946460e+001 ...
                   -4.187560e+000 0.000000e+000 2.946460e+001 ...
                   -4.373010e+000 0.000000e+000 3.025220e+001 ...
                   -3.890090e+000 0.000000e+000 2.989610e+001 ...
                   -4.187560e+000 0.000000e+000 2.946460e+001 ...
                   -3.890090e+000 1.000000e+000 2.989610e+001 ...
                   -4.373010e+000 1.000000e+000 3.025220e+001 ...
                   -4.692110e+000 1.000000e+000 2.978930e+001 ...
 
; block 68
rblock create vertices ...
                   -4.457040e+000 1.000000e+000 2.901510e+001 ...
                   -4.981180e+000 1.000000e+000 2.930710e+001 ...
                   -4.981180e+000 0.000000e+000 2.930710e+001 ...
                   -4.981180e+000 1.000000e+000 2.930710e+001 ...
                   -4.692110e+000 1.000000e+000 2.978930e+001 ...
                   -4.692110e+000 0.000000e+000 2.978930e+001 ...
                   -4.187560e+000 1.000000e+000 2.946460e+001 ...
                   -4.187560e+000 0.000000e+000 2.946460e+001 ...
                   -4.692110e+000 0.000000e+000 2.978930e+001 ...
                   -4.187560e+000 1.000000e+000 2.946460e+001 ...
                   -4.457040e+000 1.000000e+000 2.901510e+001 ...
                   -4.457040e+000 0.000000e+000 2.901510e+001 ...
                   -4.692110e+000 0.000000e+000 2.978930e+001 ...
                   -4.187560e+000 0.000000e+000 2.946460e+001 ...
                   -4.457040e+000 0.000000e+000 2.901510e+001 ...
                   -4.187560e+000 1.000000e+000 2.946460e+001 ...
                   -4.692110e+000 1.000000e+000 2.978930e+001 ...
                   -4.981180e+000 1.000000e+000 2.930710e+001 ...
 
; block 69
rblock create vertices ...
                   -4.981180e+000 1.000000e+000 2.930710e+001 ...
                   -4.981180e+000 0.000000e+000 2.930710e+001 ...
                   -5.239060e+000 0.000000e+000 2.880760e+001 ...
                   -4.457040e+000 1.000000e+000 2.901510e+001 ...
                   -4.457040e+000 0.000000e+000 2.901510e+001 ...
                   -4.981180e+000 0.000000e+000 2.930710e+001 ...
                   -4.457040e+000 1.000000e+000 2.901510e+001 ...
                   -4.697430e+000 1.000000e+000 2.854940e+001 ...
                   -4.697430e+000 0.000000e+000 2.854940e+001 ...
                   -4.697430e+000 1.000000e+000 2.854940e+001 ...
                   -5.239060e+000 1.000000e+000 2.880760e+001 ...
                   -5.239060e+000 0.000000e+000 2.880760e+001 ...
                   -4.457040e+000 0.000000e+000 2.901510e+001 ...
                   -4.697430e+000 0.000000e+000 2.854940e+001 ...
                   -5.239060e+000 0.000000e+000 2.880760e+001 ...
                   -4.697430e+000 1.000000e+000 2.854940e+001 ...
                   -4.457040e+000 1.000000e+000 2.901510e+001 ...
                   -4.981180e+000 1.000000e+000 2.930710e+001 ...
 
; block 70
rblock create vertices ...
                   -4.907760e+000 1.000000e+000 2.806940e+001 ...
                   -5.464690e+000 1.000000e+000 2.829260e+001 ...
                   -5.464690e+000 0.000000e+000 2.829260e+001 ...
                   -5.239060e+000 1.000000e+000 2.880760e+001 ...
                   -5.239060e+000 0.000000e+000 2.880760e+001 ...
                   -5.464690e+000 0.000000e+000 2.829260e+001 ...
                   -5.239060e+000 1.000000e+000 2.880760e+001 ...
                   -4.697430e+000 1.000000e+000 2.854940e+001 ...
                   -4.697430e+000 0.000000e+000 2.854940e+001 ...
                   -4.907760e+000 1.000000e+000 2.806940e+001 ...
                   -4.907760e+000 0.000000e+000 2.806940e+001 ...
                   -4.697430e+000 0.000000e+000 2.854940e+001 ...
                   -5.239060e+000 0.000000e+000 2.880760e+001 ...
                   -4.697430e+000 0.000000e+000 2.854940e+001 ...
                   -4.907760e+000 0.000000e+000 2.806940e+001 ...
                   -4.697430e+000 1.000000e+000 2.854940e+001 ...
                   -5.239060e+000 1.000000e+000 2.880760e+001 ...
                   -5.464690e+000 1.000000e+000 2.829260e+001 ...
 
; block 71
rblock create vertices ...
                   -5.657170e+000 1.000000e+000 2.776440e+001 ...
                   -5.464690e+000 1.000000e+000 2.829260e+001 ...
                   -5.464690e+000 0.000000e+000 2.829260e+001 ...
                   -5.464690e+000 1.000000e+000 2.829260e+001 ...
                   -4.907760e+000 1.000000e+000 2.806940e+001 ...
                   -4.907760e+000 0.000000e+000 2.806940e+001 ...
                   -4.907760e+000 1.000000e+000 2.806940e+001 ...
                   -5.087200e+000 1.000000e+000 2.757700e+001 ...
                   -5.087200e+000 0.000000e+000 2.757700e+001 ...
                   -5.657170e+000 1.000000e+000 2.776440e+001 ...
                   -5.657170e+000 0.000000e+000 2.776440e+001 ...
                   -5.087200e+000 0.000000e+000 2.757700e+001 ...
                   -5.464690e+000 0.000000e+000 2.829260e+001 ...
                   -4.907760e+000 0.000000e+000 2.806940e+001 ...
                   -5.087200e+000 0.000000e+000 2.757700e+001 ...
                   -4.907760e+000 1.000000e+000 2.806940e+001 ...
                   -5.464690e+000 1.000000e+000 2.829260e+001 ...
                   -5.657170e+000 1.000000e+000 2.776440e+001 ...
 
; block 72
rblock create vertices ...
                   -5.815730e+000 1.000000e+000 2.722500e+001 ...
                   -5.815730e+000 0.000000e+000 2.722500e+001 ...
                   -5.235000e+000 0.000000e+000 2.707420e+001 ...
                   -5.815730e+000 1.000000e+000 2.722500e+001 ...
                   -5.657170e+000 1.000000e+000 2.776440e+001 ...
                   -5.657170e+000 0.000000e+000 2.776440e+001 ...
                   -5.087200e+000 1.000000e+000 2.757700e+001 ...
                   -5.087200e+000 0.000000e+000 2.757700e+001 ...
                   -5.657170e+000 0.000000e+000 2.776440e+001 ...
                   -5.087200e+000 1.000000e+000 2.757700e+001 ...
                   -5.235000e+000 1.000000e+000 2.707420e+001 ...
                   -5.235000e+000 0.000000e+000 2.707420e+001 ...
                   -5.815730e+000 0.000000e+000 2.722500e+001 ...
                   -5.657170e+000 0.000000e+000 2.776440e+001 ...
                   -5.087200e+000 0.000000e+000 2.757700e+001 ...
                   -5.657170e+000 1.000000e+000 2.776440e+001 ...
                   -5.815730e+000 1.000000e+000 2.722500e+001 ...
                   -5.235000e+000 1.000000e+000 2.707420e+001 ...
 
; block 73
rblock create vertices ...
                   -5.939720e+000 1.000000e+000 2.667670e+001 ...
                   -5.815730e+000 1.000000e+000 2.722500e+001 ...
                   -5.815730e+000 0.000000e+000 2.722500e+001 ...
                   -5.815730e+000 1.000000e+000 2.722500e+001 ...
                   -5.235000e+000 1.000000e+000 2.707420e+001 ...
                   -5.235000e+000 0.000000e+000 2.707420e+001 ...
                   -5.350590e+000 1.000000e+000 2.656300e+001 ...
                   -5.350590e+000 0.000000e+000 2.656300e+001 ...
                   -5.235000e+000 0.000000e+000 2.707420e+001 ...
                   -5.350590e+000 1.000000e+000 2.656300e+001 ...
                   -5.939720e+000 1.000000e+000 2.667670e+001 ...
                   -5.939720e+000 0.000000e+000 2.667670e+001 ...
                   -5.815730e+000 0.000000e+000 2.722500e+001 ...
                   -5.235000e+000 0.000000e+000 2.707420e+001 ...
                   -5.350590e+000 0.000000e+000 2.656300e+001 ...
                   -5.350590e+000 1.000000e+000 2.656300e+001 ...
                   -5.235000e+000 1.000000e+000 2.707420e+001 ...
                   -5.815730e+000 1.000000e+000 2.722500e+001 ...
 
; block 74
rblock create vertices ...
                   -5.433480e+000 1.000000e+000 2.604550e+001 ...
                   -6.028650e+000 1.000000e+000 2.612160e+001 ...
                   -6.028650e+000 0.000000e+000 2.612160e+001 ...
                   -5.939720e+000 1.000000e+000 2.667670e+001 ...
                   -5.939720e+000 0.000000e+000 2.667670e+001 ...
                   -6.028650e+000 0.000000e+000 2.612160e+001 ...
                   -5.939720e+000 1.000000e+000 2.667670e+001 ...
                   -5.350590e+000 1.000000e+000 2.656300e+001 ...
                   -5.350590e+000 0.000000e+000 2.656300e+001 ...
                   -5.433480e+000 1.000000e+000 2.604550e+001 ...
                   -5.433480e+000 0.000000e+000 2.604550e+001 ...
                   -5.350590e+000 0.000000e+000 2.656300e+001 ...
                   -6.028650e+000 0.000000e+000 2.612160e+001 ...
                   -5.939720e+000 0.000000e+000 2.667670e+001 ...
                   -5.350590e+000 0.000000e+000 2.656300e+001 ...
                   -5.939720e+000 1.000000e+000 2.667670e+001 ...
                   -6.028650e+000 1.000000e+000 2.612160e+001 ...
                   -5.433480e+000 1.000000e+000 2.604550e+001 ...
 
; block 75
rblock create vertices ...
                   -6.082140e+000 1.000000e+000 2.556190e+001 ...
                   -6.082140e+000 0.000000e+000 2.556190e+001 ...
                   -5.483350e+000 0.000000e+000 2.552380e+001 ...
                   -6.082140e+000 1.000000e+000 2.556190e+001 ...
                   -6.028650e+000 1.000000e+000 2.612160e+001 ...
                   -6.028650e+000 0.000000e+000 2.612160e+001 ...
                   -6.028650e+000 1.000000e+000 2.612160e+001 ...
                   -5.433480e+000 1.000000e+000 2.604550e+001 ...
                   -5.433480e+000 0.000000e+000 2.604550e+001 ...
                   -5.433480e+000 1.000000e+000 2.604550e+001 ...
                   -5.483350e+000 1.000000e+000 2.552380e+001 ...
                   -5.483350e+000 0.000000e+000 2.552380e+001 ...
                   -6.028650e+000 0.000000e+000 2.612160e+001 ...
                   -5.433480e+000 0.000000e+000 2.604550e+001 ...
                   -5.483350e+000 0.000000e+000 2.552380e+001 ...
                   -5.433480e+000 1.000000e+000 2.604550e+001 ...
                   -6.028650e+000 1.000000e+000 2.612160e+001 ...
                   -6.082140e+000 1.000000e+000 2.556190e+001 ...
 
; block 76
rblock create vertices ...
                   -6.082140e+000 1.000000e+000 2.556190e+001 ...
                   -5.483350e+000 1.000000e+000 2.552380e+001 ...
                   -5.483350e+000 0.000000e+000 2.552380e+001 ...
                   -5.483350e+000 1.000000e+000 2.552380e+001 ...
                   -5.500000e+000 1.000000e+000 2.500000e+001 ...
                   -5.500000e+000 0.000000e+000 2.500000e+001 ...
                   -6.100000e+000 1.000000e+000 2.500000e+001 ...
                   -6.100000e+000 0.000000e+000 2.500000e+001 ...
                   -5.500000e+000 0.000000e+000 2.500000e+001 ...
                   -6.100000e+000 1.000000e+000 2.500000e+001 ...
                   -6.082140e+000 1.000000e+000 2.556190e+001 ...
                   -6.082140e+000 0.000000e+000 2.556190e+001 ...
                   -5.483350e+000 0.000000e+000 2.552380e+001 ...
                   -5.500000e+000 0.000000e+000 2.500000e+001 ...
                   -6.100000e+000 0.000000e+000 2.500000e+001 ...
                   -5.500000e+000 1.000000e+000 2.500000e+001 ...
                   -5.483350e+000 1.000000e+000 2.552380e+001 ...
                   -6.082140e+000 1.000000e+000 2.556190e+001 ...
 
; block 77
rblock create vertices ...
                   -8.146380e+000 1.000000e+000 2.394740e+001 ...
                   -8.146380e+000 0.000000e+000 2.394740e+001 ...
                   -8.146380e+000 0.000000e+000 2.334880e+001 ...
                   -8.146380e+000 1.000000e+000 2.394740e+001 ...
                   -6.500000e+000 1.000000e+000 2.500000e+001 ...
                   -6.500000e+000 0.000000e+000 2.500000e+001 ...
                   -6.500000e+000 1.000000e+000 2.500000e+001 ...
                   -6.500000e+000 1.000000e+000 2.400000e+001 ...
                   -6.500000e+000 0.000000e+000 2.400000e+001 ...
                   -8.146380e+000 1.000000e+000 2.334880e+001 ...
                   -8.146380e+000 0.000000e+000 2.334880e+001 ...
                   -6.500000e+000 0.000000e+000 2.400000e+001 ...
                   -8.146380e+000 0.000000e+000 2.394740e+001 ...
                   -6.500000e+000 0.000000e+000 2.500000e+001 ...
                   -6.500000e+000 0.000000e+000 2.400000e+001 ...
                   -6.500000e+000 1.000000e+000 2.500000e+001 ...
                   -8.146380e+000 1.000000e+000 2.394740e+001 ...
                   -8.146380e+000 1.000000e+000 2.334880e+001 ...
 
; block 78
rblock create vertices ...
                   -9.539030e+000 1.000000e+000 2.267100e+001 ...
                   -9.539030e+000 1.000000e+000 2.305700e+001 ...
                   -9.539030e+000 0.000000e+000 2.305700e+001 ...
                   -9.539030e+000 1.000000e+000 2.305700e+001 ...
                   -8.146380e+000 1.000000e+000 2.394740e+001 ...
                   -8.146380e+000 0.000000e+000 2.394740e+001 ...
                   -8.146380e+000 1.000000e+000 2.334880e+001 ...
                   -8.146380e+000 0.000000e+000 2.334880e+001 ...
                   -8.146380e+000 0.000000e+000 2.394740e+001 ...
                   -8.146380e+000 1.000000e+000 2.334880e+001 ...
                   -9.539030e+000 1.000000e+000 2.267100e+001 ...
                   -9.539030e+000 0.000000e+000 2.267100e+001 ...
                   -9.539030e+000 0.000000e+000 2.305700e+001 ...
                   -8.146380e+000 0.000000e+000 2.394740e+001 ...
                   -8.146380e+000 0.000000e+000 2.334880e+001 ...
                   -8.146380e+000 1.000000e+000 2.334880e+001 ...
                   -8.146380e+000 1.000000e+000 2.394740e+001 ...
                   -9.539030e+000 1.000000e+000 2.305700e+001 ...
 
; block 79
rblock create vertices ...
                   -1.221610e+001 1.000000e+000 2.134540e+001 ...
                   -1.089670e+001 1.000000e+000 2.218900e+001 ...
                   -1.089670e+001 0.000000e+000 2.218900e+001 ...
                   -1.089670e+001 1.000000e+000 2.218900e+001 ...
                   -1.089670e+001 1.000000e+000 2.192570e+001 ...
                   -1.089670e+001 0.000000e+000 2.192570e+001 ...
                   -1.221610e+001 1.000000e+000 2.111460e+001 ...
                   -1.221610e+001 0.000000e+000 2.111460e+001 ...
                   -1.089670e+001 0.000000e+000 2.192570e+001 ...
                   -1.221610e+001 1.000000e+000 2.111460e+001 ...
                   -1.221610e+001 1.000000e+000 2.134540e+001 ...
                   -1.221610e+001 0.000000e+000 2.134540e+001 ...
                   -1.089670e+001 0.000000e+000 2.218900e+001 ...
                   -1.089670e+001 0.000000e+000 2.192570e+001 ...
                   -1.221610e+001 0.000000e+000 2.111460e+001 ...
                   -1.089670e+001 1.000000e+000 2.192570e+001 ...
                   -1.089670e+001 1.000000e+000 2.218900e+001 ...
                   -1.221610e+001 1.000000e+000 2.134540e+001 ...
 
; block 80
rblock create vertices ...
                   -1.349420e+001 1.000000e+000 2.023960e+001 ...
                   -1.349420e+001 1.000000e+000 2.052830e+001 ...
                   -1.349420e+001 0.000000e+000 2.052830e+001 ...
                   -1.221610e+001 1.000000e+000 2.134540e+001 ...
                   -1.221610e+001 0.000000e+000 2.134540e+001 ...
                   -1.349420e+001 0.000000e+000 2.052830e+001 ...
                   -1.221610e+001 1.000000e+000 2.134540e+001 ...
                   -1.221610e+001 1.000000e+000 2.111460e+001 ...
                   -1.221610e+001 0.000000e+000 2.111460e+001 ...
                   -1.221610e+001 1.000000e+000 2.111460e+001 ...
                   -1.349420e+001 1.000000e+000 2.023960e+001 ...
                   -1.349420e+001 0.000000e+000 2.023960e+001 ...
                   -1.349420e+001 0.000000e+000 2.052830e+001 ...
                   -1.221610e+001 0.000000e+000 2.134540e+001 ...
                   -1.221610e+001 0.000000e+000 2.111460e+001 ...
                   -1.221610e+001 1.000000e+000 2.134540e+001 ...
                   -1.349420e+001 1.000000e+000 2.052830e+001 ...
                   -1.349420e+001 1.000000e+000 2.023960e+001 ...
 
; block 81
rblock create vertices ...
                   -1.472770e+001 1.000000e+000 1.973970e+001 ...
                   -1.472770e+001 1.000000e+000 1.930300e+001 ...
                   -1.472770e+001 0.000000e+000 1.930300e+001 ...
                   -1.591370e+001 1.000000e+000 1.830690e+001 ...
                   -1.591370e+001 0.000000e+000 1.830690e+001 ...
                   -1.472770e+001 0.000000e+000 1.930300e+001 ...
                   -1.591370e+001 1.000000e+000 1.830690e+001 ...
                   -1.591370e+001 1.000000e+000 1.898140e+001 ...
                   -1.591370e+001 0.000000e+000 1.898140e+001 ...
                   -1.472770e+001 1.000000e+000 1.973970e+001 ...
                   -1.472770e+001 0.000000e+000 1.973970e+001 ...
                   -1.591370e+001 0.000000e+000 1.898140e+001 ...
                   -1.472770e+001 0.000000e+000 1.930300e+001 ...
                   -1.591370e+001 0.000000e+000 1.830690e+001 ...
                   -1.591370e+001 0.000000e+000 1.898140e+001 ...
                   -1.591370e+001 1.000000e+000 1.898140e+001 ...
                   -1.591370e+001 1.000000e+000 1.830690e+001 ...
                   -1.472770e+001 1.000000e+000 1.930300e+001 ...
 
; block 82
rblock create vertices ...
                   -1.704930e+001 1.000000e+000 1.725380e+001 ...
                   -1.704930e+001 1.000000e+000 1.825530e+001 ...
                   -1.704930e+001 0.000000e+000 1.825530e+001 ...
                   -1.704930e+001 1.000000e+000 1.825530e+001 ...
                   -1.591370e+001 1.000000e+000 1.898140e+001 ...
                   -1.591370e+001 0.000000e+000 1.898140e+001 ...
                   -1.591370e+001 1.000000e+000 1.898140e+001 ...
                   -1.591370e+001 1.000000e+000 1.830690e+001 ...
                   -1.591370e+001 0.000000e+000 1.830690e+001 ...
                   -1.704930e+001 1.000000e+000 1.725380e+001 ...
                   -1.704930e+001 0.000000e+000 1.725380e+001 ...
                   -1.591370e+001 0.000000e+000 1.830690e+001 ...
                   -1.704930e+001 0.000000e+000 1.825530e+001 ...
                   -1.591370e+001 0.000000e+000 1.898140e+001 ...
                   -1.591370e+001 0.000000e+000 1.830690e+001 ...
                   -1.591370e+001 1.000000e+000 1.898140e+001 ...
                   -1.704930e+001 1.000000e+000 1.825530e+001 ...
                   -1.704930e+001 1.000000e+000 1.725380e+001 ...
 
; block 83
rblock create vertices ...
                   -1.704930e+001 1.000000e+000 1.725380e+001 ...
                   -1.704930e+001 0.000000e+000 1.725380e+001 ...
                   -1.704930e+001 0.000000e+000 1.825530e+001 ...
                   -1.704930e+001 1.000000e+000 1.725380e+001 ...
                   -1.813190e+001 1.000000e+000 1.614610e+001 ...
                   -1.813190e+001 0.000000e+000 1.614610e+001 ...
                   -1.813190e+001 1.000000e+000 1.756320e+001 ...
                   -1.813190e+001 0.000000e+000 1.756320e+001 ...
                   -1.813190e+001 0.000000e+000 1.614610e+001 ...
                   -1.813190e+001 1.000000e+000 1.756320e+001 ...
                   -1.704930e+001 1.000000e+000 1.825530e+001 ...
                   -1.704930e+001 0.000000e+000 1.825530e+001 ...
                   -1.704930e+001 0.000000e+000 1.725380e+001 ...
                   -1.813190e+001 0.000000e+000 1.614610e+001 ...
                   -1.813190e+001 0.000000e+000 1.756320e+001 ...
                   -1.813190e+001 1.000000e+000 1.756320e+001 ...
                   -1.813190e+001 1.000000e+000 1.614610e+001 ...
                   -1.704930e+001 1.000000e+000 1.725380e+001 ...
 
; block 84
rblock create vertices ...
                   -1.813190e+001 1.000000e+000 1.756320e+001 ...
                   -1.813190e+001 1.000000e+000 1.614610e+001 ...
                   -1.813190e+001 0.000000e+000 1.614610e+001 ...
                   -1.813190e+001 1.000000e+000 1.614610e+001 ...
                   -1.870000e+001 1.000000e+000 1.550470e+001 ...
                   -1.870000e+001 0.000000e+000 1.550470e+001 ...
                   -1.870000e+001 1.000000e+000 1.720000e+001 ...
                   -1.870000e+001 0.000000e+000 1.720000e+001 ...
                   -1.870000e+001 0.000000e+000 1.550470e+001 ...
                   -1.870000e+001 1.000000e+000 1.720000e+001 ...
                   -1.813190e+001 1.000000e+000 1.756320e+001 ...
                   -1.813190e+001 0.000000e+000 1.756320e+001 ...
                   -1.813190e+001 0.000000e+000 1.614610e+001 ...
                   -1.870000e+001 0.000000e+000 1.550470e+001 ...
                   -1.870000e+001 0.000000e+000 1.720000e+001 ...
                   -1.870000e+001 1.000000e+000 1.720000e+001 ...
                   -1.870000e+001 1.000000e+000 1.550470e+001 ...
                   -1.813190e+001 1.000000e+000 1.614610e+001 ...
 
; block 85
rblock create vertices ...
                   -7.897150e+000 1.000000e+000 2.280300e+001 ...
                   -8.146380e+000 1.000000e+000 2.334880e+001 ...
                   -8.146380e+000 0.000000e+000 2.334880e+001 ...
                   -8.146380e+000 1.000000e+000 2.334880e+001 ...
                   -6.500000e+000 1.000000e+000 2.400000e+001 ...
                   -6.500000e+000 0.000000e+000 2.400000e+001 ...
                   -6.500000e+000 1.000000e+000 2.340000e+001 ...
                   -6.500000e+000 0.000000e+000 2.340000e+001 ...
                   -6.500000e+000 0.000000e+000 2.400000e+001 ...
                   -6.500000e+000 1.000000e+000 2.340000e+001 ...
                   -7.897150e+000 1.000000e+000 2.280300e+001 ...
                   -7.897150e+000 0.000000e+000 2.280300e+001 ...
                   -8.146380e+000 0.000000e+000 2.334880e+001 ...
                   -6.500000e+000 0.000000e+000 2.400000e+001 ...
                   -6.500000e+000 0.000000e+000 2.340000e+001 ...
                   -6.500000e+000 1.000000e+000 2.340000e+001 ...
                   -6.500000e+000 1.000000e+000 2.400000e+001 ...
                   -8.146380e+000 1.000000e+000 2.334880e+001 ...
 
; block 86
rblock create vertices ...
                   -9.263290e+000 1.000000e+000 2.213810e+001 ...
                   -9.539030e+000 1.000000e+000 2.267100e+001 ...
                   -9.539030e+000 0.000000e+000 2.267100e+001 ...
                   -9.539030e+000 1.000000e+000 2.267100e+001 ...
                   -8.146380e+000 1.000000e+000 2.334880e+001 ...
                   -8.146380e+000 0.000000e+000 2.334880e+001 ...
                   -7.897150e+000 1.000000e+000 2.280300e+001 ...
                   -7.897150e+000 0.000000e+000 2.280300e+001 ...
                   -8.146380e+000 0.000000e+000 2.334880e+001 ...
                   -7.897150e+000 1.000000e+000 2.280300e+001 ...
                   -9.263290e+000 1.000000e+000 2.213810e+001 ...
                   -9.263290e+000 0.000000e+000 2.213810e+001 ...
                   -8.146380e+000 0.000000e+000 2.334880e+001 ...
                   -7.897150e+000 0.000000e+000 2.280300e+001 ...
                   -9.263290e+000 0.000000e+000 2.213810e+001 ...
                   -7.897150e+000 1.000000e+000 2.280300e+001 ...
                   -8.146380e+000 1.000000e+000 2.334880e+001 ...
                   -9.539030e+000 1.000000e+000 2.267100e+001 ...
 
; block 87
rblock create vertices ...
                   -1.089670e+001 1.000000e+000 2.192570e+001 ...
                   -9.539030e+000 1.000000e+000 2.267100e+001 ...
                   -9.539030e+000 0.000000e+000 2.267100e+001 ...
                   -9.263290e+000 1.000000e+000 2.213810e+001 ...
                   -9.263290e+000 0.000000e+000 2.213810e+001 ...
                   -9.539030e+000 0.000000e+000 2.267100e+001 ...
                   -9.263290e+000 1.000000e+000 2.213810e+001 ...
                   -1.059510e+001 1.000000e+000 2.140700e+001 ...
                   -1.059510e+001 0.000000e+000 2.140700e+001 ...
                   -1.059510e+001 1.000000e+000 2.140700e+001 ...
                   -1.089670e+001 1.000000e+000 2.192570e+001 ...
                   -1.089670e+001 0.000000e+000 2.192570e+001 ...
                   -9.539030e+000 0.000000e+000 2.267100e+001 ...
                   -9.263290e+000 0.000000e+000 2.213810e+001 ...
                   -1.059510e+001 0.000000e+000 2.140700e+001 ...
                   -9.263290e+000 1.000000e+000 2.213810e+001 ...
                   -9.539030e+000 1.000000e+000 2.267100e+001 ...
                   -1.089670e+001 1.000000e+000 2.192570e+001 ...
 
; block 88
rblock create vertices ...
                   -1.089670e+001 1.000000e+000 2.192570e+001 ...
                   -1.089670e+001 0.000000e+000 2.192570e+001 ...
                   -1.221610e+001 0.000000e+000 2.111460e+001 ...
                   -1.089670e+001 1.000000e+000 2.192570e+001 ...
                   -1.059510e+001 1.000000e+000 2.140700e+001 ...
                   -1.059510e+001 0.000000e+000 2.140700e+001 ...
                   -1.059510e+001 1.000000e+000 2.140700e+001 ...
                   -1.188950e+001 1.000000e+000 2.061130e+001 ...
                   -1.188950e+001 0.000000e+000 2.061130e+001 ...
                   -1.221610e+001 1.000000e+000 2.111460e+001 ...
                   -1.221610e+001 0.000000e+000 2.111460e+001 ...
                   -1.188950e+001 0.000000e+000 2.061130e+001 ...
                   -1.089670e+001 0.000000e+000 2.192570e+001 ...
                   -1.059510e+001 0.000000e+000 2.140700e+001 ...
                   -1.188950e+001 0.000000e+000 2.061130e+001 ...
                   -1.059510e+001 1.000000e+000 2.140700e+001 ...
                   -1.089670e+001 1.000000e+000 2.192570e+001 ...
                   -1.221610e+001 1.000000e+000 2.111460e+001 ...
 
; block 89
rblock create vertices ...
                   -1.349420e+001 1.000000e+000 2.023960e+001 ...
                   -1.221610e+001 1.000000e+000 2.111460e+001 ...
                   -1.221610e+001 0.000000e+000 2.111460e+001 ...
                   -1.221610e+001 1.000000e+000 2.111460e+001 ...
                   -1.188950e+001 1.000000e+000 2.061130e+001 ...
                   -1.188950e+001 0.000000e+000 2.061130e+001 ...
                   -1.314320e+001 1.000000e+000 1.975300e+001 ...
                   -1.314320e+001 0.000000e+000 1.975300e+001 ...
                   -1.188950e+001 0.000000e+000 2.061130e+001 ...
                   -1.314320e+001 1.000000e+000 1.975300e+001 ...
                   -1.349420e+001 1.000000e+000 2.023960e+001 ...
                   -1.349420e+001 0.000000e+000 2.023960e+001 ...
                   -1.221610e+001 0.000000e+000 2.111460e+001 ...
                   -1.188950e+001 0.000000e+000 2.061130e+001 ...
                   -1.314320e+001 0.000000e+000 1.975300e+001 ...
                   -1.188950e+001 1.000000e+000 2.061130e+001 ...
                   -1.221610e+001 1.000000e+000 2.111460e+001 ...
                   -1.349420e+001 1.000000e+000 2.023960e+001 ...
 
; block 90
rblock create vertices ...
                   -1.472770e+001 1.000000e+000 1.930300e+001 ...
                   -1.349420e+001 1.000000e+000 2.023960e+001 ...
                   -1.349420e+001 0.000000e+000 2.023960e+001 ...
                   -1.349420e+001 1.000000e+000 2.023960e+001 ...
                   -1.314320e+001 1.000000e+000 1.975300e+001 ...
                   -1.314320e+001 0.000000e+000 1.975300e+001 ...
                   -1.435320e+001 1.000000e+000 1.883420e+001 ...
                   -1.435320e+001 0.000000e+000 1.883420e+001 ...
                   -1.314320e+001 0.000000e+000 1.975300e+001 ...
                   -1.435320e+001 1.000000e+000 1.883420e+001 ...
                   -1.472770e+001 1.000000e+000 1.930300e+001 ...
                   -1.472770e+001 0.000000e+000 1.930300e+001 ...
                   -1.349420e+001 0.000000e+000 2.023960e+001 ...
                   -1.314320e+001 0.000000e+000 1.975300e+001 ...
                   -1.435320e+001 0.000000e+000 1.883420e+001 ...
                   -1.314320e+001 1.000000e+000 1.975300e+001 ...
                   -1.349420e+001 1.000000e+000 2.023960e+001 ...
                   -1.472770e+001 1.000000e+000 1.930300e+001 ...
 
; block 91
rblock create vertices ...
                   -1.591370e+001 1.000000e+000 1.830690e+001 ...
                   -1.591370e+001 0.000000e+000 1.830690e+001 ...
                   -1.551660e+001 0.000000e+000 1.785710e+001 ...
                   -1.591370e+001 1.000000e+000 1.830690e+001 ...
                   -1.472770e+001 1.000000e+000 1.930300e+001 ...
                   -1.472770e+001 0.000000e+000 1.930300e+001 ...
                   -1.472770e+001 1.000000e+000 1.930300e+001 ...
                   -1.435320e+001 1.000000e+000 1.883420e+001 ...
                   -1.435320e+001 0.000000e+000 1.883420e+001 ...
                   -1.551660e+001 1.000000e+000 1.785710e+001 ...
                   -1.551660e+001 0.000000e+000 1.785710e+001 ...
                   -1.435320e+001 0.000000e+000 1.883420e+001 ...
                   -1.472770e+001 0.000000e+000 1.930300e+001 ...
                   -1.435320e+001 0.000000e+000 1.883420e+001 ...
                   -1.551660e+001 0.000000e+000 1.785710e+001 ...
                   -1.435320e+001 1.000000e+000 1.883420e+001 ...
                   -1.472770e+001 1.000000e+000 1.930300e+001 ...
                   -1.591370e+001 1.000000e+000 1.830690e+001 ...
 
; block 92
rblock create vertices ...
                   -1.663070e+001 1.000000e+000 1.682400e+001 ...
                   -1.704930e+001 1.000000e+000 1.725380e+001 ...
                   -1.704930e+001 0.000000e+000 1.725380e+001 ...
                   -1.591370e+001 1.000000e+000 1.830690e+001 ...
                   -1.591370e+001 0.000000e+000 1.830690e+001 ...
                   -1.704930e+001 0.000000e+000 1.725380e+001 ...
                   -1.591370e+001 1.000000e+000 1.830690e+001 ...
                   -1.551660e+001 1.000000e+000 1.785710e+001 ...
                   -1.551660e+001 0.000000e+000 1.785710e+001 ...
                   -1.663070e+001 1.000000e+000 1.682400e+001 ...
                   -1.663070e+001 0.000000e+000 1.682400e+001 ...
                   -1.551660e+001 0.000000e+000 1.785710e+001 ...
                   -1.591370e+001 0.000000e+000 1.830690e+001 ...
                   -1.551660e+001 0.000000e+000 1.785710e+001 ...
                   -1.663070e+001 0.000000e+000 1.682400e+001 ...
                   -1.551660e+001 1.000000e+000 1.785710e+001 ...
                   -1.591370e+001 1.000000e+000 1.830690e+001 ...
                   -1.704930e+001 1.000000e+000 1.725380e+001 ...
 
; block 93
rblock create vertices ...
                   -1.813190e+001 1.000000e+000 1.614610e+001 ...
                   -1.813190e+001 0.000000e+000 1.614610e+001 ...
                   -1.769270e+001 0.000000e+000 1.573740e+001 ...
                   -1.813190e+001 1.000000e+000 1.614610e+001 ...
                   -1.704930e+001 1.000000e+000 1.725380e+001 ...
                   -1.704930e+001 0.000000e+000 1.725380e+001 ...
                   -1.704930e+001 1.000000e+000 1.725380e+001 ...
                   -1.663070e+001 1.000000e+000 1.682400e+001 ...
                   -1.663070e+001 0.000000e+000 1.682400e+001 ...
                   -1.769270e+001 1.000000e+000 1.573740e+001 ...
                   -1.769270e+001 0.000000e+000 1.573740e+001 ...
                   -1.663070e+001 0.000000e+000 1.682400e+001 ...
                   -1.813190e+001 0.000000e+000 1.614610e+001 ...
                   -1.704930e+001 0.000000e+000 1.725380e+001 ...
                   -1.663070e+001 0.000000e+000 1.682400e+001 ...
                   -1.704930e+001 1.000000e+000 1.725380e+001 ...
                   -1.813190e+001 1.000000e+000 1.614610e+001 ...
                   -1.769270e+001 1.000000e+000 1.573740e+001 ...
 
; block 94
rblock create vertices ...
                   -1.769270e+001 1.000000e+000 1.573740e+001 ...
                   -1.769270e+001 0.000000e+000 1.573740e+001 ...
                   -1.813190e+001 0.000000e+000 1.614610e+001 ...
                   -1.769270e+001 1.000000e+000 1.573740e+001 ...
                   -1.870000e+001 1.000000e+000 1.460000e+001 ...
                   -1.870000e+001 0.000000e+000 1.460000e+001 ...
                   -1.870000e+001 1.000000e+000 1.550470e+001 ...
                   -1.870000e+001 0.000000e+000 1.550470e+001 ...
                   -1.870000e+001 0.000000e+000 1.460000e+001 ...
                   -1.870000e+001 1.000000e+000 1.550470e+001 ...
                   -1.813190e+001 1.000000e+000 1.614610e+001 ...
                   -1.813190e+001 0.000000e+000 1.614610e+001 ...
                   -1.769270e+001 0.000000e+000 1.573740e+001 ...
                   -1.870000e+001 0.000000e+000 1.460000e+001 ...
                   -1.870000e+001 0.000000e+000 1.550470e+001 ...
                   -1.870000e+001 1.000000e+000 1.550470e+001 ...
                   -1.870000e+001 1.000000e+000 1.460000e+001 ...
                   -1.769270e+001 1.000000e+000 1.573740e+001 ...
 
; block 95
rblock create vertices ...
                   -6.500000e+000 1.000000e+000 2.000000e+000 ...
                   -5.500000e+000 1.000000e+000 2.000000e+000 ...
                   -5.500000e+000 0.000000e+000 2.000000e+000 ...
                   -5.500000e+000 1.000000e+000 2.000000e+000 ...
                   -5.500000e+000 1.000000e+000 0.000000e+000 ...
                   -5.500000e+000 0.000000e+000 0.000000e+000 ...
                   -6.500000e+000 1.000000e+000 0.000000e+000 ...
                   -6.500000e+000 0.000000e+000 0.000000e+000 ...
                   -5.500000e+000 0.000000e+000 0.000000e+000 ...
                   -6.500000e+000 1.000000e+000 0.000000e+000 ...
                   -6.500000e+000 1.000000e+000 2.000000e+000 ...
                   -6.500000e+000 0.000000e+000 2.000000e+000 ...
                   -5.500000e+000 0.000000e+000 0.000000e+000 ...
                   -6.500000e+000 0.000000e+000 0.000000e+000 ...
                   -6.500000e+000 0.000000e+000 2.000000e+000 ...
                   -6.500000e+000 1.000000e+000 0.000000e+000 ...
                   -5.500000e+000 1.000000e+000 0.000000e+000 ...
                   -5.500000e+000 1.000000e+000 2.000000e+000 ...
 
; block 96
rblock create vertices ...
                   -6.500000e+000 1.000000e+000 4.000000e+000 ...
                   -5.500000e+000 1.000000e+000 4.000000e+000 ...
                   -5.500000e+000 0.000000e+000 4.000000e+000 ...
                   -5.500000e+000 1.000000e+000 2.000000e+000 ...
                   -5.500000e+000 0.000000e+000 2.000000e+000 ...
                   -5.500000e+000 0.000000e+000 4.000000e+000 ...
                   -5.500000e+000 1.000000e+000 2.000000e+000 ...
                   -6.500000e+000 1.000000e+000 2.000000e+000 ...
                   -6.500000e+000 0.000000e+000 2.000000e+000 ...
                   -6.500000e+000 1.000000e+000 2.000000e+000 ...
                   -6.500000e+000 1.000000e+000 4.000000e+000 ...
                   -6.500000e+000 0.000000e+000 4.000000e+000 ...
                   -5.500000e+000 0.000000e+000 2.000000e+000 ...
                   -6.500000e+000 0.000000e+000 2.000000e+000 ...
                   -6.500000e+000 0.000000e+000 4.000000e+000 ...
                   -6.500000e+000 1.000000e+000 2.000000e+000 ...
                   -5.500000e+000 1.000000e+000 2.000000e+000 ...
                   -5.500000e+000 1.000000e+000 4.000000e+000 ...
 
; block 97
rblock create vertices ...
                   -5.500000e+000 1.000000e+000 6.000000e+000 ...
                   -5.500000e+000 0.000000e+000 6.000000e+000 ...
                   -6.500000e+000 0.000000e+000 6.000000e+000 ...
                   -5.500000e+000 1.000000e+000 4.000000e+000 ...
                   -5.500000e+000 0.000000e+000 4.000000e+000 ...
                   -5.500000e+000 0.000000e+000 6.000000e+000 ...
                   -6.500000e+000 1.000000e+000 4.000000e+000 ...
                   -6.500000e+000 0.000000e+000 4.000000e+000 ...
                   -5.500000e+000 0.000000e+000 4.000000e+000 ...
                   -6.500000e+000 1.000000e+000 4.000000e+000 ...
                   -6.500000e+000 1.000000e+000 6.000000e+000 ...
                   -6.500000e+000 0.000000e+000 6.000000e+000 ...
                   -5.500000e+000 0.000000e+000 4.000000e+000 ...
                   -6.500000e+000 0.000000e+000 4.000000e+000 ...
                   -6.500000e+000 0.000000e+000 6.000000e+000 ...
                   -6.500000e+000 1.000000e+000 4.000000e+000 ...
                   -5.500000e+000 1.000000e+000 4.000000e+000 ...
                   -5.500000e+000 1.000000e+000 6.000000e+000 ...
 
; block 98
rblock create vertices ...
                   -5.500000e+000 1.000000e+000 8.000000e+000 ...
                   -5.500000e+000 0.000000e+000 8.000000e+000 ...
                   -6.500000e+000 0.000000e+000 8.000000e+000 ...
                   -5.500000e+000 1.000000e+000 6.000000e+000 ...
                   -5.500000e+000 0.000000e+000 6.000000e+000 ...
                   -5.500000e+000 0.000000e+000 8.000000e+000 ...
                   -5.500000e+000 1.000000e+000 6.000000e+000 ...
                   -6.500000e+000 1.000000e+000 6.000000e+000 ...
                   -6.500000e+000 0.000000e+000 6.000000e+000 ...
                   -6.500000e+000 1.000000e+000 8.000000e+000 ...
                   -6.500000e+000 0.000000e+000 8.000000e+000 ...
                   -6.500000e+000 0.000000e+000 6.000000e+000 ...
                   -5.500000e+000 0.000000e+000 6.000000e+000 ...
                   -6.500000e+000 0.000000e+000 6.000000e+000 ...
                   -6.500000e+000 0.000000e+000 8.000000e+000 ...
                   -6.500000e+000 1.000000e+000 6.000000e+000 ...
                   -5.500000e+000 1.000000e+000 6.000000e+000 ...
                   -5.500000e+000 1.000000e+000 8.000000e+000 ...
 
; block 99
rblock create vertices ...
                   -6.500000e+000 1.000000e+000 1.200000e+001 ...
                   -5.500000e+000 1.000000e+000 1.200000e+001 ...
                   -5.500000e+000 0.000000e+000 1.200000e+001 ...
                   -5.500000e+000 1.000000e+000 1.000000e+001 ...
                   -5.500000e+000 0.000000e+000 1.000000e+001 ...
                   -5.500000e+000 0.000000e+000 1.200000e+001 ...
                   -5.500000e+000 1.000000e+000 1.000000e+001 ...
                   -6.500000e+000 1.000000e+000 1.000000e+001 ...
                   -6.500000e+000 0.000000e+000 1.000000e+001 ...
                   -6.500000e+000 1.000000e+000 1.200000e+001 ...
                   -6.500000e+000 0.000000e+000 1.200000e+001 ...
                   -6.500000e+000 0.000000e+000 1.000000e+001 ...
                   -5.500000e+000 0.000000e+000 1.000000e+001 ...
                   -6.500000e+000 0.000000e+000 1.000000e+001 ...
                   -6.500000e+000 0.000000e+000 1.200000e+001 ...
                   -6.500000e+000 1.000000e+000 1.000000e+001 ...
                   -5.500000e+000 1.000000e+000 1.000000e+001 ...
                   -5.500000e+000 1.000000e+000 1.200000e+001 ...
 
; block 100
rblock create vertices ...
                   -6.500000e+000 1.000000e+000 1.400000e+001 ...
                   -5.500000e+000 1.000000e+000 1.400000e+001 ...
                   -5.500000e+000 0.000000e+000 1.400000e+001 ...
                   -5.500000e+000 1.000000e+000 1.400000e+001 ...
                   -5.500000e+000 1.000000e+000 1.200000e+001 ...
                   -5.500000e+000 0.000000e+000 1.200000e+001 ...
                   -6.500000e+000 1.000000e+000 1.200000e+001 ...
                   -6.500000e+000 0.000000e+000 1.200000e+001 ...
                   -5.500000e+000 0.000000e+000 1.200000e+001 ...
                   -6.500000e+000 1.000000e+000 1.200000e+001 ...
                   -6.500000e+000 1.000000e+000 1.400000e+001 ...
                   -6.500000e+000 0.000000e+000 1.400000e+001 ...
                   -5.500000e+000 0.000000e+000 1.200000e+001 ...
                   -6.500000e+000 0.000000e+000 1.200000e+001 ...
                   -6.500000e+000 0.000000e+000 1.400000e+001 ...
                   -6.500000e+000 1.000000e+000 1.200000e+001 ...
                   -5.500000e+000 1.000000e+000 1.200000e+001 ...
                   -5.500000e+000 1.000000e+000 1.400000e+001 ...
 
; block 101
rblock create vertices ...
                   -6.500000e+000 1.000000e+000 1.600000e+001 ...
                   -5.500000e+000 1.000000e+000 1.600000e+001 ...
                   -5.500000e+000 0.000000e+000 1.600000e+001 ...
                   -5.500000e+000 1.000000e+000 1.600000e+001 ...
                   -5.500000e+000 1.000000e+000 1.400000e+001 ...
                   -5.500000e+000 0.000000e+000 1.400000e+001 ...
                   -6.500000e+000 1.000000e+000 1.400000e+001 ...
                   -6.500000e+000 0.000000e+000 1.400000e+001 ...
                   -5.500000e+000 0.000000e+000 1.400000e+001 ...
                   -6.500000e+000 1.000000e+000 1.400000e+001 ...
                   -6.500000e+000 1.000000e+000 1.600000e+001 ...
                   -6.500000e+000 0.000000e+000 1.600000e+001 ...
                   -5.500000e+000 0.000000e+000 1.400000e+001 ...
                   -6.500000e+000 0.000000e+000 1.400000e+001 ...
                   -6.500000e+000 0.000000e+000 1.600000e+001 ...
                   -6.500000e+000 1.000000e+000 1.400000e+001 ...
                   -5.500000e+000 1.000000e+000 1.400000e+001 ...
                   -5.500000e+000 1.000000e+000 1.600000e+001 ...
 
; block 102
rblock create vertices ...
                   -5.500000e+000 1.000000e+000 1.800000e+001 ...
                   -5.500000e+000 0.000000e+000 1.800000e+001 ...
                   -6.500000e+000 0.000000e+000 1.800000e+001 ...
                   -5.500000e+000 1.000000e+000 1.600000e+001 ...
                   -5.500000e+000 0.000000e+000 1.600000e+001 ...
                   -5.500000e+000 0.000000e+000 1.800000e+001 ...
                   -5.500000e+000 1.000000e+000 1.600000e+001 ...
                   -6.500000e+000 1.000000e+000 1.600000e+001 ...
                   -6.500000e+000 0.000000e+000 1.600000e+001 ...
                   -6.500000e+000 1.000000e+000 1.800000e+001 ...
                   -6.500000e+000 0.000000e+000 1.800000e+001 ...
                   -6.500000e+000 0.000000e+000 1.600000e+001 ...
                   -5.500000e+000 0.000000e+000 1.600000e+001 ...
                   -6.500000e+000 0.000000e+000 1.600000e+001 ...
                   -6.500000e+000 0.000000e+000 1.800000e+001 ...
                   -6.500000e+000 1.000000e+000 1.600000e+001 ...
                   -5.500000e+000 1.000000e+000 1.600000e+001 ...
                   -5.500000e+000 1.000000e+000 1.800000e+001 ...
 
; block 103
rblock create vertices ...
                   -5.500000e+000 1.000000e+000 2.000000e+001 ...
                   -5.500000e+000 0.000000e+000 2.000000e+001 ...
                   -6.500000e+000 0.000000e+000 2.000000e+001 ...
                   -5.500000e+000 1.000000e+000 2.000000e+001 ...
                   -5.500000e+000 1.000000e+000 1.800000e+001 ...
                   -5.500000e+000 0.000000e+000 1.800000e+001 ...
                   -5.500000e+000 1.000000e+000 1.800000e+001 ...
                   -6.500000e+000 1.000000e+000 1.800000e+001 ...
                   -6.500000e+000 0.000000e+000 1.800000e+001 ...
                   -6.500000e+000 1.000000e+000 1.800000e+001 ...
                   -6.500000e+000 1.000000e+000 2.000000e+001 ...
                   -6.500000e+000 0.000000e+000 2.000000e+001 ...
                   -5.500000e+000 0.000000e+000 1.800000e+001 ...
                   -6.500000e+000 0.000000e+000 1.800000e+001 ...
                   -6.500000e+000 0.000000e+000 2.000000e+001 ...
                   -6.500000e+000 1.000000e+000 1.800000e+001 ...
                   -5.500000e+000 1.000000e+000 1.800000e+001 ...
                   -5.500000e+000 1.000000e+000 2.000000e+001 ...
 
; block 104
rblock create vertices ...
                   -5.500000e+000 1.000000e+000 2.200000e+001 ...
                   -5.500000e+000 0.000000e+000 2.200000e+001 ...
                   -6.500000e+000 0.000000e+000 2.200000e+001 ...
                   -5.500000e+000 1.000000e+000 2.000000e+001 ...
                   -5.500000e+000 0.000000e+000 2.000000e+001 ...
                   -5.500000e+000 0.000000e+000 2.200000e+001 ...
                   -6.500000e+000 1.000000e+000 2.000000e+001 ...
                   -6.500000e+000 0.000000e+000 2.000000e+001 ...
                   -5.500000e+000 0.000000e+000 2.000000e+001 ...
                   -6.500000e+000 1.000000e+000 2.200000e+001 ...
                   -6.500000e+000 0.000000e+000 2.200000e+001 ...
                   -6.500000e+000 0.000000e+000 2.000000e+001 ...
                   -5.500000e+000 0.000000e+000 2.200000e+001 ...
                   -5.500000e+000 0.000000e+000 2.000000e+001 ...
                   -6.500000e+000 0.000000e+000 2.000000e+001 ...
                   -5.500000e+000 1.000000e+000 2.000000e+001 ...
                   -5.500000e+000 1.000000e+000 2.200000e+001 ...
                   -6.500000e+000 1.000000e+000 2.200000e+001 ...
 
; block 105
rblock create vertices ...
                   -6.500000e+000 1.000000e+000 2.400000e+001 ...
                   -5.500000e+000 1.000000e+000 2.400000e+001 ...
                   -5.500000e+000 0.000000e+000 2.400000e+001 ...
                   -5.500000e+000 1.000000e+000 2.200000e+001 ...
                   -5.500000e+000 0.000000e+000 2.200000e+001 ...
                   -5.500000e+000 0.000000e+000 2.400000e+001 ...
                   -6.500000e+000 1.000000e+000 2.200000e+001 ...
                   -6.500000e+000 0.000000e+000 2.200000e+001 ...
                   -5.500000e+000 0.000000e+000 2.200000e+001 ...
                   -6.500000e+000 1.000000e+000 2.200000e+001 ...
                   -6.500000e+000 1.000000e+000 2.400000e+001 ...
                   -6.500000e+000 0.000000e+000 2.400000e+001 ...
                   -5.500000e+000 0.000000e+000 2.200000e+001 ...
                   -6.500000e+000 0.000000e+000 2.200000e+001 ...
                   -6.500000e+000 0.000000e+000 2.400000e+001 ...
                   -6.500000e+000 1.000000e+000 2.200000e+001 ...
                   -5.500000e+000 1.000000e+000 2.200000e+001 ...
                   -5.500000e+000 1.000000e+000 2.400000e+001 ...
 
; block 106
rblock create vertices ...
                   -2.250000e+001 1.000000e+000 4.000000e+000 ...
                   -1.870000e+001 1.000000e+000 4.000000e+000 ...
                   -1.870000e+001 0.000000e+000 4.000000e+000 ...
                   -1.870000e+001 1.000000e+000 8.881784e-016 ...
                   -1.870000e+001 0.000000e+000 8.881784e-016 ...
                   -1.870000e+001 0.000000e+000 4.000000e+000 ...
                   -2.250000e+001 1.000000e+000 8.881784e-016 ...
                   -2.250000e+001 0.000000e+000 8.881784e-016 ...
                   -1.870000e+001 0.000000e+000 8.881784e-016 ...
                   -2.250000e+001 1.000000e+000 8.881784e-016 ...
                   -2.250000e+001 1.000000e+000 4.000000e+000 ...
                   -2.250000e+001 0.000000e+000 4.000000e+000 ...
                   -1.870000e+001 0.000000e+000 8.881784e-016 ...
                   -2.250000e+001 0.000000e+000 8.881784e-016 ...
                   -2.250000e+001 0.000000e+000 4.000000e+000 ...
                   -2.250000e+001 1.000000e+000 8.881784e-016 ...
                   -1.870000e+001 1.000000e+000 8.881784e-016 ...
                   -1.870000e+001 1.000000e+000 4.000000e+000 ...
 
; block 107
rblock create vertices ...
                   -1.870000e+001 1.000000e+000 8.000000e+000 ...
                   -1.870000e+001 0.000000e+000 8.000000e+000 ...
                   -2.250000e+001 0.000000e+000 8.000000e+000 ...
                   -1.870000e+001 1.000000e+000 4.000000e+000 ...
                   -1.870000e+001 0.000000e+000 4.000000e+000 ...
                   -1.870000e+001 0.000000e+000 8.000000e+000 ...
                   -1.870000e+001 1.000000e+000 4.000000e+000 ...
                   -2.250000e+001 1.000000e+000 4.000000e+000 ...
                   -2.250000e+001 0.000000e+000 4.000000e+000 ...
                   -2.250000e+001 1.000000e+000 4.000000e+000 ...
                   -2.250000e+001 1.000000e+000 8.000000e+000 ...
                   -2.250000e+001 0.000000e+000 8.000000e+000 ...
                   -1.870000e+001 0.000000e+000 4.000000e+000 ...
                   -2.250000e+001 0.000000e+000 4.000000e+000 ...
                   -2.250000e+001 0.000000e+000 8.000000e+000 ...
                   -2.250000e+001 1.000000e+000 4.000000e+000 ...
                   -1.870000e+001 1.000000e+000 4.000000e+000 ...
                   -1.870000e+001 1.000000e+000 8.000000e+000 ...
 
; block 108
rblock create vertices ...
                   -1.870000e+001 1.000000e+000 1.200000e+001 ...
                   -1.870000e+001 0.000000e+000 1.200000e+001 ...
                   -2.250000e+001 0.000000e+000 1.200000e+001 ...
                   -1.870000e+001 1.000000e+000 8.000000e+000 ...
                   -1.870000e+001 0.000000e+000 8.000000e+000 ...
                   -1.870000e+001 0.000000e+000 1.200000e+001 ...
                   -2.250000e+001 1.000000e+000 8.000000e+000 ...
                   -2.250000e+001 0.000000e+000 8.000000e+000 ...
                   -1.870000e+001 0.000000e+000 8.000000e+000 ...
                   -2.250000e+001 1.000000e+000 8.000000e+000 ...
                   -2.250000e+001 1.000000e+000 1.200000e+001 ...
                   -2.250000e+001 0.000000e+000 1.200000e+001 ...
                   -1.870000e+001 0.000000e+000 8.000000e+000 ...
                   -2.250000e+001 0.000000e+000 8.000000e+000 ...
                   -2.250000e+001 0.000000e+000 1.200000e+001 ...
                   -2.250000e+001 1.000000e+000 8.000000e+000 ...
                   -1.870000e+001 1.000000e+000 8.000000e+000 ...
                   -1.870000e+001 1.000000e+000 1.200000e+001 ...
 
; block 109
rblock create vertices ...
                   -1.870000e+001 1.000000e+000 1.600000e+001 ...
                   -1.870000e+001 0.000000e+000 1.600000e+001 ...
                   -2.250000e+001 0.000000e+000 1.600000e+001 ...
                   -1.870000e+001 1.000000e+000 1.200000e+001 ...
                   -1.870000e+001 0.000000e+000 1.200000e+001 ...
                   -1.870000e+001 0.000000e+000 1.600000e+001 ...
                   -1.870000e+001 1.000000e+000 1.200000e+001 ...
                   -2.250000e+001 1.000000e+000 1.200000e+001 ...
                   -2.250000e+001 0.000000e+000 1.200000e+001 ...
                   -2.250000e+001 1.000000e+000 1.600000e+001 ...
                   -2.250000e+001 0.000000e+000 1.600000e+001 ...
                   -2.250000e+001 0.000000e+000 1.200000e+001 ...
                   -1.870000e+001 0.000000e+000 1.200000e+001 ...
                   -2.250000e+001 0.000000e+000 1.200000e+001 ...
                   -2.250000e+001 0.000000e+000 1.600000e+001 ...
                   -2.250000e+001 1.000000e+000 1.200000e+001 ...
                   -1.870000e+001 1.000000e+000 1.200000e+001 ...
                   -1.870000e+001 1.000000e+000 1.600000e+001 ...
 
; block 110
rblock create vertices ...
                   -6.500000e+000 1.000000e+000 1.000000e+001 ...
                   -5.500000e+000 1.000000e+000 1.000000e+001 ...
                   -5.500000e+000 0.000000e+000 1.000000e+001 ...
                   -5.500000e+000 1.000000e+000 8.000000e+000 ...
                   -5.500000e+000 0.000000e+000 8.000000e+000 ...
                   -5.500000e+000 0.000000e+000 1.000000e+001 ...
                   -5.500000e+000 1.000000e+000 8.000000e+000 ...
                   -6.500000e+000 1.000000e+000 8.000000e+000 ...
                   -6.500000e+000 0.000000e+000 8.000000e+000 ...
                   -6.500000e+000 1.000000e+000 1.000000e+001 ...
                   -6.500000e+000 0.000000e+000 1.000000e+001 ...
                   -6.500000e+000 0.000000e+000 8.000000e+000 ...
                   -5.500000e+000 0.000000e+000 8.000000e+000 ...
                   -6.500000e+000 0.000000e+000 8.000000e+000 ...
                   -6.500000e+000 0.000000e+000 1.000000e+001 ...
                   -6.500000e+000 1.000000e+000 8.000000e+000 ...
                   -5.500000e+000 1.000000e+000 8.000000e+000 ...
                   -5.500000e+000 1.000000e+000 1.000000e+001 ...
 
; block 111
rblock create vertices ...
                   -2.250000e+001 1.000000e+000 1.600000e+001 ...
                   -2.250000e+001 1.000000e+000 1.720000e+001 ...
                   -2.250000e+001 0.000000e+000 1.720000e+001 ...
                   -2.250000e+001 1.000000e+000 1.720000e+001 ...
                   -1.870000e+001 1.000000e+000 1.720000e+001 ...
                   -1.870000e+001 0.000000e+000 1.720000e+001 ...
                   -1.870000e+001 1.000000e+000 1.600000e+001 ...
                   -1.870000e+001 0.000000e+000 1.600000e+001 ...
                   -1.870000e+001 0.000000e+000 1.720000e+001 ...
                   -1.870000e+001 1.000000e+000 1.600000e+001 ...
                   -2.250000e+001 1.000000e+000 1.600000e+001 ...
                   -2.250000e+001 0.000000e+000 1.600000e+001 ...
                   -1.870000e+001 0.000000e+000 1.720000e+001 ...
                   -1.870000e+001 0.000000e+000 1.600000e+001 ...
                   -2.250000e+001 0.000000e+000 1.600000e+001 ...
                   -1.870000e+001 1.000000e+000 1.600000e+001 ...
                   -1.870000e+001 1.000000e+000 1.720000e+001 ...
                   -2.250000e+001 1.000000e+000 1.720000e+001 ...
 
; block 112
rblock create vertices ...
                   -6.500000e+000 1.000000e+000 2.400000e+001 ...
                   -6.500000e+000 1.000000e+000 2.500000e+001 ...
                   -6.500000e+000 0.000000e+000 2.500000e+001 ...
                   -6.500000e+000 1.000000e+000 2.500000e+001 ...
                   -5.500000e+000 1.000000e+000 2.500000e+001 ...
                   -5.500000e+000 0.000000e+000 2.500000e+001 ...
                   -5.500000e+000 1.000000e+000 2.400000e+001 ...
                   -5.500000e+000 0.000000e+000 2.400000e+001 ...
                   -5.500000e+000 0.000000e+000 2.500000e+001 ...
                   -5.500000e+000 1.000000e+000 2.400000e+001 ...
                   -6.500000e+000 1.000000e+000 2.400000e+001 ...
                   -6.500000e+000 0.000000e+000 2.400000e+001 ...
                   -6.500000e+000 0.000000e+000 2.500000e+001 ...
                   -5.500000e+000 0.000000e+000 2.500000e+001 ...
                   -5.500000e+000 0.000000e+000 2.400000e+001 ...
                   -5.500000e+000 1.000000e+000 2.400000e+001 ...
                   -5.500000e+000 1.000000e+000 2.500000e+001 ...
                   -6.500000e+000 1.000000e+000 2.500000e+001 ...
 
; block 113
rblock create vertices ...
                   -3.000000e+001 -3.000000e+000 -2.000000e+000 ...
                   -3.000000e+001 3.000000e+000 -2.000000e+000 ...
                   -3.000000e+001 3.000000e+000 0.000000e+000 ...
                   3.000000e+001 3.000000e+000 -2.000000e+000 ...
                   3.000000e+001 3.000000e+000 0.000000e+000 ...
                   -3.000000e+001 3.000000e+000 0.000000e+000 ...
                   3.000000e+001 3.000000e+000 -2.000000e+000 ...
                   3.000000e+001 -3.000000e+000 -2.000000e+000 ...
                   3.000000e+001 -3.000000e+000 0.000000e+000 ...
                   3.000000e+001 -3.000000e+000 -2.000000e+000 ...
                   -3.000000e+001 -3.000000e+000 -2.000000e+000 ...
                   -3.000000e+001 -3.000000e+000 0.000000e+000 ...
                   -3.000000e+001 3.000000e+000 0.000000e+000 ...
                   3.000000e+001 3.000000e+000 0.000000e+000 ...
                   3.000000e+001 -3.000000e+000 0.000000e+000 ...
                   3.000000e+001 -3.000000e+000 -2.000000e+000 ...
                   3.000000e+001 3.000000e+000 -2.000000e+000 ...
                   -3.000000e+001 3.000000e+000 -2.000000e+000 ...
 
; block 114
rblock create vertices ...
                   -1.349420e+001 1.000000e+000 2.052830e+001 ...
                   -1.349420e+001 0.000000e+000 2.052830e+001 ...
                   -1.472770e+001 0.000000e+000 1.973970e+001 ...
                   -1.349420e+001 1.000000e+000 2.023960e+001 ...
                   -1.349420e+001 0.000000e+000 2.023960e+001 ...
                   -1.349420e+001 0.000000e+000 2.052830e+001 ...
                   -1.349420e+001 1.000000e+000 2.023960e+001 ...
                   -1.472770e+001 1.000000e+000 1.930300e+001 ...
                   -1.472770e+001 0.000000e+000 1.930300e+001 ...
                   -1.472770e+001 1.000000e+000 1.973970e+001 ...
                   -1.472770e+001 0.000000e+000 1.973970e+001 ...
                   -1.472770e+001 0.000000e+000 1.930300e+001 ...
                   -1.349420e+001 0.000000e+000 2.052830e+001 ...
                   -1.349420e+001 0.000000e+000 2.023960e+001 ...
                   -1.472770e+001 0.000000e+000 1.930300e+001 ...
                   -1.349420e+001 1.000000e+000 2.023960e+001 ...
                   -1.349420e+001 1.000000e+000 2.052830e+001 ...
                   -1.472770e+001 1.000000e+000 1.973970e+001 ...
 
; block 115
rblock create vertices ...
                   1.472770e+001 1.000000e+000 1.930300e+001 ...
                   1.349420e+001 1.000000e+000 2.023960e+001 ...
                   1.349420e+001 0.000000e+000 2.023960e+001 ...
                   1.349420e+001 1.000000e+000 2.023960e+001 ...
                   1.349420e+001 1.000000e+000 2.052830e+001 ...
                   1.349420e+001 0.000000e+000 2.052830e+001 ...
                   1.472770e+001 1.000000e+000 1.973970e+001 ...
                   1.472770e+001 0.000000e+000 1.973970e+001 ...
                   1.349420e+001 0.000000e+000 2.052830e+001 ...
                   1.472770e+001 1.000000e+000 1.973970e+001 ...
                   1.472770e+001 1.000000e+000 1.930300e+001 ...
                   1.472770e+001 0.000000e+000 1.930300e+001 ...
                   1.349420e+001 0.000000e+000 2.023960e+001 ...
                   1.349420e+001 0.000000e+000 2.052830e+001 ...
                   1.472770e+001 0.000000e+000 1.973970e+001 ...
                   1.349420e+001 1.000000e+000 2.052830e+001 ...
                   1.349420e+001 1.000000e+000 2.023960e+001 ...
                   1.472770e+001 1.000000e+000 1.930300e+001 ...
 
; block 116
rblock create vertices ...
                   9.539030e+000 1.000000e+000 2.267100e+001 ...
                   9.539030e+000 0.000000e+000 2.267100e+001 ...
                   1.089670e+001 0.000000e+000 2.192570e+001 ...
                   9.539030e+000 1.000000e+000 2.267100e+001 ...
                   9.539030e+000 1.000000e+000 2.305700e+001 ...
                   9.539030e+000 0.000000e+000 2.305700e+001 ...
                   1.089670e+001 1.000000e+000 2.218900e+001 ...
                   1.089670e+001 0.000000e+000 2.218900e+001 ...
                   9.539030e+000 0.000000e+000 2.305700e+001 ...
                   1.089670e+001 1.000000e+000 2.218900e+001 ...
                   1.089670e+001 1.000000e+000 2.192570e+001 ...
                   1.089670e+001 0.000000e+000 2.192570e+001 ...
                   9.539030e+000 0.000000e+000 2.267100e+001 ...
                   9.539030e+000 0.000000e+000 2.305700e+001 ...
                   1.089670e+001 0.000000e+000 2.218900e+001 ...
                   9.539030e+000 1.000000e+000 2.305700e+001 ...
                   9.539030e+000 1.000000e+000 2.267100e+001 ...
                   1.089670e+001 1.000000e+000 2.192570e+001 ...
 
; block 117
rblock create vertices ...
                   -1.089670e+001 1.000000e+000 2.218900e+001 ...
                   -9.539030e+000 1.000000e+000 2.305700e+001 ...
                   -9.539030e+000 0.000000e+000 2.305700e+001 ...
                   -9.539030e+000 1.000000e+000 2.305700e+001 ...
                   -9.539030e+000 1.000000e+000 2.267100e+001 ...
                   -9.539030e+000 0.000000e+000 2.267100e+001 ...
                   -1.089670e+001 1.000000e+000 2.192570e+001 ...
                   -1.089670e+001 0.000000e+000 2.192570e+001 ...
                   -9.539030e+000 0.000000e+000 2.267100e+001 ...
                   -1.089670e+001 1.000000e+000 2.192570e+001 ...
                   -1.089670e+001 1.000000e+000 2.218900e+001 ...
                   -1.089670e+001 0.000000e+000 2.218900e+001 ...
                   -9.539030e+000 0.000000e+000 2.305700e+001 ...
                   -9.539030e+000 0.000000e+000 2.267100e+001 ...
                   -1.089670e+001 0.000000e+000 2.192570e+001 ...
                   -9.539030e+000 1.000000e+000 2.267100e+001 ...
                   -9.539030e+000 1.000000e+000 2.305700e+001 ...
                   -1.089670e+001 1.000000e+000 2.218900e+001 ...
 
 
ret
